Typ;Name;Latitude;Longitude;Tempolimit;Details
Ampel;Ampel;49.4060164;8.6726028;;Traffic Signal
Ampel;Ampel;49.4138488;8.692218;;Traffic Signal
Ampel;Ampel;49.4160654;8.7162726;;Traffic Signal
Ampel;Ampel;49.4185152;8.756895;;Traffic Signal
Haltestelle;Bergstraße;49.4137459;8.6941915;;Bus Stop
Haltestelle;Peterstaler Straße;49.4347176;8.7492325;;Bus Stop
Ampel;Ampel;49.4055182;8.6727282;;Traffic Signal
Ampel;Ampel;49.4056314;8.6852528;;Traffic Signal
Ampel;Ampel;49.4052015;8.683771;;Traffic Signal
Haltestelle;Haarlass;49.4201242;8.7301762;;Bus Stop
Ampel;Ampel;49.4191435;8.735552;;Traffic Signal
Haltestelle;Peterstaler Straße;49.4346372;8.749231;;Bus Stop
Haltestelle;Grüner Baum;49.4377005;8.7520756;;Bus Stop
Haltestelle;Löwen;49.4444855;8.7541278;;Bus Stop
Haltestelle;Schweizertalstraße;49.4482988;8.7533893;;Bus Stop
Haltestelle;Heidebuckelweg;49.4504464;8.7544928;;Bus Stop
Haltestelle;Bergstraße;49.4136993;8.6941956;;Bus Stop
Haltestelle;Grüner Baum;49.4376255;8.7520115;;Bus Stop
Ampel;Ampel;49.4051845;8.68412;;Traffic Signal
Haltestelle;Hirschgasse;49.4162237;8.7167715;;Bus Stop
Haltestelle;Bismarckplatz (Steig C);49.4095652;8.6932299;;Bus Stop
Ampel;Ampel;49.4149491;8.7060311;;Traffic Signal
Ampel;Ampel;49.4152517;8.7092647;;Traffic Signal
Ampel;Ampel;49.4135206;8.6958331;;Traffic Signal
Haltestelle;Heidebuckelweg;49.4499422;8.754193;;Bus Stop
Haltestelle;Heidebuckelweg;49.4504597;8.7544324;;Bus Stop
Haltestelle;Stadtbücherei;49.406183;8.6866082;;Bus Stop
Haltestelle;Heidelberg Hauptbahnhof Süd;49.4019555;8.6730302;;Bus Stop
Haltestelle;Bismarckplatz (Steig F);49.4090851;8.6927327;;Bus Stop
Haltestelle;Bismarckplatz (Steig E);49.409238;8.6929569;;Bus Stop
Haltestelle;Bismarckplatz (Steig D);49.4093977;8.6931098;;Bus Stop
Haltestelle;Czernybrücke;49.4061648;8.6715911;;Bus Stop
Haltestelle;Seegarten;49.4071015;8.691849;;Bus Stop
Haltestelle;Stadtwerke;49.4050501;8.6822695;;Bus Stop
Haltestelle;Czernybrücke;49.4060979;8.6716477;;Bus Stop
Haltestelle;Alte Brücke Nord;49.4152241;8.7089281;;Bus Stop
Haltestelle;Alte Brücke Nord;49.4152385;8.7091077;;Bus Stop
Haltestelle;Hirschgasse;49.4159846;8.7160389;;Bus Stop
Haltestelle;Neckarhelle;49.4173292;8.7493023;;Bus Stop
Haltestelle;Neckarhelle;49.4173737;8.7480314;;Bus Stop
Haltestelle;Neuer Weg;49.4173579;8.7526738;;Bus Stop
Haltestelle;Stift Neuburg;49.4191718;8.7354568;;Bus Stop
Haltestelle;Stift Neuburg;49.4192243;8.7353125;;Bus Stop
Haltestelle;Stiftsmühle;49.4174603;8.7439723;;Bus Stop
Haltestelle;Hauptbahnhof Süd;49.4016744;8.6727174;;Bus Stop
Haltestelle;Neckarschule;49.4192255;8.7568877;;Bus Stop
Haltestelle;Fürstendamm;49.4280314;8.7496153;;Bus Stop
Haltestelle;Fürstendamm;49.4284587;8.7494974;;Bus Stop
Haltestelle;Kreuzgrundweg;49.4315524;8.7477184;;Bus Stop
Haltestelle;Kreuzgrundweg;49.4319018;8.7474137;;Bus Stop
Haltestelle;Mühldamm;49.4250994;8.7518803;;Bus Stop
Haltestelle;Mühldamm;49.4253906;8.7515716;;Bus Stop
Haltestelle;Steinbacher Tal;49.4220394;8.7546766;;Bus Stop
Haltestelle;Steinbacher Tal;49.422608;8.7538227;;Bus Stop
Haltestelle;Heidelberg Hauptbahnhof, C;49.4046964;8.6765406;;Bus Stop
Ampel;Ampel;49.4111334;8.6929367;;Traffic Signal
Ampel;Ampel;49.4049496;8.6697109;;Traffic Signal
Haltestelle;Haarlass;49.4201204;8.7291078;;Bus Stop
Haltestelle;Haarlass;49.4201718;8.7301766;;Bus Stop
Haltestelle;Grüner Baum;49.4376808;8.7520139;;Bus Stop
Haltestelle;Löwen;49.4445183;8.7540259;;Bus Stop
Haltestelle;Löwen;49.4441781;8.7537816;;Bus Stop
Haltestelle;Peterstaler Straße;49.4346813;8.7492008;;Bus Stop
Haltestelle;Schweizertalstraße;49.4483043;8.7533359;;Bus Stop
Haltestelle;Bergstraße;49.413736;8.6942681;;Bus Stop
Ampel;Ampel;49.4021966;8.6731015;;Traffic Signal
Ampel;Ampel;49.4024982;8.6731248;;Traffic Signal
Ampel;Ampel;49.4030227;8.6721359;;Traffic Signal
Ampel;Ampel;49.4032948;8.6717238;;Traffic Signal
Haltestelle;Maria-Mitchell-Straße;49.4043686;8.67041;;Bus Stop
Ampel;Ampel;49.4052462;8.6744591;;Traffic Signal
Routenpunkt (Way);Czernyring;49.4052676;8.6696676;50;Original OSM
Routenpunkt (Way);Czernyring;49.405376985714284;8.669781671428572;50;Interpoliert
Routenpunkt (Way);Czernyring;49.40548637142857;8.669895742857143;50;Interpoliert
Routenpunkt (Way);Czernyring;49.405595757142855;8.670009814285715;50;Interpoliert
Routenpunkt (Way);Czernyring;49.405705142857144;8.670123885714286;50;Interpoliert
Routenpunkt (Way);Czernyring;49.405814528571426;8.670237957142858;50;Interpoliert
Routenpunkt (Way);Czernyring;49.405923914285715;8.670352028571429;50;Interpoliert
Routenpunkt (Way);Czernyring;49.4060333;8.6704661;50;Original OSM
Routenpunkt (Way);Kurfürsten-Anlage;49.4057376;8.6726735;50;Original OSM
Routenpunkt (Way);Kurfürsten-Anlage;49.4056834;8.6726799;50;Original OSM
Routenpunkt (Way);Kurfürsten-Anlage;49.4054894;8.6851009;50;Original OSM
Routenpunkt (Way);Kurfürsten-Anlage;49.4055604;8.6851726;50;Original OSM
Routenpunkt (Way);Kurfürsten-Anlage;49.4056038;8.6852208;50;Original OSM
Routenpunkt (Way);Kurfürsten-Anlage;49.4056314;8.6852528;50;Original OSM
Routenpunkt (Way);Kurfürsten-Anlage;49.4056694;8.6853015;50;Original OSM
Routenpunkt (Way);Kurfürsten-Anlage;49.4056886;8.6853252;50;Original OSM
Routenpunkt (Way);Czernyring;49.4037871;8.6711231;50;Original OSM
Routenpunkt (Way);Czernyring;49.4037007;8.67122095;50;Interpoliert
Routenpunkt (Way);Czernyring;49.4036143;8.6713188;50;Original OSM
Routenpunkt (Way);Czernyring;49.403534425000004;8.67142005;50;Interpoliert
Routenpunkt (Way);Czernyring;49.40345455;8.6715213;50;Interpoliert
Routenpunkt (Way);Czernyring;49.403374674999995;8.67162255;50;Interpoliert
Routenpunkt (Way);Czernyring;49.4032948;8.6717238;50;Original OSM
Routenpunkt (Way);Czernyring;49.403274;8.6717515;50;Original OSM
Routenpunkt (Way);Czernyring;49.4031931;8.6718698;50;Original OSM
Routenpunkt (Way);Czernyring;49.4031595;8.6719189;50;Original OSM
Routenpunkt (Way);Czernyring;49.4030993;8.6720133;50;Original OSM
Routenpunkt (Way);Czernyring;49.4030616;8.6720724;50;Original OSM
Routenpunkt (Way);Czernyring;49.4030495;8.6720914;50;Original OSM
Routenpunkt (Way);Peterstaler Straße;49.4351797;8.7495722;50;Original OSM
Routenpunkt (Way);Peterstaler Straße;49.4350972;8.749508966666665;50;Interpoliert
Routenpunkt (Way);Peterstaler Straße;49.435014699999996;8.749445733333333;50;Interpoliert
Routenpunkt (Way);Peterstaler Straße;49.4349322;8.7493825;50;Original OSM
Routenpunkt (Way);Peterstaler Straße;49.434824899999995;8.7493075;50;Interpoliert
Routenpunkt (Way);Peterstaler Straße;49.4347176;8.7492325;50;Original OSM
Routenpunkt (Way);Peterstaler Straße;49.4346813;8.7492008;50;Original OSM
Routenpunkt (Way);Peterstaler Straße;49.4346289;8.7491551;50;Original OSM
Routenpunkt (Way);Peterstaler Straße;49.4345495;8.7490795;50;Original OSM
Routenpunkt (Way);Peterstaler Straße;49.4344479;8.748971;50;Original OSM
Routenpunkt (Way);Peterstaler Straße;49.4343735;8.7488786;50;Original OSM
Routenpunkt (Way);Peterstaler Straße;49.4343054;8.7487883;50;Original OSM
Routenpunkt (Way);Peterstaler Straße;49.434251;8.74871035;50;Interpoliert
Routenpunkt (Way);Peterstaler Straße;49.4341966;8.7486324;50;Original OSM
Routenpunkt (Way);Peterstaler Straße;49.4341402;8.748541150000001;50;Interpoliert
Routenpunkt (Way);Peterstaler Straße;49.4340838;8.7484499;50;Original OSM
Routenpunkt (Way);Peterstaler Straße;49.4340445;8.748382;50;Original OSM
Routenpunkt (Way);Peterstaler Straße;49.4339707;8.7482547;50;Original OSM
Routenpunkt (Way);Peterstaler Straße;49.4339139;8.748156;50;Interpoliert
Routenpunkt (Way);Peterstaler Straße;49.4338571;8.7480573;50;Original OSM
Routenpunkt (Way);Peterstaler Straße;49.43380165;8.7479695;50;Interpoliert
Routenpunkt (Way);Peterstaler Straße;49.4337462;8.7478817;50;Original OSM
Routenpunkt (Way);Peterstaler Straße;49.4336593;8.7477559;50;Original OSM
Routenpunkt (Way);Peterstaler Straße;49.43360795;8.7476867;50;Interpoliert
Routenpunkt (Way);Peterstaler Straße;49.4335566;8.7476175;50;Original OSM
Routenpunkt (Way);Peterstaler Straße;49.4334926;8.7475452;50;Original OSM
Routenpunkt (Way);Peterstaler Straße;49.4334332;8.7474883;50;Original OSM
Routenpunkt (Way);Peterstaler Straße;49.4333871;8.7474504;50;Original OSM
Routenpunkt (Way);Peterstaler Straße;49.4333634;8.7474327;50;Original OSM
Routenpunkt (Way);Peterstaler Straße;49.4332891;8.7473835;50;Original OSM
Routenpunkt (Way);Peterstaler Straße;49.4332278;8.7473495;50;Original OSM
Routenpunkt (Way);Peterstaler Straße;49.4331665;8.7473198;50;Original OSM
Routenpunkt (Way);Peterstaler Straße;49.4330648;8.74728;50;Original OSM
Routenpunkt (Way);Peterstaler Straße;49.4329862;8.7472546;50;Original OSM
Routenpunkt (Way);Peterstaler Straße;49.4329144;8.747236;50;Original OSM
Routenpunkt (Way);Peterstaler Straße;49.4327982;8.7472143;50;Original OSM
Routenpunkt (Way);Peterstaler Straße;49.4326778;8.7472008;50;Original OSM
Routenpunkt (Way);Peterstaler Straße;49.4325717;8.7471948;50;Original OSM
Routenpunkt (Way);Sofienstraße;49.4111709;8.6929205;30;Original OSM
Routenpunkt (Way);Sofienstraße;49.4112276;8.6929033;30;Original OSM
Routenpunkt (Way);Sofienstraße;49.4113129;8.6928897;30;Original OSM
Routenpunkt (Way);Sofienstraße;49.411382;8.6928834;30;Original OSM
Routenpunkt (Way);Neuenheimer Landstraße;49.4135765;8.6961338;30;Original OSM
Routenpunkt (Way);Neuenheimer Landstraße;49.4135849;8.6962128;30;Original OSM
Routenpunkt (Way);Neuenheimer Landstraße;49.4135872;8.6963322;30;Original OSM
Routenpunkt (Way);Neuenheimer Landstraße;49.41358595;8.69646985;30;Interpoliert
Routenpunkt (Way);Neuenheimer Landstraße;49.4135847;8.6966075;30;Original OSM
Routenpunkt (Way);Neuenheimer Landstraße;49.41358304285714;8.696801842857143;30;Interpoliert
Routenpunkt (Way);Neuenheimer Landstraße;49.41358138571429;8.696996185714287;30;Interpoliert
Routenpunkt (Way);Neuenheimer Landstraße;49.41357972857143;8.69719052857143;30;Interpoliert
Routenpunkt (Way);Neuenheimer Landstraße;49.413578071428574;8.697384871428572;30;Interpoliert
Routenpunkt (Way);Neuenheimer Landstraße;49.413576414285714;8.697579214285714;30;Interpoliert
Routenpunkt (Way);Neuenheimer Landstraße;49.41357475714286;8.697773557142858;30;Interpoliert
Routenpunkt (Way);Neuenheimer Landstraße;49.4135731;8.6979679;30;Original OSM
Routenpunkt (Way);Neuenheimer Landstraße;49.4135746;8.698122;30;Original OSM
Routenpunkt (Way);Neuenheimer Landstraße;49.4135787;8.6982593;30;Original OSM
Routenpunkt (Way);Neuenheimer Landstraße;49.4135931;8.6984495;30;Original OSM
Routenpunkt (Way);Neuenheimer Landstraße;49.413602;8.6985572;30;Original OSM
Routenpunkt (Way);Neuenheimer Landstraße;49.413618;8.69870165;30;Interpoliert
Routenpunkt (Way);Neuenheimer Landstraße;49.413634;8.6988461;30;Original OSM
Routenpunkt (Way);Neuenheimer Landstraße;49.41365415;8.6990169;30;Interpoliert
Routenpunkt (Way);Neuenheimer Landstraße;49.4136743;8.6991877;30;Interpoliert
Routenpunkt (Way);Neuenheimer Landstraße;49.41369445;8.6993585;30;Interpoliert
Routenpunkt (Way);Neuenheimer Landstraße;49.4137146;8.6995293;30;Original OSM
Routenpunkt (Way);Neuenheimer Landstraße;49.413745899999995;8.699710750000001;30;Interpoliert
Routenpunkt (Way);Neuenheimer Landstraße;49.4137772;8.6998922;30;Original OSM
Routenpunkt (Way);Neuenheimer Landstraße;49.413808949999996;8.700039725;30;Interpoliert
Routenpunkt (Way);Neuenheimer Landstraße;49.413840699999994;8.700187249999999;30;Interpoliert
Routenpunkt (Way);Neuenheimer Landstraße;49.41387245;8.700334775;30;Interpoliert
Routenpunkt (Way);Neuenheimer Landstraße;49.4139042;8.7004823;30;Original OSM
Routenpunkt (Way);Neuenheimer Landstraße;49.41393113333333;8.700614133333334;30;Interpoliert
Routenpunkt (Way);Neuenheimer Landstraße;49.413958066666666;8.700745966666666;30;Interpoliert
Routenpunkt (Way);Neuenheimer Landstraße;49.413985;8.7008778;30;Original OSM
Routenpunkt (Way);Neuenheimer Landstraße;49.4139992;8.7009713;30;Original OSM
Routenpunkt (Way);Neuenheimer Landstraße;49.414023;8.7011109;30;Interpoliert
Routenpunkt (Way);Neuenheimer Landstraße;49.4140468;8.7012505;30;Interpoliert
Routenpunkt (Way);Neuenheimer Landstraße;49.4140706;8.7013901;30;Original OSM
Routenpunkt (Way);Neuenheimer Landstraße;49.4140912;8.7014893;30;Original OSM
Routenpunkt (Way);Neuenheimer Landstraße;49.4141223;8.70162395;30;Interpoliert
Routenpunkt (Way);Neuenheimer Landstraße;49.4141534;8.7017586;30;Original OSM
Routenpunkt (Way);Neuenheimer Landstraße;49.41419555;8.701936100000001;30;Interpoliert
Routenpunkt (Way);Neuenheimer Landstraße;49.4142377;8.7021136;30;Original OSM
Routenpunkt (Way);Neuenheimer Landstraße;49.41428476666667;8.702306533333333;30;Interpoliert
Routenpunkt (Way);Neuenheimer Landstraße;49.414331833333335;8.702499466666668;30;Interpoliert
Routenpunkt (Way);Neuenheimer Landstraße;49.4143789;8.7026924;30;Original OSM
Routenpunkt (Way);In der Neckarhelle;49.4181679;8.7564137;30;Original OSM
Routenpunkt (Way);In der Neckarhelle;49.4181205;8.7562958;30;Original OSM
Routenpunkt (Way);In der Neckarhelle;49.418078;8.7561481;30;Original OSM
Routenpunkt (Way);In der Neckarhelle;49.4180254;8.7559575;30;Original OSM
Routenpunkt (Way);In der Neckarhelle;49.41800135;8.7558581;30;Interpoliert
Routenpunkt (Way);In der Neckarhelle;49.4179773;8.7557587;30;Original OSM
Routenpunkt (Way);In der Neckarhelle;49.417958299999995;8.7556523;30;Interpoliert
Routenpunkt (Way);In der Neckarhelle;49.4179393;8.7555459;30;Original OSM
Routenpunkt (Way);In der Neckarhelle;49.4179118;8.7553692;30;Interpoliert
Routenpunkt (Way);In der Neckarhelle;49.4178843;8.7551925;30;Original OSM
Routenpunkt (Way);In der Neckarhelle;49.41786675;8.75505615;30;Interpoliert
Routenpunkt (Way);In der Neckarhelle;49.4178492;8.7549198;30;Original OSM
Routenpunkt (Way);In der Neckarhelle;49.417828799999995;8.7547933;30;Interpoliert
Routenpunkt (Way);In der Neckarhelle;49.4178084;8.7546668;30;Original OSM
Routenpunkt (Way);In der Neckarhelle;49.4177698;8.7544891;30;Interpoliert
Routenpunkt (Way);In der Neckarhelle;49.4177312;8.7543114;30;Interpoliert
Routenpunkt (Way);In der Neckarhelle;49.417692599999995;8.7541337;30;Interpoliert
Routenpunkt (Way);In der Neckarhelle;49.417654;8.753956;30;Original OSM
Routenpunkt (Way);In der Neckarhelle;49.417616179999996;8.75379216;30;Interpoliert
Routenpunkt (Way);In der Neckarhelle;49.41757836;8.75362832;30;Interpoliert
Routenpunkt (Way);In der Neckarhelle;49.41754054;8.75346448;30;Interpoliert
Routenpunkt (Way);In der Neckarhelle;49.41750272;8.75330064;30;Interpoliert
Routenpunkt (Way);In der Neckarhelle;49.4174649;8.7531368;30;Original OSM
Routenpunkt (Way);In der Neckarhelle;49.41742923333333;8.752982466666667;30;Interpoliert
Routenpunkt (Way);In der Neckarhelle;49.41739356666667;8.752828133333333;30;Interpoliert
Routenpunkt (Way);In der Neckarhelle;49.4173579;8.7526738;30;Original OSM
Routenpunkt (Way);In der Neckarhelle;49.4173405;8.7525926;30;Original OSM
Routenpunkt (Way);In der Neckarhelle;49.41730935;8.7524435;30;Interpoliert
Routenpunkt (Way);In der Neckarhelle;49.4172782;8.7522944;30;Original OSM
Routenpunkt (Way);In der Neckarhelle;49.4172566;8.7521746;30;Original OSM
Routenpunkt (Way);In der Neckarhelle;49.4172506;8.7521294;30;Original OSM
Routenpunkt (Way);In der Neckarhelle;49.4172392;8.7520295;30;Original OSM
Routenpunkt (Way);In der Neckarhelle;49.4172322;8.7519244;30;Original OSM
Routenpunkt (Way);In der Neckarhelle;49.4172266;8.7518402;30;Original OSM
Routenpunkt (Way);Peterstaler Straße;49.4325717;8.7471948;50;Original OSM
Routenpunkt (Way);Peterstaler Straße;49.4325321;8.7471931;50;Original OSM
Routenpunkt (Way);Peterstaler Straße;49.4193926;8.7568818;30;Original OSM
Routenpunkt (Way);Peterstaler Straße;49.41930905;8.756884750000001;30;Interpoliert
Routenpunkt (Way);Peterstaler Straße;49.4192255;8.7568877;30;Original OSM
Routenpunkt (Way);Peterstaler Straße;49.419175;8.7568895;30;Original OSM
Routenpunkt (Way);Peterstaler Straße;49.419081250000005;8.7568903;30;Interpoliert
Routenpunkt (Way);Peterstaler Straße;49.4189875;8.7568911;30;Original OSM
Routenpunkt (Way);Peterstaler Straße;49.41890345;8.75689225;30;Interpoliert
Routenpunkt (Way);Peterstaler Straße;49.4188194;8.7568934;30;Original OSM
Routenpunkt (Way);Peterstaler Straße;49.41869505;8.75689405;30;Interpoliert
Routenpunkt (Way);Peterstaler Straße;49.4185707;8.7568947;30;Original OSM
Routenpunkt (Way);Peterstaler Straße;49.4183638;8.7568673;30;Original OSM
Routenpunkt (Way);Peterstaler Straße;49.418332;8.7568269;30;Original OSM
Routenpunkt (Way);Peterstaler Straße;49.418306;8.7567782;30;Original OSM
Routenpunkt (Way);Peterstaler Straße;49.41827;8.756655649999999;30;Interpoliert
Routenpunkt (Way);Peterstaler Straße;49.418234;8.7565331;30;Original OSM
Routenpunkt (Way);Peterstaler Straße;49.4182154;8.7564882;30;Original OSM
Routenpunkt (Way);Peterstaler Straße;49.4181974;8.7564531;30;Original OSM
Routenpunkt (Way);Peterstaler Straße;49.4181679;8.7564137;30;Original OSM
Routenpunkt (Way);Unbekannt;49.4504597;8.7544324;50;Original OSM
Routenpunkt (Way);Unbekannt;49.4504292;8.7544267;50;Original OSM
Routenpunkt (Way);Unbekannt;49.4504013;8.7544198;50;Original OSM
Routenpunkt (Way);Unbekannt;49.450358;8.7544022;50;Original OSM
Routenpunkt (Way);Unbekannt;49.4503085;8.7543783;50;Original OSM
Routenpunkt (Way);Römerkreis;49.4051411;8.6845283;50;Original OSM
Routenpunkt (Way);Römerkreis;49.4051492;8.6845676;50;Original OSM
Routenpunkt (Way);Römerkreis;49.4051507;8.6845752;50;Original OSM
Routenpunkt (Way);Römerkreis;49.405154;8.6845871;50;Original OSM
Routenpunkt (Way);Römerkreis;49.4051598;8.6846067;50;Original OSM
Routenpunkt (Way);Römerkreis;49.4051632;8.6846176;50;Original OSM
Routenpunkt (Way);Römerkreis;49.4051729;8.6846487;50;Original OSM
Routenpunkt (Way);Römerkreis;49.4051906;8.6846937;50;Original OSM
Routenpunkt (Way);Neuenheimer Landstraße;49.4152464;8.7092132;30;Original OSM
Routenpunkt (Way);Neuenheimer Landstraße;49.4152517;8.7092647;30;Original OSM
Routenpunkt (Way);Neuenheimer Landstraße;49.4152626;8.709378650000001;30;Interpoliert
Routenpunkt (Way);Neuenheimer Landstraße;49.4152735;8.7094926;30;Original OSM
Routenpunkt (Way);In der Neckarhelle;49.4176484;8.7441715;30;Original OSM
Routenpunkt (Way);In der Neckarhelle;49.4176143;8.7440913;30;Original OSM
Routenpunkt (Way);In der Neckarhelle;49.4175859;8.7440548;30;Original OSM
Routenpunkt (Way);In der Neckarhelle;49.417548;8.7440201;30;Original OSM
Routenpunkt (Way);In der Neckarhelle;49.4174603;8.7439723;30;Original OSM
Routenpunkt (Way);In der Neckarhelle;49.4173941;8.7439363;30;Original OSM
Routenpunkt (Way);In der Neckarhelle;49.41727636666667;8.7438725;30;Interpoliert
Routenpunkt (Way);In der Neckarhelle;49.41715863333334;8.743808699999999;30;Interpoliert
Routenpunkt (Way);In der Neckarhelle;49.4170409;8.7437449;30;Original OSM
Routenpunkt (Way);Theodor-Heuss-Brücke;49.4115257;8.6928696;50;Original OSM
Routenpunkt (Way);Theodor-Heuss-Brücke;49.4115964;8.692857799999999;50;Interpoliert
Routenpunkt (Way);Theodor-Heuss-Brücke;49.4116671;8.692846;50;Original OSM
Routenpunkt (Way);Theodor-Heuss-Brücke;49.411790966666665;8.692813033333334;50;Interpoliert
Routenpunkt (Way);Theodor-Heuss-Brücke;49.411914833333334;8.692780066666666;50;Interpoliert
Routenpunkt (Way);Theodor-Heuss-Brücke;49.4120387;8.6927471;50;Original OSM
Routenpunkt (Way);Ziegelhäuser Landstraße;49.4192374;8.7249434;50;Original OSM
Routenpunkt (Way);Ziegelhäuser Landstraße;49.4193055;8.725063;50;Original OSM
Routenpunkt (Way);Ziegelhäuser Landstraße;49.4193452;8.7251403;50;Original OSM
Routenpunkt (Way);Ziegelhäuser Landstraße;49.419367;8.7251872;50;Original OSM
Routenpunkt (Way);Ziegelhäuser Landstraße;49.4194144;8.7252973;50;Original OSM
Routenpunkt (Way);Alte Eppelheimer Straße;49.406136;8.6718195;50;Original OSM
Routenpunkt (Way);Alte Eppelheimer Straße;49.40610806666666;8.672002599999999;50;Interpoliert
Routenpunkt (Way);Alte Eppelheimer Straße;49.40608013333333;8.6721857;50;Interpoliert
Routenpunkt (Way);Alte Eppelheimer Straße;49.4060522;8.6723688;50;Original OSM
Routenpunkt (Way);Alte Eppelheimer Straße;49.4060299;8.6725147;50;Original OSM
Routenpunkt (Way);Alte Eppelheimer Straße;49.4060164;8.6726028;50;Original OSM
Routenpunkt (Way);Neuenheimer Landstraße;49.4138627;8.6933271;30;Original OSM
Routenpunkt (Way);Neuenheimer Landstraße;49.4138602;8.6933912;30;Original OSM
Routenpunkt (Way);Neuenheimer Landstraße;49.4138487;8.6934689;30;Original OSM
Routenpunkt (Way);In der Neckarhelle;49.4172266;8.7518402;30;Original OSM
Routenpunkt (Way);In der Neckarhelle;49.4172228;8.7517436;30;Original OSM
Routenpunkt (Way);In der Neckarhelle;49.4172209;8.7516355;30;Original OSM
Routenpunkt (Way);In der Neckarhelle;49.4172242;8.7514925;30;Original OSM
Routenpunkt (Way);In der Neckarhelle;49.4172372;8.75128748;30;Interpoliert
Routenpunkt (Way);In der Neckarhelle;49.4172502;8.75108246;30;Interpoliert
Routenpunkt (Way);In der Neckarhelle;49.4172632;8.75087744;30;Interpoliert
Routenpunkt (Way);In der Neckarhelle;49.417276199999996;8.750672419999999;30;Interpoliert
Routenpunkt (Way);In der Neckarhelle;49.4172892;8.7504674;30;Original OSM
Routenpunkt (Way);In der Neckarhelle;49.417294174999995;8.750278425;30;Interpoliert
Routenpunkt (Way);In der Neckarhelle;49.41729915;8.75008945;30;Interpoliert
Routenpunkt (Way);In der Neckarhelle;49.417304125;8.749900475;30;Interpoliert
Routenpunkt (Way);In der Neckarhelle;49.4173091;8.7497115;30;Original OSM
Routenpunkt (Way);In der Neckarhelle;49.41731915;8.7495069;30;Interpoliert
Routenpunkt (Way);In der Neckarhelle;49.4173292;8.7493023;30;Original OSM
Routenpunkt (Way);In der Neckarhelle;49.4173328;8.749161366666666;30;Interpoliert
Routenpunkt (Way);In der Neckarhelle;49.4173364;8.749020433333333;30;Interpoliert
Routenpunkt (Way);In der Neckarhelle;49.41734;8.7488795;30;Original OSM
Routenpunkt (Way);In der Neckarhelle;49.41734674;8.74870988;30;Interpoliert
Routenpunkt (Way);In der Neckarhelle;49.41735348;8.74854026;30;Interpoliert
Routenpunkt (Way);In der Neckarhelle;49.41736022;8.74837064;30;Interpoliert
Routenpunkt (Way);In der Neckarhelle;49.41736696;8.74820102;30;Interpoliert
Routenpunkt (Way);In der Neckarhelle;49.4173737;8.7480314;30;Original OSM
Routenpunkt (Way);In der Neckarhelle;49.41737846666667;8.747889566666666;30;Interpoliert
Routenpunkt (Way);In der Neckarhelle;49.41738323333333;8.747747733333334;30;Interpoliert
Routenpunkt (Way);In der Neckarhelle;49.417388;8.7476059;30;Original OSM
Routenpunkt (Way);In der Neckarhelle;49.417390483333335;8.747420766666666;30;Interpoliert
Routenpunkt (Way);In der Neckarhelle;49.41739296666667;8.747235633333334;30;Interpoliert
Routenpunkt (Way);In der Neckarhelle;49.41739545;8.7470505;30;Interpoliert
Routenpunkt (Way);In der Neckarhelle;49.41739793333333;8.746865366666666;30;Interpoliert
Routenpunkt (Way);In der Neckarhelle;49.417400416666666;8.746680233333334;30;Interpoliert
Routenpunkt (Way);In der Neckarhelle;49.4174029;8.7464951;30;Original OSM
Routenpunkt (Way);In der Neckarhelle;49.41740875;8.74634655;30;Interpoliert
Routenpunkt (Way);In der Neckarhelle;49.4174146;8.746198;30;Original OSM
Routenpunkt (Way);In der Neckarhelle;49.4174226;8.74608205;30;Interpoliert
Routenpunkt (Way);In der Neckarhelle;49.4174306;8.7459661;30;Original OSM
Routenpunkt (Way);In der Neckarhelle;49.417455;8.745773;30;Original OSM
Routenpunkt (Way);In der Neckarhelle;49.41748554285714;8.745576371428571;30;Interpoliert
Routenpunkt (Way);In der Neckarhelle;49.41751608571428;8.745379742857143;30;Interpoliert
Routenpunkt (Way);In der Neckarhelle;49.41754662857143;8.745183114285714;30;Interpoliert
Routenpunkt (Way);In der Neckarhelle;49.41757717142857;8.744986485714286;30;Interpoliert
Routenpunkt (Way);In der Neckarhelle;49.417607714285715;8.744789857142857;30;Interpoliert
Routenpunkt (Way);In der Neckarhelle;49.417638257142855;8.744593228571429;30;Interpoliert
Routenpunkt (Way);In der Neckarhelle;49.4176688;8.7443966;30;Original OSM
Routenpunkt (Way);In der Neckarhelle;49.4176721;8.7443315;30;Original OSM
Routenpunkt (Way);In der Neckarhelle;49.4176631;8.7442471;30;Original OSM
Routenpunkt (Way);In der Neckarhelle;49.4176484;8.7441715;30;Original OSM
Routenpunkt (Way);Ziegelhäuser Landstraße;49.4152735;8.7094926;30;Original OSM
Routenpunkt (Way);Ziegelhäuser Landstraße;49.41528705;8.70959955;30;Interpoliert
Routenpunkt (Way);Ziegelhäuser Landstraße;49.4153006;8.7097065;30;Original OSM
Routenpunkt (Way);Ziegelhäuser Landstraße;49.41532065;8.70986965;30;Interpoliert
Routenpunkt (Way);Ziegelhäuser Landstraße;49.4153407;8.7100328;30;Original OSM
Routenpunkt (Way);Ziegelhäuser Landstraße;49.41535255;8.7101521;30;Interpoliert
Routenpunkt (Way);Ziegelhäuser Landstraße;49.4153644;8.7102714;30;Original OSM
Routenpunkt (Way);Ziegelhäuser Landstraße;49.415379;8.7104648;30;Original OSM
Routenpunkt (Way);Ziegelhäuser Landstraße;49.4153896;8.7106479;30;Original OSM
Routenpunkt (Way);Ziegelhäuser Landstraße;49.41539965;8.71083455;30;Interpoliert
Routenpunkt (Way);Ziegelhäuser Landstraße;49.4154097;8.7110212;30;Original OSM
Routenpunkt (Way);Ziegelhäuser Landstraße;49.415418939999995;8.71120644;30;Interpoliert
Routenpunkt (Way);Ziegelhäuser Landstraße;49.41542818;8.71139168;30;Interpoliert
Routenpunkt (Way);Ziegelhäuser Landstraße;49.415437419999996;8.711576919999999;30;Interpoliert
Routenpunkt (Way);Ziegelhäuser Landstraße;49.41544666;8.71176216;30;Interpoliert
Routenpunkt (Way);Ziegelhäuser Landstraße;49.4154559;8.7119474;30;Original OSM
Routenpunkt (Way);Ziegelhäuser Landstraße;49.415461949999994;8.712069;30;Interpoliert
Routenpunkt (Way);Ziegelhäuser Landstraße;49.415468;8.7121906;30;Original OSM
Routenpunkt (Way);Ziegelhäuser Landstraße;49.41547726666666;8.712375999999999;30;Interpoliert
Routenpunkt (Way);Ziegelhäuser Landstraße;49.415486533333336;8.7125614;30;Interpoliert
Routenpunkt (Way);Ziegelhäuser Landstraße;49.4154958;8.7127468;30;Original OSM
Routenpunkt (Way);Ziegelhäuser Landstraße;49.4155059;8.7129433;30;Original OSM
Routenpunkt (Way);Ziegelhäuser Landstraße;49.415518033333335;8.713103499999999;30;Interpoliert
Routenpunkt (Way);Ziegelhäuser Landstraße;49.41553016666666;8.7132637;30;Interpoliert
Routenpunkt (Way);Ziegelhäuser Landstraße;49.4155423;8.7134239;30;Original OSM
Routenpunkt (Way);Römerkreis;49.4051845;8.68412;50;Original OSM
Routenpunkt (Way);Römerkreis;49.4051766;8.6841579;50;Original OSM
Routenpunkt (Way);Römerkreis;49.4051721;8.6841794;50;Original OSM
Routenpunkt (Way);Römerkreis;49.4051664;8.6842025;50;Original OSM
Routenpunkt (Way);Römerkreis;49.4051529;8.6842579;50;Original OSM
Routenpunkt (Way);Römerkreis;49.4051459;8.6842841;50;Original OSM
Routenpunkt (Way);Römerkreis;49.4051382;8.6843227;50;Original OSM
Routenpunkt (Way);Römerkreis;49.4051337;8.6843663;50;Original OSM
Routenpunkt (Way);Römerkreis;49.405132;8.6844062;50;Original OSM
Routenpunkt (Way);Römerkreis;49.4051328;8.6844464;50;Original OSM
Routenpunkt (Way);Römerkreis;49.4051362;8.6844885;50;Original OSM
Routenpunkt (Way);Römerkreis;49.4051411;8.6845283;50;Original OSM
Routenpunkt (Way);Brückenstraße;49.4134954;8.6923596;50;Original OSM
Routenpunkt (Way);Brückenstraße;49.4135861;8.692312399999999;50;Interpoliert
Routenpunkt (Way);Brückenstraße;49.4136768;8.6922652;50;Original OSM
Routenpunkt (Way);Brückenstraße;49.4137681;8.6922215;50;Original OSM
Routenpunkt (Way);Brückenstraße;49.4138488;8.692218;30;Original OSM
Routenpunkt (Way);Brückenstraße;49.4137681;8.6922215;30;Original OSM
Routenpunkt (Way);Max-Jarecki-Straße;49.4019388;8.6729279;30;Original OSM
Routenpunkt (Way);Max-Jarecki-Straße;49.402023400000004;8.67298225;30;Interpoliert
Routenpunkt (Way);Max-Jarecki-Straße;49.402108;8.6730366;30;Original OSM
Routenpunkt (Way);Max-Jarecki-Straße;49.4021966;8.6731015;30;Original OSM
Routenpunkt (Way);Max-Jarecki-Straße;49.4022476;8.6731499;30;Original OSM
Routenpunkt (Way);Max-Jarecki-Straße;49.4015384;8.6726264;30;Original OSM
Routenpunkt (Way);Max-Jarecki-Straße;49.4014757;8.6725832;30;Original OSM
Routenpunkt (Way);Max-Jarecki-Straße;49.4014116;8.6725436;30;Original OSM
Routenpunkt (Way);Max-Jarecki-Straße;49.4013504;8.6725039;30;Original OSM
Routenpunkt (Way);Max-Jarecki-Straße;49.4012998;8.6725054;30;Original OSM
Routenpunkt (Way);Römerkreis;49.4054088;8.6850226;50;Original OSM
Routenpunkt (Way);Römerkreis;49.4054564;8.6850689;50;Original OSM
Routenpunkt (Way);Römerkreis;49.4054894;8.6851009;50;Original OSM
Routenpunkt (Way);Czernyring;49.4028437;8.6724393;50;Original OSM
Routenpunkt (Way);Czernyring;49.402768699999996;8.6725776;50;Interpoliert
Routenpunkt (Way);Czernyring;49.4026937;8.6727159;50;Original OSM
Routenpunkt (Way);Czernyring;49.402628533333335;8.6728522;50;Interpoliert
Routenpunkt (Way);Czernyring;49.40256336666666;8.6729885;50;Interpoliert
Routenpunkt (Way);Czernyring;49.4024982;8.6731248;50;Original OSM
Routenpunkt (Way);Czernyring;49.4024587;8.6732075;50;Original OSM
Routenpunkt (Way);Czernyring;49.4024112;8.6733069;50;Original OSM
Routenpunkt (Way);Kurfürsten-Anlage;49.4052199;8.6749006;50;Original OSM
Routenpunkt (Way);Kurfürsten-Anlage;49.4052233;8.6748617;50;Original OSM
Routenpunkt (Way);Kurfürsten-Anlage;49.405228;8.6748028;50;Original OSM
Routenpunkt (Way);Kurfürsten-Anlage;49.4052331;8.6747387;50;Original OSM
Routenpunkt (Way);Kurfürsten-Anlage;49.405238049999994;8.67463335;50;Interpoliert
Routenpunkt (Way);Kurfürsten-Anlage;49.405243;8.674528;50;Original OSM
Routenpunkt (Way);Kurfürsten-Anlage;49.4052462;8.6744591;50;Original OSM
Routenpunkt (Way);Kurfürsten-Anlage;49.4052523;8.6743626;50;Original OSM
Routenpunkt (Way);Stadtwerke;49.4048614;8.6813211;;Original OSM
Routenpunkt (Way);Stadtwerke;49.40489243333334;8.681498333333334;;Interpoliert
Routenpunkt (Way);Stadtwerke;49.404923466666666;8.681675566666666;;Interpoliert
Routenpunkt (Way);Stadtwerke;49.4049545;8.6818528;;Interpoliert
Routenpunkt (Way);Stadtwerke;49.40498553333334;8.682030033333334;;Interpoliert
Routenpunkt (Way);Stadtwerke;49.40501656666667;8.682207266666666;;Interpoliert
Routenpunkt (Way);Stadtwerke;49.4050476;8.6823845;;Original OSM
Routenpunkt (Way);Stadtbücherei;49.406014;8.6858488;;Original OSM
Routenpunkt (Way);Stadtbücherei;49.40604515;8.68597605;;Interpoliert
Routenpunkt (Way);Stadtbücherei;49.4060763;8.6861033;;Original OSM
Routenpunkt (Way);Stadtbücherei;49.406104660000004;8.686264379999999;;Interpoliert
Routenpunkt (Way);Stadtbücherei;49.40613302;8.686425459999999;;Interpoliert
Routenpunkt (Way);Stadtbücherei;49.40616138;8.68658654;;Interpoliert
Routenpunkt (Way);Stadtbücherei;49.406189739999995;8.68674762;;Interpoliert
Routenpunkt (Way);Stadtbücherei;49.4062181;8.6869087;;Original OSM
Routenpunkt (Way);Seegarten;49.406938;8.6910106;;Original OSM
Routenpunkt (Way);Seegarten;49.406971985714286;8.691205528571428;;Interpoliert
Routenpunkt (Way);Seegarten;49.40700597142857;8.691400457142857;;Interpoliert
Routenpunkt (Way);Seegarten;49.40703995714286;8.691595385714285;;Interpoliert
Routenpunkt (Way);Seegarten;49.40707394285714;8.691790314285715;;Interpoliert
Routenpunkt (Way);Seegarten;49.40710792857143;8.691985242857143;;Interpoliert
Routenpunkt (Way);Seegarten;49.40714191428571;8.692180171428571;;Interpoliert
Routenpunkt (Way);Seegarten;49.4071759;8.6923751;;Original OSM
Routenpunkt (Way);Seegarten;49.4071705;8.6923764;;Original OSM
Routenpunkt (Way);Seegarten;49.407118;8.6924037;;Original OSM
Routenpunkt (Way);Seegarten;49.4071122;8.6922914;;Original OSM
Routenpunkt (Way);Seegarten;49.4071027;8.6921803;;Original OSM
Routenpunkt (Way);Seegarten;49.4070838;8.6920098;;Original OSM
Routenpunkt (Way);Seegarten;49.4070572;8.6918314;;Original OSM
Routenpunkt (Way);Seegarten;49.407029359999996;8.69166954;;Interpoliert
Routenpunkt (Way);Seegarten;49.407001519999994;8.691507679999999;;Interpoliert
Routenpunkt (Way);Seegarten;49.40697368;8.69134582;;Interpoliert
Routenpunkt (Way);Seegarten;49.40694584;8.69118396;;Interpoliert
Routenpunkt (Way);Seegarten;49.406918;8.6910221;;Original OSM
Routenpunkt (Way);Seegarten;49.406929;8.6910145;;Original OSM
Routenpunkt (Way);Seegarten;49.406938;8.6910106;;Original OSM
Routenpunkt (Way);In der Neckarhelle;49.4178193;8.739895;70;Original OSM
Routenpunkt (Way);In der Neckarhelle;49.417786;8.740027066666666;70;Interpoliert
Routenpunkt (Way);In der Neckarhelle;49.4177527;8.740159133333334;70;Interpoliert
Routenpunkt (Way);In der Neckarhelle;49.4177194;8.7402912;70;Original OSM
Routenpunkt (Way);In der Neckarhelle;49.417674500000004;8.740481466666667;70;Interpoliert
Routenpunkt (Way);In der Neckarhelle;49.4176296;8.740671733333333;70;Interpoliert
Routenpunkt (Way);In der Neckarhelle;49.4175847;8.740862;70;Original OSM
Routenpunkt (Way);In der Neckarhelle;49.41754983333333;8.7410238;70;Interpoliert
Routenpunkt (Way);In der Neckarhelle;49.417514966666666;8.7411856;70;Interpoliert
Routenpunkt (Way);In der Neckarhelle;49.4174801;8.7413474;70;Original OSM
Routenpunkt (Way);In der Neckarhelle;49.41744702857143;8.7415269;70;Interpoliert
Routenpunkt (Way);In der Neckarhelle;49.417413957142855;8.7417064;70;Interpoliert
Routenpunkt (Way);In der Neckarhelle;49.41738088571429;8.7418859;70;Interpoliert
Routenpunkt (Way);In der Neckarhelle;49.41734781428571;8.742065400000001;70;Interpoliert
Routenpunkt (Way);In der Neckarhelle;49.417314742857144;8.742244900000001;70;Interpoliert
Routenpunkt (Way);In der Neckarhelle;49.41728167142857;8.7424244;70;Interpoliert
Routenpunkt (Way);In der Neckarhelle;49.4172486;8.7426039;70;Original OSM
Routenpunkt (Way);Kurfürsten-Anlage;49.4052024;8.6839441;;Original OSM
Routenpunkt (Way);Kurfürsten-Anlage;49.4051996;8.6839926;;Original OSM
Routenpunkt (Way);Kurfürsten-Anlage;49.4051955;8.6840397;;Original OSM
Routenpunkt (Way);Kurfürsten-Anlage;49.4051845;8.68412;;Original OSM
Routenpunkt (Way);Sofienstraße;49.4100238;8.6933902;30;Original OSM
Routenpunkt (Way);Sofienstraße;49.4101083;8.6933586;30;Original OSM
Routenpunkt (Way);Sofienstraße;49.4102132;8.6933194;30;Original OSM
Routenpunkt (Way);Sofienstraße;49.41033735;8.693269725;30;Interpoliert
Routenpunkt (Way);Sofienstraße;49.4104615;8.69322005;30;Interpoliert
Routenpunkt (Way);Sofienstraße;49.41058565;8.693170375;30;Interpoliert
Routenpunkt (Way);Sofienstraße;49.4107098;8.6931207;30;Original OSM
Routenpunkt (Way);Römerkreis;49.4051906;8.6846937;50;Original OSM
Routenpunkt (Way);Römerkreis;49.4052159;8.6847543;50;Original OSM
Routenpunkt (Way);Römerkreis;49.4052467;8.6848186;50;Original OSM
Routenpunkt (Way);Römerkreis;49.4052681;8.6848588;50;Original OSM
Routenpunkt (Way);Römerkreis;49.405303;8.684911;50;Original OSM
Routenpunkt (Way);Römerkreis;49.4053244;8.684936;50;Original OSM
Routenpunkt (Way);Römerkreis;49.4053485;8.6849616;50;Original OSM
Routenpunkt (Way);Römerkreis;49.4054088;8.6850226;50;Original OSM
Routenpunkt (Way);Brückenkopfstraße;49.4138488;8.692218;30;Original OSM
Routenpunkt (Way);Brückenkopfstraße;49.4138499;8.6922388;30;Original OSM
Routenpunkt (Way);Brückenkopfstraße;49.4138621;8.692423;30;Original OSM
Routenpunkt (Way);Brückenkopfstraße;49.4138646;8.6924666;30;Original OSM
Routenpunkt (Way);Brückenkopfstraße;49.4138646;8.6926156;30;Interpoliert
Routenpunkt (Way);Brückenkopfstraße;49.4138646;8.6927646;30;Interpoliert
Routenpunkt (Way);Brückenkopfstraße;49.4138646;8.6929136;30;Original OSM
Routenpunkt (Way);Brückenkopfstraße;49.4138651;8.693057;30;Original OSM
Routenpunkt (Way);Brückenkopfstraße;49.4138657;8.6932158;30;Original OSM
Routenpunkt (Way);Brückenkopfstraße;49.4138646;8.6932662;30;Original OSM
Routenpunkt (Way);Brückenkopfstraße;49.4138627;8.6933271;30;Original OSM
Routenpunkt (Way);Kurfürsten-Anlage;49.4057376;8.6726735;50;Original OSM
Routenpunkt (Way);Kurfürsten-Anlage;49.405826149999996;8.672643950000001;50;Interpoliert
Routenpunkt (Way);Kurfürsten-Anlage;49.4059147;8.6726144;50;Original OSM
Routenpunkt (Way);Alte Eppelheimer Straße;49.406123;8.6705645;50;Original OSM
Routenpunkt (Way);Alte Eppelheimer Straße;49.4061611;8.670689;50;Original OSM
Routenpunkt (Way);Alte Eppelheimer Straße;49.4062012;8.6708398;50;Original OSM
Routenpunkt (Way);Alte Eppelheimer Straße;49.4062124;8.6709259;50;Original OSM
Routenpunkt (Way);Alte Eppelheimer Straße;49.4062185;8.6710178;50;Original OSM
Routenpunkt (Way);Alte Eppelheimer Straße;49.4062269;8.6711568;50;Original OSM
Routenpunkt (Way);Kurfürsten-Anlage;49.4055182;8.6727282;50;Original OSM
Routenpunkt (Way);Kurfürsten-Anlage;49.40549845;8.6728281;50;Interpoliert
Routenpunkt (Way);Kurfürsten-Anlage;49.4054787;8.672928;50;Original OSM
Routenpunkt (Way);Kurfürsten-Anlage;49.4054787;8.672928;50;Original OSM
Routenpunkt (Way);Kurfürsten-Anlage;49.40544513333334;8.673127266666667;50;Interpoliert
Routenpunkt (Way);Kurfürsten-Anlage;49.405411566666665;8.673326533333334;50;Interpoliert
Routenpunkt (Way);Kurfürsten-Anlage;49.405378;8.6735258;50;Original OSM
Routenpunkt (Way);Theodor-Heuss-Brücke;49.411382;8.6928834;30;Original OSM
Routenpunkt (Way);Theodor-Heuss-Brücke;49.4115075;8.6928701;30;Original OSM
Routenpunkt (Way);Theodor-Heuss-Brücke;49.4115257;8.6928696;30;Original OSM
Routenpunkt (Way);In der Neckarhelle;49.4191435;8.735552;50;Original OSM
Routenpunkt (Way);In der Neckarhelle;49.4191718;8.7354568;50;Original OSM
Routenpunkt (Way);In der Neckarhelle;49.4192243;8.7353125;50;Original OSM
Routenpunkt (Way);In der Neckarhelle;49.4192436;8.7352476;50;Original OSM
Routenpunkt (Way);In der Neckarhelle;49.41928195;8.7351251;50;Interpoliert
Routenpunkt (Way);In der Neckarhelle;49.4193203;8.7350026;50;Original OSM
Routenpunkt (Way);In der Neckarhelle;49.4191435;8.735552;50;Original OSM
Routenpunkt (Way);In der Neckarhelle;49.41909415;8.735698075;50;Interpoliert
Routenpunkt (Way);In der Neckarhelle;49.419044799999995;8.73584415;50;Interpoliert
Routenpunkt (Way);In der Neckarhelle;49.41899545;8.735990225;50;Interpoliert
Routenpunkt (Way);In der Neckarhelle;49.4189461;8.7361363;50;Original OSM
Routenpunkt (Way);In der Neckarhelle;49.4188988;8.736281533333333;50;Interpoliert
Routenpunkt (Way);In der Neckarhelle;49.418851499999995;8.736426766666668;50;Interpoliert
Routenpunkt (Way);In der Neckarhelle;49.4188042;8.736572;50;Original OSM
Routenpunkt (Way);Neuenheimer Landstraße;49.4135871;8.6954467;30;Original OSM
Routenpunkt (Way);Neuenheimer Landstraße;49.4135772;8.6954964;30;Original OSM
Routenpunkt (Way);Neuenheimer Landstraße;49.4135744;8.6955328;30;Original OSM
Routenpunkt (Way);Neuenheimer Landstraße;49.4135722;8.6956522;30;Original OSM
Routenpunkt (Way);Neuenheimer Landstraße;49.4135705;8.69568;30;Original OSM
Routenpunkt (Way);Neuenheimer Landstraße;49.4135662;8.695708;30;Original OSM
Routenpunkt (Way);Neuenheimer Landstraße;49.4135589;8.6957441;30;Original OSM
Routenpunkt (Way);Neuenheimer Landstraße;49.4135493;8.6957757;30;Original OSM
Routenpunkt (Way);Neuenheimer Landstraße;49.4135378;8.6958024;30;Original OSM
Routenpunkt (Way);Neuenheimer Landstraße;49.4135206;8.6958331;30;Original OSM
Routenpunkt (Way);Uferstraße;49.4135206;8.6958331;30;Original OSM
Routenpunkt (Way);Uferstraße;49.413540499999996;8.69593215;30;Interpoliert
Routenpunkt (Way);Uferstraße;49.4135604;8.6960312;30;Original OSM
Routenpunkt (Way);Uferstraße;49.4135765;8.6961338;30;Original OSM
Routenpunkt (Way);Wilhelmsfelder Straße;49.4441051;8.7537289;50;Original OSM
Routenpunkt (Way);Wilhelmsfelder Straße;49.4440317;8.7536722;50;Original OSM
Routenpunkt (Way);Wilhelmsfelder Straße;49.4440244;8.7536665;50;Original OSM
Routenpunkt (Way);Wilhelmsfelder Straße;49.443911740000004;8.753564599999999;50;Interpoliert
Routenpunkt (Way);Wilhelmsfelder Straße;49.443799080000005;8.7534627;50;Interpoliert
Routenpunkt (Way);Wilhelmsfelder Straße;49.44368642;8.7533608;50;Interpoliert
Routenpunkt (Way);Wilhelmsfelder Straße;49.44357376;8.7532589;50;Interpoliert
Routenpunkt (Way);Wilhelmsfelder Straße;49.4434611;8.753157;50;Original OSM
Routenpunkt (Way);Wilhelmsfelder Straße;49.443357649999996;8.75307235;50;Interpoliert
Routenpunkt (Way);Wilhelmsfelder Straße;49.4432542;8.7529877;50;Original OSM
Routenpunkt (Way);Wilhelmsfelder Straße;49.4431811;8.7529339;50;Original OSM
Routenpunkt (Way);Wilhelmsfelder Straße;49.44312015;8.7528897;50;Interpoliert
Routenpunkt (Way);Wilhelmsfelder Straße;49.4430592;8.7528455;50;Original OSM
Routenpunkt (Way);Wilhelmsfelder Straße;49.4429716;8.752791499999999;50;Interpoliert
Routenpunkt (Way);Wilhelmsfelder Straße;49.442884;8.7527375;50;Interpoliert
Routenpunkt (Way);Wilhelmsfelder Straße;49.4427964;8.7526835;50;Original OSM
Routenpunkt (Way);Wilhelmsfelder Straße;49.4427374;8.7526472;50;Original OSM
Routenpunkt (Way);Wilhelmsfelder Straße;49.44262893333333;8.752595966666666;50;Interpoliert
Routenpunkt (Way);Wilhelmsfelder Straße;49.442520466666664;8.752544733333334;50;Interpoliert
Routenpunkt (Way);Wilhelmsfelder Straße;49.442412;8.7524935;50;Original OSM
Routenpunkt (Way);Wilhelmsfelder Straße;49.442412;8.7524935;50;Original OSM
Routenpunkt (Way);Wilhelmsfelder Straße;49.44229428571428;8.752437428571428;50;Interpoliert
Routenpunkt (Way);Wilhelmsfelder Straße;49.44217657142857;8.752381357142857;50;Interpoliert
Routenpunkt (Way);Wilhelmsfelder Straße;49.442058857142854;8.752325285714285;50;Interpoliert
Routenpunkt (Way);Wilhelmsfelder Straße;49.44194114285715;8.752269214285715;50;Interpoliert
Routenpunkt (Way);Wilhelmsfelder Straße;49.44182342857143;8.752213142857142;50;Interpoliert
Routenpunkt (Way);Wilhelmsfelder Straße;49.44170571428572;8.752157071428572;50;Interpoliert
Routenpunkt (Way);Wilhelmsfelder Straße;49.441588;8.752101;50;Original OSM
Routenpunkt (Way);Wilhelmsfelder Straße;49.44146976666667;8.752040899999999;50;Interpoliert
Routenpunkt (Way);Wilhelmsfelder Straße;49.44135153333333;8.7519808;50;Interpoliert
Routenpunkt (Way);Wilhelmsfelder Straße;49.4412333;8.7519207;50;Original OSM
Routenpunkt (Way);Wilhelmsfelder Straße;49.4411046;8.7518736;50;Original OSM
Routenpunkt (Way);Wilhelmsfelder Straße;49.4409787;8.7518451;50;Original OSM
Routenpunkt (Way);Wilhelmsfelder Straße;49.4408659;8.7518327;50;Original OSM
Routenpunkt (Way);Wilhelmsfelder Straße;49.44077685;8.75183535;50;Interpoliert
Routenpunkt (Way);Wilhelmsfelder Straße;49.4406878;8.751838;50;Original OSM
Routenpunkt (Way);Wilhelmsfelder Straße;49.4405698;8.7518499;50;Original OSM
Routenpunkt (Way);Wilhelmsfelder Straße;49.4404943;8.7518636;50;Original OSM
Routenpunkt (Way);Wilhelmsfelder Straße;49.4403799;8.7518956;50;Original OSM
Routenpunkt (Way);Wilhelmsfelder Straße;49.4402744;8.7519382;50;Original OSM
Routenpunkt (Way);Wilhelmsfelder Straße;49.4401767;8.7519872;50;Original OSM
Routenpunkt (Way);Wilhelmsfelder Straße;49.44008226666667;8.752042033333334;50;Interpoliert
Routenpunkt (Way);Wilhelmsfelder Straße;49.43998783333333;8.752096866666667;50;Interpoliert
Routenpunkt (Way);Wilhelmsfelder Straße;49.4398934;8.7521517;50;Original OSM
Routenpunkt (Way);Wilhelmsfelder Straße;49.43979585;8.75220855;50;Interpoliert
Routenpunkt (Way);Wilhelmsfelder Straße;49.4396983;8.7522654;50;Original OSM
Routenpunkt (Way);Wilhelmsfelder Straße;49.4396716;8.7522756;50;Original OSM
Routenpunkt (Way);Wilhelmsfelder Straße;49.4396303;8.7522913;50;Original OSM
Routenpunkt (Way);Wilhelmsfelder Straße;49.4395491;8.7523141;50;Original OSM
Routenpunkt (Way);Wilhelmsfelder Straße;49.4394659;8.7523273;50;Original OSM
Routenpunkt (Way);Wilhelmsfelder Straße;49.4394019;8.7523348;50;Original OSM
Routenpunkt (Way);Wilhelmsfelder Straße;49.4392823;8.7523414;50;Original OSM
Routenpunkt (Way);Wilhelmsfelder Straße;49.4392221;8.7523394;50;Original OSM
Routenpunkt (Way);Wilhelmsfelder Straße;49.4390915;8.7523175;50;Original OSM
Routenpunkt (Way);Wilhelmsfelder Straße;49.4389788;8.7522916;50;Interpoliert
Routenpunkt (Way);Wilhelmsfelder Straße;49.438866100000006;8.7522657;50;Interpoliert
Routenpunkt (Way);Wilhelmsfelder Straße;49.4387534;8.7522398;50;Original OSM
Routenpunkt (Way);Wilhelmsfelder Straße;49.43864698;8.75221046;50;Interpoliert
Routenpunkt (Way);Wilhelmsfelder Straße;49.43854056;8.75218112;50;Interpoliert
Routenpunkt (Way);Wilhelmsfelder Straße;49.438434140000005;8.75215178;50;Interpoliert
Routenpunkt (Way);Wilhelmsfelder Straße;49.438327720000004;8.752122439999999;50;Interpoliert
Routenpunkt (Way);Wilhelmsfelder Straße;49.4382213;8.7520931;50;Original OSM
Routenpunkt (Way);Wilhelmsfelder Straße;49.43812706666667;8.7520757;50;Interpoliert
Routenpunkt (Way);Wilhelmsfelder Straße;49.43803283333334;8.7520583;50;Interpoliert
Routenpunkt (Way);Wilhelmsfelder Straße;49.4379386;8.7520409;50;Original OSM
Routenpunkt (Way);Wilhelmsfelder Straße;49.4378589;8.7520286;50;Original OSM
Routenpunkt (Way);Wilhelmsfelder Straße;49.4377704;8.7520193;50;Original OSM
Routenpunkt (Way);Wilhelmsfelder Straße;49.4376808;8.7520139;50;Original OSM
Routenpunkt (Way);Wilhelmsfelder Straße;49.4376255;8.7520115;50;Original OSM
Routenpunkt (Way);Wilhelmsfelder Straße;49.4375276;8.7520058;50;Original OSM
Routenpunkt (Way);Wilhelmsfelder Straße;49.4374225;8.751998;50;Original OSM
Routenpunkt (Way);Wilhelmsfelder Straße;49.4373624;8.7519872;50;Original OSM
Routenpunkt (Way);Wilhelmsfelder Straße;49.4373235;8.7519789;50;Original OSM
Routenpunkt (Way);Wilhelmsfelder Straße;49.4372685;8.7519635;50;Original OSM
Routenpunkt (Way);Wilhelmsfelder Straße;49.43718975;8.75192425;50;Interpoliert
Routenpunkt (Way);Wilhelmsfelder Straße;49.437111;8.751885;50;Original OSM
Routenpunkt (Way);Wilhelmsfelder Straße;49.4370095;8.7518023;50;Interpoliert
Routenpunkt (Way);Wilhelmsfelder Straße;49.436908;8.7517196;50;Original OSM
Routenpunkt (Way);Wilhelmsfelder Straße;49.43683475;8.7516377;50;Interpoliert
Routenpunkt (Way);Wilhelmsfelder Straße;49.4367615;8.7515558;50;Original OSM
Routenpunkt (Way);Wilhelmsfelder Straße;49.436674350000004;8.75143835;50;Interpoliert
Routenpunkt (Way);Wilhelmsfelder Straße;49.4365872;8.7513209;50;Original OSM
Routenpunkt (Way);Wilhelmsfelder Straße;49.43649956666667;8.751205933333333;50;Interpoliert
Routenpunkt (Way);Wilhelmsfelder Straße;49.43641193333333;8.751090966666666;50;Interpoliert
Routenpunkt (Way);Wilhelmsfelder Straße;49.436324299999995;8.750976;50;Interpoliert
Routenpunkt (Way);Wilhelmsfelder Straße;49.436236666666666;8.750861033333333;50;Interpoliert
Routenpunkt (Way);Wilhelmsfelder Straße;49.436149033333336;8.750746066666666;50;Interpoliert
Routenpunkt (Way);Wilhelmsfelder Straße;49.4360614;8.7506311;50;Original OSM
Routenpunkt (Way);Wilhelmsfelder Straße;49.43597432;8.75051688;50;Interpoliert
Routenpunkt (Way);Wilhelmsfelder Straße;49.43588724;8.750402659999999;50;Interpoliert
Routenpunkt (Way);Wilhelmsfelder Straße;49.43580016;8.75028844;50;Interpoliert
Routenpunkt (Way);Wilhelmsfelder Straße;49.43571308;8.75017422;50;Interpoliert
Routenpunkt (Way);Wilhelmsfelder Straße;49.435626;8.75006;50;Original OSM
Routenpunkt (Way);Wilhelmsfelder Straße;49.435536739999996;8.74996244;50;Interpoliert
Routenpunkt (Way);Wilhelmsfelder Straße;49.43544748;8.749864879999999;50;Interpoliert
Routenpunkt (Way);Wilhelmsfelder Straße;49.43535822;8.74976732;50;Interpoliert
Routenpunkt (Way);Wilhelmsfelder Straße;49.43526896;8.74966976;50;Interpoliert
Routenpunkt (Way);Wilhelmsfelder Straße;49.4351797;8.7495722;50;Original OSM
Routenpunkt (Way);Peterstaler Straße;49.4185152;8.756895;30;Original OSM
Routenpunkt (Way);Peterstaler Straße;49.4185018;8.7568949;30;Original OSM
Routenpunkt (Way);Peterstaler Straße;49.4184565;8.7568944;30;Original OSM
Routenpunkt (Way);Peterstaler Straße;49.4184112;8.7568911;30;Original OSM
Routenpunkt (Way);Peterstaler Straße;49.418388;8.7568827;30;Original OSM
Routenpunkt (Way);Peterstaler Straße;49.4183638;8.7568673;30;Original OSM
Routenpunkt (Way);Wilhelmsfelder Straße;49.4503085;8.7543783;50;Original OSM
Routenpunkt (Way);Wilhelmsfelder Straße;49.4502057;8.75432215;50;Interpoliert
Routenpunkt (Way);Wilhelmsfelder Straße;49.4501029;8.754266;50;Original OSM
Routenpunkt (Way);Neuenheimer Landstraße;49.4137459;8.6941915;30;Original OSM
Routenpunkt (Way);Neuenheimer Landstraße;49.413736;8.6942681;30;Original OSM
Routenpunkt (Way);Neuenheimer Landstraße;49.41371136;8.69443784;30;Interpoliert
Routenpunkt (Way);Neuenheimer Landstraße;49.41368672;8.69460758;30;Interpoliert
Routenpunkt (Way);Neuenheimer Landstraße;49.41366208;8.69477732;30;Interpoliert
Routenpunkt (Way);Neuenheimer Landstraße;49.41363744;8.694947059999999;30;Interpoliert
Routenpunkt (Way);Neuenheimer Landstraße;49.4136128;8.6951168;30;Original OSM
Routenpunkt (Way);Neuenheimer Landstraße;49.4136012;8.6952171;30;Original OSM
Routenpunkt (Way);Neuenheimer Landstraße;49.4135927;8.6953193;30;Original OSM
Routenpunkt (Way);Neuenheimer Landstraße;49.4135871;8.6954467;30;Original OSM
Routenpunkt (Way);Unbekannt;49.4099484;8.6933389;;Original OSM
Routenpunkt (Way);Unbekannt;49.4100238;8.6933902;;Original OSM
Routenpunkt (Way);Unbekannt;49.4091323;8.6928035;;Original OSM
Routenpunkt (Way);Unbekannt;49.409222;8.6929406;;Original OSM
Routenpunkt (Way);Unbekannt;49.409238;8.6929569;;Original OSM
Routenpunkt (Way);Sofienstraße;49.4107098;8.6931207;30;Original OSM
Routenpunkt (Way);Sofienstraße;49.41081226666667;8.693076399999999;30;Interpoliert
Routenpunkt (Way);Sofienstraße;49.410914733333335;8.6930321;30;Interpoliert
Routenpunkt (Way);Sofienstraße;49.4110172;8.6929878;30;Original OSM
Routenpunkt (Way);Sofienstraße;49.4111334;8.6929367;30;Original OSM
Routenpunkt (Way);Sofienstraße;49.4111709;8.6929205;30;Original OSM
Routenpunkt (Way);Unbekannt;49.4073777;8.6927439;;Original OSM
Routenpunkt (Way);Unbekannt;49.4073956;8.6927532;;Original OSM
Routenpunkt (Way);Unbekannt;49.4074163;8.6927608;;Original OSM
Routenpunkt (Way);Unbekannt;49.4074355;8.6927654;;Original OSM
Routenpunkt (Way);Unbekannt;49.4074551;8.6927679;;Original OSM
Routenpunkt (Way);Unbekannt;49.4074786;8.6927684;;Original OSM
Routenpunkt (Way);Unbekannt;49.4075141;8.6927673;;Original OSM
Routenpunkt (Way);Unbekannt;49.4075298;8.6927662;;Original OSM
Routenpunkt (Way);Unbekannt;49.4075451;8.6927639;;Original OSM
Routenpunkt (Way);Unbekannt;49.4075606;8.6927614;;Original OSM
Routenpunkt (Way);Unbekannt;49.4075772;8.6927582;;Original OSM
Routenpunkt (Way);Unbekannt;49.4075981;8.6927543;;Original OSM
Routenpunkt (Way);Unbekannt;49.4076381;8.6927456;;Original OSM
Routenpunkt (Way);Unbekannt;49.4077209;8.6927288;;Original OSM
Routenpunkt (Way);Unbekannt;49.4078504;8.6927019;;Interpoliert
Routenpunkt (Way);Unbekannt;49.4079799;8.692675;;Original OSM
Routenpunkt (Way);Unbekannt;49.4080045;8.6926699;;Original OSM
Routenpunkt (Way);Unbekannt;49.4080326;8.6926642;;Original OSM
Routenpunkt (Way);Unbekannt;49.40812806666666;8.692644866666667;;Interpoliert
Routenpunkt (Way);Unbekannt;49.408223533333334;8.692625533333333;;Interpoliert
Routenpunkt (Way);Unbekannt;49.408319;8.6926062;;Original OSM
Routenpunkt (Way);Unbekannt;49.4084365;8.692581050000001;;Interpoliert
Routenpunkt (Way);Unbekannt;49.408554;8.6925559;;Original OSM
Routenpunkt (Way);Wilhelmsfelder Straße;49.4481723;8.7532719;50;Original OSM
Routenpunkt (Way);Wilhelmsfelder Straße;49.4480815;8.7532353;50;Interpoliert
Routenpunkt (Way);Wilhelmsfelder Straße;49.4479907;8.7531987;50;Original OSM
Routenpunkt (Way);Wilhelmsfelder Straße;49.44790955;8.7531829;50;Interpoliert
Routenpunkt (Way);Wilhelmsfelder Straße;49.4478284;8.7531671;50;Original OSM
Routenpunkt (Way);Wilhelmsfelder Straße;49.447719649999996;8.75317865;50;Interpoliert
Routenpunkt (Way);Wilhelmsfelder Straße;49.4476109;8.7531902;50;Original OSM
Routenpunkt (Way);Wilhelmsfelder Straße;49.44747990526316;8.753238689473685;50;Interpoliert
Routenpunkt (Way);Wilhelmsfelder Straße;49.447348910526316;8.75328717894737;50;Interpoliert
Routenpunkt (Way);Wilhelmsfelder Straße;49.44721791578947;8.753335668421053;50;Interpoliert
Routenpunkt (Way);Wilhelmsfelder Straße;49.44708692105263;8.753384157894738;50;Interpoliert
Routenpunkt (Way);Wilhelmsfelder Straße;49.44695592631579;8.753432647368422;50;Interpoliert
Routenpunkt (Way);Wilhelmsfelder Straße;49.446824931578945;8.753481136842106;50;Interpoliert
Routenpunkt (Way);Wilhelmsfelder Straße;49.4466939368421;8.75352962631579;50;Interpoliert
Routenpunkt (Way);Wilhelmsfelder Straße;49.44656294210526;8.753578115789475;50;Interpoliert
Routenpunkt (Way);Wilhelmsfelder Straße;49.44643194736842;8.75362660526316;50;Interpoliert
Routenpunkt (Way);Wilhelmsfelder Straße;49.44630095263158;8.753675094736842;50;Interpoliert
Routenpunkt (Way);Wilhelmsfelder Straße;49.44616995789474;8.753723584210526;50;Interpoliert
Routenpunkt (Way);Wilhelmsfelder Straße;49.446038963157896;8.75377207368421;50;Interpoliert
Routenpunkt (Way);Wilhelmsfelder Straße;49.445907968421054;8.753820563157895;50;Interpoliert
Routenpunkt (Way);Wilhelmsfelder Straße;49.44577697368421;8.753869052631579;50;Interpoliert
Routenpunkt (Way);Wilhelmsfelder Straße;49.44564597894737;8.753917542105263;50;Interpoliert
Routenpunkt (Way);Wilhelmsfelder Straße;49.445514984210526;8.753966031578948;50;Interpoliert
Routenpunkt (Way);Wilhelmsfelder Straße;49.44538398947368;8.754014521052632;50;Interpoliert
Routenpunkt (Way);Wilhelmsfelder Straße;49.44525299473684;8.754063010526316;50;Interpoliert
Routenpunkt (Way);Wilhelmsfelder Straße;49.445122;8.7541115;50;Original OSM
Routenpunkt (Way);Wilhelmsfelder Straße;49.4450587;8.7541312;50;Original OSM
Routenpunkt (Way);Wilhelmsfelder Straße;49.4450043;8.7541436;50;Original OSM
Routenpunkt (Way);Wilhelmsfelder Straße;49.4449406;8.7541545;50;Original OSM
Routenpunkt (Way);Wilhelmsfelder Straße;49.4448569;8.7541597;50;Original OSM
Routenpunkt (Way);Wilhelmsfelder Straße;49.4447884;8.7541569;50;Original OSM
Routenpunkt (Way);Wilhelmsfelder Straße;49.4447443;8.7541485;50;Original OSM
Routenpunkt (Way);Wilhelmsfelder Straße;49.4447006;8.7541339;50;Original OSM
Routenpunkt (Way);Wilhelmsfelder Straße;49.4446558;8.7541129;50;Original OSM
Routenpunkt (Way);Wilhelmsfelder Straße;49.4445554;8.7540524;50;Original OSM
Routenpunkt (Way);Wilhelmsfelder Straße;49.4445183;8.7540259;50;Original OSM
Routenpunkt (Way);Wilhelmsfelder Straße;49.4444988;8.7540119;50;Original OSM
Routenpunkt (Way);Wilhelmsfelder Straße;49.4443964;8.7539386;50;Interpoliert
Routenpunkt (Way);Wilhelmsfelder Straße;49.444294;8.7538653;50;Original OSM
Routenpunkt (Way);Wilhelmsfelder Straße;49.4441781;8.7537816;50;Original OSM
Routenpunkt (Way);Wilhelmsfelder Straße;49.4441051;8.7537289;50;Original OSM
Routenpunkt (Way);Kurfürsten-Anlage;49.405052;8.6828108;50;Original OSM
Routenpunkt (Way);Kurfürsten-Anlage;49.40508035;8.682987149999999;50;Interpoliert
Routenpunkt (Way);Kurfürsten-Anlage;49.4051087;8.6831635;50;Original OSM
Routenpunkt (Way);Kurfürsten-Anlage;49.405138550000004;8.6833335;50;Interpoliert
Routenpunkt (Way);Kurfürsten-Anlage;49.4051684;8.6835035;50;Original OSM
Routenpunkt (Way);Unbekannt;49.4056886;8.6853252;;Original OSM
Routenpunkt (Way);Unbekannt;49.40578;8.6853477;;Original OSM
Routenpunkt (Way);Unbekannt;49.4058568;8.6854001;;Original OSM
Routenpunkt (Way);Unbekannt;49.4059107;8.6854579;;Original OSM
Routenpunkt (Way);Unbekannt;49.4059543;8.6855327;;Original OSM
Routenpunkt (Way);Unbekannt;49.4059642;8.6855745;;Original OSM
Routenpunkt (Way);Unbekannt;49.405995000000004;8.685694949999998;;Interpoliert
Routenpunkt (Way);Unbekannt;49.4060258;8.6858154;;Original OSM
Routenpunkt (Way);Unbekannt;49.4060485;8.685913;;Interpoliert
Routenpunkt (Way);Unbekannt;49.4060712;8.6860106;;Original OSM
Routenpunkt (Way);Unbekannt;49.4060896;8.6860983;;Original OSM
Routenpunkt (Way);Unbekannt;49.4061082;8.6861922;;Original OSM
Routenpunkt (Way);Unbekannt;49.4061297;8.6863092;;Original OSM
Routenpunkt (Way);Unbekannt;49.40615635;8.6864587;;Interpoliert
Routenpunkt (Way);Unbekannt;49.406183;8.6866082;;Original OSM
Routenpunkt (Way);Unbekannt;49.40620855;8.6867547;;Interpoliert
Routenpunkt (Way);Unbekannt;49.4062341;8.6869012;;Original OSM
Routenpunkt (Way);Unbekannt;49.4062447;8.6869622;;Original OSM
Routenpunkt (Way);Unbekannt;49.4062673;8.6870898;;Original OSM
Routenpunkt (Way);Unbekannt;49.4062871;8.6872022;;Original OSM
Routenpunkt (Way);Unbekannt;49.406307749999996;8.6873207;;Interpoliert
Routenpunkt (Way);Unbekannt;49.4063284;8.6874392;;Original OSM
Routenpunkt (Way);Unbekannt;49.40635746666667;8.687606133333333;;Interpoliert
Routenpunkt (Way);Unbekannt;49.40638653333333;8.687773066666667;;Interpoliert
Routenpunkt (Way);Unbekannt;49.4064156;8.68794;;Original OSM
Routenpunkt (Way);Unbekannt;49.40644398;8.68810282;;Interpoliert
Routenpunkt (Way);Unbekannt;49.40647236;8.68826564;;Interpoliert
Routenpunkt (Way);Unbekannt;49.40650074;8.68842846;;Interpoliert
Routenpunkt (Way);Unbekannt;49.40652912;8.68859128;;Interpoliert
Routenpunkt (Way);Unbekannt;49.4065575;8.6887541;;Original OSM
Routenpunkt (Way);Unbekannt;49.40658935;8.688937899999999;;Interpoliert
Routenpunkt (Way);Unbekannt;49.4066212;8.6891217;;Original OSM
Routenpunkt (Way);Unbekannt;49.406650766666665;8.689286599999999;;Interpoliert
Routenpunkt (Way);Unbekannt;49.406680333333334;8.6894515;;Interpoliert
Routenpunkt (Way);Unbekannt;49.4067099;8.6896164;;Original OSM
Routenpunkt (Way);Unbekannt;49.4067169;8.689656;;Original OSM
Routenpunkt (Way);Unbekannt;49.4067491;8.6898514;;Original OSM
Routenpunkt (Way);Unbekannt;49.4067723;8.6899824;;Original OSM
Routenpunkt (Way);Unbekannt;49.40680316;8.690163;;Interpoliert
Routenpunkt (Way);Unbekannt;49.40683402;8.6903436;;Interpoliert
Routenpunkt (Way);Unbekannt;49.40686488;8.6905242;;Interpoliert
Routenpunkt (Way);Unbekannt;49.406895739999996;8.6907048;;Interpoliert
Routenpunkt (Way);Unbekannt;49.4069266;8.6908854;;Original OSM
Routenpunkt (Way);Unbekannt;49.4069433;8.6909781;;Original OSM
Routenpunkt (Way);Unbekannt;49.406974940000005;8.69115228;;Interpoliert
Routenpunkt (Way);Unbekannt;49.40700658;8.69132646;;Interpoliert
Routenpunkt (Way);Unbekannt;49.407038220000004;8.69150064;;Interpoliert
Routenpunkt (Way);Unbekannt;49.40706986;8.69167482;;Interpoliert
Routenpunkt (Way);Unbekannt;49.4071015;8.691849;;Original OSM
Routenpunkt (Way);Unbekannt;49.40712430000001;8.691980099999999;;Interpoliert
Routenpunkt (Way);Unbekannt;49.4071471;8.6921112;;Original OSM
Routenpunkt (Way);Unbekannt;49.4071735;8.6922617;;Interpoliert
Routenpunkt (Way);Unbekannt;49.4071999;8.6924122;;Original OSM
Routenpunkt (Way);Unbekannt;49.4072076;8.6924495;;Original OSM
Routenpunkt (Way);Unbekannt;49.4072158;8.6924882;;Original OSM
Routenpunkt (Way);Ziegelhäuser Landstraße;49.4160654;8.7162726;30;Original OSM
Routenpunkt (Way);Ziegelhäuser Landstraße;49.4161223;8.7164388;30;Original OSM
Routenpunkt (Way);Ziegelhäuser Landstraße;49.41615605;8.7165473;30;Interpoliert
Routenpunkt (Way);Ziegelhäuser Landstraße;49.4161898;8.7166558;30;Original OSM
Routenpunkt (Way);Ziegelhäuser Landstraße;49.4162023;8.7166964;30;Original OSM
Routenpunkt (Way);Ziegelhäuser Landstraße;49.4162023;8.7166964;30;Original OSM
Routenpunkt (Way);Ziegelhäuser Landstraße;49.4162237;8.7167715;30;Original OSM
Routenpunkt (Way);Ziegelhäuser Landstraße;49.4162455;8.7168476;30;Original OSM
Routenpunkt (Way);Ziegelhäuser Landstraße;49.4162559;8.7168837;30;Original OSM
Routenpunkt (Way);Ziegelhäuser Landstraße;49.41631006666667;8.717064500000001;30;Interpoliert
Routenpunkt (Way);Ziegelhäuser Landstraße;49.41636423333333;8.7172453;30;Interpoliert
Routenpunkt (Way);Ziegelhäuser Landstraße;49.4164184;8.7174261;30;Original OSM
Routenpunkt (Way);Ziegelhäuser Landstraße;49.41644615;8.71752295;30;Interpoliert
Routenpunkt (Way);Ziegelhäuser Landstraße;49.4164739;8.7176198;30;Original OSM
Routenpunkt (Way);Ziegelhäuser Landstraße;49.41652023333333;8.7177806;30;Interpoliert
Routenpunkt (Way);Ziegelhäuser Landstraße;49.41656656666667;8.7179414;30;Interpoliert
Routenpunkt (Way);Ziegelhäuser Landstraße;49.4166129;8.7181022;30;Original OSM
Routenpunkt (Way);Ziegelhäuser Landstraße;49.416652524999996;8.71825125;30;Interpoliert
Routenpunkt (Way);Ziegelhäuser Landstraße;49.41669215;8.718400299999999;30;Interpoliert
Routenpunkt (Way);Ziegelhäuser Landstraße;49.416731775;8.71854935;30;Interpoliert
Routenpunkt (Way);Ziegelhäuser Landstraße;49.4167714;8.7186984;30;Original OSM
Routenpunkt (Way);Ziegelhäuser Landstraße;49.41681218;8.718884;30;Interpoliert
Routenpunkt (Way);Ziegelhäuser Landstraße;49.41685296;8.7190696;30;Interpoliert
Routenpunkt (Way);Ziegelhäuser Landstraße;49.41689374;8.7192552;30;Interpoliert
Routenpunkt (Way);Ziegelhäuser Landstraße;49.41693452;8.7194408;30;Interpoliert
Routenpunkt (Way);Ziegelhäuser Landstraße;49.4169753;8.7196264;30;Original OSM
Routenpunkt (Way);Ziegelhäuser Landstraße;49.41700771428571;8.719801942857142;30;Interpoliert
Routenpunkt (Way);Ziegelhäuser Landstraße;49.41704012857143;8.719977485714285;30;Interpoliert
Routenpunkt (Way);Ziegelhäuser Landstraße;49.41707254285714;8.720153028571428;30;Interpoliert
Routenpunkt (Way);Ziegelhäuser Landstraße;49.417104957142854;8.720328571428572;30;Interpoliert
Routenpunkt (Way);Ziegelhäuser Landstraße;49.417137371428566;8.720504114285715;30;Interpoliert
Routenpunkt (Way);Ziegelhäuser Landstraße;49.417169785714286;8.720679657142858;30;Interpoliert
Routenpunkt (Way);Ziegelhäuser Landstraße;49.4172022;8.7208552;30;Original OSM
Routenpunkt (Way);Ziegelhäuser Landstraße;49.41723035;8.72099475;30;Interpoliert
Routenpunkt (Way);Ziegelhäuser Landstraße;49.4172585;8.7211343;30;Original OSM
Routenpunkt (Way);Ziegelhäuser Landstraße;49.4172776;8.7212287;30;Original OSM
Routenpunkt (Way);Ziegelhäuser Landstraße;49.4173229;8.72142045;30;Interpoliert
Routenpunkt (Way);Ziegelhäuser Landstraße;49.4173682;8.7216122;30;Original OSM
Routenpunkt (Way);Ziegelhäuser Landstraße;49.4174073;8.721772099999999;30;Interpoliert
Routenpunkt (Way);Ziegelhäuser Landstraße;49.4174464;8.721932;30;Original OSM
Routenpunkt (Way);Ziegelhäuser Landstraße;49.4174738;8.7220274;30;Original OSM
Routenpunkt (Way);Ziegelhäuser Landstraße;49.4175154;8.7221466;30;Original OSM
Routenpunkt (Way);In der Neckarhelle;49.4193203;8.7350026;50;Original OSM
Routenpunkt (Way);In der Neckarhelle;49.419370300000004;8.7348211;50;Interpoliert
Routenpunkt (Way);In der Neckarhelle;49.4194203;8.7346396;50;Interpoliert
Routenpunkt (Way);In der Neckarhelle;49.4194703;8.7344581;50;Original OSM
Routenpunkt (Way);In der Neckarhelle;49.419511975;8.7342985;50;Interpoliert
Routenpunkt (Way);In der Neckarhelle;49.41955365;8.7341389;50;Interpoliert
Routenpunkt (Way);In der Neckarhelle;49.419595325;8.7339793;50;Interpoliert
Routenpunkt (Way);In der Neckarhelle;49.419637;8.7338197;50;Original OSM
Routenpunkt (Way);In der Neckarhelle;49.4196706;8.733678099999999;50;Interpoliert
Routenpunkt (Way);In der Neckarhelle;49.4197042;8.7335365;50;Original OSM
Routenpunkt (Way);In der Neckarhelle;49.4197516;8.73334365;50;Interpoliert
Routenpunkt (Way);In der Neckarhelle;49.419799;8.7331508;50;Original OSM
Routenpunkt (Way);In der Neckarhelle;49.419836849999996;8.73297765;50;Interpoliert
Routenpunkt (Way);In der Neckarhelle;49.4198747;8.7328045;50;Original OSM
Routenpunkt (Way);In der Neckarhelle;49.419904;8.732656850000001;50;Interpoliert
Routenpunkt (Way);In der Neckarhelle;49.4199333;8.7325092;50;Original OSM
Routenpunkt (Way);In der Neckarhelle;49.419959625;8.732358875000001;50;Interpoliert
Routenpunkt (Way);In der Neckarhelle;49.41998595;8.73220855;50;Interpoliert
Routenpunkt (Way);In der Neckarhelle;49.420012275;8.732058225;50;Interpoliert
Routenpunkt (Way);In der Neckarhelle;49.4200386;8.7319079;50;Original OSM
Routenpunkt (Way);In der Neckarhelle;49.420063400000004;8.73172735;50;Interpoliert
Routenpunkt (Way);In der Neckarhelle;49.4200882;8.7315468;50;Original OSM
Routenpunkt (Way);In der Neckarhelle;49.4201101;8.731364766666667;50;Interpoliert
Routenpunkt (Way);In der Neckarhelle;49.420132;8.731182733333332;50;Interpoliert
Routenpunkt (Way);In der Neckarhelle;49.4201539;8.7310007;50;Original OSM
Routenpunkt (Way);In der Neckarhelle;49.42016065;8.7308951;50;Interpoliert
Routenpunkt (Way);In der Neckarhelle;49.4201674;8.7307895;50;Original OSM
Routenpunkt (Way);In der Neckarhelle;49.4201716;8.7306685;50;Original OSM
Routenpunkt (Way);In der Neckarhelle;49.4201757;8.7305494;50;Original OSM
Routenpunkt (Way);In der Neckarhelle;49.420177;8.7303449;50;Original OSM
Routenpunkt (Way);In der Neckarhelle;49.4201718;8.7301766;50;Original OSM
Routenpunkt (Way);In der Neckarhelle;49.420166699999996;8.7300197;50;Interpoliert
Routenpunkt (Way);In der Neckarhelle;49.4201616;8.729862800000001;50;Interpoliert
Routenpunkt (Way);In der Neckarhelle;49.4201565;8.7297059;50;Original OSM
Routenpunkt (Way);In der Neckarhelle;49.42014695;8.7295394;50;Interpoliert
Routenpunkt (Way);In der Neckarhelle;49.4201374;8.7293729;50;Original OSM
Routenpunkt (Way);In der Neckarhelle;49.4201259;8.7291934;50;Original OSM
Routenpunkt (Way);In der Neckarhelle;49.4201204;8.7291078;50;Original OSM
Routenpunkt (Way);In der Neckarhelle;49.4201122;8.7289806;50;Original OSM
Routenpunkt (Way);In der Neckarhelle;49.420103499999996;8.728877050000001;50;Interpoliert
Routenpunkt (Way);In der Neckarhelle;49.4200948;8.7287735;50;Original OSM
Routenpunkt (Way);In der Neckarhelle;49.4200825;8.72863575;50;Interpoliert
Routenpunkt (Way);In der Neckarhelle;49.4200702;8.728498;50;Original OSM
Routenpunkt (Way);In der Neckarhelle;49.4200586;8.7283743;50;Original OSM
Routenpunkt (Way);In der Neckarhelle;49.420046049999996;8.72825885;50;Interpoliert
Routenpunkt (Way);In der Neckarhelle;49.4200335;8.7281434;50;Original OSM
Routenpunkt (Way);In der Neckarhelle;49.42001665;8.727990349999999;50;Interpoliert
Routenpunkt (Way);In der Neckarhelle;49.4199998;8.7278373;50;Original OSM
Routenpunkt (Way);In der Neckarhelle;49.4199835;8.72770685;50;Interpoliert
Routenpunkt (Way);In der Neckarhelle;49.4199672;8.7275764;50;Original OSM
Routenpunkt (Way);Peterstaler Straße;49.4215759;8.7555836;30;Original OSM
Routenpunkt (Way);Peterstaler Straße;49.42150225;8.7556714;30;Interpoliert
Routenpunkt (Way);Peterstaler Straße;49.4214286;8.7557592;30;Original OSM
Routenpunkt (Way);Peterstaler Straße;49.4213471;8.7558549;30;Original OSM
Routenpunkt (Way);Peterstaler Straße;49.4213104;8.7558979;30;Original OSM
Routenpunkt (Way);Peterstaler Straße;49.4212688;8.7559473;30;Original OSM
Routenpunkt (Way);Peterstaler Straße;49.4212433;8.7559768;30;Original OSM
Routenpunkt (Way);Peterstaler Straße;49.421159599999996;8.75607305;30;Interpoliert
Routenpunkt (Way);Peterstaler Straße;49.4210759;8.7561693;30;Original OSM
Routenpunkt (Way);Alte Brücke Nord;49.4151922;8.7088937;;Original OSM
Routenpunkt (Way);Alte Brücke Nord;49.41520095;8.709009250000001;;Interpoliert
Routenpunkt (Way);Alte Brücke Nord;49.4152097;8.7091248;;Original OSM
Routenpunkt (Way);Hirschgasse;49.4161515;8.7166982;;Original OSM
Routenpunkt (Way);Hirschgasse;49.416182649999996;8.716793899999999;;Interpoliert
Routenpunkt (Way);Hirschgasse;49.4162138;8.7168896;;Original OSM
Routenpunkt (Way);Neckarhelle;49.4173524;8.7479425;;Original OSM
Routenpunkt (Way);Neckarhelle;49.417352;8.7480297;;Original OSM
Routenpunkt (Way);Neckarhelle;49.4173523;8.7480356;;Original OSM
Routenpunkt (Way);Neuer Weg;49.4173159;8.7526824;;Original OSM
Routenpunkt (Way);Neuer Weg;49.4173432;8.7528123;;Original OSM
Routenpunkt (Way);Stift Neuburg;49.4191717;8.7353552;;Original OSM
Routenpunkt (Way);Stift Neuburg;49.4191259;8.7355087;;Original OSM
Routenpunkt (Way);Stiftsmühle;49.4173125;8.7440107;;Original OSM
Routenpunkt (Way);Stiftsmühle;49.4174121;8.7440546;;Interpoliert
Routenpunkt (Way);Stiftsmühle;49.4175117;8.7440985;;Original OSM
Routenpunkt (Way);Neckarschule;49.4193062;8.7569368;;Original OSM
Routenpunkt (Way);Neckarschule;49.4192179;8.7569373;;Original OSM
Routenpunkt (Way);Fürstendamm;49.4285976;8.7495228;;Original OSM
Routenpunkt (Way);Fürstendamm;49.4285445;8.7495646;;Original OSM
Routenpunkt (Way);Fürstendamm;49.4285027;8.7495748;;Original OSM
Routenpunkt (Way);Fürstendamm;49.4284092;8.749584;;Original OSM
Routenpunkt (Way);Fürstendamm;49.428303;8.7495809;;Original OSM
Routenpunkt (Way);Kreuzgrundweg;49.4316324;8.747705;;Original OSM
Routenpunkt (Way);Kreuzgrundweg;49.4315527;8.747779699999999;;Interpoliert
Routenpunkt (Way);Kreuzgrundweg;49.431473;8.7478544;;Original OSM
Routenpunkt (Way);Mühldamm;49.4251883;8.7518746;;Original OSM
Routenpunkt (Way);Mühldamm;49.4251245;8.751933000000001;;Interpoliert
Routenpunkt (Way);Mühldamm;49.4250607;8.7519914;;Original OSM
Routenpunkt (Way);Steinbacher Tal;49.4220593;8.754786;;Original OSM
Routenpunkt (Way);Steinbacher Tal;49.4221208;8.7546451;;Original OSM
Routenpunkt (Way);Peterstaler Straße;49.4280314;8.7496153;50;Original OSM
Routenpunkt (Way);Peterstaler Straße;49.4279648;8.7496383;50;Original OSM
Routenpunkt (Way);Peterstaler Straße;49.4279254;8.749653;50;Original OSM
Routenpunkt (Way);Peterstaler Straße;49.427822025;8.749701275;50;Interpoliert
Routenpunkt (Way);Peterstaler Straße;49.42771865;8.74974955;50;Interpoliert
Routenpunkt (Way);Peterstaler Straße;49.427615275;8.749797825;50;Interpoliert
Routenpunkt (Way);Peterstaler Straße;49.4275119;8.7498461;50;Original OSM
Routenpunkt (Way);Peterstaler Straße;49.4273883;8.7499183;50;Original OSM
Routenpunkt (Way);Peterstaler Straße;49.42727435;8.74999235;50;Interpoliert
Routenpunkt (Way);Peterstaler Straße;49.4271604;8.7500664;50;Original OSM
Routenpunkt (Way);Peterstaler Straße;49.427063266666664;8.7501324;50;Interpoliert
Routenpunkt (Way);Peterstaler Straße;49.42696613333334;8.7501984;50;Interpoliert
Routenpunkt (Way);Peterstaler Straße;49.426869;8.7502644;50;Original OSM
Routenpunkt (Way);Peterstaler Straße;49.426754725;8.750357450000001;50;Interpoliert
Routenpunkt (Way);Peterstaler Straße;49.42664045;8.7504505;50;Interpoliert
Routenpunkt (Way);Peterstaler Straße;49.426526175;8.75054355;50;Interpoliert
Routenpunkt (Way);Peterstaler Straße;49.4264119;8.7506366;50;Original OSM
Routenpunkt (Way);Peterstaler Straße;49.42630517142857;8.750730314285715;50;Interpoliert
Routenpunkt (Way);Peterstaler Straße;49.42619844285714;8.750824028571428;50;Interpoliert
Routenpunkt (Way);Peterstaler Straße;49.42609171428571;8.750917742857142;50;Interpoliert
Routenpunkt (Way);Peterstaler Straße;49.42598498571429;8.751011457142857;50;Interpoliert
Routenpunkt (Way);Peterstaler Straße;49.425878257142855;8.751105171428572;50;Interpoliert
Routenpunkt (Way);Peterstaler Straße;49.42577152857143;8.751198885714285;50;Interpoliert
Routenpunkt (Way);Peterstaler Straße;49.4256648;8.7512926;50;Original OSM
Routenpunkt (Way);Peterstaler Straße;49.42558603333333;8.7513723;50;Interpoliert
Routenpunkt (Way);Peterstaler Straße;49.42550726666667;8.751451999999999;50;Interpoliert
Routenpunkt (Way);Peterstaler Straße;49.4254285;8.7515317;50;Original OSM
Routenpunkt (Way);Peterstaler Straße;49.4253906;8.7515716;50;Original OSM
Routenpunkt (Way);Peterstaler Straße;49.425306;8.7516605;50;Original OSM
Routenpunkt (Way);Peterstaler Straße;49.4252027;8.7517704;50;Interpoliert
Routenpunkt (Way);Peterstaler Straße;49.4250994;8.7518803;50;Original OSM
Routenpunkt (Way);Peterstaler Straße;49.424996783333334;8.7519895;50;Interpoliert
Routenpunkt (Way);Peterstaler Straße;49.42489416666667;8.7520987;50;Interpoliert
Routenpunkt (Way);Peterstaler Straße;49.42479155;8.7522079;50;Interpoliert
Routenpunkt (Way);Peterstaler Straße;49.424688933333336;8.7523171;50;Interpoliert
Routenpunkt (Way);Peterstaler Straße;49.42458631666667;8.7524263;50;Interpoliert
Routenpunkt (Way);Peterstaler Straße;49.4244837;8.7525355;50;Original OSM
Routenpunkt (Way);Peterstaler Straße;49.424377375000006;8.7526544;50;Interpoliert
Routenpunkt (Way);Peterstaler Straße;49.42427105;8.752773300000001;50;Interpoliert
Routenpunkt (Way);Peterstaler Straße;49.424164725;8.7528922;50;Interpoliert
Routenpunkt (Way);Peterstaler Straße;49.4240584;8.7530111;50;Original OSM
Routenpunkt (Way);Peterstaler Straße;49.423963525;8.753129775;50;Interpoliert
Routenpunkt (Way);Peterstaler Straße;49.42386865;8.753248450000001;50;Interpoliert
Routenpunkt (Way);Peterstaler Straße;49.423773775;8.753367125;50;Interpoliert
Routenpunkt (Way);Peterstaler Straße;49.4236789;8.7534858;50;Original OSM
Routenpunkt (Way);Peterstaler Straße;49.4236377;8.7535349;50;Original OSM
Routenpunkt (Way);Peterstaler Straße;49.4235798;8.7535856;50;Original OSM
Routenpunkt (Way);Peterstaler Straße;49.4235088;8.7536262;50;Original OSM
Routenpunkt (Way);Peterstaler Straße;49.4234149;8.7536566;50;Original OSM
Routenpunkt (Way);Peterstaler Straße;49.423307449999996;8.7536655;50;Interpoliert
Routenpunkt (Way);Peterstaler Straße;49.4232;8.7536744;50;Original OSM
Routenpunkt (Way);Peterstaler Straße;49.4231106;8.7536759;50;Original OSM
Routenpunkt (Way);Peterstaler Straße;49.4230252;8.7536788;50;Original OSM
Routenpunkt (Way);Peterstaler Straße;49.4229361;8.7536891;50;Original OSM
Routenpunkt (Way);Peterstaler Straße;49.4228428;8.7537057;50;Original OSM
Routenpunkt (Way);Peterstaler Straße;49.4227816;8.7537255;50;Original OSM
Routenpunkt (Way);Peterstaler Straße;49.422714;8.7537549;50;Original OSM
Routenpunkt (Way);Peterstaler Straße;49.4226314;8.7538052;50;Original OSM
Routenpunkt (Way);Peterstaler Straße;49.422608;8.7538227;50;Original OSM
Routenpunkt (Way);Peterstaler Straße;49.4225468;8.7538685;50;Original OSM
Routenpunkt (Way);Peterstaler Straße;49.422499;8.753912;50;Original OSM
Routenpunkt (Way);In der Neckarhelle;49.4188042;8.736572;70;Original OSM
Routenpunkt (Way);In der Neckarhelle;49.4187446;8.7367551;70;Interpoliert
Routenpunkt (Way);In der Neckarhelle;49.418684999999996;8.7369382;70;Interpoliert
Routenpunkt (Way);In der Neckarhelle;49.4186254;8.7371213;70;Interpoliert
Routenpunkt (Way);In der Neckarhelle;49.4185658;8.7373044;70;Original OSM
Routenpunkt (Way);In der Neckarhelle;49.418510600000005;8.737484259999999;70;Interpoliert
Routenpunkt (Way);In der Neckarhelle;49.4184554;8.73766412;70;Interpoliert
Routenpunkt (Way);In der Neckarhelle;49.4184002;8.73784398;70;Interpoliert
Routenpunkt (Way);In der Neckarhelle;49.418344999999995;8.73802384;70;Interpoliert
Routenpunkt (Way);In der Neckarhelle;49.4182898;8.7382037;70;Original OSM
Routenpunkt (Way);In der Neckarhelle;49.418235599999996;8.73839188;70;Interpoliert
Routenpunkt (Way);In der Neckarhelle;49.418181399999995;8.73858006;70;Interpoliert
Routenpunkt (Way);In der Neckarhelle;49.4181272;8.738768239999999;70;Interpoliert
Routenpunkt (Way);In der Neckarhelle;49.418073;8.73895642;70;Interpoliert
Routenpunkt (Way);In der Neckarhelle;49.4180188;8.7391446;70;Original OSM
Routenpunkt (Way);In der Neckarhelle;49.4172486;8.7426039;70;Original OSM
Routenpunkt (Way);In der Neckarhelle;49.41721398333333;8.742794066666667;70;Interpoliert
Routenpunkt (Way);In der Neckarhelle;49.417179366666666;8.742984233333333;70;Interpoliert
Routenpunkt (Way);In der Neckarhelle;49.417144750000006;8.743174400000001;70;Interpoliert
Routenpunkt (Way);In der Neckarhelle;49.41711013333334;8.743364566666667;70;Interpoliert
Routenpunkt (Way);In der Neckarhelle;49.41707551666667;8.743554733333333;70;Interpoliert
Routenpunkt (Way);In der Neckarhelle;49.4170409;8.7437449;70;Original OSM
Routenpunkt (Way);Ziegelhäuser Landstraße;49.4175154;8.7221466;30;Original OSM
Routenpunkt (Way);Ziegelhäuser Landstraße;49.4175465;8.7222214;30;Original OSM
Routenpunkt (Way);Ziegelhäuser Landstraße;49.4175875;8.7222999;30;Original OSM
Routenpunkt (Way);Ziegelhäuser Landstraße;49.4176643;8.7224444;30;Original OSM
Routenpunkt (Way);Ziegelhäuser Landstraße;49.41773095;8.72256795;30;Interpoliert
Routenpunkt (Way);Ziegelhäuser Landstraße;49.4177976;8.7226915;30;Original OSM
Routenpunkt (Way);Ziegelhäuser Landstraße;49.4178751;8.7228339;30;Interpoliert
Routenpunkt (Way);Ziegelhäuser Landstraße;49.4179526;8.7229763;30;Original OSM
Routenpunkt (Way);Ziegelhäuser Landstraße;49.4180225;8.723104333333334;30;Interpoliert
Routenpunkt (Way);Ziegelhäuser Landstraße;49.4180924;8.723232366666666;30;Interpoliert
Routenpunkt (Way);Ziegelhäuser Landstraße;49.4181623;8.7233604;30;Original OSM
Routenpunkt (Way);Ziegelhäuser Landstraße;49.418246366666665;8.7234922;30;Interpoliert
Routenpunkt (Way);Ziegelhäuser Landstraße;49.41833043333333;8.723624;30;Interpoliert
Routenpunkt (Way);Ziegelhäuser Landstraße;49.4184145;8.7237558;30;Original OSM
Routenpunkt (Way);Ziegelhäuser Landstraße;49.4155423;8.7134239;30;Original OSM
Routenpunkt (Way);Ziegelhäuser Landstraße;49.4155575;8.71357905;30;Interpoliert
Routenpunkt (Way);Ziegelhäuser Landstraße;49.4155727;8.713734200000001;30;Interpoliert
Routenpunkt (Way);Ziegelhäuser Landstraße;49.4155879;8.71388935;30;Interpoliert
Routenpunkt (Way);Ziegelhäuser Landstraße;49.4156031;8.7140445;30;Original OSM
Routenpunkt (Way);Ziegelhäuser Landstraße;49.4156165;8.714181199999999;30;Interpoliert
Routenpunkt (Way);Ziegelhäuser Landstraße;49.4156299;8.7143179;30;Original OSM
Routenpunkt (Way);Ziegelhäuser Landstraße;49.4156498;8.71449785;30;Interpoliert
Routenpunkt (Way);Ziegelhäuser Landstraße;49.4156697;8.7146778;30;Original OSM
Routenpunkt (Way);Ziegelhäuser Landstraße;49.4156869;8.71479085;30;Interpoliert
Routenpunkt (Way);Ziegelhäuser Landstraße;49.4157041;8.7149039;30;Original OSM
Routenpunkt (Way);Ziegelhäuser Landstraße;49.415746150000004;8.7150973;30;Interpoliert
Routenpunkt (Way);Ziegelhäuser Landstraße;49.4157882;8.7152907;30;Original OSM
Routenpunkt (Way);Ziegelhäuser Landstraße;49.4158271;8.7154717;30;Interpoliert
Routenpunkt (Way);Ziegelhäuser Landstraße;49.415866;8.7156527;30;Original OSM
Routenpunkt (Way);Ziegelhäuser Landstraße;49.415894300000005;8.71575775;30;Interpoliert
Routenpunkt (Way);Ziegelhäuser Landstraße;49.4159226;8.7158628;30;Original OSM
Routenpunkt (Way);Ziegelhäuser Landstraße;49.4159846;8.7160389;30;Original OSM
Routenpunkt (Way);Ziegelhäuser Landstraße;49.4160115;8.7161153;30;Original OSM
Routenpunkt (Way);Ziegelhäuser Landstraße;49.4160419;8.7161994;30;Original OSM
Routenpunkt (Way);Ziegelhäuser Landstraße;49.4160654;8.7162726;30;Original OSM
Routenpunkt (Way);Ziegelhäuser Landstraße;49.4184145;8.7237558;;Original OSM
Routenpunkt (Way);Ziegelhäuser Landstraße;49.418496975;8.7238701;;Interpoliert
Routenpunkt (Way);Ziegelhäuser Landstraße;49.418579449999996;8.723984399999999;;Interpoliert
Routenpunkt (Way);Ziegelhäuser Landstraße;49.418661925;8.7240987;;Interpoliert
Routenpunkt (Way);Ziegelhäuser Landstraße;49.4187444;8.724213;;Original OSM
Routenpunkt (Way);Czernyring;49.4060333;8.6704661;50;Original OSM
Routenpunkt (Way);Czernyring;49.406123;8.6705645;50;Original OSM
Routenpunkt (Way);Alte Eppelheimer Straße;49.4062269;8.6711568;50;Original OSM
Routenpunkt (Way);Alte Eppelheimer Straße;49.4062062;8.671301566666667;50;Interpoliert
Routenpunkt (Way);Alte Eppelheimer Straße;49.4061855;8.671446333333334;50;Interpoliert
Routenpunkt (Way);Alte Eppelheimer Straße;49.4061648;8.6715911;50;Original OSM
Routenpunkt (Way);Alte Eppelheimer Straße;49.4061504;8.6717053;50;Interpoliert
Routenpunkt (Way);Alte Eppelheimer Straße;49.406136;8.6718195;50;Original OSM
Routenpunkt (Way);Theodor-Heuss-Brücke;49.4120387;8.6927471;50;Original OSM
Routenpunkt (Way);Theodor-Heuss-Brücke;49.41217112727272;8.692711872727273;50;Interpoliert
Routenpunkt (Way);Theodor-Heuss-Brücke;49.41230355454545;8.692676645454545;50;Interpoliert
Routenpunkt (Way);Theodor-Heuss-Brücke;49.41243598181818;8.692641418181818;50;Interpoliert
Routenpunkt (Way);Theodor-Heuss-Brücke;49.41256840909091;8.69260619090909;50;Interpoliert
Routenpunkt (Way);Theodor-Heuss-Brücke;49.41270083636363;8.692570963636364;50;Interpoliert
Routenpunkt (Way);Theodor-Heuss-Brücke;49.412833263636365;8.692535736363636;50;Interpoliert
Routenpunkt (Way);Theodor-Heuss-Brücke;49.41296569090909;8.692500509090909;50;Interpoliert
Routenpunkt (Way);Theodor-Heuss-Brücke;49.41309811818182;8.692465281818182;50;Interpoliert
Routenpunkt (Way);Theodor-Heuss-Brücke;49.413230545454546;8.692430054545454;50;Interpoliert
Routenpunkt (Way);Theodor-Heuss-Brücke;49.41336297272728;8.692394827272727;50;Interpoliert
Routenpunkt (Way);Theodor-Heuss-Brücke;49.4134954;8.6923596;50;Original OSM
Routenpunkt (Way);Wilhelmsfelder Straße;49.4499422;8.754193;50;Original OSM
Routenpunkt (Way);Wilhelmsfelder Straße;49.449816;8.7541496;50;Original OSM
Routenpunkt (Way);Wilhelmsfelder Straße;49.449754;8.7541191;50;Original OSM
Routenpunkt (Way);Wilhelmsfelder Straße;49.4497043;8.7540864;50;Original OSM
Routenpunkt (Way);Wilhelmsfelder Straße;49.4496533;8.7540465;50;Original OSM
Routenpunkt (Way);Wilhelmsfelder Straße;49.4495601;8.7539603;50;Original OSM
Routenpunkt (Way);Wilhelmsfelder Straße;49.4494811;8.7538995;50;Original OSM
Routenpunkt (Way);Wilhelmsfelder Straße;49.44940135;8.7538594;50;Interpoliert
Routenpunkt (Way);Wilhelmsfelder Straße;49.4493216;8.7538193;50;Original OSM
Routenpunkt (Way);Wilhelmsfelder Straße;49.44922055;8.75377535;50;Interpoliert
Routenpunkt (Way);Wilhelmsfelder Straße;49.4491195;8.7537314;50;Original OSM
Routenpunkt (Way);Wilhelmsfelder Straße;49.44900304285714;8.7536749;50;Interpoliert
Routenpunkt (Way);Wilhelmsfelder Straße;49.448886585714284;8.753618399999999;50;Interpoliert
Routenpunkt (Way);Wilhelmsfelder Straße;49.448770128571425;8.7535619;50;Interpoliert
Routenpunkt (Way);Wilhelmsfelder Straße;49.44865367142857;8.7535054;50;Interpoliert
Routenpunkt (Way);Wilhelmsfelder Straße;49.448537214285714;8.7534489;50;Interpoliert
Routenpunkt (Way);Wilhelmsfelder Straße;49.448420757142856;8.7533924;50;Interpoliert
Routenpunkt (Way);Wilhelmsfelder Straße;49.4483043;8.7533359;50;Original OSM
Routenpunkt (Way);Wilhelmsfelder Straße;49.4482383;8.753303899999999;50;Interpoliert
Routenpunkt (Way);Wilhelmsfelder Straße;49.4481723;8.7532719;50;Original OSM
Routenpunkt (Way);Neuenheimer Landstraße;49.4143789;8.7026924;30;Original OSM
Routenpunkt (Way);Neuenheimer Landstraße;49.4144168;8.702868;30;Original OSM
Routenpunkt (Way);Neuenheimer Landstraße;49.414449133333335;8.703062366666668;30;Interpoliert
Routenpunkt (Way);Neuenheimer Landstraße;49.414481466666665;8.703256733333333;30;Interpoliert
Routenpunkt (Way);Neuenheimer Landstraße;49.4145138;8.7034511;30;Original OSM
Routenpunkt (Way);Neuenheimer Landstraße;49.4145388;8.7035929;30;Original OSM
Routenpunkt (Way);Neuenheimer Landstraße;49.4145696;8.7037675;30;Interpoliert
Routenpunkt (Way);Neuenheimer Landstraße;49.414600400000005;8.7039421;30;Interpoliert
Routenpunkt (Way);Neuenheimer Landstraße;49.4146312;8.7041167;30;Original OSM
Routenpunkt (Way);Neuenheimer Landstraße;49.4146474;8.704229250000001;30;Interpoliert
Routenpunkt (Way);Neuenheimer Landstraße;49.4146636;8.7043418;30;Original OSM
Routenpunkt (Way);Neuenheimer Landstraße;49.4146837;8.7045286;30;Original OSM
Routenpunkt (Way);Neuenheimer Landstraße;49.41470475;8.70468015;30;Interpoliert
Routenpunkt (Way);Neuenheimer Landstraße;49.4147258;8.7048317;30;Original OSM
Routenpunkt (Way);Neuenheimer Landstraße;49.414754566666666;8.704989533333332;30;Interpoliert
Routenpunkt (Way);Neuenheimer Landstraße;49.41478333333333;8.705147366666667;30;Interpoliert
Routenpunkt (Way);Neuenheimer Landstraße;49.4148121;8.7053052;30;Original OSM
Routenpunkt (Way);Neuenheimer Landstraße;49.414843;8.7054748;30;Interpoliert
Routenpunkt (Way);Neuenheimer Landstraße;49.4148739;8.7056444;30;Interpoliert
Routenpunkt (Way);Neuenheimer Landstraße;49.4149048;8.705814;30;Original OSM
Routenpunkt (Way);Neuenheimer Landstraße;49.41492695;8.70592255;30;Interpoliert
Routenpunkt (Way);Neuenheimer Landstraße;49.4149491;8.7060311;30;Original OSM
Routenpunkt (Way);Neuenheimer Landstraße;49.4149767;8.706178600000001;30;Interpoliert
Routenpunkt (Way);Neuenheimer Landstraße;49.4150043;8.7063261;30;Original OSM
Routenpunkt (Way);Neuenheimer Landstraße;49.4150252;8.70646165;30;Interpoliert
Routenpunkt (Way);Neuenheimer Landstraße;49.4150461;8.7065972;30;Original OSM
Routenpunkt (Way);Neuenheimer Landstraße;49.4150643;8.706782;30;Original OSM
Routenpunkt (Way);Neuenheimer Landstraße;49.415077;8.7069521;30;Original OSM
Routenpunkt (Way);Neuenheimer Landstraße;49.41509071666666;8.7071362;30;Interpoliert
Routenpunkt (Way);Neuenheimer Landstraße;49.41510443333333;8.707320300000001;30;Interpoliert
Routenpunkt (Way);Neuenheimer Landstraße;49.41511815;8.707504400000001;30;Interpoliert
Routenpunkt (Way);Neuenheimer Landstraße;49.41513186666666;8.7076885;30;Interpoliert
Routenpunkt (Way);Neuenheimer Landstraße;49.415145583333334;8.7078726;30;Interpoliert
Routenpunkt (Way);Neuenheimer Landstraße;49.4151593;8.7080567;30;Original OSM
Routenpunkt (Way);Neuenheimer Landstraße;49.41517226;8.70823098;30;Interpoliert
Routenpunkt (Way);Neuenheimer Landstraße;49.41518522;8.70840526;30;Interpoliert
Routenpunkt (Way);Neuenheimer Landstraße;49.415198180000004;8.70857954;30;Interpoliert
Routenpunkt (Way);Neuenheimer Landstraße;49.415211140000004;8.70875382;30;Interpoliert
Routenpunkt (Way);Neuenheimer Landstraße;49.4152241;8.7089281;30;Original OSM
Routenpunkt (Way);Neuenheimer Landstraße;49.4152385;8.7091077;30;Original OSM
Routenpunkt (Way);Neuenheimer Landstraße;49.4152464;8.7092132;30;Original OSM
Routenpunkt (Way);Ziegelhäuser Landstraße;49.4187444;8.724213;50;Original OSM
Routenpunkt (Way);Ziegelhäuser Landstraße;49.418810050000005;8.724304;50;Interpoliert
Routenpunkt (Way);Ziegelhäuser Landstraße;49.4188757;8.724395;50;Original OSM
Routenpunkt (Way);Ziegelhäuser Landstraße;49.418968050000004;8.7245266;50;Interpoliert
Routenpunkt (Way);Ziegelhäuser Landstraße;49.4190604;8.7246582;50;Original OSM
Routenpunkt (Way);Ziegelhäuser Landstraße;49.4191113;8.72473905;50;Interpoliert
Routenpunkt (Way);Ziegelhäuser Landstraße;49.4191622;8.7248199;50;Original OSM
Routenpunkt (Way);Ziegelhäuser Landstraße;49.4192374;8.7249434;50;Original OSM
Routenpunkt (Way);Kurfürsten-Anlage;49.4056834;8.6726799;50;Original OSM
Routenpunkt (Way);Kurfürsten-Anlage;49.405616300000005;8.6726995;50;Interpoliert
Routenpunkt (Way);Kurfürsten-Anlage;49.4055492;8.6727191;50;Original OSM
Routenpunkt (Way);Kurfürsten-Anlage;49.4055182;8.6727282;50;Original OSM
Routenpunkt (Way);Peterstaler Straße;49.4210759;8.7561693;30;Original OSM
Routenpunkt (Way);Peterstaler Straße;49.4210221;8.7562244;30;Original OSM
Routenpunkt (Way);Peterstaler Straße;49.420983;8.7562581;30;Original OSM
Routenpunkt (Way);Peterstaler Straße;49.4209123;8.7562991;30;Original OSM
Routenpunkt (Way);Peterstaler Straße;49.4208733;8.7563198;30;Original OSM
Routenpunkt (Way);Peterstaler Straße;49.420787849999996;8.75636515;30;Interpoliert
Routenpunkt (Way);Peterstaler Straße;49.4207024;8.7564105;30;Original OSM
Routenpunkt (Way);Peterstaler Straße;49.4206205;8.7564503;30;Original OSM
Routenpunkt (Way);Peterstaler Straße;49.4205493;8.7564898;30;Interpoliert
Routenpunkt (Way);Peterstaler Straße;49.4204781;8.7565293;30;Original OSM
Routenpunkt (Way);Peterstaler Straße;49.42035515;8.7566033;30;Interpoliert
Routenpunkt (Way);Peterstaler Straße;49.4202322;8.7566773;30;Original OSM
Routenpunkt (Way);Peterstaler Straße;49.4201313;8.756728;30;Original OSM
Routenpunkt (Way);Peterstaler Straße;49.4200831;8.7567489;30;Original OSM
Routenpunkt (Way);Peterstaler Straße;49.4200392;8.7567666;30;Original OSM
Routenpunkt (Way);Peterstaler Straße;49.4199748;8.7567911;30;Original OSM
Routenpunkt (Way);Peterstaler Straße;49.4199203;8.7568087;30;Original OSM
Routenpunkt (Way);Peterstaler Straße;49.419854;8.7568276;30;Original OSM
Routenpunkt (Way);Peterstaler Straße;49.4197861;8.7568412;30;Original OSM
Routenpunkt (Way);Peterstaler Straße;49.4197721;8.7568431;30;Original OSM
Routenpunkt (Way);Peterstaler Straße;49.4197112;8.7568516;30;Original OSM
Routenpunkt (Way);Peterstaler Straße;49.4195788;8.7568664;30;Original OSM
Routenpunkt (Way);Peterstaler Straße;49.4195402;8.7568707;30;Original OSM
Routenpunkt (Way);Peterstaler Straße;49.419466400000005;8.756876250000001;30;Interpoliert
Routenpunkt (Way);Peterstaler Straße;49.4193926;8.7568818;30;Original OSM
Routenpunkt (Way);Unbekannt;49.4048731;8.6812581;;Original OSM
Routenpunkt (Way);Unbekannt;49.4048906;8.6813575;;Original OSM
Routenpunkt (Way);Unbekannt;49.4049225;8.6815399;;Interpoliert
Routenpunkt (Way);Unbekannt;49.4049544;8.6817223;;Interpoliert
Routenpunkt (Way);Unbekannt;49.4049863;8.6819047;;Interpoliert
Routenpunkt (Way);Unbekannt;49.4050182;8.6820871;;Interpoliert
Routenpunkt (Way);Unbekannt;49.4050501;8.6822695;;Original OSM
Routenpunkt (Way);Unbekannt;49.40506834999999;8.682374150000001;;Interpoliert
Routenpunkt (Way);Unbekannt;49.4050866;8.6824788;;Original OSM
Routenpunkt (Way);Unbekannt;49.405091;8.6826281;;Original OSM
Routenpunkt (Way);Unbekannt;49.405052;8.6828108;;Original OSM
Routenpunkt (Way);Heidelberg Hauptbahnhof;49.4048672;8.6756332;;Original OSM
Routenpunkt (Way);Heidelberg Hauptbahnhof;49.404827319999995;8.67582202;;Interpoliert
Routenpunkt (Way);Heidelberg Hauptbahnhof;49.40478744;8.67601084;;Interpoliert
Routenpunkt (Way);Heidelberg Hauptbahnhof;49.40474756;8.67619966;;Interpoliert
Routenpunkt (Way);Heidelberg Hauptbahnhof;49.40470768;8.67638848;;Interpoliert
Routenpunkt (Way);Heidelberg Hauptbahnhof;49.4046678;8.6765773;;Original OSM
Routenpunkt (Way);Unbekannt;49.4045637;8.6769694;;Original OSM
Routenpunkt (Way);Unbekannt;49.4045405;8.6770444;;Original OSM
Routenpunkt (Way);Unbekannt;49.4045113;8.67714;;Original OSM
Routenpunkt (Way);Unbekannt;49.4044976;8.6771927;;Original OSM
Routenpunkt (Way);Unbekannt;49.4044938;8.6772075;;Original OSM
Routenpunkt (Way);Unbekannt;49.4044693;8.6773249;;Original OSM
Routenpunkt (Way);Unbekannt;49.4044665;8.6773385;;Original OSM
Routenpunkt (Way);Unbekannt;49.404457;8.6774148;;Original OSM
Routenpunkt (Way);Unbekannt;49.4044402;8.6775292;;Original OSM
Routenpunkt (Way);Unbekannt;49.404426900000004;8.677647100000002;;Interpoliert
Routenpunkt (Way);Unbekannt;49.4044136;8.677765;;Original OSM
Routenpunkt (Way);Unbekannt;49.404406800000004;8.6778834;;Interpoliert
Routenpunkt (Way);Unbekannt;49.4044;8.6780018;;Original OSM
Routenpunkt (Way);Unbekannt;49.40439775;8.678109899999999;;Interpoliert
Routenpunkt (Way);Unbekannt;49.4043955;8.678218;;Original OSM
Routenpunkt (Way);Unbekannt;49.4044041;8.6784174;;Original OSM
Routenpunkt (Way);Unbekannt;49.404423300000005;8.6786145;;Interpoliert
Routenpunkt (Way);Unbekannt;49.4044425;8.6788116;;Original OSM
Routenpunkt (Way);Unbekannt;49.40446535;8.6789698;;Interpoliert
Routenpunkt (Way);Unbekannt;49.4044882;8.679128;;Original OSM
Routenpunkt (Way);Unbekannt;49.40451965;8.67930925;;Interpoliert
Routenpunkt (Way);Unbekannt;49.4045511;8.6794905;;Original OSM
Routenpunkt (Way);Unbekannt;49.40458655;8.6796842375;;Interpoliert
Routenpunkt (Way);Unbekannt;49.404622;8.679877975;;Interpoliert
Routenpunkt (Way);Unbekannt;49.40465745;8.6800717125;;Interpoliert
Routenpunkt (Way);Unbekannt;49.4046929;8.68026545;;Interpoliert
Routenpunkt (Way);Unbekannt;49.40472835;8.6804591875;;Interpoliert
Routenpunkt (Way);Unbekannt;49.4047638;8.680652925;;Interpoliert
Routenpunkt (Way);Unbekannt;49.40479925;8.6808466625;;Interpoliert
Routenpunkt (Way);Unbekannt;49.4048347;8.6810404;;Original OSM
Routenpunkt (Way);Unbekannt;49.4048555;8.6811562;;Original OSM
Routenpunkt (Way);Unbekannt;49.4048731;8.6812581;;Original OSM
Routenpunkt (Way);Unbekannt;49.4072158;8.6924882;;Original OSM
Routenpunkt (Way);Unbekannt;49.4072235;8.6925166;;Original OSM
Routenpunkt (Way);Unbekannt;49.4072299;8.6925371;;Original OSM
Routenpunkt (Way);Unbekannt;49.4072361;8.692555;;Original OSM
Routenpunkt (Way);Unbekannt;49.4072441;8.6925757;;Original OSM
Routenpunkt (Way);Unbekannt;49.4072514;8.6925927;;Original OSM
Routenpunkt (Way);Unbekannt;49.4072598;8.6926096;;Original OSM
Routenpunkt (Way);Unbekannt;49.4072716;8.6926303;;Original OSM
Routenpunkt (Way);Unbekannt;49.4072786;8.692641;;Original OSM
Routenpunkt (Way);Unbekannt;49.4072844;8.6926505;;Original OSM
Routenpunkt (Way);Unbekannt;49.4073;8.6926735;;Original OSM
Routenpunkt (Way);Unbekannt;49.4073117;8.692689;;Original OSM
Routenpunkt (Way);Unbekannt;49.4073173;8.6926964;;Original OSM
Routenpunkt (Way);Unbekannt;49.407334;8.6927123;;Original OSM
Routenpunkt (Way);Unbekannt;49.4073547;8.6927291;;Original OSM
Routenpunkt (Way);Unbekannt;49.4073777;8.6927439;;Original OSM
Routenpunkt (Way);Unbekannt;49.4049891;8.6751881;;Original OSM
Routenpunkt (Way);Unbekannt;49.4049705;8.6752389;;Original OSM
Routenpunkt (Way);Unbekannt;49.4049576;8.6752865;;Original OSM
Routenpunkt (Way);Unbekannt;49.404947;8.6753325;;Original OSM
Routenpunkt (Way);Unbekannt;49.4049193;8.6754717;;Interpoliert
Routenpunkt (Way);Unbekannt;49.4048916;8.6756109;;Original OSM
Routenpunkt (Way);Unbekannt;49.40485256;8.67579684;;Interpoliert
Routenpunkt (Way);Unbekannt;49.40481352;8.67598278;;Interpoliert
Routenpunkt (Way);Unbekannt;49.40477448;8.67616872;;Interpoliert
Routenpunkt (Way);Unbekannt;49.404735439999996;8.67635466;;Interpoliert
Routenpunkt (Way);Unbekannt;49.4046964;8.6765406;;Original OSM
Routenpunkt (Way);Neuenheimer Landstraße;49.4138487;8.6934689;30;Original OSM
Routenpunkt (Way);Neuenheimer Landstraße;49.4138274;8.6936326;30;Original OSM
Routenpunkt (Way);Neuenheimer Landstraße;49.41380023333333;8.6938189;30;Interpoliert
Routenpunkt (Way);Neuenheimer Landstraße;49.41377306666667;8.694005200000001;30;Interpoliert
Routenpunkt (Way);Neuenheimer Landstraße;49.4137459;8.6941915;30;Original OSM
Routenpunkt (Way);Max-Jarecki-Straße;49.4019388;8.6729279;30;Original OSM
Routenpunkt (Way);Max-Jarecki-Straße;49.4019054;8.6728642;30;Original OSM
Routenpunkt (Way);Max-Jarecki-Straße;49.4018582;8.6728314;30;Original OSM
Routenpunkt (Way);Max-Jarecki-Straße;49.4017921;8.6727898;30;Original OSM
Routenpunkt (Way);Max-Jarecki-Straße;49.4016744;8.6727174;30;Original OSM
Routenpunkt (Way);Max-Jarecki-Straße;49.4016064;8.672671900000001;30;Interpoliert
Routenpunkt (Way);Max-Jarecki-Straße;49.4015384;8.6726264;30;Original OSM
Routenpunkt (Way);Unbekannt;49.4052199;8.6749006;;Original OSM
Routenpunkt (Way);Unbekannt;49.4051788;8.6749318;;Original OSM
Routenpunkt (Way);Unbekannt;49.4051418;8.6749761;;Original OSM
Routenpunkt (Way);Unbekannt;49.405114;8.6750032;;Original OSM
Routenpunkt (Way);Unbekannt;49.4050886;8.6750298;;Original OSM
Routenpunkt (Way);Unbekannt;49.4050793;8.6750395;;Original OSM
Routenpunkt (Way);Unbekannt;49.4050434;8.6750914;;Original OSM
Routenpunkt (Way);Unbekannt;49.4050298;8.6751164;;Original OSM
Routenpunkt (Way);Unbekannt;49.4049891;8.6751881;;Original OSM
Routenpunkt (Way);Unbekannt;49.404627;8.6767833;;Original OSM
Routenpunkt (Way);Unbekannt;49.4046047;8.6768487;;Original OSM
Routenpunkt (Way);Unbekannt;49.4045637;8.6769694;;Original OSM
Routenpunkt (Way);Czernyring;49.4047452;8.6699375;50;Original OSM
Routenpunkt (Way);Czernyring;49.4046484;8.6700567;50;Interpoliert
Routenpunkt (Way);Czernyring;49.4045516;8.6701759;50;Original OSM
Routenpunkt (Way);Czernyring;49.404973;8.669681;50;Original OSM
Routenpunkt (Way);Czernyring;49.4050304;8.6696511;50;Original OSM
Routenpunkt (Way);Czernyring;49.4050599;8.6696407;50;Original OSM
Routenpunkt (Way);Czernyring;49.4050898;8.6696313;50;Original OSM
Routenpunkt (Way);Czernyring;49.4051068;8.6696258;50;Original OSM
Routenpunkt (Way);Czernyring;49.4051317;8.6696196;50;Original OSM
Routenpunkt (Way);Czernyring;49.4051621;8.6696145;50;Original OSM
Routenpunkt (Way);Czernyring;49.4051777;8.6696148;50;Original OSM
Routenpunkt (Way);Czernyring;49.4051918;8.6696174;50;Original OSM
Routenpunkt (Way);Czernyring;49.4052102;8.669624;50;Original OSM
Routenpunkt (Way);Czernyring;49.4052247;8.6696319;50;Original OSM
Routenpunkt (Way);Czernyring;49.4052396;8.6696422;50;Original OSM
Routenpunkt (Way);Czernyring;49.4052676;8.6696676;50;Original OSM
Routenpunkt (Way);Czernyring;49.4047452;8.6699375;50;Original OSM
Routenpunkt (Way);Czernyring;49.4048474;8.6698242;50;Interpoliert
Routenpunkt (Way);Czernyring;49.4049496;8.6697109;50;Original OSM
Routenpunkt (Way);Czernyring;49.404973;8.669681;50;Original OSM
Routenpunkt (Way);Wilhelmsfelder Straße;49.4501029;8.754266;50;Original OSM
Routenpunkt (Way);Wilhelmsfelder Straße;49.450033;8.7542322;50;Original OSM
Routenpunkt (Way);Wilhelmsfelder Straße;49.4499422;8.754193;50;Original OSM
Routenpunkt (Way);Unbekannt;49.4090851;8.6927327;;Original OSM
Routenpunkt (Way);Unbekannt;49.4091323;8.6928035;;Original OSM
Routenpunkt (Way);Unbekannt;49.409238;8.6929569;;Original OSM
Routenpunkt (Way);Unbekannt;49.4093391;8.6930595;;Original OSM
Routenpunkt (Way);Unbekannt;49.4093977;8.6931098;;Original OSM
Routenpunkt (Way);Unbekannt;49.4093977;8.6931098;;Original OSM
Routenpunkt (Way);Unbekannt;49.4094479;8.6931529;;Original OSM
Routenpunkt (Way);Unbekannt;49.4095574;8.6932248;;Original OSM
Routenpunkt (Way);Unbekannt;49.4095652;8.6932299;;Original OSM
Routenpunkt (Way);Unbekannt;49.4095652;8.6932299;;Original OSM
Routenpunkt (Way);Unbekannt;49.40964555;8.69326635;;Interpoliert
Routenpunkt (Way);Unbekannt;49.4097259;8.6933028;;Original OSM
Routenpunkt (Way);Unbekannt;49.40979725;8.6933218;;Interpoliert
Routenpunkt (Way);Unbekannt;49.4098686;8.6933408;;Original OSM
Routenpunkt (Way);Unbekannt;49.4099484;8.6933389;;Original OSM
Routenpunkt (Way);Kurfürsten-Anlage;49.4059147;8.6726144;50;Original OSM
Routenpunkt (Way);Kurfürsten-Anlage;49.4060164;8.6726028;50;Original OSM
Routenpunkt (Way);Max-Jarecki-Straße;49.4022476;8.6731499;30;Original OSM
Routenpunkt (Way);Max-Jarecki-Straße;49.4022896;8.6731836;30;Original OSM
Routenpunkt (Way);Max-Jarecki-Straße;49.4023114;8.6732056;30;Original OSM
Routenpunkt (Way);Max-Jarecki-Straße;49.4024112;8.6733069;30;Original OSM
Routenpunkt (Way);Peterstaler Straße;49.4292452;8.749256;50;Original OSM
Routenpunkt (Way);Peterstaler Straße;49.4291706;8.7492905;50;Interpoliert
Routenpunkt (Way);Peterstaler Straße;49.429096;8.749325;50;Original OSM
Routenpunkt (Way);Peterstaler Straße;49.4290494;8.7493458;50;Original OSM
Routenpunkt (Way);Peterstaler Straße;49.4290192;8.7493592;50;Original OSM
Routenpunkt (Way);Peterstaler Straße;49.4289198;8.7493893;50;Interpoliert
Routenpunkt (Way);Peterstaler Straße;49.4288204;8.7494194;50;Original OSM
Routenpunkt (Way);Peterstaler Straße;49.428721100000004;8.74944;50;Interpoliert
Routenpunkt (Way);Peterstaler Straße;49.4286218;8.7494606;50;Original OSM
Routenpunkt (Way);Peterstaler Straße;49.42854025;8.749479000000001;50;Interpoliert
Routenpunkt (Way);Peterstaler Straße;49.4284587;8.7494974;50;Original OSM
Routenpunkt (Way);Peterstaler Straße;49.4284587;8.7494974;50;Original OSM
Routenpunkt (Way);Peterstaler Straße;49.42833505;8.749525299999998;50;Interpoliert
Routenpunkt (Way);Peterstaler Straße;49.4282114;8.7495532;50;Original OSM
Routenpunkt (Way);Peterstaler Straße;49.4281214;8.74958425;50;Interpoliert
Routenpunkt (Way);Peterstaler Straße;49.4280314;8.7496153;50;Original OSM
Routenpunkt (Way);Peterstaler Straße;49.4325321;8.7471931;50;Original OSM
Routenpunkt (Way);Peterstaler Straße;49.43244575;8.74719625;50;Interpoliert
Routenpunkt (Way);Peterstaler Straße;49.4323594;8.7471994;50;Original OSM
Routenpunkt (Way);Peterstaler Straße;49.4323076;8.7472047;50;Original OSM
Routenpunkt (Way);Peterstaler Straße;49.4322661;8.7472134;50;Original OSM
Routenpunkt (Way);Peterstaler Straße;49.4322236;8.7472257;50;Original OSM
Routenpunkt (Way);Peterstaler Straße;49.43218;8.7472426;50;Original OSM
Routenpunkt (Way);Peterstaler Straße;49.4321279;8.7472647;50;Original OSM
Routenpunkt (Way);Peterstaler Straße;49.4320701;8.7472985;50;Original OSM
Routenpunkt (Way);Peterstaler Straße;49.4319622;8.7473695;50;Original OSM
Routenpunkt (Way);Peterstaler Straße;49.4319018;8.7474137;50;Original OSM
Routenpunkt (Way);Peterstaler Straße;49.4318615;8.7474432;50;Original OSM
Routenpunkt (Way);Peterstaler Straße;49.4318007;8.7474925;50;Original OSM
Routenpunkt (Way);Peterstaler Straße;49.4317226;8.7475597;50;Original OSM
Routenpunkt (Way);Peterstaler Straße;49.4316635;8.7476142;50;Original OSM
Routenpunkt (Way);Peterstaler Straße;49.4316059;8.7476672;50;Original OSM
Routenpunkt (Way);Peterstaler Straße;49.4315524;8.7477184;50;Original OSM
Routenpunkt (Way);Peterstaler Straße;49.43144115;8.7478251;50;Interpoliert
Routenpunkt (Way);Peterstaler Straße;49.4313299;8.7479318;50;Interpoliert
Routenpunkt (Way);Peterstaler Straße;49.431218650000005;8.7480385;50;Interpoliert
Routenpunkt (Way);Peterstaler Straße;49.4311074;8.7481452;50;Interpoliert
Routenpunkt (Way);Peterstaler Straße;49.43099615;8.7482519;50;Interpoliert
Routenpunkt (Way);Peterstaler Straße;49.4308849;8.7483586;50;Interpoliert
Routenpunkt (Way);Peterstaler Straße;49.430773650000006;8.7484653;50;Interpoliert
Routenpunkt (Way);Peterstaler Straße;49.4306624;8.748572;50;Original OSM
Routenpunkt (Way);Peterstaler Straße;49.4305515;8.748659;50;Original OSM
Routenpunkt (Way);Peterstaler Straße;49.4304407;8.7487344;50;Original OSM
Routenpunkt (Way);Peterstaler Straße;49.430347;8.7487884;50;Original OSM
Routenpunkt (Way);Peterstaler Straße;49.4302667;8.7488259;50;Original OSM
Routenpunkt (Way);Peterstaler Straße;49.43014603333333;8.748868466666666;50;Interpoliert
Routenpunkt (Way);Peterstaler Straße;49.43002536666667;8.748911033333334;50;Interpoliert
Routenpunkt (Way);Peterstaler Straße;49.4299047;8.7489536;50;Original OSM
Routenpunkt (Way);Peterstaler Straße;49.429801366666666;8.7489966;50;Interpoliert
Routenpunkt (Way);Peterstaler Straße;49.42969803333334;8.7490396;50;Interpoliert
Routenpunkt (Way);Peterstaler Straße;49.4295947;8.7490826;50;Original OSM
Routenpunkt (Way);Peterstaler Straße;49.4294782;8.7491404;50;Interpoliert
Routenpunkt (Way);Peterstaler Straße;49.4293617;8.7491982;50;Interpoliert
Routenpunkt (Way);Peterstaler Straße;49.4292452;8.749256;50;Original OSM
Routenpunkt (Way);Unbekannt;49.4046964;8.6765406;;Original OSM
Routenpunkt (Way);Unbekannt;49.404682;8.6766068;;Original OSM
Routenpunkt (Way);Unbekannt;49.404665;8.6766665;;Original OSM
Routenpunkt (Way);Unbekannt;49.4046444;8.676737;;Original OSM
Routenpunkt (Way);Unbekannt;49.404627;8.6767833;;Original OSM
Routenpunkt (Way);Unbekannt;49.408554;8.6925559;;Original OSM
Routenpunkt (Way);Unbekannt;49.4086646;8.6925396;;Original OSM
Routenpunkt (Way);Unbekannt;49.40873275;8.692535849999999;;Interpoliert
Routenpunkt (Way);Unbekannt;49.4088009;8.6925321;;Original OSM
Routenpunkt (Way);Unbekannt;49.4088051;8.6925322;;Original OSM
Routenpunkt (Way);Unbekannt;49.4088736;8.6925344;;Original OSM
Routenpunkt (Way);Unbekannt;49.4089284;8.6925586;;Original OSM
Routenpunkt (Way);Unbekannt;49.4089627;8.6925806;;Original OSM
Routenpunkt (Way);Unbekannt;49.4090196;8.6926346;;Original OSM
Routenpunkt (Way);Unbekannt;49.4090851;8.6927327;;Original OSM
Routenpunkt (Way);Kurfürsten-Anlage;49.4051684;8.6835035;50;Original OSM
Routenpunkt (Way);Kurfürsten-Anlage;49.4051946;8.6836668;50;Original OSM
Routenpunkt (Way);Kurfürsten-Anlage;49.4052015;8.683771;50;Original OSM
Routenpunkt (Way);Kurfürsten-Anlage;49.4052021;8.6837931;50;Original OSM
Routenpunkt (Way);Kurfürsten-Anlage;49.4052035;8.6838481;50;Original OSM
Routenpunkt (Way);Kurfürsten-Anlage;49.4052035;8.6838635;50;Original OSM
Routenpunkt (Way);Kurfürsten-Anlage;49.4052035;8.6839011;50;Original OSM
Routenpunkt (Way);Kurfürsten-Anlage;49.4052024;8.6839441;50;Original OSM
Routenpunkt (Way);In der Neckarhelle;49.4199672;8.7275764;50;Original OSM
Routenpunkt (Way);In der Neckarhelle;49.419947300000004;8.727442400000001;50;Interpoliert
Routenpunkt (Way);In der Neckarhelle;49.4199274;8.7273084;50;Original OSM
Routenpunkt (Way);In der Neckarhelle;49.41990275;8.727164250000001;50;Interpoliert
Routenpunkt (Way);In der Neckarhelle;49.4198781;8.7270201;50;Original OSM
Routenpunkt (Way);In der Neckarhelle;49.4198619;8.7269343;50;Original OSM
Routenpunkt (Way);In der Neckarhelle;49.4198458;8.726849;50;Original OSM
Routenpunkt (Way);In der Neckarhelle;49.4198063;8.7266664;50;Original OSM
Routenpunkt (Way);In der Neckarhelle;49.41976775;8.72650665;50;Interpoliert
Routenpunkt (Way);In der Neckarhelle;49.4197292;8.7263469;50;Original OSM
Routenpunkt (Way);In der Neckarhelle;49.41969363333333;8.726215466666666;50;Interpoliert
Routenpunkt (Way);In der Neckarhelle;49.41965806666667;8.726084033333333;50;Interpoliert
Routenpunkt (Way);In der Neckarhelle;49.4196225;8.7259526;50;Original OSM
Routenpunkt (Way);In der Neckarhelle;49.41959035;8.72584425;50;Interpoliert
Routenpunkt (Way);In der Neckarhelle;49.4195582;8.7257359;50;Original OSM
Routenpunkt (Way);In der Neckarhelle;49.4195023;8.7255548;50;Original OSM
Routenpunkt (Way);In der Neckarhelle;49.4194738;8.7254652;50;Original OSM
Routenpunkt (Way);In der Neckarhelle;49.4194538;8.7254055;50;Original OSM
Routenpunkt (Way);In der Neckarhelle;49.4194144;8.7252973;50;Original OSM
Routenpunkt (Way);In der Neckarhelle;49.4180188;8.7391446;70;Original OSM
Routenpunkt (Way);In der Neckarhelle;49.417968925;8.7393322;70;Interpoliert
Routenpunkt (Way);In der Neckarhelle;49.417919049999995;8.7395198;70;Interpoliert
Routenpunkt (Way);In der Neckarhelle;49.417869175;8.7397074;70;Interpoliert
Routenpunkt (Way);In der Neckarhelle;49.4178193;8.739895;70;Original OSM
Routenpunkt (Way);Kurfürsten-Anlage;49.4053238;8.6738505;50;Original OSM
Routenpunkt (Way);Kurfürsten-Anlage;49.4053553;8.6736732;50;Original OSM
Routenpunkt (Way);Kurfürsten-Anlage;49.4052523;8.6743626;50;Original OSM
Routenpunkt (Way);Kurfürsten-Anlage;49.4052602;8.6742552;50;Original OSM
Routenpunkt (Way);Kurfürsten-Anlage;49.4052738;8.6741533;50;Original OSM
Routenpunkt (Way);Kurfürsten-Anlage;49.4052988;8.6740019;50;Interpoliert
Routenpunkt (Way);Kurfürsten-Anlage;49.4053238;8.6738505;50;Original OSM
Routenpunkt (Way);Kurfürsten-Anlage;49.4053553;8.6736732;50;Original OSM
Routenpunkt (Way);Kurfürsten-Anlage;49.405378;8.6735258;50;Original OSM
Routenpunkt (Way);Czernyring;49.4039418;8.6709346;50;Original OSM
Routenpunkt (Way);Czernyring;49.40386445;8.67102885;50;Interpoliert
Routenpunkt (Way);Czernyring;49.4037871;8.6711231;50;Original OSM
Routenpunkt (Way);Czernyring;49.4044439;8.6703205;50;Original OSM
Routenpunkt (Way);Czernyring;49.4043686;8.67041;50;Original OSM
Routenpunkt (Way);Czernyring;49.40428324;8.67051492;50;Interpoliert
Routenpunkt (Way);Czernyring;49.40419788;8.67061984;50;Interpoliert
Routenpunkt (Way);Czernyring;49.40411252;8.67072476;50;Interpoliert
Routenpunkt (Way);Czernyring;49.40402716;8.67082968;50;Interpoliert
Routenpunkt (Way);Czernyring;49.4039418;8.6709346;50;Original OSM
Routenpunkt (Way);Czernyring;49.4045516;8.6701759;50;Original OSM
Routenpunkt (Way);Czernyring;49.40449775;8.6702482;50;Interpoliert
Routenpunkt (Way);Czernyring;49.4044439;8.6703205;50;Original OSM
Routenpunkt (Way);Czernyring;49.4030495;8.6720914;50;Original OSM
Routenpunkt (Way);Czernyring;49.4030227;8.6721359;50;Original OSM
Routenpunkt (Way);Czernyring;49.4029332;8.6722876;50;Interpoliert
Routenpunkt (Way);Czernyring;49.4028437;8.6724393;50;Original OSM
Routenpunkt (Way);Max-Jarecki-Straße;49.4012161;8.6724495;30;Original OSM
Routenpunkt (Way);Max-Jarecki-Straße;49.4012663;8.6724841;30;Original OSM
Routenpunkt (Way);Max-Jarecki-Straße;49.4012814;8.6724945;30;Original OSM
Routenpunkt (Way);Max-Jarecki-Straße;49.4012998;8.6725054;30;Original OSM
Routenpunkt (Way);Peterstaler Straße;49.4185707;8.7568947;30;Original OSM
Routenpunkt (Way);Peterstaler Straße;49.4185152;8.756895;30;Original OSM
Routenpunkt (Way);Peterstaler Straße;49.422499;8.753912;50;Original OSM
Routenpunkt (Way);Peterstaler Straße;49.4224508;8.7539595;50;Original OSM
Routenpunkt (Way);Peterstaler Straße;49.4223972;8.7540221;50;Original OSM
Routenpunkt (Way);Peterstaler Straße;49.4223519;8.7540817;50;Original OSM
Routenpunkt (Way);Peterstaler Straße;49.4223032;8.7541554;50;Original OSM
Routenpunkt (Way);Peterstaler Straße;49.422249;8.7542452;50;Original OSM
Routenpunkt (Way);Peterstaler Straße;49.4221696;8.7543903;50;Original OSM
Routenpunkt (Way);Peterstaler Straße;49.4221013;8.7545301;50;Original OSM
Routenpunkt (Way);Peterstaler Straße;49.4220694;8.7545998;50;Original OSM
Routenpunkt (Way);Peterstaler Straße;49.42205;8.7546513;50;Original OSM
Routenpunkt (Way);Peterstaler Straße;49.4220394;8.7546766;50;Original OSM
Routenpunkt (Way);Peterstaler Straße;49.4219985;8.754782;50;Original OSM
Routenpunkt (Way);Peterstaler Straße;49.4219737;8.7548454;50;Original OSM
Routenpunkt (Way);Peterstaler Straße;49.4219248;8.7549704;50;Original OSM
Routenpunkt (Way);Peterstaler Straße;49.4218538;8.7551295;50;Original OSM
Routenpunkt (Way);Peterstaler Straße;49.4218376;8.7551612;50;Original OSM
Routenpunkt (Way);Peterstaler Straße;49.4217828;8.7552688;50;Original OSM
Routenpunkt (Way);Peterstaler Straße;49.4217558;8.7553158;50;Original OSM
Routenpunkt (Way);Peterstaler Straße;49.4217197;8.7553788;50;Original OSM
Routenpunkt (Way);Peterstaler Straße;49.4216518;8.7554761;50;Original OSM
Routenpunkt (Way);Peterstaler Straße;49.4215759;8.7555836;50;Original OSM
