Typ;Type;Name;Latitude;Longitude;Tempolimit;Ankunft;Abfahrt;Block_ID;Betriebstage;Service_ID;Details;Altitude (m);Roadgrade (%);Surface;Highway_Type;OSM_Name;Fahrt_Nr;Bus_Umlauf_ID
Routenpunkt (Way);T;Böllenfalltor;49.85259;8.669733;50.0;16:40:00;16:40:00;;;;Interpoliert;194.8;1.14;asphalt;service;;1;Kurs 13
Haltestelle;W;Darmstadt Böllenfalltor;49.85259;8.669733;50.0;16:40:00;16:40:00;Kein Umlauf;Sa,So;1318.0;Original GTFS (Snap-Distanz 21m) | Auf Route gesnappt (1m);195.5;0.86;asphalt;service;;1;Kurs 13
Routenpunkt (Way);T;Böllenfalltor;49.852577;8.669936;50.0;;;;;;Original OSM;196.0;0.68;asphalt;service;;1;Kurs 13
Routenpunkt (Way);T;;49.852481;8.669999;50.0;;;;;;Interpoliert (15m);196.0;0.68;asphalt;service;;1;Kurs 13
Routenpunkt (Way);A;Ampel;49.852385;8.670062;50.0;;;;;;Interpoliert (15m);196.0;1.41;asphalt;service;;1;Kurs 13
Routenpunkt (Way);T;Klappacher Straße;49.85229;8.670125;50.0;;;;;;Original OSM;196.0;1.46;asphalt;secondary;Klappacher Straße;1;Kurs 13
Routenpunkt (Way);T;;49.85227;8.670014;50.0;;;;;;Interpoliert (15m);196.3;1.87;asphalt;secondary;Klappacher Straße;1;Kurs 13
Routenpunkt (Way);T;Klappacher Straße;49.852251;8.669904;50.0;;;;;;Interpoliert;196.6;1.87;asphalt;secondary;Klappacher Straße;1;Kurs 13
Routenpunkt (Way);T;Klappacher Straße;49.852216;8.669708;50.0;;;;;;Original OSM;196.9;1.41;asphalt;secondary;Klappacher Straße;1;Kurs 13
Routenpunkt (Way);T;Klappacher Straße;49.852184;8.669532;50.0;;;;;;Interpoliert;196.9;0.23;asphalt;service;;1;Kurs 13
Routenpunkt (Way);T;Klappacher Straße;49.852152;8.669355;50.0;;;;;;Interpoliert;196.6;-1.42;asphalt;secondary;Klappacher Straße;1;Kurs 13
Routenpunkt (Way);T;Klappacher Straße;49.85212;8.669179;50.0;;;;;;Interpoliert;196.3;-2.28;asphalt;secondary;Klappacher Straße;1;Kurs 13
Routenpunkt (Way);T;Klappacher Straße;49.852088;8.669003;50.0;;;;;;Interpoliert;195.7;-2.74;asphalt;secondary;Klappacher Straße;1;Kurs 13
Routenpunkt (Way);T;Klappacher Straße;49.852056;8.668826;50.0;;;;;;Interpoliert;195.4;-2.74;asphalt;secondary;Klappacher Straße;1;Kurs 13
Routenpunkt (Way);T;Klappacher Straße;49.852024;8.66865;50.0;;;;;;Interpoliert;195.1;-2.7;asphalt;secondary;Klappacher Straße;1;Kurs 13
Routenpunkt (Way);T;Klappacher Straße;49.851992;8.668474;50.0;;;;;;Original OSM;194.8;-2.91;asphalt;secondary;Klappacher Straße;1;Kurs 13
Routenpunkt (Way);T;Klappacher Straße;49.851958;8.668282;50.0;;;;;;Interpoliert;194.5;-3.57;asphalt;secondary;Klappacher Straße;1;Kurs 13
Routenpunkt (Way);T;Klappacher Straße;49.851923;8.66809;50.0;;;;;;Interpoliert;193.7;-4.24;asphalt;secondary;Klappacher Straße;1;Kurs 13
Routenpunkt (Way);T;Klappacher Straße;49.851889;8.667898;50.0;;;;;;Interpoliert;192.9;-4.9;asphalt;secondary;Klappacher Straße;1;Kurs 13
Routenpunkt (Way);T;Klappacher Straße;49.851854;8.667706;50.0;;;;;;Interpoliert;192.1;-5.6;asphalt;secondary;Klappacher Straße;1;Kurs 13
Routenpunkt (Way);T;Klappacher Straße;49.851819;8.667514;50.0;;;;;;Interpoliert;191.3;-5.18;asphalt;secondary;Klappacher Straße;1;Kurs 13
Routenpunkt (Way);T;Klappacher Straße;49.851785;8.667323;50.0;;;;;;Interpoliert;190.5;-2.84;asphalt;secondary;Klappacher Straße;1;Kurs 13
Routenpunkt (Way);T;Klappacher Straße;49.85175;8.667131;50.0;;;;;;Interpoliert;190.0;-0.51;asphalt;secondary;Klappacher Straße;1;Kurs 13
Routenpunkt (Way);T;;49.851729;8.667021;50.0;;;;;;Interpoliert (15m);190.5;1.91;asphalt;secondary;Klappacher Straße;1;Kurs 13
Routenpunkt (Way);T;Klappacher Straße;49.851708;8.666911;50.0;;;;;;Original OSM;191.0;4.33;asphalt;secondary;Klappacher Straße;1;Kurs 13
Routenpunkt (Way);T;;49.851688;8.666808;50.0;;;;;;Interpoliert (15m);191.5;6.38;asphalt;secondary;Klappacher Straße;1;Kurs 13
Routenpunkt (Way);T;Klappacher Straße;49.851667;8.666705;50.0;;;;;;Interpoliert;192.0;6.52;asphalt;secondary;Klappacher Straße;1;Kurs 13
Routenpunkt (Way);T;Klappacher Straße;49.851632;8.666528;50.0;;;;;;Interpoliert;192.9;6.66;asphalt;secondary;Klappacher Straße;1;Kurs 13
Routenpunkt (Way);T;Klappacher Straße;49.851597;8.666351;50.0;;;;;;Interpoliert;193.8;6.68;asphalt;secondary;Klappacher Straße;1;Kurs 13
Routenpunkt (Way);T;Klappacher Straße;49.851563;8.666174;50.0;;;;;;Original OSM;194.7;6.71;asphalt;secondary;Klappacher Straße;1;Kurs 13
Routenpunkt (Way);T;Klappacher Straße;49.85153;8.665991;50.0;;;;;;Interpoliert;195.6;6.67;asphalt;secondary;Klappacher Straße;1;Kurs 13
Routenpunkt (Way);T;Klappacher Straße;49.851496;8.665807;50.0;;;;;;Interpoliert;196.5;5.17;asphalt;secondary;;1;Kurs 13
Routenpunkt (Way);T;Klappacher Straße;49.851463;8.665624;50.0;;;;;;Interpoliert;197.4;3.66;asphalt;secondary;;1;Kurs 13
Routenpunkt (Way);T;Klappacher Straße;49.85143;8.665441;50.0;;;;;;Interpoliert;197.3;2.2;asphalt;secondary;Klappacher Straße;1;Kurs 13
Routenpunkt (Way);T;Klappacher Straße;49.851397;8.665257;50.0;;;;;;Interpoliert;197.2;0.73;asphalt;secondary;Klappacher Straße;1;Kurs 13
Routenpunkt (Way);T;Klappacher Straße;49.851364;8.665074;50.0;;;;;;Interpoliert;197.1;-1.03;asphalt;secondary;Klappacher Straße;1;Kurs 13
Routenpunkt (Way);T;Klappacher Straße;49.851331;8.664891;50.0;;;;;;Interpoliert;197.0;-1.32;asphalt;secondary;Klappacher Straße;1;Kurs 13
Routenpunkt (Way);T;Klappacher Straße;49.851298;8.664707;50.0;;;;;;Interpoliert;196.7;-1.61;asphalt;secondary;Klappacher Straße;1;Kurs 13
Routenpunkt (Way);T;Klappacher Straße;49.851265;8.664524;50.0;;;;;;Interpoliert;196.4;-2.02;asphalt;secondary;Klappacher Straße;1;Kurs 13
Routenpunkt (Way);T;Klappacher Straße;49.851231;8.664341;50.0;;;;;;Interpoliert;196.1;-2.43;asphalt;secondary;Klappacher Straße;1;Kurs 13
Routenpunkt (Way);T;;49.851205;8.664196;50.0;;;;;;Interpoliert (15m);195.8;-3.14;asphalt;secondary;Klappacher Straße;1;Kurs 13
Routenpunkt (Way);T;Klappacher Straße;49.851179;8.664051;50.0;;;;;;Original OSM;195.5;-3.84;asphalt;secondary;Klappacher Straße;1;Kurs 13
Routenpunkt (Way);T;;49.851159;8.663908;50.0;;;;;;Interpoliert (15m);194.9;-4.32;asphalt;secondary;Klappacher Straße;1;Kurs 13
Routenpunkt (Way);T;Klappacher Straße;49.85114;8.663765;50.0;;;;;;Interpoliert;194.3;-4.88;asphalt;secondary;Klappacher Straße;1;Kurs 13
Routenpunkt (Way);T;Klappacher Straße;49.851121;8.663586;50.0;;;;;;Original OSM;193.7;-5.43;asphalt;secondary;Klappacher Straße;1;Kurs 13
Routenpunkt (Way);T;Klappacher Straße;49.851114;8.663435;50.0;;;;;;Interpoliert;193.1;-4.86;asphalt;secondary;Klappacher Straße;1;Kurs 13
Routenpunkt (Way);T;Klappacher Straße;49.851107;8.663284;50.0;;;;;;Original OSM;192.5;-5.16;asphalt;secondary;Klappacher Straße;1;Kurs 13
Routenpunkt (Way);T;Klappacher Straße;49.851108;8.663138;50.0;;;;;;Interpoliert;192.2;-5.69;asphalt;secondary;Klappacher Straße;1;Kurs 13
Routenpunkt (Way);T;;49.851106;8.662946;50.0;;;;;;Interpoliert (15m);191.2;-7.21;asphalt;secondary;Klappacher Straße;1;Kurs 13
Routenpunkt (Way);T;Klappacher Straße;49.851103;8.662754;50.0;;;;;;Original OSM;190.2;-8.73;asphalt;secondary;Klappacher Straße;1;Kurs 13
Routenpunkt (Way);T;;49.851112;8.662648;50.0;;;;;;Interpoliert (15m);189.2;-9.36;asphalt;secondary;Klappacher Straße;1;Kurs 13
Haltestelle;W;Darmstadt Marienhospital;49.851122;8.662543;50.0;16:41:00;16:41:00;Kein Umlauf;Sa,So;1318.0;Original GTFS (Snap-Distanz 5m) | Auf Route gesnappt (5m);188.2;-10.95;asphalt;secondary;Klappacher Straße;1;Kurs 13
Routenpunkt (Way);T;Marienhospital;49.851115;8.662381;50.0;;;;;;Original OSM;187.5;-12.55;asphalt;secondary;Klappacher Straße;1;Kurs 13
Routenpunkt (Way);T;;49.851143;8.66228;50.0;;;;;;Interpoliert (15m);186.3;-12.18;asphalt;secondary;Klappacher Straße;1;Kurs 13
Routenpunkt (Way);T;Klappacher Straße;49.851171;8.662179;50.0;;;;;;Interpoliert;185.1;-11.2;asphalt;secondary;Klappacher Straße;1;Kurs 13
Routenpunkt (Way);T;Klappacher Straße;49.851194;8.662035;50.0;;;;;;Original OSM;183.9;-11.66;asphalt;secondary;Klappacher Straße;1;Kurs 13
Routenpunkt (Way);T;Klappacher Straße;49.851229;8.66184;50.0;;;;;;Interpoliert;182.7;-9.3;asphalt;secondary;Klappacher Straße;1;Kurs 13
Routenpunkt (Way);T;Klappacher Straße;49.851263;8.661645;50.0;;;;;;Interpoliert;181.5;-7.01;asphalt;secondary;Klappacher Straße;1;Kurs 13
Routenpunkt (Way);T;Klappacher Straße;49.851298;8.66145;50.0;;;;;;Interpoliert;181.0;-5.49;asphalt;secondary;Klappacher Straße;1;Kurs 13
Routenpunkt (Way);T;;49.851329;8.66127;50.0;;;;;;Interpoliert (15m);180.5;-4.74;asphalt;secondary;Klappacher Straße;1;Kurs 13
Routenpunkt (Way);T;Klappacher Straße;49.851361;8.66109;50.0;;;;;;Original OSM;180.0;-3.98;asphalt;secondary;Klappacher Straße;1;Kurs 13
Routenpunkt (Way);T;;49.851386;8.660939;50.0;;;;;;Interpoliert (15m);179.5;-3.29;asphalt;secondary;Klappacher Straße;1;Kurs 13
Routenpunkt (Way);T;Klappacher Straße;49.851411;8.660789;50.0;;;;;;Interpoliert;179.0;-2.99;asphalt;secondary;Klappacher Straße;1;Kurs 13
Routenpunkt (Way);T;Klappacher Straße;49.851434;8.66065;50.0;;;;;;Interpoliert;179.0;-2.69;asphalt;secondary;Klappacher Straße;1;Kurs 13
Routenpunkt (Way);T;;49.851454;8.660528;50.0;;;;;;Interpoliert (15m);178.8;-2.17;asphalt;secondary;Klappacher Straße;1;Kurs 13
Routenpunkt (Way);T;Klappacher Straße;49.851474;8.660407;50.0;;;;;;Original OSM;178.6;-1.66;asphalt;secondary;Klappacher Straße;1;Kurs 13
Routenpunkt (Way);T;;49.851496;8.660267;50.0;;;;;;Interpoliert (15m);178.4;-1.97;asphalt;secondary;Klappacher Straße;1;Kurs 13
Routenpunkt (Way);T;Klappacher Straße;49.851519;8.660128;50.0;;;;;;Interpoliert;178.2;-2.31;asphalt;secondary;Klappacher Straße;1;Kurs 13
Routenpunkt (Way);T;Klappacher Straße;49.851547;8.659953;50.0;;;;;;Interpoliert;178.0;-2.64;asphalt;secondary;Klappacher Straße;1;Kurs 13
Routenpunkt (Way);T;Klappacher Straße;49.851575;8.659778;50.0;;;;;;Interpoliert;177.5;-3.21;asphalt;secondary;Klappacher Straße;1;Kurs 13
Routenpunkt (Way);T;Klappacher Straße;49.851604;8.659604;50.0;;;;;;Original OSM;177.0;-3.79;asphalt;secondary;Klappacher Straße;1;Kurs 13
Routenpunkt (Way);T;Klappacher Straße;49.85163;8.659465;50.0;;;;;;Interpoliert;176.5;-4.29;asphalt;secondary;Klappacher Straße;1;Kurs 13
Routenpunkt (Way);T;Klappacher Straße;49.851656;8.659326;50.0;;;;;;Original OSM;176.0;-4.0;asphalt;secondary;Klappacher Straße;1;Kurs 13
Routenpunkt (Way);T;Klappacher Straße;49.851692;8.659164;50.0;;;;;;Interpoliert;175.5;-3.81;asphalt;secondary;Klappacher Straße;1;Kurs 13
Routenpunkt (Way);T;Klappacher Straße;49.851727;8.659001;50.0;;;;;;Original OSM;175.2;-3.62;asphalt;secondary;Klappacher Straße;1;Kurs 13
Routenpunkt (Way);T;Klappacher Straße;49.851772;8.658875;50.0;;;;;;Interpoliert;174.9;-3.39;asphalt;secondary;Klappacher Straße;1;Kurs 13
Routenpunkt (Way);T;Klappacher Straße;49.851817;8.658749;50.0;;;;;;Interpoliert;174.5;-3.31;asphalt;secondary;Klappacher Straße;1;Kurs 13
Routenpunkt (Way);T;;49.851873;8.658624;50.0;;;;;;Interpoliert (15m);174.1;-2.98;asphalt;secondary;Klappacher Straße;1;Kurs 13
Routenpunkt (Way);T;Klappacher Straße;49.851929;8.658498;50.0;;;;;;Original OSM;173.7;-2.4;asphalt;secondary;Klappacher Straße;1;Kurs 13
Routenpunkt (Way);T;;49.85202;8.658394;50.0;;;;;;Interpoliert (15m);173.6;-1.62;asphalt;secondary;Klappacher Straße;1;Kurs 13
Routenpunkt (Way);T;Klappacher Straße;49.85211;8.65829;50.0;;;;;;Interpoliert;173.6;-0.89;asphalt;secondary;Klappacher Straße;1;Kurs 13
Routenpunkt (Way);T;Klappacher Straße;49.852206;8.658197;50.0;;;;;;Original OSM;173.6;-0.16;asphalt;secondary;Klappacher Straße;1;Kurs 13
Routenpunkt (Way);T;Klappacher Straße;49.852307;8.658111;50.0;;;;;;Interpoliert;173.6;0.0;asphalt;secondary;Klappacher Straße;1;Kurs 13
Routenpunkt (Way);T;Klappacher Straße;49.852408;8.658025;50.0;;;;;;Interpoliert;173.6;0.0;asphalt;secondary;Klappacher Straße;1;Kurs 13
Routenpunkt (Way);T;Klappacher Straße;49.852509;8.657939;50.0;;;;;;Interpoliert;173.6;0.0;asphalt;secondary;Klappacher Straße;1;Kurs 13
Routenpunkt (Way);T;Klappacher Straße;49.852609;8.657853;50.0;;;;;;Interpoliert;173.6;0.0;asphalt;secondary;Klappacher Straße;1;Kurs 13
Routenpunkt (Way);A;Klappacher Straße (Ampel);49.85271;8.657767;50.0;;;;;;Original OSM;173.6;0.0;asphalt;secondary;Klappacher Straße;1;Kurs 13
Routenpunkt (Way);T;Klappacher Straße;49.852797;8.657691;50.0;;;;;;Interpoliert;173.6;0.0;asphalt;secondary;Klappacher Straße;1;Kurs 13
Routenpunkt (Way);T;;49.852885;8.657603;50.0;;;;;;Interpoliert (15m);173.6;0.0;asphalt;secondary;Klappacher Straße;1;Kurs 13
Routenpunkt (Way);T;;49.852973;8.657515;50.0;;;;;;Interpoliert (15m);173.6;0.0;asphalt;secondary;Klappacher Straße;1;Kurs 13
Routenpunkt (Way);T;Klappacher Straße;49.85306;8.657427;50.0;;;;;;Original OSM;173.6;0.0;asphalt;secondary;Klappacher Straße;1;Kurs 13
Haltestelle;W;Darmstadt Klappacher Straße;49.853168;8.657365;50.0;;;Kein Umlauf;Sa,So;1318.0;Original GTFS (Snap-Distanz 0m) | Auf Route gesnappt (0m);173.6;0.0;asphalt;secondary;Klappacher Straße;1;Kurs 13
Routenpunkt (Way);T;Klappacher Straße;49.853217;8.657321;50.0;;;;;;Original OSM;173.6;0.0;asphalt;secondary;Klappacher Straße;1;Kurs 13
Routenpunkt (Way);T;Klappacher Straße;49.853321;8.657229;50.0;;;;;;Interpoliert;173.6;-0.3;asphalt;secondary;Klappacher Straße;1;Kurs 13
Routenpunkt (Way);T;Klappacher Straße;49.853425;8.657137;50.0;;;;;;Interpoliert;173.6;-0.48;asphalt;secondary;Klappacher Straße;1;Kurs 13
Routenpunkt (Way);T;Klappacher Straße;49.853529;8.657045;50.0;;;;;;Interpoliert;173.4;-0.66;asphalt;secondary;Klappacher Straße;1;Kurs 13
Routenpunkt (Way);T;;49.853616;8.656969;50.0;;;;;;Interpoliert (15m);173.3;-0.84;asphalt;secondary;Klappacher Straße;1;Kurs 13
Routenpunkt (Way);T;Klappacher Straße;49.853703;8.656893;50.0;;;;;;Original OSM;173.2;-1.03;asphalt;secondary;Klappacher Straße;1;Kurs 13
Routenpunkt (Way);T;Landskronstraße;49.8537;8.656734;30.0;;;;;;Interpoliert;173.1;-1.13;asphalt;secondary;Landskronstraße;1;Kurs 13
Routenpunkt (Way);T;Landskronstraße;49.853654;8.656612;30.0;;;;;;Interpoliert;173.0;-1.26;asphalt;secondary;Landskronstraße;1;Kurs 13
Routenpunkt (Way);T;Landskronstraße;49.853608;8.65649;30.0;;;;;;Original OSM;172.8;-1.39;asphalt;secondary;Landskronstraße;1;Kurs 13
Routenpunkt (Way);T;Landskronstraße;49.853556;8.656331;30.0;;;;;;Interpoliert;172.6;-1.61;asphalt;secondary;Landskronstraße;1;Kurs 13
Routenpunkt (Way);T;Landskronstraße;49.853504;8.656171;30.0;;;;;;Original OSM;172.4;-1.81;asphalt;secondary;Landskronstraße;1;Kurs 13
Routenpunkt (Way);T;Landskronstraße;49.853483;8.656034;30.0;;;;;;Interpoliert;172.2;-1.41;asphalt;secondary;Landskronstraße;1;Kurs 13
Routenpunkt (Way);T;Landskronstraße;49.853462;8.655896;30.0;;;;;;Original OSM;172.0;-1.1;asphalt;secondary;Landskronstraße;1;Kurs 13
Routenpunkt (Way);T;Landskronstraße;49.853459;8.655695;30.0;;;;;;Interpoliert;172.0;-0.79;asphalt;secondary;Landskronstraße;1;Kurs 13
Routenpunkt (Way);T;Landskronstraße;49.853456;8.655494;30.0;;;;;;Interpoliert;172.0;-0.39;asphalt;secondary;Landskronstraße;1;Kurs 13
Routenpunkt (Way);T;Landskronstraße;49.853454;8.655293;30.0;;;;;;Interpoliert;172.0;0.0;asphalt;secondary;Landskronstraße;1;Kurs 13
Routenpunkt (Way);T;;49.853442;8.655114;30.0;;;;;;Interpoliert (15m);172.0;0.0;asphalt;secondary;Landskronstraße;1;Kurs 13
Routenpunkt (Way);T;Landskronstraße;49.853431;8.654935;30.0;;;;;;Original OSM;172.0;0.0;asphalt;secondary;Landskronstraße;1;Kurs 13
Routenpunkt (Way);T;;49.853426;8.654797;30.0;;;;;;Interpoliert (15m);172.0;-0.46;asphalt;secondary;Landskronstraße;1;Kurs 13
Routenpunkt (Way);T;Landskronstraße;49.85342;8.654659;30.0;;;;;;Interpoliert;172.0;-0.93;asphalt;secondary;Landskronstraße;1;Kurs 13
Routenpunkt (Way);T;;49.853427;8.65454;30.0;;;;;;Interpoliert (15m);171.8;-1.37;asphalt;secondary;Landskronstraße;1;Kurs 13
Routenpunkt (Way);T;Landskronstraße;49.853434;8.65442;30.0;;;;;;Original OSM;171.6;-1.81;asphalt;secondary;Landskronstraße;1;Kurs 13
Routenpunkt (Way);T;;49.853435;8.654294;30.0;;;;;;Interpoliert (15m);171.4;-2.08;asphalt;secondary;Landskronstraße;1;Kurs 13
Routenpunkt (Way);T;Landskronstraße;49.853436;8.654167;30.0;;;;;;Interpoliert;171.2;-1.88;asphalt;secondary;Landskronstraße;1;Kurs 13
Routenpunkt (Way);T;Landskronstraße;49.853432;8.653959;30.0;;;;;;Interpoliert;171.0;-1.69;asphalt;secondary;Landskronstraße;1;Kurs 13
Routenpunkt (Way);T;Landskronstraße;49.853429;8.653751;30.0;;;;;;Interpoliert;170.8;-1.52;asphalt;secondary;Landskronstraße;1;Kurs 13
Routenpunkt (Way);T;Landskronstraße;49.853425;8.653542;30.0;;;;;;Original OSM;170.6;-1.36;asphalt;secondary;Landskronstraße;1;Kurs 13
Routenpunkt (Way);T;Landskronstraße;49.853424;8.65334;30.0;;;;;;Interpoliert;170.4;-1.55;asphalt;secondary;Landskronstraße;1;Kurs 13
Routenpunkt (Way);T;Ludwigshöhstraße (Bussteig Südseite);49.853383;8.65315;30.0;;;;;;Original OSM;170.2;-1.51;asphalt;secondary;Landskronstraße;1;Kurs 13
Routenpunkt (Way);T;;49.853382;8.653028;30.0;;;;;;Interpoliert (15m);170.0;-1.39;asphalt;secondary;Landskronstraße;1;Kurs 13
Routenpunkt (Way);T;Ludwigshöhstraße (Bussteig Südseite);49.85338;8.652906;30.0;;;;;;Interpoliert;169.9;-1.27;asphalt;secondary;Landskronstraße;1;Kurs 13
Routenpunkt (Way);T;Landskronstraße;49.85342;8.652736;30.0;;;;;;Original OSM;169.8;-1.0;asphalt;secondary;Landskronstraße;1;Kurs 13
Routenpunkt (Way);T;Landskronstraße;49.853419;8.652557;30.0;;;;;;Interpoliert;169.7;-0.69;asphalt;secondary;Landskronstraße;1;Kurs 13
Haltestelle;W;Darmstadt Ludwigshöhstraße;49.853419;8.652557;30.0;16:43:00;16:43:00;Kein Umlauf;Sa,So;1318.0;Original GTFS (Snap-Distanz 5m) | Auf Route gesnappt (5m);169.6;-0.72;asphalt;secondary;Landskronstraße;1;Kurs 13
Routenpunkt (Way);T;Landskronstraße;49.853417;8.652378;30.0;;;;;;Interpoliert;169.5;-0.82;asphalt;secondary;Landskronstraße;1;Kurs 13
Routenpunkt (Way);T;;49.853417;8.652269;30.0;;;;;;Interpoliert (15m);169.4;-1.39;asphalt;secondary;Landskronstraße;1;Kurs 13
Routenpunkt (Way);A;Landskronstraße (Ampel);49.853416;8.65216;30.0;;;;;;Original OSM;169.3;-2.12;asphalt;secondary;Landskronstraße;1;Kurs 13
Routenpunkt (Way);T;;49.853411;8.652045;30.0;;;;;;Interpoliert (15m);169.0;-2.69;asphalt;secondary;Landskronstraße;1;Kurs 13
Routenpunkt (Way);T;Landskronstraße;49.853406;8.65193;30.0;;;;;;Original OSM;168.7;-2.92;asphalt;secondary;Landskronstraße;1;Kurs 13
Routenpunkt (Way);T;;49.853403;8.651815;30.0;;;;;;Interpoliert (15m);168.4;-3.11;asphalt;secondary;Landskronstraße;1;Kurs 13
Routenpunkt (Way);T;Landskronstraße;49.8534;8.6517;30.0;;;;;;Original OSM;168.2;-3.27;asphalt;secondary;Landskronstraße;1;Kurs 13
Routenpunkt (Way);T;;49.853399;8.651574;30.0;;;;;;Interpoliert (15m);168.0;-3.09;asphalt;secondary;Landskronstraße;1;Kurs 13
Routenpunkt (Way);T;Landskronstraße;49.853398;8.651449;30.0;;;;;;Interpoliert;167.6;-2.91;asphalt;secondary;Landskronstraße;1;Kurs 13
Routenpunkt (Way);T;Landskronstraße;49.853396;8.651244;30.0;;;;;;Interpoliert;167.2;-2.97;asphalt;secondary;Landskronstraße;1;Kurs 13
Routenpunkt (Way);T;Landskronstraße;49.853394;8.65104;30.0;;;;;;Interpoliert;166.8;-3.96;asphalt;secondary;Landskronstraße;1;Kurs 13
Routenpunkt (Way);T;Landskronstraße;49.853392;8.650836;30.0;;;;;;Original OSM;166.4;-4.1;asphalt;secondary;Landskronstraße;1;Kurs 13
Routenpunkt (Way);T;Landskronstraße;49.85339;8.65066;30.0;;;;;;Original OSM;165.5;-4.6;asphalt;secondary;Landskronstraße;1;Kurs 13
Routenpunkt (Way);T;Landskronstraße;49.853388;8.650472;30.0;;;;;;Interpoliert;164.8;-5.09;asphalt;secondary;Landskronstraße;1;Kurs 13
Routenpunkt (Way);T;Landskronstraße;49.853385;8.650284;30.0;;;;;;Interpoliert;164.1;-5.73;asphalt;secondary;Landskronstraße;1;Kurs 13
Routenpunkt (Way);T;Landskronstraße;49.853383;8.650096;30.0;;;;;;Interpoliert;163.4;-5.49;asphalt;secondary;Landskronstraße;1;Kurs 13
Routenpunkt (Way);T;Landskronstraße;49.853381;8.649908;30.0;;;;;;Interpoliert;162.6;-5.33;asphalt;secondary;Landskronstraße;1;Kurs 13
Routenpunkt (Way);T;Landskronstraße;49.853378;8.64972;30.0;;;;;;Original OSM;161.8;-5.17;asphalt;secondary;Landskronstraße;1;Kurs 13
Routenpunkt (Way);T;Landskronstraße;49.853376;8.649529;30.0;;;;;;Interpoliert;161.2;-5.09;asphalt;secondary;Landskronstraße;1;Kurs 13
Routenpunkt (Way);T;Landskronstraße;49.853374;8.649339;30.0;;;;;;Original OSM;160.6;-5.5;asphalt;secondary;Landskronstraße;1;Kurs 13
Routenpunkt (Way);T;Landskronstraße;49.853365;8.649165;30.0;;;;;;Interpoliert;160.0;-5.23;asphalt;secondary;Landskronstraße;1;Kurs 13
Routenpunkt (Way);T;Landskronstraße;49.853357;8.648991;30.0;;;;;;Interpoliert;159.0;-5.26;asphalt;secondary;Landskronstraße;1;Kurs 13
Routenpunkt (Way);T;;49.853352;8.648838;30.0;;;;;;Interpoliert (15m);158.5;-5.65;asphalt;secondary;Landskronstraße;1;Kurs 13
Routenpunkt (Way);T;;49.853347;8.648685;30.0;;;;;;Interpoliert (15m);158.0;-5.67;asphalt;secondary;Landskronstraße;1;Kurs 13
Routenpunkt (Way);T;Landskronstraße;49.853342;8.648532;30.0;;;;;;Original OSM;157.3;-5.04;asphalt;secondary;Landskronstraße;1;Kurs 13
Routenpunkt (Way);T;;49.853339;8.648331;30.0;;;;;;Interpoliert (15m);156.6;-5.08;asphalt;secondary;Landskronstraße;1;Kurs 13
Routenpunkt (Way);T;Landskronstraße;49.853336;8.648131;30.0;;;;;;Interpoliert;155.9;-5.13;asphalt;secondary;Landskronstraße;1;Kurs 13
Routenpunkt (Way);T;Landskronstraße;49.853334;8.647926;30.0;;;;;;Interpoliert;155.2;-4.81;asphalt;secondary;Landskronstraße;1;Kurs 13
Routenpunkt (Way);T;Landskronstraße;49.853331;8.647721;30.0;;;;;;Interpoliert;154.5;-5.19;asphalt;secondary;Landskronstraße;1;Kurs 13
Routenpunkt (Way);T;Landskronstraße;49.853329;8.647516;30.0;;;;;;Interpoliert;153.8;-4.89;asphalt;secondary;Landskronstraße;1;Kurs 13
Routenpunkt (Way);T;;49.853325;8.647352;30.0;;;;;;Interpoliert (15m);153.0;-4.62;asphalt;secondary;Landskronstraße;1;Kurs 13
Routenpunkt (Way);T;;49.853321;8.647187;30.0;;;;;;Interpoliert (15m);152.6;-4.24;asphalt;secondary;Landskronstraße;1;Kurs 13
Routenpunkt (Way);A;Landskronstraße (Bussteig Ost) (Ampel);49.853316;8.647023;30.0;;;;;;Original OSM;152.2;-3.58;asphalt;secondary;Landskronstraße;1;Kurs 13
Routenpunkt (Way);T;;49.853321;8.64683;30.0;;;;;;Interpoliert (15m);151.8;-2.72;asphalt;secondary;Landskronstraße;1;Kurs 13
Haltestelle;W;Darmstadt Landskronstraße;49.853325;8.646637;50.0;16:45:00;16:45:00;Kein Umlauf;Sa,So;1318.0;Original GTFS (Snap-Distanz 13m) | Auf Route gesnappt (13m);151.6;-2.54;asphalt;secondary;Rüdesheimer Straße;1;Kurs 13
Routenpunkt (Way);T;;49.853325;8.646525;50.0;;;;;;Interpoliert (15m);151.4;-2.25;asphalt;secondary;Rüdesheimer Straße;1;Kurs 13
Routenpunkt (Way);T;Rüdesheimer Straße;49.853325;8.646413;50.0;;;;;;Original OSM;151.2;-2.06;asphalt;secondary;Rüdesheimer Straße;1;Kurs 13
Routenpunkt (Way);T;;49.853328;8.64627;50.0;;;;;;Interpoliert (15m);151.0;-2.11;asphalt;secondary;Rüdesheimer Straße;1;Kurs 13
Routenpunkt (Way);T;Rüdesheimer Straße;49.85333;8.646126;50.0;;;;;;Interpoliert;150.8;-1.78;asphalt;secondary;Rüdesheimer Straße;1;Kurs 13
Routenpunkt (Way);T;Rüdesheimer Straße;49.853335;8.645961;50.0;;;;;;Interpoliert;150.6;-1.78;asphalt;secondary;Rüdesheimer Straße;1;Kurs 13
Routenpunkt (Way);T;Rüdesheimer Straße;49.85334;8.645796;50.0;;;;;;Original OSM;150.5;-1.88;asphalt;secondary;Rüdesheimer Straße;1;Kurs 13
Routenpunkt (Way);T;Rüdesheimer Straße;49.853347;8.645628;50.0;;;;;;Interpoliert;150.2;-1.99;asphalt;secondary;Rüdesheimer Straße;1;Kurs 13
Routenpunkt (Way);T;Rüdesheimer Straße;49.853354;8.645459;50.0;;;;;;Interpoliert;149.9;-2.15;asphalt;secondary;Rüdesheimer Straße;1;Kurs 13
Routenpunkt (Way);T;Rüdesheimer Straße;49.853361;8.64529;50.0;;;;;;Interpoliert;149.6;-2.44;asphalt;secondary;Rüdesheimer Straße;1;Kurs 13
Routenpunkt (Way);T;Rüdesheimer Straße;49.853368;8.645121;50.0;;;;;;Original OSM;149.3;-3.01;asphalt;secondary;Rüdesheimer Straße;1;Kurs 13
Routenpunkt (Way);T;Rüdesheimer Straße;49.85338;8.644939;50.0;;;;;;Interpoliert;149.0;-3.7;asphalt;secondary;Rüdesheimer Straße;1;Kurs 13
Routenpunkt (Way);T;Rüdesheimer Straße;49.853391;8.644758;50.0;;;;;;Original OSM;148.3;-4.4;asphalt;secondary;Rüdesheimer Straße;1;Kurs 13
Routenpunkt (Way);T;;49.853405;8.644594;50.0;;;;;;Interpoliert (15m);147.6;-5.23;asphalt;secondary;Rüdesheimer Straße;1;Kurs 13
Routenpunkt (Way);T;Rüdesheimer Straße;49.853419;8.644431;50.0;;;;;;Original OSM;146.9;-6.1;asphalt;secondary;Rüdesheimer Straße;1;Kurs 13
Routenpunkt (Way);T;;49.853434;8.644286;50.0;;;;;;Interpoliert (15m);146.2;-5.84;asphalt;secondary;Rüdesheimer Straße;1;Kurs 13
Routenpunkt (Way);T;Rüdesheimer Straße;49.853448;8.644141;50.0;;;;;;Interpoliert;145.5;-5.26;asphalt;secondary;Rüdesheimer Straße;1;Kurs 13
Routenpunkt (Way);T;Rüdesheimer Straße;49.853466;8.643972;50.0;;;;;;Original OSM;145.0;-4.87;asphalt;secondary;Rüdesheimer Straße;1;Kurs 13
Routenpunkt (Way);T;Rüdesheimer Straße;49.853488;8.643788;50.0;;;;;;Interpoliert;144.6;-4.34;asphalt;secondary;Rüdesheimer Straße;1;Kurs 13
Routenpunkt (Way);T;;49.853505;8.643651;50.0;;;;;;Interpoliert (15m);144.2;-4.05;asphalt;secondary;Rüdesheimer Straße;1;Kurs 13
Routenpunkt (Way);A;Rüdesheimer Straße (Ampel);49.853522;8.643514;50.0;;;;;;Original OSM;143.8;-2.98;asphalt;secondary;Rüdesheimer Straße;1;Kurs 13
Routenpunkt (Way);T;;49.853536;8.643409;50.0;;;;;;Interpoliert (15m);143.4;-2.19;asphalt;secondary;Rüdesheimer Straße;1;Kurs 13
Routenpunkt (Way);T;Rüdesheimer Straße;49.85355;8.643304;50.0;;;;;;Interpoliert;143.5;-1.21;asphalt;secondary;Rüdesheimer Straße;1;Kurs 13
Routenpunkt (Way);T;;49.853571;8.643157;50.0;;;;;;Interpoliert (15m);143.6;-0.25;asphalt;secondary;Rüdesheimer Straße;1;Kurs 13
Routenpunkt (Way);T;Rüdesheimer Straße;49.853593;8.643009;50.0;;;;;;Original OSM;143.7;0.95;asphalt;secondary;Rüdesheimer Straße;1;Kurs 13
Routenpunkt (Way);T;;49.853621;8.642843;50.0;;;;;;Interpoliert (15m);143.8;0.86;asphalt;secondary;Rüdesheimer Straße;1;Kurs 13
Routenpunkt (Way);T;Rüdesheimer Straße;49.85365;8.642678;50.0;;;;;;Interpoliert;143.9;0.68;asphalt;secondary;Rüdesheimer Straße;1;Kurs 13
Routenpunkt (Way);T;Rüdesheimer Straße;49.85368;8.642517;50.0;;;;;;Interpoliert;144.0;0.19;asphalt;secondary;Rüdesheimer Straße;1;Kurs 13
Routenpunkt (Way);T;Rüdesheimer Straße;49.85371;8.642357;50.0;;;;;;Interpoliert;144.0;-0.27;asphalt;secondary;Rüdesheimer Straße;1;Kurs 13
Routenpunkt (Way);T;;49.853747;8.642179;50.0;;;;;;Interpoliert (15m);143.8;-0.81;asphalt;secondary;Rüdesheimer Straße;1;Kurs 13
Routenpunkt (Way);T;Rüdesheimer Straße;49.853784;8.642001;50.0;;;;;;Original OSM;143.6;-1.36;asphalt;secondary;Rüdesheimer Straße;1;Kurs 13
Routenpunkt (Way);T;;49.853816;8.641864;50.0;;;;;;Interpoliert (15m);143.4;-1.75;asphalt;secondary;Rüdesheimer Straße;1;Kurs 13
Routenpunkt (Way);T;;49.853847;8.641727;50.0;;;;;;Interpoliert (15m);143.2;-2.02;asphalt;secondary;Rüdesheimer Straße;1;Kurs 13
Routenpunkt (Way);T;Rüdesheimer Straße;49.853878;8.64159;50.0;;;;;;Interpoliert;143.0;-2.32;asphalt;secondary;Rüdesheimer Straße;1;Kurs 13
Routenpunkt (Way);T;Rüdesheimer Straße;49.853922;8.641407;50.0;;;;;;Original OSM;142.6;-2.5;asphalt;secondary;Rüdesheimer Straße;1;Kurs 13
Routenpunkt (Way);T;Rüdesheimer Straße;49.853967;8.641235;50.0;;;;;;Interpoliert;142.2;-3.09;asphalt;secondary;Rüdesheimer Straße;1;Kurs 13
Routenpunkt (Way);T;Rüdesheimer Straße;49.853998;8.64104;50.0;;;;;;Original OSM;141.8;-4.56;asphalt;secondary;Rüdesheimer Straße;1;Kurs 13
Haltestelle;W;Darmstadt Schiebelhuthweg;49.854019;8.640901;50.0;;;Kein Umlauf;Sa,So;1318.0;Original GTFS (Snap-Distanz 4m) | Auf Route gesnappt (7m);141.3;-4.41;asphalt;secondary;Rüdesheimer Straße;1;Kurs 13
Routenpunkt (Way);T;Schiebelhuthweg (Bussteig Nord);49.85404;8.640833;50.0;;;;;;Interpoliert;140.8;-4.68;asphalt;secondary;Rüdesheimer Straße;1;Kurs 13
Routenpunkt (Way);T;Rüdesheimer Straße;49.854115;8.640675;50.0;;;;;;Interpoliert;140.5;-4.94;asphalt;secondary;Rüdesheimer Straße;1;Kurs 13
Routenpunkt (Way);T;Rüdesheimer Straße;49.854155;8.640526;50.0;;;;;;Original OSM;140.0;-4.77;asphalt;secondary;Rüdesheimer Straße;1;Kurs 13
Routenpunkt (Way);T;Rüdesheimer Straße;49.854205;8.640374;50.0;;;;;;Interpoliert;139.5;-3.74;asphalt;secondary;Rüdesheimer Straße;1;Kurs 13
Routenpunkt (Way);T;Rüdesheimer Straße;49.854254;8.640222;50.0;;;;;;Interpoliert;139.0;-3.8;asphalt;secondary;Rüdesheimer Straße;1;Kurs 13
Routenpunkt (Way);T;Rüdesheimer Straße;49.854304;8.640069;50.0;;;;;;Interpoliert;138.5;-3.27;asphalt;secondary;Rüdesheimer Straße;1;Kurs 13
Routenpunkt (Way);T;Rüdesheimer Straße;49.854354;8.639917;50.0;;;;;;Original OSM;138.2;-2.78;asphalt;secondary;Rüdesheimer Straße;1;Kurs 13
Routenpunkt (Way);T;Rüdesheimer Straße;49.854407;8.63977;50.0;;;;;;Interpoliert;138.0;-2.13;asphalt;secondary;Rüdesheimer Straße;1;Kurs 13
Routenpunkt (Way);T;Rüdesheimer Straße;49.85446;8.639623;50.0;;;;;;Interpoliert;137.8;-1.48;asphalt;secondary;Rüdesheimer Straße;1;Kurs 13
Routenpunkt (Way);T;Rüdesheimer Straße;49.854513;8.639475;50.0;;;;;;Interpoliert;137.7;-1.13;asphalt;secondary;Rüdesheimer Straße;1;Kurs 13
Routenpunkt (Way);T;Rüdesheimer Straße;49.854566;8.639328;50.0;;;;;;Original OSM;137.6;-0.94;asphalt;secondary;Rüdesheimer Straße;1;Kurs 13
Routenpunkt (Way);T;Rüdesheimer Straße;49.85463;8.639155;50.0;;;;;;Interpoliert;137.5;-0.75;asphalt;secondary;Rüdesheimer Straße;1;Kurs 13
Routenpunkt (Way);T;Rüdesheimer Straße;49.854695;8.638981;50.0;;;;;;Interpoliert;137.4;-0.72;asphalt;secondary;Rüdesheimer Straße;1;Kurs 13
Routenpunkt (Way);T;Rüdesheimer Straße;49.854759;8.638807;50.0;;;;;;Interpoliert;137.3;-0.28;asphalt;secondary;Rüdesheimer Straße;1;Kurs 13
Routenpunkt (Way);T;Rüdesheimer Straße;49.854824;8.638633;50.0;;;;;;Interpoliert;137.2;0.25;asphalt;secondary;Rüdesheimer Straße;1;Kurs 13
Routenpunkt (Way);T;Rüdesheimer Straße;49.854888;8.63846;50.0;;;;;;Interpoliert;137.4;0.59;asphalt;secondary;Rüdesheimer Straße;1;Kurs 13
Routenpunkt (Way);T;;49.854926;8.63833;50.0;;;;;;Interpoliert (15m);137.6;0.97;asphalt;secondary;Rüdesheimer Straße;1;Kurs 13
Routenpunkt (Way);T;Rüdesheimer Straße;49.854963;8.6382;50.0;;;;;;Interpoliert;137.7;1.35;asphalt;secondary;Rüdesheimer Straße;1;Kurs 13
Routenpunkt (Way);T;;49.855;8.638098;50.0;;;;;;Interpoliert (15m);137.8;0.87;asphalt;secondary;Rüdesheimer Straße;1;Kurs 13
Routenpunkt (Way);T;Südbahnhof;49.855037;8.637997;50.0;;;;;;Original OSM;137.9;0.28;asphalt;secondary;Rüdesheimer Straße;1;Kurs 13
Routenpunkt (Way);T;;49.85509;8.637882;50.0;;;;;;Interpoliert (15m);137.8;0.08;asphalt;secondary;Rüdesheimer Straße;1;Kurs 13
Routenpunkt (Way);T;Rüdesheimer Straße;49.855143;8.637768;50.0;;;;;;Interpoliert;137.7;-0.02;asphalt;secondary;Rüdesheimer Straße;1;Kurs 13
Haltestelle;W;Darmstadt Südbahnhof;49.855143;8.637768;50.0;16:47:00;16:47:00;Kein Umlauf;Sa,So;1318.0;Original GTFS (Snap-Distanz 19m) | Auf Route gesnappt (19m);137.8;-0.09;asphalt;secondary;Rüdesheimer Straße;1;Kurs 13
Routenpunkt (Way);A;Rüdesheimer Straße (Ampel);49.855206;8.637596;50.0;;;;;;Original OSM;137.9;-0.22;asphalt;secondary;Rüdesheimer Straße;1;Kurs 13
Routenpunkt (Way);T;;49.855276;8.637463;50.0;;;;;;Interpoliert (15m);138.0;-0.35;asphalt;tertiary_link;Haardtring;1;Kurs 13
Routenpunkt (Way);T;;49.855346;8.63733;50.0;;;;;;Interpoliert (15m);137.8;-0.83;asphalt;secondary;Danziger Platz;1;Kurs 13
Routenpunkt (Way);T;Danziger Platz;49.855417;8.637197;50.0;;;;;;Original OSM;137.6;-1.94;asphalt;secondary;Danziger Platz;1;Kurs 13
Routenpunkt (Way);T;;49.855509;8.6371;50.0;;;;;;Interpoliert (15m);137.3;-3.07;asphalt;secondary;Danziger Platz;1;Kurs 13
Routenpunkt (Way);T;;49.855601;8.637002;50.0;;;;;;Interpoliert (15m);136.7;-3.39;asphalt;secondary;Danziger Platz;1;Kurs 13
Routenpunkt (Way);T;;49.855693;8.636905;50.0;;;;;;Interpoliert (15m);136.1;-3.72;asphalt;secondary;Haardtring;1;Kurs 13
Routenpunkt (Way);T;Haardtring;49.855785;8.636808;50.0;;;;;;Original OSM;135.7;-3.89;asphalt;secondary;Haardtring;1;Kurs 13
Routenpunkt (Way);T;;49.855885;8.636735;50.0;;;;;;Interpoliert (15m);135.3;-3.5;asphalt;secondary;Haardtring;1;Kurs 13
Routenpunkt (Way);T;Haardtring;49.855984;8.636662;50.0;;;;;;Interpoliert;134.9;-2.95;asphalt;secondary;Haardtring;1;Kurs 13
Routenpunkt (Way);T;Haardtring;49.856097;8.636583;50.0;;;;;;Original OSM;134.5;-2.72;asphalt;secondary;Haardtring;1;Kurs 13
Routenpunkt (Way);T;Haardtring;49.856219;8.636511;50.0;;;;;;Interpoliert;134.2;-2.47;asphalt;secondary;Haardtring;1;Kurs 13
Routenpunkt (Way);T;Haardtring;49.856341;8.63644;50.0;;;;;;Interpoliert;133.9;-2.1;asphalt;secondary;Haardtring;1;Kurs 13
Routenpunkt (Way);T;Haardtring;49.856463;8.636368;50.0;;;;;;Interpoliert;133.6;-1.38;asphalt;secondary;Haardtring;1;Kurs 13
Routenpunkt (Way);T;Haardtring;49.856586;8.636297;50.0;;;;;;Interpoliert;133.4;-0.83;asphalt;secondary;Haardtring;1;Kurs 13
Routenpunkt (Way);T;Haardtring;49.856708;8.636225;50.0;;;;;;Interpoliert;133.5;-0.41;asphalt;secondary;Haardtring;1;Kurs 13
Routenpunkt (Way);T;Haardtring;49.85683;8.636154;50.0;;;;;;Interpoliert;133.6;-0.28;asphalt;secondary;Haardtring;1;Kurs 13
Routenpunkt (Way);T;Haardtring;49.856952;8.636082;50.0;;;;;;Interpoliert;133.6;-0.28;asphalt;secondary;Haardtring;1;Kurs 13
Routenpunkt (Way);T;Haardtring;49.857075;8.636011;50.0;;;;;;Interpoliert;133.4;-0.69;asphalt;secondary;Haardtring;1;Kurs 13
Routenpunkt (Way);T;Haardtring;49.857197;8.635939;50.0;;;;;;Interpoliert;133.2;-1.24;asphalt;secondary;Haardtring;1;Kurs 13
Routenpunkt (Way);T;Haardtring;49.857319;8.635868;50.0;;;;;;Interpoliert;133.0;-1.65;asphalt;secondary;Haardtring;1;Kurs 13
Routenpunkt (Way);T;Haardtring;49.857442;8.635796;50.0;;;;;;Interpoliert;132.7;-1.79;asphalt;secondary;Haardtring;1;Kurs 13
Routenpunkt (Way);T;Haardtring;49.857564;8.635725;50.0;;;;;;Interpoliert;132.4;-1.93;asphalt;secondary;Haardtring;1;Kurs 13
Routenpunkt (Way);T;Haardtring;49.857686;8.635654;50.0;;;;;;Interpoliert;132.1;-2.06;asphalt;secondary;Haardtring;1;Kurs 13
Routenpunkt (Way);T;Haardtring;49.857808;8.635582;50.0;;;;;;Interpoliert;131.8;-2.19;asphalt;secondary;Haardtring;1;Kurs 13
Routenpunkt (Way);T;Haardtring;49.857925;8.635482;50.0;;;;;;Interpoliert;131.5;-1.78;asphalt;secondary;Haardtring;1;Kurs 13
Routenpunkt (Way);T;Haardtring;49.858009;8.635403;50.0;;;;;;Interpoliert;131.2;-0.2;asphalt;secondary;Haardtring;1;Kurs 13
Haltestelle;W;Darmstadt Haardtring;49.858009;8.635403;50.0;;;Kein Umlauf;Sa,So;1318.0;Original GTFS (Snap-Distanz 4m) | Auf Route gesnappt (4m);131.0;0.43;asphalt;secondary;Haardtring;1;Kurs 13
Routenpunkt (Way);T;Haardtring;49.858015;8.635425;50.0;;;;;;Interpoliert;131.1;1.05;asphalt;secondary;Haardtring;1;Kurs 13
Routenpunkt (Way);T;;49.858093;8.635378;50.0;;;;;;Interpoliert (15m);131.2;1.77;asphalt;secondary;Haardtring;1;Kurs 13
Routenpunkt (Way);T;Haardtring;49.858171;8.635332;50.0;;;;;;Interpoliert;131.3;1.94;asphalt;secondary;Haardtring;1;Kurs 13
Routenpunkt (Way);T;;49.858272;8.635292;50.0;;;;;;Interpoliert (15m);131.4;0.62;asphalt;secondary;Haardtring;1;Kurs 13
Routenpunkt (Way);T;Haardtring;49.858374;8.635253;50.0;;;;;;Interpoliert;131.5;0.24;asphalt;secondary;Haardtring;1;Kurs 13
Routenpunkt (Way);T;Haardtring;49.858481;8.635191;50.0;;;;;;Interpoliert;131.4;-0.13;asphalt;secondary;Haardtring;1;Kurs 13
Routenpunkt (Way);T;Haardtring;49.858588;8.635129;50.0;;;;;;Interpoliert;131.3;-0.3;asphalt;secondary;Haardtring;1;Kurs 13
Routenpunkt (Way);T;Haardtring;49.858695;8.635066;50.0;;;;;;Original OSM;131.2;-0.47;asphalt;secondary;Haardtring;1;Kurs 13
Routenpunkt (Way);A;Haardtring (Ampel);49.858806;8.635002;50.0;;;;;;Original OSM;131.2;-0.48;asphalt;secondary;Haardtring;1;Kurs 13
Routenpunkt (Way);T;;49.858909;8.634943;50.0;;;;;;Interpoliert (15m);131.2;-0.48;asphalt;secondary;Haardtring;1;Kurs 13
Routenpunkt (Way);T;Haardtring;49.859012;8.634884;50.0;;;;;;Original OSM;131.1;-0.47;asphalt;secondary;Haardtring;1;Kurs 13
Routenpunkt (Way);T;;49.859121;8.634821;50.0;;;;;;Interpoliert (15m);131.0;-0.64;asphalt;secondary;Haardtring;1;Kurs 13
Routenpunkt (Way);T;Haardtring;49.85923;8.634759;50.0;;;;;;Interpoliert;130.9;-0.8;asphalt;secondary;Haardtring;1;Kurs 13
Routenpunkt (Way);T;Haardtring;49.859333;8.6347;50.0;;;;;;Interpoliert;130.8;-0.5;asphalt;secondary;Haardtring;1;Kurs 13
Routenpunkt (Way);T;Haardtring;49.859436;8.634641;50.0;;;;;;Original OSM;130.7;-0.21;asphalt;secondary;Haardtring;1;Kurs 13
Routenpunkt (Way);T;Haardtring;49.859559;8.63457;50.0;;;;;;Interpoliert;130.8;-0.19;asphalt;secondary;Haardtring;1;Kurs 13
Routenpunkt (Way);T;Haardtring;49.859682;8.634499;50.0;;;;;;Interpoliert;130.9;-0.32;asphalt;secondary;Haardtring;1;Kurs 13
Routenpunkt (Way);T;Haardtring;49.859805;8.634428;50.0;;;;;;Original OSM;130.8;-0.44;asphalt;secondary;Haardtring;1;Kurs 13
Routenpunkt (Way);T;Haardtring;49.859922;8.634363;50.0;;;;;;Interpoliert;130.6;-0.87;asphalt;secondary;Haardtring;1;Kurs 13
Routenpunkt (Way);T;Haardtring;49.860039;8.634297;50.0;;;;;;Interpoliert;130.4;-1.3;asphalt;secondary;Haardtring;1;Kurs 13
Routenpunkt (Way);T;Haardtring;49.860156;8.634232;50.0;;;;;;Interpoliert;130.2;-1.3;asphalt;secondary;Haardtring;1;Kurs 13
Routenpunkt (Way);T;Haardtring;49.860272;8.634167;50.0;;;;;;Interpoliert;130.0;-1.16;asphalt;secondary;Haardtring;1;Kurs 13
Routenpunkt (Way);T;Haardtring;49.860389;8.634101;50.0;;;;;;Interpoliert;129.9;-1.01;asphalt;secondary;Haardtring;1;Kurs 13
Routenpunkt (Way);T;Haardtring;49.860506;8.634036;50.0;;;;;;Interpoliert;129.8;-0.87;asphalt;secondary;Haardtring;1;Kurs 13
Routenpunkt (Way);T;Haardtring;49.860623;8.633971;50.0;;;;;;Interpoliert;129.7;-0.72;asphalt;secondary;Haardtring;1;Kurs 13
Routenpunkt (Way);T;Haardtring;49.86074;8.633905;50.0;;;;;;Interpoliert;129.6;-0.43;asphalt;secondary;Haardtring;1;Kurs 13
Routenpunkt (Way);T;Haardtring;49.860857;8.63384;50.0;;;;;;Interpoliert;129.5;-0.14;asphalt;secondary;Haardtring;1;Kurs 13
Routenpunkt (Way);T;Haardtring;49.860973;8.633774;50.0;;;;;;Interpoliert;129.6;0.29;asphalt;secondary;Haardtring;1;Kurs 13
Routenpunkt (Way);T;Haardtring;49.86109;8.633709;50.0;;;;;;Interpoliert;129.7;0.86;asphalt;secondary;Haardtring;1;Kurs 13
Routenpunkt (Way);T;Haardtring;49.861207;8.633644;50.0;;;;;;Original OSM;129.9;1.43;asphalt;secondary;Haardtring;1;Kurs 13
Routenpunkt (Way);T;Haardtring;49.861325;8.633575;50.0;;;;;;Interpoliert;130.2;1.57;asphalt;secondary;Haardtring;1;Kurs 13
Routenpunkt (Way);T;Haardtring;49.861444;8.633507;50.0;;;;;;Interpoliert;130.5;1.71;asphalt;secondary;Haardtring;1;Kurs 13
Routenpunkt (Way);T;Haardtring;49.861562;8.633438;50.0;;;;;;Interpoliert;130.7;1.7;asphalt;secondary;Haardtring;1;Kurs 13
Routenpunkt (Way);T;Haardtring;49.86168;8.63337;50.0;;;;;;Original OSM;130.9;1.55;asphalt;secondary;Haardtring;1;Kurs 13
Routenpunkt (Way);T;Haardtring;49.861801;8.6333;50.0;;;;;;Interpoliert;131.1;1.4;asphalt;secondary;Haardtring;1;Kurs 13
Routenpunkt (Way);T;Haardtring;49.861923;8.63323;50.0;;;;;;Interpoliert;131.3;1.4;asphalt;secondary;Haardtring;1;Kurs 13
Routenpunkt (Way);T;Haardtring;49.862044;8.63316;50.0;;;;;;Interpoliert;131.5;1.39;asphalt;secondary;Haardtring;1;Kurs 13
Routenpunkt (Way);T;Haardtring;49.862165;8.63309;50.0;;;;;;Interpoliert;131.7;1.25;asphalt;secondary;Haardtring;1;Kurs 13
Routenpunkt (Way);T;Haardtring;49.862287;8.63302;50.0;;;;;;Interpoliert;131.9;0.97;asphalt;secondary;Haardtring;1;Kurs 13
Routenpunkt (Way);T;Haardtring;49.862408;8.63295;50.0;;;;;;Interpoliert;132.0;0.69;asphalt;secondary;Haardtring;1;Kurs 13
Routenpunkt (Way);T;Haardtring;49.862529;8.63288;50.0;;;;;;Interpoliert;132.0;0.27;asphalt;secondary;Haardtring;1;Kurs 13
Routenpunkt (Way);T;Haardtring;49.862651;8.63281;50.0;;;;;;Original OSM;132.0;-0.16;asphalt;secondary;Haardtring;1;Kurs 13
Routenpunkt (Way);T;Haardtring;49.862765;8.632746;50.0;;;;;;Interpoliert;131.9;-0.5;asphalt;secondary;Haardtring;1;Kurs 13
Routenpunkt (Way);T;Haardtring;49.86288;8.632682;50.0;;;;;;Interpoliert;131.8;-0.9;asphalt;secondary;Haardtring;1;Kurs 13
Routenpunkt (Way);T;;49.862958;8.632614;50.0;;;;;;Interpoliert (15m);131.7;-1.22;asphalt;secondary;Haardtring;1;Kurs 13
Routenpunkt (Way);T;Haardtring;49.863036;8.632545;50.0;;;;;;Interpoliert;131.5;-3.41;asphalt;secondary;Haardtring;1;Kurs 13
Haltestelle;W;Darmstadt Philipp-Röth-Weg NSüdbf;49.863142;8.632485;50.0;16:49:00;16:49:00;Kein Umlauf;Sa,So;1318.0;Original GTFS (Snap-Distanz 4m) | Auf Route gesnappt (9m);131.3;-3.66;asphalt;secondary;Haardtring;1;Kurs 13
Routenpunkt (Way);T;Haardtring;49.863158;8.632481;50.0;;;;;;Interpoliert;131.1;-3.74;asphalt;secondary;Haardtring;1;Kurs 13
Routenpunkt (Way);T;Philipp-Röth-Weg (Bussteig Richtung Süd);49.86324;8.632423;50.0;;;;;;Original OSM;130.9;-3.72;asphalt;secondary;Haardtring;1;Kurs 13
Routenpunkt (Way);T;Haardtring;49.86337;8.632412;50.0;;;;;;Interpoliert;130.7;-3.4;asphalt;secondary;Haardtring;1;Kurs 13
Routenpunkt (Way);A;Haardtring (Ampel);49.863458;8.632366;50.0;;;;;;Interpoliert;130.5;-0.91;asphalt;secondary;Haardtring;1;Kurs 13
Routenpunkt (Way);T;;49.863507;8.632196;50.0;;;;;;Interpoliert (15m);130.5;-0.36;asphalt;secondary;Haardtring;1;Kurs 13
Routenpunkt (Way);T;;49.863556;8.632025;50.0;;;;;;Interpoliert (15m);130.6;0.08;asphalt;primary;Hilpertstraße;1;Kurs 13
Routenpunkt (Way);T;Haardtring;49.863605;8.631855;50.0;;;;;;Original OSM;130.7;0.79;asphalt;primary;Hilpertstraße;1;Kurs 13
Routenpunkt (Way);T;;49.863546;8.631712;50.0;;;;;;Interpoliert (15m);130.8;1.12;asphalt;primary;Hilpertstraße;1;Kurs 13
Routenpunkt (Way);T;;49.863487;8.631569;50.0;;;;;;Interpoliert (15m);131.0;1.14;asphalt;primary;Hilpertstraße;1;Kurs 13
Routenpunkt (Way);T;;49.863428;8.631427;50.0;;;;;;Interpoliert (15m);131.2;1.15;asphalt;primary;Hilpertstraße;1;Kurs 13
Routenpunkt (Way);T;;49.863369;8.631284;50.0;;;;;;Interpoliert (15m);131.3;1.17;asphalt;primary;Hilpertstraße;1;Kurs 13
Routenpunkt (Way);T;Hilpertstraße;49.86331;8.631141;50.0;;;;;;Original OSM;131.4;1.02;asphalt;primary;Hilpertstraße;1;Kurs 13
Routenpunkt (Way);T;;49.863246;8.631019;50.0;;;;;;Interpoliert (15m);131.5;0.51;asphalt;primary;Hilpertstraße;1;Kurs 13
Routenpunkt (Way);T;;49.863183;8.630898;50.0;;;;;;Interpoliert (15m);131.6;-0.14;asphalt;primary;Hilpertstraße;1;Kurs 13
Routenpunkt (Way);T;Hilpertstraße;49.86312;8.630776;50.0;;;;;;Original OSM;131.5;-0.79;asphalt;primary;Hilpertstraße;1;Kurs 13
Routenpunkt (Way);T;;49.863075;8.630619;50.0;;;;;;Interpoliert (15m);131.2;-1.45;paving_stones;primary;Hilpertstraße;1;Kurs 13
Routenpunkt (Way);T;;49.863029;8.630461;50.0;;;;;;Interpoliert (15m);130.9;-2.12;paving_stones;primary;Hilpertstraße;1;Kurs 13
Routenpunkt (Way);T;;49.862984;8.630303;50.0;;;;;;Interpoliert (15m);130.6;-2.42;paving_stones;primary;Hilpertstraße;1;Kurs 13
Routenpunkt (Way);T;;49.862938;8.630146;50.0;;;;;;Interpoliert (15m);130.3;-2.08;paving_stones;primary;Hilpertstraße;1;Kurs 13
Routenpunkt (Way);T;Hilpertstraße;49.862893;8.629988;50.0;;;;;;Original OSM;130.0;-1.74;paving_stones;primary;Hilpertstraße;1;Kurs 13
Routenpunkt (Way);T;;49.862849;8.629807;50.0;;;;;;Interpoliert (15m);129.9;-1.4;paving_stones;primary;Hilpertstraße;1;Kurs 13
Routenpunkt (Way);T;;49.862806;8.629626;50.0;;;;;;Interpoliert (15m);129.8;-1.08;paving_stones;primary;Hilpertstraße;1;Kurs 13
Routenpunkt (Way);T;Hilpertstraße;49.862763;8.629445;50.0;;;;;;Interpoliert;129.7;-0.79;paving_stones;primary;Hilpertstraße;1;Kurs 13
Routenpunkt (Way);T;Hilpertstraße;49.862727;8.629282;50.0;;;;;;Original OSM;129.6;-0.45;paving_stones;primary;Hilpertstraße;1;Kurs 13
Routenpunkt (Way);T;Hilpertstraße;49.8627;8.629144;50.0;;;;;;Interpoliert;129.5;-0.11;paving_stones;primary;Hilpertstraße;1;Kurs 13
Routenpunkt (Way);T;Hilpertstraße;49.862673;8.629006;50.0;;;;;;Interpoliert;129.6;0.03;paving_stones;primary;Hilpertstraße;1;Kurs 13
Routenpunkt (Way);T;Hilpertstraße;49.862646;8.628868;50.0;;;;;;Original OSM;129.7;0.19;paving_stones;primary;Hilpertstraße;1;Kurs 13
Routenpunkt (Way);T;;49.862621;8.628729;50.0;;;;;;Interpoliert (15m);129.7;-0.05;paving_stones;primary;Hilpertstraße;1;Kurs 13
Routenpunkt (Way);T;Hilpertstraße;49.862596;8.628591;50.0;;;;;;Original OSM;129.7;-0.91;paving_stones;primary;Hilpertstraße;1;Kurs 13
Routenpunkt (Way);T;;49.862573;8.628469;50.0;;;;;;Interpoliert (15m);129.5;-1.69;paving_stones;primary;Hilpertstraße;1;Kurs 13
Routenpunkt (Way);T;Hilpertstraße;49.862551;8.628347;50.0;;;;;;Interpoliert;129.2;-2.27;paving_stones;primary;Hilpertstraße;1;Kurs 13
Routenpunkt (Way);T;Hilpertstraße;49.862526;8.628209;50.0;;;;;;Interpoliert;128.9;-2.73;paving_stones;primary;Hilpertstraße;1;Kurs 13
Routenpunkt (Way);T;Hilpertstraße;49.862501;8.628072;50.0;;;;;;Original OSM;128.6;-2.75;paving_stones;primary;Hilpertstraße;1;Kurs 13
Routenpunkt (Way);T;Hilpertstraße;49.862471;8.627895;50.0;;;;;;Interpoliert;128.3;-2.41;paving_stones;primary;Hilpertstraße;1;Kurs 13
Routenpunkt (Way);T;Hilpertstraße;49.862441;8.627718;50.0;;;;;;Original OSM;128.0;-2.17;asphalt;primary;Hilpertstraße;1;Kurs 13
Routenpunkt (Way);T;Hilpertstraße;49.862413;8.627549;50.0;;;;;;Interpoliert;127.8;-1.76;asphalt;primary;Hilpertstraße;1;Kurs 13
Routenpunkt (Way);T;;49.862399;8.627391;50.0;;;;;;Interpoliert (15m);127.6;-1.49;asphalt;primary;Hilpertstraße;1;Kurs 13
Routenpunkt (Way);A;Hilpertstraße (Ampel);49.862385;8.627233;50.0;;;;;;Original OSM;127.5;-0.85;asphalt;primary;Hilpertstraße;1;Kurs 13
Routenpunkt (Way);T;;49.86247;8.62716;50.0;;;;;;Interpoliert (15m);127.4;-0.35;asphalt;primary;Deutsche-Telekom-Allee;1;Kurs 13
Routenpunkt (Way);T;Deutsche-Telekom-Allee;49.862554;8.627088;50.0;;;;;;Interpoliert;127.5;0.17;asphalt;primary;Deutsche-Telekom-Allee;1;Kurs 13
Routenpunkt (Way);T;Deutsche-Telekom-Allee;49.862657;8.627054;50.0;;;;;;Interpoliert;127.6;0.5;asphalt;primary;Deutsche-Telekom-Allee;1;Kurs 13
Routenpunkt (Way);T;Deutsche-Telekom-Allee;49.862759;8.62702;50.0;;;;;;Original OSM;127.7;0.84;asphalt;primary;Deutsche-Telekom-Allee;1;Kurs 13
Routenpunkt (Way);T;;49.862872;8.626982;50.0;;;;;;Interpoliert (15m);127.8;0.89;asphalt;primary;Deutsche-Telekom-Allee;1;Kurs 13
Routenpunkt (Way);T;Deutsche-Telekom-Allee;49.862986;8.626944;50.0;;;;;;Interpoliert;127.9;0.72;asphalt;primary;Deutsche-Telekom-Allee;1;Kurs 13
Routenpunkt (Way);T;;49.863059;8.62692;50.0;;;;;;Interpoliert (15m);128.0;0.55;asphalt;primary;Deutsche-Telekom-Allee;1;Kurs 13
Routenpunkt (Way);T;Deutsche-Telekom-Allee;49.863132;8.626896;50.0;;;;;;Interpoliert;128.0;-0.05;asphalt;primary;Deutsche-Telekom-Allee;1;Kurs 13
Routenpunkt (Way);T;Deutsche-Telekom-Allee;49.863251;8.626856;50.0;;;;;;Interpoliert;128.0;-0.64;asphalt;primary;Deutsche-Telekom-Allee;1;Kurs 13
Routenpunkt (Way);T;Deutsche-Telekom-Allee;49.863371;8.626817;50.0;;;;;;Interpoliert;127.7;-1.33;asphalt;primary;Deutsche-Telekom-Allee;1;Kurs 13
Routenpunkt (Way);T;Deutsche-Telekom-Allee;49.86349;8.626777;50.0;;;;;;Interpoliert;127.4;-1.77;asphalt;primary;Deutsche-Telekom-Allee;1;Kurs 13
Routenpunkt (Way);T;Deutsche-Telekom-Allee;49.863609;8.626737;50.0;;;;;;Interpoliert;127.1;-2.21;asphalt;primary;Deutsche-Telekom-Allee;1;Kurs 13
Routenpunkt (Way);T;Deutsche-Telekom-Allee;49.863728;8.626698;50.0;;;;;;Interpoliert;126.8;-2.03;asphalt;primary;Deutsche-Telekom-Allee;1;Kurs 13
Routenpunkt (Way);T;Deutsche-Telekom-Allee;49.863848;8.626658;50.0;;;;;;Interpoliert;126.5;-1.85;asphalt;primary;Deutsche-Telekom-Allee;1;Kurs 13
Routenpunkt (Way);T;;49.863915;8.626636;50.0;;;;;;Interpoliert (15m);126.4;-1.66;asphalt;primary;Deutsche-Telekom-Allee;1;Kurs 13
Routenpunkt (Way);T;Deutsche-Telekom-Allee;49.863982;8.626614;50.0;;;;;;Original OSM;126.3;-1.48;asphalt;primary;Deutsche-Telekom-Allee;1;Kurs 13
Routenpunkt (Way);T;;49.864051;8.626591;50.0;;;;;;Interpoliert (15m);126.2;-1.2;asphalt;primary;Deutsche-Telekom-Allee;1;Kurs 13
Routenpunkt (Way);T;Deutsche-Telekom-Allee;49.86412;8.626568;50.0;;;;;;Original OSM;126.1;-0.41;asphalt;primary;Deutsche-Telekom-Allee;1;Kurs 13
Routenpunkt (Way);T;Deutsche-Telekom-Allee;49.864227;8.626532;50.0;;;;;;Interpoliert;126.0;0.38;asphalt;primary;Deutsche-Telekom-Allee;1;Kurs 13
Routenpunkt (Way);T;;49.864293;8.62651;50.0;;;;;;Interpoliert (15m);126.2;0.92;asphalt;primary;Deutsche-Telekom-Allee;1;Kurs 13
Routenpunkt (Way);T;Deutsche-Telekom-Allee;49.86436;8.626488;50.0;;;;;;Original OSM;126.4;1.54;asphalt;primary;Deutsche-Telekom-Allee;1;Kurs 13
Routenpunkt (Way);T;Deutsche-Telekom-Allee;49.864485;8.626447;50.0;;;;;;Interpoliert;126.6;2.08;asphalt;primary;Deutsche-Telekom-Allee;1;Kurs 13
Routenpunkt (Way);T;Deutsche-Telekom-Allee;49.86458;8.626415;50.0;;;;;;Interpoliert;126.8;1.55;asphalt;primary;Deutsche-Telekom-Allee;1;Kurs 13
Routenpunkt (Way);T;Deutsche-Telekom-Allee;49.864675;8.626383;50.0;;;;;;Original OSM;127.0;1.02;asphalt;primary;Deutsche-Telekom-Allee;1;Kurs 13
Routenpunkt (Way);T;Deutsche-Telekom-Allee;49.864806;8.62634;50.0;;;;;;Interpoliert;127.0;0.74;asphalt;primary;Deutsche-Telekom-Allee;1;Kurs 13
Routenpunkt (Way);T;Deutsche-Telekom-Allee;49.864937;8.626296;50.0;;;;;;Interpoliert;127.0;0.37;asphalt;primary;Deutsche-Telekom-Allee;1;Kurs 13
Routenpunkt (Way);T;Deutsche-Telekom-Allee;49.865068;8.626253;50.0;;;;;;Original OSM;127.0;0.0;asphalt;primary;Deutsche-Telekom-Allee;1;Kurs 13
Routenpunkt (Way);T;Deutsche-Telekom-Allee;49.86519;8.626211;50.0;;;;;;Interpoliert;127.0;0.0;asphalt;primary;Deutsche-Telekom-Allee;1;Kurs 13
Routenpunkt (Way);T;Deutsche-Telekom-Allee;49.865312;8.626169;50.0;;;;;;Interpoliert;127.0;0.29;asphalt;primary;Deutsche-Telekom-Allee;1;Kurs 13
Routenpunkt (Way);T;Deutsche-Telekom-Allee;49.865434;8.626128;50.0;;;;;;Interpoliert;127.0;0.68;asphalt;primary;Deutsche-Telekom-Allee;1;Kurs 13
Routenpunkt (Way);T;Deutsche-Telekom-Allee;49.865556;8.626086;50.0;;;;;;Interpoliert;127.2;1.08;asphalt;primary;Deutsche-Telekom-Allee;1;Kurs 13
Routenpunkt (Way);T;;49.865647;8.626069;50.0;;;;;;Interpoliert (15m);127.4;1.47;asphalt;primary;Deutsche-Telekom-Allee;1;Kurs 13
Routenpunkt (Way);T;;49.865737;8.626053;50.0;;;;;;Interpoliert (15m);127.6;1.82;asphalt;primary;Deutsche-Telekom-Allee;1;Kurs 13
Routenpunkt (Way);T;Deutsche-Telekom-Allee;49.865828;8.626036;50.0;;;;;;Original OSM;127.8;1.89;asphalt;primary;Deutsche-Telekom-Allee;1;Kurs 13
Routenpunkt (Way);T;;49.865929;8.626016;50.0;;;;;;Interpoliert (15m);128.0;1.84;asphalt;primary;Deutsche-Telekom-Allee;1;Kurs 13
Routenpunkt (Way);T;;49.86603;8.625995;50.0;;;;;;Interpoliert (15m);128.2;2.26;asphalt;primary;Deutsche-Telekom-Allee;1;Kurs 13
Routenpunkt (Way);T;Deutsche-Telekom-Allee;49.866132;8.625975;50.0;;;;;;Interpoliert;128.4;2.82;asphalt;primary;Deutsche-Telekom-Allee;1;Kurs 13
Routenpunkt (Way);T;Deutsche-Telekom-Allee;49.866262;8.625932;50.0;;;;;;Original OSM;129.0;3.42;asphalt;primary;Deutsche-Telekom-Allee;1;Kurs 13
Routenpunkt (Way);T;Deutsche-Telekom-Allee;49.866373;8.625894;50.0;;;;;;Interpoliert;129.6;3.54;asphalt;primary;Deutsche-Telekom-Allee;1;Kurs 13
Routenpunkt (Way);T;Deutsche-Telekom-Allee;49.866484;8.625857;50.0;;;;;;Interpoliert;130.2;3.66;asphalt;primary;Deutsche-Telekom-Allee;1;Kurs 13
Routenpunkt (Way);T;Deutsche-Telekom-Allee;49.866595;8.625819;50.0;;;;;;Interpoliert;130.5;3.52;asphalt;primary;Deutsche-Telekom-Allee;1;Kurs 13
Routenpunkt (Way);T;Deutsche-Telekom-Allee;49.866706;8.625782;50.0;;;;;;Interpoliert;130.8;3.23;asphalt;primary;Deutsche-Telekom-Allee;1;Kurs 13
Routenpunkt (Way);T;;49.866787;8.625786;50.0;;;;;;Interpoliert (15m);131.1;2.79;asphalt;primary;Deutsche-Telekom-Allee;1;Kurs 13
Routenpunkt (Way);T;Deutsche-Telekom-Allee;49.866868;8.625791;50.0;;;;;;Original OSM;131.4;2.83;asphalt;unclassified;Mina-Rees-Straße;1;Kurs 13
Routenpunkt (Way);A;Ampel;49.866897;8.625948;50.0;;;;;;Interpoliert (15m);131.7;3.0;asphalt;unclassified;Mina-Rees-Straße;1;Kurs 13
Routenpunkt (Way);T;Mina-Rees-Straße;49.866925;8.626106;30.0;;;;;;Interpoliert;132.0;2.12;asphalt;unclassified;Mina-Rees-Straße;1;Kurs 13
Routenpunkt (Way);T;;49.866954;8.626226;30.0;;;;;;Interpoliert (15m);132.3;1.29;asphalt;unclassified;Mina-Rees-Straße;1;Kurs 13
Routenpunkt (Way);T;Mina-Rees-Straße;49.866984;8.626346;30.0;;;;;;Original OSM;132.2;0.61;asphalt;unclassified;Mina-Rees-Straße;1;Kurs 13
Routenpunkt (Way);T;;49.866994;8.626509;30.0;;;;;;Interpoliert (15m);132.1;-0.18;asphalt;unclassified;Mina-Rees-Straße;1;Kurs 13
Routenpunkt (Way);T;Mina-Rees-Straße;49.867004;8.626672;30.0;;;;;;Original OSM;132.0;-1.23;asphalt;unclassified;Mina-Rees-Straße;1;Kurs 13
Routenpunkt (Way);T;Mina-Rees-Straße;49.867031;8.626872;30.0;;;;;;Interpoliert;131.8;-1.41;asphalt;unclassified;Mina-Rees-Straße;1;Kurs 13
Routenpunkt (Way);T;Mina-Rees-Straße;49.867051;8.62701;30.0;;;;;;Interpoliert;131.6;-1.54;asphalt;unclassified;Mina-Rees-Straße;1;Kurs 13
Routenpunkt (Way);T;Mina-Rees-Straße;49.86707;8.627147;30.0;;;;;;Original OSM;131.4;-1.66;asphalt;unclassified;Mina-Rees-Straße;1;Kurs 13
Routenpunkt (Way);T;Mina-Rees-Straße;49.867095;8.62733;30.0;;;;;;Interpoliert;131.2;-1.69;asphalt;unclassified;Mina-Rees-Straße;1;Kurs 13
Routenpunkt (Way);T;Mina-Rees-Straße;49.86712;8.627513;30.0;;;;;;Interpoliert;131.0;-1.59;asphalt;unclassified;Mina-Rees-Straße;1;Kurs 13
Routenpunkt (Way);T;;49.867145;8.627695;30.0;;;;;;Interpoliert (15m);130.8;-1.52;asphalt;unclassified;Mina-Rees-Straße;1;Kurs 13
Routenpunkt (Way);T;Mina-Rees-Straße;49.86717;8.627877;30.0;;;;;;Original OSM;130.6;-1.54;asphalt;unclassified;Mina-Rees-Straße;1;Kurs 13
Routenpunkt (Way);T;;49.867194;8.628047;30.0;;;;;;Interpoliert (15m);130.4;-1.52;asphalt;unclassified;Mina-Rees-Straße;1;Kurs 13
Routenpunkt (Way);T;Mina-Rees-Straße;49.867217;8.628217;30.0;;;;;;Interpoliert;130.2;-1.22;asphalt;unclassified;Mina-Rees-Straße;1;Kurs 13
Routenpunkt (Way);T;;49.867243;8.628411;30.0;;;;;;Interpoliert (15m);130.0;-0.92;asphalt;unclassified;Mina-Rees-Straße;1;Kurs 13
Routenpunkt (Way);T;;49.86727;8.628605;30.0;;;;;;Interpoliert (15m);130.0;-0.6;asphalt;unclassified;Mina-Rees-Straße;1;Kurs 13
Routenpunkt (Way);T;Mina-Rees-Straße;49.867296;8.628799;30.0;;;;;;Original OSM;130.0;-0.28;asphalt;unclassified;Mina-Rees-Straße;1;Kurs 13
Routenpunkt (Way);T;;49.867315;8.628941;30.0;;;;;;Interpoliert (15m);130.0;0.0;asphalt;unclassified;Mina-Rees-Straße;1;Kurs 13
Routenpunkt (Way);T;;49.867335;8.629083;30.0;;;;;;Interpoliert (15m);130.0;0.0;asphalt;unclassified;Mina-Rees-Straße;1;Kurs 13
Routenpunkt (Way);T;Mina-Rees-Straße;49.867354;8.629225;30.0;;;;;;Interpoliert;130.0;0.0;asphalt;unclassified;Mina-Rees-Straße;1;Kurs 13
Routenpunkt (Way);A;Ampel;49.867369;8.62934;30.0;;;;;;Interpoliert (15m);130.0;0.0;asphalt;unclassified;Mina-Rees-Straße;1;Kurs 13
Routenpunkt (Way);T;Mina-Rees-Straße;49.867385;8.629454;30.0;;;;;;Original OSM;130.0;0.0;asphalt;unclassified;Mina-Rees-Straße;1;Kurs 13
Routenpunkt (Way);T;;49.8674;8.629564;30.0;;;;;;Interpoliert (15m);130.0;0.0;asphalt;unclassified;Mina-Rees-Straße;1;Kurs 13
Routenpunkt (Way);T;Mina-Rees-Straße;49.867414;8.629673;30.0;;;;;;Original OSM;130.0;0.14;asphalt;primary;Am Kavalleriesand;1;Kurs 13
Routenpunkt (Way);T;Am Kavalleriesand;49.867306;8.62971;50.0;;;;;;Original OSM;130.0;0.29;asphalt;primary;Am Kavalleriesand;1;Kurs 13
Routenpunkt (Way);T;Am Kavalleriesand;49.867185;8.629755;50.0;;;;;;Interpoliert;130.1;0.45;asphalt;primary;Am Kavalleriesand;1;Kurs 13
Routenpunkt (Way);T;Am Kavalleriesand;49.867064;8.629801;50.0;;;;;;Original OSM;130.2;0.61;asphalt;primary;Am Kavalleriesand;1;Kurs 13
Routenpunkt (Way);T;Am Kavalleriesand;49.866956;8.629843;50.0;;;;;;Interpoliert;130.3;0.76;asphalt;primary;Am Kavalleriesand;1;Kurs 13
Routenpunkt (Way);T;;49.866856;8.629928;50.0;;;;;;Interpoliert (15m);130.4;0.78;asphalt;primary;Am Kavalleriesand;1;Kurs 13
Routenpunkt (Way);T;;49.866755;8.630013;50.0;;;;;;Interpoliert (15m);130.5;0.45;asphalt;primary;Stirnweg;1;Kurs 13
Routenpunkt (Way);T;Am Kavalleriesand;49.866654;8.630098;50.0;;;;;;Original OSM;130.6;0.11;asphalt;primary;Stirnweg;1;Kurs 13
Routenpunkt (Way);T;;49.866625;8.630244;50.0;;;;;;Interpoliert (15m);130.5;-0.23;asphalt;primary;Stirnweg;1;Kurs 13
Routenpunkt (Way);T;;49.866595;8.63039;50.0;;;;;;Interpoliert (15m);130.4;-0.58;asphalt;primary;Stirnweg;1;Kurs 13
Routenpunkt (Way);T;Stirnweg;49.866565;8.630535;50.0;;;;;;Interpoliert;130.3;-0.74;asphalt;primary;Stirnweg;1;Kurs 13
Routenpunkt (Way);T;Stirnweg;49.866579;8.630678;50.0;;;;;;Original OSM;130.2;-0.56;asphalt;primary;Stirnweg;1;Kurs 13
Routenpunkt (Way);T;Stirnweg;49.8666;8.630847;50.0;;;;;;Interpoliert;130.2;-0.06;asphalt;primary;Stirnweg;1;Kurs 13
Routenpunkt (Way);T;;49.866613;8.631021;50.0;;;;;;Interpoliert (15m);130.2;0.54;asphalt;primary;Stirnweg;1;Kurs 13
Routenpunkt (Way);T;Stirnweg;49.866626;8.631194;50.0;;;;;;Original OSM;130.4;1.08;asphalt;primary;Stirnweg;1;Kurs 13
Haltestelle;W;Darmstadt Pfalzweg NHaardtring;49.866612;8.631327;50.0;;;Kein Umlauf;Sa,So;1318.0;Original GTFS (Snap-Distanz 77m) | Auf Route gesnappt (77m);130.6;1.43;asphalt;primary;Haardtring;1;Kurs 13
Routenpunkt (Way);T;;49.86668;8.631447;50.0;;;;;;Interpoliert (15m);130.8;2.15;asphalt;primary;Haardtring;1;Kurs 13
Routenpunkt (Way);T;Haardtring;49.866749;8.631567;50.0;;;;;;Original OSM;131.0;2.55;asphalt;primary;Haardtring;1;Kurs 13
Routenpunkt (Way);T;;49.866817;8.631681;50.0;;;;;;Interpoliert (15m);131.4;2.85;asphalt;primary;Haardtring;1;Kurs 13
Routenpunkt (Way);T;;49.866885;8.631795;50.0;;;;;;Interpoliert (15m);131.8;3.34;asphalt;primary;Haardtring;1;Kurs 13
Routenpunkt (Way);T;Haardtring;49.866953;8.631909;50.0;;;;;;Interpoliert;132.2;3.55;asphalt;primary;Haardtring;1;Kurs 13
Routenpunkt (Way);T;Haardtring;49.867035;8.632064;50.0;;;;;;Interpoliert;132.8;3.53;asphalt;primary;Haardtring;1;Kurs 13
Routenpunkt (Way);T;Haardtring;49.867117;8.632219;50.0;;;;;;Original OSM;133.2;2.64;asphalt;primary;Haardtring;1;Kurs 13
Routenpunkt (Way);T;Haardtring;49.867182;8.632342;50.0;;;;;;Interpoliert;133.6;1.78;asphalt;primary;Haardtring;1;Kurs 13
Routenpunkt (Way);T;Haardtring;49.867246;8.632465;50.0;;;;;;Original OSM;133.5;0.8;asphalt;primary;Haardtring;1;Kurs 13
Routenpunkt (Way);T;Haardtring;49.867325;8.632618;50.0;;;;;;Interpoliert;133.4;0.67;asphalt;primary;Haardtring;1;Kurs 13
Routenpunkt (Way);T;Haardtring;49.867405;8.632772;50.0;;;;;;Interpoliert;133.3;0.64;asphalt;primary;Haardtring;1;Kurs 13
Routenpunkt (Way);T;Haardtring;49.867484;8.632925;50.0;;;;;;Original OSM;133.6;1.49;asphalt;primary;Haardtring;1;Kurs 13
Routenpunkt (Way);T;;49.867533;8.633022;50.0;;;;;;Interpoliert (15m);133.9;2.05;asphalt;primary;Haardtring;1;Kurs 13
Routenpunkt (Way);T;Haardtring;49.867583;8.633119;50.0;;;;;;Original OSM;134.2;2.38;asphalt;primary;Haardtring;1;Kurs 13
Routenpunkt (Way);T;Haardtring;49.867666;8.63327;50.0;;;;;;Interpoliert;134.5;2.1;asphalt;primary;Haardtring;1;Kurs 13
Routenpunkt (Way);T;Haardtring;49.867731;8.633383;50.0;;;;;;Original OSM;134.6;1.14;asphalt;primary;Haardtring;1;Kurs 13
Routenpunkt (Way);T;;49.867834;8.633497;50.0;;;;;;Interpoliert (15m);134.7;0.61;asphalt;primary;Haardtring;1;Kurs 13
Routenpunkt (Way);A;Ampel;49.867937;8.63361;50.0;;;;;;Interpoliert (15m);134.5;0.34;asphalt;primary;Haardtring;1;Kurs 13
Routenpunkt (Way);T;Haardtring;49.86804;8.633724;50.0;;;;;;Original OSM;134.6;0.32;asphalt;primary;Haardtring;1;Kurs 13
Routenpunkt (Way);T;;49.868154;8.633735;50.0;;;;;;Interpoliert (15m);134.7;-0.3;asphalt;primary;Haardtring;1;Kurs 13
Routenpunkt (Way);T;;49.868267;8.633746;50.0;;;;;;Interpoliert (15m);134.8;-0.61;asphalt;primary;Berliner Allee;1;Kurs 13
Routenpunkt (Way);T;Berliner Allee;49.86838;8.633757;50.0;;;;;;Interpoliert;134.5;-1.35;asphalt;primary;Berliner Allee;1;Kurs 13
Routenpunkt (Way);T;Berliner Allee;49.868467;8.633721;50.0;;;;;;Interpoliert;134.2;-1.99;asphalt;primary;Berliner Allee;1;Kurs 13
Routenpunkt (Way);T;Berliner Allee;49.868555;8.633685;50.0;;;;;;Original OSM;133.9;-2.48;asphalt;primary;Berliner Allee;1;Kurs 13
Routenpunkt (Way);T;Berliner Allee;49.868663;8.633644;50.0;;;;;;Interpoliert;133.6;-2.32;asphalt;primary;Berliner Allee;1;Kurs 13
Routenpunkt (Way);T;Berliner Allee;49.868772;8.633602;50.0;;;;;;Interpoliert;133.4;-1.56;asphalt;primary;Berliner Allee;1;Kurs 13
Routenpunkt (Way);T;Berliner Allee;49.86888;8.633561;50.0;;;;;;Interpoliert;133.2;-0.83;asphalt;primary;Berliner Allee;1;Kurs 13
Routenpunkt (Way);T;Berliner Allee;49.868988;8.63352;50.0;;;;;;Original OSM;133.3;-0.2;asphalt;primary;Berliner Allee;1;Kurs 13
Routenpunkt (Way);T;Berliner Allee;49.869113;8.633472;50.0;;;;;;Interpoliert;133.4;0.26;asphalt;primary;Berliner Allee;1;Kurs 13
Routenpunkt (Way);T;Berliner Allee;49.869238;8.633424;50.0;;;;;;Interpoliert;133.5;0.75;asphalt;primary;Berliner Allee;1;Kurs 13
Routenpunkt (Way);T;Berliner Allee;49.869363;8.633376;50.0;;;;;;Interpoliert;133.6;0.77;asphalt;primary;Berliner Allee;1;Kurs 13
Routenpunkt (Way);T;;49.869464;8.633338;50.0;;;;;;Interpoliert (15m);133.7;1.0;asphalt;primary;Berliner Allee;1;Kurs 13
Routenpunkt (Way);T;Berliner Allee;49.869564;8.633299;50.0;;;;;;Original OSM;133.8;1.24;asphalt;primary;Berliner Allee;1;Kurs 13
Routenpunkt (Way);T;;49.869657;8.633263;50.0;;;;;;Interpoliert (15m);134.0;1.29;asphalt;primary;Berliner Allee;1;Kurs 13
Routenpunkt (Way);T;;49.86975;8.633227;50.0;;;;;;Interpoliert (15m);134.2;1.26;asphalt;primary;Berliner Allee;1;Kurs 13
Routenpunkt (Way);T;Berliner Allee;49.869843;8.633191;50.0;;;;;;Original OSM;134.3;1.27;asphalt;primary;Berliner Allee;1;Kurs 13
Routenpunkt (Way);T;Berliner Allee;49.869961;8.633145;50.0;;;;;;Interpoliert;134.4;1.08;asphalt;primary;Berliner Allee;1;Kurs 13
Routenpunkt (Way);T;Berliner Allee;49.870057;8.633108;50.0;;;;;;Interpoliert;134.5;0.89;asphalt;primary;Berliner Allee;1;Kurs 13
Routenpunkt (Way);A;Ampel;49.870153;8.633087;50.0;;;;;;Interpoliert (15m);134.6;0.89;asphalt;primary;Berliner Allee;1;Kurs 13
Routenpunkt (Way);T;;49.870249;8.633066;50.0;;;;;;Interpoliert (15m);134.7;0.45;asphalt;primary;Berliner Allee;1;Kurs 13
Routenpunkt (Way);T;Berliner Allee;49.870344;8.633045;50.0;;;;;;Original OSM;134.8;-0.03;asphalt;primary;Berliner Allee;1;Kurs 13
Routenpunkt (Way);T;;49.870452;8.632953;50.0;;;;;;Interpoliert (15m);134.6;-0.65;asphalt;busway;Am Hauptbahnhof;1;Kurs 13
Routenpunkt (Way);T;Am Hauptbahnhof;49.870561;8.632861;50.0;;;;;;Interpoliert;134.4;-1.27;paving_stones;pedestrian;Am Hauptbahnhof;1;Kurs 13
Routenpunkt (Way);T;Am Hauptbahnhof;49.870668;8.632766;50.0;;;;;;Original OSM;134.1;-1.93;paving_stones;pedestrian;Am Hauptbahnhof;1;Kurs 13
Routenpunkt (Way);T;Am Hauptbahnhof;49.870777;8.632674;50.0;;;;;;Interpoliert;133.8;-2.12;paving_stones;pedestrian;Am Hauptbahnhof;1;Kurs 13
Routenpunkt (Way);T;Am Hauptbahnhof;49.870876;8.63259;50.0;;;;;;Interpoliert;133.5;-2.31;paving_stones;pedestrian;Am Hauptbahnhof;1;Kurs 13
Routenpunkt (Way);T;Am Hauptbahnhof;49.870975;8.632506;50.0;;;;;;Interpoliert;133.2;-2.3;paving_stones;pedestrian;Am Hauptbahnhof;1;Kurs 13
Routenpunkt (Way);T;Am Hauptbahnhof;49.871073;8.632422;50.0;;;;;;Interpoliert;132.9;-2.29;paving_stones;pedestrian;Am Hauptbahnhof;1;Kurs 13
Routenpunkt (Way);T;;49.871184;8.632328;50.0;;;;;;Interpoliert (15m);132.6;-1.81;paving_stones;pedestrian;Am Hauptbahnhof;1;Kurs 13
Routenpunkt (Way);T;Am Hauptbahnhof;49.871296;8.632234;50.0;;;;;;Original OSM;132.3;-0.79;paving_stones;pedestrian;Am Hauptbahnhof;1;Kurs 13
Routenpunkt (Way);T;;49.871384;8.632158;50.0;;;;;;Interpoliert (15m);132.3;0.26;paving_stones;pedestrian;Am Hauptbahnhof;1;Kurs 13
Routenpunkt (Way);T;Am Hauptbahnhof;49.871471;8.632083;50.0;;;;;;Interpoliert;132.6;0.87;paving_stones;pedestrian;Am Hauptbahnhof;1;Kurs 13
Routenpunkt (Way);T;Am Hauptbahnhof;49.871554;8.632013;50.0;;;;;;Original OSM;132.9;1.48;paving_stones;pedestrian;Am Hauptbahnhof;1;Kurs 13
Routenpunkt (Way);T;Am Hauptbahnhof;49.871638;8.631939;50.0;;;;;;Interpoliert;133.0;1.63;paving_stones;pedestrian;Am Hauptbahnhof;1;Kurs 13
Routenpunkt (Way);T;Am Hauptbahnhof;49.871722;8.631865;50.0;;;;;;Original OSM;133.1;1.25;paving_stones;pedestrian;Am Hauptbahnhof;1;Kurs 13
Routenpunkt (Way);T;;49.87183;8.631782;50.0;;;;;;Interpoliert (15m);133.2;0.83;asphalt;pedestrian;Am Hauptbahnhof;1;Kurs 13
Routenpunkt (Way);T;Am Hauptbahnhof;49.871937;8.631698;50.0;;;;;;Original OSM;133.3;0.32;paving_stones;pedestrian;Am Hauptbahnhof;1;Kurs 13
Haltestelle;W;Darmstadt Hauptbahnhof Ost;49.872047;8.631641;50.0;16:53:00;16:53:00;Kein Umlauf;Sa,So;1318.0;Original GTFS (Snap-Distanz 37m) | Auf Route gesnappt (37m);133.4;-0.18;paving_stones;pedestrian;Am Hauptbahnhof;1;Kurs 13
Routenpunkt (Way);T;;49.872159;8.631618;50.0;;;;;;Interpoliert (15m);133.2;-1.23;paving_stones;pedestrian;Am Hauptbahnhof;1;Kurs 13
Routenpunkt (Way);T;Am Hauptbahnhof;49.87227;8.631595;50.0;;;;;;Original OSM;133.0;-2.28;paving_stones;pedestrian;Am Hauptbahnhof;1;Kurs 13
Routenpunkt (Way);A;Ampel;49.87237;8.631577;50.0;;;;;;Interpoliert (15m);132.5;-3.33;paving_stones;pedestrian;Am Hauptbahnhof;1;Kurs 13
Routenpunkt (Way);T;;49.87247;8.631559;50.0;;;;;;Interpoliert (15m);132.0;-3.74;paving_stones;pedestrian;Am Hauptbahnhof;1;Kurs 13
Routenpunkt (Way);T;Am Hauptbahnhof;49.872569;8.631541;50.0;;;;;;Original OSM;131.5;-4.15;paving_stones;pedestrian;Am Hauptbahnhof;1;Kurs 13
Routenpunkt (Way);T;;49.872642;8.631521;50.0;;;;;;Interpoliert (15m);131.2;-3.66;paving_stones;pedestrian;Am Hauptbahnhof;1;Kurs 13
Routenpunkt (Way);T;Am Hauptbahnhof;49.872715;8.631501;50.0;;;;;;Original OSM;130.9;-2.41;paving_stones;pedestrian;Am Hauptbahnhof;1;Kurs 13
Routenpunkt (Way);T;Am Hauptbahnhof;49.872848;8.63148;50.0;;;;;;Original OSM;130.6;-1.16;paving_stones;pedestrian;Am Hauptbahnhof;1;Kurs 13
Routenpunkt (Way);T;Am Hauptbahnhof;49.872949;8.631464;50.0;;;;;;Interpoliert;130.8;0.45;paving_stones;pedestrian;Am Hauptbahnhof;1;Kurs 13
Routenpunkt (Way);T;Am Hauptbahnhof;49.873051;8.631448;50.0;;;;;;Interpoliert;131.0;2.07;paving_stones;pedestrian;Am Hauptbahnhof;1;Kurs 13
Routenpunkt (Way);T;Am Hauptbahnhof;49.873152;8.631432;50.0;;;;;;Interpoliert;131.5;3.22;paving_stones;pedestrian;Am Hauptbahnhof;1;Kurs 13
Routenpunkt (Way);T;Unbekannt;49.873254;8.631416;50.0;;;;;;Original OSM;132.0;3.62;paving_stones;pedestrian;Am Hauptbahnhof;1;Kurs 13
Routenpunkt (Way);T;Unbekannt;49.873373;8.631403;50.0;;;;;;Interpoliert;132.5;4.02;asphalt;service;;1;Kurs 13
Routenpunkt (Way);T;Unbekannt;49.873492;8.631391;50.0;;;;;;Interpoliert;133.0;3.89;asphalt;service;;1;Kurs 13
Routenpunkt (Way);T;Unbekannt;49.873611;8.631379;50.0;;;;;;Interpoliert;133.5;3.86;asphalt;service;;1;Kurs 13
Routenpunkt (Way);T;Unbekannt;49.87373;8.631367;50.0;;;;;;Interpoliert;134.0;3.62;asphalt;service;;1;Kurs 13
Routenpunkt (Way);T;;49.873819;8.631456;50.0;;;;;;Interpoliert (15m);134.5;2.53;asphalt;service;;1;Kurs 13
Routenpunkt (Way);T;;49.873907;8.631545;50.0;;;;;;Interpoliert (15m);134.8;1.43;asphalt;residential;Poststraße;1;Kurs 13
Routenpunkt (Way);T;;49.873996;8.631634;50.0;;;;;;Interpoliert (15m);134.6;0.37;asphalt;residential;Poststraße;1;Kurs 13
Routenpunkt (Way);T;Unbekannt;49.874085;8.631723;50.0;;;;;;Original OSM;134.4;-0.79;asphalt;residential;Poststraße;1;Kurs 13
Routenpunkt (Way);A;Ampel;49.874165;8.631854;50.0;;;;;;Interpoliert (15m);134.2;-1.61;asphalt;residential;Poststraße;1;Kurs 13
Routenpunkt (Way);T;;49.874245;8.631984;50.0;;;;;;Interpoliert (15m);134.0;-1.58;asphalt;residential;Poststraße;1;Kurs 13
Routenpunkt (Way);T;;49.874325;8.632114;50.0;;;;;;Interpoliert (15m);133.8;-1.57;asphalt;residential;Poststraße;1;Kurs 13
Routenpunkt (Way);T;Poststraße;49.874405;8.632245;50.0;;;;;;Original OSM;133.6;-2.1;asphalt;secondary;Goebelstraße;1;Kurs 13
Routenpunkt (Way);T;;49.874513;8.632254;50.0;;;;;;Interpoliert (15m);133.4;-2.76;asphalt;secondary;Goebelstraße;1;Kurs 13
Routenpunkt (Way);T;Goebelstraße;49.874621;8.632264;50.0;;;;;;Interpoliert;132.9;-3.04;asphalt;secondary;Goebelstraße;1;Kurs 13
Routenpunkt (Way);T;;49.874708;8.632309;50.0;;;;;;Interpoliert (15m);132.4;-3.31;asphalt;secondary;Goebelstraße;1;Kurs 13
Routenpunkt (Way);T;;49.874796;8.632354;50.0;;;;;;Interpoliert (15m);132.1;-3.57;asphalt;secondary;Goebelstraße;1;Kurs 13
Routenpunkt (Way);T;Goebelstraße;49.874883;8.6324;50.0;;;;;;Original OSM;131.8;-3.12;asphalt;secondary;Goebelstraße;1;Kurs 13
Routenpunkt (Way);T;;49.874914;8.632534;50.0;;;;;;Interpoliert (15m);131.5;-2.54;asphalt;secondary;Bismarckstraße;1;Kurs 13
Routenpunkt (Way);T;;49.874945;8.632669;50.0;;;;;;Interpoliert (15m);131.3;-2.24;asphalt;secondary;Bismarckstraße;1;Kurs 13
Routenpunkt (Way);T;Bismarckstraße;49.874976;8.632804;50.0;;;;;;Original OSM;131.1;-1.94;asphalt;secondary;Bismarckstraße;1;Kurs 13
Routenpunkt (Way);T;Bismarckstraße;49.874965;8.632997;50.0;;;;;;Interpoliert;130.9;-1.68;asphalt;secondary;Bismarckstraße;1;Kurs 13
Routenpunkt (Way);T;Bismarckstraße;49.874954;8.633191;50.0;;;;;;Original OSM;130.7;-1.13;asphalt;secondary;Bismarckstraße;1;Kurs 13
Routenpunkt (Way);T;Bismarckstraße;49.874948;8.633361;50.0;;;;;;Interpoliert;130.5;-0.58;asphalt;secondary;Bismarckstraße;1;Kurs 13
Routenpunkt (Way);T;Bismarckstraße;49.874943;8.633532;50.0;;;;;;Original OSM;130.6;-0.14;asphalt;secondary;Bismarckstraße;1;Kurs 13
Routenpunkt (Way);T;Bismarckstraße;49.874933;8.633712;50.0;;;;;;Interpoliert;130.7;0.3;asphalt;secondary;Bismarckstraße;1;Kurs 13
Routenpunkt (Way);T;Bismarckstraße;49.874923;8.633891;50.0;;;;;;Interpoliert;130.8;0.63;asphalt;secondary;Bismarckstraße;1;Kurs 13
Routenpunkt (Way);T;Bismarckstraße;49.874914;8.634071;50.0;;;;;;Interpoliert;130.9;0.28;asphalt;secondary;Bismarckstraße;1;Kurs 13
Routenpunkt (Way);T;Bismarckstraße;49.874904;8.634251;50.0;;;;;;Interpoliert;130.9;-0.06;asphalt;secondary;Bismarckstraße;1;Kurs 13
Routenpunkt (Way);A;Ampel;49.874927;8.634396;50.0;;;;;;Interpoliert (15m);130.8;-0.4;asphalt;secondary;Bismarckstraße;1;Kurs 13
Routenpunkt (Way);T;;49.874949;8.634542;50.0;;;;;;Interpoliert (15m);130.7;-0.7;asphalt;busway;;1;Kurs 13
Routenpunkt (Way);T;Bismarckstraße;49.874971;8.634688;50.0;;;;;;Original OSM;130.6;-0.84;asphalt;secondary;Kirschenallee;1;Kurs 13
Routenpunkt (Way);T;;49.875095;8.634734;50.0;;;;;;Interpoliert (15m);130.5;-0.8;asphalt;secondary;Kirschenallee;1;Kurs 13
Routenpunkt (Way);T;;49.875219;8.634781;50.0;;;;;;Interpoliert (15m);130.4;-0.8;asphalt;secondary;Kirschenallee;1;Kurs 13
Routenpunkt (Way);T;Kirschenallee;49.875342;8.634827;50.0;;;;;;Interpoliert;130.3;-0.42;asphalt;secondary;Kirschenallee;1;Kurs 13
Routenpunkt (Way);T;Kirschenallee;49.875438;8.634846;50.0;;;;;;Interpoliert;130.2;-0.14;asphalt;secondary;Kirschenallee;1;Kurs 13
Routenpunkt (Way);T;Kirschenallee;49.875533;8.634864;50.0;;;;;;Original OSM;130.3;0.51;asphalt;secondary;Kirschenallee;1;Kurs 13
Routenpunkt (Way);T;Kirschenallee;49.875656;8.634885;50.0;;;;;;Interpoliert;130.4;1.15;asphalt;secondary;Kirschenallee;1;Kurs 13
Routenpunkt (Way);T;;49.875726;8.634866;50.0;;;;;;Interpoliert (15m);130.6;1.97;asphalt;secondary;Kirschenallee;1;Kurs 13
Routenpunkt (Way);T;Kirschenallee;49.875797;8.634848;50.0;;;;;;Original OSM;130.8;2.11;asphalt;secondary;Kirschenallee;1;Kurs 13
Haltestelle;W;Darmstadt Evonik;49.875854;8.634841;50.0;16:56:00;16:56:00;Kein Umlauf;Sa,So;1318.0;Original GTFS (Snap-Distanz 4m) | Auf Route gesnappt (4m);131.0;2.38;asphalt;secondary;Kirschenallee;1;Kurs 13
Routenpunkt (Way);T;Evonik (Bussteig Westseite);49.875963;8.634866;50.0;;;;;;Original OSM;131.2;2.29;asphalt;secondary;Kirschenallee;1;Kurs 13
Routenpunkt (Way);T;;49.876048;8.634895;50.0;;;;;;Interpoliert (15m);131.4;2.18;asphalt;secondary;Kirschenallee;1;Kurs 13
Routenpunkt (Way);T;Kirschenallee;49.876132;8.634925;50.0;;;;;;Original OSM;131.6;1.94;asphalt;secondary;Kirschenallee;1;Kurs 13
Routenpunkt (Way);T;Kirschenallee;49.876223;8.634942;50.0;;;;;;Original OSM;131.8;1.62;asphalt;secondary;Kirschenallee;1;Kurs 13
Routenpunkt (Way);T;Kirschenallee;49.876313;8.634963;50.0;;;;;;Interpoliert;132.0;1.2;asphalt;secondary;Kirschenallee;1;Kurs 13
Routenpunkt (Way);T;Kirschenallee;49.876403;8.634983;50.0;;;;;;Original OSM;132.0;0.79;asphalt;secondary;Kirschenallee;1;Kurs 13
Routenpunkt (Way);T;Kirschenallee;49.876525;8.635006;50.0;;;;;;Interpoliert;132.0;0.4;asphalt;secondary;Kirschenallee;1;Kurs 13
Routenpunkt (Way);T;Kirschenallee;49.876647;8.635029;50.0;;;;;;Interpoliert;132.0;0.0;asphalt;secondary;Kirschenallee;1;Kurs 13
Routenpunkt (Way);T;Kirschenallee;49.87677;8.635051;50.0;;;;;;Interpoliert;132.0;0.0;asphalt;secondary;Kirschenallee;1;Kurs 13
Routenpunkt (Way);T;Kirschenallee;49.876892;8.635074;50.0;;;;;;Interpoliert;132.0;0.0;asphalt;secondary;Kirschenallee;1;Kurs 13
Routenpunkt (Way);T;Kirschenallee;49.877014;8.635097;50.0;;;;;;Interpoliert;132.0;-0.42;asphalt;secondary;Kirschenallee;1;Kurs 13
Routenpunkt (Way);T;;49.877098;8.635121;50.0;;;;;;Interpoliert (15m);132.0;-0.88;asphalt;secondary;Kirschenallee;1;Kurs 13
Routenpunkt (Way);T;Kirschenallee;49.877183;8.635146;50.0;;;;;;Original OSM;131.8;-1.33;asphalt;secondary;Kirschenallee;1;Kurs 13
Routenpunkt (Way);T;;49.87726;8.635165;50.0;;;;;;Interpoliert (15m);131.6;-1.6;asphalt;secondary;Kirschenallee;1;Kurs 13
Routenpunkt (Way);T;Kirschenallee;49.877338;8.635185;50.0;;;;;;Interpoliert;131.4;-1.87;asphalt;secondary;Kirschenallee;1;Kurs 13
Routenpunkt (Way);T;Kirschenallee;49.87747;8.63521;50.0;;;;;;Interpoliert;131.2;-1.72;asphalt;secondary;;1;Kurs 13
Routenpunkt (Way);T;Kirschenallee;49.877603;8.635235;50.0;;;;;;Interpoliert;131.0;-1.67;asphalt;secondary;Kirschenallee;1;Kurs 13
Routenpunkt (Way);T;Kirschenallee;49.877735;8.635261;50.0;;;;;;Interpoliert;130.8;-1.62;asphalt;secondary;Kirschenallee;1;Kurs 13
Routenpunkt (Way);T;Kirschenallee;49.877867;8.635286;50.0;;;;;;Interpoliert;130.5;-1.75;asphalt;secondary;Kirschenallee;1;Kurs 13
Routenpunkt (Way);T;Kirschenallee;49.878;8.635312;50.0;;;;;;Interpoliert;130.2;-1.89;asphalt;secondary;Kirschenallee;1;Kurs 13
Routenpunkt (Way);T;Kirschenallee;49.878132;8.635337;50.0;;;;;;Interpoliert;129.9;-1.75;asphalt;secondary;Kirschenallee;1;Kurs 13
Routenpunkt (Way);T;Kirschenallee;49.878265;8.635362;50.0;;;;;;Interpoliert;129.6;-1.48;asphalt;secondary;Kirschenallee;1;Kurs 13
Routenpunkt (Way);T;Kirschenallee;49.878397;8.635388;50.0;;;;;;Interpoliert;129.5;-1.21;asphalt;secondary;Kirschenallee;1;Kurs 13
Routenpunkt (Way);T;Kirschenallee;49.878529;8.635413;50.0;;;;;;Interpoliert;129.4;-0.96;asphalt;secondary;Kirschenallee;1;Kurs 13
Routenpunkt (Way);T;Kirschenallee;49.878662;8.635438;50.0;;;;;;Original OSM;129.3;-0.56;asphalt;secondary;Kirschenallee;1;Kurs 13
Routenpunkt (Way);T;Kirschenallee;49.87878;8.635463;50.0;;;;;;Interpoliert;129.2;-0.42;asphalt;secondary;Kirschenallee;1;Kurs 13
Routenpunkt (Way);T;Kirschenallee;49.878899;8.635488;50.0;;;;;;Original OSM;129.2;-0.06;asphalt;secondary;Kirschenallee;1;Kurs 13
Routenpunkt (Way);T;;49.878978;8.635504;50.0;;;;;;Interpoliert (15m);129.2;0.31;asphalt;secondary;Kirschenallee;1;Kurs 13
Routenpunkt (Way);T;Kirschenallee;49.879058;8.635521;50.0;;;;;;Original OSM;129.3;0.69;asphalt;secondary;Kirschenallee;1;Kurs 13
Routenpunkt (Way);T;;49.879135;8.63554;50.0;;;;;;Interpoliert (15m);129.4;0.83;asphalt;secondary;Kirschenallee;1;Kurs 13
Routenpunkt (Way);A;Kirschenallee (Ampel);49.879211;8.63556;50.0;;;;;;Original OSM;129.5;0.98;asphalt;secondary;Kirschenallee;1;Kurs 13
Routenpunkt (Way);T;Kirschenallee;49.879337;8.635602;50.0;;;;;;Original OSM;129.6;1.01;asphalt;secondary;Kirschenallee;1;Kurs 13
Routenpunkt (Way);T;Kirschenallee;49.879453;8.635651;50.0;;;;;;Original OSM;129.7;1.29;asphalt;secondary;Kirschenallee;1;Kurs 13
Routenpunkt (Way);T;;49.879519;8.635688;50.0;;;;;;Interpoliert (15m);129.8;1.06;asphalt;secondary;Kirschenallee;1;Kurs 13
Routenpunkt (Way);T;Kirschenallee;49.879585;8.635724;50.0;;;;;;Original OSM;130.0;1.3;asphalt;secondary;Kirschenallee;1;Kurs 13
Haltestelle;W;Darmstadt Mainzer Straße;49.879585;8.635724;50.0;16:57:00;16:57:00;Kein Umlauf;Sa,So;1318.0;Original GTFS (Snap-Distanz 0m) | Auf Route gesnappt (0m);130.2;1.52;asphalt;secondary;Kirschenallee;1;Kurs 13
Routenpunkt (Way);T;Mainzer Straße (Richtung Süd);49.879679;8.635726;50.0;;;;;;Interpoliert;130.4;1.62;asphalt;secondary;Kirschenallee;1;Kurs 13
Routenpunkt (Way);T;;49.879763;8.635808;50.0;;;;;;Interpoliert (15m);130.6;1.44;asphalt;secondary;Kirschenallee;1;Kurs 13
Routenpunkt (Way);T;Kirschenallee;49.879847;8.63589;50.0;;;;;;Interpoliert;130.8;1.79;asphalt;secondary;Kirschenallee;1;Kurs 13
Routenpunkt (Way);T;Kirschenallee;49.879948;8.635959;50.0;;;;;;Original OSM;131.0;1.75;asphalt;secondary;Kirschenallee;1;Kurs 13
Routenpunkt (Way);T;Kirschenallee;49.880044;8.636014;50.0;;;;;;Interpoliert;131.2;1.74;asphalt;secondary;Kirschenallee;1;Kurs 13
Routenpunkt (Way);T;Kirschenallee;49.880141;8.63607;50.0;;;;;;Interpoliert;131.4;1.69;asphalt;secondary;Kirschenallee;1;Kurs 13
Routenpunkt (Way);T;Kirschenallee;49.880237;8.636125;50.0;;;;;;Original OSM;131.6;1.52;asphalt;secondary;Kirschenallee;1;Kurs 13
Routenpunkt (Way);T;Kirschenallee;49.880344;8.636188;50.0;;;;;;Interpoliert;131.8;1.33;asphalt;secondary;Kirschenallee;1;Kurs 13
Routenpunkt (Way);T;Kirschenallee;49.880452;8.63625;50.0;;;;;;Interpoliert;131.9;0.98;asphalt;secondary;Kirschenallee;1;Kurs 13
Routenpunkt (Way);T;Kirschenallee;49.880559;8.636313;50.0;;;;;;Interpoliert;132.0;0.47;asphalt;secondary;Kirschenallee;1;Kurs 13
Routenpunkt (Way);T;Kirschenallee;49.880666;8.636375;50.0;;;;;;Interpoliert;132.0;0.01;asphalt;secondary;Kirschenallee;1;Kurs 13
Routenpunkt (Way);T;Kirschenallee;49.880773;8.636438;50.0;;;;;;Original OSM;131.9;-0.3;asphalt;secondary;Kirschenallee;1;Kurs 13
Routenpunkt (Way);T;Kirschenallee;49.880887;8.636504;50.0;;;;;;Interpoliert;131.8;-0.6;asphalt;secondary;Kirschenallee;1;Kurs 13
Routenpunkt (Way);T;Kirschenallee;49.881001;8.636571;50.0;;;;;;Interpoliert;131.7;-0.89;asphalt;secondary;Kirschenallee;1;Kurs 13
Routenpunkt (Way);T;Kirschenallee;49.881116;8.636638;50.0;;;;;;Interpoliert;131.6;-1.03;asphalt;secondary;Kirschenallee;1;Kurs 13
Routenpunkt (Way);T;Kirschenallee;49.88123;8.636704;50.0;;;;;;Interpoliert;131.4;-1.18;asphalt;secondary;Kirschenallee;1;Kurs 13
Routenpunkt (Way);T;Kirschenallee;49.881344;8.636771;50.0;;;;;;Interpoliert;131.2;-1.33;asphalt;secondary;Kirschenallee;1;Kurs 13
Routenpunkt (Way);T;Kirschenallee;49.881458;8.636837;50.0;;;;;;Interpoliert;131.0;-1.48;asphalt;secondary;Kirschenallee;1;Kurs 13
Routenpunkt (Way);T;Kirschenallee;49.881572;8.636904;50.0;;;;;;Interpoliert;130.8;-1.48;asphalt;secondary;Kirschenallee;1;Kurs 13
Routenpunkt (Way);T;Kirschenallee;49.881686;8.636971;50.0;;;;;;Interpoliert;130.6;-1.33;asphalt;secondary;Kirschenallee;1;Kurs 13
Routenpunkt (Way);T;Kirschenallee;49.8818;8.637037;50.0;;;;;;Interpoliert;130.4;-1.04;asphalt;secondary;Kirschenallee;1;Kurs 13
Routenpunkt (Way);T;;49.881906;8.637119;50.0;;;;;;Interpoliert (15m);130.3;-0.74;asphalt;secondary;Kirschenallee;1;Kurs 13
Routenpunkt (Way);T;;49.882013;8.637202;50.0;;;;;;Interpoliert (15m);130.3;-0.28;asphalt;secondary;Kirschenallee;1;Kurs 13
Routenpunkt (Way);T;Kirschenallee;49.882119;8.637284;50.0;;;;;;Original OSM;130.3;0.33;asphalt;secondary;Kirschenallee;1;Kurs 13
Routenpunkt (Way);T;;49.882206;8.637392;50.0;;;;;;Interpoliert (15m);130.4;0.81;asphalt;secondary;Kirschenallee;1;Kurs 13
Routenpunkt (Way);T;;49.882293;8.6375;50.0;;;;;;Interpoliert (15m);130.6;1.14;asphalt;secondary;Kirschenallee;1;Kurs 13
Routenpunkt (Way);T;Kirschenallee;49.88238;8.637608;50.0;;;;;;Interpoliert;130.8;1.46;asphalt;secondary;Kirschenallee;1;Kurs 13
Routenpunkt (Way);T;Kirschenallee;49.88246;8.637719;50.0;;;;;;Original OSM;131.0;1.46;asphalt;secondary;Kirschenallee;1;Kurs 13
Routenpunkt (Way);T;Kirschenallee;49.882544;8.637835;50.0;;;;;;Interpoliert;131.2;1.3;asphalt;secondary;Kirschenallee;1;Kurs 13
Routenpunkt (Way);T;Kirschenallee;49.882628;8.63795;50.0;;;;;;Interpoliert;131.3;1.13;asphalt;secondary;Kirschenallee;1;Kurs 13
Routenpunkt (Way);T;Kirschenallee;49.882713;8.638066;50.0;;;;;;Interpoliert;131.4;0.8;asphalt;secondary;Kirschenallee;1;Kurs 13
Routenpunkt (Way);T;Kirschenallee;49.882797;8.638181;50.0;;;;;;Original OSM;131.5;0.3;asphalt;secondary;Kirschenallee;1;Kurs 13
Routenpunkt (Way);T;Kirschenallee;49.882892;8.638312;50.0;;;;;;Interpoliert;131.5;-0.23;asphalt;secondary;Kirschenallee;1;Kurs 13
Routenpunkt (Way);A;Ampel;49.882987;8.638353;50.0;;;;;;Interpoliert (15m);131.4;-0.75;asphalt;secondary;Kirschenallee;1;Kurs 13
Routenpunkt (Way);T;;49.883082;8.638394;50.0;;;;;;Interpoliert (15m);131.2;-1.25;asphalt;secondary;Kirschenallee;1;Kurs 13
Routenpunkt (Way);T;Kirschenallee;49.883177;8.638435;50.0;;;;;;Original OSM;131.0;-1.6;sett;service;;1;Kurs 13
Routenpunkt (Way);T;;49.883262;8.638339;50.0;;;;;;Interpoliert (15m);130.8;-1.91;sett;service;;1;Kurs 13
Haltestelle;W;Darmstadt Windmühle;49.883347;8.638242;50.0;16:58:00;16:58:00;Kein Umlauf;Sa,So;1318.0;Original GTFS (Snap-Distanz 1m) | Auf Route gesnappt (1m);130.6;-1.72;sett;service;;1;Kurs 13
Routenpunkt (Way);T;Windmühle (Richtung Südost);49.883393;8.638156;50.0;;;;;;Original OSM;130.4;-1.53;sett;service;;1;Kurs 13
Routenpunkt (Way);T;;49.883486;8.638085;50.0;;;;;;Interpoliert (15m);130.3;-1.36;sett;service;;1;Kurs 13
Routenpunkt (Way);T;Unbekannt;49.883579;8.638015;50.0;;;;;;Original OSM;130.2;-1.19;sett;service;;1;Kurs 13
Routenpunkt (Way);T;;49.883675;8.637952;50.0;;;;;;Interpoliert (15m);130.1;-0.86;sett;service;;1;Kurs 13
Routenpunkt (Way);T;;49.883771;8.637889;50.0;;;;;;Interpoliert (15m);130.0;-0.91;asphalt;primary;Gräfenhäuser Straße;1;Kurs 13
Routenpunkt (Way);T;Gräfenhäuser Straße;49.883868;8.637826;50.0;;;;;;Original OSM;129.9;-0.96;asphalt;primary;Gräfenhäuser Straße;1;Kurs 13
Routenpunkt (Way);T;;49.88393;8.637745;50.0;;;;;;Interpoliert (15m);129.8;-0.92;asphalt;primary;Gräfenhäuser Straße;1;Kurs 13
Routenpunkt (Way);T;Gräfenhäuser Straße;49.883992;8.637664;50.0;;;;;;Interpoliert;129.7;-0.89;asphalt;primary;Gräfenhäuser Straße;1;Kurs 13
Routenpunkt (Way);T;Gräfenhäuser Straße;49.884094;8.637531;50.0;;;;;;Interpoliert;129.6;-0.85;asphalt;primary;Gräfenhäuser Straße;1;Kurs 13
Routenpunkt (Way);T;Gräfenhäuser Straße;49.884196;8.637397;50.0;;;;;;Interpoliert;129.5;-1.03;asphalt;primary;Gräfenhäuser Straße;1;Kurs 13
Routenpunkt (Way);T;Gräfenhäuser Straße;49.884298;8.637264;50.0;;;;;;Interpoliert;129.4;-1.27;asphalt;primary;Gräfenhäuser Straße;1;Kurs 13
Routenpunkt (Way);T;Gräfenhäuser Straße;49.8844;8.63713;50.0;;;;;;Interpoliert;129.1;-1.59;asphalt;primary;Gräfenhäuser Straße;1;Kurs 13
Routenpunkt (Way);T;;49.88449;8.637013;50.0;;;;;;Interpoliert (15m);128.8;-1.92;asphalt;primary;Gräfenhäuser Straße;1;Kurs 13
Routenpunkt (Way);T;;49.88458;8.636895;50.0;;;;;;Interpoliert (15m);128.5;-2.07;asphalt;primary;Gräfenhäuser Straße;1;Kurs 13
Routenpunkt (Way);A;Gräfenhäuser Straße (Ampel);49.884669;8.636778;50.0;;;;;;Original OSM;128.2;-1.95;asphalt;primary;Gräfenhäuser Straße;1;Kurs 13
Routenpunkt (Way);T;;49.884764;8.636652;50.0;;;;;;Interpoliert (15m);128.0;-1.8;asphalt;primary;Gräfenhäuser Straße;1;Kurs 13
Routenpunkt (Way);T;Gräfenhäuser Straße;49.88486;8.636525;50.0;;;;;;Interpoliert;127.8;-2.0;asphalt;primary;Gräfenhäuser Straße;1;Kurs 13
Routenpunkt (Way);T;Gräfenhäuser Straße;49.884949;8.636402;50.0;;;;;;Original OSM;127.6;-2.21;asphalt;primary;Gräfenhäuser Straße;1;Kurs 13
Routenpunkt (Way);T;;49.885009;8.636319;50.0;;;;;;Interpoliert (15m);127.3;-2.33;asphalt;primary;Gräfenhäuser Straße;1;Kurs 13
Routenpunkt (Way);T;Gräfenhäuser Straße;49.88507;8.636236;50.0;;;;;;Interpoliert;127.0;-2.17;asphalt;primary;Gräfenhäuser Straße;1;Kurs 13
Routenpunkt (Way);T;Gräfenhäuser Straße;49.88517;8.636098;50.0;;;;;;Interpoliert;126.7;-2.01;asphalt;primary;Gräfenhäuser Straße;1;Kurs 13
Routenpunkt (Way);T;Gräfenhäuser Straße;49.88527;8.63596;50.0;;;;;;Interpoliert;126.6;-1.47;asphalt;primary;Gräfenhäuser Straße;1;Kurs 13
Routenpunkt (Way);T;Gräfenhäuser Straße;49.88537;8.635822;50.0;;;;;;Interpoliert;126.5;-0.94;asphalt;primary;Gräfenhäuser Straße;1;Kurs 13
Routenpunkt (Way);T;Gräfenhäuser Straße;49.885469;8.635684;50.0;;;;;;Interpoliert;126.4;-0.81;asphalt;primary;Gräfenhäuser Straße;1;Kurs 13
Routenpunkt (Way);T;Gräfenhäuser Straße;49.885569;8.635546;50.0;;;;;;Interpoliert;126.3;-0.94;asphalt;primary;Gräfenhäuser Straße;1;Kurs 13
Routenpunkt (Way);T;Gräfenhäuser Straße;49.885669;8.635408;50.0;;;;;;Original OSM;126.1;-1.13;asphalt;primary;Gräfenhäuser Straße;1;Kurs 13
Routenpunkt (Way);T;Gräfenhäuser Straße;49.885772;8.635277;50.0;;;;;;Original OSM;125.9;-1.16;asphalt;primary;Gräfenhäuser Straße;1;Kurs 13
Routenpunkt (Way);T;Gräfenhäuser Straße;49.885857;8.635164;50.0;;;;;;Interpoliert;125.7;-1.18;asphalt;primary;Gräfenhäuser Straße;1;Kurs 13
Routenpunkt (Way);T;Gräfenhäuser Straße;49.885943;8.635052;50.0;;;;;;Interpoliert;125.6;-1.09;asphalt;primary;Gräfenhäuser Straße;1;Kurs 13
Routenpunkt (Way);T;Gräfenhäuser Straße;49.886029;8.634939;50.0;;;;;;Interpoliert;125.5;-1.01;asphalt;primary;Gräfenhäuser Straße;1;Kurs 13
Routenpunkt (Way);T;;49.886104;8.634841;50.0;;;;;;Interpoliert (15m);125.4;-0.87;asphalt;primary;Gräfenhäuser Straße;1;Kurs 13
Routenpunkt (Way);T;Gräfenhäuser Straße;49.886179;8.634742;50.0;;;;;;Original OSM;125.3;-0.71;asphalt;primary;Gräfenhäuser Straße;1;Kurs 13
Routenpunkt (Way);T;;49.886255;8.634641;50.0;;;;;;Interpoliert (15m);125.2;-0.39;asphalt;primary;Gräfenhäuser Straße;1;Kurs 13
Routenpunkt (Way);T;Gräfenhäuser Straße;49.88633;8.634539;50.0;;;;;;Interpoliert;125.2;0.1;asphalt;primary;Gräfenhäuser Straße;1;Kurs 13
Routenpunkt (Way);T;Gräfenhäuser Straße;49.886417;8.634419;50.0;;;;;;Interpoliert;125.3;0.65;asphalt;primary;Gräfenhäuser Straße;1;Kurs 13
Routenpunkt (Way);T;Gräfenhäuser Straße;49.886504;8.6343;50.0;;;;;;Interpoliert;125.5;1.19;asphalt;primary;Gräfenhäuser Straße;1;Kurs 13
Routenpunkt (Way);T;;49.886578;8.634197;50.0;;;;;;Interpoliert (15m);125.7;1.57;asphalt;primary;Gräfenhäuser Straße;1;Kurs 13
Routenpunkt (Way);T;Gräfenhäuser Straße;49.886652;8.634094;50.0;;;;;;Original OSM;125.9;1.79;asphalt;primary;Gräfenhäuser Straße;1;Kurs 13
Routenpunkt (Way);T;;49.886724;8.633996;50.0;;;;;;Interpoliert (15m);126.1;1.48;asphalt;primary;Gräfenhäuser Straße;1;Kurs 13
Routenpunkt (Way);T;Gräfenhäuser Straße;49.886795;8.633898;50.0;;;;;;Interpoliert;126.3;1.12;asphalt;primary;Gräfenhäuser Straße;1;Kurs 13
Routenpunkt (Way);T;Gräfenhäuser Straße;49.886877;8.633789;50.0;;;;;;Interpoliert;126.3;0.75;asphalt;primary;Gräfenhäuser Straße;1;Kurs 13
Routenpunkt (Way);T;Gräfenhäuser Straße;49.886958;8.633679;50.0;;;;;;Original OSM;126.3;0.24;asphalt;primary;Gräfenhäuser Straße;1;Kurs 13
Routenpunkt (Way);T;Gräfenhäuser Straße;49.887049;8.633558;50.0;;;;;;Original OSM;126.3;-0.69;asphalt;primary;Gräfenhäuser Straße;1;Kurs 13
Routenpunkt (Way);T;Gräfenhäuser Straße;49.887151;8.633429;50.0;;;;;;Interpoliert;126.2;-1.43;asphalt;primary;Gräfenhäuser Straße;1;Kurs 13
Routenpunkt (Way);T;Gräfenhäuser Straße;49.887253;8.6333;50.0;;;;;;Original OSM;125.8;-2.17;asphalt;primary;Gräfenhäuser Straße;1;Kurs 13
Routenpunkt (Way);T;Gräfenhäuser Straße;49.887329;8.633207;50.0;;;;;;Interpoliert;125.4;-2.79;asphalt;primary;Gräfenhäuser Straße;1;Kurs 13
Routenpunkt (Way);T;Gräfenhäuser Straße;49.887405;8.633114;50.0;;;;;;Original OSM;125.0;-3.28;asphalt;primary;Gräfenhäuser Straße;1;Kurs 13
Routenpunkt (Way);T;Gräfenhäuser Straße;49.887497;8.633005;50.0;;;;;;Original OSM;124.6;-3.38;asphalt;primary;Gräfenhäuser Straße;1;Kurs 13
Routenpunkt (Way);T;Gräfenhäuser Straße;49.887581;8.632882;50.0;;;;;;Interpoliert;124.2;-2.97;asphalt;primary;Gräfenhäuser Straße;1;Kurs 13
Routenpunkt (Way);T;;49.887673;8.632789;50.0;;;;;;Interpoliert (15m);123.8;-2.55;asphalt;primary;Gräfenhäuser Straße;1;Kurs 13
Routenpunkt (Way);T;Gräfenhäuser Straße;49.887765;8.632696;50.0;;;;;;Original OSM;123.6;-1.44;asphalt;primary;Gräfenhäuser Straße;1;Kurs 13
Routenpunkt (Way);T;;49.887875;8.632694;50.0;;;;;;Interpoliert (15m);123.4;-0.3;asphalt;primary;Gräfenhäuser Straße;1;Kurs 13
Haltestelle;W;Darmstadt Otto-Röhm-Straße;49.887985;8.632692;50.0;17:00:00;17:00:00;Kein Umlauf;Sa,So;1318.0;Original GTFS (Snap-Distanz 8m) | Auf Route gesnappt (8m);123.7;1.23;asphalt;primary;;1;Kurs 13
Routenpunkt (Way);A;Ampel;49.888084;8.632735;50.0;;;;;;Interpoliert (15m);124.0;2.43;asphalt;primary;Gräfenhäuser Straße;1;Kurs 13
Routenpunkt (Way);T;;49.888184;8.632777;50.0;;;;;;Interpoliert (15m);124.5;3.61;asphalt;primary;Gräfenhäuser Straße;1;Kurs 13
Routenpunkt (Way);T;Gräfenhäuser Straße;49.888283;8.63282;50.0;;;;;;Original OSM;125.0;3.97;asphalt;primary;Gräfenhäuser Straße;1;Kurs 13
Routenpunkt (Way);T;;49.888379;8.632888;50.0;;;;;;Interpoliert (15m);125.5;4.13;asphalt;tertiary;Otto-Röhm-Straße;1;Kurs 13
Routenpunkt (Way);T;;49.888475;8.632957;50.0;;;;;;Interpoliert (15m);126.0;3.94;asphalt;tertiary;Otto-Röhm-Straße;1;Kurs 13
Routenpunkt (Way);T;;49.888571;8.633026;50.0;;;;;;Interpoliert (15m);126.4;3.62;asphalt;tertiary;Otto-Röhm-Straße;1;Kurs 13
Routenpunkt (Way);T;Otto-Röhm-Straße;49.888667;8.633095;50.0;;;;;;Original OSM;126.8;3.16;asphalt;tertiary;Otto-Röhm-Straße;1;Kurs 13
Routenpunkt (Way);T;Otto-Röhm-Straße;49.88878;8.633192;50.0;;;;;;Original OSM;127.2;1.72;asphalt;tertiary;Otto-Röhm-Straße;1;Kurs 13
Routenpunkt (Way);T;Otto-Röhm-Straße;49.888859;8.633266;50.0;;;;;;Interpoliert;127.4;0.63;asphalt;tertiary;Otto-Röhm-Straße;1;Kurs 13
Routenpunkt (Way);T;Otto-Röhm-Straße;49.888938;8.63334;50.0;;;;;;Original OSM;127.1;-0.5;asphalt;tertiary;Otto-Röhm-Straße;1;Kurs 13
Routenpunkt (Way);T;Otto-Röhm-Straße;49.889045;8.633453;50.0;;;;;;Original OSM;126.8;-1.54;asphalt;tertiary;Otto-Röhm-Straße;1;Kurs 13
Routenpunkt (Way);T;Otto-Röhm-Straße;49.889137;8.633574;50.0;;;;;;Original OSM;126.5;-2.58;asphalt;tertiary;Otto-Röhm-Straße;1;Kurs 13
Routenpunkt (Way);T;;49.889219;8.633691;50.0;;;;;;Interpoliert (15m);126.2;-2.75;asphalt;tertiary;Otto-Röhm-Straße;1;Kurs 13
Routenpunkt (Way);T;Otto-Röhm-Straße;49.889301;8.633808;50.0;;;;;;Original OSM;125.8;-2.9;asphalt;tertiary;Otto-Röhm-Straße;1;Kurs 13
Routenpunkt (Way);T;;49.889361;8.633923;50.0;;;;;;Interpoliert (15m);125.4;-3.02;asphalt;tertiary;Otto-Röhm-Straße;1;Kurs 13
Routenpunkt (Way);T;;49.889422;8.634038;50.0;;;;;;Interpoliert (15m);125.1;-3.03;asphalt;tertiary;Otto-Röhm-Straße;1;Kurs 13
Routenpunkt (Way);T;Otto-Röhm-Straße;49.889482;8.634153;50.0;;;;;;Original OSM;124.8;-2.39;asphalt;tertiary;Otto-Röhm-Straße;1;Kurs 13
Routenpunkt (Way);T;Otto-Röhm-Straße;49.889535;8.634298;50.0;;;;;;Interpoliert;124.5;-1.63;asphalt;tertiary;Otto-Röhm-Straße;1;Kurs 13
Routenpunkt (Way);T;Otto-Röhm-Straße;49.889588;8.634444;50.0;;;;;;Original OSM;124.5;-1.07;asphalt;tertiary;Otto-Röhm-Straße;1;Kurs 13
Routenpunkt (Way);T;Otto-Röhm-Straße;49.889614;8.634586;50.0;;;;;;Interpoliert;124.5;-0.5;asphalt;tertiary;Otto-Röhm-Straße;1;Kurs 13
Routenpunkt (Way);T;Otto-Röhm-Straße;49.88964;8.634728;50.0;;;;;;Interpoliert;124.5;0.0;asphalt;tertiary;Otto-Röhm-Straße;1;Kurs 13
Routenpunkt (Way);T;Otto-Röhm-Straße;49.889667;8.63487;50.0;;;;;;Original OSM;124.5;0.67;asphalt;tertiary;Otto-Röhm-Straße;1;Kurs 13
Routenpunkt (Way);T;Otto-Röhm-Straße;49.889685;8.635044;50.0;;;;;;Original OSM;124.5;1.33;asphalt;tertiary;Otto-Röhm-Straße;1;Kurs 13
Routenpunkt (Way);T;;49.889695;8.635211;50.0;;;;;;Interpoliert (15m);124.9;2.0;asphalt;tertiary;Otto-Röhm-Straße;1;Kurs 13
Routenpunkt (Way);T;;49.889705;8.635377;50.0;;;;;;Interpoliert (15m);125.3;2.62;asphalt;tertiary;Otto-Röhm-Straße;1;Kurs 13
Routenpunkt (Way);T;Otto-Röhm-Straße;49.889715;8.635544;50.0;;;;;;Original OSM;125.7;3.24;asphalt;tertiary;Otto-Röhm-Straße;1;Kurs 13
Routenpunkt (Way);T;;49.889723;8.635724;50.0;;;;;;Interpoliert (15m);126.1;3.03;asphalt;tertiary;Otto-Röhm-Straße;1;Kurs 13
Routenpunkt (Way);T;;49.88973;8.635904;50.0;;;;;;Interpoliert (15m);126.5;2.81;asphalt;tertiary;Otto-Röhm-Straße;1;Kurs 13
Routenpunkt (Way);T;Otto-Röhm-Straße;49.889738;8.636085;50.0;;;;;;Interpoliert;126.8;2.98;asphalt;tertiary;Otto-Röhm-Straße;1;Kurs 13
Routenpunkt (Way);T;Otto-Röhm-Straße;49.889745;8.636275;50.0;;;;;;Original OSM;127.1;3.21;asphalt;tertiary;Otto-Röhm-Straße;1;Kurs 13
Routenpunkt (Way);T;;49.889777;8.636398;50.0;;;;;;Interpoliert (15m);127.5;2.59;asphalt;tertiary;Otto-Röhm-Straße;1;Kurs 13
Routenpunkt (Way);T;Wöhlerweg;49.889809;8.63652;50.0;;;;;;Original OSM;127.9;2.4;asphalt;tertiary;Otto-Röhm-Straße;1;Kurs 13
Haltestelle;W;Darmstadt Wöhlerweg;49.889809;8.63652;50.0;;;Kein Umlauf;Sa,So;1318.0;Original GTFS (Snap-Distanz 4m) | Auf Route gesnappt (4m);128.3;2.1;asphalt;tertiary;Otto-Röhm-Straße;1;Kurs 13
Routenpunkt (Way);T;Wöhlerweg;49.889782;8.636613;50.0;;;;;;Original OSM;128.4;1.4;asphalt;tertiary;Otto-Röhm-Straße;1;Kurs 13
Routenpunkt (Way);T;;49.889786;8.636815;50.0;;;;;;Interpoliert (15m);128.5;0.68;asphalt;tertiary;Otto-Röhm-Straße;1;Kurs 13
Routenpunkt (Way);T;Wöhlerweg;49.88979;8.637017;50.0;;;;;;Original OSM;128.6;0.82;asphalt;tertiary;Otto-Röhm-Straße;1;Kurs 13
Routenpunkt (Way);T;;49.889791;8.637226;50.0;;;;;;Interpoliert (15m);128.7;0.73;asphalt;tertiary;Otto-Röhm-Straße;1;Kurs 13
Routenpunkt (Way);T;Otto-Röhm-Straße;49.889793;8.637435;50.0;;;;;;Interpoliert;128.8;0.84;asphalt;tertiary;Otto-Röhm-Straße;1;Kurs 13
Routenpunkt (Way);T;Otto-Röhm-Straße;49.889799;8.637586;50.0;;;;;;Interpoliert;128.9;-0.06;asphalt;tertiary;Otto-Röhm-Straße;1;Kurs 13
Routenpunkt (Way);T;;49.889803;8.637695;50.0;;;;;;Interpoliert (15m);129.0;-0.82;asphalt;tertiary;Otto-Röhm-Straße;1;Kurs 13
Routenpunkt (Way);T;Otto-Röhm-Straße;49.889808;8.637805;50.0;;;;;;Original OSM;128.7;-1.58;asphalt;tertiary;Otto-Röhm-Straße;1;Kurs 13
Routenpunkt (Way);T;;49.889813;8.637938;50.0;;;;;;Interpoliert (15m);128.4;-2.27;asphalt;tertiary;Otto-Röhm-Straße;1;Kurs 13
Routenpunkt (Way);T;Otto-Röhm-Straße;49.889819;8.638071;50.0;;;;;;Interpoliert;128.1;-2.87;asphalt;tertiary;Otto-Röhm-Straße;1;Kurs 13
Routenpunkt (Way);T;Otto-Röhm-Straße;49.889825;8.638235;50.0;;;;;;Interpoliert;127.8;-2.37;asphalt;tertiary;Otto-Röhm-Straße;1;Kurs 13
Routenpunkt (Way);T;Otto-Röhm-Straße;49.889832;8.6384;50.0;;;;;;Original OSM;127.6;-2.01;asphalt;tertiary;Otto-Röhm-Straße;1;Kurs 13
Routenpunkt (Way);T;Otto-Röhm-Straße;49.88984;8.638606;50.0;;;;;;Interpoliert;127.4;-1.66;asphalt;tertiary;Otto-Röhm-Straße;1;Kurs 13
Routenpunkt (Way);T;Otto-Röhm-Straße;49.889849;8.638813;50.0;;;;;;Interpoliert;127.2;-1.42;asphalt;tertiary;Otto-Röhm-Straße;1;Kurs 13
Routenpunkt (Way);T;Otto-Röhm-Straße;49.889857;8.639019;50.0;;;;;;Interpoliert;127.0;-1.48;asphalt;tertiary;Otto-Röhm-Straße;1;Kurs 13
Routenpunkt (Way);T;Otto-Röhm-Straße;49.889866;8.639226;50.0;;;;;;Interpoliert;126.8;-1.21;asphalt;tertiary;Otto-Röhm-Straße;1;Kurs 13
Routenpunkt (Way);T;Otto-Röhm-Straße;49.889874;8.639433;50.0;;;;;;Original OSM;126.5;-0.94;asphalt;tertiary;Otto-Röhm-Straße;1;Kurs 13
Routenpunkt (Way);T;Otto-Röhm-Straße;49.88988;8.639575;50.0;;;;;;Original OSM;126.5;-0.67;asphalt;tertiary;Otto-Röhm-Straße;1;Kurs 13
Routenpunkt (Way);T;Otto-Röhm-Straße;49.889888;8.639783;50.0;;;;;;Interpoliert;126.5;-0.4;asphalt;tertiary;Otto-Röhm-Straße;1;Kurs 13
Routenpunkt (Way);T;Otto-Röhm-Straße;49.889897;8.63999;50.0;;;;;;Interpoliert;126.5;-0.23;asphalt;tertiary;Otto-Röhm-Straße;1;Kurs 13
Routenpunkt (Way);T;Otto-Röhm-Straße;49.889905;8.640197;50.0;;;;;;Interpoliert;126.5;-0.46;asphalt;tertiary;Otto-Röhm-Straße;1;Kurs 13
Routenpunkt (Way);T;;49.88991;8.640318;50.0;;;;;;Interpoliert (15m);126.4;-1.29;asphalt;tertiary;Otto-Röhm-Straße;1;Kurs 13
Routenpunkt (Way);T;Otto-Röhm-Straße;49.889915;8.640438;50.0;;;;;;Original OSM;126.3;-1.45;asphalt;tertiary;Otto-Röhm-Straße;1;Kurs 13
Haltestelle;W;Darmstadt Daimlerweg;49.889916;8.640472;50.0;17:02:00;17:02:00;Kein Umlauf;Sa,So;1318.0;Original GTFS (Snap-Distanz 4m) | Auf Route gesnappt (7m);126.2;-1.66;asphalt;tertiary;Otto-Röhm-Straße;1;Kurs 13
Routenpunkt (Way);T;Daimlerweg;49.889978;8.640624;50.0;;;;;;Original OSM;126.1;-1.43;asphalt;tertiary;Otto-Röhm-Straße;1;Kurs 13
Routenpunkt (Way);T;;49.889969;8.640754;50.0;;;;;;Interpoliert (15m);126.0;-1.01;asphalt;tertiary;Otto-Röhm-Straße;1;Kurs 13
Routenpunkt (Way);T;Daimlerweg;49.88996;8.640883;50.0;;;;;;Original OSM;126.0;0.0;asphalt;tertiary;Otto-Röhm-Straße;1;Kurs 13
Routenpunkt (Way);T;;49.889952;8.641033;50.0;;;;;;Interpoliert (15m);126.1;0.33;asphalt;tertiary;Otto-Röhm-Straße;1;Kurs 13
Routenpunkt (Way);T;Otto-Röhm-Straße;49.889945;8.641183;50.0;;;;;;Interpoliert;126.2;0.71;asphalt;tertiary;Otto-Röhm-Straße;1;Kurs 13
Routenpunkt (Way);T;Otto-Röhm-Straße;49.889952;8.641347;50.0;;;;;;Interpoliert;126.3;0.86;asphalt;tertiary;Otto-Röhm-Straße;1;Kurs 13
Routenpunkt (Way);T;Otto-Röhm-Straße;49.889959;8.641511;50.0;;;;;;Original OSM;126.4;0.97;asphalt;tertiary;Otto-Röhm-Straße;1;Kurs 13
Routenpunkt (Way);T;Otto-Röhm-Straße;49.889966;8.641699;50.0;;;;;;Interpoliert;126.5;1.33;asphalt;tertiary;Otto-Röhm-Straße;1;Kurs 13
Routenpunkt (Way);T;Otto-Röhm-Straße;49.889974;8.641887;50.0;;;;;;Interpoliert;126.7;1.71;asphalt;tertiary;Otto-Röhm-Straße;1;Kurs 13
Routenpunkt (Way);T;;49.88998;8.64204;50.0;;;;;;Interpoliert (15m);127.0;2.08;asphalt;tertiary;Otto-Röhm-Straße;1;Kurs 13
Routenpunkt (Way);T;;49.889987;8.642193;50.0;;;;;;Interpoliert (15m);127.3;2.4;asphalt;tertiary;Otto-Röhm-Straße;1;Kurs 13
Routenpunkt (Way);T;Otto-Röhm-Straße;49.889993;8.642346;50.0;;;;;;Original OSM;127.6;2.42;asphalt;tertiary;Otto-Röhm-Straße;1;Kurs 13
Routenpunkt (Way);T;;49.889999;8.642525;50.0;;;;;;Interpoliert (15m);127.9;2.25;asphalt;tertiary;Otto-Röhm-Straße;1;Kurs 13
Routenpunkt (Way);T;Otto-Röhm-Straße;49.890006;8.642705;50.0;;;;;;Interpoliert;128.1;2.22;asphalt;tertiary;Otto-Röhm-Straße;1;Kurs 13
Routenpunkt (Way);T;Otto-Röhm-Straße;49.890011;8.642852;50.0;;;;;;Interpoliert;128.3;2.2;asphalt;tertiary;Otto-Röhm-Straße;1;Kurs 13
Routenpunkt (Way);T;;49.890014;8.642959;50.0;;;;;;Interpoliert (15m);128.5;2.19;asphalt;tertiary;Otto-Röhm-Straße;1;Kurs 13
Routenpunkt (Way);T;Otto-Röhm-Straße;49.890016;8.643066;50.0;;;;;;Original OSM;128.7;2.11;asphalt;tertiary;Otto-Röhm-Straße;1;Kurs 13
Routenpunkt (Way);T;;49.890012;8.643187;50.0;;;;;;Interpoliert (15m);128.9;1.6;asphalt;tertiary;Otto-Röhm-Straße;1;Kurs 13
Routenpunkt (Way);T;Otto-Röhm-Straße;49.890007;8.643308;50.0;;;;;;Original OSM;129.0;0.92;asphalt;tertiary;Otto-Röhm-Straße;1;Kurs 13
Routenpunkt (Way);T;Otto-Röhm-Straße;49.889994;8.643516;50.0;;;;;;Original OSM;128.9;0.24;asphalt;tertiary;Otto-Röhm-Straße;1;Kurs 13
Routenpunkt (Way);T;;49.889964;8.643685;50.0;;;;;;Interpoliert (15m);128.8;-0.38;asphalt;tertiary;Otto-Röhm-Straße;1;Kurs 13
Routenpunkt (Way);T;Otto-Röhm-Straße;49.889934;8.643854;50.0;;;;;;Original OSM;128.7;-0.77;asphalt;tertiary;Otto-Röhm-Straße;1;Kurs 13
Routenpunkt (Way);T;;49.889883;8.644012;50.0;;;;;;Interpoliert (15m);128.6;-0.79;asphalt;tertiary;Otto-Röhm-Straße;1;Kurs 13
Routenpunkt (Way);T;;49.889831;8.644169;50.0;;;;;;Interpoliert (15m);128.5;-0.81;asphalt;tertiary;Otto-Röhm-Straße;1;Kurs 13
Routenpunkt (Way);T;Otto-Röhm-Straße;49.88978;8.644327;50.0;;;;;;Original OSM;128.4;-0.82;asphalt;tertiary;Otto-Röhm-Straße;1;Kurs 13
Routenpunkt (Way);T;;49.889709;8.644447;50.0;;;;;;Interpoliert (15m);128.3;-0.49;asphalt;tertiary;Otto-Röhm-Straße;1;Kurs 13
Routenpunkt (Way);T;;49.889639;8.644566;50.0;;;;;;Interpoliert (15m);128.2;-0.33;asphalt;tertiary;Otto-Röhm-Straße;1;Kurs 13
Routenpunkt (Way);T;;49.889568;8.644686;50.0;;;;;;Interpoliert (15m);128.3;0.02;asphalt;tertiary;Otto-Röhm-Straße;1;Kurs 13
Routenpunkt (Way);T;Otto-Röhm-Straße;49.889497;8.644806;50.0;;;;;;Original OSM;128.3;0.39;asphalt;tertiary;Otto-Röhm-Straße;1;Kurs 13
Routenpunkt (Way);T;;49.889421;8.644885;50.0;;;;;;Interpoliert (15m);128.4;0.76;asphalt;tertiary;Otto-Röhm-Straße;1;Kurs 13
Routenpunkt (Way);T;;49.889344;8.644964;50.0;;;;;;Interpoliert (15m);128.5;0.72;asphalt;tertiary;Otto-Röhm-Straße;1;Kurs 13
Routenpunkt (Way);T;Otto-Röhm-Straße;49.889268;8.645043;50.0;;;;;;Original OSM;128.6;0.86;asphalt;tertiary;Otto-Röhm-Straße;1;Kurs 13
Routenpunkt (Way);T;Otto-Röhm-Straße;49.889147;8.645124;50.0;;;;;;Original OSM;128.7;0.81;asphalt;tertiary;Otto-Röhm-Straße;1;Kurs 13
Routenpunkt (Way);T;Otto-Röhm-Straße;49.889025;8.645186;50.0;;;;;;Original OSM;128.8;0.76;asphalt;tertiary;Otto-Röhm-Straße;1;Kurs 13
Routenpunkt (Way);T;Otto-Röhm-Straße;49.8889;8.645235;50.0;;;;;;Original OSM;128.9;0.8;asphalt;tertiary;Otto-Röhm-Straße;1;Kurs 13
Routenpunkt (Way);T;Otto-Röhm-Straße;49.888781;8.645257;50.0;;;;;;Interpoliert;129.0;0.43;asphalt;tertiary;Otto-Röhm-Straße;1;Kurs 13
Routenpunkt (Way);T;;49.888705;8.645269;50.0;;;;;;Interpoliert (15m);129.1;0.66;asphalt;tertiary;Otto-Röhm-Straße;1;Kurs 13
Routenpunkt (Way);A;Otto-Röhm-Straße (Ampel);49.888629;8.645281;50.0;;;;;;Original OSM;129.0;0.89;asphalt;tertiary;Otto-Röhm-Straße;1;Kurs 13
Routenpunkt (Way);T;;49.888569;8.645398;50.0;;;;;;Interpoliert (15m);129.2;1.12;asphalt;secondary;Carl-Schenck-Ring;1;Kurs 13
Routenpunkt (Way);T;Carl-Schenck-Ring;49.888509;8.645515;50.0;;;;;;Original OSM;129.4;1.27;asphalt;secondary;Carl-Schenck-Ring;1;Kurs 13
Routenpunkt (Way);T;;49.888553;8.645646;50.0;;;;;;Interpoliert (15m);129.6;1.93;asphalt;secondary;Carl-Schenck-Ring;1;Kurs 13
Routenpunkt (Way);T;Carl-Schenck-Ring;49.888597;8.645776;50.0;;;;;;Interpoliert;129.8;1.98;asphalt;secondary;Carl-Schenck-Ring;1;Kurs 13
Routenpunkt (Way);T;;49.888607;8.645907;50.0;;;;;;Interpoliert (15m);130.0;1.88;asphalt;secondary;Carl-Schenck-Ring;1;Kurs 13
Routenpunkt (Way);T;Carl-Schenck-Ring;49.888616;8.646038;50.0;;;;;;Original OSM;130.2;1.5;asphalt;secondary;Carl-Schenck-Ring;1;Kurs 13
Routenpunkt (Way);T;Carl-Schenck-Ring;49.888595;8.646237;50.0;;;;;;Interpoliert;130.4;1.44;asphalt;secondary;Carl-Schenck-Ring;1;Kurs 13
Haltestelle;W;Darmstadt Carl-Schenck-Ring;49.888595;8.646237;50.0;17:03:00;17:03:00;Kein Umlauf;Sa,So;1318.0;Original GTFS (Snap-Distanz 21m) | Auf Route gesnappt (21m);130.6;1.34;asphalt;secondary;Carl-Schenck-Ring;1;Kurs 13
Routenpunkt (Way);T;Carl-Schenck-Ring;49.888615;8.646409;50.0;;;;;;Interpoliert;130.8;0.92;asphalt;secondary;Carl-Schenck-Ring;1;Kurs 13
Routenpunkt (Way);T;Carl-Schenck-Ring;49.888635;8.64658;50.0;;;;;;Original OSM;131.0;0.48;asphalt;secondary;Carl-Schenck-Ring;1;Kurs 13
Routenpunkt (Way);T;Carl-Schenck-Ring;49.888651;8.64675;50.0;;;;;;Interpoliert;131.0;0.31;asphalt;secondary;Carl-Schenck-Ring;1;Kurs 13
Routenpunkt (Way);T;Carl-Schenck-Ring;49.888667;8.64692;50.0;;;;;;Original OSM;130.9;-0.19;asphalt;secondary;Carl-Schenck-Ring;1;Kurs 13
Routenpunkt (Way);T;Carl-Schenck-Ring;49.888681;8.647082;50.0;;;;;;Interpoliert;130.8;-0.67;asphalt;secondary;Carl-Schenck-Ring;1;Kurs 13
Routenpunkt (Way);T;Carl-Schenck-Ring;49.888694;8.647244;50.0;;;;;;Original OSM;130.7;-0.83;asphalt;secondary;Carl-Schenck-Ring;1;Kurs 13
Routenpunkt (Way);T;Carl-Schenck-Ring;49.888718;8.647409;50.0;;;;;;Interpoliert;130.6;-1.0;asphalt;secondary;Carl-Schenck-Ring;1;Kurs 13
Routenpunkt (Way);T;Carl-Schenck-Ring;49.888743;8.647574;50.0;;;;;;Interpoliert;130.5;-1.16;asphalt;secondary;Carl-Schenck-Ring;1;Kurs 13
Routenpunkt (Way);T;Carl-Schenck-Ring;49.888768;8.647739;50.0;;;;;;Interpoliert;130.3;-1.34;asphalt;secondary;Carl-Schenck-Ring;1;Kurs 13
Routenpunkt (Way);T;Carl-Schenck-Ring;49.888792;8.647904;50.0;;;;;;Original OSM;130.1;-1.53;asphalt;secondary;Carl-Schenck-Ring;1;Kurs 13
Routenpunkt (Way);T;Carl-Schenck-Ring;49.888815;8.648058;50.0;;;;;;Original OSM;129.9;-1.72;asphalt;secondary;Carl-Schenck-Ring;1;Kurs 13
Routenpunkt (Way);T;Carl-Schenck-Ring;49.888836;8.648212;50.0;;;;;;Interpoliert;129.7;-1.25;asphalt;secondary;Carl-Schenck-Ring;1;Kurs 13
Routenpunkt (Way);T;Carl-Schenck-Ring;49.888856;8.648366;50.0;;;;;;Original OSM;129.5;-0.77;asphalt;secondary;Carl-Schenck-Ring;1;Kurs 13
Routenpunkt (Way);T;Carl-Schenck-Ring;49.888888;8.64855;50.0;;;;;;Interpoliert;129.6;-0.27;asphalt;secondary;Carl-Schenck-Ring;1;Kurs 13
Routenpunkt (Way);T;Carl-Schenck-Ring;49.888919;8.648734;50.0;;;;;;Interpoliert;129.7;0.23;asphalt;secondary;Carl-Schenck-Ring;1;Kurs 13
Routenpunkt (Way);T;Carl-Schenck-Ring;49.888951;8.648919;50.0;;;;;;Interpoliert;129.8;1.17;asphalt;secondary;Carl-Schenck-Ring;1;Kurs 13
Routenpunkt (Way);T;Carl-Schenck-Ring;49.888982;8.649103;50.0;;;;;;Interpoliert;129.9;1.76;asphalt;secondary;Carl-Schenck-Ring;1;Kurs 13
Routenpunkt (Way);T;Carl-Schenck-Ring;49.889014;8.649288;50.0;;;;;;Interpoliert;130.3;1.9;asphalt;secondary;Carl-Schenck-Ring;1;Kurs 13
Routenpunkt (Way);T;Carl-Schenck-Ring;49.889045;8.649472;50.0;;;;;;Interpoliert;130.8;2.05;asphalt;secondary;Carl-Schenck-Ring;1;Kurs 13
Routenpunkt (Way);T;Carl-Schenck-Ring;49.889077;8.649656;50.0;;;;;;Interpoliert;131.0;2.22;asphalt;secondary;Carl-Schenck-Ring;1;Kurs 13
Routenpunkt (Way);T;Carl-Schenck-Ring;49.889108;8.649841;50.0;;;;;;Original OSM;131.2;2.28;asphalt;secondary;Carl-Schenck-Ring;1;Kurs 13
Routenpunkt (Way);T;Carl-Schenck-Ring;49.889137;8.650008;50.0;;;;;;Interpoliert;131.4;1.87;asphalt;secondary;Carl-Schenck-Ring;1;Kurs 13
Routenpunkt (Way);T;Carl-Schenck-Ring;49.889165;8.650176;50.0;;;;;;Interpoliert;131.8;1.9;asphalt;secondary;Carl-Schenck-Ring;1;Kurs 13
Routenpunkt (Way);T;Carl-Schenck-Ring;49.889194;8.650343;50.0;;;;;;Interpoliert;132.0;1.93;asphalt;secondary;Carl-Schenck-Ring;1;Kurs 13
Routenpunkt (Way);T;Carl-Schenck-Ring;49.889222;8.650511;50.0;;;;;;Interpoliert;132.2;1.89;asphalt;secondary;Carl-Schenck-Ring;1;Kurs 13
Routenpunkt (Way);T;Carl-Schenck-Ring;49.889251;8.650678;50.0;;;;;;Original OSM;132.4;1.25;asphalt;secondary;Carl-Schenck-Ring;1;Kurs 13
Routenpunkt (Way);T;Carl-Schenck-Ring;49.889289;8.650868;50.0;;;;;;Interpoliert;132.6;0.93;asphalt;secondary;Carl-Schenck-Ring;1;Kurs 13
Routenpunkt (Way);T;Carl-Schenck-Ring;49.889328;8.651057;50.0;;;;;;Interpoliert;132.6;1.06;asphalt;secondary;Carl-Schenck-Ring;1;Kurs 13
Routenpunkt (Way);T;Carl-Schenck-Ring;49.889366;8.651246;50.0;;;;;;Original OSM;132.6;1.18;asphalt;secondary;Carl-Schenck-Ring;1;Kurs 13
Routenpunkt (Way);T;Carl-Schenck-Ring;49.8894;8.651424;50.0;;;;;;Interpoliert;132.9;1.35;asphalt;secondary;Carl-Schenck-Ring;1;Kurs 13
Routenpunkt (Way);T;Carl-Schenck-Ring;49.889434;8.651601;50.0;;;;;;Interpoliert;133.2;1.66;asphalt;secondary;Carl-Schenck-Ring;1;Kurs 13
Routenpunkt (Way);T;Carl-Schenck-Ring;49.889468;8.651779;50.0;;;;;;Interpoliert;133.5;1.96;asphalt;secondary;Carl-Schenck-Ring;1;Kurs 13
Routenpunkt (Way);T;Carl-Schenck-Ring;49.889503;8.651957;50.0;;;;;;Interpoliert;133.7;1.9;asphalt;secondary;Carl-Schenck-Ring;1;Kurs 13
Routenpunkt (Way);T;Carl-Schenck-Ring;49.889537;8.652134;50.0;;;;;;Original OSM;133.9;1.77;asphalt;secondary;Carl-Schenck-Ring;1;Kurs 13
Routenpunkt (Way);T;Carl-Schenck-Ring;49.889554;8.652274;50.0;;;;;;Interpoliert;134.1;1.64;asphalt;secondary;Carl-Schenck-Ring;1;Kurs 13
Routenpunkt (Way);A;Ampel;49.889599;8.652433;50.0;;;;;;Interpoliert (15m);134.3;1.34;asphalt;secondary;Carl-Schenck-Ring;1;Kurs 13
Routenpunkt (Way);T;Carl-Schenck-Ring;49.889643;8.652592;50.0;;;;;;Original OSM;134.5;1.04;asphalt;secondary;Carl-Schenck-Ring;1;Kurs 13
Routenpunkt (Way);T;;49.889728;8.652641;50.0;;;;;;Interpoliert (15m);134.5;0.64;asphalt;secondary;Frankfurter Straße;1;Kurs 13
Routenpunkt (Way);T;;49.889812;8.65269;50.0;;;;;;Interpoliert (15m);134.5;0.32;asphalt;secondary;Frankfurter Straße;1;Kurs 13
Routenpunkt (Way);T;Frankfurter Straße;49.889897;8.652739;50.0;;;;;;Interpoliert;134.5;0.0;asphalt;secondary;Frankfurter Straße;1;Kurs 13
Routenpunkt (Way);T;Frankfurter Straße;49.889988;8.652762;50.0;;;;;;Original OSM;134.5;-0.17;asphalt;secondary;Frankfurter Straße;1;Kurs 13
Routenpunkt (Way);T;Frankfurter Straße;49.890117;8.652807;50.0;;;;;;Original OSM;134.5;-0.44;asphalt;secondary;Frankfurter Straße;1;Kurs 13
Routenpunkt (Way);T;Frankfurter Straße;49.890223;8.652844;50.0;;;;;;Original OSM;134.4;-0.72;asphalt;secondary;Frankfurter Straße;1;Kurs 13
Routenpunkt (Way);T;Frankfurter Straße;49.890352;8.652872;50.0;;;;;;Interpoliert;134.2;-0.99;asphalt;secondary;Frankfurter Straße;1;Kurs 13
Routenpunkt (Way);T;Frankfurter Straße;49.890481;8.6529;50.0;;;;;;Interpoliert;134.0;-1.27;asphalt;secondary;Frankfurter Straße;1;Kurs 13
Routenpunkt (Way);T;Frankfurter Straße;49.89061;8.652928;50.0;;;;;;Interpoliert;133.8;-1.24;asphalt;secondary;Frankfurter Straße;1;Kurs 13
Routenpunkt (Way);T;Frankfurter Straße;49.890739;8.652955;50.0;;;;;;Interpoliert;133.6;-1.13;asphalt;secondary;Frankfurter Straße;1;Kurs 13
Routenpunkt (Way);T;Frankfurter Straße;49.890868;8.652983;50.0;;;;;;Original OSM;133.5;-1.03;asphalt;secondary;Frankfurter Straße;1;Kurs 13
Routenpunkt (Way);T;Frankfurter Straße;49.890974;8.653007;50.0;;;;;;Interpoliert;133.4;-0.92;asphalt;secondary;Frankfurter Straße;1;Kurs 13
Routenpunkt (Way);T;Frankfurter Straße;49.89108;8.653031;50.0;;;;;;Interpoliert;133.3;0.81;asphalt;secondary;Frankfurter Straße;1;Kurs 13
Routenpunkt (Way);T;Frankfurter Straße;49.891186;8.653054;50.0;;;;;;Interpoliert;133.2;3.61;asphalt;secondary;Frankfurter Straße;1;Kurs 13
Routenpunkt (Way);T;Frankfurter Straße;49.891309;8.653082;50.0;;;;;;Original OSM;134.2;6.71;asphalt;secondary;Frankfurter Straße;1;Kurs 13
Routenpunkt (Way);T;;49.891376;8.653099;50.0;;;;;;Interpoliert (15m);135.2;7.79;asphalt;secondary;Frankfurter Straße;1;Kurs 13
Routenpunkt (Way);T;Frankfurter Straße;49.891442;8.653116;50.0;;;;;;Interpoliert;136.3;8.61;asphalt;secondary;Frankfurter Straße;1;Kurs 13
Routenpunkt (Way);T;Frankfurter Straße;49.891559;8.653147;50.0;;;;;;Interpoliert;136.9;8.5;asphalt;secondary;Frankfurter Straße;1;Kurs 13
Routenpunkt (Way);T;Frankfurter Straße;49.891677;8.653177;50.0;;;;;;Interpoliert;137.33;7.56;asphalt;secondary;Frankfurter Straße;1;Kurs 13
Routenpunkt (Way);T;;49.891738;8.653237;50.0;;;;;;Interpoliert (15m);137.88;7.73;asphalt;secondary;Frankfurter Straße;1;Kurs 13
Routenpunkt (Way);T;Unbekannt;49.8918;8.653296;50.0;;;;;;Original OSM;138.57;8.53;asphalt;service;;1;Kurs 13
Haltestelle;W;Darmstadt Nordbahnhof;49.891798;8.65338;50.0;17:05:00;17:05:00;Kein Umlauf;Sa,So;1318.0;Original GTFS (Snap-Distanz 1m) | Auf Route gesnappt (1m);139.5;10.28;asphalt;service;;1;Kurs 13
Routenpunkt (Way);A;Unbekannt (Ampel);49.891798;8.65338;50.0;17:07:00;17:07:00;;;;Original OSM;142.0;-4.97;asphalt;service;;2;Kurs 13
Haltestelle;W;Darmstadt Nordbahnhof;49.891798;8.65338;50.0;17:07:00;17:07:00;Kein Umlauf;So;1372.0;Original GTFS (Snap-Distanz 21m) | Auf Route gesnappt (1m);140.5;-6.31;asphalt;service;;2;Kurs 13
Routenpunkt (Way);T;Unbekannt;49.8918;8.653279;50.0;;;;;;Original OSM;139.43;-6.65;asphalt;service;;2;Kurs 13
Routenpunkt (Way);T;;49.891738;8.653228;50.0;;;;;;Interpoliert (15m);138.62;-7.4;asphalt;secondary;Frankfurter Straße;2;Kurs 13
Routenpunkt (Way);T;Frankfurter Straße;49.891677;8.653177;50.0;;;;;;Interpoliert;138.0;-8.31;asphalt;secondary;Frankfurter Straße;2;Kurs 13
Routenpunkt (Way);T;Frankfurter Straße;49.891559;8.653147;50.0;;;;;;Interpoliert;137.5;-6.93;asphalt;secondary;Frankfurter Straße;2;Kurs 13
Routenpunkt (Way);T;Frankfurter Straße;49.891442;8.653116;50.0;;;;;;Interpoliert;136.9;-7.79;asphalt;secondary;Frankfurter Straße;2;Kurs 13
Routenpunkt (Way);T;;49.891376;8.653099;50.0;;;;;;Interpoliert (15m);136.3;-7.65;asphalt;secondary;Frankfurter Straße;2;Kurs 13
Routenpunkt (Way);T;Frankfurter Straße;49.891309;8.653082;50.0;;;;;;Original OSM;135.2;-8.56;asphalt;secondary;Frankfurter Straße;2;Kurs 13
Routenpunkt (Way);T;Frankfurter Straße;49.891186;8.653054;50.0;;;;;;Interpoliert;134.2;-7.49;asphalt;secondary;Frankfurter Straße;2;Kurs 13
Routenpunkt (Way);T;Frankfurter Straße;49.89108;8.653031;50.0;;;;;;Interpoliert;133.2;-5.72;asphalt;secondary;Frankfurter Straße;2;Kurs 13
Routenpunkt (Way);T;Frankfurter Straße;49.890974;8.653007;50.0;;;;;;Interpoliert;133.3;-2.66;asphalt;secondary;Frankfurter Straße;2;Kurs 13
Routenpunkt (Way);T;Frankfurter Straße;49.890868;8.652983;50.0;;;;;;Original OSM;133.4;-1.06;asphalt;secondary;Frankfurter Straße;2;Kurs 13
Routenpunkt (Way);T;Frankfurter Straße;49.890739;8.652955;50.0;;;;;;Interpoliert;133.5;0.89;asphalt;secondary;Frankfurter Straße;2;Kurs 13
Routenpunkt (Way);T;Frankfurter Straße;49.89061;8.652928;50.0;;;;;;Interpoliert;133.6;1.0;asphalt;secondary;Frankfurter Straße;2;Kurs 13
Routenpunkt (Way);T;Frankfurter Straße;49.890481;8.6529;50.0;;;;;;Interpoliert;133.8;1.11;asphalt;secondary;Frankfurter Straße;2;Kurs 13
Routenpunkt (Way);T;Frankfurter Straße;49.890352;8.652872;50.0;;;;;;Interpoliert;134.0;1.3;asphalt;secondary;Frankfurter Straße;2;Kurs 13
Routenpunkt (Way);T;Frankfurter Straße;49.890223;8.652844;50.0;;;;;;Original OSM;134.2;1.3;asphalt;secondary;Frankfurter Straße;2;Kurs 13
Routenpunkt (Way);T;Frankfurter Straße;49.890117;8.652807;50.0;;;;;;Original OSM;134.4;1.02;asphalt;secondary;Frankfurter Straße;2;Kurs 13
Routenpunkt (Way);T;Frankfurter Straße;49.889988;8.652762;50.0;;;;;;Original OSM;134.5;0.74;asphalt;secondary;Frankfurter Straße;2;Kurs 13
Routenpunkt (Way);T;Frankfurter Straße;49.889897;8.652739;50.0;;;;;;Interpoliert;134.5;0.47;asphalt;secondary;Frankfurter Straße;2;Kurs 13
Routenpunkt (Way);A;Ampel;49.889812;8.65269;50.0;;;;;;Interpoliert (15m);134.5;0.14;asphalt;secondary;Frankfurter Straße;2;Kurs 13
Routenpunkt (Way);T;;49.889728;8.652641;50.0;;;;;;Interpoliert (15m);134.5;0.0;asphalt;secondary;Frankfurter Straße;2;Kurs 13
Routenpunkt (Way);T;Frankfurter Straße;49.889643;8.652592;50.0;;;;;;Original OSM;134.5;-0.32;asphalt;secondary;Carl-Schenck-Ring;2;Kurs 13
Routenpunkt (Way);T;;49.889599;8.652433;50.0;;;;;;Interpoliert (15m);134.5;-0.71;asphalt;secondary;Carl-Schenck-Ring;2;Kurs 13
Routenpunkt (Way);T;Carl-Schenck-Ring;49.889554;8.652274;50.0;;;;;;Interpoliert;134.3;-1.02;asphalt;secondary;Carl-Schenck-Ring;2;Kurs 13
Routenpunkt (Way);T;Carl-Schenck-Ring;49.889537;8.652134;50.0;;;;;;Original OSM;134.1;-1.32;asphalt;secondary;Carl-Schenck-Ring;2;Kurs 13
Routenpunkt (Way);T;Carl-Schenck-Ring;49.889503;8.651957;50.0;;;;;;Interpoliert;133.9;-1.62;asphalt;secondary;Carl-Schenck-Ring;2;Kurs 13
Routenpunkt (Way);T;Carl-Schenck-Ring;49.889468;8.651779;50.0;;;;;;Interpoliert;133.7;-1.75;asphalt;secondary;Carl-Schenck-Ring;2;Kurs 13
Routenpunkt (Way);T;Carl-Schenck-Ring;49.889434;8.651601;50.0;;;;;;Interpoliert;133.5;-1.81;asphalt;secondary;Carl-Schenck-Ring;2;Kurs 13
Routenpunkt (Way);T;Carl-Schenck-Ring;49.8894;8.651424;50.0;;;;;;Interpoliert;133.2;-1.93;asphalt;secondary;Carl-Schenck-Ring;2;Kurs 13
Routenpunkt (Way);T;Carl-Schenck-Ring;49.889366;8.651246;50.0;;;;;;Original OSM;132.9;-1.63;asphalt;secondary;Carl-Schenck-Ring;2;Kurs 13
Routenpunkt (Way);T;Carl-Schenck-Ring;49.889328;8.651057;50.0;;;;;;Interpoliert;132.6;-1.33;asphalt;secondary;Carl-Schenck-Ring;2;Kurs 13
Routenpunkt (Way);T;Carl-Schenck-Ring;49.889289;8.650868;50.0;;;;;;Interpoliert;132.6;-1.2;asphalt;secondary;Carl-Schenck-Ring;2;Kurs 13
Routenpunkt (Way);T;Carl-Schenck-Ring;49.889251;8.650678;50.0;;;;;;Original OSM;132.6;-1.07;asphalt;secondary;Carl-Schenck-Ring;2;Kurs 13
Routenpunkt (Way);T;Carl-Schenck-Ring;49.889222;8.650511;50.0;;;;;;Interpoliert;132.4;-0.97;asphalt;secondary;Carl-Schenck-Ring;2;Kurs 13
Routenpunkt (Way);T;Carl-Schenck-Ring;49.889194;8.650343;50.0;;;;;;Interpoliert;132.2;-1.29;asphalt;secondary;Carl-Schenck-Ring;2;Kurs 13
Routenpunkt (Way);T;Carl-Schenck-Ring;49.889165;8.650176;50.0;;;;;;Interpoliert;132.0;-1.93;asphalt;secondary;Carl-Schenck-Ring;2;Kurs 13
Routenpunkt (Way);T;Carl-Schenck-Ring;49.889137;8.650008;50.0;;;;;;Interpoliert;131.8;-1.9;asphalt;secondary;Carl-Schenck-Ring;2;Kurs 13
Routenpunkt (Way);T;Carl-Schenck-Ring;49.889108;8.649841;50.0;;;;;;Original OSM;131.4;-1.87;asphalt;secondary;Carl-Schenck-Ring;2;Kurs 13
Routenpunkt (Way);T;Carl-Schenck-Ring;49.889077;8.649656;50.0;;;;;;Interpoliert;131.2;-1.84;asphalt;secondary;Carl-Schenck-Ring;2;Kurs 13
Routenpunkt (Way);T;Carl-Schenck-Ring;49.889045;8.649472;50.0;;;;;;Interpoliert;131.0;-2.25;asphalt;secondary;Carl-Schenck-Ring;2;Kurs 13
Routenpunkt (Way);T;Carl-Schenck-Ring;49.889014;8.649288;50.0;;;;;;Interpoliert;130.8;-2.19;asphalt;secondary;Carl-Schenck-Ring;2;Kurs 13
Routenpunkt (Way);T;Carl-Schenck-Ring;49.888982;8.649103;50.0;;;;;;Interpoliert;130.3;-2.05;asphalt;secondary;Carl-Schenck-Ring;2;Kurs 13
Routenpunkt (Way);T;Carl-Schenck-Ring;49.888951;8.648919;50.0;;;;;;Interpoliert;129.9;-1.9;asphalt;secondary;Carl-Schenck-Ring;2;Kurs 13
Routenpunkt (Way);T;Carl-Schenck-Ring;49.888919;8.648734;50.0;;;;;;Interpoliert;129.8;-1.76;asphalt;secondary;Carl-Schenck-Ring;2;Kurs 13
Routenpunkt (Way);T;Carl-Schenck-Ring;49.888888;8.64855;50.0;;;;;;Interpoliert;129.7;-1.2;asphalt;secondary;Carl-Schenck-Ring;2;Kurs 13
Routenpunkt (Way);T;Carl-Schenck-Ring;49.888856;8.648366;50.0;;;;;;Original OSM;129.6;-0.26;asphalt;secondary;Carl-Schenck-Ring;2;Kurs 13
Routenpunkt (Way);T;Carl-Schenck-Ring;49.888836;8.648212;50.0;;;;;;Interpoliert;129.5;0.24;asphalt;secondary;Carl-Schenck-Ring;2;Kurs 13
Routenpunkt (Way);T;Carl-Schenck-Ring;49.888815;8.648058;50.0;;;;;;Original OSM;129.7;0.71;asphalt;secondary;Carl-Schenck-Ring;2;Kurs 13
Routenpunkt (Way);T;Carl-Schenck-Ring;49.888792;8.647904;50.0;;;;;;Original OSM;129.9;1.19;asphalt;secondary;Carl-Schenck-Ring;2;Kurs 13
Routenpunkt (Way);T;Carl-Schenck-Ring;49.888768;8.647739;50.0;;;;;;Interpoliert;130.1;1.7;asphalt;secondary;Carl-Schenck-Ring;2;Kurs 13
Routenpunkt (Way);T;Carl-Schenck-Ring;49.888743;8.647574;50.0;;;;;;Interpoliert;130.3;1.51;asphalt;secondary;Carl-Schenck-Ring;2;Kurs 13
Routenpunkt (Way);T;Carl-Schenck-Ring;49.888718;8.647409;50.0;;;;;;Interpoliert;130.5;1.33;asphalt;secondary;Carl-Schenck-Ring;2;Kurs 13
Routenpunkt (Way);T;Carl-Schenck-Ring;49.888694;8.647244;50.0;;;;;;Original OSM;130.6;1.17;asphalt;secondary;Carl-Schenck-Ring;2;Kurs 13
Routenpunkt (Way);T;Carl-Schenck-Ring;49.888681;8.647082;50.0;;;;;;Interpoliert;130.7;1.0;asphalt;secondary;Carl-Schenck-Ring;2;Kurs 13
Routenpunkt (Way);T;Carl-Schenck-Ring;49.888667;8.64692;50.0;;;;;;Original OSM;130.8;0.83;asphalt;secondary;Carl-Schenck-Ring;2;Kurs 13
Routenpunkt (Way);T;Carl-Schenck-Ring;49.888651;8.64675;50.0;;;;;;Interpoliert;130.9;0.67;asphalt;secondary;Carl-Schenck-Ring;2;Kurs 13
Routenpunkt (Way);T;Carl-Schenck-Ring;49.888635;8.64658;50.0;;;;;;Original OSM;131.0;0.18;asphalt;secondary;Carl-Schenck-Ring;2;Kurs 13
Routenpunkt (Way);T;Carl-Schenck-Ring;49.888615;8.646409;50.0;;;;;;Interpoliert;131.0;0.01;asphalt;secondary;Carl-Schenck-Ring;2;Kurs 13
Routenpunkt (Way);T;Carl-Schenck-Ring;49.888595;8.646237;50.0;;;;;;Interpoliert;130.8;-0.43;asphalt;secondary;Carl-Schenck-Ring;2;Kurs 13
Haltestelle;W;Darmstadt Carl-Schenck-Ring;49.888595;8.646237;50.0;17:09:00;17:09:00;Kein Umlauf;So;1372.0;Original GTFS (Snap-Distanz 21m) | Auf Route gesnappt (21m);130.6;-1.02;asphalt;secondary;Carl-Schenck-Ring;2;Kurs 13
Routenpunkt (Way);T;Carl-Schenck-Ring;49.888616;8.646038;50.0;;;;;;Interpoliert;130.4;-1.44;asphalt;secondary;Carl-Schenck-Ring;2;Kurs 13
Routenpunkt (Way);T;;49.888607;8.645907;50.0;;;;;;Interpoliert (15m);130.2;-1.5;asphalt;secondary;Carl-Schenck-Ring;2;Kurs 13
Routenpunkt (Way);T;Carl-Schenck-Ring;49.888597;8.645776;50.0;;;;;;Interpoliert;130.0;-1.88;asphalt;secondary;Carl-Schenck-Ring;2;Kurs 13
Routenpunkt (Way);T;;49.888553;8.645646;50.0;;;;;;Interpoliert (15m);129.8;-1.98;asphalt;secondary;Carl-Schenck-Ring;2;Kurs 13
Routenpunkt (Way);A;Carl-Schenck-Ring (Ampel);49.888509;8.645515;50.0;;;;;;Original OSM;129.6;-1.93;asphalt;secondary;Carl-Schenck-Ring;2;Kurs 13
Routenpunkt (Way);T;;49.888569;8.645398;50.0;;;;;;Interpoliert (15m);129.4;-1.97;asphalt;secondary;Carl-Schenck-Ring;2;Kurs 13
Routenpunkt (Way);T;Otto-Röhm-Straße;49.888629;8.645281;50.0;;;;;;Original OSM;129.2;-1.36;asphalt;tertiary;Otto-Röhm-Straße;2;Kurs 13
Routenpunkt (Way);T;;49.888705;8.645269;50.0;;;;;;Interpoliert (15m);129.0;-1.13;asphalt;tertiary;Otto-Röhm-Straße;2;Kurs 13
Routenpunkt (Way);T;Otto-Röhm-Straße;49.888781;8.645257;50.0;;;;;;Interpoliert;129.1;-0.9;asphalt;tertiary;Otto-Röhm-Straße;2;Kurs 13
Routenpunkt (Way);T;Otto-Röhm-Straße;49.8889;8.645235;50.0;;;;;;Original OSM;129.0;-0.67;asphalt;tertiary;Otto-Röhm-Straße;2;Kurs 13
Routenpunkt (Way);T;Otto-Röhm-Straße;49.889025;8.645186;50.0;;;;;;Original OSM;128.9;-0.33;asphalt;tertiary;Otto-Röhm-Straße;2;Kurs 13
Routenpunkt (Way);T;Otto-Röhm-Straße;49.889147;8.645124;50.0;;;;;;Original OSM;128.8;-0.76;asphalt;tertiary;Otto-Röhm-Straße;2;Kurs 13
Routenpunkt (Way);T;Otto-Röhm-Straße;49.889268;8.645043;50.0;;;;;;Original OSM;128.7;-0.81;asphalt;tertiary;Otto-Röhm-Straße;2;Kurs 13
Routenpunkt (Way);T;;49.889344;8.644964;50.0;;;;;;Interpoliert (15m);128.6;-0.86;asphalt;tertiary;Otto-Röhm-Straße;2;Kurs 13
Routenpunkt (Way);T;;49.889421;8.644885;50.0;;;;;;Interpoliert (15m);128.5;-0.9;asphalt;tertiary;Otto-Röhm-Straße;2;Kurs 13
Routenpunkt (Way);T;Otto-Röhm-Straße;49.889497;8.644806;50.0;;;;;;Original OSM;128.4;-0.76;asphalt;tertiary;Otto-Röhm-Straße;2;Kurs 13
Routenpunkt (Way);T;;49.889568;8.644686;50.0;;;;;;Interpoliert (15m);128.3;-0.74;asphalt;tertiary;Otto-Röhm-Straße;2;Kurs 13
Routenpunkt (Way);T;;49.889639;8.644566;50.0;;;;;;Interpoliert (15m);128.3;-0.37;asphalt;tertiary;Otto-Röhm-Straße;2;Kurs 13
Routenpunkt (Way);T;;49.889709;8.644447;50.0;;;;;;Interpoliert (15m);128.2;-0.01;asphalt;tertiary;Otto-Röhm-Straße;2;Kurs 13
Routenpunkt (Way);T;Otto-Röhm-Straße;49.88978;8.644327;50.0;;;;;;Original OSM;128.3;0.32;asphalt;tertiary;Otto-Röhm-Straße;2;Kurs 13
Routenpunkt (Way);T;;49.889831;8.644169;50.0;;;;;;Interpoliert (15m);128.4;0.47;asphalt;tertiary;Otto-Röhm-Straße;2;Kurs 13
Routenpunkt (Way);T;;49.889883;8.644012;50.0;;;;;;Interpoliert (15m);128.5;0.81;asphalt;tertiary;Otto-Röhm-Straße;2;Kurs 13
Routenpunkt (Way);T;Otto-Röhm-Straße;49.889934;8.643854;50.0;;;;;;Original OSM;128.6;0.79;asphalt;tertiary;Otto-Röhm-Straße;2;Kurs 13
Routenpunkt (Way);T;;49.889964;8.643685;50.0;;;;;;Interpoliert (15m);128.7;0.77;asphalt;tertiary;Otto-Röhm-Straße;2;Kurs 13
Routenpunkt (Way);T;Otto-Röhm-Straße;49.889994;8.643516;50.0;;;;;;Original OSM;128.8;0.84;asphalt;tertiary;Otto-Röhm-Straße;2;Kurs 13
Routenpunkt (Way);T;Otto-Röhm-Straße;49.890007;8.643308;50.0;;;;;;Original OSM;128.9;0.45;asphalt;tertiary;Otto-Röhm-Straße;2;Kurs 13
Routenpunkt (Way);T;;49.890012;8.643187;50.0;;;;;;Interpoliert (15m);129.0;-0.23;asphalt;tertiary;Otto-Röhm-Straße;2;Kurs 13
Routenpunkt (Way);T;Otto-Röhm-Straße;49.890016;8.643066;50.0;;;;;;Original OSM;128.9;-0.91;asphalt;tertiary;Otto-Röhm-Straße;2;Kurs 13
Routenpunkt (Way);T;;49.890014;8.642959;50.0;;;;;;Interpoliert (15m);128.7;-1.42;asphalt;tertiary;Otto-Röhm-Straße;2;Kurs 13
Routenpunkt (Way);T;Otto-Röhm-Straße;49.890011;8.642852;50.0;;;;;;Interpoliert;128.5;-1.96;asphalt;tertiary;Otto-Röhm-Straße;2;Kurs 13
Routenpunkt (Way);T;Otto-Röhm-Straße;49.890006;8.642705;50.0;;;;;;Interpoliert;128.3;-2.04;asphalt;tertiary;Otto-Röhm-Straße;2;Kurs 13
Routenpunkt (Way);T;;49.889999;8.642525;50.0;;;;;;Interpoliert (15m);128.1;-2.07;asphalt;tertiary;Otto-Röhm-Straße;2;Kurs 13
Routenpunkt (Way);T;Otto-Röhm-Straße;49.889993;8.642346;50.0;;;;;;Original OSM;127.9;-2.09;asphalt;tertiary;Otto-Röhm-Straße;2;Kurs 13
Routenpunkt (Way);T;;49.889987;8.642193;50.0;;;;;;Interpoliert (15m);127.6;-2.26;asphalt;tertiary;Otto-Röhm-Straße;2;Kurs 13
Routenpunkt (Way);T;;49.88998;8.64204;50.0;;;;;;Interpoliert (15m);127.3;-2.39;asphalt;tertiary;Otto-Röhm-Straße;2;Kurs 13
Routenpunkt (Way);T;Otto-Röhm-Straße;49.889974;8.641887;50.0;;;;;;Interpoliert;127.0;-2.38;asphalt;tertiary;Otto-Röhm-Straße;2;Kurs 13
Routenpunkt (Way);T;Otto-Röhm-Straße;49.889966;8.641699;50.0;;;;;;Interpoliert;126.7;-2.0;asphalt;tertiary;Otto-Röhm-Straße;2;Kurs 13
Routenpunkt (Way);T;Otto-Röhm-Straße;49.889959;8.641511;50.0;;;;;;Original OSM;126.5;-1.63;asphalt;tertiary;Otto-Röhm-Straße;2;Kurs 13
Routenpunkt (Way);T;Otto-Röhm-Straße;49.889952;8.641347;50.0;;;;;;Interpoliert;126.4;-1.27;asphalt;tertiary;Otto-Röhm-Straße;2;Kurs 13
Routenpunkt (Way);T;Otto-Röhm-Straße;49.889945;8.641183;50.0;;;;;;Interpoliert;126.3;-1.01;asphalt;tertiary;Otto-Röhm-Straße;2;Kurs 13
Routenpunkt (Way);T;;49.889952;8.641033;50.0;;;;;;Interpoliert (15m);126.2;-0.93;asphalt;tertiary;Otto-Röhm-Straße;2;Kurs 13
Routenpunkt (Way);T;Otto-Röhm-Straße;49.88996;8.640883;50.0;;;;;;Original OSM;126.1;-0.76;asphalt;tertiary;Otto-Röhm-Straße;2;Kurs 13
Routenpunkt (Way);T;;49.889969;8.640754;50.0;;;;;;Interpoliert (15m);126.0;-0.43;asphalt;tertiary;Otto-Röhm-Straße;2;Kurs 13
Routenpunkt (Way);T;Daimlerweg;49.889978;8.640624;50.0;;;;;;Original OSM;126.0;0.58;asphalt;tertiary;Otto-Röhm-Straße;2;Kurs 13
Haltestelle;W;Darmstadt Daimlerweg;49.889916;8.640472;50.0;17:10:00;17:10:00;Kein Umlauf;So;1372.0;Original GTFS (Snap-Distanz 4m) | Auf Route gesnappt (7m);126.1;1.0;asphalt;tertiary;Otto-Röhm-Straße;2;Kurs 13
Routenpunkt (Way);T;Otto-Röhm-Straße;49.889915;8.640438;50.0;;;;;;Original OSM;126.2;1.45;asphalt;tertiary;Otto-Röhm-Straße;2;Kurs 13
Routenpunkt (Way);T;;49.88991;8.640318;50.0;;;;;;Interpoliert (15m);126.3;1.58;asphalt;tertiary;Otto-Röhm-Straße;2;Kurs 13
Routenpunkt (Way);T;Otto-Röhm-Straße;49.889905;8.640197;50.0;;;;;;Interpoliert;126.4;1.43;asphalt;tertiary;Otto-Röhm-Straße;2;Kurs 13
Routenpunkt (Way);T;Otto-Röhm-Straße;49.889897;8.63999;50.0;;;;;;Interpoliert;126.5;0.6;asphalt;tertiary;Otto-Röhm-Straße;2;Kurs 13
Routenpunkt (Way);T;Otto-Röhm-Straße;49.889888;8.639783;50.0;;;;;;Interpoliert;126.5;0.37;asphalt;tertiary;Otto-Röhm-Straße;2;Kurs 13
Routenpunkt (Way);T;Otto-Röhm-Straße;49.88988;8.639575;50.0;;;;;;Original OSM;126.5;0.13;asphalt;tertiary;Otto-Röhm-Straße;2;Kurs 13
Routenpunkt (Way);T;Otto-Röhm-Straße;49.889874;8.639433;50.0;;;;;;Original OSM;126.5;0.4;asphalt;tertiary;Otto-Röhm-Straße;2;Kurs 13
Routenpunkt (Way);T;Otto-Röhm-Straße;49.889866;8.639226;50.0;;;;;;Interpoliert;126.5;0.67;asphalt;tertiary;Otto-Röhm-Straße;2;Kurs 13
Routenpunkt (Way);T;Otto-Röhm-Straße;49.889857;8.639019;50.0;;;;;;Interpoliert;126.8;0.94;asphalt;tertiary;Otto-Röhm-Straße;2;Kurs 13
Routenpunkt (Way);T;Otto-Röhm-Straße;49.889849;8.638813;50.0;;;;;;Interpoliert;127.0;1.21;asphalt;tertiary;Otto-Röhm-Straße;2;Kurs 13
Routenpunkt (Way);T;Otto-Röhm-Straße;49.88984;8.638606;50.0;;;;;;Interpoliert;127.2;1.55;asphalt;tertiary;Otto-Röhm-Straße;2;Kurs 13
Routenpunkt (Way);T;Otto-Röhm-Straße;49.889832;8.6384;50.0;;;;;;Original OSM;127.4;1.49;asphalt;tertiary;Otto-Röhm-Straße;2;Kurs 13
Routenpunkt (Way);T;Otto-Röhm-Straße;49.889825;8.638235;50.0;;;;;;Interpoliert;127.6;1.85;asphalt;tertiary;Otto-Röhm-Straße;2;Kurs 13
Routenpunkt (Way);T;Otto-Röhm-Straße;49.889819;8.638071;50.0;;;;;;Interpoliert;127.8;2.2;asphalt;tertiary;Otto-Röhm-Straße;2;Kurs 13
Routenpunkt (Way);T;;49.889813;8.637938;50.0;;;;;;Interpoliert (15m);128.1;2.7;asphalt;tertiary;Otto-Röhm-Straße;2;Kurs 13
Routenpunkt (Way);T;Otto-Röhm-Straße;49.889808;8.637805;50.0;;;;;;Original OSM;128.4;3.12;asphalt;tertiary;Otto-Röhm-Straße;2;Kurs 13
Routenpunkt (Way);T;;49.889803;8.637695;50.0;;;;;;Interpoliert (15m);128.7;2.6;asphalt;tertiary;Otto-Röhm-Straße;2;Kurs 13
Routenpunkt (Way);T;Otto-Röhm-Straße;49.889799;8.637586;50.0;;;;;;Interpoliert;129.0;1.84;asphalt;tertiary;Otto-Röhm-Straße;2;Kurs 13
Routenpunkt (Way);T;Otto-Röhm-Straße;49.889793;8.637435;50.0;;;;;;Interpoliert;128.9;1.08;asphalt;tertiary;Otto-Röhm-Straße;2;Kurs 13
Routenpunkt (Way);T;;49.889791;8.637226;50.0;;;;;;Interpoliert (15m);128.8;0.18;asphalt;tertiary;Otto-Röhm-Straße;2;Kurs 13
Routenpunkt (Way);T;Otto-Röhm-Straße;49.88979;8.637017;50.0;;;;;;Original OSM;128.7;-0.72;asphalt;tertiary;Otto-Röhm-Straße;2;Kurs 13
Routenpunkt (Way);T;;49.889788;8.636808;50.0;;;;;;Interpoliert (15m);128.6;-0.85;asphalt;tertiary;Otto-Röhm-Straße;2;Kurs 13
Routenpunkt (Way);T;Wöhlerweg;49.889786;8.6366;50.0;;;;;;Interpoliert;128.5;-0.72;asphalt;tertiary;Otto-Röhm-Straße;2;Kurs 13
Haltestelle;W;Darmstadt Wöhlerweg;49.889809;8.63652;50.0;;;Kein Umlauf;So;1372.0;Original GTFS (Snap-Distanz 4m) | Auf Route gesnappt (4m);128.4;-1.43;asphalt;tertiary;Otto-Röhm-Straße;2;Kurs 13
Routenpunkt (Way);T;Wöhlerweg;49.889809;8.63652;50.0;;;;;;Original OSM;128.3;-2.14;asphalt;tertiary;Otto-Röhm-Straße;2;Kurs 13
Routenpunkt (Way);T;;49.889777;8.636398;50.0;;;;;;Interpoliert (15m);127.9;-2.59;asphalt;tertiary;Otto-Röhm-Straße;2;Kurs 13
Routenpunkt (Way);T;Otto-Röhm-Straße;49.889745;8.636275;50.0;;;;;;Original OSM;127.5;-2.74;asphalt;tertiary;Otto-Röhm-Straße;2;Kurs 13
Routenpunkt (Way);T;Otto-Röhm-Straße;49.889738;8.636085;50.0;;;;;;Interpoliert;127.1;-3.2;asphalt;tertiary;Otto-Röhm-Straße;2;Kurs 13
Routenpunkt (Way);T;;49.88973;8.635904;50.0;;;;;;Interpoliert (15m);126.8;-2.98;asphalt;tertiary;Otto-Röhm-Straße;2;Kurs 13
Routenpunkt (Way);T;;49.889723;8.635724;50.0;;;;;;Interpoliert (15m);126.5;-2.8;asphalt;tertiary;Otto-Röhm-Straße;2;Kurs 13
Routenpunkt (Way);T;Otto-Röhm-Straße;49.889715;8.635544;50.0;;;;;;Original OSM;126.1;-2.88;asphalt;tertiary;Otto-Röhm-Straße;2;Kurs 13
Routenpunkt (Way);T;;49.889705;8.635377;50.0;;;;;;Interpoliert (15m);125.7;-3.08;asphalt;tertiary;Otto-Röhm-Straße;2;Kurs 13
Routenpunkt (Way);T;;49.889695;8.635211;50.0;;;;;;Interpoliert (15m);125.3;-3.25;asphalt;tertiary;Otto-Röhm-Straße;2;Kurs 13
Routenpunkt (Way);T;Otto-Röhm-Straße;49.889685;8.635044;50.0;;;;;;Original OSM;124.9;-2.64;asphalt;tertiary;Otto-Röhm-Straße;2;Kurs 13
Routenpunkt (Way);T;Otto-Röhm-Straße;49.889667;8.63487;50.0;;;;;;Original OSM;124.5;-1.97;asphalt;tertiary;Otto-Röhm-Straße;2;Kurs 13
Routenpunkt (Way);T;Otto-Röhm-Straße;49.88964;8.634728;50.0;;;;;;Interpoliert;124.5;-1.3;asphalt;tertiary;Otto-Röhm-Straße;2;Kurs 13
Routenpunkt (Way);T;Otto-Röhm-Straße;49.889614;8.634586;50.0;;;;;;Interpoliert;124.5;-0.63;asphalt;tertiary;Otto-Röhm-Straße;2;Kurs 13
Routenpunkt (Way);T;Otto-Röhm-Straße;49.889588;8.634444;50.0;;;;;;Original OSM;124.5;0.0;asphalt;tertiary;Otto-Röhm-Straße;2;Kurs 13
Routenpunkt (Way);T;Otto-Röhm-Straße;49.889535;8.634298;50.0;;;;;;Interpoliert;124.5;0.57;asphalt;tertiary;Otto-Röhm-Straße;2;Kurs 13
Routenpunkt (Way);T;Otto-Röhm-Straße;49.889482;8.634153;50.0;;;;;;Original OSM;124.5;1.13;asphalt;tertiary;Otto-Röhm-Straße;2;Kurs 13
Routenpunkt (Way);T;;49.889422;8.634038;50.0;;;;;;Interpoliert (15m);124.8;1.7;asphalt;tertiary;Otto-Röhm-Straße;2;Kurs 13
Routenpunkt (Way);T;;49.889361;8.633923;50.0;;;;;;Interpoliert (15m);125.1;2.34;asphalt;tertiary;Otto-Röhm-Straße;2;Kurs 13
Routenpunkt (Way);T;Otto-Röhm-Straße;49.889301;8.633808;50.0;;;;;;Original OSM;125.4;2.99;asphalt;tertiary;Otto-Röhm-Straße;2;Kurs 13
Routenpunkt (Way);T;;49.889219;8.633691;50.0;;;;;;Interpoliert (15m);125.8;2.87;asphalt;tertiary;Otto-Röhm-Straße;2;Kurs 13
Routenpunkt (Way);T;Otto-Röhm-Straße;49.889137;8.633574;50.0;;;;;;Original OSM;126.2;2.72;asphalt;tertiary;Otto-Röhm-Straße;2;Kurs 13
Routenpunkt (Way);T;Otto-Röhm-Straße;49.889045;8.633453;50.0;;;;;;Original OSM;126.5;2.74;asphalt;tertiary;Otto-Röhm-Straße;2;Kurs 13
Routenpunkt (Way);T;Otto-Röhm-Straße;49.888938;8.63334;50.0;;;;;;Original OSM;126.8;2.68;asphalt;tertiary;Otto-Röhm-Straße;2;Kurs 13
Routenpunkt (Way);T;Otto-Röhm-Straße;49.888859;8.633266;50.0;;;;;;Interpoliert;127.1;1.75;asphalt;tertiary;Otto-Röhm-Straße;2;Kurs 13
Routenpunkt (Way);T;Otto-Röhm-Straße;49.88878;8.633192;50.0;;;;;;Original OSM;127.4;0.63;asphalt;tertiary;Otto-Röhm-Straße;2;Kurs 13
Routenpunkt (Way);T;Otto-Röhm-Straße;49.888667;8.633095;50.0;;;;;;Original OSM;127.2;-0.47;asphalt;tertiary;Otto-Röhm-Straße;2;Kurs 13
Routenpunkt (Way);T;;49.888571;8.633026;50.0;;;;;;Interpoliert (15m);126.8;-1.74;asphalt;tertiary;Otto-Röhm-Straße;2;Kurs 13
Routenpunkt (Way);A;Ampel;49.888475;8.632957;50.0;;;;;;Interpoliert (15m);126.4;-3.17;asphalt;tertiary;Otto-Röhm-Straße;2;Kurs 13
Routenpunkt (Way);T;;49.888379;8.632888;50.0;;;;;;Interpoliert (15m);126.0;-3.77;asphalt;tertiary;Otto-Röhm-Straße;2;Kurs 13
Routenpunkt (Way);T;Otto-Röhm-Straße;49.888283;8.63282;50.0;;;;;;Original OSM;125.5;-3.96;asphalt;primary;Gräfenhäuser Straße;2;Kurs 13
Routenpunkt (Way);T;;49.888184;8.632777;50.0;;;;;;Interpoliert (15m);125.0;-4.15;asphalt;primary;Gräfenhäuser Straße;2;Kurs 13
Routenpunkt (Way);T;;49.888084;8.632735;50.0;;;;;;Interpoliert (15m);124.5;-3.96;asphalt;primary;Gräfenhäuser Straße;2;Kurs 13
Haltestelle;W;Darmstadt Otto-Röhm-Straße;49.887985;8.632692;50.0;17:12:00;17:12:00;Kein Umlauf;So;1372.0;Original GTFS (Snap-Distanz 8m) | Auf Route gesnappt (8m);124.0;-3.6;asphalt;primary;;2;Kurs 13
Routenpunkt (Way);T;;49.887875;8.632694;50.0;;;;;;Interpoliert (15m);123.7;-2.4;asphalt;primary;Gräfenhäuser Straße;2;Kurs 13
Routenpunkt (Way);T;Gräfenhäuser Straße;49.887765;8.632696;50.0;;;;;;Original OSM;123.4;-1.2;asphalt;primary;Gräfenhäuser Straße;2;Kurs 13
Routenpunkt (Way);T;;49.887673;8.632789;50.0;;;;;;Interpoliert (15m);123.6;0.29;asphalt;primary;Gräfenhäuser Straße;2;Kurs 13
Routenpunkt (Way);T;Gräfenhäuser Straße;49.887581;8.632882;50.0;;;;;;Interpoliert;123.8;1.41;asphalt;primary;Gräfenhäuser Straße;2;Kurs 13
Routenpunkt (Way);T;Gräfenhäuser Straße;49.887497;8.633005;50.0;;;;;;Original OSM;124.2;2.64;asphalt;primary;Gräfenhäuser Straße;2;Kurs 13
Routenpunkt (Way);T;Gräfenhäuser Straße;49.887405;8.633114;50.0;;;;;;Original OSM;124.6;3.06;asphalt;primary;Gräfenhäuser Straße;2;Kurs 13
Routenpunkt (Way);T;Gräfenhäuser Straße;49.887329;8.633207;50.0;;;;;;Interpoliert;125.0;3.28;asphalt;primary;Gräfenhäuser Straße;2;Kurs 13
Routenpunkt (Way);T;Gräfenhäuser Straße;49.887253;8.6333;50.0;;;;;;Original OSM;125.4;3.2;asphalt;primary;Gräfenhäuser Straße;2;Kurs 13
Routenpunkt (Way);T;Gräfenhäuser Straße;49.887151;8.633429;50.0;;;;;;Interpoliert;125.8;2.73;asphalt;primary;Gräfenhäuser Straße;2;Kurs 13
Routenpunkt (Way);T;Gräfenhäuser Straße;49.887049;8.633558;50.0;;;;;;Original OSM;126.2;1.99;asphalt;primary;Gräfenhäuser Straße;2;Kurs 13
Routenpunkt (Way);T;Gräfenhäuser Straße;49.886958;8.633679;50.0;;;;;;Original OSM;126.3;1.25;asphalt;primary;Gräfenhäuser Straße;2;Kurs 13
Routenpunkt (Way);T;Gräfenhäuser Straße;49.886877;8.633789;50.0;;;;;;Interpoliert;126.3;0.7;asphalt;primary;Gräfenhäuser Straße;2;Kurs 13
Routenpunkt (Way);T;Gräfenhäuser Straße;49.886795;8.633898;50.0;;;;;;Interpoliert;126.3;-0.23;asphalt;primary;Gräfenhäuser Straße;2;Kurs 13
Routenpunkt (Way);T;;49.886724;8.633996;50.0;;;;;;Interpoliert (15m);126.3;-0.74;asphalt;primary;Gräfenhäuser Straße;2;Kurs 13
Routenpunkt (Way);T;Gräfenhäuser Straße;49.886652;8.634094;50.0;;;;;;Original OSM;126.1;-1.1;asphalt;primary;Gräfenhäuser Straße;2;Kurs 13
Routenpunkt (Way);T;;49.886578;8.634197;50.0;;;;;;Interpoliert (15m);125.9;-1.41;asphalt;primary;Gräfenhäuser Straße;2;Kurs 13
Routenpunkt (Way);T;Gräfenhäuser Straße;49.886504;8.6343;50.0;;;;;;Interpoliert;125.7;-1.72;asphalt;primary;Gräfenhäuser Straße;2;Kurs 13
Routenpunkt (Way);T;Gräfenhäuser Straße;49.886417;8.634419;50.0;;;;;;Interpoliert;125.5;-1.52;asphalt;primary;Gräfenhäuser Straße;2;Kurs 13
Routenpunkt (Way);T;Gräfenhäuser Straße;49.88633;8.634539;50.0;;;;;;Interpoliert;125.3;-1.16;asphalt;primary;Gräfenhäuser Straße;2;Kurs 13
Routenpunkt (Way);T;;49.886255;8.634641;50.0;;;;;;Interpoliert (15m);125.2;-0.62;asphalt;primary;Gräfenhäuser Straße;2;Kurs 13
Routenpunkt (Way);T;Gräfenhäuser Straße;49.886179;8.634742;50.0;;;;;;Original OSM;125.2;-0.12;asphalt;primary;Gräfenhäuser Straße;2;Kurs 13
Routenpunkt (Way);T;;49.886104;8.634841;50.0;;;;;;Interpoliert (15m);125.3;0.35;asphalt;primary;Gräfenhäuser Straße;2;Kurs 13
Routenpunkt (Way);T;Gräfenhäuser Straße;49.886029;8.634939;50.0;;;;;;Interpoliert;125.4;0.69;asphalt;primary;Gräfenhäuser Straße;2;Kurs 13
Routenpunkt (Way);T;Gräfenhäuser Straße;49.885943;8.635052;50.0;;;;;;Interpoliert;125.5;0.85;asphalt;primary;Gräfenhäuser Straße;2;Kurs 13
Routenpunkt (Way);T;Gräfenhäuser Straße;49.885857;8.635164;50.0;;;;;;Interpoliert;125.6;0.93;asphalt;primary;Gräfenhäuser Straße;2;Kurs 13
Routenpunkt (Way);T;Gräfenhäuser Straße;49.885772;8.635277;50.0;;;;;;Original OSM;125.7;1.02;asphalt;primary;Gräfenhäuser Straße;2;Kurs 13
Routenpunkt (Way);T;Gräfenhäuser Straße;49.885669;8.635408;50.0;;;;;;Original OSM;125.9;1.13;asphalt;primary;Gräfenhäuser Straße;2;Kurs 13
Routenpunkt (Way);T;Gräfenhäuser Straße;49.885569;8.635546;50.0;;;;;;Interpoliert;126.1;1.1;asphalt;primary;Gräfenhäuser Straße;2;Kurs 13
Routenpunkt (Way);T;Gräfenhäuser Straße;49.885469;8.635684;50.0;;;;;;Interpoliert;126.3;1.08;asphalt;primary;Gräfenhäuser Straße;2;Kurs 13
Routenpunkt (Way);T;Gräfenhäuser Straße;49.88537;8.635822;50.0;;;;;;Interpoliert;126.4;0.94;asphalt;primary;Gräfenhäuser Straße;2;Kurs 13
Routenpunkt (Way);T;Gräfenhäuser Straße;49.88527;8.63596;50.0;;;;;;Interpoliert;126.5;0.81;asphalt;primary;Gräfenhäuser Straße;2;Kurs 13
Routenpunkt (Way);T;Gräfenhäuser Straße;49.88517;8.636098;50.0;;;;;;Interpoliert;126.6;1.2;asphalt;primary;Gräfenhäuser Straße;2;Kurs 13
Routenpunkt (Way);T;Gräfenhäuser Straße;49.88507;8.636236;50.0;;;;;;Interpoliert;126.7;1.74;asphalt;primary;Gräfenhäuser Straße;2;Kurs 13
Routenpunkt (Way);T;;49.885009;8.636319;50.0;;;;;;Interpoliert (15m);127.0;2.05;asphalt;primary;Gräfenhäuser Straße;2;Kurs 13
Routenpunkt (Way);A;Gräfenhäuser Straße (Ampel);49.884949;8.636402;50.0;;;;;;Original OSM;127.3;2.21;asphalt;primary;Gräfenhäuser Straße;2;Kurs 13
Routenpunkt (Way);T;Gräfenhäuser Straße;49.88486;8.636525;50.0;;;;;;Interpoliert;127.6;2.36;asphalt;primary;Gräfenhäuser Straße;2;Kurs 13
Routenpunkt (Way);T;;49.884764;8.636652;50.0;;;;;;Interpoliert (15m);127.8;2.0;asphalt;primary;Gräfenhäuser Straße;2;Kurs 13
Routenpunkt (Way);T;Gräfenhäuser Straße;49.884669;8.636778;50.0;;;;;;Original OSM;128.0;1.79;asphalt;primary;Gräfenhäuser Straße;2;Kurs 13
Routenpunkt (Way);T;;49.88458;8.636895;50.0;;;;;;Interpoliert (15m);128.2;1.8;asphalt;primary;Gräfenhäuser Straße;2;Kurs 13
Routenpunkt (Way);T;;49.88449;8.637013;50.0;;;;;;Interpoliert (15m);128.5;1.92;asphalt;primary;Gräfenhäuser Straße;2;Kurs 13
Routenpunkt (Way);T;Gräfenhäuser Straße;49.8844;8.63713;50.0;;;;;;Interpoliert;128.8;2.03;asphalt;primary;Gräfenhäuser Straße;2;Kurs 13
Routenpunkt (Way);T;Gräfenhäuser Straße;49.884298;8.637264;50.0;;;;;;Interpoliert;129.1;1.86;asphalt;primary;Gräfenhäuser Straße;2;Kurs 13
Routenpunkt (Way);T;Gräfenhäuser Straße;49.884196;8.637397;50.0;;;;;;Interpoliert;129.4;1.54;asphalt;primary;Gräfenhäuser Straße;2;Kurs 13
Routenpunkt (Way);T;Gräfenhäuser Straße;49.884094;8.637531;50.0;;;;;;Interpoliert;129.5;1.3;asphalt;primary;Gräfenhäuser Straße;2;Kurs 13
Routenpunkt (Way);T;Gräfenhäuser Straße;49.883992;8.637664;50.0;;;;;;Interpoliert;129.6;1.12;asphalt;primary;Gräfenhäuser Straße;2;Kurs 13
Routenpunkt (Way);T;;49.88393;8.637745;50.0;;;;;;Interpoliert (15m);129.7;0.89;asphalt;primary;Gräfenhäuser Straße;2;Kurs 13
Routenpunkt (Way);T;Gräfenhäuser Straße;49.883868;8.637826;50.0;;;;;;Original OSM;129.8;0.92;asphalt;primary;Gräfenhäuser Straße;2;Kurs 13
Routenpunkt (Way);T;;49.883771;8.637889;50.0;;;;;;Interpoliert (15m);129.9;0.96;asphalt;primary;Gräfenhäuser Straße;2;Kurs 13
Routenpunkt (Way);T;;49.883675;8.637952;50.0;;;;;;Interpoliert (15m);130.0;0.9;sett;service;;2;Kurs 13
Routenpunkt (Way);T;Unbekannt;49.883579;8.638015;50.0;;;;;;Original OSM;130.1;0.84;sett;service;;2;Kurs 13
Routenpunkt (Way);T;;49.883482;8.638094;50.0;;;;;;Interpoliert (15m);130.2;0.98;sett;service;;2;Kurs 13
Routenpunkt (Way);T;Windmühle (Richtung Südost);49.883384;8.638173;50.0;;;;;;Interpoliert;130.3;1.13;sett;service;;2;Kurs 13
Haltestelle;W;Darmstadt Windmühle;49.883347;8.638242;50.0;17:14:00;17:14:00;Kein Umlauf;So;1372.0;Original GTFS (Snap-Distanz 1m) | Auf Route gesnappt (1m);130.4;1.28;sett;service;;2;Kurs 13
Routenpunkt (Way);A;Ampel;49.883256;8.638345;50.0;;;;;;Interpoliert (15m);130.6;1.49;sett;service;;2;Kurs 13
Routenpunkt (Way);T;Unbekannt;49.883166;8.638448;50.0;;;;;;Original OSM;130.8;1.7;sett;service;;2;Kurs 13
Routenpunkt (Way);T;;49.883074;8.638402;50.0;;;;;;Interpoliert (15m);131.0;1.77;asphalt;secondary;Kirschenallee;2;Kurs 13
Routenpunkt (Way);T;;49.882983;8.638357;50.0;;;;;;Interpoliert (15m);131.2;1.59;asphalt;secondary;Kirschenallee;2;Kurs 13
Routenpunkt (Way);T;Kirschenallee;49.882892;8.638312;50.0;;;;;;Interpoliert;131.4;1.27;asphalt;secondary;Kirschenallee;2;Kurs 13
Routenpunkt (Way);T;Kirschenallee;49.882797;8.638181;50.0;;;;;;Original OSM;131.5;0.73;asphalt;secondary;Kirschenallee;2;Kurs 13
Routenpunkt (Way);T;Kirschenallee;49.882713;8.638066;50.0;;;;;;Interpoliert;131.5;0.2;asphalt;secondary;Kirschenallee;2;Kurs 13
Routenpunkt (Way);T;Kirschenallee;49.882628;8.63795;50.0;;;;;;Interpoliert;131.4;-0.34;asphalt;secondary;Kirschenallee;2;Kurs 13
Routenpunkt (Way);T;Kirschenallee;49.882544;8.637835;50.0;;;;;;Interpoliert;131.3;-0.81;asphalt;secondary;Kirschenallee;2;Kurs 13
Routenpunkt (Way);T;Kirschenallee;49.88246;8.637719;50.0;;;;;;Original OSM;131.2;-1.14;asphalt;secondary;Kirschenallee;2;Kurs 13
Routenpunkt (Way);T;Kirschenallee;49.88238;8.637608;50.0;;;;;;Interpoliert;131.0;-1.3;asphalt;secondary;Kirschenallee;2;Kurs 13
Routenpunkt (Way);T;;49.882293;8.6375;50.0;;;;;;Interpoliert (15m);130.8;-1.46;asphalt;secondary;Kirschenallee;2;Kurs 13
Routenpunkt (Way);T;;49.882206;8.637392;50.0;;;;;;Interpoliert (15m);130.6;-1.45;asphalt;secondary;Kirschenallee;2;Kurs 13
Routenpunkt (Way);T;Kirschenallee;49.882119;8.637284;50.0;;;;;;Original OSM;130.4;-1.12;asphalt;secondary;Kirschenallee;2;Kurs 13
Routenpunkt (Way);T;;49.882013;8.637202;50.0;;;;;;Interpoliert (15m);130.3;-0.8;asphalt;secondary;Kirschenallee;2;Kurs 13
Routenpunkt (Way);T;;49.881906;8.637119;50.0;;;;;;Interpoliert (15m);130.3;-0.33;asphalt;secondary;Kirschenallee;2;Kurs 13
Routenpunkt (Way);T;Kirschenallee;49.8818;8.637037;50.0;;;;;;Interpoliert;130.3;0.29;asphalt;secondary;Kirschenallee;2;Kurs 13
Routenpunkt (Way);T;Kirschenallee;49.881686;8.636971;50.0;;;;;;Interpoliert;130.4;0.74;asphalt;secondary;Kirschenallee;2;Kurs 13
Routenpunkt (Way);T;Kirschenallee;49.881572;8.636904;50.0;;;;;;Interpoliert;130.6;1.03;asphalt;secondary;Kirschenallee;2;Kurs 13
Routenpunkt (Way);T;Kirschenallee;49.881458;8.636837;50.0;;;;;;Interpoliert;130.8;1.33;asphalt;secondary;Kirschenallee;2;Kurs 13
Routenpunkt (Way);T;Kirschenallee;49.881344;8.636771;50.0;;;;;;Interpoliert;131.0;1.48;asphalt;secondary;Kirschenallee;2;Kurs 13
Routenpunkt (Way);T;Kirschenallee;49.88123;8.636704;50.0;;;;;;Interpoliert;131.2;1.48;asphalt;secondary;Kirschenallee;2;Kurs 13
Routenpunkt (Way);T;Kirschenallee;49.881116;8.636638;50.0;;;;;;Interpoliert;131.4;1.33;asphalt;secondary;Kirschenallee;2;Kurs 13
Routenpunkt (Way);T;Kirschenallee;49.881001;8.636571;50.0;;;;;;Interpoliert;131.6;1.18;asphalt;secondary;Kirschenallee;2;Kurs 13
Routenpunkt (Way);T;Kirschenallee;49.880887;8.636504;50.0;;;;;;Interpoliert;131.7;1.04;asphalt;secondary;Kirschenallee;2;Kurs 13
Routenpunkt (Way);T;Kirschenallee;49.880773;8.636438;50.0;;;;;;Original OSM;131.8;0.9;asphalt;secondary;Kirschenallee;2;Kurs 13
Routenpunkt (Way);T;Kirschenallee;49.880666;8.636375;50.0;;;;;;Interpoliert;131.9;0.61;asphalt;secondary;Kirschenallee;2;Kurs 13
Routenpunkt (Way);T;Kirschenallee;49.880559;8.636313;50.0;;;;;;Interpoliert;132.0;0.3;asphalt;secondary;Kirschenallee;2;Kurs 13
Routenpunkt (Way);T;Kirschenallee;49.880452;8.63625;50.0;;;;;;Interpoliert;132.0;0.0;asphalt;secondary;Kirschenallee;2;Kurs 13
Routenpunkt (Way);T;Kirschenallee;49.880344;8.636188;50.0;;;;;;Interpoliert;131.9;-0.51;asphalt;secondary;Kirschenallee;2;Kurs 13
Routenpunkt (Way);T;Kirschenallee;49.880237;8.636125;50.0;;;;;;Original OSM;131.8;-1.01;asphalt;secondary;Kirschenallee;2;Kurs 13
Routenpunkt (Way);T;Kirschenallee;49.880141;8.63607;50.0;;;;;;Interpoliert;131.6;-1.36;asphalt;secondary;Kirschenallee;2;Kurs 13
Routenpunkt (Way);T;Kirschenallee;49.880044;8.636014;50.0;;;;;;Interpoliert;131.4;-1.53;asphalt;secondary;Kirschenallee;2;Kurs 13
Routenpunkt (Way);T;Kirschenallee;49.879948;8.635959;50.0;;;;;;Original OSM;131.2;-1.74;asphalt;secondary;Kirschenallee;2;Kurs 13
Routenpunkt (Way);T;Kirschenallee;49.879847;8.63589;50.0;;;;;;Interpoliert;131.0;-1.75;asphalt;secondary;Kirschenallee;2;Kurs 13
Routenpunkt (Way);T;;49.879763;8.635808;50.0;;;;;;Interpoliert (15m);130.8;-1.79;asphalt;secondary;Kirschenallee;2;Kurs 13
Routenpunkt (Way);T;Kirschenallee;49.879679;8.635726;50.0;;;;;;Original OSM;130.6;-1.44;asphalt;secondary;Kirschenallee;2;Kurs 13
Haltestelle;W;Darmstadt Mainzer Straße;49.879585;8.635724;50.0;17:15:00;17:15:00;Kein Umlauf;So;1372.0;Original GTFS (Snap-Distanz 0m) | Auf Route gesnappt (0m);130.4;-1.62;asphalt;secondary;Kirschenallee;2;Kurs 13
Routenpunkt (Way);T;Kirschenallee;49.879585;8.635724;50.0;;;;;;Original OSM;130.2;-1.77;asphalt;secondary;Kirschenallee;2;Kurs 13
Routenpunkt (Way);T;;49.879519;8.635688;50.0;;;;;;Interpoliert (15m);130.0;-1.56;asphalt;secondary;Kirschenallee;2;Kurs 13
Routenpunkt (Way);A;Kirschenallee (Ampel);49.879453;8.635651;50.0;;;;;;Original OSM;129.8;-1.32;asphalt;secondary;Kirschenallee;2;Kurs 13
Routenpunkt (Way);T;Kirschenallee;49.879337;8.635602;50.0;;;;;;Original OSM;129.7;-1.55;asphalt;secondary;Kirschenallee;2;Kurs 13
Routenpunkt (Way);T;Kirschenallee;49.879211;8.63556;50.0;;;;;;Original OSM;129.6;-1.27;asphalt;secondary;Kirschenallee;2;Kurs 13
Routenpunkt (Way);T;;49.879135;8.63554;50.0;;;;;;Interpoliert (15m);129.5;-0.98;asphalt;secondary;Kirschenallee;2;Kurs 13
Routenpunkt (Way);T;Kirschenallee;49.879058;8.635521;50.0;;;;;;Original OSM;129.4;-1.05;asphalt;secondary;Kirschenallee;2;Kurs 13
Routenpunkt (Way);T;;49.878978;8.635504;50.0;;;;;;Interpoliert (15m);129.3;-0.91;asphalt;secondary;Kirschenallee;2;Kurs 13
Routenpunkt (Way);T;Kirschenallee;49.878899;8.635488;50.0;;;;;;Original OSM;129.2;-0.68;asphalt;secondary;Kirschenallee;2;Kurs 13
Routenpunkt (Way);T;Kirschenallee;49.87878;8.635463;50.0;;;;;;Interpoliert;129.2;-0.31;asphalt;secondary;Kirschenallee;2;Kurs 13
Routenpunkt (Way);T;Kirschenallee;49.878662;8.635438;50.0;;;;;;Original OSM;129.2;0.05;asphalt;secondary;Kirschenallee;2;Kurs 13
Routenpunkt (Way);T;Kirschenallee;49.878529;8.635413;50.0;;;;;;Interpoliert;129.3;0.4;asphalt;secondary;Kirschenallee;2;Kurs 13
Routenpunkt (Way);T;Kirschenallee;49.878397;8.635388;50.0;;;;;;Interpoliert;129.4;0.54;asphalt;secondary;Kirschenallee;2;Kurs 13
Routenpunkt (Way);T;Kirschenallee;49.878265;8.635362;50.0;;;;;;Interpoliert;129.5;0.94;asphalt;secondary;Kirschenallee;2;Kurs 13
Routenpunkt (Way);T;Kirschenallee;49.878132;8.635337;50.0;;;;;;Interpoliert;129.6;1.21;asphalt;secondary;Kirschenallee;2;Kurs 13
Routenpunkt (Way);T;Kirschenallee;49.878;8.635312;50.0;;;;;;Interpoliert;129.9;1.48;asphalt;secondary;Kirschenallee;2;Kurs 13
Routenpunkt (Way);T;Kirschenallee;49.877867;8.635286;50.0;;;;;;Interpoliert;130.2;1.75;asphalt;secondary;Kirschenallee;2;Kurs 13
Routenpunkt (Way);T;Kirschenallee;49.877735;8.635261;50.0;;;;;;Interpoliert;130.5;1.89;asphalt;secondary;Kirschenallee;2;Kurs 13
Routenpunkt (Way);T;Kirschenallee;49.877603;8.635235;50.0;;;;;;Interpoliert;130.8;1.75;asphalt;secondary;Kirschenallee;2;Kurs 13
Routenpunkt (Way);T;Kirschenallee;49.87747;8.63521;50.0;;;;;;Interpoliert;131.0;1.81;asphalt;secondary;;2;Kurs 13
Routenpunkt (Way);T;Kirschenallee;49.877338;8.635185;50.0;;;;;;Interpoliert;131.2;1.86;asphalt;secondary;Kirschenallee;2;Kurs 13
Routenpunkt (Way);T;;49.87726;8.635165;50.0;;;;;;Interpoliert (15m);131.4;1.87;asphalt;secondary;Kirschenallee;2;Kurs 13
Routenpunkt (Way);T;Kirschenallee;49.877183;8.635146;50.0;;;;;;Original OSM;131.6;2.02;asphalt;secondary;Kirschenallee;2;Kurs 13
Routenpunkt (Way);T;;49.877098;8.635121;50.0;;;;;;Interpoliert (15m);131.8;1.75;asphalt;secondary;Kirschenallee;2;Kurs 13
Routenpunkt (Way);T;Kirschenallee;49.877014;8.635097;50.0;;;;;;Interpoliert;132.0;1.3;asphalt;secondary;Kirschenallee;2;Kurs 13
Routenpunkt (Way);T;Kirschenallee;49.876892;8.635074;50.0;;;;;;Interpoliert;132.0;0.84;asphalt;secondary;Kirschenallee;2;Kurs 13
Routenpunkt (Way);T;Kirschenallee;49.87677;8.635051;50.0;;;;;;Interpoliert;132.0;0.42;asphalt;secondary;Kirschenallee;2;Kurs 13
Routenpunkt (Way);T;Kirschenallee;49.876647;8.635029;50.0;;;;;;Interpoliert;132.0;0.0;asphalt;secondary;Kirschenallee;2;Kurs 13
Routenpunkt (Way);T;Kirschenallee;49.876525;8.635006;50.0;;;;;;Interpoliert;132.0;0.0;asphalt;secondary;Kirschenallee;2;Kurs 13
Routenpunkt (Way);A;Kirschenallee (Ampel);49.876403;8.634983;50.0;;;;;;Original OSM;132.0;0.0;asphalt;secondary;Kirschenallee;2;Kurs 13
Routenpunkt (Way);T;Kirschenallee;49.876313;8.634963;50.0;;;;;;Interpoliert;132.0;-0.39;asphalt;secondary;Kirschenallee;2;Kurs 13
Routenpunkt (Way);T;Kirschenallee;49.876223;8.634942;50.0;;;;;;Original OSM;132.0;-0.81;asphalt;secondary;Kirschenallee;2;Kurs 13
Routenpunkt (Way);T;Kirschenallee;49.876132;8.634925;50.0;;;;;;Original OSM;131.8;-1.22;asphalt;secondary;Kirschenallee;2;Kurs 13
Routenpunkt (Way);T;;49.876048;8.634895;50.0;;;;;;Interpoliert (15m);131.6;-1.55;asphalt;secondary;Kirschenallee;2;Kurs 13
Routenpunkt (Way);T;Kirschenallee;49.875963;8.634866;50.0;;;;;;Interpoliert;131.4;-2.18;asphalt;secondary;Kirschenallee;2;Kurs 13
Haltestelle;W;Darmstadt Evonik;49.875854;8.634841;50.0;17:17:00;17:17:00;Kein Umlauf;So;1372.0;Original GTFS (Snap-Distanz 4m) | Auf Route gesnappt (4m);131.2;-2.29;asphalt;secondary;Kirschenallee;2;Kurs 13
Routenpunkt (Way);T;Evonik (Bussteig Westseite);49.875797;8.634848;50.0;;;;;;Interpoliert;131.0;-2.38;asphalt;secondary;Kirschenallee;2;Kurs 13
Routenpunkt (Way);T;;49.875726;8.634866;50.0;;;;;;Interpoliert (15m);130.8;-2.25;asphalt;secondary;Kirschenallee;2;Kurs 13
Routenpunkt (Way);T;Kirschenallee;49.875656;8.634885;50.0;;;;;;Interpoliert;130.6;-2.11;asphalt;secondary;Kirschenallee;2;Kurs 13
Routenpunkt (Way);T;Kirschenallee;49.875533;8.634864;50.0;;;;;;Original OSM;130.4;-1.67;asphalt;secondary;Kirschenallee;2;Kurs 13
Routenpunkt (Way);T;Kirschenallee;49.875438;8.634846;50.0;;;;;;Interpoliert;130.3;-1.03;asphalt;secondary;Kirschenallee;2;Kurs 13
Routenpunkt (Way);T;Kirschenallee;49.875342;8.634827;50.0;;;;;;Interpoliert;130.2;-0.38;asphalt;secondary;Kirschenallee;2;Kurs 13
Routenpunkt (Way);T;;49.875219;8.634781;50.0;;;;;;Interpoliert (15m);130.3;0.05;asphalt;secondary;Kirschenallee;2;Kurs 13
Routenpunkt (Way);T;;49.875095;8.634734;50.0;;;;;;Interpoliert (15m);130.4;0.42;asphalt;secondary;Kirschenallee;2;Kurs 13
Routenpunkt (Way);T;Kirschenallee;49.874971;8.634688;50.0;;;;;;Original OSM;130.5;0.8;asphalt;secondary;Kirschenallee;2;Kurs 13
Routenpunkt (Way);T;;49.874949;8.634542;50.0;;;;;;Interpoliert (15m);130.6;0.84;asphalt;busway;;2;Kurs 13
Routenpunkt (Way);T;;49.874927;8.634396;50.0;;;;;;Interpoliert (15m);130.7;0.86;asphalt;secondary;Bismarckstraße;2;Kurs 13
Routenpunkt (Way);T;Bismarckstraße;49.874904;8.634251;50.0;;;;;;Interpoliert;130.8;0.71;asphalt;secondary;Bismarckstraße;2;Kurs 13
Routenpunkt (Way);T;Bismarckstraße;49.874914;8.634071;50.0;;;;;;Interpoliert;130.9;0.37;asphalt;secondary;Bismarckstraße;2;Kurs 13
Routenpunkt (Way);T;Bismarckstraße;49.874923;8.633891;50.0;;;;;;Interpoliert;130.9;0.03;asphalt;secondary;Bismarckstraße;2;Kurs 13
Routenpunkt (Way);T;Bismarckstraße;49.874933;8.633712;50.0;;;;;;Interpoliert;130.8;-0.32;asphalt;secondary;Bismarckstraße;2;Kurs 13
Routenpunkt (Way);T;Bismarckstraße;49.874943;8.633532;50.0;;;;;;Original OSM;130.7;-0.64;asphalt;secondary;Bismarckstraße;2;Kurs 13
Routenpunkt (Way);T;Bismarckstraße;49.874948;8.633361;50.0;;;;;;Interpoliert;130.6;-0.35;asphalt;secondary;Bismarckstraße;2;Kurs 13
Routenpunkt (Way);T;Bismarckstraße;49.874954;8.633191;50.0;;;;;;Original OSM;130.5;0.09;asphalt;secondary;Bismarckstraße;2;Kurs 13
Routenpunkt (Way);T;Bismarckstraße;49.874965;8.632997;50.0;;;;;;Interpoliert;130.7;0.64;asphalt;secondary;Bismarckstraße;2;Kurs 13
Routenpunkt (Way);T;Bismarckstraße;49.874976;8.632804;50.0;;;;;;Original OSM;130.9;1.19;asphalt;secondary;Bismarckstraße;2;Kurs 13
Routenpunkt (Way);T;;49.874945;8.632669;50.0;;;;;;Interpoliert (15m);131.1;1.75;asphalt;secondary;Bismarckstraße;2;Kurs 13
Routenpunkt (Way);A;Ampel;49.874914;8.632534;50.0;;;;;;Interpoliert (15m);131.3;2.04;asphalt;secondary;Bismarckstraße;2;Kurs 13
Routenpunkt (Way);T;Bismarckstraße;49.874883;8.6324;50.0;;;;;;Original OSM;131.5;2.34;asphalt;secondary;Goebelstraße;2;Kurs 13
Routenpunkt (Way);T;;49.874796;8.632354;50.0;;;;;;Interpoliert (15m);131.8;2.54;asphalt;secondary;Goebelstraße;2;Kurs 13
Routenpunkt (Way);T;;49.874708;8.632309;50.0;;;;;;Interpoliert (15m);132.1;2.98;asphalt;secondary;Goebelstraße;2;Kurs 13
Routenpunkt (Way);T;Goebelstraße;49.874621;8.632264;50.0;;;;;;Interpoliert;132.4;3.42;asphalt;secondary;Goebelstraße;2;Kurs 13
Routenpunkt (Way);T;;49.874513;8.632254;50.0;;;;;;Interpoliert (15m);132.9;3.15;asphalt;secondary;Goebelstraße;2;Kurs 13
Routenpunkt (Way);T;Goebelstraße;49.874405;8.632245;50.0;;;;;;Original OSM;133.4;2.87;asphalt;secondary;Goebelstraße;2;Kurs 13
Routenpunkt (Way);T;;49.874325;8.632114;50.0;;;;;;Interpoliert (15m);133.6;2.6;asphalt;residential;Poststraße;2;Kurs 13
Routenpunkt (Way);T;;49.874245;8.631984;50.0;;;;;;Interpoliert (15m);133.8;2.07;asphalt;residential;Poststraße;2;Kurs 13
Routenpunkt (Way);T;;49.874165;8.631854;50.0;;;;;;Interpoliert (15m);134.0;1.58;asphalt;residential;Poststraße;2;Kurs 13
Routenpunkt (Way);T;Poststraße;49.874085;8.631723;50.0;;;;;;Original OSM;134.2;1.61;asphalt;residential;Poststraße;2;Kurs 13
Routenpunkt (Way);T;;49.873996;8.631634;50.0;;;;;;Interpoliert (15m);134.4;1.64;asphalt;residential;Poststraße;2;Kurs 13
Routenpunkt (Way);T;;49.873907;8.631545;50.0;;;;;;Interpoliert (15m);134.6;0.82;asphalt;residential;Poststraße;2;Kurs 13
Routenpunkt (Way);T;;49.873819;8.631456;50.0;;;;;;Interpoliert (15m);134.8;-0.24;asphalt;service;;2;Kurs 13
Routenpunkt (Way);T;Unbekannt;49.87373;8.631367;50.0;;;;;;Interpoliert;134.5;-1.34;asphalt;service;;2;Kurs 13
Routenpunkt (Way);T;Unbekannt;49.873611;8.631379;50.0;;;;;;Interpoliert;134.0;-2.43;asphalt;service;;2;Kurs 13
Routenpunkt (Way);T;Unbekannt;49.873492;8.631391;50.0;;;;;;Interpoliert;133.5;-3.52;asphalt;service;;2;Kurs 13
Routenpunkt (Way);T;Unbekannt;49.873373;8.631403;50.0;;;;;;Interpoliert;133.0;-3.89;asphalt;service;;2;Kurs 13
Routenpunkt (Way);T;Am Hauptbahnhof;49.873254;8.631416;50.0;;;;;;Original OSM;132.5;-4.02;paving_stones;pedestrian;Am Hauptbahnhof;2;Kurs 13
Routenpunkt (Way);T;Am Hauptbahnhof;49.873152;8.631432;50.0;;;;;;Interpoliert;132.0;-4.15;paving_stones;pedestrian;Am Hauptbahnhof;2;Kurs 13
Routenpunkt (Way);A;Am Hauptbahnhof (Ampel);49.873051;8.631448;50.0;;;;;;Interpoliert;131.5;-3.75;paving_stones;pedestrian;Am Hauptbahnhof;2;Kurs 13
Routenpunkt (Way);T;Am Hauptbahnhof;49.872949;8.631464;50.0;;;;;;Interpoliert;131.0;-3.27;paving_stones;pedestrian;Am Hauptbahnhof;2;Kurs 13
Routenpunkt (Way);T;Am Hauptbahnhof;49.872848;8.63148;50.0;;;;;;Original OSM;130.8;-1.65;paving_stones;pedestrian;Am Hauptbahnhof;2;Kurs 13
Routenpunkt (Way);T;Am Hauptbahnhof;49.872715;8.631501;50.0;;;;;;Original OSM;130.6;-0.04;paving_stones;pedestrian;Am Hauptbahnhof;2;Kurs 13
Routenpunkt (Way);T;;49.872642;8.631521;50.0;;;;;;Interpoliert (15m);130.9;1.34;paving_stones;pedestrian;Am Hauptbahnhof;2;Kurs 13
Routenpunkt (Way);T;Am Hauptbahnhof;49.872569;8.631541;50.0;;;;;;Original OSM;131.2;2.54;paving_stones;pedestrian;Am Hauptbahnhof;2;Kurs 13
Routenpunkt (Way);T;;49.872463;8.63156;50.0;;;;;;Interpoliert (15m);131.5;3.64;paving_stones;pedestrian;Am Hauptbahnhof;2;Kurs 13
Routenpunkt (Way);T;;49.872356;8.63158;50.0;;;;;;Interpoliert (15m);132.0;3.79;paving_stones;pedestrian;Am Hauptbahnhof;2;Kurs 13
Routenpunkt (Way);T;Am Hauptbahnhof;49.87225;8.6316;50.0;;;;;;Original OSM;132.5;3.94;paving_stones;pedestrian;Am Hauptbahnhof;2;Kurs 13
Routenpunkt (Way);T;;49.872148;8.63162;50.0;;;;;;Interpoliert (15m);133.0;3.93;paving_stones;pedestrian;Am Hauptbahnhof;2;Kurs 13
Haltestelle;W;Darmstadt Hauptbahnhof Ost;49.872047;8.631641;50.0;17:19:00;17:19:00;Kein Umlauf;So;1372.0;Original GTFS (Snap-Distanz 37m) | Auf Route gesnappt (37m);133.5;2.84;paving_stones;pedestrian;Am Hauptbahnhof;2;Kurs 13
Routenpunkt (Way);T;;49.871978;8.631676;50.0;;;;;;Interpoliert (15m);133.7;1.83;paving_stones;pedestrian;Am Hauptbahnhof;2;Kurs 13
Routenpunkt (Way);T;Am Hauptbahnhof;49.871909;8.631712;50.0;;;;;;Original OSM;133.6;0.78;paving_stones;pedestrian;Am Hauptbahnhof;2;Kurs 13
Routenpunkt (Way);T;;49.871816;8.631789;50.0;;;;;;Interpoliert (15m);133.5;-0.28;asphalt;pedestrian;Am Hauptbahnhof;2;Kurs 13
Routenpunkt (Way);T;Am Hauptbahnhof;49.871722;8.631865;50.0;;;;;;Original OSM;133.4;-0.96;paving_stones;pedestrian;Am Hauptbahnhof;2;Kurs 13
Routenpunkt (Way);T;Am Hauptbahnhof;49.871638;8.631939;50.0;;;;;;Interpoliert;133.3;-1.29;paving_stones;pedestrian;Am Hauptbahnhof;2;Kurs 13
Routenpunkt (Way);T;Am Hauptbahnhof;49.871554;8.632013;50.0;;;;;;Original OSM;133.2;-1.65;paving_stones;pedestrian;Am Hauptbahnhof;2;Kurs 13
Routenpunkt (Way);T;Am Hauptbahnhof;49.871471;8.632083;50.0;;;;;;Interpoliert;132.9;-2.02;paving_stones;pedestrian;Am Hauptbahnhof;2;Kurs 13
Routenpunkt (Way);T;;49.871384;8.632158;50.0;;;;;;Interpoliert (15m);132.6;-1.83;paving_stones;pedestrian;Am Hauptbahnhof;2;Kurs 13
Routenpunkt (Way);T;Am Hauptbahnhof;49.871296;8.632234;50.0;;;;;;Original OSM;132.3;-1.22;paving_stones;pedestrian;Am Hauptbahnhof;2;Kurs 13
Routenpunkt (Way);T;;49.871184;8.632328;50.0;;;;;;Interpoliert (15m);132.3;-0.17;paving_stones;pedestrian;Am Hauptbahnhof;2;Kurs 13
Routenpunkt (Way);T;Am Hauptbahnhof;49.871073;8.632422;50.0;;;;;;Interpoliert;132.6;0.85;paving_stones;pedestrian;Am Hauptbahnhof;2;Kurs 13
Routenpunkt (Way);T;Am Hauptbahnhof;49.870975;8.632506;50.0;;;;;;Interpoliert;132.9;1.86;paving_stones;pedestrian;Am Hauptbahnhof;2;Kurs 13
Routenpunkt (Way);T;Am Hauptbahnhof;49.870876;8.63259;50.0;;;;;;Interpoliert;133.2;2.3;paving_stones;pedestrian;Am Hauptbahnhof;2;Kurs 13
Routenpunkt (Way);T;Am Hauptbahnhof;49.870777;8.632674;50.0;;;;;;Interpoliert;133.5;2.31;paving_stones;pedestrian;Am Hauptbahnhof;2;Kurs 13
Routenpunkt (Way);T;Am Hauptbahnhof;49.870668;8.632766;50.0;;;;;;Original OSM;133.8;2.27;paving_stones;pedestrian;Am Hauptbahnhof;2;Kurs 13
Routenpunkt (Way);T;Am Hauptbahnhof;49.870561;8.632861;50.0;;;;;;Interpoliert;134.1;2.08;paving_stones;pedestrian;Am Hauptbahnhof;2;Kurs 13
Routenpunkt (Way);T;;49.870452;8.632953;50.0;;;;;;Interpoliert (15m);134.4;1.97;asphalt;busway;Am Hauptbahnhof;2;Kurs 13
Routenpunkt (Way);T;Am Hauptbahnhof;49.870344;8.633045;50.0;;;;;;Original OSM;134.6;1.35;asphalt;primary;Berliner Allee;2;Kurs 13
Routenpunkt (Way);T;;49.870249;8.633066;50.0;;;;;;Interpoliert (15m);134.8;0.73;asphalt;primary;Berliner Allee;2;Kurs 13
Routenpunkt (Way);A;Ampel;49.870153;8.633087;50.0;;;;;;Interpoliert (15m);134.7;0.11;asphalt;primary;Berliner Allee;2;Kurs 13
Routenpunkt (Way);T;Berliner Allee;49.870057;8.633108;50.0;;;;;;Interpoliert;134.6;-0.33;asphalt;primary;Berliner Allee;2;Kurs 13
Routenpunkt (Way);T;Berliner Allee;49.869961;8.633145;50.0;;;;;;Interpoliert;134.5;-0.89;asphalt;primary;Berliner Allee;2;Kurs 13
Routenpunkt (Way);T;Berliner Allee;49.869843;8.633191;50.0;;;;;;Original OSM;134.4;-0.89;asphalt;primary;Berliner Allee;2;Kurs 13
Routenpunkt (Way);T;;49.86975;8.633227;50.0;;;;;;Interpoliert (15m);134.3;-1.08;asphalt;primary;Berliner Allee;2;Kurs 13
Routenpunkt (Way);T;;49.869657;8.633263;50.0;;;;;;Interpoliert (15m);134.2;-1.25;asphalt;primary;Berliner Allee;2;Kurs 13
Routenpunkt (Way);T;Berliner Allee;49.869564;8.633299;50.0;;;;;;Original OSM;134.0;-1.27;asphalt;primary;Berliner Allee;2;Kurs 13
Routenpunkt (Way);T;;49.869464;8.633338;50.0;;;;;;Interpoliert (15m);133.8;-1.22;asphalt;primary;Berliner Allee;2;Kurs 13
Routenpunkt (Way);T;Berliner Allee;49.869363;8.633376;50.0;;;;;;Interpoliert;133.7;-1.18;asphalt;primary;Berliner Allee;2;Kurs 13
Routenpunkt (Way);T;Berliner Allee;49.869238;8.633424;50.0;;;;;;Interpoliert;133.6;-0.94;asphalt;primary;Berliner Allee;2;Kurs 13
Routenpunkt (Way);T;Berliner Allee;49.869113;8.633472;50.0;;;;;;Interpoliert;133.5;-0.75;asphalt;primary;Berliner Allee;2;Kurs 13
Routenpunkt (Way);T;Berliner Allee;49.868988;8.63352;50.0;;;;;;Original OSM;133.4;-0.74;asphalt;primary;Berliner Allee;2;Kurs 13
Routenpunkt (Way);T;Berliner Allee;49.86888;8.633561;50.0;;;;;;Interpoliert;133.3;-0.28;asphalt;primary;Berliner Allee;2;Kurs 13
Routenpunkt (Way);T;Berliner Allee;49.868772;8.633602;50.0;;;;;;Interpoliert;133.2;0.18;asphalt;primary;Berliner Allee;2;Kurs 13
Routenpunkt (Way);T;Berliner Allee;49.868663;8.633644;50.0;;;;;;Interpoliert;133.4;0.92;asphalt;primary;Berliner Allee;2;Kurs 13
Routenpunkt (Way);T;Berliner Allee;49.868555;8.633685;50.0;;;;;;Original OSM;133.6;1.68;asphalt;primary;Berliner Allee;2;Kurs 13
Routenpunkt (Way);T;Berliner Allee;49.868467;8.633721;50.0;;;;;;Interpoliert;133.9;2.31;asphalt;primary;Berliner Allee;2;Kurs 13
Routenpunkt (Way);T;Berliner Allee;49.86838;8.633757;50.0;;;;;;Interpoliert;134.2;2.47;asphalt;primary;Berliner Allee;2;Kurs 13
Routenpunkt (Way);T;;49.868267;8.633746;50.0;;;;;;Interpoliert (15m);134.5;1.99;asphalt;primary;Berliner Allee;2;Kurs 13
Routenpunkt (Way);A;Ampel;49.868154;8.633735;50.0;;;;;;Interpoliert (15m);134.8;1.25;asphalt;primary;Haardtring;2;Kurs 13
Routenpunkt (Way);T;Berliner Allee;49.86804;8.633724;50.0;;;;;;Original OSM;134.7;0.51;asphalt;primary;Haardtring;2;Kurs 13
Routenpunkt (Way);T;;49.867937;8.63361;50.0;;;;;;Interpoliert (15m);134.6;0.32;asphalt;primary;Haardtring;2;Kurs 13
Routenpunkt (Way);T;;49.867834;8.633497;50.0;;;;;;Interpoliert (15m);134.5;-0.34;asphalt;primary;Haardtring;2;Kurs 13
Routenpunkt (Way);T;Haardtring;49.867731;8.633383;50.0;;;;;;Original OSM;134.7;-0.33;asphalt;primary;Haardtring;2;Kurs 13
Routenpunkt (Way);T;Haardtring;49.867666;8.63327;50.0;;;;;;Interpoliert;134.6;-0.86;asphalt;primary;Haardtring;2;Kurs 13
Routenpunkt (Way);T;Haardtring;49.867583;8.633119;50.0;;;;;;Original OSM;134.5;-1.39;asphalt;primary;Haardtring;2;Kurs 13
Routenpunkt (Way);T;;49.867533;8.633022;50.0;;;;;;Interpoliert (15m);134.2;-2.1;asphalt;primary;Haardtring;2;Kurs 13
Routenpunkt (Way);T;Haardtring;49.867484;8.632925;50.0;;;;;;Original OSM;133.9;-2.34;asphalt;primary;Haardtring;2;Kurs 13
Routenpunkt (Way);T;Haardtring;49.867405;8.632772;50.0;;;;;;Interpoliert;133.6;-2.06;asphalt;primary;Haardtring;2;Kurs 13
Routenpunkt (Way);T;Haardtring;49.867325;8.632618;50.0;;;;;;Interpoliert;133.3;-1.21;asphalt;primary;Haardtring;2;Kurs 13
Routenpunkt (Way);T;Haardtring;49.867246;8.632465;50.0;;;;;;Original OSM;133.4;-0.71;asphalt;primary;Haardtring;2;Kurs 13
Routenpunkt (Way);T;Haardtring;49.867182;8.632342;50.0;;;;;;Interpoliert;133.5;-0.84;asphalt;primary;Haardtring;2;Kurs 13
Routenpunkt (Way);T;Haardtring;49.867117;8.632219;50.0;;;;;;Original OSM;133.4;-0.97;asphalt;primary;Haardtring;2;Kurs 13
Routenpunkt (Way);T;Haardtring;49.867035;8.632064;50.0;;;;;;Interpoliert;133.0;-2.13;asphalt;primary;Haardtring;2;Kurs 13
Routenpunkt (Way);T;Haardtring;49.866953;8.631909;50.0;;;;;;Interpoliert;132.6;-2.98;asphalt;primary;Haardtring;2;Kurs 13
Routenpunkt (Way);T;;49.866887;8.631779;50.0;;;;;;Interpoliert (15m);132.0;-3.48;asphalt;primary;Haardtring;2;Kurs 13
Routenpunkt (Way);T;;49.866821;8.631649;50.0;;;;;;Interpoliert (15m);131.6;-3.26;asphalt;primary;Haardtring;2;Kurs 13
Routenpunkt (Way);A;Ampel;49.866756;8.631519;50.0;;;;;;Interpoliert (15m);131.2;-3.0;asphalt;primary;Haardtring;2;Kurs 13
Routenpunkt (Way);T;Haardtring;49.86669;8.631389;50.0;;;;;;Original OSM;131.0;-2.29;asphalt;primary;Haardtring;2;Kurs 13
Routenpunkt (Way);T;;49.86666;8.631208;50.0;;;;;;Interpoliert (15m);130.8;-1.91;asphalt;primary;Stirnweg;2;Kurs 13
Routenpunkt (Way);T;;49.86663;8.631028;50.0;;;;;;Interpoliert (15m);130.6;-1.24;asphalt;primary;Stirnweg;2;Kurs 13
Routenpunkt (Way);T;Stirnweg;49.8666;8.630847;50.0;;;;;;Interpoliert;130.4;-0.9;asphalt;primary;Stirnweg;2;Kurs 13
Routenpunkt (Way);T;Stirnweg;49.866579;8.630678;50.0;;;;;;Original OSM;130.4;-0.78;asphalt;primary;Stirnweg;2;Kurs 13
Routenpunkt (Way);T;Stirnweg;49.866565;8.630535;50.0;;;;;;Interpoliert;130.4;-0.3;asphalt;primary;Stirnweg;2;Kurs 13
Routenpunkt (Way);T;;49.866595;8.63039;50.0;;;;;;Interpoliert (15m);130.3;0.18;asphalt;primary;Stirnweg;2;Kurs 13
Routenpunkt (Way);T;;49.866625;8.630244;50.0;;;;;;Interpoliert (15m);130.4;0.34;asphalt;primary;Stirnweg;2;Kurs 13
Routenpunkt (Way);T;Stirnweg;49.866654;8.630098;50.0;;;;;;Original OSM;130.5;0.18;asphalt;primary;Stirnweg;2;Kurs 13
Routenpunkt (Way);T;;49.866755;8.630013;50.0;;;;;;Interpoliert (15m);130.6;0.21;asphalt;primary;Stirnweg;2;Kurs 13
Routenpunkt (Way);T;;49.866856;8.629928;50.0;;;;;;Interpoliert (15m);130.5;-0.14;asphalt;primary;Am Kavalleriesand;2;Kurs 13
Routenpunkt (Way);T;Am Kavalleriesand;49.866956;8.629843;50.0;;;;;;Interpoliert;130.4;-0.46;asphalt;primary;Am Kavalleriesand;2;Kurs 13
Routenpunkt (Way);T;Am Kavalleriesand;49.867064;8.629801;50.0;;;;;;Original OSM;130.3;-0.76;asphalt;primary;Am Kavalleriesand;2;Kurs 13
Routenpunkt (Way);T;Am Kavalleriesand;49.867185;8.629755;50.0;;;;;;Interpoliert;130.2;-0.77;asphalt;primary;Am Kavalleriesand;2;Kurs 13
Routenpunkt (Way);T;Am Kavalleriesand;49.867306;8.62971;50.0;;;;;;Original OSM;130.1;-0.61;asphalt;primary;Am Kavalleriesand;2;Kurs 13
Routenpunkt (Way);T;Am Kavalleriesand;49.867414;8.629673;50.0;;;;;;Original OSM;130.0;-0.45;asphalt;primary;Am Kavalleriesand;2;Kurs 13
Routenpunkt (Way);T;;49.8674;8.629564;50.0;;;;;;Interpoliert (15m);130.0;-0.31;asphalt;unclassified;Mina-Rees-Straße;2;Kurs 13
Routenpunkt (Way);T;Mina-Rees-Straße;49.867385;8.629454;30.0;;;;;;Original OSM;130.0;-0.16;asphalt;unclassified;Mina-Rees-Straße;2;Kurs 13
Routenpunkt (Way);T;;49.867369;8.62934;30.0;;;;;;Interpoliert (15m);130.0;0.0;asphalt;unclassified;Mina-Rees-Straße;2;Kurs 13
Routenpunkt (Way);T;Mina-Rees-Straße;49.867354;8.629225;30.0;;;;;;Interpoliert;130.0;0.0;asphalt;unclassified;Mina-Rees-Straße;2;Kurs 13
Routenpunkt (Way);T;;49.867335;8.629083;30.0;;;;;;Interpoliert (15m);130.0;0.0;asphalt;unclassified;Mina-Rees-Straße;2;Kurs 13
Routenpunkt (Way);T;;49.867315;8.628941;30.0;;;;;;Interpoliert (15m);130.0;0.0;asphalt;unclassified;Mina-Rees-Straße;2;Kurs 13
Routenpunkt (Way);T;Mina-Rees-Straße;49.867296;8.628799;30.0;;;;;;Original OSM;130.0;0.0;asphalt;unclassified;Mina-Rees-Straße;2;Kurs 13
Routenpunkt (Way);T;;49.86727;8.628605;30.0;;;;;;Interpoliert (15m);130.0;0.0;asphalt;unclassified;Mina-Rees-Straße;2;Kurs 13
Routenpunkt (Way);T;;49.867243;8.628411;30.0;;;;;;Interpoliert (15m);130.0;0.32;asphalt;unclassified;Mina-Rees-Straße;2;Kurs 13
Routenpunkt (Way);T;Mina-Rees-Straße;49.867217;8.628217;30.0;;;;;;Interpoliert;130.0;0.64;asphalt;unclassified;Mina-Rees-Straße;2;Kurs 13
Routenpunkt (Way);T;;49.867194;8.628047;30.0;;;;;;Interpoliert (15m);130.2;0.94;asphalt;unclassified;Mina-Rees-Straße;2;Kurs 13
Routenpunkt (Way);T;Mina-Rees-Straße;49.86717;8.627877;30.0;;;;;;Original OSM;130.4;1.24;asphalt;unclassified;Mina-Rees-Straße;2;Kurs 13
Routenpunkt (Way);T;;49.867145;8.627695;30.0;;;;;;Interpoliert (15m);130.6;1.54;asphalt;unclassified;Mina-Rees-Straße;2;Kurs 13
Routenpunkt (Way);T;Mina-Rees-Straße;49.86712;8.627513;30.0;;;;;;Interpoliert;130.8;1.52;asphalt;unclassified;Mina-Rees-Straße;2;Kurs 13
Routenpunkt (Way);T;Mina-Rees-Straße;49.867095;8.62733;30.0;;;;;;Interpoliert;131.0;1.59;asphalt;unclassified;Mina-Rees-Straße;2;Kurs 13
Routenpunkt (Way);T;Mina-Rees-Straße;49.86707;8.627147;30.0;;;;;;Original OSM;131.2;1.69;asphalt;unclassified;Mina-Rees-Straße;2;Kurs 13
Routenpunkt (Way);T;Mina-Rees-Straße;49.867051;8.62701;30.0;;;;;;Interpoliert;131.4;1.66;asphalt;unclassified;Mina-Rees-Straße;2;Kurs 13
Routenpunkt (Way);T;Mina-Rees-Straße;49.867031;8.626872;30.0;;;;;;Interpoliert;131.6;1.67;asphalt;unclassified;Mina-Rees-Straße;2;Kurs 13
Routenpunkt (Way);T;Mina-Rees-Straße;49.867004;8.626672;30.0;;;;;;Original OSM;131.8;1.37;asphalt;unclassified;Mina-Rees-Straße;2;Kurs 13
Routenpunkt (Way);T;Mina-Rees-Straße;49.867005;8.626488;30.0;;;;;;Original OSM;132.0;1.14;asphalt;unclassified;Mina-Rees-Straße;2;Kurs 13
Haltestelle;W;Darmstadt Mina-Rees-Straße;49.867005;8.626488;30.0;;;Kein Umlauf;So;1372.0;Original GTFS (Snap-Distanz 2m) | Auf Route gesnappt (2m);132.0;0.98;asphalt;unclassified;Mina-Rees-Straße;2;Kurs 13
Routenpunkt (Way);T;Mina-Rees-Straße;49.866981;8.62633;30.0;;;;;;Original OSM;132.1;0.94;asphalt;unclassified;Mina-Rees-Straße;2;Kurs 13
Routenpunkt (Way);T;;49.866953;8.626218;30.0;;;;;;Interpoliert (15m);132.2;0.12;asphalt;unclassified;Mina-Rees-Straße;2;Kurs 13
Routenpunkt (Way);T;Mina-Rees-Straße;49.866925;8.626106;30.0;;;;;;Interpoliert;132.3;-0.39;asphalt;unclassified;Mina-Rees-Straße;2;Kurs 13
Routenpunkt (Way);A;Ampel;49.866897;8.625948;30.0;;;;;;Interpoliert (15m);132.0;-1.22;asphalt;unclassified;Mina-Rees-Straße;2;Kurs 13
Routenpunkt (Way);T;Mina-Rees-Straße;49.866868;8.625791;30.0;;;;;;Original OSM;131.7;-2.12;asphalt;unclassified;Mina-Rees-Straße;2;Kurs 13
Routenpunkt (Way);T;;49.866787;8.625786;30.0;;;;;;Interpoliert (15m);131.4;-2.83;asphalt;primary;Deutsche-Telekom-Allee;2;Kurs 13
Routenpunkt (Way);T;Deutsche-Telekom-Allee;49.866706;8.625782;50.0;;;;;;Interpoliert;131.1;-2.79;asphalt;primary;Deutsche-Telekom-Allee;2;Kurs 13
Routenpunkt (Way);T;Deutsche-Telekom-Allee;49.866595;8.625819;50.0;;;;;;Interpoliert;130.8;-2.75;asphalt;primary;Deutsche-Telekom-Allee;2;Kurs 13
Routenpunkt (Way);T;Deutsche-Telekom-Allee;49.866484;8.625857;50.0;;;;;;Interpoliert;130.5;-3.04;asphalt;primary;Deutsche-Telekom-Allee;2;Kurs 13
Routenpunkt (Way);T;Deutsche-Telekom-Allee;49.866373;8.625894;50.0;;;;;;Interpoliert;130.2;-3.19;asphalt;primary;Deutsche-Telekom-Allee;2;Kurs 13
Routenpunkt (Way);T;Deutsche-Telekom-Allee;49.866262;8.625932;50.0;;;;;;Original OSM;129.6;-3.77;asphalt;primary;Deutsche-Telekom-Allee;2;Kurs 13
Routenpunkt (Way);T;Deutsche-Telekom-Allee;49.866132;8.625975;50.0;;;;;;Interpoliert;129.0;-3.64;asphalt;primary;Deutsche-Telekom-Allee;2;Kurs 13
Routenpunkt (Way);T;;49.86603;8.625995;50.0;;;;;;Interpoliert (15m);128.4;-3.52;asphalt;primary;Deutsche-Telekom-Allee;2;Kurs 13
Routenpunkt (Way);T;;49.865929;8.626016;50.0;;;;;;Interpoliert (15m);128.2;-2.96;asphalt;primary;Deutsche-Telekom-Allee;2;Kurs 13
Routenpunkt (Way);T;Deutsche-Telekom-Allee;49.865828;8.626036;50.0;;;;;;Original OSM;128.0;-2.55;asphalt;primary;Deutsche-Telekom-Allee;2;Kurs 13
Routenpunkt (Way);T;;49.865737;8.626053;50.0;;;;;;Interpoliert (15m);127.8;-1.89;asphalt;primary;Deutsche-Telekom-Allee;2;Kurs 13
Routenpunkt (Way);T;;49.865647;8.626069;50.0;;;;;;Interpoliert (15m);127.6;-1.82;asphalt;primary;Deutsche-Telekom-Allee;2;Kurs 13
Routenpunkt (Way);T;Deutsche-Telekom-Allee;49.865556;8.626086;50.0;;;;;;Interpoliert;127.4;-1.76;asphalt;primary;Deutsche-Telekom-Allee;2;Kurs 13
Routenpunkt (Way);T;Deutsche-Telekom-Allee;49.865434;8.626128;50.0;;;;;;Interpoliert;127.2;-1.37;asphalt;primary;Deutsche-Telekom-Allee;2;Kurs 13
Routenpunkt (Way);T;Deutsche-Telekom-Allee;49.865312;8.626169;50.0;;;;;;Interpoliert;127.0;-0.97;asphalt;primary;Deutsche-Telekom-Allee;2;Kurs 13
Routenpunkt (Way);T;Deutsche-Telekom-Allee;49.86519;8.626211;50.0;;;;;;Interpoliert;127.0;-0.58;asphalt;primary;Deutsche-Telekom-Allee;2;Kurs 13
Routenpunkt (Way);T;Deutsche-Telekom-Allee;49.865068;8.626253;50.0;;;;;;Original OSM;127.0;-0.29;asphalt;primary;Deutsche-Telekom-Allee;2;Kurs 13
Routenpunkt (Way);T;Deutsche-Telekom-Allee;49.864937;8.626296;50.0;;;;;;Interpoliert;127.0;0.0;asphalt;primary;Deutsche-Telekom-Allee;2;Kurs 13
Routenpunkt (Way);T;Deutsche-Telekom-Allee;49.864806;8.62634;50.0;;;;;;Interpoliert;127.0;0.0;asphalt;primary;Deutsche-Telekom-Allee;2;Kurs 13
Routenpunkt (Way);T;Deutsche-Telekom-Allee;49.864675;8.626383;50.0;;;;;;Original OSM;127.0;-0.37;asphalt;primary;Deutsche-Telekom-Allee;2;Kurs 13
Routenpunkt (Way);T;Deutsche-Telekom-Allee;49.86458;8.626415;50.0;;;;;;Interpoliert;127.0;-0.65;asphalt;primary;Deutsche-Telekom-Allee;2;Kurs 13
Routenpunkt (Way);T;Deutsche-Telekom-Allee;49.864485;8.626447;50.0;;;;;;Interpoliert;126.8;-1.18;asphalt;primary;Deutsche-Telekom-Allee;2;Kurs 13
Routenpunkt (Way);T;Deutsche-Telekom-Allee;49.86436;8.626488;50.0;;;;;;Original OSM;126.6;-1.71;asphalt;primary;Deutsche-Telekom-Allee;2;Kurs 13
Routenpunkt (Way);T;;49.864293;8.62651;50.0;;;;;;Interpoliert (15m);126.4;-2.04;asphalt;primary;Deutsche-Telekom-Allee;2;Kurs 13
Routenpunkt (Way);T;Deutsche-Telekom-Allee;49.864227;8.626532;50.0;;;;;;Interpoliert;126.2;-1.41;asphalt;primary;Deutsche-Telekom-Allee;2;Kurs 13
Routenpunkt (Way);T;Deutsche-Telekom-Allee;49.86412;8.626568;50.0;;;;;;Original OSM;126.0;-0.87;asphalt;primary;Deutsche-Telekom-Allee;2;Kurs 13
Routenpunkt (Way);T;;49.864051;8.626591;50.0;;;;;;Interpoliert (15m);126.1;-0.08;asphalt;primary;Deutsche-Telekom-Allee;2;Kurs 13
Routenpunkt (Way);T;Deutsche-Telekom-Allee;49.863982;8.626614;50.0;;;;;;Original OSM;126.2;0.71;asphalt;primary;Deutsche-Telekom-Allee;2;Kurs 13
Routenpunkt (Way);T;;49.863915;8.626636;50.0;;;;;;Interpoliert (15m);126.3;1.18;asphalt;primary;Deutsche-Telekom-Allee;2;Kurs 13
Routenpunkt (Way);T;Deutsche-Telekom-Allee;49.863848;8.626658;50.0;;;;;;Interpoliert;126.4;1.37;asphalt;primary;Deutsche-Telekom-Allee;2;Kurs 13
Routenpunkt (Way);T;Deutsche-Telekom-Allee;49.863728;8.626698;50.0;;;;;;Interpoliert;126.5;1.56;asphalt;primary;Deutsche-Telekom-Allee;2;Kurs 13
Routenpunkt (Way);T;Deutsche-Telekom-Allee;49.863609;8.626737;50.0;;;;;;Interpoliert;126.8;1.74;asphalt;primary;Deutsche-Telekom-Allee;2;Kurs 13
Routenpunkt (Way);T;Deutsche-Telekom-Allee;49.86349;8.626777;50.0;;;;;;Interpoliert;127.1;1.92;asphalt;primary;Deutsche-Telekom-Allee;2;Kurs 13
Routenpunkt (Way);T;Deutsche-Telekom-Allee;49.863371;8.626817;50.0;;;;;;Interpoliert;127.4;2.21;asphalt;primary;Deutsche-Telekom-Allee;2;Kurs 13
Routenpunkt (Way);T;Deutsche-Telekom-Allee;49.863251;8.626856;50.0;;;;;;Interpoliert;127.7;1.77;asphalt;primary;Deutsche-Telekom-Allee;2;Kurs 13
Routenpunkt (Way);T;Deutsche-Telekom-Allee;49.863132;8.626896;50.0;;;;;;Interpoliert;128.0;1.33;asphalt;primary;Deutsche-Telekom-Allee;2;Kurs 13
Routenpunkt (Way);T;;49.863059;8.62692;50.0;;;;;;Interpoliert (15m);128.0;0.73;asphalt;primary;Deutsche-Telekom-Allee;2;Kurs 13
Routenpunkt (Way);T;Deutsche-Telekom-Allee;49.862986;8.626944;50.0;;;;;;Original OSM;128.0;0.13;asphalt;primary;Deutsche-Telekom-Allee;2;Kurs 13
Routenpunkt (Way);T;;49.862872;8.626982;50.0;;;;;;Interpoliert (15m);127.9;-0.48;asphalt;primary;Deutsche-Telekom-Allee;2;Kurs 13
Routenpunkt (Way);T;Deutsche-Telekom-Allee;49.862759;8.62702;50.0;;;;;;Original OSM;127.8;-0.65;asphalt;primary;Deutsche-Telekom-Allee;2;Kurs 13
Routenpunkt (Way);T;Deutsche-Telekom-Allee;49.862657;8.627054;50.0;;;;;;Interpoliert;127.7;-0.84;asphalt;primary;Deutsche-Telekom-Allee;2;Kurs 13
Routenpunkt (Way);T;Deutsche-Telekom-Allee;49.862554;8.627088;50.0;;;;;;Interpoliert;127.6;-0.87;asphalt;primary;Deutsche-Telekom-Allee;2;Kurs 13
Routenpunkt (Way);A;Ampel;49.86247;8.62716;50.0;;;;;;Interpoliert (15m);127.5;-0.54;asphalt;primary;Deutsche-Telekom-Allee;2;Kurs 13
Routenpunkt (Way);T;Deutsche-Telekom-Allee;49.862385;8.627233;50.0;;;;;;Original OSM;127.4;-0.19;asphalt;primary;Hilpertstraße;2;Kurs 13
Routenpunkt (Way);T;;49.862399;8.627391;50.0;;;;;;Interpoliert (15m);127.5;0.3;asphalt;primary;Hilpertstraße;2;Kurs 13
Routenpunkt (Way);T;Hilpertstraße;49.862413;8.627549;50.0;;;;;;Interpoliert;127.6;0.79;asphalt;primary;Hilpertstraße;2;Kurs 13
Routenpunkt (Way);T;Hilpertstraße;49.862441;8.627718;50.0;;;;;;Original OSM;127.8;1.43;asphalt;primary;Hilpertstraße;2;Kurs 13
Routenpunkt (Way);T;Hilpertstraße;49.862471;8.627895;50.0;;;;;;Interpoliert;128.0;1.84;paving_stones;primary;Hilpertstraße;2;Kurs 13
Routenpunkt (Way);T;Hilpertstraße;49.862501;8.628072;50.0;;;;;;Original OSM;128.3;2.25;paving_stones;primary;Hilpertstraße;2;Kurs 13
Routenpunkt (Way);T;Hilpertstraße;49.862526;8.628209;50.0;;;;;;Interpoliert;128.6;2.59;paving_stones;primary;Hilpertstraße;2;Kurs 13
Routenpunkt (Way);T;Hilpertstraße;49.862551;8.628347;50.0;;;;;;Interpoliert;128.9;2.95;paving_stones;primary;Hilpertstraße;2;Kurs 13
Routenpunkt (Way);T;;49.862573;8.628469;50.0;;;;;;Interpoliert (15m);129.2;2.88;paving_stones;primary;Hilpertstraße;2;Kurs 13
Routenpunkt (Way);T;Hilpertstraße;49.862596;8.628591;50.0;;;;;;Original OSM;129.5;2.29;paving_stones;primary;Hilpertstraße;2;Kurs 13
Routenpunkt (Way);T;;49.862621;8.628729;50.0;;;;;;Interpoliert (15m);129.7;1.71;paving_stones;primary;Hilpertstraße;2;Kurs 13
Routenpunkt (Way);T;Hilpertstraße;49.862646;8.628868;50.0;;;;;;Original OSM;129.7;0.85;paving_stones;primary;Hilpertstraße;2;Kurs 13
Routenpunkt (Way);T;Hilpertstraße;49.862673;8.629006;50.0;;;;;;Interpoliert;129.7;0.0;paving_stones;primary;Hilpertstraße;2;Kurs 13
Routenpunkt (Way);T;Hilpertstraße;49.8627;8.629144;50.0;;;;;;Interpoliert;129.6;-0.22;paving_stones;primary;Hilpertstraße;2;Kurs 13
Routenpunkt (Way);T;Hilpertstraße;49.862727;8.629282;50.0;;;;;;Original OSM;129.5;-0.08;paving_stones;primary;Hilpertstraße;2;Kurs 13
Routenpunkt (Way);T;Hilpertstraße;49.862763;8.629445;50.0;;;;;;Interpoliert;129.6;0.06;paving_stones;primary;Hilpertstraße;2;Kurs 13
Routenpunkt (Way);T;;49.862806;8.629626;50.0;;;;;;Interpoliert (15m);129.7;0.4;paving_stones;primary;Hilpertstraße;2;Kurs 13
Routenpunkt (Way);T;;49.862849;8.629807;50.0;;;;;;Interpoliert (15m);129.8;0.76;paving_stones;primary;Hilpertstraße;2;Kurs 13
Routenpunkt (Way);T;Hilpertstraße;49.862893;8.629988;50.0;;;;;;Original OSM;129.9;1.08;paving_stones;primary;Hilpertstraße;2;Kurs 13
Routenpunkt (Way);T;;49.862938;8.630146;50.0;;;;;;Interpoliert (15m);130.0;1.42;paving_stones;primary;Hilpertstraße;2;Kurs 13
Routenpunkt (Way);T;;49.862984;8.630303;50.0;;;;;;Interpoliert (15m);130.3;1.76;paving_stones;primary;Hilpertstraße;2;Kurs 13
Routenpunkt (Way);T;;49.863029;8.630461;50.0;;;;;;Interpoliert (15m);130.6;2.1;paving_stones;primary;Hilpertstraße;2;Kurs 13
Routenpunkt (Way);T;;49.863075;8.630619;50.0;;;;;;Interpoliert (15m);130.9;2.47;paving_stones;primary;Hilpertstraße;2;Kurs 13
Routenpunkt (Way);T;Hilpertstraße;49.86312;8.630776;50.0;;;;;;Original OSM;131.2;2.17;asphalt;primary;Hilpertstraße;2;Kurs 13
Routenpunkt (Way);A;Ampel;49.863183;8.630898;50.0;;;;;;Interpoliert (15m);131.5;1.51;asphalt;primary;Hilpertstraße;2;Kurs 13
Routenpunkt (Way);T;;49.863246;8.631019;50.0;;;;;;Interpoliert (15m);131.6;0.86;asphalt;primary;Hilpertstraße;2;Kurs 13
Routenpunkt (Way);T;Hilpertstraße;49.86331;8.631141;50.0;;;;;;Original OSM;131.5;0.21;asphalt;primary;Hilpertstraße;2;Kurs 13
Routenpunkt (Way);T;;49.863369;8.631284;50.0;;;;;;Interpoliert (15m);131.4;-0.49;asphalt;primary;Hilpertstraße;2;Kurs 13
Routenpunkt (Way);T;;49.863428;8.631427;50.0;;;;;;Interpoliert (15m);131.3;-1.0;asphalt;primary;Hilpertstraße;2;Kurs 13
Routenpunkt (Way);T;;49.863487;8.631569;50.0;;;;;;Interpoliert (15m);131.2;-1.15;asphalt;primary;Hilpertstraße;2;Kurs 13
Routenpunkt (Way);T;;49.863546;8.631712;50.0;;;;;;Interpoliert (15m);131.0;-1.14;asphalt;primary;Hilpertstraße;2;Kurs 13
Routenpunkt (Way);T;Hilpertstraße;49.863605;8.631855;50.0;;;;;;Original OSM;130.8;-1.12;asphalt;primary;Hilpertstraße;2;Kurs 13
Routenpunkt (Way);T;;49.863556;8.632025;50.0;;;;;;Interpoliert (15m);130.7;-1.11;asphalt;primary;Hilpertstraße;2;Kurs 13
Routenpunkt (Way);T;;49.863507;8.632196;50.0;;;;;;Interpoliert (15m);130.6;-0.78;asphalt;secondary;Haardtring;2;Kurs 13
Routenpunkt (Way);T;Haardtring;49.863458;8.632366;50.0;;;;;;Interpoliert;130.5;-0.17;asphalt;secondary;Haardtring;2;Kurs 13
Routenpunkt (Way);T;Haardtring;49.86337;8.632412;50.0;;;;;;Interpoliert;130.5;0.38;asphalt;secondary;Haardtring;2;Kurs 13
Routenpunkt (Way);T;Haardtring;49.86324;8.632423;50.0;;;;;;Original OSM;130.7;2.87;asphalt;secondary;Haardtring;2;Kurs 13
Routenpunkt (Way);T;Philipp-Röth-Weg (Bussteig Richtung Süd);49.863158;8.632481;50.0;;;;;;Interpoliert;130.9;3.34;asphalt;secondary;Haardtring;2;Kurs 13
Haltestelle;W;Darmstadt Philipp-Röth-Weg NSüdbf;49.863142;8.632485;50.0;17:25:00;17:25:00;Kein Umlauf;So;1372.0;Original GTFS (Snap-Distanz 4m) | Auf Route gesnappt (9m);131.1;3.74;asphalt;secondary;Haardtring;2;Kurs 13
Routenpunkt (Way);T;Philipp-Röth-Weg (Bussteig Richtung Süd);49.863036;8.632545;50.0;;;;;;Original OSM;131.3;3.86;asphalt;secondary;Haardtring;2;Kurs 13
Routenpunkt (Way);T;;49.862958;8.632614;50.0;;;;;;Interpoliert (15m);131.5;3.61;asphalt;secondary;Haardtring;2;Kurs 13
Routenpunkt (Way);T;Haardtring;49.86288;8.632682;50.0;;;;;;Interpoliert;131.7;1.42;asphalt;secondary;Haardtring;2;Kurs 13
Routenpunkt (Way);T;Haardtring;49.862765;8.632746;50.0;;;;;;Interpoliert;131.8;1.24;asphalt;secondary;Haardtring;2;Kurs 13
Routenpunkt (Way);T;Haardtring;49.862651;8.63281;50.0;;;;;;Original OSM;131.9;0.84;asphalt;secondary;Haardtring;2;Kurs 13
Routenpunkt (Way);T;Haardtring;49.862529;8.63288;50.0;;;;;;Interpoliert;132.0;0.43;asphalt;secondary;Haardtring;2;Kurs 13
Routenpunkt (Way);T;Haardtring;49.862408;8.63295;50.0;;;;;;Interpoliert;132.0;0.15;asphalt;secondary;Haardtring;2;Kurs 13
Routenpunkt (Way);T;Haardtring;49.862287;8.63302;50.0;;;;;;Interpoliert;132.0;-0.28;asphalt;secondary;Haardtring;2;Kurs 13
Routenpunkt (Way);T;Haardtring;49.862165;8.63309;50.0;;;;;;Interpoliert;131.9;-0.69;asphalt;secondary;Haardtring;2;Kurs 13
Routenpunkt (Way);T;Haardtring;49.862044;8.63316;50.0;;;;;;Interpoliert;131.7;-0.97;asphalt;secondary;Haardtring;2;Kurs 13
Routenpunkt (Way);T;Haardtring;49.861923;8.63323;50.0;;;;;;Interpoliert;131.5;-1.25;asphalt;secondary;Haardtring;2;Kurs 13
Routenpunkt (Way);T;Haardtring;49.861801;8.6333;50.0;;;;;;Interpoliert;131.3;-1.4;asphalt;secondary;Haardtring;2;Kurs 13
Routenpunkt (Way);T;Haardtring;49.86168;8.63337;50.0;;;;;;Original OSM;131.1;-1.4;asphalt;secondary;Haardtring;2;Kurs 13
Routenpunkt (Way);T;Haardtring;49.861562;8.633438;50.0;;;;;;Interpoliert;130.9;-1.41;asphalt;secondary;Haardtring;2;Kurs 13
Routenpunkt (Way);T;Haardtring;49.861444;8.633507;50.0;;;;;;Interpoliert;130.7;-1.56;asphalt;secondary;Haardtring;2;Kurs 13
Routenpunkt (Way);T;Haardtring;49.861325;8.633575;50.0;;;;;;Interpoliert;130.5;-1.72;asphalt;secondary;Haardtring;2;Kurs 13
Routenpunkt (Way);T;Haardtring;49.861207;8.633644;50.0;;;;;;Original OSM;130.2;-1.72;asphalt;secondary;Haardtring;2;Kurs 13
Routenpunkt (Way);T;Haardtring;49.86109;8.633709;50.0;;;;;;Interpoliert;129.9;-1.58;asphalt;secondary;Haardtring;2;Kurs 13
Routenpunkt (Way);T;Haardtring;49.860973;8.633774;50.0;;;;;;Interpoliert;129.7;-1.44;asphalt;secondary;Haardtring;2;Kurs 13
Routenpunkt (Way);T;Haardtring;49.860857;8.63384;50.0;;;;;;Interpoliert;129.6;-0.87;asphalt;secondary;Haardtring;2;Kurs 13
Routenpunkt (Way);T;Haardtring;49.86074;8.633905;50.0;;;;;;Interpoliert;129.5;-0.29;asphalt;secondary;Haardtring;2;Kurs 13
Routenpunkt (Way);T;Haardtring;49.860623;8.633971;50.0;;;;;;Interpoliert;129.6;0.14;asphalt;secondary;Haardtring;2;Kurs 13
Routenpunkt (Way);T;Haardtring;49.860506;8.634036;50.0;;;;;;Interpoliert;129.7;0.43;asphalt;secondary;Haardtring;2;Kurs 13
Routenpunkt (Way);T;Haardtring;49.860389;8.634101;50.0;;;;;;Interpoliert;129.8;0.72;asphalt;secondary;Haardtring;2;Kurs 13
Routenpunkt (Way);T;Haardtring;49.860272;8.634167;50.0;;;;;;Interpoliert;129.9;0.87;asphalt;secondary;Haardtring;2;Kurs 13
Routenpunkt (Way);T;Haardtring;49.860156;8.634232;50.0;;;;;;Interpoliert;130.0;1.01;asphalt;secondary;Haardtring;2;Kurs 13
Routenpunkt (Way);T;Haardtring;49.860039;8.634297;50.0;;;;;;Interpoliert;130.2;1.16;asphalt;secondary;Haardtring;2;Kurs 13
Routenpunkt (Way);T;Haardtring;49.859922;8.634363;50.0;;;;;;Interpoliert;130.4;1.29;asphalt;secondary;Haardtring;2;Kurs 13
Routenpunkt (Way);T;Haardtring;49.859805;8.634428;50.0;;;;;;Original OSM;130.6;1.28;asphalt;secondary;Haardtring;2;Kurs 13
Routenpunkt (Way);T;Haardtring;49.859682;8.634499;50.0;;;;;;Interpoliert;130.8;0.85;asphalt;secondary;Haardtring;2;Kurs 13
Routenpunkt (Way);T;Haardtring;49.859559;8.63457;50.0;;;;;;Interpoliert;130.9;0.4;asphalt;secondary;Haardtring;2;Kurs 13
Routenpunkt (Way);T;Haardtring;49.859436;8.634641;50.0;;;;;;Original OSM;130.8;0.27;asphalt;secondary;Haardtring;2;Kurs 13
Routenpunkt (Way);T;Haardtring;49.859333;8.6347;50.0;;;;;;Interpoliert;130.7;0.15;asphalt;secondary;Haardtring;2;Kurs 13
Routenpunkt (Way);T;Haardtring;49.85923;8.634759;50.0;;;;;;Interpoliert;130.8;0.17;asphalt;secondary;Haardtring;2;Kurs 13
Routenpunkt (Way);A;Ampel;49.859121;8.634821;50.0;;;;;;Interpoliert (15m);130.9;0.47;asphalt;secondary;Haardtring;2;Kurs 13
Routenpunkt (Way);T;Haardtring;49.859012;8.634884;50.0;;;;;;Original OSM;131.0;0.8;asphalt;secondary;Haardtring;2;Kurs 13
Routenpunkt (Way);T;;49.858909;8.634943;50.0;;;;;;Interpoliert (15m);131.1;0.64;asphalt;secondary;Haardtring;2;Kurs 13
Routenpunkt (Way);T;Haardtring;49.858806;8.635002;50.0;;;;;;Original OSM;131.2;0.48;asphalt;secondary;Haardtring;2;Kurs 13
Routenpunkt (Way);T;Haardtring;49.858695;8.635066;50.0;;;;;;Original OSM;131.2;0.49;asphalt;secondary;Haardtring;2;Kurs 13
Routenpunkt (Way);T;Haardtring;49.858588;8.635129;50.0;;;;;;Interpoliert;131.2;0.48;asphalt;secondary;Haardtring;2;Kurs 13
Routenpunkt (Way);T;Haardtring;49.858481;8.635191;50.0;;;;;;Interpoliert;131.3;0.49;asphalt;secondary;Haardtring;2;Kurs 13
Routenpunkt (Way);T;Haardtring;49.858374;8.635253;50.0;;;;;;Interpoliert;131.4;0.31;asphalt;secondary;Haardtring;2;Kurs 13
Routenpunkt (Way);T;;49.858272;8.635292;50.0;;;;;;Interpoliert (15m);131.5;0.1;asphalt;secondary;Haardtring;2;Kurs 13
Routenpunkt (Way);T;Haardtring;49.858171;8.635332;50.0;;;;;;Interpoliert;131.4;-0.27;asphalt;secondary;Haardtring;2;Kurs 13
Routenpunkt (Way);T;;49.858091;8.635373;50.0;;;;;;Interpoliert (15m);131.3;-2.76;asphalt;secondary;Haardtring;2;Kurs 13
Routenpunkt (Way);T;Haardtring;49.858012;8.635414;50.0;;;;;;Interpoliert;131.2;-2.75;asphalt;secondary;Haardtring;2;Kurs 13
Haltestelle;W;Darmstadt Haardtring;49.858009;8.635403;50.0;17:27:00;17:27:00;Kein Umlauf;So;1372.0;Original GTFS (Snap-Distanz 4m) | Auf Route gesnappt (4m);131.1;-2.18;asphalt;secondary;Haardtring;2;Kurs 13
Routenpunkt (Way);T;Haardtring;49.857925;8.635482;50.0;;;;;;Original OSM;131.2;-1.55;asphalt;secondary;Haardtring;2;Kurs 13
Routenpunkt (Way);T;Haardtring;49.857808;8.635582;50.0;;;;;;Interpoliert;131.5;-0.92;asphalt;secondary;Haardtring;2;Kurs 13
Routenpunkt (Way);T;Haardtring;49.857686;8.635654;50.0;;;;;;Interpoliert;131.8;1.83;asphalt;secondary;Haardtring;2;Kurs 13
Routenpunkt (Way);T;Haardtring;49.857564;8.635725;50.0;;;;;;Interpoliert;132.1;2.06;asphalt;secondary;Haardtring;2;Kurs 13
Routenpunkt (Way);T;Haardtring;49.857442;8.635796;50.0;;;;;;Interpoliert;132.4;2.07;asphalt;secondary;Haardtring;2;Kurs 13
Routenpunkt (Way);T;Haardtring;49.857319;8.635868;50.0;;;;;;Interpoliert;132.7;1.93;asphalt;secondary;Haardtring;2;Kurs 13
Routenpunkt (Way);T;Haardtring;49.857197;8.635939;50.0;;;;;;Interpoliert;133.0;1.79;asphalt;secondary;Haardtring;2;Kurs 13
Routenpunkt (Way);T;Haardtring;49.857075;8.636011;50.0;;;;;;Interpoliert;133.2;1.65;asphalt;secondary;Haardtring;2;Kurs 13
Routenpunkt (Way);T;Haardtring;49.856952;8.636082;50.0;;;;;;Interpoliert;133.4;1.24;asphalt;secondary;Haardtring;2;Kurs 13
Routenpunkt (Way);T;Haardtring;49.85683;8.636154;50.0;;;;;;Interpoliert;133.6;0.69;asphalt;secondary;Haardtring;2;Kurs 13
Routenpunkt (Way);T;Haardtring;49.856708;8.636225;50.0;;;;;;Interpoliert;133.6;0.28;asphalt;secondary;Haardtring;2;Kurs 13
Routenpunkt (Way);T;Haardtring;49.856586;8.636297;50.0;;;;;;Interpoliert;133.5;0.28;asphalt;secondary;Haardtring;2;Kurs 13
Routenpunkt (Way);T;Haardtring;49.856463;8.636368;50.0;;;;;;Interpoliert;133.4;0.41;asphalt;secondary;Haardtring;2;Kurs 13
Routenpunkt (Way);T;Haardtring;49.856341;8.63644;50.0;;;;;;Interpoliert;133.6;0.83;asphalt;secondary;Haardtring;2;Kurs 13
Routenpunkt (Way);T;Haardtring;49.856219;8.636511;50.0;;;;;;Interpoliert;133.9;1.4;asphalt;secondary;Haardtring;2;Kurs 13
Routenpunkt (Way);T;Haardtring;49.856097;8.636583;50.0;;;;;;Original OSM;134.2;2.19;asphalt;secondary;Haardtring;2;Kurs 13
Routenpunkt (Way);T;Haardtring;49.855984;8.636662;50.0;;;;;;Interpoliert;134.5;2.57;asphalt;secondary;Haardtring;2;Kurs 13
Routenpunkt (Way);A;Ampel;49.855885;8.636735;50.0;;;;;;Interpoliert (15m);134.9;2.8;asphalt;secondary;Haardtring;2;Kurs 13
Routenpunkt (Way);T;Haardtring;49.855785;8.636808;50.0;;;;;;Original OSM;135.3;3.04;asphalt;secondary;Haardtring;2;Kurs 13
Routenpunkt (Way);T;;49.855693;8.636905;50.0;;;;;;Interpoliert (15m);135.7;3.57;asphalt;secondary;Haardtring;2;Kurs 13
Routenpunkt (Way);T;;49.855601;8.637002;50.0;;;;;;Interpoliert (15m);136.1;3.88;asphalt;secondary;Danziger Platz;2;Kurs 13
Routenpunkt (Way);T;;49.855509;8.6371;50.0;;;;;;Interpoliert (15m);136.7;3.72;asphalt;secondary;Danziger Platz;2;Kurs 13
Routenpunkt (Way);T;Haardtring;49.855417;8.637197;50.0;;;;;;Original OSM;137.3;3.39;asphalt;secondary;Danziger Platz;2;Kurs 13
Routenpunkt (Way);T;;49.855346;8.63733;50.0;;;;;;Interpoliert (15m);137.6;3.07;asphalt;secondary;Danziger Platz;2;Kurs 13
Routenpunkt (Way);T;;49.855276;8.637463;50.0;;;;;;Interpoliert (15m);137.8;1.96;asphalt;tertiary_link;Haardtring;2;Kurs 13
Routenpunkt (Way);T;Rüdesheimer Straße;49.855206;8.637596;50.0;;;;;;Original OSM;138.0;0.99;asphalt;secondary;Rüdesheimer Straße;2;Kurs 13
Routenpunkt (Way);T;Rüdesheimer Straße;49.855143;8.637768;50.0;;;;;;Interpoliert;137.9;0.31;asphalt;secondary;Rüdesheimer Straße;2;Kurs 13
Haltestelle;W;Darmstadt Südbahnhof;49.855143;8.637768;50.0;17:28:00;17:28:00;Kein Umlauf;So;1372.0;Original GTFS (Snap-Distanz 19m) | Auf Route gesnappt (19m);137.8;0.18;asphalt;secondary;Rüdesheimer Straße;2;Kurs 13
Routenpunkt (Way);T;;49.85509;8.637882;50.0;;;;;;Interpoliert (15m);137.7;0.1;asphalt;secondary;Rüdesheimer Straße;2;Kurs 13
Routenpunkt (Way);T;Rüdesheimer Straße;49.855037;8.637997;50.0;;;;;;Interpoliert;137.8;-0.0;asphalt;secondary;Rüdesheimer Straße;2;Kurs 13
Routenpunkt (Way);T;;49.855;8.638098;50.0;;;;;;Interpoliert (15m);137.9;-0.2;asphalt;secondary;Rüdesheimer Straße;2;Kurs 13
Routenpunkt (Way);T;Südbahnhof;49.854963;8.6382;50.0;;;;;;Original OSM;137.8;-0.19;asphalt;secondary;Rüdesheimer Straße;2;Kurs 13
Routenpunkt (Way);T;;49.854926;8.63833;50.0;;;;;;Interpoliert (15m);137.7;-0.67;asphalt;secondary;Rüdesheimer Straße;2;Kurs 13
Routenpunkt (Way);T;Rüdesheimer Straße;49.854888;8.63846;50.0;;;;;;Interpoliert;137.6;-1.19;asphalt;secondary;Rüdesheimer Straße;2;Kurs 13
Routenpunkt (Way);T;Rüdesheimer Straße;49.854824;8.638633;50.0;;;;;;Interpoliert;137.4;-0.81;asphalt;secondary;Rüdesheimer Straße;2;Kurs 13
Routenpunkt (Way);T;Rüdesheimer Straße;49.854759;8.638807;50.0;;;;;;Interpoliert;137.2;-0.47;asphalt;secondary;Rüdesheimer Straße;2;Kurs 13
Routenpunkt (Way);T;Rüdesheimer Straße;49.854695;8.638981;50.0;;;;;;Interpoliert;137.3;-0.14;asphalt;secondary;Rüdesheimer Straße;2;Kurs 13
Routenpunkt (Way);T;Rüdesheimer Straße;49.85463;8.639155;50.0;;;;;;Interpoliert;137.4;0.3;asphalt;secondary;Rüdesheimer Straße;2;Kurs 13
Routenpunkt (Way);T;Rüdesheimer Straße;49.854566;8.639328;50.0;;;;;;Original OSM;137.5;0.75;asphalt;secondary;Rüdesheimer Straße;2;Kurs 13
Routenpunkt (Way);T;Rüdesheimer Straße;49.854513;8.639475;50.0;;;;;;Interpoliert;137.6;0.78;asphalt;secondary;Rüdesheimer Straße;2;Kurs 13
Routenpunkt (Way);T;Rüdesheimer Straße;49.85446;8.639623;50.0;;;;;;Interpoliert;137.7;0.97;asphalt;secondary;Rüdesheimer Straße;2;Kurs 13
Routenpunkt (Way);T;Rüdesheimer Straße;49.854407;8.63977;50.0;;;;;;Interpoliert;137.8;1.15;asphalt;secondary;Rüdesheimer Straße;2;Kurs 13
Routenpunkt (Way);T;Rüdesheimer Straße;49.854354;8.639917;50.0;;;;;;Original OSM;138.0;1.48;asphalt;secondary;Rüdesheimer Straße;2;Kurs 13
Routenpunkt (Way);T;Rüdesheimer Straße;49.854304;8.640069;50.0;;;;;;Interpoliert;138.2;2.13;asphalt;secondary;Rüdesheimer Straße;2;Kurs 13
Routenpunkt (Way);T;Rüdesheimer Straße;49.854254;8.640222;50.0;;;;;;Interpoliert;138.5;2.78;asphalt;secondary;Rüdesheimer Straße;2;Kurs 13
Routenpunkt (Way);T;Rüdesheimer Straße;49.854205;8.640374;50.0;;;;;;Interpoliert;139.0;3.31;asphalt;secondary;Rüdesheimer Straße;2;Kurs 13
Routenpunkt (Way);T;Rüdesheimer Straße;49.854155;8.640526;50.0;;;;;;Original OSM;139.5;3.7;asphalt;secondary;Rüdesheimer Straße;2;Kurs 13
Routenpunkt (Way);T;Rüdesheimer Straße;49.854115;8.640675;50.0;;;;;;Interpoliert;140.0;4.32;asphalt;secondary;Rüdesheimer Straße;2;Kurs 13
Routenpunkt (Way);T;Schiebelhuthweg (Bussteig Nord);49.85404;8.640833;50.0;;;;;;Original OSM;140.5;4.48;asphalt;secondary;Rüdesheimer Straße;2;Kurs 13
Haltestelle;W;Darmstadt Schiebelhuthweg;49.854019;8.640901;50.0;;;Kein Umlauf;So;1372.0;Original GTFS (Snap-Distanz 4m) | Auf Route gesnappt (7m);140.8;4.36;asphalt;secondary;Rüdesheimer Straße;2;Kurs 13
Routenpunkt (Way);A;Schiebelhuthweg (Bussteig Nord) (Ampel);49.853998;8.64104;50.0;;;;;;Original OSM;141.3;4.1;asphalt;secondary;Rüdesheimer Straße;2;Kurs 13
Routenpunkt (Way);T;Rüdesheimer Straße;49.853967;8.641235;50.0;;;;;;Interpoliert;141.8;3.96;asphalt;secondary;Rüdesheimer Straße;2;Kurs 13
Routenpunkt (Way);T;Rüdesheimer Straße;49.853922;8.641407;50.0;;;;;;Original OSM;142.2;3.62;asphalt;secondary;Rüdesheimer Straße;2;Kurs 13
Routenpunkt (Way);T;Rüdesheimer Straße;49.853878;8.64159;50.0;;;;;;Interpoliert;142.6;3.02;asphalt;secondary;Rüdesheimer Straße;2;Kurs 13
Routenpunkt (Way);T;;49.853847;8.641727;50.0;;;;;;Interpoliert (15m);143.0;2.71;asphalt;secondary;Rüdesheimer Straße;2;Kurs 13
Routenpunkt (Way);T;;49.853816;8.641864;50.0;;;;;;Interpoliert (15m);143.2;2.41;asphalt;secondary;Rüdesheimer Straße;2;Kurs 13
Routenpunkt (Way);T;Rüdesheimer Straße;49.853784;8.642001;50.0;;;;;;Original OSM;143.4;2.13;asphalt;secondary;Rüdesheimer Straße;2;Kurs 13
Routenpunkt (Way);T;;49.853747;8.642179;50.0;;;;;;Interpoliert (15m);143.6;1.7;asphalt;secondary;Rüdesheimer Straße;2;Kurs 13
Routenpunkt (Way);T;Rüdesheimer Straße;49.85371;8.642357;50.0;;;;;;Interpoliert;143.8;1.31;asphalt;secondary;Rüdesheimer Straße;2;Kurs 13
Routenpunkt (Way);T;Rüdesheimer Straße;49.85368;8.642517;50.0;;;;;;Interpoliert;144.0;0.77;asphalt;secondary;Rüdesheimer Straße;2;Kurs 13
Routenpunkt (Way);T;Rüdesheimer Straße;49.85365;8.642678;50.0;;;;;;Interpoliert;144.0;0.31;asphalt;secondary;Rüdesheimer Straße;2;Kurs 13
Routenpunkt (Way);T;;49.853621;8.642843;50.0;;;;;;Interpoliert (15m);143.9;-0.18;asphalt;secondary;Rüdesheimer Straße;2;Kurs 13
Routenpunkt (Way);T;Rüdesheimer Straße;49.853593;8.643009;50.0;;;;;;Original OSM;143.8;-0.69;asphalt;secondary;Rüdesheimer Straße;2;Kurs 13
Routenpunkt (Way);T;;49.853571;8.643157;50.0;;;;;;Interpoliert (15m);143.7;-0.95;asphalt;secondary;Rüdesheimer Straße;2;Kurs 13
Routenpunkt (Way);T;Rüdesheimer Straße;49.85355;8.643304;50.0;;;;;;Interpoliert;143.6;-1.05;asphalt;secondary;Rüdesheimer Straße;2;Kurs 13
Routenpunkt (Way);T;;49.853536;8.643409;50.0;;;;;;Interpoliert (15m);143.5;-0.09;asphalt;secondary;Rüdesheimer Straße;2;Kurs 13
Routenpunkt (Way);T;Rüdesheimer Straße;49.853522;8.643514;50.0;;;;;;Original OSM;143.4;0.89;asphalt;secondary;Rüdesheimer Straße;2;Kurs 13
Routenpunkt (Way);T;;49.853505;8.643651;50.0;;;;;;Interpoliert (15m);143.8;1.68;asphalt;secondary;Rüdesheimer Straße;2;Kurs 13
Routenpunkt (Way);T;Rüdesheimer Straße;49.853488;8.643788;50.0;;;;;;Interpoliert;144.2;2.59;asphalt;secondary;Rüdesheimer Straße;2;Kurs 13
Routenpunkt (Way);T;Rüdesheimer Straße;49.853466;8.643972;50.0;;;;;;Original OSM;144.6;3.8;asphalt;secondary;Rüdesheimer Straße;2;Kurs 13
Routenpunkt (Way);T;Rüdesheimer Straße;49.853448;8.644141;50.0;;;;;;Interpoliert;145.0;4.33;asphalt;secondary;Rüdesheimer Straße;2;Kurs 13
Routenpunkt (Way);T;;49.853434;8.644286;50.0;;;;;;Interpoliert (15m);145.5;4.71;asphalt;secondary;Rüdesheimer Straße;2;Kurs 13
Routenpunkt (Way);T;Rüdesheimer Straße;49.853419;8.644431;50.0;;;;;;Original OSM;146.2;5.3;asphalt;secondary;Rüdesheimer Straße;2;Kurs 13
Routenpunkt (Way);T;;49.853405;8.644594;50.0;;;;;;Interpoliert (15m);146.9;5.72;asphalt;secondary;Rüdesheimer Straße;2;Kurs 13
Routenpunkt (Way);T;Rüdesheimer Straße;49.853391;8.644758;50.0;;;;;;Original OSM;147.6;5.84;asphalt;secondary;Rüdesheimer Straße;2;Kurs 13
Routenpunkt (Way);T;Rüdesheimer Straße;49.85338;8.644939;50.0;;;;;;Interpoliert;148.3;5.01;asphalt;secondary;Rüdesheimer Straße;2;Kurs 13
Routenpunkt (Way);T;Rüdesheimer Straße;49.853368;8.645121;50.0;;;;;;Original OSM;149.0;4.32;asphalt;secondary;Rüdesheimer Straße;2;Kurs 13
Routenpunkt (Way);T;Rüdesheimer Straße;49.853361;8.64529;50.0;;;;;;Interpoliert;149.3;3.62;asphalt;secondary;Rüdesheimer Straße;2;Kurs 13
Routenpunkt (Way);T;Rüdesheimer Straße;49.853354;8.645459;50.0;;;;;;Interpoliert;149.6;3.05;asphalt;secondary;Rüdesheimer Straße;2;Kurs 13
Routenpunkt (Way);T;Rüdesheimer Straße;49.853347;8.645628;50.0;;;;;;Interpoliert;149.9;2.48;asphalt;secondary;Rüdesheimer Straße;2;Kurs 13
Routenpunkt (Way);T;Rüdesheimer Straße;49.85334;8.645796;50.0;;;;;;Original OSM;150.2;2.33;asphalt;secondary;Rüdesheimer Straße;2;Kurs 13
Routenpunkt (Way);T;Rüdesheimer Straße;49.853335;8.645961;50.0;;;;;;Interpoliert;150.5;2.18;asphalt;secondary;Rüdesheimer Straße;2;Kurs 13
Routenpunkt (Way);T;Rüdesheimer Straße;49.85333;8.646126;50.0;;;;;;Interpoliert;150.7;2.03;asphalt;secondary;Rüdesheimer Straße;2;Kurs 13
Routenpunkt (Way);A;Ampel;49.853328;8.646288;50.0;;;;;;Interpoliert (15m);150.9;1.83;asphalt;secondary;Rüdesheimer Straße;2;Kurs 13
Routenpunkt (Way);T;Rüdesheimer Straße;49.853325;8.64645;50.0;;;;;;Original OSM;151.1;1.73;asphalt;secondary;Rüdesheimer Straße;2;Kurs 13
Haltestelle;W;Darmstadt Landskronstraße;49.853325;8.646637;50.0;17:30:00;17:30:00;Kein Umlauf;So;1372.0;Original GTFS (Snap-Distanz 13m) | Auf Route gesnappt (13m);151.3;1.67;asphalt;secondary;Rüdesheimer Straße;2;Kurs 13
Routenpunkt (Way);T;;49.85332;8.646842;50.0;;;;;;Interpoliert (15m);151.6;2.04;asphalt;secondary;Landskronstraße;2;Kurs 13
Routenpunkt (Way);T;Rüdesheimer Straße;49.853316;8.647047;50.0;;;;;;Original OSM;151.8;2.4;asphalt;secondary;Landskronstraße;2;Kurs 13
Routenpunkt (Way);T;;49.85332;8.647203;50.0;;;;;;Interpoliert (15m);152.2;2.82;asphalt;secondary;Landskronstraße;2;Kurs 13
Routenpunkt (Way);T;;49.853325;8.64736;50.0;;;;;;Interpoliert (15m);152.6;3.5;asphalt;secondary;Landskronstraße;2;Kurs 13
Routenpunkt (Way);T;Landskronstraße;49.853329;8.647516;30.0;;;;;;Interpoliert;153.0;4.18;asphalt;secondary;Landskronstraße;2;Kurs 13
Routenpunkt (Way);T;Landskronstraße;49.853331;8.647721;30.0;;;;;;Interpoliert;153.8;4.42;asphalt;secondary;Landskronstraße;2;Kurs 13
Routenpunkt (Way);T;Landskronstraße;49.853334;8.647926;30.0;;;;;;Interpoliert;154.5;4.68;asphalt;secondary;Landskronstraße;2;Kurs 13
Routenpunkt (Way);T;Landskronstraße;49.853336;8.648131;30.0;;;;;;Interpoliert;155.2;4.94;asphalt;secondary;Landskronstraße;2;Kurs 13
Routenpunkt (Way);T;;49.853339;8.648331;30.0;;;;;;Interpoliert (15m);155.9;5.13;asphalt;secondary;Landskronstraße;2;Kurs 13
Routenpunkt (Way);T;Landskronstraße;49.853342;8.648532;30.0;;;;;;Original OSM;156.6;5.45;asphalt;secondary;Landskronstraße;2;Kurs 13
Routenpunkt (Way);T;;49.853347;8.648685;30.0;;;;;;Interpoliert (15m);157.3;5.41;asphalt;secondary;Landskronstraße;2;Kurs 13
Routenpunkt (Way);T;;49.853352;8.648838;30.0;;;;;;Interpoliert (15m);158.0;5.23;asphalt;secondary;Landskronstraße;2;Kurs 13
Routenpunkt (Way);T;Landskronstraße;49.853357;8.648991;30.0;;;;;;Interpoliert;158.5;5.86;asphalt;secondary;Landskronstraße;2;Kurs 13
Routenpunkt (Way);T;Landskronstraße;49.853365;8.649165;30.0;;;;;;Interpoliert;159.0;5.46;asphalt;secondary;Landskronstraße;2;Kurs 13
Routenpunkt (Way);T;Landskronstraße;49.853374;8.649339;30.0;;;;;;Original OSM;160.0;5.07;asphalt;secondary;Landskronstraße;2;Kurs 13
Routenpunkt (Way);T;Landskronstraße;49.853376;8.649529;30.0;;;;;;Interpoliert;160.6;5.05;asphalt;secondary;Landskronstraße;2;Kurs 13
Routenpunkt (Way);T;Landskronstraße;49.853378;8.64972;30.0;;;;;;Original OSM;161.2;5.43;asphalt;secondary;Landskronstraße;2;Kurs 13
Routenpunkt (Way);T;Landskronstraße;49.853381;8.649908;30.0;;;;;;Interpoliert;161.8;5.02;asphalt;secondary;Landskronstraße;2;Kurs 13
Routenpunkt (Way);T;Landskronstraße;49.853383;8.650096;30.0;;;;;;Interpoliert;162.6;5.18;asphalt;secondary;Landskronstraße;2;Kurs 13
Routenpunkt (Way);T;Landskronstraße;49.853385;8.650284;30.0;;;;;;Interpoliert;163.4;5.34;asphalt;secondary;Landskronstraße;2;Kurs 13
Routenpunkt (Way);T;Landskronstraße;49.853388;8.650472;30.0;;;;;;Interpoliert;164.1;5.56;asphalt;secondary;Landskronstraße;2;Kurs 13
Routenpunkt (Way);T;Landskronstraße;49.85339;8.65066;30.0;;;;;;Original OSM;164.8;5.6;asphalt;secondary;Landskronstraße;2;Kurs 13
Routenpunkt (Way);T;Landskronstraße;49.853392;8.650836;30.0;;;;;;Original OSM;165.5;4.96;asphalt;secondary;Landskronstraße;2;Kurs 13
Routenpunkt (Way);T;Landskronstraße;49.853394;8.65104;30.0;;;;;;Interpoliert;166.4;4.47;asphalt;secondary;Landskronstraße;2;Kurs 13
Routenpunkt (Way);T;Landskronstraße;49.853396;8.651244;30.0;;;;;;Interpoliert;166.8;4.32;asphalt;secondary;Landskronstraße;2;Kurs 13
Routenpunkt (Way);T;Landskronstraße;49.853398;8.651449;30.0;;;;;;Interpoliert;167.2;4.1;asphalt;secondary;Landskronstraße;2;Kurs 13
Routenpunkt (Way);T;;49.853399;8.651574;30.0;;;;;;Interpoliert (15m);167.6;3.36;asphalt;secondary;Landskronstraße;2;Kurs 13
Routenpunkt (Way);A;Landskronstraße (Ampel);49.8534;8.6517;30.0;;;;;;Original OSM;168.0;3.29;asphalt;secondary;Landskronstraße;2;Kurs 13
Routenpunkt (Way);T;;49.853403;8.651815;30.0;;;;;;Interpoliert (15m);168.2;3.47;asphalt;secondary;Landskronstraße;2;Kurs 13
Routenpunkt (Way);T;Landskronstraße;49.853406;8.65193;30.0;;;;;;Original OSM;168.4;3.31;asphalt;secondary;Landskronstraße;2;Kurs 13
Routenpunkt (Way);T;;49.853411;8.652045;30.0;;;;;;Interpoliert (15m);168.7;3.19;asphalt;secondary;Landskronstraße;2;Kurs 13
Routenpunkt (Way);T;Landskronstraße;49.853416;8.65216;30.0;;;;;;Original OSM;169.0;2.96;asphalt;secondary;Landskronstraße;2;Kurs 13
Routenpunkt (Way);T;;49.853417;8.652269;30.0;;;;;;Interpoliert (15m);169.3;2.63;asphalt;secondary;Landskronstraße;2;Kurs 13
Routenpunkt (Way);T;Landskronstraße;49.853417;8.652378;30.0;;;;;;Interpoliert;169.4;1.91;asphalt;secondary;Landskronstraße;2;Kurs 13
Routenpunkt (Way);T;Landskronstraße;49.853419;8.652557;30.0;;;;;;Interpoliert;169.5;1.34;asphalt;secondary;Landskronstraße;2;Kurs 13
Haltestelle;W;Darmstadt Ludwigshöhstraße;49.853419;8.652557;30.0;17:32:00;17:32:00;Kein Umlauf;So;1372.0;Original GTFS (Snap-Distanz 5m) | Auf Route gesnappt (5m);169.6;0.72;asphalt;secondary;Landskronstraße;2;Kurs 13
Routenpunkt (Way);T;Landskronstraße;49.85342;8.652736;30.0;;;;;;Original OSM;169.7;0.69;asphalt;secondary;Landskronstraße;2;Kurs 13
Routenpunkt (Way);T;Ludwigshöhstraße (Bussteig Südseite);49.85338;8.652906;30.0;;;;;;Original OSM;169.8;0.77;asphalt;secondary;Landskronstraße;2;Kurs 13
Routenpunkt (Way);T;;49.853382;8.653028;30.0;;;;;;Interpoliert (15m);169.9;1.05;asphalt;secondary;Landskronstraße;2;Kurs 13
Routenpunkt (Way);T;Landskronstraße;49.853383;8.65315;30.0;;;;;;Original OSM;170.0;1.17;asphalt;secondary;Landskronstraße;2;Kurs 13
Routenpunkt (Way);T;Landskronstraße;49.853424;8.65334;30.0;;;;;;Interpoliert;170.2;1.28;asphalt;secondary;Landskronstraße;2;Kurs 13
Routenpunkt (Way);T;Landskronstraße;49.853425;8.653542;30.0;;;;;;Original OSM;170.4;1.32;asphalt;secondary;Landskronstraße;2;Kurs 13
Routenpunkt (Way);T;Landskronstraße;49.853429;8.653751;30.0;;;;;;Interpoliert;170.6;1.36;asphalt;secondary;Landskronstraße;2;Kurs 13
Routenpunkt (Way);T;Landskronstraße;49.853432;8.653959;30.0;;;;;;Interpoliert;170.8;1.52;asphalt;secondary;Landskronstraße;2;Kurs 13
Routenpunkt (Way);T;Landskronstraße;49.853436;8.654167;30.0;;;;;;Interpoliert;171.0;1.69;asphalt;secondary;Landskronstraße;2;Kurs 13
Routenpunkt (Way);T;;49.853435;8.654294;30.0;;;;;;Interpoliert (15m);171.2;1.88;asphalt;secondary;Landskronstraße;2;Kurs 13
Routenpunkt (Way);T;Landskronstraße;49.853434;8.65442;30.0;;;;;;Original OSM;171.4;2.08;asphalt;secondary;Landskronstraße;2;Kurs 13
Routenpunkt (Way);T;;49.853427;8.65454;30.0;;;;;;Interpoliert (15m);171.6;2.22;asphalt;secondary;Landskronstraße;2;Kurs 13
Routenpunkt (Way);T;Landskronstraße;49.85342;8.654659;30.0;;;;;;Interpoliert;171.8;1.77;asphalt;secondary;Landskronstraße;2;Kurs 13
Routenpunkt (Way);T;;49.853426;8.654797;30.0;;;;;;Interpoliert (15m);172.0;1.33;asphalt;secondary;Landskronstraße;2;Kurs 13
Routenpunkt (Way);T;Landskronstraße;49.853431;8.654935;30.0;;;;;;Original OSM;172.0;0.87;asphalt;secondary;Landskronstraße;2;Kurs 13
Routenpunkt (Way);T;;49.853442;8.655114;30.0;;;;;;Interpoliert (15m);172.0;0.4;asphalt;secondary;Landskronstraße;2;Kurs 13
Routenpunkt (Way);T;Landskronstraße;49.853454;8.655293;30.0;;;;;;Interpoliert;172.0;0.0;asphalt;secondary;Landskronstraße;2;Kurs 13
Routenpunkt (Way);T;Landskronstraße;49.853456;8.655494;30.0;;;;;;Interpoliert;172.0;0.0;asphalt;secondary;Landskronstraße;2;Kurs 13
Routenpunkt (Way);T;Landskronstraße;49.853459;8.655695;30.0;;;;;;Interpoliert;172.0;0.0;asphalt;secondary;Landskronstraße;2;Kurs 13
Routenpunkt (Way);T;Landskronstraße;49.853462;8.655896;30.0;;;;;;Original OSM;172.0;0.39;asphalt;secondary;Landskronstraße;2;Kurs 13
Routenpunkt (Way);T;Landskronstraße;49.853483;8.656034;30.0;;;;;;Interpoliert;172.0;0.71;asphalt;secondary;Landskronstraße;2;Kurs 13
Routenpunkt (Way);T;Landskronstraße;49.853504;8.656171;30.0;;;;;;Original OSM;172.2;1.02;asphalt;secondary;Landskronstraße;2;Kurs 13
Routenpunkt (Way);T;Landskronstraße;49.853556;8.656331;30.0;;;;;;Interpoliert;172.4;1.41;asphalt;secondary;Landskronstraße;2;Kurs 13
Routenpunkt (Way);T;Landskronstraße;49.853608;8.65649;30.0;;;;;;Original OSM;172.6;1.81;asphalt;secondary;Landskronstraße;2;Kurs 13
Routenpunkt (Way);T;Landskronstraße;49.853654;8.656612;30.0;;;;;;Interpoliert;172.8;1.59;asphalt;secondary;Landskronstraße;2;Kurs 13
Routenpunkt (Way);T;Landskronstraße;49.8537;8.656734;30.0;;;;;;Interpoliert;173.0;1.46;asphalt;secondary;Landskronstraße;2;Kurs 13
Routenpunkt (Way);T;Landskronstraße;49.853703;8.656893;30.0;;;;;;Original OSM;173.1;1.33;asphalt;secondary;Klappacher Straße;2;Kurs 13
Routenpunkt (Way);T;;49.853616;8.656969;30.0;;;;;;Interpoliert (15m);173.2;1.08;asphalt;secondary;Klappacher Straße;2;Kurs 13
Routenpunkt (Way);T;Klappacher Straße;49.853529;8.657045;50.0;;;;;;Interpoliert;173.3;0.84;asphalt;secondary;Klappacher Straße;2;Kurs 13
Routenpunkt (Way);T;Klappacher Straße;49.853425;8.657137;50.0;;;;;;Interpoliert;173.4;0.66;asphalt;secondary;Klappacher Straße;2;Kurs 13
Routenpunkt (Way);T;Klappacher Straße;49.853321;8.657229;50.0;;;;;;Interpoliert;173.5;0.48;asphalt;secondary;Klappacher Straße;2;Kurs 13
Routenpunkt (Way);T;;49.853257;8.657286;50.0;;;;;;Interpoliert (15m);173.5;0.3;asphalt;secondary;Klappacher Straße;2;Kurs 13
Routenpunkt (Way);T;Klappacher Straße;49.853192;8.657343;50.0;;;;;;Original OSM;173.5;0.15;asphalt;secondary;Klappacher Straße;2;Kurs 13
Haltestelle;W;Darmstadt Klappacher Straße;49.853168;8.657365;50.0;;;Kein Umlauf;So;1372.0;Original GTFS (Snap-Distanz 0m) | Auf Route gesnappt (0m);173.5;0.0;asphalt;secondary;Klappacher Straße;2;Kurs 13
Routenpunkt (Way);T;Klappacher Straße;49.853049;8.657434;50.0;;;;;;Original OSM;173.5;0.18;asphalt;secondary;Klappacher Straße;2;Kurs 13
Routenpunkt (Way);T;;49.852965;8.65752;50.0;;;;;;Interpoliert (15m);173.5;0.18;asphalt;secondary;Klappacher Straße;2;Kurs 13
Routenpunkt (Way);T;;49.852881;8.657605;50.0;;;;;;Interpoliert (15m);173.6;0.18;asphalt;secondary;Klappacher Straße;2;Kurs 13
Routenpunkt (Way);T;Klappacher Straße;49.852797;8.657691;50.0;;;;;;Interpoliert;173.6;0.18;asphalt;secondary;Klappacher Straße;2;Kurs 13
Routenpunkt (Way);A;Klappacher Straße (Ampel);49.85271;8.657767;50.0;;;;;;Original OSM;173.6;0.18;asphalt;secondary;Klappacher Straße;2;Kurs 13
Routenpunkt (Way);T;Klappacher Straße;49.852609;8.657853;50.0;;;;;;Interpoliert;173.6;0.0;asphalt;secondary;Klappacher Straße;2;Kurs 13
Routenpunkt (Way);T;Klappacher Straße;49.852509;8.657939;50.0;;;;;;Interpoliert;173.6;0.0;asphalt;secondary;Klappacher Straße;2;Kurs 13
Routenpunkt (Way);T;Klappacher Straße;49.852408;8.658025;50.0;;;;;;Interpoliert;173.6;0.0;asphalt;secondary;Klappacher Straße;2;Kurs 13
Routenpunkt (Way);T;Klappacher Straße;49.852307;8.658111;50.0;;;;;;Interpoliert;173.6;0.0;asphalt;secondary;Klappacher Straße;2;Kurs 13
Routenpunkt (Way);T;Klappacher Straße;49.852206;8.658197;50.0;;;;;;Original OSM;173.6;0.0;asphalt;secondary;Klappacher Straße;2;Kurs 13
Routenpunkt (Way);T;Klappacher Straße;49.85211;8.65829;50.0;;;;;;Interpoliert;173.6;0.0;asphalt;secondary;Klappacher Straße;2;Kurs 13
Routenpunkt (Way);T;;49.85202;8.658394;50.0;;;;;;Interpoliert (15m);173.6;0.18;asphalt;secondary;Klappacher Straße;2;Kurs 13
Routenpunkt (Way);T;Klappacher Straße;49.851929;8.658498;50.0;;;;;;Original OSM;173.6;0.91;asphalt;secondary;Klappacher Straße;2;Kurs 13
Routenpunkt (Way);T;;49.851873;8.658624;50.0;;;;;;Interpoliert (15m);173.7;1.69;asphalt;secondary;Klappacher Straße;2;Kurs 13
Routenpunkt (Way);T;Klappacher Straße;49.851817;8.658749;50.0;;;;;;Interpoliert;174.1;2.47;asphalt;secondary;Klappacher Straße;2;Kurs 13
Routenpunkt (Way);T;Klappacher Straße;49.851772;8.658875;50.0;;;;;;Interpoliert;174.5;2.95;asphalt;secondary;Klappacher Straße;2;Kurs 13
Routenpunkt (Way);T;Klappacher Straße;49.851727;8.659001;50.0;;;;;;Original OSM;174.9;3.26;asphalt;secondary;Klappacher Straße;2;Kurs 13
Routenpunkt (Way);T;Klappacher Straße;49.851692;8.659164;50.0;;;;;;Interpoliert;175.2;3.49;asphalt;secondary;Klappacher Straße;2;Kurs 13
Routenpunkt (Way);T;Klappacher Straße;49.851656;8.659326;50.0;;;;;;Original OSM;175.5;3.68;asphalt;secondary;Klappacher Straße;2;Kurs 13
Routenpunkt (Way);T;Klappacher Straße;49.85163;8.659465;50.0;;;;;;Interpoliert;176.0;3.68;asphalt;secondary;Klappacher Straße;2;Kurs 13
Routenpunkt (Way);T;Klappacher Straße;49.851604;8.659604;50.0;;;;;;Original OSM;176.5;3.97;asphalt;secondary;Klappacher Straße;2;Kurs 13
Routenpunkt (Way);T;Klappacher Straße;49.851575;8.659778;50.0;;;;;;Interpoliert;177.0;4.25;asphalt;secondary;Klappacher Straße;2;Kurs 13
Routenpunkt (Way);T;Klappacher Straße;49.851547;8.659953;50.0;;;;;;Interpoliert;177.5;3.68;asphalt;secondary;Klappacher Straße;2;Kurs 13
Routenpunkt (Way);T;Klappacher Straße;49.851519;8.660128;50.0;;;;;;Interpoliert;178.0;3.1;asphalt;secondary;Klappacher Straße;2;Kurs 13
Routenpunkt (Way);T;;49.851496;8.660267;50.0;;;;;;Interpoliert (15m);178.2;2.77;asphalt;secondary;Klappacher Straße;2;Kurs 13
Routenpunkt (Way);T;Klappacher Straße;49.851474;8.660407;50.0;;;;;;Original OSM;178.4;2.44;asphalt;secondary;Klappacher Straße;2;Kurs 13
Routenpunkt (Way);T;;49.851454;8.660528;50.0;;;;;;Interpoliert (15m);178.6;2.05;asphalt;secondary;Klappacher Straße;2;Kurs 13
Routenpunkt (Way);T;Klappacher Straße;49.851434;8.66065;50.0;;;;;;Interpoliert;178.8;1.67;asphalt;secondary;Klappacher Straße;2;Kurs 13
Routenpunkt (Way);T;Klappacher Straße;49.851411;8.660789;50.0;;;;;;Interpoliert;179.0;2.18;asphalt;secondary;Klappacher Straße;2;Kurs 13
Routenpunkt (Way);T;;49.851386;8.660939;50.0;;;;;;Interpoliert (15m);179.0;2.48;asphalt;secondary;Klappacher Straße;2;Kurs 13
Routenpunkt (Way);T;Klappacher Straße;49.851361;8.66109;50.0;;;;;;Original OSM;179.5;2.78;asphalt;secondary;Klappacher Straße;2;Kurs 13
Routenpunkt (Way);T;;49.851329;8.66127;50.0;;;;;;Interpoliert (15m);180.0;3.08;asphalt;secondary;Klappacher Straße;2;Kurs 13
Routenpunkt (Way);T;Klappacher Straße;49.851298;8.66145;50.0;;;;;;Interpoliert;180.5;3.77;asphalt;secondary;Klappacher Straße;2;Kurs 13
Routenpunkt (Way);T;Klappacher Straße;49.851263;8.661645;50.0;;;;;;Interpoliert;181.0;4.53;asphalt;secondary;Klappacher Straße;2;Kurs 13
Routenpunkt (Way);T;Klappacher Straße;49.851229;8.66184;50.0;;;;;;Interpoliert;181.5;6.04;asphalt;secondary;Klappacher Straße;2;Kurs 13
Routenpunkt (Way);T;Klappacher Straße;49.851194;8.662035;50.0;;;;;;Original OSM;182.7;8.34;asphalt;secondary;Klappacher Straße;2;Kurs 13
Routenpunkt (Way);T;Klappacher Straße;49.851171;8.662179;50.0;;;;;;Interpoliert;183.9;10.69;asphalt;secondary;Klappacher Straße;2;Kurs 13
Routenpunkt (Way);T;;49.851143;8.66228;50.0;;;;;;Interpoliert (15m);185.1;12.06;asphalt;secondary;Klappacher Straße;2;Kurs 13
Routenpunkt (Way);T;Klappacher Straße;49.851115;8.662381;50.0;;;;;;Original OSM;186.3;10.41;asphalt;secondary;Klappacher Straße;2;Kurs 13
Routenpunkt (Way);T;Klappacher Straße;49.851122;8.662543;50.0;;;;;;Original OSM;187.5;9.78;asphalt;secondary;Klappacher Straße;2;Kurs 13
Haltestelle;W;Darmstadt Marienhospital;49.851122;8.662543;50.0;17:34:00;17:34:00;Kein Umlauf;So;1372.0;Original GTFS (Snap-Distanz 5m) | Auf Route gesnappt (5m);188.2;9.08;asphalt;secondary;Klappacher Straße;2;Kurs 13
Routenpunkt (Way);T;;49.851111;8.662662;50.0;;;;;;Interpoliert (15m);188.9;7.59;asphalt;secondary;Klappacher Straße;2;Kurs 13
Routenpunkt (Way);T;Klappacher Straße;49.851101;8.66278;50.0;;;;;;Original OSM;189.9;7.08;asphalt;secondary;Klappacher Straße;2;Kurs 13
Routenpunkt (Way);T;;49.851105;8.662959;50.0;;;;;;Interpoliert (15m);190.9;7.66;asphalt;secondary;Klappacher Straße;2;Kurs 13
Routenpunkt (Way);T;Klappacher Straße;49.851108;8.663138;50.0;;;;;;Interpoliert;191.9;6.58;asphalt;secondary;Klappacher Straße;2;Kurs 13
Routenpunkt (Way);T;Klappacher Straße;49.851107;8.663284;50.0;;;;;;Original OSM;192.2;5.35;asphalt;secondary;Klappacher Straße;2;Kurs 13
Routenpunkt (Way);T;Klappacher Straße;49.851114;8.663435;50.0;;;;;;Interpoliert;192.5;4.71;asphalt;secondary;Klappacher Straße;2;Kurs 13
Routenpunkt (Way);T;Klappacher Straße;49.851121;8.663586;50.0;;;;;;Original OSM;193.1;4.3;asphalt;secondary;Klappacher Straße;2;Kurs 13
Routenpunkt (Way);T;Klappacher Straße;49.85114;8.663765;50.0;;;;;;Interpoliert;193.7;4.88;asphalt;secondary;Klappacher Straße;2;Kurs 13
Routenpunkt (Way);T;;49.851159;8.663908;50.0;;;;;;Interpoliert (15m);194.3;5.43;asphalt;secondary;Klappacher Straße;2;Kurs 13
Routenpunkt (Way);T;Klappacher Straße;49.851179;8.664051;50.0;;;;;;Original OSM;194.9;4.88;asphalt;secondary;Klappacher Straße;2;Kurs 13
Routenpunkt (Way);T;;49.851205;8.664196;50.0;;;;;;Interpoliert (15m);195.5;4.4;asphalt;secondary;Klappacher Straße;2;Kurs 13
Routenpunkt (Way);T;Klappacher Straße;49.851231;8.664341;50.0;;;;;;Interpoliert;195.8;3.69;asphalt;secondary;Klappacher Straße;2;Kurs 13
Routenpunkt (Way);T;Klappacher Straße;49.851265;8.664524;50.0;;;;;;Interpoliert;196.1;2.98;asphalt;secondary;Klappacher Straße;2;Kurs 13
Routenpunkt (Way);T;Klappacher Straße;49.851298;8.664707;50.0;;;;;;Interpoliert;196.4;2.31;asphalt;secondary;Klappacher Straße;2;Kurs 13
Routenpunkt (Way);T;Klappacher Straße;49.851331;8.664891;50.0;;;;;;Interpoliert;196.7;1.9;asphalt;secondary;Klappacher Straße;2;Kurs 13
Routenpunkt (Way);T;Klappacher Straße;49.851364;8.665074;50.0;;;;;;Interpoliert;197.0;1.61;asphalt;secondary;Klappacher Straße;2;Kurs 13
Routenpunkt (Way);T;Klappacher Straße;49.851397;8.665257;50.0;;;;;;Interpoliert;197.1;1.32;asphalt;secondary;Klappacher Straße;2;Kurs 13
Routenpunkt (Way);T;Klappacher Straße;49.85143;8.665441;50.0;;;;;;Interpoliert;197.2;1.03;asphalt;secondary;Klappacher Straße;2;Kurs 13
Routenpunkt (Way);T;Klappacher Straße;49.851463;8.665624;50.0;;;;;;Interpoliert;197.3;-0.73;asphalt;secondary;;2;Kurs 13
Routenpunkt (Way);T;Klappacher Straße;49.851496;8.665807;50.0;;;;;;Interpoliert;197.4;-2.2;asphalt;secondary;;2;Kurs 13
Routenpunkt (Way);T;Klappacher Straße;49.85153;8.665991;50.0;;;;;;Interpoliert;196.5;-3.7;asphalt;secondary;Klappacher Straße;2;Kurs 13
Routenpunkt (Way);T;Klappacher Straße;49.851563;8.666174;50.0;;;;;;Original OSM;195.6;-5.2;asphalt;secondary;Klappacher Straße;2;Kurs 13
Routenpunkt (Way);T;Klappacher Straße;49.851597;8.666351;50.0;;;;;;Interpoliert;194.7;-6.71;asphalt;secondary;Klappacher Straße;2;Kurs 13
Routenpunkt (Way);T;Klappacher Straße;49.851632;8.666528;50.0;;;;;;Interpoliert;193.8;-7.72;asphalt;secondary;Klappacher Straße;2;Kurs 13
Routenpunkt (Way);T;Klappacher Straße;49.851667;8.666705;50.0;;;;;;Interpoliert;192.9;-7.7;asphalt;secondary;Klappacher Straße;2;Kurs 13
Routenpunkt (Way);T;;49.851688;8.666808;50.0;;;;;;Interpoliert (15m);192.0;-7.56;asphalt;secondary;Klappacher Straße;2;Kurs 13
Routenpunkt (Way);T;Klappacher Straße;49.851708;8.666911;50.0;;;;;;Original OSM;191.5;-7.42;asphalt;secondary;Klappacher Straße;2;Kurs 13
Routenpunkt (Way);T;;49.851729;8.667021;50.0;;;;;;Interpoliert (15m);191.0;-6.76;asphalt;secondary;Klappacher Straße;2;Kurs 13
Routenpunkt (Way);T;Klappacher Straße;49.85175;8.667131;50.0;;;;;;Interpoliert;190.5;-3.73;asphalt;secondary;Klappacher Straße;2;Kurs 13
Routenpunkt (Way);T;Klappacher Straße;49.851785;8.667323;50.0;;;;;;Interpoliert;190.0;-1.31;asphalt;secondary;Klappacher Straße;2;Kurs 13
Routenpunkt (Way);T;Klappacher Straße;49.851819;8.667514;50.0;;;;;;Interpoliert;190.5;1.02;asphalt;secondary;Klappacher Straße;2;Kurs 13
Routenpunkt (Way);T;Klappacher Straße;49.851854;8.667706;50.0;;;;;;Interpoliert;191.3;3.36;asphalt;secondary;Klappacher Straße;2;Kurs 13
Routenpunkt (Way);T;Klappacher Straße;49.851889;8.667898;50.0;;;;;;Interpoliert;192.1;5.18;asphalt;secondary;Klappacher Straße;2;Kurs 13
Routenpunkt (Way);T;Klappacher Straße;49.851923;8.66809;50.0;;;;;;Interpoliert;192.9;5.6;asphalt;secondary;Klappacher Straße;2;Kurs 13
Routenpunkt (Way);T;Klappacher Straße;49.851958;8.668282;50.0;;;;;;Interpoliert;193.7;4.94;asphalt;secondary;Klappacher Straße;2;Kurs 13
Routenpunkt (Way);T;Klappacher Straße;49.851992;8.668474;50.0;;;;;;Original OSM;194.5;4.27;asphalt;secondary;Klappacher Straße;2;Kurs 13
Routenpunkt (Way);T;Klappacher Straße;49.852024;8.66865;50.0;;;;;;Interpoliert;194.8;3.61;asphalt;secondary;Klappacher Straße;2;Kurs 13
Routenpunkt (Way);T;Klappacher Straße;49.852056;8.668826;50.0;;;;;;Interpoliert;195.1;2.95;asphalt;secondary;Klappacher Straße;2;Kurs 13
Routenpunkt (Way);T;Klappacher Straße;49.852088;8.669003;50.0;;;;;;Interpoliert;195.4;2.74;asphalt;secondary;Klappacher Straße;2;Kurs 13
Routenpunkt (Way);T;Klappacher Straße;49.85212;8.669179;50.0;;;;;;Interpoliert;195.7;2.74;asphalt;secondary;Klappacher Straße;2;Kurs 13
Routenpunkt (Way);T;Klappacher Straße;49.852152;8.669355;50.0;;;;;;Interpoliert;196.3;2.74;asphalt;secondary;Klappacher Straße;2;Kurs 13
Routenpunkt (Way);T;Klappacher Straße;49.852184;8.669532;50.0;;;;;;Interpoliert;196.6;2.28;asphalt;service;;2;Kurs 13
Routenpunkt (Way);T;Klappacher Straße;49.852216;8.669708;50.0;;;;;;Original OSM;196.9;1.1;asphalt;secondary;Klappacher Straße;2;Kurs 13
Routenpunkt (Way);T;Klappacher Straße;49.852251;8.669904;50.0;;;;;;Interpoliert;196.9;-0.55;asphalt;secondary;Klappacher Straße;2;Kurs 13
Routenpunkt (Way);T;;49.85227;8.670014;50.0;;;;;;Interpoliert (15m);196.6;-0.95;asphalt;secondary;Klappacher Straße;2;Kurs 13
Routenpunkt (Way);A;Klappacher Straße (Ampel);49.85229;8.670125;50.0;;;;;;Original OSM;196.3;-1.33;asphalt;secondary;Klappacher Straße;2;Kurs 13
Routenpunkt (Way);T;;49.852386;8.670059;50.0;;;;;;Interpoliert (15m);196.33;-1.24;asphalt;service;;2;Kurs 13
Routenpunkt (Way);T;;49.852481;8.669992;50.0;;;;;;Interpoliert (15m);196.38;-0.41;asphalt;service;;2;Kurs 13
Routenpunkt (Way);T;Unbekannt;49.852577;8.669926;50.0;;;;;;Original OSM;196.43;0.4;asphalt;service;;2;Kurs 13
Haltestelle;W;Darmstadt Böllenfalltor;49.85259;8.669733;50.0;17:35:00;17:35:00;Kein Umlauf;So;1372.0;Original GTFS (Snap-Distanz 1m) | Auf Route gesnappt (1m);196.5;0.44;asphalt;service;;2;Kurs 13
Routenpunkt (Way);T;Böllenfalltor;49.85259;8.669733;50.0;17:50:00;17:50:00;;;;Interpoliert;194.8;1.14;asphalt;service;;3;Kurs 13
Haltestelle;W;Darmstadt Böllenfalltor;49.85259;8.669733;50.0;17:50:00;17:50:00;Kein Umlauf;Sa,So;1318.0;Original GTFS (Snap-Distanz 21m) | Auf Route gesnappt (1m);195.5;0.86;asphalt;service;;3;Kurs 13
Routenpunkt (Way);T;Böllenfalltor;49.852577;8.669936;50.0;;;;;;Original OSM;196.0;0.68;asphalt;service;;3;Kurs 13
Routenpunkt (Way);T;;49.852481;8.669999;50.0;;;;;;Interpoliert (15m);196.0;0.68;asphalt;service;;3;Kurs 13
Routenpunkt (Way);A;Ampel;49.852385;8.670062;50.0;;;;;;Interpoliert (15m);196.0;1.41;asphalt;service;;3;Kurs 13
Routenpunkt (Way);T;Klappacher Straße;49.85229;8.670125;50.0;;;;;;Original OSM;196.0;1.46;asphalt;secondary;Klappacher Straße;3;Kurs 13
Routenpunkt (Way);T;;49.85227;8.670014;50.0;;;;;;Interpoliert (15m);196.3;1.87;asphalt;secondary;Klappacher Straße;3;Kurs 13
Routenpunkt (Way);T;Klappacher Straße;49.852251;8.669904;50.0;;;;;;Interpoliert;196.6;1.87;asphalt;secondary;Klappacher Straße;3;Kurs 13
Routenpunkt (Way);T;Klappacher Straße;49.852216;8.669708;50.0;;;;;;Original OSM;196.9;1.41;asphalt;secondary;Klappacher Straße;3;Kurs 13
Routenpunkt (Way);T;Klappacher Straße;49.852184;8.669532;50.0;;;;;;Interpoliert;196.9;0.23;asphalt;service;;3;Kurs 13
Routenpunkt (Way);T;Klappacher Straße;49.852152;8.669355;50.0;;;;;;Interpoliert;196.6;-1.42;asphalt;secondary;Klappacher Straße;3;Kurs 13
Routenpunkt (Way);T;Klappacher Straße;49.85212;8.669179;50.0;;;;;;Interpoliert;196.3;-2.28;asphalt;secondary;Klappacher Straße;3;Kurs 13
Routenpunkt (Way);T;Klappacher Straße;49.852088;8.669003;50.0;;;;;;Interpoliert;195.7;-2.74;asphalt;secondary;Klappacher Straße;3;Kurs 13
Routenpunkt (Way);T;Klappacher Straße;49.852056;8.668826;50.0;;;;;;Interpoliert;195.4;-2.74;asphalt;secondary;Klappacher Straße;3;Kurs 13
Routenpunkt (Way);T;Klappacher Straße;49.852024;8.66865;50.0;;;;;;Interpoliert;195.1;-2.7;asphalt;secondary;Klappacher Straße;3;Kurs 13
Routenpunkt (Way);T;Klappacher Straße;49.851992;8.668474;50.0;;;;;;Original OSM;194.8;-2.91;asphalt;secondary;Klappacher Straße;3;Kurs 13
Routenpunkt (Way);T;Klappacher Straße;49.851958;8.668282;50.0;;;;;;Interpoliert;194.5;-3.57;asphalt;secondary;Klappacher Straße;3;Kurs 13
Routenpunkt (Way);T;Klappacher Straße;49.851923;8.66809;50.0;;;;;;Interpoliert;193.7;-4.24;asphalt;secondary;Klappacher Straße;3;Kurs 13
Routenpunkt (Way);T;Klappacher Straße;49.851889;8.667898;50.0;;;;;;Interpoliert;192.9;-4.9;asphalt;secondary;Klappacher Straße;3;Kurs 13
Routenpunkt (Way);T;Klappacher Straße;49.851854;8.667706;50.0;;;;;;Interpoliert;192.1;-5.6;asphalt;secondary;Klappacher Straße;3;Kurs 13
Routenpunkt (Way);T;Klappacher Straße;49.851819;8.667514;50.0;;;;;;Interpoliert;191.3;-5.18;asphalt;secondary;Klappacher Straße;3;Kurs 13
Routenpunkt (Way);T;Klappacher Straße;49.851785;8.667323;50.0;;;;;;Interpoliert;190.5;-2.84;asphalt;secondary;Klappacher Straße;3;Kurs 13
Routenpunkt (Way);T;Klappacher Straße;49.85175;8.667131;50.0;;;;;;Interpoliert;190.0;-0.51;asphalt;secondary;Klappacher Straße;3;Kurs 13
Routenpunkt (Way);T;;49.851729;8.667021;50.0;;;;;;Interpoliert (15m);190.5;1.91;asphalt;secondary;Klappacher Straße;3;Kurs 13
Routenpunkt (Way);T;Klappacher Straße;49.851708;8.666911;50.0;;;;;;Original OSM;191.0;4.33;asphalt;secondary;Klappacher Straße;3;Kurs 13
Routenpunkt (Way);T;;49.851688;8.666808;50.0;;;;;;Interpoliert (15m);191.5;6.38;asphalt;secondary;Klappacher Straße;3;Kurs 13
Routenpunkt (Way);T;Klappacher Straße;49.851667;8.666705;50.0;;;;;;Interpoliert;192.0;6.52;asphalt;secondary;Klappacher Straße;3;Kurs 13
Routenpunkt (Way);T;Klappacher Straße;49.851632;8.666528;50.0;;;;;;Interpoliert;192.9;6.66;asphalt;secondary;Klappacher Straße;3;Kurs 13
Routenpunkt (Way);T;Klappacher Straße;49.851597;8.666351;50.0;;;;;;Interpoliert;193.8;6.68;asphalt;secondary;Klappacher Straße;3;Kurs 13
Routenpunkt (Way);T;Klappacher Straße;49.851563;8.666174;50.0;;;;;;Original OSM;194.7;6.71;asphalt;secondary;Klappacher Straße;3;Kurs 13
Routenpunkt (Way);T;Klappacher Straße;49.85153;8.665991;50.0;;;;;;Interpoliert;195.6;6.67;asphalt;secondary;Klappacher Straße;3;Kurs 13
Routenpunkt (Way);T;Klappacher Straße;49.851496;8.665807;50.0;;;;;;Interpoliert;196.5;5.17;asphalt;secondary;;3;Kurs 13
Routenpunkt (Way);T;Klappacher Straße;49.851463;8.665624;50.0;;;;;;Interpoliert;197.4;3.66;asphalt;secondary;;3;Kurs 13
Routenpunkt (Way);T;Klappacher Straße;49.85143;8.665441;50.0;;;;;;Interpoliert;197.3;2.2;asphalt;secondary;Klappacher Straße;3;Kurs 13
Routenpunkt (Way);T;Klappacher Straße;49.851397;8.665257;50.0;;;;;;Interpoliert;197.2;0.73;asphalt;secondary;Klappacher Straße;3;Kurs 13
Routenpunkt (Way);T;Klappacher Straße;49.851364;8.665074;50.0;;;;;;Interpoliert;197.1;-1.03;asphalt;secondary;Klappacher Straße;3;Kurs 13
Routenpunkt (Way);T;Klappacher Straße;49.851331;8.664891;50.0;;;;;;Interpoliert;197.0;-1.32;asphalt;secondary;Klappacher Straße;3;Kurs 13
Routenpunkt (Way);T;Klappacher Straße;49.851298;8.664707;50.0;;;;;;Interpoliert;196.7;-1.61;asphalt;secondary;Klappacher Straße;3;Kurs 13
Routenpunkt (Way);T;Klappacher Straße;49.851265;8.664524;50.0;;;;;;Interpoliert;196.4;-2.02;asphalt;secondary;Klappacher Straße;3;Kurs 13
Routenpunkt (Way);T;Klappacher Straße;49.851231;8.664341;50.0;;;;;;Interpoliert;196.1;-2.43;asphalt;secondary;Klappacher Straße;3;Kurs 13
Routenpunkt (Way);T;;49.851205;8.664196;50.0;;;;;;Interpoliert (15m);195.8;-3.14;asphalt;secondary;Klappacher Straße;3;Kurs 13
Routenpunkt (Way);T;Klappacher Straße;49.851179;8.664051;50.0;;;;;;Original OSM;195.5;-3.84;asphalt;secondary;Klappacher Straße;3;Kurs 13
Routenpunkt (Way);T;;49.851159;8.663908;50.0;;;;;;Interpoliert (15m);194.9;-4.32;asphalt;secondary;Klappacher Straße;3;Kurs 13
Routenpunkt (Way);T;Klappacher Straße;49.85114;8.663765;50.0;;;;;;Interpoliert;194.3;-4.88;asphalt;secondary;Klappacher Straße;3;Kurs 13
Routenpunkt (Way);T;Klappacher Straße;49.851121;8.663586;50.0;;;;;;Original OSM;193.7;-5.43;asphalt;secondary;Klappacher Straße;3;Kurs 13
Routenpunkt (Way);T;Klappacher Straße;49.851114;8.663435;50.0;;;;;;Interpoliert;193.1;-4.86;asphalt;secondary;Klappacher Straße;3;Kurs 13
Routenpunkt (Way);T;Klappacher Straße;49.851107;8.663284;50.0;;;;;;Original OSM;192.5;-5.16;asphalt;secondary;Klappacher Straße;3;Kurs 13
Routenpunkt (Way);T;Klappacher Straße;49.851108;8.663138;50.0;;;;;;Interpoliert;192.2;-5.69;asphalt;secondary;Klappacher Straße;3;Kurs 13
Routenpunkt (Way);T;;49.851106;8.662946;50.0;;;;;;Interpoliert (15m);191.2;-7.21;asphalt;secondary;Klappacher Straße;3;Kurs 13
Routenpunkt (Way);T;Klappacher Straße;49.851103;8.662754;50.0;;;;;;Original OSM;190.2;-8.73;asphalt;secondary;Klappacher Straße;3;Kurs 13
Routenpunkt (Way);T;;49.851112;8.662648;50.0;;;;;;Interpoliert (15m);189.2;-9.36;asphalt;secondary;Klappacher Straße;3;Kurs 13
Haltestelle;W;Darmstadt Marienhospital;49.851122;8.662543;50.0;17:51:00;17:51:00;Kein Umlauf;Sa,So;1318.0;Original GTFS (Snap-Distanz 5m) | Auf Route gesnappt (5m);188.2;-10.95;asphalt;secondary;Klappacher Straße;3;Kurs 13
Routenpunkt (Way);T;Marienhospital;49.851115;8.662381;50.0;;;;;;Original OSM;187.5;-12.55;asphalt;secondary;Klappacher Straße;3;Kurs 13
Routenpunkt (Way);T;;49.851143;8.66228;50.0;;;;;;Interpoliert (15m);186.3;-12.18;asphalt;secondary;Klappacher Straße;3;Kurs 13
Routenpunkt (Way);T;Klappacher Straße;49.851171;8.662179;50.0;;;;;;Interpoliert;185.1;-11.2;asphalt;secondary;Klappacher Straße;3;Kurs 13
Routenpunkt (Way);T;Klappacher Straße;49.851194;8.662035;50.0;;;;;;Original OSM;183.9;-11.66;asphalt;secondary;Klappacher Straße;3;Kurs 13
Routenpunkt (Way);T;Klappacher Straße;49.851229;8.66184;50.0;;;;;;Interpoliert;182.7;-9.3;asphalt;secondary;Klappacher Straße;3;Kurs 13
Routenpunkt (Way);T;Klappacher Straße;49.851263;8.661645;50.0;;;;;;Interpoliert;181.5;-7.01;asphalt;secondary;Klappacher Straße;3;Kurs 13
Routenpunkt (Way);T;Klappacher Straße;49.851298;8.66145;50.0;;;;;;Interpoliert;181.0;-5.49;asphalt;secondary;Klappacher Straße;3;Kurs 13
Routenpunkt (Way);T;;49.851329;8.66127;50.0;;;;;;Interpoliert (15m);180.5;-4.74;asphalt;secondary;Klappacher Straße;3;Kurs 13
Routenpunkt (Way);T;Klappacher Straße;49.851361;8.66109;50.0;;;;;;Original OSM;180.0;-3.98;asphalt;secondary;Klappacher Straße;3;Kurs 13
Routenpunkt (Way);T;;49.851386;8.660939;50.0;;;;;;Interpoliert (15m);179.5;-3.29;asphalt;secondary;Klappacher Straße;3;Kurs 13
Routenpunkt (Way);T;Klappacher Straße;49.851411;8.660789;50.0;;;;;;Interpoliert;179.0;-2.99;asphalt;secondary;Klappacher Straße;3;Kurs 13
Routenpunkt (Way);T;Klappacher Straße;49.851434;8.66065;50.0;;;;;;Interpoliert;179.0;-2.69;asphalt;secondary;Klappacher Straße;3;Kurs 13
Routenpunkt (Way);T;;49.851454;8.660528;50.0;;;;;;Interpoliert (15m);178.8;-2.17;asphalt;secondary;Klappacher Straße;3;Kurs 13
Routenpunkt (Way);T;Klappacher Straße;49.851474;8.660407;50.0;;;;;;Original OSM;178.6;-1.66;asphalt;secondary;Klappacher Straße;3;Kurs 13
Routenpunkt (Way);T;;49.851496;8.660267;50.0;;;;;;Interpoliert (15m);178.4;-1.97;asphalt;secondary;Klappacher Straße;3;Kurs 13
Routenpunkt (Way);T;Klappacher Straße;49.851519;8.660128;50.0;;;;;;Interpoliert;178.2;-2.31;asphalt;secondary;Klappacher Straße;3;Kurs 13
Routenpunkt (Way);T;Klappacher Straße;49.851547;8.659953;50.0;;;;;;Interpoliert;178.0;-2.64;asphalt;secondary;Klappacher Straße;3;Kurs 13
Routenpunkt (Way);T;Klappacher Straße;49.851575;8.659778;50.0;;;;;;Interpoliert;177.5;-3.21;asphalt;secondary;Klappacher Straße;3;Kurs 13
Routenpunkt (Way);T;Klappacher Straße;49.851604;8.659604;50.0;;;;;;Original OSM;177.0;-3.79;asphalt;secondary;Klappacher Straße;3;Kurs 13
Routenpunkt (Way);T;Klappacher Straße;49.85163;8.659465;50.0;;;;;;Interpoliert;176.5;-4.29;asphalt;secondary;Klappacher Straße;3;Kurs 13
Routenpunkt (Way);T;Klappacher Straße;49.851656;8.659326;50.0;;;;;;Original OSM;176.0;-4.0;asphalt;secondary;Klappacher Straße;3;Kurs 13
Routenpunkt (Way);T;Klappacher Straße;49.851692;8.659164;50.0;;;;;;Interpoliert;175.5;-3.81;asphalt;secondary;Klappacher Straße;3;Kurs 13
Routenpunkt (Way);T;Klappacher Straße;49.851727;8.659001;50.0;;;;;;Original OSM;175.2;-3.62;asphalt;secondary;Klappacher Straße;3;Kurs 13
Routenpunkt (Way);T;Klappacher Straße;49.851772;8.658875;50.0;;;;;;Interpoliert;174.9;-3.39;asphalt;secondary;Klappacher Straße;3;Kurs 13
Routenpunkt (Way);T;Klappacher Straße;49.851817;8.658749;50.0;;;;;;Interpoliert;174.5;-3.31;asphalt;secondary;Klappacher Straße;3;Kurs 13
Routenpunkt (Way);T;;49.851873;8.658624;50.0;;;;;;Interpoliert (15m);174.1;-2.98;asphalt;secondary;Klappacher Straße;3;Kurs 13
Routenpunkt (Way);T;Klappacher Straße;49.851929;8.658498;50.0;;;;;;Original OSM;173.7;-2.4;asphalt;secondary;Klappacher Straße;3;Kurs 13
Routenpunkt (Way);T;;49.85202;8.658394;50.0;;;;;;Interpoliert (15m);173.6;-1.62;asphalt;secondary;Klappacher Straße;3;Kurs 13
Routenpunkt (Way);T;Klappacher Straße;49.85211;8.65829;50.0;;;;;;Interpoliert;173.6;-0.89;asphalt;secondary;Klappacher Straße;3;Kurs 13
Routenpunkt (Way);T;Klappacher Straße;49.852206;8.658197;50.0;;;;;;Original OSM;173.6;-0.16;asphalt;secondary;Klappacher Straße;3;Kurs 13
Routenpunkt (Way);T;Klappacher Straße;49.852307;8.658111;50.0;;;;;;Interpoliert;173.6;0.0;asphalt;secondary;Klappacher Straße;3;Kurs 13
Routenpunkt (Way);T;Klappacher Straße;49.852408;8.658025;50.0;;;;;;Interpoliert;173.6;0.0;asphalt;secondary;Klappacher Straße;3;Kurs 13
Routenpunkt (Way);T;Klappacher Straße;49.852509;8.657939;50.0;;;;;;Interpoliert;173.6;0.0;asphalt;secondary;Klappacher Straße;3;Kurs 13
Routenpunkt (Way);T;Klappacher Straße;49.852609;8.657853;50.0;;;;;;Interpoliert;173.6;0.0;asphalt;secondary;Klappacher Straße;3;Kurs 13
Routenpunkt (Way);A;Klappacher Straße (Ampel);49.85271;8.657767;50.0;;;;;;Original OSM;173.6;0.0;asphalt;secondary;Klappacher Straße;3;Kurs 13
Routenpunkt (Way);T;Klappacher Straße;49.852797;8.657691;50.0;;;;;;Interpoliert;173.6;0.0;asphalt;secondary;Klappacher Straße;3;Kurs 13
Routenpunkt (Way);T;;49.852885;8.657603;50.0;;;;;;Interpoliert (15m);173.6;0.0;asphalt;secondary;Klappacher Straße;3;Kurs 13
Routenpunkt (Way);T;;49.852973;8.657515;50.0;;;;;;Interpoliert (15m);173.6;0.0;asphalt;secondary;Klappacher Straße;3;Kurs 13
Routenpunkt (Way);T;Klappacher Straße;49.85306;8.657427;50.0;;;;;;Original OSM;173.6;0.0;asphalt;secondary;Klappacher Straße;3;Kurs 13
Haltestelle;W;Darmstadt Klappacher Straße;49.853168;8.657365;50.0;;;Kein Umlauf;Sa,So;1318.0;Original GTFS (Snap-Distanz 0m) | Auf Route gesnappt (0m);173.6;0.0;asphalt;secondary;Klappacher Straße;3;Kurs 13
Routenpunkt (Way);T;Klappacher Straße;49.853217;8.657321;50.0;;;;;;Original OSM;173.6;0.0;asphalt;secondary;Klappacher Straße;3;Kurs 13
Routenpunkt (Way);T;Klappacher Straße;49.853321;8.657229;50.0;;;;;;Interpoliert;173.6;-0.3;asphalt;secondary;Klappacher Straße;3;Kurs 13
Routenpunkt (Way);T;Klappacher Straße;49.853425;8.657137;50.0;;;;;;Interpoliert;173.6;-0.48;asphalt;secondary;Klappacher Straße;3;Kurs 13
Routenpunkt (Way);T;Klappacher Straße;49.853529;8.657045;50.0;;;;;;Interpoliert;173.4;-0.66;asphalt;secondary;Klappacher Straße;3;Kurs 13
Routenpunkt (Way);T;;49.853616;8.656969;50.0;;;;;;Interpoliert (15m);173.3;-0.84;asphalt;secondary;Klappacher Straße;3;Kurs 13
Routenpunkt (Way);T;Klappacher Straße;49.853703;8.656893;50.0;;;;;;Original OSM;173.2;-1.03;asphalt;secondary;Klappacher Straße;3;Kurs 13
Routenpunkt (Way);T;Landskronstraße;49.8537;8.656734;30.0;;;;;;Interpoliert;173.1;-1.13;asphalt;secondary;Landskronstraße;3;Kurs 13
Routenpunkt (Way);T;Landskronstraße;49.853654;8.656612;30.0;;;;;;Interpoliert;173.0;-1.26;asphalt;secondary;Landskronstraße;3;Kurs 13
Routenpunkt (Way);T;Landskronstraße;49.853608;8.65649;30.0;;;;;;Original OSM;172.8;-1.39;asphalt;secondary;Landskronstraße;3;Kurs 13
Routenpunkt (Way);T;Landskronstraße;49.853556;8.656331;30.0;;;;;;Interpoliert;172.6;-1.61;asphalt;secondary;Landskronstraße;3;Kurs 13
Routenpunkt (Way);T;Landskronstraße;49.853504;8.656171;30.0;;;;;;Original OSM;172.4;-1.81;asphalt;secondary;Landskronstraße;3;Kurs 13
Routenpunkt (Way);T;Landskronstraße;49.853483;8.656034;30.0;;;;;;Interpoliert;172.2;-1.41;asphalt;secondary;Landskronstraße;3;Kurs 13
Routenpunkt (Way);T;Landskronstraße;49.853462;8.655896;30.0;;;;;;Original OSM;172.0;-1.1;asphalt;secondary;Landskronstraße;3;Kurs 13
Routenpunkt (Way);T;Landskronstraße;49.853459;8.655695;30.0;;;;;;Interpoliert;172.0;-0.79;asphalt;secondary;Landskronstraße;3;Kurs 13
Routenpunkt (Way);T;Landskronstraße;49.853456;8.655494;30.0;;;;;;Interpoliert;172.0;-0.39;asphalt;secondary;Landskronstraße;3;Kurs 13
Routenpunkt (Way);T;Landskronstraße;49.853454;8.655293;30.0;;;;;;Interpoliert;172.0;0.0;asphalt;secondary;Landskronstraße;3;Kurs 13
Routenpunkt (Way);T;;49.853442;8.655114;30.0;;;;;;Interpoliert (15m);172.0;0.0;asphalt;secondary;Landskronstraße;3;Kurs 13
Routenpunkt (Way);T;Landskronstraße;49.853431;8.654935;30.0;;;;;;Original OSM;172.0;0.0;asphalt;secondary;Landskronstraße;3;Kurs 13
Routenpunkt (Way);T;;49.853426;8.654797;30.0;;;;;;Interpoliert (15m);172.0;-0.46;asphalt;secondary;Landskronstraße;3;Kurs 13
Routenpunkt (Way);T;Landskronstraße;49.85342;8.654659;30.0;;;;;;Interpoliert;172.0;-0.93;asphalt;secondary;Landskronstraße;3;Kurs 13
Routenpunkt (Way);T;;49.853427;8.65454;30.0;;;;;;Interpoliert (15m);171.8;-1.37;asphalt;secondary;Landskronstraße;3;Kurs 13
Routenpunkt (Way);T;Landskronstraße;49.853434;8.65442;30.0;;;;;;Original OSM;171.6;-1.81;asphalt;secondary;Landskronstraße;3;Kurs 13
Routenpunkt (Way);T;;49.853435;8.654294;30.0;;;;;;Interpoliert (15m);171.4;-2.08;asphalt;secondary;Landskronstraße;3;Kurs 13
Routenpunkt (Way);T;Landskronstraße;49.853436;8.654167;30.0;;;;;;Interpoliert;171.2;-1.88;asphalt;secondary;Landskronstraße;3;Kurs 13
Routenpunkt (Way);T;Landskronstraße;49.853432;8.653959;30.0;;;;;;Interpoliert;171.0;-1.69;asphalt;secondary;Landskronstraße;3;Kurs 13
Routenpunkt (Way);T;Landskronstraße;49.853429;8.653751;30.0;;;;;;Interpoliert;170.8;-1.52;asphalt;secondary;Landskronstraße;3;Kurs 13
Routenpunkt (Way);T;Landskronstraße;49.853425;8.653542;30.0;;;;;;Original OSM;170.6;-1.36;asphalt;secondary;Landskronstraße;3;Kurs 13
Routenpunkt (Way);T;Landskronstraße;49.853424;8.65334;30.0;;;;;;Interpoliert;170.4;-1.55;asphalt;secondary;Landskronstraße;3;Kurs 13
Routenpunkt (Way);T;Ludwigshöhstraße (Bussteig Südseite);49.853383;8.65315;30.0;;;;;;Original OSM;170.2;-1.51;asphalt;secondary;Landskronstraße;3;Kurs 13
Routenpunkt (Way);T;;49.853382;8.653028;30.0;;;;;;Interpoliert (15m);170.0;-1.39;asphalt;secondary;Landskronstraße;3;Kurs 13
Routenpunkt (Way);T;Ludwigshöhstraße (Bussteig Südseite);49.85338;8.652906;30.0;;;;;;Interpoliert;169.9;-1.27;asphalt;secondary;Landskronstraße;3;Kurs 13
Routenpunkt (Way);T;Landskronstraße;49.85342;8.652736;30.0;;;;;;Original OSM;169.8;-1.0;asphalt;secondary;Landskronstraße;3;Kurs 13
Routenpunkt (Way);T;Landskronstraße;49.853419;8.652557;30.0;;;;;;Interpoliert;169.7;-0.69;asphalt;secondary;Landskronstraße;3;Kurs 13
Haltestelle;W;Darmstadt Ludwigshöhstraße;49.853419;8.652557;30.0;17:53:00;17:53:00;Kein Umlauf;Sa,So;1318.0;Original GTFS (Snap-Distanz 5m) | Auf Route gesnappt (5m);169.6;-0.72;asphalt;secondary;Landskronstraße;3;Kurs 13
Routenpunkt (Way);T;Landskronstraße;49.853417;8.652378;30.0;;;;;;Interpoliert;169.5;-0.82;asphalt;secondary;Landskronstraße;3;Kurs 13
Routenpunkt (Way);T;;49.853417;8.652269;30.0;;;;;;Interpoliert (15m);169.4;-1.39;asphalt;secondary;Landskronstraße;3;Kurs 13
Routenpunkt (Way);A;Landskronstraße (Ampel);49.853416;8.65216;30.0;;;;;;Original OSM;169.3;-2.12;asphalt;secondary;Landskronstraße;3;Kurs 13
Routenpunkt (Way);T;;49.853411;8.652045;30.0;;;;;;Interpoliert (15m);169.0;-2.69;asphalt;secondary;Landskronstraße;3;Kurs 13
Routenpunkt (Way);T;Landskronstraße;49.853406;8.65193;30.0;;;;;;Original OSM;168.7;-2.92;asphalt;secondary;Landskronstraße;3;Kurs 13
Routenpunkt (Way);T;;49.853403;8.651815;30.0;;;;;;Interpoliert (15m);168.4;-3.11;asphalt;secondary;Landskronstraße;3;Kurs 13
Routenpunkt (Way);T;Landskronstraße;49.8534;8.6517;30.0;;;;;;Original OSM;168.2;-3.27;asphalt;secondary;Landskronstraße;3;Kurs 13
Routenpunkt (Way);T;;49.853399;8.651574;30.0;;;;;;Interpoliert (15m);168.0;-3.09;asphalt;secondary;Landskronstraße;3;Kurs 13
Routenpunkt (Way);T;Landskronstraße;49.853398;8.651449;30.0;;;;;;Interpoliert;167.6;-2.91;asphalt;secondary;Landskronstraße;3;Kurs 13
Routenpunkt (Way);T;Landskronstraße;49.853396;8.651244;30.0;;;;;;Interpoliert;167.2;-2.97;asphalt;secondary;Landskronstraße;3;Kurs 13
Routenpunkt (Way);T;Landskronstraße;49.853394;8.65104;30.0;;;;;;Interpoliert;166.8;-3.96;asphalt;secondary;Landskronstraße;3;Kurs 13
Routenpunkt (Way);T;Landskronstraße;49.853392;8.650836;30.0;;;;;;Original OSM;166.4;-4.1;asphalt;secondary;Landskronstraße;3;Kurs 13
Routenpunkt (Way);T;Landskronstraße;49.85339;8.65066;30.0;;;;;;Original OSM;165.5;-4.6;asphalt;secondary;Landskronstraße;3;Kurs 13
Routenpunkt (Way);T;Landskronstraße;49.853388;8.650472;30.0;;;;;;Interpoliert;164.8;-5.09;asphalt;secondary;Landskronstraße;3;Kurs 13
Routenpunkt (Way);T;Landskronstraße;49.853385;8.650284;30.0;;;;;;Interpoliert;164.1;-5.73;asphalt;secondary;Landskronstraße;3;Kurs 13
Routenpunkt (Way);T;Landskronstraße;49.853383;8.650096;30.0;;;;;;Interpoliert;163.4;-5.49;asphalt;secondary;Landskronstraße;3;Kurs 13
Routenpunkt (Way);T;Landskronstraße;49.853381;8.649908;30.0;;;;;;Interpoliert;162.6;-5.33;asphalt;secondary;Landskronstraße;3;Kurs 13
Routenpunkt (Way);T;Landskronstraße;49.853378;8.64972;30.0;;;;;;Original OSM;161.8;-5.17;asphalt;secondary;Landskronstraße;3;Kurs 13
Routenpunkt (Way);T;Landskronstraße;49.853376;8.649529;30.0;;;;;;Interpoliert;161.2;-5.09;asphalt;secondary;Landskronstraße;3;Kurs 13
Routenpunkt (Way);T;Landskronstraße;49.853374;8.649339;30.0;;;;;;Original OSM;160.6;-5.5;asphalt;secondary;Landskronstraße;3;Kurs 13
Routenpunkt (Way);T;Landskronstraße;49.853365;8.649165;30.0;;;;;;Interpoliert;160.0;-5.23;asphalt;secondary;Landskronstraße;3;Kurs 13
Routenpunkt (Way);T;Landskronstraße;49.853357;8.648991;30.0;;;;;;Interpoliert;159.0;-5.26;asphalt;secondary;Landskronstraße;3;Kurs 13
Routenpunkt (Way);T;;49.853352;8.648838;30.0;;;;;;Interpoliert (15m);158.5;-5.65;asphalt;secondary;Landskronstraße;3;Kurs 13
Routenpunkt (Way);T;;49.853347;8.648685;30.0;;;;;;Interpoliert (15m);158.0;-5.67;asphalt;secondary;Landskronstraße;3;Kurs 13
Routenpunkt (Way);T;Landskronstraße;49.853342;8.648532;30.0;;;;;;Original OSM;157.3;-5.04;asphalt;secondary;Landskronstraße;3;Kurs 13
Routenpunkt (Way);T;;49.853339;8.648331;30.0;;;;;;Interpoliert (15m);156.6;-5.08;asphalt;secondary;Landskronstraße;3;Kurs 13
Routenpunkt (Way);T;Landskronstraße;49.853336;8.648131;30.0;;;;;;Interpoliert;155.9;-5.13;asphalt;secondary;Landskronstraße;3;Kurs 13
Routenpunkt (Way);T;Landskronstraße;49.853334;8.647926;30.0;;;;;;Interpoliert;155.2;-4.81;asphalt;secondary;Landskronstraße;3;Kurs 13
Routenpunkt (Way);T;Landskronstraße;49.853331;8.647721;30.0;;;;;;Interpoliert;154.5;-5.19;asphalt;secondary;Landskronstraße;3;Kurs 13
Routenpunkt (Way);T;Landskronstraße;49.853329;8.647516;30.0;;;;;;Interpoliert;153.8;-4.89;asphalt;secondary;Landskronstraße;3;Kurs 13
Routenpunkt (Way);T;;49.853325;8.647352;30.0;;;;;;Interpoliert (15m);153.0;-4.62;asphalt;secondary;Landskronstraße;3;Kurs 13
Routenpunkt (Way);T;;49.853321;8.647187;30.0;;;;;;Interpoliert (15m);152.6;-4.24;asphalt;secondary;Landskronstraße;3;Kurs 13
Routenpunkt (Way);A;Landskronstraße (Bussteig Ost) (Ampel);49.853316;8.647023;30.0;;;;;;Original OSM;152.2;-3.58;asphalt;secondary;Landskronstraße;3;Kurs 13
Routenpunkt (Way);T;;49.853321;8.64683;30.0;;;;;;Interpoliert (15m);151.8;-2.72;asphalt;secondary;Landskronstraße;3;Kurs 13
Haltestelle;W;Darmstadt Landskronstraße;49.853325;8.646637;50.0;17:55:00;17:55:00;Kein Umlauf;Sa,So;1318.0;Original GTFS (Snap-Distanz 13m) | Auf Route gesnappt (13m);151.6;-2.54;asphalt;secondary;Rüdesheimer Straße;3;Kurs 13
Routenpunkt (Way);T;;49.853325;8.646525;50.0;;;;;;Interpoliert (15m);151.4;-2.25;asphalt;secondary;Rüdesheimer Straße;3;Kurs 13
Routenpunkt (Way);T;Rüdesheimer Straße;49.853325;8.646413;50.0;;;;;;Original OSM;151.2;-2.06;asphalt;secondary;Rüdesheimer Straße;3;Kurs 13
Routenpunkt (Way);T;;49.853328;8.64627;50.0;;;;;;Interpoliert (15m);151.0;-2.11;asphalt;secondary;Rüdesheimer Straße;3;Kurs 13
Routenpunkt (Way);T;Rüdesheimer Straße;49.85333;8.646126;50.0;;;;;;Interpoliert;150.8;-1.78;asphalt;secondary;Rüdesheimer Straße;3;Kurs 13
Routenpunkt (Way);T;Rüdesheimer Straße;49.853335;8.645961;50.0;;;;;;Interpoliert;150.6;-1.78;asphalt;secondary;Rüdesheimer Straße;3;Kurs 13
Routenpunkt (Way);T;Rüdesheimer Straße;49.85334;8.645796;50.0;;;;;;Original OSM;150.5;-1.88;asphalt;secondary;Rüdesheimer Straße;3;Kurs 13
Routenpunkt (Way);T;Rüdesheimer Straße;49.853347;8.645628;50.0;;;;;;Interpoliert;150.2;-1.99;asphalt;secondary;Rüdesheimer Straße;3;Kurs 13
Routenpunkt (Way);T;Rüdesheimer Straße;49.853354;8.645459;50.0;;;;;;Interpoliert;149.9;-2.15;asphalt;secondary;Rüdesheimer Straße;3;Kurs 13
Routenpunkt (Way);T;Rüdesheimer Straße;49.853361;8.64529;50.0;;;;;;Interpoliert;149.6;-2.44;asphalt;secondary;Rüdesheimer Straße;3;Kurs 13
Routenpunkt (Way);T;Rüdesheimer Straße;49.853368;8.645121;50.0;;;;;;Original OSM;149.3;-3.01;asphalt;secondary;Rüdesheimer Straße;3;Kurs 13
Routenpunkt (Way);T;Rüdesheimer Straße;49.85338;8.644939;50.0;;;;;;Interpoliert;149.0;-3.7;asphalt;secondary;Rüdesheimer Straße;3;Kurs 13
Routenpunkt (Way);T;Rüdesheimer Straße;49.853391;8.644758;50.0;;;;;;Original OSM;148.3;-4.4;asphalt;secondary;Rüdesheimer Straße;3;Kurs 13
Routenpunkt (Way);T;;49.853405;8.644594;50.0;;;;;;Interpoliert (15m);147.6;-5.23;asphalt;secondary;Rüdesheimer Straße;3;Kurs 13
Routenpunkt (Way);T;Rüdesheimer Straße;49.853419;8.644431;50.0;;;;;;Original OSM;146.9;-6.1;asphalt;secondary;Rüdesheimer Straße;3;Kurs 13
Routenpunkt (Way);T;;49.853434;8.644286;50.0;;;;;;Interpoliert (15m);146.2;-5.84;asphalt;secondary;Rüdesheimer Straße;3;Kurs 13
Routenpunkt (Way);T;Rüdesheimer Straße;49.853448;8.644141;50.0;;;;;;Interpoliert;145.5;-5.26;asphalt;secondary;Rüdesheimer Straße;3;Kurs 13
Routenpunkt (Way);T;Rüdesheimer Straße;49.853466;8.643972;50.0;;;;;;Original OSM;145.0;-4.87;asphalt;secondary;Rüdesheimer Straße;3;Kurs 13
Routenpunkt (Way);T;Rüdesheimer Straße;49.853488;8.643788;50.0;;;;;;Interpoliert;144.6;-4.34;asphalt;secondary;Rüdesheimer Straße;3;Kurs 13
Routenpunkt (Way);T;;49.853505;8.643651;50.0;;;;;;Interpoliert (15m);144.2;-4.05;asphalt;secondary;Rüdesheimer Straße;3;Kurs 13
Routenpunkt (Way);A;Rüdesheimer Straße (Ampel);49.853522;8.643514;50.0;;;;;;Original OSM;143.8;-2.98;asphalt;secondary;Rüdesheimer Straße;3;Kurs 13
Routenpunkt (Way);T;;49.853536;8.643409;50.0;;;;;;Interpoliert (15m);143.4;-2.19;asphalt;secondary;Rüdesheimer Straße;3;Kurs 13
Routenpunkt (Way);T;Rüdesheimer Straße;49.85355;8.643304;50.0;;;;;;Interpoliert;143.5;-1.21;asphalt;secondary;Rüdesheimer Straße;3;Kurs 13
Routenpunkt (Way);T;;49.853571;8.643157;50.0;;;;;;Interpoliert (15m);143.6;-0.25;asphalt;secondary;Rüdesheimer Straße;3;Kurs 13
Routenpunkt (Way);T;Rüdesheimer Straße;49.853593;8.643009;50.0;;;;;;Original OSM;143.7;0.95;asphalt;secondary;Rüdesheimer Straße;3;Kurs 13
Routenpunkt (Way);T;;49.853621;8.642843;50.0;;;;;;Interpoliert (15m);143.8;0.86;asphalt;secondary;Rüdesheimer Straße;3;Kurs 13
Routenpunkt (Way);T;Rüdesheimer Straße;49.85365;8.642678;50.0;;;;;;Interpoliert;143.9;0.68;asphalt;secondary;Rüdesheimer Straße;3;Kurs 13
Routenpunkt (Way);T;Rüdesheimer Straße;49.85368;8.642517;50.0;;;;;;Interpoliert;144.0;0.19;asphalt;secondary;Rüdesheimer Straße;3;Kurs 13
Routenpunkt (Way);T;Rüdesheimer Straße;49.85371;8.642357;50.0;;;;;;Interpoliert;144.0;-0.27;asphalt;secondary;Rüdesheimer Straße;3;Kurs 13
Routenpunkt (Way);T;;49.853747;8.642179;50.0;;;;;;Interpoliert (15m);143.8;-0.81;asphalt;secondary;Rüdesheimer Straße;3;Kurs 13
Routenpunkt (Way);T;Rüdesheimer Straße;49.853784;8.642001;50.0;;;;;;Original OSM;143.6;-1.36;asphalt;secondary;Rüdesheimer Straße;3;Kurs 13
Routenpunkt (Way);T;;49.853816;8.641864;50.0;;;;;;Interpoliert (15m);143.4;-1.75;asphalt;secondary;Rüdesheimer Straße;3;Kurs 13
Routenpunkt (Way);T;;49.853847;8.641727;50.0;;;;;;Interpoliert (15m);143.2;-2.02;asphalt;secondary;Rüdesheimer Straße;3;Kurs 13
Routenpunkt (Way);T;Rüdesheimer Straße;49.853878;8.64159;50.0;;;;;;Interpoliert;143.0;-2.32;asphalt;secondary;Rüdesheimer Straße;3;Kurs 13
Routenpunkt (Way);T;Rüdesheimer Straße;49.853922;8.641407;50.0;;;;;;Original OSM;142.6;-2.5;asphalt;secondary;Rüdesheimer Straße;3;Kurs 13
Routenpunkt (Way);T;Rüdesheimer Straße;49.853967;8.641235;50.0;;;;;;Interpoliert;142.2;-3.09;asphalt;secondary;Rüdesheimer Straße;3;Kurs 13
Routenpunkt (Way);T;Rüdesheimer Straße;49.853998;8.64104;50.0;;;;;;Original OSM;141.8;-4.56;asphalt;secondary;Rüdesheimer Straße;3;Kurs 13
Haltestelle;W;Darmstadt Schiebelhuthweg;49.854019;8.640901;50.0;;;Kein Umlauf;Sa,So;1318.0;Original GTFS (Snap-Distanz 4m) | Auf Route gesnappt (7m);141.3;-4.41;asphalt;secondary;Rüdesheimer Straße;3;Kurs 13
Routenpunkt (Way);T;Schiebelhuthweg (Bussteig Nord);49.85404;8.640833;50.0;;;;;;Interpoliert;140.8;-4.68;asphalt;secondary;Rüdesheimer Straße;3;Kurs 13
Routenpunkt (Way);T;Rüdesheimer Straße;49.854115;8.640675;50.0;;;;;;Interpoliert;140.5;-4.94;asphalt;secondary;Rüdesheimer Straße;3;Kurs 13
Routenpunkt (Way);T;Rüdesheimer Straße;49.854155;8.640526;50.0;;;;;;Original OSM;140.0;-4.77;asphalt;secondary;Rüdesheimer Straße;3;Kurs 13
Routenpunkt (Way);T;Rüdesheimer Straße;49.854205;8.640374;50.0;;;;;;Interpoliert;139.5;-3.74;asphalt;secondary;Rüdesheimer Straße;3;Kurs 13
Routenpunkt (Way);T;Rüdesheimer Straße;49.854254;8.640222;50.0;;;;;;Interpoliert;139.0;-3.8;asphalt;secondary;Rüdesheimer Straße;3;Kurs 13
Routenpunkt (Way);T;Rüdesheimer Straße;49.854304;8.640069;50.0;;;;;;Interpoliert;138.5;-3.27;asphalt;secondary;Rüdesheimer Straße;3;Kurs 13
Routenpunkt (Way);T;Rüdesheimer Straße;49.854354;8.639917;50.0;;;;;;Original OSM;138.2;-2.78;asphalt;secondary;Rüdesheimer Straße;3;Kurs 13
Routenpunkt (Way);T;Rüdesheimer Straße;49.854407;8.63977;50.0;;;;;;Interpoliert;138.0;-2.13;asphalt;secondary;Rüdesheimer Straße;3;Kurs 13
Routenpunkt (Way);T;Rüdesheimer Straße;49.85446;8.639623;50.0;;;;;;Interpoliert;137.8;-1.48;asphalt;secondary;Rüdesheimer Straße;3;Kurs 13
Routenpunkt (Way);T;Rüdesheimer Straße;49.854513;8.639475;50.0;;;;;;Interpoliert;137.7;-1.13;asphalt;secondary;Rüdesheimer Straße;3;Kurs 13
Routenpunkt (Way);T;Rüdesheimer Straße;49.854566;8.639328;50.0;;;;;;Original OSM;137.6;-0.94;asphalt;secondary;Rüdesheimer Straße;3;Kurs 13
Routenpunkt (Way);T;Rüdesheimer Straße;49.85463;8.639155;50.0;;;;;;Interpoliert;137.5;-0.75;asphalt;secondary;Rüdesheimer Straße;3;Kurs 13
Routenpunkt (Way);T;Rüdesheimer Straße;49.854695;8.638981;50.0;;;;;;Interpoliert;137.4;-0.72;asphalt;secondary;Rüdesheimer Straße;3;Kurs 13
Routenpunkt (Way);T;Rüdesheimer Straße;49.854759;8.638807;50.0;;;;;;Interpoliert;137.3;-0.28;asphalt;secondary;Rüdesheimer Straße;3;Kurs 13
Routenpunkt (Way);T;Rüdesheimer Straße;49.854824;8.638633;50.0;;;;;;Interpoliert;137.2;0.25;asphalt;secondary;Rüdesheimer Straße;3;Kurs 13
Routenpunkt (Way);T;Rüdesheimer Straße;49.854888;8.63846;50.0;;;;;;Interpoliert;137.4;0.59;asphalt;secondary;Rüdesheimer Straße;3;Kurs 13
Routenpunkt (Way);T;;49.854926;8.63833;50.0;;;;;;Interpoliert (15m);137.6;0.97;asphalt;secondary;Rüdesheimer Straße;3;Kurs 13
Routenpunkt (Way);T;Rüdesheimer Straße;49.854963;8.6382;50.0;;;;;;Interpoliert;137.7;1.35;asphalt;secondary;Rüdesheimer Straße;3;Kurs 13
Routenpunkt (Way);T;;49.855;8.638098;50.0;;;;;;Interpoliert (15m);137.8;0.87;asphalt;secondary;Rüdesheimer Straße;3;Kurs 13
Routenpunkt (Way);T;Südbahnhof;49.855037;8.637997;50.0;;;;;;Original OSM;137.9;0.28;asphalt;secondary;Rüdesheimer Straße;3;Kurs 13
Routenpunkt (Way);T;;49.85509;8.637882;50.0;;;;;;Interpoliert (15m);137.8;0.08;asphalt;secondary;Rüdesheimer Straße;3;Kurs 13
Routenpunkt (Way);T;Rüdesheimer Straße;49.855143;8.637768;50.0;;;;;;Interpoliert;137.7;-0.02;asphalt;secondary;Rüdesheimer Straße;3;Kurs 13
Haltestelle;W;Darmstadt Südbahnhof;49.855143;8.637768;50.0;17:57:00;17:57:00;Kein Umlauf;Sa,So;1318.0;Original GTFS (Snap-Distanz 19m) | Auf Route gesnappt (19m);137.8;-0.09;asphalt;secondary;Rüdesheimer Straße;3;Kurs 13
Routenpunkt (Way);A;Rüdesheimer Straße (Ampel);49.855206;8.637596;50.0;;;;;;Original OSM;137.9;-0.22;asphalt;secondary;Rüdesheimer Straße;3;Kurs 13
Routenpunkt (Way);T;;49.855276;8.637463;50.0;;;;;;Interpoliert (15m);138.0;-0.35;asphalt;tertiary_link;Haardtring;3;Kurs 13
Routenpunkt (Way);T;;49.855346;8.63733;50.0;;;;;;Interpoliert (15m);137.8;-0.83;asphalt;secondary;Danziger Platz;3;Kurs 13
Routenpunkt (Way);T;Danziger Platz;49.855417;8.637197;50.0;;;;;;Original OSM;137.6;-1.94;asphalt;secondary;Danziger Platz;3;Kurs 13
Routenpunkt (Way);T;;49.855509;8.6371;50.0;;;;;;Interpoliert (15m);137.3;-3.07;asphalt;secondary;Danziger Platz;3;Kurs 13
Routenpunkt (Way);T;;49.855601;8.637002;50.0;;;;;;Interpoliert (15m);136.7;-3.39;asphalt;secondary;Danziger Platz;3;Kurs 13
Routenpunkt (Way);T;;49.855693;8.636905;50.0;;;;;;Interpoliert (15m);136.1;-3.72;asphalt;secondary;Haardtring;3;Kurs 13
Routenpunkt (Way);T;Haardtring;49.855785;8.636808;50.0;;;;;;Original OSM;135.7;-3.89;asphalt;secondary;Haardtring;3;Kurs 13
Routenpunkt (Way);T;;49.855885;8.636735;50.0;;;;;;Interpoliert (15m);135.3;-3.5;asphalt;secondary;Haardtring;3;Kurs 13
Routenpunkt (Way);T;Haardtring;49.855984;8.636662;50.0;;;;;;Interpoliert;134.9;-2.95;asphalt;secondary;Haardtring;3;Kurs 13
Routenpunkt (Way);T;Haardtring;49.856097;8.636583;50.0;;;;;;Original OSM;134.5;-2.72;asphalt;secondary;Haardtring;3;Kurs 13
Routenpunkt (Way);T;Haardtring;49.856219;8.636511;50.0;;;;;;Interpoliert;134.2;-2.47;asphalt;secondary;Haardtring;3;Kurs 13
Routenpunkt (Way);T;Haardtring;49.856341;8.63644;50.0;;;;;;Interpoliert;133.9;-2.1;asphalt;secondary;Haardtring;3;Kurs 13
Routenpunkt (Way);T;Haardtring;49.856463;8.636368;50.0;;;;;;Interpoliert;133.6;-1.38;asphalt;secondary;Haardtring;3;Kurs 13
Routenpunkt (Way);T;Haardtring;49.856586;8.636297;50.0;;;;;;Interpoliert;133.4;-0.83;asphalt;secondary;Haardtring;3;Kurs 13
Routenpunkt (Way);T;Haardtring;49.856708;8.636225;50.0;;;;;;Interpoliert;133.5;-0.41;asphalt;secondary;Haardtring;3;Kurs 13
Routenpunkt (Way);T;Haardtring;49.85683;8.636154;50.0;;;;;;Interpoliert;133.6;-0.28;asphalt;secondary;Haardtring;3;Kurs 13
Routenpunkt (Way);T;Haardtring;49.856952;8.636082;50.0;;;;;;Interpoliert;133.6;-0.28;asphalt;secondary;Haardtring;3;Kurs 13
Routenpunkt (Way);T;Haardtring;49.857075;8.636011;50.0;;;;;;Interpoliert;133.4;-0.69;asphalt;secondary;Haardtring;3;Kurs 13
Routenpunkt (Way);T;Haardtring;49.857197;8.635939;50.0;;;;;;Interpoliert;133.2;-1.24;asphalt;secondary;Haardtring;3;Kurs 13
Routenpunkt (Way);T;Haardtring;49.857319;8.635868;50.0;;;;;;Interpoliert;133.0;-1.65;asphalt;secondary;Haardtring;3;Kurs 13
Routenpunkt (Way);T;Haardtring;49.857442;8.635796;50.0;;;;;;Interpoliert;132.7;-1.79;asphalt;secondary;Haardtring;3;Kurs 13
Routenpunkt (Way);T;Haardtring;49.857564;8.635725;50.0;;;;;;Interpoliert;132.4;-1.93;asphalt;secondary;Haardtring;3;Kurs 13
Routenpunkt (Way);T;Haardtring;49.857686;8.635654;50.0;;;;;;Interpoliert;132.1;-2.06;asphalt;secondary;Haardtring;3;Kurs 13
Routenpunkt (Way);T;Haardtring;49.857808;8.635582;50.0;;;;;;Interpoliert;131.8;-2.19;asphalt;secondary;Haardtring;3;Kurs 13
Routenpunkt (Way);T;Haardtring;49.857925;8.635482;50.0;;;;;;Interpoliert;131.5;-1.78;asphalt;secondary;Haardtring;3;Kurs 13
Routenpunkt (Way);T;Haardtring;49.858009;8.635403;50.0;;;;;;Interpoliert;131.2;-0.2;asphalt;secondary;Haardtring;3;Kurs 13
Haltestelle;W;Darmstadt Haardtring;49.858009;8.635403;50.0;;;Kein Umlauf;Sa,So;1318.0;Original GTFS (Snap-Distanz 4m) | Auf Route gesnappt (4m);131.0;0.43;asphalt;secondary;Haardtring;3;Kurs 13
Routenpunkt (Way);T;Haardtring;49.858015;8.635425;50.0;;;;;;Interpoliert;131.1;1.05;asphalt;secondary;Haardtring;3;Kurs 13
Routenpunkt (Way);T;;49.858093;8.635378;50.0;;;;;;Interpoliert (15m);131.2;1.77;asphalt;secondary;Haardtring;3;Kurs 13
Routenpunkt (Way);T;Haardtring;49.858171;8.635332;50.0;;;;;;Interpoliert;131.3;1.94;asphalt;secondary;Haardtring;3;Kurs 13
Routenpunkt (Way);T;;49.858272;8.635292;50.0;;;;;;Interpoliert (15m);131.4;0.62;asphalt;secondary;Haardtring;3;Kurs 13
Routenpunkt (Way);T;Haardtring;49.858374;8.635253;50.0;;;;;;Interpoliert;131.5;0.24;asphalt;secondary;Haardtring;3;Kurs 13
Routenpunkt (Way);T;Haardtring;49.858481;8.635191;50.0;;;;;;Interpoliert;131.4;-0.13;asphalt;secondary;Haardtring;3;Kurs 13
Routenpunkt (Way);T;Haardtring;49.858588;8.635129;50.0;;;;;;Interpoliert;131.3;-0.3;asphalt;secondary;Haardtring;3;Kurs 13
Routenpunkt (Way);T;Haardtring;49.858695;8.635066;50.0;;;;;;Original OSM;131.2;-0.47;asphalt;secondary;Haardtring;3;Kurs 13
Routenpunkt (Way);A;Haardtring (Ampel);49.858806;8.635002;50.0;;;;;;Original OSM;131.2;-0.48;asphalt;secondary;Haardtring;3;Kurs 13
Routenpunkt (Way);T;;49.858909;8.634943;50.0;;;;;;Interpoliert (15m);131.2;-0.48;asphalt;secondary;Haardtring;3;Kurs 13
Routenpunkt (Way);T;Haardtring;49.859012;8.634884;50.0;;;;;;Original OSM;131.1;-0.47;asphalt;secondary;Haardtring;3;Kurs 13
Routenpunkt (Way);T;;49.859121;8.634821;50.0;;;;;;Interpoliert (15m);131.0;-0.64;asphalt;secondary;Haardtring;3;Kurs 13
Routenpunkt (Way);T;Haardtring;49.85923;8.634759;50.0;;;;;;Interpoliert;130.9;-0.8;asphalt;secondary;Haardtring;3;Kurs 13
Routenpunkt (Way);T;Haardtring;49.859333;8.6347;50.0;;;;;;Interpoliert;130.8;-0.5;asphalt;secondary;Haardtring;3;Kurs 13
Routenpunkt (Way);T;Haardtring;49.859436;8.634641;50.0;;;;;;Original OSM;130.7;-0.21;asphalt;secondary;Haardtring;3;Kurs 13
Routenpunkt (Way);T;Haardtring;49.859559;8.63457;50.0;;;;;;Interpoliert;130.8;-0.19;asphalt;secondary;Haardtring;3;Kurs 13
Routenpunkt (Way);T;Haardtring;49.859682;8.634499;50.0;;;;;;Interpoliert;130.9;-0.32;asphalt;secondary;Haardtring;3;Kurs 13
Routenpunkt (Way);T;Haardtring;49.859805;8.634428;50.0;;;;;;Original OSM;130.8;-0.44;asphalt;secondary;Haardtring;3;Kurs 13
Routenpunkt (Way);T;Haardtring;49.859922;8.634363;50.0;;;;;;Interpoliert;130.6;-0.87;asphalt;secondary;Haardtring;3;Kurs 13
Routenpunkt (Way);T;Haardtring;49.860039;8.634297;50.0;;;;;;Interpoliert;130.4;-1.3;asphalt;secondary;Haardtring;3;Kurs 13
Routenpunkt (Way);T;Haardtring;49.860156;8.634232;50.0;;;;;;Interpoliert;130.2;-1.3;asphalt;secondary;Haardtring;3;Kurs 13
Routenpunkt (Way);T;Haardtring;49.860272;8.634167;50.0;;;;;;Interpoliert;130.0;-1.16;asphalt;secondary;Haardtring;3;Kurs 13
Routenpunkt (Way);T;Haardtring;49.860389;8.634101;50.0;;;;;;Interpoliert;129.9;-1.01;asphalt;secondary;Haardtring;3;Kurs 13
Routenpunkt (Way);T;Haardtring;49.860506;8.634036;50.0;;;;;;Interpoliert;129.8;-0.87;asphalt;secondary;Haardtring;3;Kurs 13
Routenpunkt (Way);T;Haardtring;49.860623;8.633971;50.0;;;;;;Interpoliert;129.7;-0.72;asphalt;secondary;Haardtring;3;Kurs 13
Routenpunkt (Way);T;Haardtring;49.86074;8.633905;50.0;;;;;;Interpoliert;129.6;-0.43;asphalt;secondary;Haardtring;3;Kurs 13
Routenpunkt (Way);T;Haardtring;49.860857;8.63384;50.0;;;;;;Interpoliert;129.5;-0.14;asphalt;secondary;Haardtring;3;Kurs 13
Routenpunkt (Way);T;Haardtring;49.860973;8.633774;50.0;;;;;;Interpoliert;129.6;0.29;asphalt;secondary;Haardtring;3;Kurs 13
Routenpunkt (Way);T;Haardtring;49.86109;8.633709;50.0;;;;;;Interpoliert;129.7;0.86;asphalt;secondary;Haardtring;3;Kurs 13
Routenpunkt (Way);T;Haardtring;49.861207;8.633644;50.0;;;;;;Original OSM;129.9;1.43;asphalt;secondary;Haardtring;3;Kurs 13
Routenpunkt (Way);T;Haardtring;49.861325;8.633575;50.0;;;;;;Interpoliert;130.2;1.57;asphalt;secondary;Haardtring;3;Kurs 13
Routenpunkt (Way);T;Haardtring;49.861444;8.633507;50.0;;;;;;Interpoliert;130.5;1.71;asphalt;secondary;Haardtring;3;Kurs 13
Routenpunkt (Way);T;Haardtring;49.861562;8.633438;50.0;;;;;;Interpoliert;130.7;1.7;asphalt;secondary;Haardtring;3;Kurs 13
Routenpunkt (Way);T;Haardtring;49.86168;8.63337;50.0;;;;;;Original OSM;130.9;1.55;asphalt;secondary;Haardtring;3;Kurs 13
Routenpunkt (Way);T;Haardtring;49.861801;8.6333;50.0;;;;;;Interpoliert;131.1;1.4;asphalt;secondary;Haardtring;3;Kurs 13
Routenpunkt (Way);T;Haardtring;49.861923;8.63323;50.0;;;;;;Interpoliert;131.3;1.4;asphalt;secondary;Haardtring;3;Kurs 13
Routenpunkt (Way);T;Haardtring;49.862044;8.63316;50.0;;;;;;Interpoliert;131.5;1.39;asphalt;secondary;Haardtring;3;Kurs 13
Routenpunkt (Way);T;Haardtring;49.862165;8.63309;50.0;;;;;;Interpoliert;131.7;1.25;asphalt;secondary;Haardtring;3;Kurs 13
Routenpunkt (Way);T;Haardtring;49.862287;8.63302;50.0;;;;;;Interpoliert;131.9;0.97;asphalt;secondary;Haardtring;3;Kurs 13
Routenpunkt (Way);T;Haardtring;49.862408;8.63295;50.0;;;;;;Interpoliert;132.0;0.69;asphalt;secondary;Haardtring;3;Kurs 13
Routenpunkt (Way);T;Haardtring;49.862529;8.63288;50.0;;;;;;Interpoliert;132.0;0.27;asphalt;secondary;Haardtring;3;Kurs 13
Routenpunkt (Way);T;Haardtring;49.862651;8.63281;50.0;;;;;;Original OSM;132.0;-0.16;asphalt;secondary;Haardtring;3;Kurs 13
Routenpunkt (Way);T;Haardtring;49.862765;8.632746;50.0;;;;;;Interpoliert;131.9;-0.5;asphalt;secondary;Haardtring;3;Kurs 13
Routenpunkt (Way);T;Haardtring;49.86288;8.632682;50.0;;;;;;Interpoliert;131.8;-0.9;asphalt;secondary;Haardtring;3;Kurs 13
Routenpunkt (Way);T;;49.862958;8.632614;50.0;;;;;;Interpoliert (15m);131.7;-1.22;asphalt;secondary;Haardtring;3;Kurs 13
Routenpunkt (Way);T;Haardtring;49.863036;8.632545;50.0;;;;;;Interpoliert;131.5;-3.41;asphalt;secondary;Haardtring;3;Kurs 13
Haltestelle;W;Darmstadt Philipp-Röth-Weg NSüdbf;49.863142;8.632485;50.0;17:59:00;17:59:00;Kein Umlauf;Sa,So;1318.0;Original GTFS (Snap-Distanz 4m) | Auf Route gesnappt (9m);131.3;-3.66;asphalt;secondary;Haardtring;3;Kurs 13
Routenpunkt (Way);T;Haardtring;49.863158;8.632481;50.0;;;;;;Interpoliert;131.1;-3.74;asphalt;secondary;Haardtring;3;Kurs 13
Routenpunkt (Way);T;Philipp-Röth-Weg (Bussteig Richtung Süd);49.86324;8.632423;50.0;;;;;;Original OSM;130.9;-3.72;asphalt;secondary;Haardtring;3;Kurs 13
Routenpunkt (Way);T;Haardtring;49.86337;8.632412;50.0;;;;;;Interpoliert;130.7;-3.4;asphalt;secondary;Haardtring;3;Kurs 13
Routenpunkt (Way);A;Haardtring (Ampel);49.863458;8.632366;50.0;;;;;;Interpoliert;130.5;-0.91;asphalt;secondary;Haardtring;3;Kurs 13
Routenpunkt (Way);T;;49.863507;8.632196;50.0;;;;;;Interpoliert (15m);130.5;-0.36;asphalt;secondary;Haardtring;3;Kurs 13
Routenpunkt (Way);T;;49.863556;8.632025;50.0;;;;;;Interpoliert (15m);130.6;0.08;asphalt;primary;Hilpertstraße;3;Kurs 13
Routenpunkt (Way);T;Haardtring;49.863605;8.631855;50.0;;;;;;Original OSM;130.7;0.79;asphalt;primary;Hilpertstraße;3;Kurs 13
Routenpunkt (Way);T;;49.863546;8.631712;50.0;;;;;;Interpoliert (15m);130.8;1.12;asphalt;primary;Hilpertstraße;3;Kurs 13
Routenpunkt (Way);T;;49.863487;8.631569;50.0;;;;;;Interpoliert (15m);131.0;1.14;asphalt;primary;Hilpertstraße;3;Kurs 13
Routenpunkt (Way);T;;49.863428;8.631427;50.0;;;;;;Interpoliert (15m);131.2;1.15;asphalt;primary;Hilpertstraße;3;Kurs 13
Routenpunkt (Way);T;;49.863369;8.631284;50.0;;;;;;Interpoliert (15m);131.3;1.17;asphalt;primary;Hilpertstraße;3;Kurs 13
Routenpunkt (Way);T;Hilpertstraße;49.86331;8.631141;50.0;;;;;;Original OSM;131.4;1.02;asphalt;primary;Hilpertstraße;3;Kurs 13
Routenpunkt (Way);T;;49.863246;8.631019;50.0;;;;;;Interpoliert (15m);131.5;0.51;asphalt;primary;Hilpertstraße;3;Kurs 13
Routenpunkt (Way);T;;49.863183;8.630898;50.0;;;;;;Interpoliert (15m);131.6;-0.14;asphalt;primary;Hilpertstraße;3;Kurs 13
Routenpunkt (Way);T;Hilpertstraße;49.86312;8.630776;50.0;;;;;;Original OSM;131.5;-0.79;asphalt;primary;Hilpertstraße;3;Kurs 13
Routenpunkt (Way);T;;49.863075;8.630619;50.0;;;;;;Interpoliert (15m);131.2;-1.45;paving_stones;primary;Hilpertstraße;3;Kurs 13
Routenpunkt (Way);T;;49.863029;8.630461;50.0;;;;;;Interpoliert (15m);130.9;-2.12;paving_stones;primary;Hilpertstraße;3;Kurs 13
Routenpunkt (Way);T;;49.862984;8.630303;50.0;;;;;;Interpoliert (15m);130.6;-2.42;paving_stones;primary;Hilpertstraße;3;Kurs 13
Routenpunkt (Way);T;;49.862938;8.630146;50.0;;;;;;Interpoliert (15m);130.3;-2.08;paving_stones;primary;Hilpertstraße;3;Kurs 13
Routenpunkt (Way);T;Hilpertstraße;49.862893;8.629988;50.0;;;;;;Original OSM;130.0;-1.74;paving_stones;primary;Hilpertstraße;3;Kurs 13
Routenpunkt (Way);T;;49.862849;8.629807;50.0;;;;;;Interpoliert (15m);129.9;-1.4;paving_stones;primary;Hilpertstraße;3;Kurs 13
Routenpunkt (Way);T;;49.862806;8.629626;50.0;;;;;;Interpoliert (15m);129.8;-1.08;paving_stones;primary;Hilpertstraße;3;Kurs 13
Routenpunkt (Way);T;Hilpertstraße;49.862763;8.629445;50.0;;;;;;Interpoliert;129.7;-0.79;paving_stones;primary;Hilpertstraße;3;Kurs 13
Routenpunkt (Way);T;Hilpertstraße;49.862727;8.629282;50.0;;;;;;Original OSM;129.6;-0.45;paving_stones;primary;Hilpertstraße;3;Kurs 13
Routenpunkt (Way);T;Hilpertstraße;49.8627;8.629144;50.0;;;;;;Interpoliert;129.5;-0.11;paving_stones;primary;Hilpertstraße;3;Kurs 13
Routenpunkt (Way);T;Hilpertstraße;49.862673;8.629006;50.0;;;;;;Interpoliert;129.6;0.03;paving_stones;primary;Hilpertstraße;3;Kurs 13
Routenpunkt (Way);T;Hilpertstraße;49.862646;8.628868;50.0;;;;;;Original OSM;129.7;0.19;paving_stones;primary;Hilpertstraße;3;Kurs 13
Routenpunkt (Way);T;;49.862621;8.628729;50.0;;;;;;Interpoliert (15m);129.7;-0.05;paving_stones;primary;Hilpertstraße;3;Kurs 13
Routenpunkt (Way);T;Hilpertstraße;49.862596;8.628591;50.0;;;;;;Original OSM;129.7;-0.91;paving_stones;primary;Hilpertstraße;3;Kurs 13
Routenpunkt (Way);T;;49.862573;8.628469;50.0;;;;;;Interpoliert (15m);129.5;-1.69;paving_stones;primary;Hilpertstraße;3;Kurs 13
Routenpunkt (Way);T;Hilpertstraße;49.862551;8.628347;50.0;;;;;;Interpoliert;129.2;-2.27;paving_stones;primary;Hilpertstraße;3;Kurs 13
Routenpunkt (Way);T;Hilpertstraße;49.862526;8.628209;50.0;;;;;;Interpoliert;128.9;-2.73;paving_stones;primary;Hilpertstraße;3;Kurs 13
Routenpunkt (Way);T;Hilpertstraße;49.862501;8.628072;50.0;;;;;;Original OSM;128.6;-2.75;paving_stones;primary;Hilpertstraße;3;Kurs 13
Routenpunkt (Way);T;Hilpertstraße;49.862471;8.627895;50.0;;;;;;Interpoliert;128.3;-2.41;paving_stones;primary;Hilpertstraße;3;Kurs 13
Routenpunkt (Way);T;Hilpertstraße;49.862441;8.627718;50.0;;;;;;Original OSM;128.0;-2.17;asphalt;primary;Hilpertstraße;3;Kurs 13
Routenpunkt (Way);T;Hilpertstraße;49.862413;8.627549;50.0;;;;;;Interpoliert;127.8;-1.76;asphalt;primary;Hilpertstraße;3;Kurs 13
Routenpunkt (Way);T;;49.862399;8.627391;50.0;;;;;;Interpoliert (15m);127.6;-1.49;asphalt;primary;Hilpertstraße;3;Kurs 13
Routenpunkt (Way);A;Hilpertstraße (Ampel);49.862385;8.627233;50.0;;;;;;Original OSM;127.5;-0.85;asphalt;primary;Hilpertstraße;3;Kurs 13
Routenpunkt (Way);T;;49.86247;8.62716;50.0;;;;;;Interpoliert (15m);127.4;-0.35;asphalt;primary;Deutsche-Telekom-Allee;3;Kurs 13
Routenpunkt (Way);T;Deutsche-Telekom-Allee;49.862554;8.627088;50.0;;;;;;Interpoliert;127.5;0.17;asphalt;primary;Deutsche-Telekom-Allee;3;Kurs 13
Routenpunkt (Way);T;Deutsche-Telekom-Allee;49.862657;8.627054;50.0;;;;;;Interpoliert;127.6;0.5;asphalt;primary;Deutsche-Telekom-Allee;3;Kurs 13
Routenpunkt (Way);T;Deutsche-Telekom-Allee;49.862759;8.62702;50.0;;;;;;Original OSM;127.7;0.84;asphalt;primary;Deutsche-Telekom-Allee;3;Kurs 13
Routenpunkt (Way);T;;49.862872;8.626982;50.0;;;;;;Interpoliert (15m);127.8;0.89;asphalt;primary;Deutsche-Telekom-Allee;3;Kurs 13
Routenpunkt (Way);T;Deutsche-Telekom-Allee;49.862986;8.626944;50.0;;;;;;Interpoliert;127.9;0.72;asphalt;primary;Deutsche-Telekom-Allee;3;Kurs 13
Routenpunkt (Way);T;;49.863059;8.62692;50.0;;;;;;Interpoliert (15m);128.0;0.55;asphalt;primary;Deutsche-Telekom-Allee;3;Kurs 13
Routenpunkt (Way);T;Deutsche-Telekom-Allee;49.863132;8.626896;50.0;;;;;;Interpoliert;128.0;-0.05;asphalt;primary;Deutsche-Telekom-Allee;3;Kurs 13
Routenpunkt (Way);T;Deutsche-Telekom-Allee;49.863251;8.626856;50.0;;;;;;Interpoliert;128.0;-0.64;asphalt;primary;Deutsche-Telekom-Allee;3;Kurs 13
Routenpunkt (Way);T;Deutsche-Telekom-Allee;49.863371;8.626817;50.0;;;;;;Interpoliert;127.7;-1.33;asphalt;primary;Deutsche-Telekom-Allee;3;Kurs 13
Routenpunkt (Way);T;Deutsche-Telekom-Allee;49.86349;8.626777;50.0;;;;;;Interpoliert;127.4;-1.77;asphalt;primary;Deutsche-Telekom-Allee;3;Kurs 13
Routenpunkt (Way);T;Deutsche-Telekom-Allee;49.863609;8.626737;50.0;;;;;;Interpoliert;127.1;-2.21;asphalt;primary;Deutsche-Telekom-Allee;3;Kurs 13
Routenpunkt (Way);T;Deutsche-Telekom-Allee;49.863728;8.626698;50.0;;;;;;Interpoliert;126.8;-2.03;asphalt;primary;Deutsche-Telekom-Allee;3;Kurs 13
Routenpunkt (Way);T;Deutsche-Telekom-Allee;49.863848;8.626658;50.0;;;;;;Interpoliert;126.5;-1.85;asphalt;primary;Deutsche-Telekom-Allee;3;Kurs 13
Routenpunkt (Way);T;;49.863915;8.626636;50.0;;;;;;Interpoliert (15m);126.4;-1.66;asphalt;primary;Deutsche-Telekom-Allee;3;Kurs 13
Routenpunkt (Way);T;Deutsche-Telekom-Allee;49.863982;8.626614;50.0;;;;;;Original OSM;126.3;-1.48;asphalt;primary;Deutsche-Telekom-Allee;3;Kurs 13
Routenpunkt (Way);T;;49.864051;8.626591;50.0;;;;;;Interpoliert (15m);126.2;-1.2;asphalt;primary;Deutsche-Telekom-Allee;3;Kurs 13
Routenpunkt (Way);T;Deutsche-Telekom-Allee;49.86412;8.626568;50.0;;;;;;Original OSM;126.1;-0.41;asphalt;primary;Deutsche-Telekom-Allee;3;Kurs 13
Routenpunkt (Way);T;Deutsche-Telekom-Allee;49.864227;8.626532;50.0;;;;;;Interpoliert;126.0;0.38;asphalt;primary;Deutsche-Telekom-Allee;3;Kurs 13
Routenpunkt (Way);T;;49.864293;8.62651;50.0;;;;;;Interpoliert (15m);126.2;0.92;asphalt;primary;Deutsche-Telekom-Allee;3;Kurs 13
Routenpunkt (Way);T;Deutsche-Telekom-Allee;49.86436;8.626488;50.0;;;;;;Original OSM;126.4;1.54;asphalt;primary;Deutsche-Telekom-Allee;3;Kurs 13
Routenpunkt (Way);T;Deutsche-Telekom-Allee;49.864485;8.626447;50.0;;;;;;Interpoliert;126.6;2.08;asphalt;primary;Deutsche-Telekom-Allee;3;Kurs 13
Routenpunkt (Way);T;Deutsche-Telekom-Allee;49.86458;8.626415;50.0;;;;;;Interpoliert;126.8;1.55;asphalt;primary;Deutsche-Telekom-Allee;3;Kurs 13
Routenpunkt (Way);T;Deutsche-Telekom-Allee;49.864675;8.626383;50.0;;;;;;Original OSM;127.0;1.02;asphalt;primary;Deutsche-Telekom-Allee;3;Kurs 13
Routenpunkt (Way);T;Deutsche-Telekom-Allee;49.864806;8.62634;50.0;;;;;;Interpoliert;127.0;0.74;asphalt;primary;Deutsche-Telekom-Allee;3;Kurs 13
Routenpunkt (Way);T;Deutsche-Telekom-Allee;49.864937;8.626296;50.0;;;;;;Interpoliert;127.0;0.37;asphalt;primary;Deutsche-Telekom-Allee;3;Kurs 13
Routenpunkt (Way);T;Deutsche-Telekom-Allee;49.865068;8.626253;50.0;;;;;;Original OSM;127.0;0.0;asphalt;primary;Deutsche-Telekom-Allee;3;Kurs 13
Routenpunkt (Way);T;Deutsche-Telekom-Allee;49.86519;8.626211;50.0;;;;;;Interpoliert;127.0;0.0;asphalt;primary;Deutsche-Telekom-Allee;3;Kurs 13
Routenpunkt (Way);T;Deutsche-Telekom-Allee;49.865312;8.626169;50.0;;;;;;Interpoliert;127.0;0.29;asphalt;primary;Deutsche-Telekom-Allee;3;Kurs 13
Routenpunkt (Way);T;Deutsche-Telekom-Allee;49.865434;8.626128;50.0;;;;;;Interpoliert;127.0;0.68;asphalt;primary;Deutsche-Telekom-Allee;3;Kurs 13
Routenpunkt (Way);T;Deutsche-Telekom-Allee;49.865556;8.626086;50.0;;;;;;Interpoliert;127.2;1.08;asphalt;primary;Deutsche-Telekom-Allee;3;Kurs 13
Routenpunkt (Way);T;;49.865647;8.626069;50.0;;;;;;Interpoliert (15m);127.4;1.47;asphalt;primary;Deutsche-Telekom-Allee;3;Kurs 13
Routenpunkt (Way);T;;49.865737;8.626053;50.0;;;;;;Interpoliert (15m);127.6;1.82;asphalt;primary;Deutsche-Telekom-Allee;3;Kurs 13
Routenpunkt (Way);T;Deutsche-Telekom-Allee;49.865828;8.626036;50.0;;;;;;Original OSM;127.8;1.89;asphalt;primary;Deutsche-Telekom-Allee;3;Kurs 13
Routenpunkt (Way);T;;49.865929;8.626016;50.0;;;;;;Interpoliert (15m);128.0;1.84;asphalt;primary;Deutsche-Telekom-Allee;3;Kurs 13
Routenpunkt (Way);T;;49.86603;8.625995;50.0;;;;;;Interpoliert (15m);128.2;2.26;asphalt;primary;Deutsche-Telekom-Allee;3;Kurs 13
Routenpunkt (Way);T;Deutsche-Telekom-Allee;49.866132;8.625975;50.0;;;;;;Interpoliert;128.4;2.82;asphalt;primary;Deutsche-Telekom-Allee;3;Kurs 13
Routenpunkt (Way);T;Deutsche-Telekom-Allee;49.866262;8.625932;50.0;;;;;;Original OSM;129.0;3.42;asphalt;primary;Deutsche-Telekom-Allee;3;Kurs 13
Routenpunkt (Way);T;Deutsche-Telekom-Allee;49.866373;8.625894;50.0;;;;;;Interpoliert;129.6;3.54;asphalt;primary;Deutsche-Telekom-Allee;3;Kurs 13
Routenpunkt (Way);T;Deutsche-Telekom-Allee;49.866484;8.625857;50.0;;;;;;Interpoliert;130.2;3.66;asphalt;primary;Deutsche-Telekom-Allee;3;Kurs 13
Routenpunkt (Way);T;Deutsche-Telekom-Allee;49.866595;8.625819;50.0;;;;;;Interpoliert;130.5;3.52;asphalt;primary;Deutsche-Telekom-Allee;3;Kurs 13
Routenpunkt (Way);T;Deutsche-Telekom-Allee;49.866706;8.625782;50.0;;;;;;Interpoliert;130.8;3.23;asphalt;primary;Deutsche-Telekom-Allee;3;Kurs 13
Routenpunkt (Way);T;;49.866787;8.625786;50.0;;;;;;Interpoliert (15m);131.1;2.79;asphalt;primary;Deutsche-Telekom-Allee;3;Kurs 13
Routenpunkt (Way);T;Deutsche-Telekom-Allee;49.866868;8.625791;50.0;;;;;;Original OSM;131.4;2.83;asphalt;unclassified;Mina-Rees-Straße;3;Kurs 13
Routenpunkt (Way);A;Ampel;49.866897;8.625948;50.0;;;;;;Interpoliert (15m);131.7;3.0;asphalt;unclassified;Mina-Rees-Straße;3;Kurs 13
Routenpunkt (Way);T;Mina-Rees-Straße;49.866925;8.626106;30.0;;;;;;Interpoliert;132.0;2.12;asphalt;unclassified;Mina-Rees-Straße;3;Kurs 13
Routenpunkt (Way);T;;49.866954;8.626226;30.0;;;;;;Interpoliert (15m);132.3;1.29;asphalt;unclassified;Mina-Rees-Straße;3;Kurs 13
Routenpunkt (Way);T;Mina-Rees-Straße;49.866984;8.626346;30.0;;;;;;Original OSM;132.2;0.61;asphalt;unclassified;Mina-Rees-Straße;3;Kurs 13
Routenpunkt (Way);T;;49.866994;8.626509;30.0;;;;;;Interpoliert (15m);132.1;-0.18;asphalt;unclassified;Mina-Rees-Straße;3;Kurs 13
Routenpunkt (Way);T;Mina-Rees-Straße;49.867004;8.626672;30.0;;;;;;Original OSM;132.0;-1.23;asphalt;unclassified;Mina-Rees-Straße;3;Kurs 13
Routenpunkt (Way);T;Mina-Rees-Straße;49.867031;8.626872;30.0;;;;;;Interpoliert;131.8;-1.41;asphalt;unclassified;Mina-Rees-Straße;3;Kurs 13
Routenpunkt (Way);T;Mina-Rees-Straße;49.867051;8.62701;30.0;;;;;;Interpoliert;131.6;-1.54;asphalt;unclassified;Mina-Rees-Straße;3;Kurs 13
Routenpunkt (Way);T;Mina-Rees-Straße;49.86707;8.627147;30.0;;;;;;Original OSM;131.4;-1.66;asphalt;unclassified;Mina-Rees-Straße;3;Kurs 13
Routenpunkt (Way);T;Mina-Rees-Straße;49.867095;8.62733;30.0;;;;;;Interpoliert;131.2;-1.69;asphalt;unclassified;Mina-Rees-Straße;3;Kurs 13
Routenpunkt (Way);T;Mina-Rees-Straße;49.86712;8.627513;30.0;;;;;;Interpoliert;131.0;-1.59;asphalt;unclassified;Mina-Rees-Straße;3;Kurs 13
Routenpunkt (Way);T;;49.867145;8.627695;30.0;;;;;;Interpoliert (15m);130.8;-1.52;asphalt;unclassified;Mina-Rees-Straße;3;Kurs 13
Routenpunkt (Way);T;Mina-Rees-Straße;49.86717;8.627877;30.0;;;;;;Original OSM;130.6;-1.54;asphalt;unclassified;Mina-Rees-Straße;3;Kurs 13
Routenpunkt (Way);T;;49.867194;8.628047;30.0;;;;;;Interpoliert (15m);130.4;-1.52;asphalt;unclassified;Mina-Rees-Straße;3;Kurs 13
Routenpunkt (Way);T;Mina-Rees-Straße;49.867217;8.628217;30.0;;;;;;Interpoliert;130.2;-1.22;asphalt;unclassified;Mina-Rees-Straße;3;Kurs 13
Routenpunkt (Way);T;;49.867243;8.628411;30.0;;;;;;Interpoliert (15m);130.0;-0.92;asphalt;unclassified;Mina-Rees-Straße;3;Kurs 13
Routenpunkt (Way);T;;49.86727;8.628605;30.0;;;;;;Interpoliert (15m);130.0;-0.6;asphalt;unclassified;Mina-Rees-Straße;3;Kurs 13
Routenpunkt (Way);T;Mina-Rees-Straße;49.867296;8.628799;30.0;;;;;;Original OSM;130.0;-0.28;asphalt;unclassified;Mina-Rees-Straße;3;Kurs 13
Routenpunkt (Way);T;;49.867315;8.628941;30.0;;;;;;Interpoliert (15m);130.0;0.0;asphalt;unclassified;Mina-Rees-Straße;3;Kurs 13
Routenpunkt (Way);T;;49.867335;8.629083;30.0;;;;;;Interpoliert (15m);130.0;0.0;asphalt;unclassified;Mina-Rees-Straße;3;Kurs 13
Routenpunkt (Way);T;Mina-Rees-Straße;49.867354;8.629225;30.0;;;;;;Interpoliert;130.0;0.0;asphalt;unclassified;Mina-Rees-Straße;3;Kurs 13
Routenpunkt (Way);A;Ampel;49.867369;8.62934;30.0;;;;;;Interpoliert (15m);130.0;0.0;asphalt;unclassified;Mina-Rees-Straße;3;Kurs 13
Routenpunkt (Way);T;Mina-Rees-Straße;49.867385;8.629454;30.0;;;;;;Original OSM;130.0;0.0;asphalt;unclassified;Mina-Rees-Straße;3;Kurs 13
Routenpunkt (Way);T;;49.8674;8.629564;30.0;;;;;;Interpoliert (15m);130.0;0.0;asphalt;unclassified;Mina-Rees-Straße;3;Kurs 13
Routenpunkt (Way);T;Mina-Rees-Straße;49.867414;8.629673;30.0;;;;;;Original OSM;130.0;0.14;asphalt;primary;Am Kavalleriesand;3;Kurs 13
Routenpunkt (Way);T;Am Kavalleriesand;49.867306;8.62971;50.0;;;;;;Original OSM;130.0;0.29;asphalt;primary;Am Kavalleriesand;3;Kurs 13
Routenpunkt (Way);T;Am Kavalleriesand;49.867185;8.629755;50.0;;;;;;Interpoliert;130.1;0.45;asphalt;primary;Am Kavalleriesand;3;Kurs 13
Routenpunkt (Way);T;Am Kavalleriesand;49.867064;8.629801;50.0;;;;;;Original OSM;130.2;0.61;asphalt;primary;Am Kavalleriesand;3;Kurs 13
Routenpunkt (Way);T;Am Kavalleriesand;49.866956;8.629843;50.0;;;;;;Interpoliert;130.3;0.76;asphalt;primary;Am Kavalleriesand;3;Kurs 13
Routenpunkt (Way);T;;49.866856;8.629928;50.0;;;;;;Interpoliert (15m);130.4;0.78;asphalt;primary;Am Kavalleriesand;3;Kurs 13
Routenpunkt (Way);T;;49.866755;8.630013;50.0;;;;;;Interpoliert (15m);130.5;0.45;asphalt;primary;Stirnweg;3;Kurs 13
Routenpunkt (Way);T;Am Kavalleriesand;49.866654;8.630098;50.0;;;;;;Original OSM;130.6;0.11;asphalt;primary;Stirnweg;3;Kurs 13
Routenpunkt (Way);T;;49.866625;8.630244;50.0;;;;;;Interpoliert (15m);130.5;-0.23;asphalt;primary;Stirnweg;3;Kurs 13
Routenpunkt (Way);T;;49.866595;8.63039;50.0;;;;;;Interpoliert (15m);130.4;-0.58;asphalt;primary;Stirnweg;3;Kurs 13
Routenpunkt (Way);T;Stirnweg;49.866565;8.630535;50.0;;;;;;Interpoliert;130.3;-0.74;asphalt;primary;Stirnweg;3;Kurs 13
Routenpunkt (Way);T;Stirnweg;49.866579;8.630678;50.0;;;;;;Original OSM;130.2;-0.56;asphalt;primary;Stirnweg;3;Kurs 13
Routenpunkt (Way);T;Stirnweg;49.8666;8.630847;50.0;;;;;;Interpoliert;130.2;-0.06;asphalt;primary;Stirnweg;3;Kurs 13
Routenpunkt (Way);T;;49.866613;8.631021;50.0;;;;;;Interpoliert (15m);130.2;0.54;asphalt;primary;Stirnweg;3;Kurs 13
Routenpunkt (Way);T;Stirnweg;49.866626;8.631194;50.0;;;;;;Original OSM;130.4;1.08;asphalt;primary;Stirnweg;3;Kurs 13
Haltestelle;W;Darmstadt Pfalzweg NHaardtring;49.866612;8.631327;50.0;;;Kein Umlauf;Sa,So;1318.0;Original GTFS (Snap-Distanz 77m) | Auf Route gesnappt (77m);130.6;1.43;asphalt;primary;Haardtring;3;Kurs 13
Routenpunkt (Way);T;;49.86668;8.631447;50.0;;;;;;Interpoliert (15m);130.8;2.15;asphalt;primary;Haardtring;3;Kurs 13
Routenpunkt (Way);T;Haardtring;49.866749;8.631567;50.0;;;;;;Original OSM;131.0;2.55;asphalt;primary;Haardtring;3;Kurs 13
Routenpunkt (Way);T;;49.866817;8.631681;50.0;;;;;;Interpoliert (15m);131.4;2.85;asphalt;primary;Haardtring;3;Kurs 13
Routenpunkt (Way);T;;49.866885;8.631795;50.0;;;;;;Interpoliert (15m);131.8;3.34;asphalt;primary;Haardtring;3;Kurs 13
Routenpunkt (Way);T;Haardtring;49.866953;8.631909;50.0;;;;;;Interpoliert;132.2;3.55;asphalt;primary;Haardtring;3;Kurs 13
Routenpunkt (Way);T;Haardtring;49.867035;8.632064;50.0;;;;;;Interpoliert;132.8;3.53;asphalt;primary;Haardtring;3;Kurs 13
Routenpunkt (Way);T;Haardtring;49.867117;8.632219;50.0;;;;;;Original OSM;133.2;2.64;asphalt;primary;Haardtring;3;Kurs 13
Routenpunkt (Way);T;Haardtring;49.867182;8.632342;50.0;;;;;;Interpoliert;133.6;1.78;asphalt;primary;Haardtring;3;Kurs 13
Routenpunkt (Way);T;Haardtring;49.867246;8.632465;50.0;;;;;;Original OSM;133.5;0.8;asphalt;primary;Haardtring;3;Kurs 13
Routenpunkt (Way);T;Haardtring;49.867325;8.632618;50.0;;;;;;Interpoliert;133.4;0.67;asphalt;primary;Haardtring;3;Kurs 13
Routenpunkt (Way);T;Haardtring;49.867405;8.632772;50.0;;;;;;Interpoliert;133.3;0.64;asphalt;primary;Haardtring;3;Kurs 13
Routenpunkt (Way);T;Haardtring;49.867484;8.632925;50.0;;;;;;Original OSM;133.6;1.49;asphalt;primary;Haardtring;3;Kurs 13
Routenpunkt (Way);T;;49.867533;8.633022;50.0;;;;;;Interpoliert (15m);133.9;2.05;asphalt;primary;Haardtring;3;Kurs 13
Routenpunkt (Way);T;Haardtring;49.867583;8.633119;50.0;;;;;;Original OSM;134.2;2.38;asphalt;primary;Haardtring;3;Kurs 13
Routenpunkt (Way);T;Haardtring;49.867666;8.63327;50.0;;;;;;Interpoliert;134.5;2.1;asphalt;primary;Haardtring;3;Kurs 13
Routenpunkt (Way);T;Haardtring;49.867731;8.633383;50.0;;;;;;Original OSM;134.6;1.14;asphalt;primary;Haardtring;3;Kurs 13
Routenpunkt (Way);T;;49.867834;8.633497;50.0;;;;;;Interpoliert (15m);134.7;0.61;asphalt;primary;Haardtring;3;Kurs 13
Routenpunkt (Way);A;Ampel;49.867937;8.63361;50.0;;;;;;Interpoliert (15m);134.5;0.34;asphalt;primary;Haardtring;3;Kurs 13
Routenpunkt (Way);T;Haardtring;49.86804;8.633724;50.0;;;;;;Original OSM;134.6;0.32;asphalt;primary;Haardtring;3;Kurs 13
Routenpunkt (Way);T;;49.868154;8.633735;50.0;;;;;;Interpoliert (15m);134.7;-0.3;asphalt;primary;Haardtring;3;Kurs 13
Routenpunkt (Way);T;;49.868267;8.633746;50.0;;;;;;Interpoliert (15m);134.8;-0.61;asphalt;primary;Berliner Allee;3;Kurs 13
Routenpunkt (Way);T;Berliner Allee;49.86838;8.633757;50.0;;;;;;Interpoliert;134.5;-1.35;asphalt;primary;Berliner Allee;3;Kurs 13
Routenpunkt (Way);T;Berliner Allee;49.868467;8.633721;50.0;;;;;;Interpoliert;134.2;-1.99;asphalt;primary;Berliner Allee;3;Kurs 13
Routenpunkt (Way);T;Berliner Allee;49.868555;8.633685;50.0;;;;;;Original OSM;133.9;-2.48;asphalt;primary;Berliner Allee;3;Kurs 13
Routenpunkt (Way);T;Berliner Allee;49.868663;8.633644;50.0;;;;;;Interpoliert;133.6;-2.32;asphalt;primary;Berliner Allee;3;Kurs 13
Routenpunkt (Way);T;Berliner Allee;49.868772;8.633602;50.0;;;;;;Interpoliert;133.4;-1.56;asphalt;primary;Berliner Allee;3;Kurs 13
Routenpunkt (Way);T;Berliner Allee;49.86888;8.633561;50.0;;;;;;Interpoliert;133.2;-0.83;asphalt;primary;Berliner Allee;3;Kurs 13
Routenpunkt (Way);T;Berliner Allee;49.868988;8.63352;50.0;;;;;;Original OSM;133.3;-0.2;asphalt;primary;Berliner Allee;3;Kurs 13
Routenpunkt (Way);T;Berliner Allee;49.869113;8.633472;50.0;;;;;;Interpoliert;133.4;0.26;asphalt;primary;Berliner Allee;3;Kurs 13
Routenpunkt (Way);T;Berliner Allee;49.869238;8.633424;50.0;;;;;;Interpoliert;133.5;0.75;asphalt;primary;Berliner Allee;3;Kurs 13
Routenpunkt (Way);T;Berliner Allee;49.869363;8.633376;50.0;;;;;;Interpoliert;133.6;0.77;asphalt;primary;Berliner Allee;3;Kurs 13
Routenpunkt (Way);T;;49.869464;8.633338;50.0;;;;;;Interpoliert (15m);133.7;1.0;asphalt;primary;Berliner Allee;3;Kurs 13
Routenpunkt (Way);T;Berliner Allee;49.869564;8.633299;50.0;;;;;;Original OSM;133.8;1.24;asphalt;primary;Berliner Allee;3;Kurs 13
Routenpunkt (Way);T;;49.869657;8.633263;50.0;;;;;;Interpoliert (15m);134.0;1.29;asphalt;primary;Berliner Allee;3;Kurs 13
Routenpunkt (Way);T;;49.86975;8.633227;50.0;;;;;;Interpoliert (15m);134.2;1.26;asphalt;primary;Berliner Allee;3;Kurs 13
Routenpunkt (Way);T;Berliner Allee;49.869843;8.633191;50.0;;;;;;Original OSM;134.3;1.27;asphalt;primary;Berliner Allee;3;Kurs 13
Routenpunkt (Way);T;Berliner Allee;49.869961;8.633145;50.0;;;;;;Interpoliert;134.4;1.08;asphalt;primary;Berliner Allee;3;Kurs 13
Routenpunkt (Way);T;Berliner Allee;49.870057;8.633108;50.0;;;;;;Interpoliert;134.5;0.89;asphalt;primary;Berliner Allee;3;Kurs 13
Routenpunkt (Way);A;Ampel;49.870153;8.633087;50.0;;;;;;Interpoliert (15m);134.6;0.89;asphalt;primary;Berliner Allee;3;Kurs 13
Routenpunkt (Way);T;;49.870249;8.633066;50.0;;;;;;Interpoliert (15m);134.7;0.45;asphalt;primary;Berliner Allee;3;Kurs 13
Routenpunkt (Way);T;Berliner Allee;49.870344;8.633045;50.0;;;;;;Original OSM;134.8;-0.03;asphalt;primary;Berliner Allee;3;Kurs 13
Routenpunkt (Way);T;;49.870452;8.632953;50.0;;;;;;Interpoliert (15m);134.6;-0.65;asphalt;busway;Am Hauptbahnhof;3;Kurs 13
Routenpunkt (Way);T;Am Hauptbahnhof;49.870561;8.632861;50.0;;;;;;Interpoliert;134.4;-1.27;paving_stones;pedestrian;Am Hauptbahnhof;3;Kurs 13
Routenpunkt (Way);T;Am Hauptbahnhof;49.870668;8.632766;50.0;;;;;;Original OSM;134.1;-1.93;paving_stones;pedestrian;Am Hauptbahnhof;3;Kurs 13
Routenpunkt (Way);T;Am Hauptbahnhof;49.870777;8.632674;50.0;;;;;;Interpoliert;133.8;-2.12;paving_stones;pedestrian;Am Hauptbahnhof;3;Kurs 13
Routenpunkt (Way);T;Am Hauptbahnhof;49.870876;8.63259;50.0;;;;;;Interpoliert;133.5;-2.31;paving_stones;pedestrian;Am Hauptbahnhof;3;Kurs 13
Routenpunkt (Way);T;Am Hauptbahnhof;49.870975;8.632506;50.0;;;;;;Interpoliert;133.2;-2.3;paving_stones;pedestrian;Am Hauptbahnhof;3;Kurs 13
Routenpunkt (Way);T;Am Hauptbahnhof;49.871073;8.632422;50.0;;;;;;Interpoliert;132.9;-2.29;paving_stones;pedestrian;Am Hauptbahnhof;3;Kurs 13
Routenpunkt (Way);T;;49.871184;8.632328;50.0;;;;;;Interpoliert (15m);132.6;-1.81;paving_stones;pedestrian;Am Hauptbahnhof;3;Kurs 13
Routenpunkt (Way);T;Am Hauptbahnhof;49.871296;8.632234;50.0;;;;;;Original OSM;132.3;-0.79;paving_stones;pedestrian;Am Hauptbahnhof;3;Kurs 13
Routenpunkt (Way);T;;49.871384;8.632158;50.0;;;;;;Interpoliert (15m);132.3;0.26;paving_stones;pedestrian;Am Hauptbahnhof;3;Kurs 13
Routenpunkt (Way);T;Am Hauptbahnhof;49.871471;8.632083;50.0;;;;;;Interpoliert;132.6;0.87;paving_stones;pedestrian;Am Hauptbahnhof;3;Kurs 13
Routenpunkt (Way);T;Am Hauptbahnhof;49.871554;8.632013;50.0;;;;;;Original OSM;132.9;1.48;paving_stones;pedestrian;Am Hauptbahnhof;3;Kurs 13
Routenpunkt (Way);T;Am Hauptbahnhof;49.871638;8.631939;50.0;;;;;;Interpoliert;133.0;1.63;paving_stones;pedestrian;Am Hauptbahnhof;3;Kurs 13
Routenpunkt (Way);T;Am Hauptbahnhof;49.871722;8.631865;50.0;;;;;;Original OSM;133.1;1.25;paving_stones;pedestrian;Am Hauptbahnhof;3;Kurs 13
Routenpunkt (Way);T;;49.87183;8.631782;50.0;;;;;;Interpoliert (15m);133.2;0.83;asphalt;pedestrian;Am Hauptbahnhof;3;Kurs 13
Routenpunkt (Way);T;Am Hauptbahnhof;49.871937;8.631698;50.0;;;;;;Original OSM;133.3;0.32;paving_stones;pedestrian;Am Hauptbahnhof;3;Kurs 13
Haltestelle;W;Darmstadt Hauptbahnhof Ost;49.872047;8.631641;50.0;18:03:00;18:03:00;Kein Umlauf;Sa,So;1318.0;Original GTFS (Snap-Distanz 37m) | Auf Route gesnappt (37m);133.4;-0.18;paving_stones;pedestrian;Am Hauptbahnhof;3;Kurs 13
Routenpunkt (Way);T;;49.872159;8.631618;50.0;;;;;;Interpoliert (15m);133.2;-1.23;paving_stones;pedestrian;Am Hauptbahnhof;3;Kurs 13
Routenpunkt (Way);T;Am Hauptbahnhof;49.87227;8.631595;50.0;;;;;;Original OSM;133.0;-2.28;paving_stones;pedestrian;Am Hauptbahnhof;3;Kurs 13
Routenpunkt (Way);A;Ampel;49.87237;8.631577;50.0;;;;;;Interpoliert (15m);132.5;-3.33;paving_stones;pedestrian;Am Hauptbahnhof;3;Kurs 13
Routenpunkt (Way);T;;49.87247;8.631559;50.0;;;;;;Interpoliert (15m);132.0;-3.74;paving_stones;pedestrian;Am Hauptbahnhof;3;Kurs 13
Routenpunkt (Way);T;Am Hauptbahnhof;49.872569;8.631541;50.0;;;;;;Original OSM;131.5;-4.15;paving_stones;pedestrian;Am Hauptbahnhof;3;Kurs 13
Routenpunkt (Way);T;;49.872642;8.631521;50.0;;;;;;Interpoliert (15m);131.2;-3.66;paving_stones;pedestrian;Am Hauptbahnhof;3;Kurs 13
Routenpunkt (Way);T;Am Hauptbahnhof;49.872715;8.631501;50.0;;;;;;Original OSM;130.9;-2.41;paving_stones;pedestrian;Am Hauptbahnhof;3;Kurs 13
Routenpunkt (Way);T;Am Hauptbahnhof;49.872848;8.63148;50.0;;;;;;Original OSM;130.6;-1.16;paving_stones;pedestrian;Am Hauptbahnhof;3;Kurs 13
Routenpunkt (Way);T;Am Hauptbahnhof;49.872949;8.631464;50.0;;;;;;Interpoliert;130.8;0.45;paving_stones;pedestrian;Am Hauptbahnhof;3;Kurs 13
Routenpunkt (Way);T;Am Hauptbahnhof;49.873051;8.631448;50.0;;;;;;Interpoliert;131.0;2.07;paving_stones;pedestrian;Am Hauptbahnhof;3;Kurs 13
Routenpunkt (Way);T;Am Hauptbahnhof;49.873152;8.631432;50.0;;;;;;Interpoliert;131.5;3.22;paving_stones;pedestrian;Am Hauptbahnhof;3;Kurs 13
Routenpunkt (Way);T;Unbekannt;49.873254;8.631416;50.0;;;;;;Original OSM;132.0;3.62;paving_stones;pedestrian;Am Hauptbahnhof;3;Kurs 13
Routenpunkt (Way);T;Unbekannt;49.873373;8.631403;50.0;;;;;;Interpoliert;132.5;4.02;asphalt;service;;3;Kurs 13
Routenpunkt (Way);T;Unbekannt;49.873492;8.631391;50.0;;;;;;Interpoliert;133.0;3.89;asphalt;service;;3;Kurs 13
Routenpunkt (Way);T;Unbekannt;49.873611;8.631379;50.0;;;;;;Interpoliert;133.5;3.86;asphalt;service;;3;Kurs 13
Routenpunkt (Way);T;Unbekannt;49.87373;8.631367;50.0;;;;;;Interpoliert;134.0;3.62;asphalt;service;;3;Kurs 13
Routenpunkt (Way);T;;49.873819;8.631456;50.0;;;;;;Interpoliert (15m);134.5;2.53;asphalt;service;;3;Kurs 13
Routenpunkt (Way);T;;49.873907;8.631545;50.0;;;;;;Interpoliert (15m);134.8;1.43;asphalt;residential;Poststraße;3;Kurs 13
Routenpunkt (Way);T;;49.873996;8.631634;50.0;;;;;;Interpoliert (15m);134.6;0.37;asphalt;residential;Poststraße;3;Kurs 13
Routenpunkt (Way);T;Unbekannt;49.874085;8.631723;50.0;;;;;;Original OSM;134.4;-0.79;asphalt;residential;Poststraße;3;Kurs 13
Routenpunkt (Way);A;Ampel;49.874165;8.631854;50.0;;;;;;Interpoliert (15m);134.2;-1.61;asphalt;residential;Poststraße;3;Kurs 13
Routenpunkt (Way);T;;49.874245;8.631984;50.0;;;;;;Interpoliert (15m);134.0;-1.58;asphalt;residential;Poststraße;3;Kurs 13
Routenpunkt (Way);T;;49.874325;8.632114;50.0;;;;;;Interpoliert (15m);133.8;-1.57;asphalt;residential;Poststraße;3;Kurs 13
Routenpunkt (Way);T;Poststraße;49.874405;8.632245;50.0;;;;;;Original OSM;133.6;-2.1;asphalt;secondary;Goebelstraße;3;Kurs 13
Routenpunkt (Way);T;;49.874513;8.632254;50.0;;;;;;Interpoliert (15m);133.4;-2.76;asphalt;secondary;Goebelstraße;3;Kurs 13
Routenpunkt (Way);T;Goebelstraße;49.874621;8.632264;50.0;;;;;;Interpoliert;132.9;-3.04;asphalt;secondary;Goebelstraße;3;Kurs 13
Routenpunkt (Way);T;;49.874708;8.632309;50.0;;;;;;Interpoliert (15m);132.4;-3.31;asphalt;secondary;Goebelstraße;3;Kurs 13
Routenpunkt (Way);T;;49.874796;8.632354;50.0;;;;;;Interpoliert (15m);132.1;-3.57;asphalt;secondary;Goebelstraße;3;Kurs 13
Routenpunkt (Way);T;Goebelstraße;49.874883;8.6324;50.0;;;;;;Original OSM;131.8;-3.12;asphalt;secondary;Goebelstraße;3;Kurs 13
Routenpunkt (Way);T;;49.874914;8.632534;50.0;;;;;;Interpoliert (15m);131.5;-2.54;asphalt;secondary;Bismarckstraße;3;Kurs 13
Routenpunkt (Way);T;;49.874945;8.632669;50.0;;;;;;Interpoliert (15m);131.3;-2.24;asphalt;secondary;Bismarckstraße;3;Kurs 13
Routenpunkt (Way);T;Bismarckstraße;49.874976;8.632804;50.0;;;;;;Original OSM;131.1;-1.94;asphalt;secondary;Bismarckstraße;3;Kurs 13
Routenpunkt (Way);T;Bismarckstraße;49.874965;8.632997;50.0;;;;;;Interpoliert;130.9;-1.68;asphalt;secondary;Bismarckstraße;3;Kurs 13
Routenpunkt (Way);T;Bismarckstraße;49.874954;8.633191;50.0;;;;;;Original OSM;130.7;-1.13;asphalt;secondary;Bismarckstraße;3;Kurs 13
Routenpunkt (Way);T;Bismarckstraße;49.874948;8.633361;50.0;;;;;;Interpoliert;130.5;-0.58;asphalt;secondary;Bismarckstraße;3;Kurs 13
Routenpunkt (Way);T;Bismarckstraße;49.874943;8.633532;50.0;;;;;;Original OSM;130.6;-0.14;asphalt;secondary;Bismarckstraße;3;Kurs 13
Routenpunkt (Way);T;Bismarckstraße;49.874933;8.633712;50.0;;;;;;Interpoliert;130.7;0.3;asphalt;secondary;Bismarckstraße;3;Kurs 13
Routenpunkt (Way);T;Bismarckstraße;49.874923;8.633891;50.0;;;;;;Interpoliert;130.8;0.63;asphalt;secondary;Bismarckstraße;3;Kurs 13
Routenpunkt (Way);T;Bismarckstraße;49.874914;8.634071;50.0;;;;;;Interpoliert;130.9;0.28;asphalt;secondary;Bismarckstraße;3;Kurs 13
Routenpunkt (Way);T;Bismarckstraße;49.874904;8.634251;50.0;;;;;;Interpoliert;130.9;-0.06;asphalt;secondary;Bismarckstraße;3;Kurs 13
Routenpunkt (Way);A;Ampel;49.874927;8.634396;50.0;;;;;;Interpoliert (15m);130.8;-0.4;asphalt;secondary;Bismarckstraße;3;Kurs 13
Routenpunkt (Way);T;;49.874949;8.634542;50.0;;;;;;Interpoliert (15m);130.7;-0.7;asphalt;busway;;3;Kurs 13
Routenpunkt (Way);T;Bismarckstraße;49.874971;8.634688;50.0;;;;;;Original OSM;130.6;-0.84;asphalt;secondary;Kirschenallee;3;Kurs 13
Routenpunkt (Way);T;;49.875095;8.634734;50.0;;;;;;Interpoliert (15m);130.5;-0.8;asphalt;secondary;Kirschenallee;3;Kurs 13
Routenpunkt (Way);T;;49.875219;8.634781;50.0;;;;;;Interpoliert (15m);130.4;-0.8;asphalt;secondary;Kirschenallee;3;Kurs 13
Routenpunkt (Way);T;Kirschenallee;49.875342;8.634827;50.0;;;;;;Interpoliert;130.3;-0.42;asphalt;secondary;Kirschenallee;3;Kurs 13
Routenpunkt (Way);T;Kirschenallee;49.875438;8.634846;50.0;;;;;;Interpoliert;130.2;-0.14;asphalt;secondary;Kirschenallee;3;Kurs 13
Routenpunkt (Way);T;Kirschenallee;49.875533;8.634864;50.0;;;;;;Original OSM;130.3;0.51;asphalt;secondary;Kirschenallee;3;Kurs 13
Routenpunkt (Way);T;Kirschenallee;49.875656;8.634885;50.0;;;;;;Interpoliert;130.4;1.15;asphalt;secondary;Kirschenallee;3;Kurs 13
Routenpunkt (Way);T;;49.875726;8.634866;50.0;;;;;;Interpoliert (15m);130.6;1.97;asphalt;secondary;Kirschenallee;3;Kurs 13
Routenpunkt (Way);T;Kirschenallee;49.875797;8.634848;50.0;;;;;;Original OSM;130.8;2.11;asphalt;secondary;Kirschenallee;3;Kurs 13
Haltestelle;W;Darmstadt Evonik;49.875854;8.634841;50.0;18:06:00;18:06:00;Kein Umlauf;Sa,So;1318.0;Original GTFS (Snap-Distanz 4m) | Auf Route gesnappt (4m);131.0;2.38;asphalt;secondary;Kirschenallee;3;Kurs 13
Routenpunkt (Way);T;Evonik (Bussteig Westseite);49.875963;8.634866;50.0;;;;;;Original OSM;131.2;2.29;asphalt;secondary;Kirschenallee;3;Kurs 13
Routenpunkt (Way);T;;49.876048;8.634895;50.0;;;;;;Interpoliert (15m);131.4;2.18;asphalt;secondary;Kirschenallee;3;Kurs 13
Routenpunkt (Way);T;Kirschenallee;49.876132;8.634925;50.0;;;;;;Original OSM;131.6;1.94;asphalt;secondary;Kirschenallee;3;Kurs 13
Routenpunkt (Way);T;Kirschenallee;49.876223;8.634942;50.0;;;;;;Original OSM;131.8;1.62;asphalt;secondary;Kirschenallee;3;Kurs 13
Routenpunkt (Way);T;Kirschenallee;49.876313;8.634963;50.0;;;;;;Interpoliert;132.0;1.2;asphalt;secondary;Kirschenallee;3;Kurs 13
Routenpunkt (Way);T;Kirschenallee;49.876403;8.634983;50.0;;;;;;Original OSM;132.0;0.79;asphalt;secondary;Kirschenallee;3;Kurs 13
Routenpunkt (Way);T;Kirschenallee;49.876525;8.635006;50.0;;;;;;Interpoliert;132.0;0.4;asphalt;secondary;Kirschenallee;3;Kurs 13
Routenpunkt (Way);T;Kirschenallee;49.876647;8.635029;50.0;;;;;;Interpoliert;132.0;0.0;asphalt;secondary;Kirschenallee;3;Kurs 13
Routenpunkt (Way);T;Kirschenallee;49.87677;8.635051;50.0;;;;;;Interpoliert;132.0;0.0;asphalt;secondary;Kirschenallee;3;Kurs 13
Routenpunkt (Way);T;Kirschenallee;49.876892;8.635074;50.0;;;;;;Interpoliert;132.0;0.0;asphalt;secondary;Kirschenallee;3;Kurs 13
Routenpunkt (Way);T;Kirschenallee;49.877014;8.635097;50.0;;;;;;Interpoliert;132.0;-0.42;asphalt;secondary;Kirschenallee;3;Kurs 13
Routenpunkt (Way);T;;49.877098;8.635121;50.0;;;;;;Interpoliert (15m);132.0;-0.88;asphalt;secondary;Kirschenallee;3;Kurs 13
Routenpunkt (Way);T;Kirschenallee;49.877183;8.635146;50.0;;;;;;Original OSM;131.8;-1.33;asphalt;secondary;Kirschenallee;3;Kurs 13
Routenpunkt (Way);T;;49.87726;8.635165;50.0;;;;;;Interpoliert (15m);131.6;-1.6;asphalt;secondary;Kirschenallee;3;Kurs 13
Routenpunkt (Way);T;Kirschenallee;49.877338;8.635185;50.0;;;;;;Interpoliert;131.4;-1.87;asphalt;secondary;Kirschenallee;3;Kurs 13
Routenpunkt (Way);T;Kirschenallee;49.87747;8.63521;50.0;;;;;;Interpoliert;131.2;-1.72;asphalt;secondary;;3;Kurs 13
Routenpunkt (Way);T;Kirschenallee;49.877603;8.635235;50.0;;;;;;Interpoliert;131.0;-1.67;asphalt;secondary;Kirschenallee;3;Kurs 13
Routenpunkt (Way);T;Kirschenallee;49.877735;8.635261;50.0;;;;;;Interpoliert;130.8;-1.62;asphalt;secondary;Kirschenallee;3;Kurs 13
Routenpunkt (Way);T;Kirschenallee;49.877867;8.635286;50.0;;;;;;Interpoliert;130.5;-1.75;asphalt;secondary;Kirschenallee;3;Kurs 13
Routenpunkt (Way);T;Kirschenallee;49.878;8.635312;50.0;;;;;;Interpoliert;130.2;-1.89;asphalt;secondary;Kirschenallee;3;Kurs 13
Routenpunkt (Way);T;Kirschenallee;49.878132;8.635337;50.0;;;;;;Interpoliert;129.9;-1.75;asphalt;secondary;Kirschenallee;3;Kurs 13
Routenpunkt (Way);T;Kirschenallee;49.878265;8.635362;50.0;;;;;;Interpoliert;129.6;-1.48;asphalt;secondary;Kirschenallee;3;Kurs 13
Routenpunkt (Way);T;Kirschenallee;49.878397;8.635388;50.0;;;;;;Interpoliert;129.5;-1.21;asphalt;secondary;Kirschenallee;3;Kurs 13
Routenpunkt (Way);T;Kirschenallee;49.878529;8.635413;50.0;;;;;;Interpoliert;129.4;-0.96;asphalt;secondary;Kirschenallee;3;Kurs 13
Routenpunkt (Way);T;Kirschenallee;49.878662;8.635438;50.0;;;;;;Original OSM;129.3;-0.56;asphalt;secondary;Kirschenallee;3;Kurs 13
Routenpunkt (Way);T;Kirschenallee;49.87878;8.635463;50.0;;;;;;Interpoliert;129.2;-0.42;asphalt;secondary;Kirschenallee;3;Kurs 13
Routenpunkt (Way);T;Kirschenallee;49.878899;8.635488;50.0;;;;;;Original OSM;129.2;-0.06;asphalt;secondary;Kirschenallee;3;Kurs 13
Routenpunkt (Way);T;;49.878978;8.635504;50.0;;;;;;Interpoliert (15m);129.2;0.31;asphalt;secondary;Kirschenallee;3;Kurs 13
Routenpunkt (Way);T;Kirschenallee;49.879058;8.635521;50.0;;;;;;Original OSM;129.3;0.69;asphalt;secondary;Kirschenallee;3;Kurs 13
Routenpunkt (Way);T;;49.879135;8.63554;50.0;;;;;;Interpoliert (15m);129.4;0.83;asphalt;secondary;Kirschenallee;3;Kurs 13
Routenpunkt (Way);A;Kirschenallee (Ampel);49.879211;8.63556;50.0;;;;;;Original OSM;129.5;0.98;asphalt;secondary;Kirschenallee;3;Kurs 13
Routenpunkt (Way);T;Kirschenallee;49.879337;8.635602;50.0;;;;;;Original OSM;129.6;1.01;asphalt;secondary;Kirschenallee;3;Kurs 13
Routenpunkt (Way);T;Kirschenallee;49.879453;8.635651;50.0;;;;;;Original OSM;129.7;1.29;asphalt;secondary;Kirschenallee;3;Kurs 13
Routenpunkt (Way);T;;49.879519;8.635688;50.0;;;;;;Interpoliert (15m);129.8;1.06;asphalt;secondary;Kirschenallee;3;Kurs 13
Routenpunkt (Way);T;Kirschenallee;49.879585;8.635724;50.0;;;;;;Original OSM;130.0;1.3;asphalt;secondary;Kirschenallee;3;Kurs 13
Haltestelle;W;Darmstadt Mainzer Straße;49.879585;8.635724;50.0;18:07:00;18:07:00;Kein Umlauf;Sa,So;1318.0;Original GTFS (Snap-Distanz 0m) | Auf Route gesnappt (0m);130.2;1.52;asphalt;secondary;Kirschenallee;3;Kurs 13
Routenpunkt (Way);T;Mainzer Straße (Richtung Süd);49.879679;8.635726;50.0;;;;;;Interpoliert;130.4;1.62;asphalt;secondary;Kirschenallee;3;Kurs 13
Routenpunkt (Way);T;;49.879763;8.635808;50.0;;;;;;Interpoliert (15m);130.6;1.44;asphalt;secondary;Kirschenallee;3;Kurs 13
Routenpunkt (Way);T;Kirschenallee;49.879847;8.63589;50.0;;;;;;Interpoliert;130.8;1.79;asphalt;secondary;Kirschenallee;3;Kurs 13
Routenpunkt (Way);T;Kirschenallee;49.879948;8.635959;50.0;;;;;;Original OSM;131.0;1.75;asphalt;secondary;Kirschenallee;3;Kurs 13
Routenpunkt (Way);T;Kirschenallee;49.880044;8.636014;50.0;;;;;;Interpoliert;131.2;1.74;asphalt;secondary;Kirschenallee;3;Kurs 13
Routenpunkt (Way);T;Kirschenallee;49.880141;8.63607;50.0;;;;;;Interpoliert;131.4;1.69;asphalt;secondary;Kirschenallee;3;Kurs 13
Routenpunkt (Way);T;Kirschenallee;49.880237;8.636125;50.0;;;;;;Original OSM;131.6;1.52;asphalt;secondary;Kirschenallee;3;Kurs 13
Routenpunkt (Way);T;Kirschenallee;49.880344;8.636188;50.0;;;;;;Interpoliert;131.8;1.33;asphalt;secondary;Kirschenallee;3;Kurs 13
Routenpunkt (Way);T;Kirschenallee;49.880452;8.63625;50.0;;;;;;Interpoliert;131.9;0.98;asphalt;secondary;Kirschenallee;3;Kurs 13
Routenpunkt (Way);T;Kirschenallee;49.880559;8.636313;50.0;;;;;;Interpoliert;132.0;0.47;asphalt;secondary;Kirschenallee;3;Kurs 13
Routenpunkt (Way);T;Kirschenallee;49.880666;8.636375;50.0;;;;;;Interpoliert;132.0;0.01;asphalt;secondary;Kirschenallee;3;Kurs 13
Routenpunkt (Way);T;Kirschenallee;49.880773;8.636438;50.0;;;;;;Original OSM;131.9;-0.3;asphalt;secondary;Kirschenallee;3;Kurs 13
Routenpunkt (Way);T;Kirschenallee;49.880887;8.636504;50.0;;;;;;Interpoliert;131.8;-0.6;asphalt;secondary;Kirschenallee;3;Kurs 13
Routenpunkt (Way);T;Kirschenallee;49.881001;8.636571;50.0;;;;;;Interpoliert;131.7;-0.89;asphalt;secondary;Kirschenallee;3;Kurs 13
Routenpunkt (Way);T;Kirschenallee;49.881116;8.636638;50.0;;;;;;Interpoliert;131.6;-1.03;asphalt;secondary;Kirschenallee;3;Kurs 13
Routenpunkt (Way);T;Kirschenallee;49.88123;8.636704;50.0;;;;;;Interpoliert;131.4;-1.18;asphalt;secondary;Kirschenallee;3;Kurs 13
Routenpunkt (Way);T;Kirschenallee;49.881344;8.636771;50.0;;;;;;Interpoliert;131.2;-1.33;asphalt;secondary;Kirschenallee;3;Kurs 13
Routenpunkt (Way);T;Kirschenallee;49.881458;8.636837;50.0;;;;;;Interpoliert;131.0;-1.48;asphalt;secondary;Kirschenallee;3;Kurs 13
Routenpunkt (Way);T;Kirschenallee;49.881572;8.636904;50.0;;;;;;Interpoliert;130.8;-1.48;asphalt;secondary;Kirschenallee;3;Kurs 13
Routenpunkt (Way);T;Kirschenallee;49.881686;8.636971;50.0;;;;;;Interpoliert;130.6;-1.33;asphalt;secondary;Kirschenallee;3;Kurs 13
Routenpunkt (Way);T;Kirschenallee;49.8818;8.637037;50.0;;;;;;Interpoliert;130.4;-1.04;asphalt;secondary;Kirschenallee;3;Kurs 13
Routenpunkt (Way);T;;49.881906;8.637119;50.0;;;;;;Interpoliert (15m);130.3;-0.74;asphalt;secondary;Kirschenallee;3;Kurs 13
Routenpunkt (Way);T;;49.882013;8.637202;50.0;;;;;;Interpoliert (15m);130.3;-0.28;asphalt;secondary;Kirschenallee;3;Kurs 13
Routenpunkt (Way);T;Kirschenallee;49.882119;8.637284;50.0;;;;;;Original OSM;130.3;0.33;asphalt;secondary;Kirschenallee;3;Kurs 13
Routenpunkt (Way);T;;49.882206;8.637392;50.0;;;;;;Interpoliert (15m);130.4;0.81;asphalt;secondary;Kirschenallee;3;Kurs 13
Routenpunkt (Way);T;;49.882293;8.6375;50.0;;;;;;Interpoliert (15m);130.6;1.14;asphalt;secondary;Kirschenallee;3;Kurs 13
Routenpunkt (Way);T;Kirschenallee;49.88238;8.637608;50.0;;;;;;Interpoliert;130.8;1.46;asphalt;secondary;Kirschenallee;3;Kurs 13
Routenpunkt (Way);T;Kirschenallee;49.88246;8.637719;50.0;;;;;;Original OSM;131.0;1.46;asphalt;secondary;Kirschenallee;3;Kurs 13
Routenpunkt (Way);T;Kirschenallee;49.882544;8.637835;50.0;;;;;;Interpoliert;131.2;1.3;asphalt;secondary;Kirschenallee;3;Kurs 13
Routenpunkt (Way);T;Kirschenallee;49.882628;8.63795;50.0;;;;;;Interpoliert;131.3;1.13;asphalt;secondary;Kirschenallee;3;Kurs 13
Routenpunkt (Way);T;Kirschenallee;49.882713;8.638066;50.0;;;;;;Interpoliert;131.4;0.8;asphalt;secondary;Kirschenallee;3;Kurs 13
Routenpunkt (Way);T;Kirschenallee;49.882797;8.638181;50.0;;;;;;Original OSM;131.5;0.3;asphalt;secondary;Kirschenallee;3;Kurs 13
Routenpunkt (Way);T;Kirschenallee;49.882892;8.638312;50.0;;;;;;Interpoliert;131.5;-0.23;asphalt;secondary;Kirschenallee;3;Kurs 13
Routenpunkt (Way);A;Ampel;49.882987;8.638353;50.0;;;;;;Interpoliert (15m);131.4;-0.75;asphalt;secondary;Kirschenallee;3;Kurs 13
Routenpunkt (Way);T;;49.883082;8.638394;50.0;;;;;;Interpoliert (15m);131.2;-1.25;asphalt;secondary;Kirschenallee;3;Kurs 13
Routenpunkt (Way);T;Kirschenallee;49.883177;8.638435;50.0;;;;;;Original OSM;131.0;-1.6;sett;service;;3;Kurs 13
Routenpunkt (Way);T;;49.883262;8.638339;50.0;;;;;;Interpoliert (15m);130.8;-1.91;sett;service;;3;Kurs 13
Haltestelle;W;Darmstadt Windmühle;49.883347;8.638242;50.0;18:08:00;18:08:00;Kein Umlauf;Sa,So;1318.0;Original GTFS (Snap-Distanz 1m) | Auf Route gesnappt (1m);130.6;-1.72;sett;service;;3;Kurs 13
Routenpunkt (Way);T;Windmühle (Richtung Südost);49.883393;8.638156;50.0;;;;;;Original OSM;130.4;-1.53;sett;service;;3;Kurs 13
Routenpunkt (Way);T;;49.883486;8.638085;50.0;;;;;;Interpoliert (15m);130.3;-1.36;sett;service;;3;Kurs 13
Routenpunkt (Way);T;Unbekannt;49.883579;8.638015;50.0;;;;;;Original OSM;130.2;-1.19;sett;service;;3;Kurs 13
Routenpunkt (Way);T;;49.883675;8.637952;50.0;;;;;;Interpoliert (15m);130.1;-0.86;sett;service;;3;Kurs 13
Routenpunkt (Way);T;;49.883771;8.637889;50.0;;;;;;Interpoliert (15m);130.0;-0.91;asphalt;primary;Gräfenhäuser Straße;3;Kurs 13
Routenpunkt (Way);T;Gräfenhäuser Straße;49.883868;8.637826;50.0;;;;;;Original OSM;129.9;-0.96;asphalt;primary;Gräfenhäuser Straße;3;Kurs 13
Routenpunkt (Way);T;;49.88393;8.637745;50.0;;;;;;Interpoliert (15m);129.8;-0.92;asphalt;primary;Gräfenhäuser Straße;3;Kurs 13
Routenpunkt (Way);T;Gräfenhäuser Straße;49.883992;8.637664;50.0;;;;;;Interpoliert;129.7;-0.89;asphalt;primary;Gräfenhäuser Straße;3;Kurs 13
Routenpunkt (Way);T;Gräfenhäuser Straße;49.884094;8.637531;50.0;;;;;;Interpoliert;129.6;-0.85;asphalt;primary;Gräfenhäuser Straße;3;Kurs 13
Routenpunkt (Way);T;Gräfenhäuser Straße;49.884196;8.637397;50.0;;;;;;Interpoliert;129.5;-1.03;asphalt;primary;Gräfenhäuser Straße;3;Kurs 13
Routenpunkt (Way);T;Gräfenhäuser Straße;49.884298;8.637264;50.0;;;;;;Interpoliert;129.4;-1.27;asphalt;primary;Gräfenhäuser Straße;3;Kurs 13
Routenpunkt (Way);T;Gräfenhäuser Straße;49.8844;8.63713;50.0;;;;;;Interpoliert;129.1;-1.59;asphalt;primary;Gräfenhäuser Straße;3;Kurs 13
Routenpunkt (Way);T;;49.88449;8.637013;50.0;;;;;;Interpoliert (15m);128.8;-1.92;asphalt;primary;Gräfenhäuser Straße;3;Kurs 13
Routenpunkt (Way);T;;49.88458;8.636895;50.0;;;;;;Interpoliert (15m);128.5;-2.07;asphalt;primary;Gräfenhäuser Straße;3;Kurs 13
Routenpunkt (Way);A;Gräfenhäuser Straße (Ampel);49.884669;8.636778;50.0;;;;;;Original OSM;128.2;-1.95;asphalt;primary;Gräfenhäuser Straße;3;Kurs 13
Routenpunkt (Way);T;;49.884764;8.636652;50.0;;;;;;Interpoliert (15m);128.0;-1.8;asphalt;primary;Gräfenhäuser Straße;3;Kurs 13
Routenpunkt (Way);T;Gräfenhäuser Straße;49.88486;8.636525;50.0;;;;;;Interpoliert;127.8;-2.0;asphalt;primary;Gräfenhäuser Straße;3;Kurs 13
Routenpunkt (Way);T;Gräfenhäuser Straße;49.884949;8.636402;50.0;;;;;;Original OSM;127.6;-2.21;asphalt;primary;Gräfenhäuser Straße;3;Kurs 13
Routenpunkt (Way);T;;49.885009;8.636319;50.0;;;;;;Interpoliert (15m);127.3;-2.33;asphalt;primary;Gräfenhäuser Straße;3;Kurs 13
Routenpunkt (Way);T;Gräfenhäuser Straße;49.88507;8.636236;50.0;;;;;;Interpoliert;127.0;-2.17;asphalt;primary;Gräfenhäuser Straße;3;Kurs 13
Routenpunkt (Way);T;Gräfenhäuser Straße;49.88517;8.636098;50.0;;;;;;Interpoliert;126.7;-2.01;asphalt;primary;Gräfenhäuser Straße;3;Kurs 13
Routenpunkt (Way);T;Gräfenhäuser Straße;49.88527;8.63596;50.0;;;;;;Interpoliert;126.6;-1.47;asphalt;primary;Gräfenhäuser Straße;3;Kurs 13
Routenpunkt (Way);T;Gräfenhäuser Straße;49.88537;8.635822;50.0;;;;;;Interpoliert;126.5;-0.94;asphalt;primary;Gräfenhäuser Straße;3;Kurs 13
Routenpunkt (Way);T;Gräfenhäuser Straße;49.885469;8.635684;50.0;;;;;;Interpoliert;126.4;-0.81;asphalt;primary;Gräfenhäuser Straße;3;Kurs 13
Routenpunkt (Way);T;Gräfenhäuser Straße;49.885569;8.635546;50.0;;;;;;Interpoliert;126.3;-0.94;asphalt;primary;Gräfenhäuser Straße;3;Kurs 13
Routenpunkt (Way);T;Gräfenhäuser Straße;49.885669;8.635408;50.0;;;;;;Original OSM;126.1;-1.13;asphalt;primary;Gräfenhäuser Straße;3;Kurs 13
Routenpunkt (Way);T;Gräfenhäuser Straße;49.885772;8.635277;50.0;;;;;;Original OSM;125.9;-1.16;asphalt;primary;Gräfenhäuser Straße;3;Kurs 13
Routenpunkt (Way);T;Gräfenhäuser Straße;49.885857;8.635164;50.0;;;;;;Interpoliert;125.7;-1.18;asphalt;primary;Gräfenhäuser Straße;3;Kurs 13
Routenpunkt (Way);T;Gräfenhäuser Straße;49.885943;8.635052;50.0;;;;;;Interpoliert;125.6;-1.09;asphalt;primary;Gräfenhäuser Straße;3;Kurs 13
Routenpunkt (Way);T;Gräfenhäuser Straße;49.886029;8.634939;50.0;;;;;;Interpoliert;125.5;-1.01;asphalt;primary;Gräfenhäuser Straße;3;Kurs 13
Routenpunkt (Way);T;;49.886104;8.634841;50.0;;;;;;Interpoliert (15m);125.4;-0.87;asphalt;primary;Gräfenhäuser Straße;3;Kurs 13
Routenpunkt (Way);T;Gräfenhäuser Straße;49.886179;8.634742;50.0;;;;;;Original OSM;125.3;-0.71;asphalt;primary;Gräfenhäuser Straße;3;Kurs 13
Routenpunkt (Way);T;;49.886255;8.634641;50.0;;;;;;Interpoliert (15m);125.2;-0.39;asphalt;primary;Gräfenhäuser Straße;3;Kurs 13
Routenpunkt (Way);T;Gräfenhäuser Straße;49.88633;8.634539;50.0;;;;;;Interpoliert;125.2;0.1;asphalt;primary;Gräfenhäuser Straße;3;Kurs 13
Routenpunkt (Way);T;Gräfenhäuser Straße;49.886417;8.634419;50.0;;;;;;Interpoliert;125.3;0.65;asphalt;primary;Gräfenhäuser Straße;3;Kurs 13
Routenpunkt (Way);T;Gräfenhäuser Straße;49.886504;8.6343;50.0;;;;;;Interpoliert;125.5;1.19;asphalt;primary;Gräfenhäuser Straße;3;Kurs 13
Routenpunkt (Way);T;;49.886578;8.634197;50.0;;;;;;Interpoliert (15m);125.7;1.57;asphalt;primary;Gräfenhäuser Straße;3;Kurs 13
Routenpunkt (Way);T;Gräfenhäuser Straße;49.886652;8.634094;50.0;;;;;;Original OSM;125.9;1.79;asphalt;primary;Gräfenhäuser Straße;3;Kurs 13
Routenpunkt (Way);T;;49.886724;8.633996;50.0;;;;;;Interpoliert (15m);126.1;1.48;asphalt;primary;Gräfenhäuser Straße;3;Kurs 13
Routenpunkt (Way);T;Gräfenhäuser Straße;49.886795;8.633898;50.0;;;;;;Interpoliert;126.3;1.12;asphalt;primary;Gräfenhäuser Straße;3;Kurs 13
Routenpunkt (Way);T;Gräfenhäuser Straße;49.886877;8.633789;50.0;;;;;;Interpoliert;126.3;0.75;asphalt;primary;Gräfenhäuser Straße;3;Kurs 13
Routenpunkt (Way);T;Gräfenhäuser Straße;49.886958;8.633679;50.0;;;;;;Original OSM;126.3;0.24;asphalt;primary;Gräfenhäuser Straße;3;Kurs 13
Routenpunkt (Way);T;Gräfenhäuser Straße;49.887049;8.633558;50.0;;;;;;Original OSM;126.3;-0.69;asphalt;primary;Gräfenhäuser Straße;3;Kurs 13
Routenpunkt (Way);T;Gräfenhäuser Straße;49.887151;8.633429;50.0;;;;;;Interpoliert;126.2;-1.43;asphalt;primary;Gräfenhäuser Straße;3;Kurs 13
Routenpunkt (Way);T;Gräfenhäuser Straße;49.887253;8.6333;50.0;;;;;;Original OSM;125.8;-2.17;asphalt;primary;Gräfenhäuser Straße;3;Kurs 13
Routenpunkt (Way);T;Gräfenhäuser Straße;49.887329;8.633207;50.0;;;;;;Interpoliert;125.4;-2.79;asphalt;primary;Gräfenhäuser Straße;3;Kurs 13
Routenpunkt (Way);T;Gräfenhäuser Straße;49.887405;8.633114;50.0;;;;;;Original OSM;125.0;-3.28;asphalt;primary;Gräfenhäuser Straße;3;Kurs 13
Routenpunkt (Way);T;Gräfenhäuser Straße;49.887497;8.633005;50.0;;;;;;Original OSM;124.6;-3.38;asphalt;primary;Gräfenhäuser Straße;3;Kurs 13
Routenpunkt (Way);T;Gräfenhäuser Straße;49.887581;8.632882;50.0;;;;;;Interpoliert;124.2;-2.97;asphalt;primary;Gräfenhäuser Straße;3;Kurs 13
Routenpunkt (Way);T;;49.887673;8.632789;50.0;;;;;;Interpoliert (15m);123.8;-2.55;asphalt;primary;Gräfenhäuser Straße;3;Kurs 13
Routenpunkt (Way);T;Gräfenhäuser Straße;49.887765;8.632696;50.0;;;;;;Original OSM;123.6;-1.44;asphalt;primary;Gräfenhäuser Straße;3;Kurs 13
Routenpunkt (Way);T;;49.887875;8.632694;50.0;;;;;;Interpoliert (15m);123.4;-0.3;asphalt;primary;Gräfenhäuser Straße;3;Kurs 13
Haltestelle;W;Darmstadt Otto-Röhm-Straße;49.887985;8.632692;50.0;18:10:00;18:10:00;Kein Umlauf;Sa,So;1318.0;Original GTFS (Snap-Distanz 8m) | Auf Route gesnappt (8m);123.7;1.23;asphalt;primary;;3;Kurs 13
Routenpunkt (Way);A;Ampel;49.888084;8.632735;50.0;;;;;;Interpoliert (15m);124.0;2.43;asphalt;primary;Gräfenhäuser Straße;3;Kurs 13
Routenpunkt (Way);T;;49.888184;8.632777;50.0;;;;;;Interpoliert (15m);124.5;3.61;asphalt;primary;Gräfenhäuser Straße;3;Kurs 13
Routenpunkt (Way);T;Gräfenhäuser Straße;49.888283;8.63282;50.0;;;;;;Original OSM;125.0;3.97;asphalt;primary;Gräfenhäuser Straße;3;Kurs 13
Routenpunkt (Way);T;;49.888379;8.632888;50.0;;;;;;Interpoliert (15m);125.5;4.13;asphalt;tertiary;Otto-Röhm-Straße;3;Kurs 13
Routenpunkt (Way);T;;49.888475;8.632957;50.0;;;;;;Interpoliert (15m);126.0;3.94;asphalt;tertiary;Otto-Röhm-Straße;3;Kurs 13
Routenpunkt (Way);T;;49.888571;8.633026;50.0;;;;;;Interpoliert (15m);126.4;3.62;asphalt;tertiary;Otto-Röhm-Straße;3;Kurs 13
Routenpunkt (Way);T;Otto-Röhm-Straße;49.888667;8.633095;50.0;;;;;;Original OSM;126.8;3.16;asphalt;tertiary;Otto-Röhm-Straße;3;Kurs 13
Routenpunkt (Way);T;Otto-Röhm-Straße;49.88878;8.633192;50.0;;;;;;Original OSM;127.2;1.72;asphalt;tertiary;Otto-Röhm-Straße;3;Kurs 13
Routenpunkt (Way);T;Otto-Röhm-Straße;49.888859;8.633266;50.0;;;;;;Interpoliert;127.4;0.63;asphalt;tertiary;Otto-Röhm-Straße;3;Kurs 13
Routenpunkt (Way);T;Otto-Röhm-Straße;49.888938;8.63334;50.0;;;;;;Original OSM;127.1;-0.5;asphalt;tertiary;Otto-Röhm-Straße;3;Kurs 13
Routenpunkt (Way);T;Otto-Röhm-Straße;49.889045;8.633453;50.0;;;;;;Original OSM;126.8;-1.54;asphalt;tertiary;Otto-Röhm-Straße;3;Kurs 13
Routenpunkt (Way);T;Otto-Röhm-Straße;49.889137;8.633574;50.0;;;;;;Original OSM;126.5;-2.58;asphalt;tertiary;Otto-Röhm-Straße;3;Kurs 13
Routenpunkt (Way);T;;49.889219;8.633691;50.0;;;;;;Interpoliert (15m);126.2;-2.75;asphalt;tertiary;Otto-Röhm-Straße;3;Kurs 13
Routenpunkt (Way);T;Otto-Röhm-Straße;49.889301;8.633808;50.0;;;;;;Original OSM;125.8;-2.9;asphalt;tertiary;Otto-Röhm-Straße;3;Kurs 13
Routenpunkt (Way);T;;49.889361;8.633923;50.0;;;;;;Interpoliert (15m);125.4;-3.02;asphalt;tertiary;Otto-Röhm-Straße;3;Kurs 13
Routenpunkt (Way);T;;49.889422;8.634038;50.0;;;;;;Interpoliert (15m);125.1;-3.03;asphalt;tertiary;Otto-Röhm-Straße;3;Kurs 13
Routenpunkt (Way);T;Otto-Röhm-Straße;49.889482;8.634153;50.0;;;;;;Original OSM;124.8;-2.39;asphalt;tertiary;Otto-Röhm-Straße;3;Kurs 13
Routenpunkt (Way);T;Otto-Röhm-Straße;49.889535;8.634298;50.0;;;;;;Interpoliert;124.5;-1.63;asphalt;tertiary;Otto-Röhm-Straße;3;Kurs 13
Routenpunkt (Way);T;Otto-Röhm-Straße;49.889588;8.634444;50.0;;;;;;Original OSM;124.5;-1.07;asphalt;tertiary;Otto-Röhm-Straße;3;Kurs 13
Routenpunkt (Way);T;Otto-Röhm-Straße;49.889614;8.634586;50.0;;;;;;Interpoliert;124.5;-0.5;asphalt;tertiary;Otto-Röhm-Straße;3;Kurs 13
Routenpunkt (Way);T;Otto-Röhm-Straße;49.88964;8.634728;50.0;;;;;;Interpoliert;124.5;0.0;asphalt;tertiary;Otto-Röhm-Straße;3;Kurs 13
Routenpunkt (Way);T;Otto-Röhm-Straße;49.889667;8.63487;50.0;;;;;;Original OSM;124.5;0.67;asphalt;tertiary;Otto-Röhm-Straße;3;Kurs 13
Routenpunkt (Way);T;Otto-Röhm-Straße;49.889685;8.635044;50.0;;;;;;Original OSM;124.5;1.33;asphalt;tertiary;Otto-Röhm-Straße;3;Kurs 13
Routenpunkt (Way);T;;49.889695;8.635211;50.0;;;;;;Interpoliert (15m);124.9;2.0;asphalt;tertiary;Otto-Röhm-Straße;3;Kurs 13
Routenpunkt (Way);T;;49.889705;8.635377;50.0;;;;;;Interpoliert (15m);125.3;2.62;asphalt;tertiary;Otto-Röhm-Straße;3;Kurs 13
Routenpunkt (Way);T;Otto-Röhm-Straße;49.889715;8.635544;50.0;;;;;;Original OSM;125.7;3.24;asphalt;tertiary;Otto-Röhm-Straße;3;Kurs 13
Routenpunkt (Way);T;;49.889723;8.635724;50.0;;;;;;Interpoliert (15m);126.1;3.03;asphalt;tertiary;Otto-Röhm-Straße;3;Kurs 13
Routenpunkt (Way);T;;49.88973;8.635904;50.0;;;;;;Interpoliert (15m);126.5;2.81;asphalt;tertiary;Otto-Röhm-Straße;3;Kurs 13
Routenpunkt (Way);T;Otto-Röhm-Straße;49.889738;8.636085;50.0;;;;;;Interpoliert;126.8;2.98;asphalt;tertiary;Otto-Röhm-Straße;3;Kurs 13
Routenpunkt (Way);T;Otto-Röhm-Straße;49.889745;8.636275;50.0;;;;;;Original OSM;127.1;3.21;asphalt;tertiary;Otto-Röhm-Straße;3;Kurs 13
Routenpunkt (Way);T;;49.889777;8.636398;50.0;;;;;;Interpoliert (15m);127.5;2.59;asphalt;tertiary;Otto-Röhm-Straße;3;Kurs 13
Routenpunkt (Way);T;Wöhlerweg;49.889809;8.63652;50.0;;;;;;Original OSM;127.9;2.4;asphalt;tertiary;Otto-Röhm-Straße;3;Kurs 13
Haltestelle;W;Darmstadt Wöhlerweg;49.889809;8.63652;50.0;;;Kein Umlauf;Sa,So;1318.0;Original GTFS (Snap-Distanz 4m) | Auf Route gesnappt (4m);128.3;2.1;asphalt;tertiary;Otto-Röhm-Straße;3;Kurs 13
Routenpunkt (Way);T;Wöhlerweg;49.889782;8.636613;50.0;;;;;;Original OSM;128.4;1.4;asphalt;tertiary;Otto-Röhm-Straße;3;Kurs 13
Routenpunkt (Way);T;;49.889786;8.636815;50.0;;;;;;Interpoliert (15m);128.5;0.68;asphalt;tertiary;Otto-Röhm-Straße;3;Kurs 13
Routenpunkt (Way);T;Wöhlerweg;49.88979;8.637017;50.0;;;;;;Original OSM;128.6;0.82;asphalt;tertiary;Otto-Röhm-Straße;3;Kurs 13
Routenpunkt (Way);T;;49.889791;8.637226;50.0;;;;;;Interpoliert (15m);128.7;0.73;asphalt;tertiary;Otto-Röhm-Straße;3;Kurs 13
Routenpunkt (Way);T;Otto-Röhm-Straße;49.889793;8.637435;50.0;;;;;;Interpoliert;128.8;0.84;asphalt;tertiary;Otto-Röhm-Straße;3;Kurs 13
Routenpunkt (Way);T;Otto-Röhm-Straße;49.889799;8.637586;50.0;;;;;;Interpoliert;128.9;-0.06;asphalt;tertiary;Otto-Röhm-Straße;3;Kurs 13
Routenpunkt (Way);T;;49.889803;8.637695;50.0;;;;;;Interpoliert (15m);129.0;-0.82;asphalt;tertiary;Otto-Röhm-Straße;3;Kurs 13
Routenpunkt (Way);T;Otto-Röhm-Straße;49.889808;8.637805;50.0;;;;;;Original OSM;128.7;-1.58;asphalt;tertiary;Otto-Röhm-Straße;3;Kurs 13
Routenpunkt (Way);T;;49.889813;8.637938;50.0;;;;;;Interpoliert (15m);128.4;-2.27;asphalt;tertiary;Otto-Röhm-Straße;3;Kurs 13
Routenpunkt (Way);T;Otto-Röhm-Straße;49.889819;8.638071;50.0;;;;;;Interpoliert;128.1;-2.87;asphalt;tertiary;Otto-Röhm-Straße;3;Kurs 13
Routenpunkt (Way);T;Otto-Röhm-Straße;49.889825;8.638235;50.0;;;;;;Interpoliert;127.8;-2.37;asphalt;tertiary;Otto-Röhm-Straße;3;Kurs 13
Routenpunkt (Way);T;Otto-Röhm-Straße;49.889832;8.6384;50.0;;;;;;Original OSM;127.6;-2.01;asphalt;tertiary;Otto-Röhm-Straße;3;Kurs 13
Routenpunkt (Way);T;Otto-Röhm-Straße;49.88984;8.638606;50.0;;;;;;Interpoliert;127.4;-1.66;asphalt;tertiary;Otto-Röhm-Straße;3;Kurs 13
Routenpunkt (Way);T;Otto-Röhm-Straße;49.889849;8.638813;50.0;;;;;;Interpoliert;127.2;-1.42;asphalt;tertiary;Otto-Röhm-Straße;3;Kurs 13
Routenpunkt (Way);T;Otto-Röhm-Straße;49.889857;8.639019;50.0;;;;;;Interpoliert;127.0;-1.48;asphalt;tertiary;Otto-Röhm-Straße;3;Kurs 13
Routenpunkt (Way);T;Otto-Röhm-Straße;49.889866;8.639226;50.0;;;;;;Interpoliert;126.8;-1.21;asphalt;tertiary;Otto-Röhm-Straße;3;Kurs 13
Routenpunkt (Way);T;Otto-Röhm-Straße;49.889874;8.639433;50.0;;;;;;Original OSM;126.5;-0.94;asphalt;tertiary;Otto-Röhm-Straße;3;Kurs 13
Routenpunkt (Way);T;Otto-Röhm-Straße;49.88988;8.639575;50.0;;;;;;Original OSM;126.5;-0.67;asphalt;tertiary;Otto-Röhm-Straße;3;Kurs 13
Routenpunkt (Way);T;Otto-Röhm-Straße;49.889888;8.639783;50.0;;;;;;Interpoliert;126.5;-0.4;asphalt;tertiary;Otto-Röhm-Straße;3;Kurs 13
Routenpunkt (Way);T;Otto-Röhm-Straße;49.889897;8.63999;50.0;;;;;;Interpoliert;126.5;-0.23;asphalt;tertiary;Otto-Röhm-Straße;3;Kurs 13
Routenpunkt (Way);T;Otto-Röhm-Straße;49.889905;8.640197;50.0;;;;;;Interpoliert;126.5;-0.46;asphalt;tertiary;Otto-Röhm-Straße;3;Kurs 13
Routenpunkt (Way);T;;49.88991;8.640318;50.0;;;;;;Interpoliert (15m);126.4;-1.29;asphalt;tertiary;Otto-Röhm-Straße;3;Kurs 13
Routenpunkt (Way);T;Otto-Röhm-Straße;49.889915;8.640438;50.0;;;;;;Original OSM;126.3;-1.45;asphalt;tertiary;Otto-Röhm-Straße;3;Kurs 13
Haltestelle;W;Darmstadt Daimlerweg;49.889916;8.640472;50.0;18:12:00;18:12:00;Kein Umlauf;Sa,So;1318.0;Original GTFS (Snap-Distanz 4m) | Auf Route gesnappt (7m);126.2;-1.66;asphalt;tertiary;Otto-Röhm-Straße;3;Kurs 13
Routenpunkt (Way);T;Daimlerweg;49.889978;8.640624;50.0;;;;;;Original OSM;126.1;-1.43;asphalt;tertiary;Otto-Röhm-Straße;3;Kurs 13
Routenpunkt (Way);T;;49.889969;8.640754;50.0;;;;;;Interpoliert (15m);126.0;-1.01;asphalt;tertiary;Otto-Röhm-Straße;3;Kurs 13
Routenpunkt (Way);T;Daimlerweg;49.88996;8.640883;50.0;;;;;;Original OSM;126.0;0.0;asphalt;tertiary;Otto-Röhm-Straße;3;Kurs 13
Routenpunkt (Way);T;;49.889952;8.641033;50.0;;;;;;Interpoliert (15m);126.1;0.33;asphalt;tertiary;Otto-Röhm-Straße;3;Kurs 13
Routenpunkt (Way);T;Otto-Röhm-Straße;49.889945;8.641183;50.0;;;;;;Interpoliert;126.2;0.71;asphalt;tertiary;Otto-Röhm-Straße;3;Kurs 13
Routenpunkt (Way);T;Otto-Röhm-Straße;49.889952;8.641347;50.0;;;;;;Interpoliert;126.3;0.86;asphalt;tertiary;Otto-Röhm-Straße;3;Kurs 13
Routenpunkt (Way);T;Otto-Röhm-Straße;49.889959;8.641511;50.0;;;;;;Original OSM;126.4;0.97;asphalt;tertiary;Otto-Röhm-Straße;3;Kurs 13
Routenpunkt (Way);T;Otto-Röhm-Straße;49.889966;8.641699;50.0;;;;;;Interpoliert;126.5;1.33;asphalt;tertiary;Otto-Röhm-Straße;3;Kurs 13
Routenpunkt (Way);T;Otto-Röhm-Straße;49.889974;8.641887;50.0;;;;;;Interpoliert;126.7;1.71;asphalt;tertiary;Otto-Röhm-Straße;3;Kurs 13
Routenpunkt (Way);T;;49.88998;8.64204;50.0;;;;;;Interpoliert (15m);127.0;2.08;asphalt;tertiary;Otto-Röhm-Straße;3;Kurs 13
Routenpunkt (Way);T;;49.889987;8.642193;50.0;;;;;;Interpoliert (15m);127.3;2.4;asphalt;tertiary;Otto-Röhm-Straße;3;Kurs 13
Routenpunkt (Way);T;Otto-Röhm-Straße;49.889993;8.642346;50.0;;;;;;Original OSM;127.6;2.42;asphalt;tertiary;Otto-Röhm-Straße;3;Kurs 13
Routenpunkt (Way);T;;49.889999;8.642525;50.0;;;;;;Interpoliert (15m);127.9;2.25;asphalt;tertiary;Otto-Röhm-Straße;3;Kurs 13
Routenpunkt (Way);T;Otto-Röhm-Straße;49.890006;8.642705;50.0;;;;;;Interpoliert;128.1;2.22;asphalt;tertiary;Otto-Röhm-Straße;3;Kurs 13
Routenpunkt (Way);T;Otto-Röhm-Straße;49.890011;8.642852;50.0;;;;;;Interpoliert;128.3;2.2;asphalt;tertiary;Otto-Röhm-Straße;3;Kurs 13
Routenpunkt (Way);T;;49.890014;8.642959;50.0;;;;;;Interpoliert (15m);128.5;2.19;asphalt;tertiary;Otto-Röhm-Straße;3;Kurs 13
Routenpunkt (Way);T;Otto-Röhm-Straße;49.890016;8.643066;50.0;;;;;;Original OSM;128.7;2.11;asphalt;tertiary;Otto-Röhm-Straße;3;Kurs 13
Routenpunkt (Way);T;;49.890012;8.643187;50.0;;;;;;Interpoliert (15m);128.9;1.6;asphalt;tertiary;Otto-Röhm-Straße;3;Kurs 13
Routenpunkt (Way);T;Otto-Röhm-Straße;49.890007;8.643308;50.0;;;;;;Original OSM;129.0;0.92;asphalt;tertiary;Otto-Röhm-Straße;3;Kurs 13
Routenpunkt (Way);T;Otto-Röhm-Straße;49.889994;8.643516;50.0;;;;;;Original OSM;128.9;0.24;asphalt;tertiary;Otto-Röhm-Straße;3;Kurs 13
Routenpunkt (Way);T;;49.889964;8.643685;50.0;;;;;;Interpoliert (15m);128.8;-0.38;asphalt;tertiary;Otto-Röhm-Straße;3;Kurs 13
Routenpunkt (Way);T;Otto-Röhm-Straße;49.889934;8.643854;50.0;;;;;;Original OSM;128.7;-0.77;asphalt;tertiary;Otto-Röhm-Straße;3;Kurs 13
Routenpunkt (Way);T;;49.889883;8.644012;50.0;;;;;;Interpoliert (15m);128.6;-0.79;asphalt;tertiary;Otto-Röhm-Straße;3;Kurs 13
Routenpunkt (Way);T;;49.889831;8.644169;50.0;;;;;;Interpoliert (15m);128.5;-0.81;asphalt;tertiary;Otto-Röhm-Straße;3;Kurs 13
Routenpunkt (Way);T;Otto-Röhm-Straße;49.88978;8.644327;50.0;;;;;;Original OSM;128.4;-0.82;asphalt;tertiary;Otto-Röhm-Straße;3;Kurs 13
Routenpunkt (Way);T;;49.889709;8.644447;50.0;;;;;;Interpoliert (15m);128.3;-0.49;asphalt;tertiary;Otto-Röhm-Straße;3;Kurs 13
Routenpunkt (Way);T;;49.889639;8.644566;50.0;;;;;;Interpoliert (15m);128.2;-0.33;asphalt;tertiary;Otto-Röhm-Straße;3;Kurs 13
Routenpunkt (Way);T;;49.889568;8.644686;50.0;;;;;;Interpoliert (15m);128.3;0.02;asphalt;tertiary;Otto-Röhm-Straße;3;Kurs 13
Routenpunkt (Way);T;Otto-Röhm-Straße;49.889497;8.644806;50.0;;;;;;Original OSM;128.3;0.39;asphalt;tertiary;Otto-Röhm-Straße;3;Kurs 13
Routenpunkt (Way);T;;49.889421;8.644885;50.0;;;;;;Interpoliert (15m);128.4;0.76;asphalt;tertiary;Otto-Röhm-Straße;3;Kurs 13
Routenpunkt (Way);T;;49.889344;8.644964;50.0;;;;;;Interpoliert (15m);128.5;0.72;asphalt;tertiary;Otto-Röhm-Straße;3;Kurs 13
Routenpunkt (Way);T;Otto-Röhm-Straße;49.889268;8.645043;50.0;;;;;;Original OSM;128.6;0.86;asphalt;tertiary;Otto-Röhm-Straße;3;Kurs 13
Routenpunkt (Way);T;Otto-Röhm-Straße;49.889147;8.645124;50.0;;;;;;Original OSM;128.7;0.81;asphalt;tertiary;Otto-Röhm-Straße;3;Kurs 13
Routenpunkt (Way);T;Otto-Röhm-Straße;49.889025;8.645186;50.0;;;;;;Original OSM;128.8;0.76;asphalt;tertiary;Otto-Röhm-Straße;3;Kurs 13
Routenpunkt (Way);T;Otto-Röhm-Straße;49.8889;8.645235;50.0;;;;;;Original OSM;128.9;0.8;asphalt;tertiary;Otto-Röhm-Straße;3;Kurs 13
Routenpunkt (Way);T;Otto-Röhm-Straße;49.888781;8.645257;50.0;;;;;;Interpoliert;129.0;0.43;asphalt;tertiary;Otto-Röhm-Straße;3;Kurs 13
Routenpunkt (Way);T;;49.888705;8.645269;50.0;;;;;;Interpoliert (15m);129.1;0.66;asphalt;tertiary;Otto-Röhm-Straße;3;Kurs 13
Routenpunkt (Way);A;Otto-Röhm-Straße (Ampel);49.888629;8.645281;50.0;;;;;;Original OSM;129.0;0.89;asphalt;tertiary;Otto-Röhm-Straße;3;Kurs 13
Routenpunkt (Way);T;;49.888569;8.645398;50.0;;;;;;Interpoliert (15m);129.2;1.12;asphalt;secondary;Carl-Schenck-Ring;3;Kurs 13
Routenpunkt (Way);T;Carl-Schenck-Ring;49.888509;8.645515;50.0;;;;;;Original OSM;129.4;1.27;asphalt;secondary;Carl-Schenck-Ring;3;Kurs 13
Routenpunkt (Way);T;;49.888553;8.645646;50.0;;;;;;Interpoliert (15m);129.6;1.93;asphalt;secondary;Carl-Schenck-Ring;3;Kurs 13
Routenpunkt (Way);T;Carl-Schenck-Ring;49.888597;8.645776;50.0;;;;;;Interpoliert;129.8;1.98;asphalt;secondary;Carl-Schenck-Ring;3;Kurs 13
Routenpunkt (Way);T;;49.888607;8.645907;50.0;;;;;;Interpoliert (15m);130.0;1.88;asphalt;secondary;Carl-Schenck-Ring;3;Kurs 13
Routenpunkt (Way);T;Carl-Schenck-Ring;49.888616;8.646038;50.0;;;;;;Original OSM;130.2;1.5;asphalt;secondary;Carl-Schenck-Ring;3;Kurs 13
Routenpunkt (Way);T;Carl-Schenck-Ring;49.888595;8.646237;50.0;;;;;;Interpoliert;130.4;1.44;asphalt;secondary;Carl-Schenck-Ring;3;Kurs 13
Haltestelle;W;Darmstadt Carl-Schenck-Ring;49.888595;8.646237;50.0;18:13:00;18:13:00;Kein Umlauf;Sa,So;1318.0;Original GTFS (Snap-Distanz 21m) | Auf Route gesnappt (21m);130.6;1.34;asphalt;secondary;Carl-Schenck-Ring;3;Kurs 13
Routenpunkt (Way);T;Carl-Schenck-Ring;49.888615;8.646409;50.0;;;;;;Interpoliert;130.8;0.92;asphalt;secondary;Carl-Schenck-Ring;3;Kurs 13
Routenpunkt (Way);T;Carl-Schenck-Ring;49.888635;8.64658;50.0;;;;;;Original OSM;131.0;0.48;asphalt;secondary;Carl-Schenck-Ring;3;Kurs 13
Routenpunkt (Way);T;Carl-Schenck-Ring;49.888651;8.64675;50.0;;;;;;Interpoliert;131.0;0.31;asphalt;secondary;Carl-Schenck-Ring;3;Kurs 13
Routenpunkt (Way);T;Carl-Schenck-Ring;49.888667;8.64692;50.0;;;;;;Original OSM;130.9;-0.19;asphalt;secondary;Carl-Schenck-Ring;3;Kurs 13
Routenpunkt (Way);T;Carl-Schenck-Ring;49.888681;8.647082;50.0;;;;;;Interpoliert;130.8;-0.67;asphalt;secondary;Carl-Schenck-Ring;3;Kurs 13
Routenpunkt (Way);T;Carl-Schenck-Ring;49.888694;8.647244;50.0;;;;;;Original OSM;130.7;-0.83;asphalt;secondary;Carl-Schenck-Ring;3;Kurs 13
Routenpunkt (Way);T;Carl-Schenck-Ring;49.888718;8.647409;50.0;;;;;;Interpoliert;130.6;-1.0;asphalt;secondary;Carl-Schenck-Ring;3;Kurs 13
Routenpunkt (Way);T;Carl-Schenck-Ring;49.888743;8.647574;50.0;;;;;;Interpoliert;130.5;-1.16;asphalt;secondary;Carl-Schenck-Ring;3;Kurs 13
Routenpunkt (Way);T;Carl-Schenck-Ring;49.888768;8.647739;50.0;;;;;;Interpoliert;130.3;-1.34;asphalt;secondary;Carl-Schenck-Ring;3;Kurs 13
Routenpunkt (Way);T;Carl-Schenck-Ring;49.888792;8.647904;50.0;;;;;;Original OSM;130.1;-1.53;asphalt;secondary;Carl-Schenck-Ring;3;Kurs 13
Routenpunkt (Way);T;Carl-Schenck-Ring;49.888815;8.648058;50.0;;;;;;Original OSM;129.9;-1.72;asphalt;secondary;Carl-Schenck-Ring;3;Kurs 13
Routenpunkt (Way);T;Carl-Schenck-Ring;49.888836;8.648212;50.0;;;;;;Interpoliert;129.7;-1.25;asphalt;secondary;Carl-Schenck-Ring;3;Kurs 13
Routenpunkt (Way);T;Carl-Schenck-Ring;49.888856;8.648366;50.0;;;;;;Original OSM;129.5;-0.77;asphalt;secondary;Carl-Schenck-Ring;3;Kurs 13
Routenpunkt (Way);T;Carl-Schenck-Ring;49.888888;8.64855;50.0;;;;;;Interpoliert;129.6;-0.27;asphalt;secondary;Carl-Schenck-Ring;3;Kurs 13
Routenpunkt (Way);T;Carl-Schenck-Ring;49.888919;8.648734;50.0;;;;;;Interpoliert;129.7;0.23;asphalt;secondary;Carl-Schenck-Ring;3;Kurs 13
Routenpunkt (Way);T;Carl-Schenck-Ring;49.888951;8.648919;50.0;;;;;;Interpoliert;129.8;1.17;asphalt;secondary;Carl-Schenck-Ring;3;Kurs 13
Routenpunkt (Way);T;Carl-Schenck-Ring;49.888982;8.649103;50.0;;;;;;Interpoliert;129.9;1.76;asphalt;secondary;Carl-Schenck-Ring;3;Kurs 13
Routenpunkt (Way);T;Carl-Schenck-Ring;49.889014;8.649288;50.0;;;;;;Interpoliert;130.3;1.9;asphalt;secondary;Carl-Schenck-Ring;3;Kurs 13
Routenpunkt (Way);T;Carl-Schenck-Ring;49.889045;8.649472;50.0;;;;;;Interpoliert;130.8;2.05;asphalt;secondary;Carl-Schenck-Ring;3;Kurs 13
Routenpunkt (Way);T;Carl-Schenck-Ring;49.889077;8.649656;50.0;;;;;;Interpoliert;131.0;2.22;asphalt;secondary;Carl-Schenck-Ring;3;Kurs 13
Routenpunkt (Way);T;Carl-Schenck-Ring;49.889108;8.649841;50.0;;;;;;Original OSM;131.2;2.28;asphalt;secondary;Carl-Schenck-Ring;3;Kurs 13
Routenpunkt (Way);T;Carl-Schenck-Ring;49.889137;8.650008;50.0;;;;;;Interpoliert;131.4;1.87;asphalt;secondary;Carl-Schenck-Ring;3;Kurs 13
Routenpunkt (Way);T;Carl-Schenck-Ring;49.889165;8.650176;50.0;;;;;;Interpoliert;131.8;1.9;asphalt;secondary;Carl-Schenck-Ring;3;Kurs 13
Routenpunkt (Way);T;Carl-Schenck-Ring;49.889194;8.650343;50.0;;;;;;Interpoliert;132.0;1.93;asphalt;secondary;Carl-Schenck-Ring;3;Kurs 13
Routenpunkt (Way);T;Carl-Schenck-Ring;49.889222;8.650511;50.0;;;;;;Interpoliert;132.2;1.89;asphalt;secondary;Carl-Schenck-Ring;3;Kurs 13
Routenpunkt (Way);T;Carl-Schenck-Ring;49.889251;8.650678;50.0;;;;;;Original OSM;132.4;1.25;asphalt;secondary;Carl-Schenck-Ring;3;Kurs 13
Routenpunkt (Way);T;Carl-Schenck-Ring;49.889289;8.650868;50.0;;;;;;Interpoliert;132.6;0.93;asphalt;secondary;Carl-Schenck-Ring;3;Kurs 13
Routenpunkt (Way);T;Carl-Schenck-Ring;49.889328;8.651057;50.0;;;;;;Interpoliert;132.6;1.06;asphalt;secondary;Carl-Schenck-Ring;3;Kurs 13
Routenpunkt (Way);T;Carl-Schenck-Ring;49.889366;8.651246;50.0;;;;;;Original OSM;132.6;1.18;asphalt;secondary;Carl-Schenck-Ring;3;Kurs 13
Routenpunkt (Way);T;Carl-Schenck-Ring;49.8894;8.651424;50.0;;;;;;Interpoliert;132.9;1.35;asphalt;secondary;Carl-Schenck-Ring;3;Kurs 13
Routenpunkt (Way);T;Carl-Schenck-Ring;49.889434;8.651601;50.0;;;;;;Interpoliert;133.2;1.66;asphalt;secondary;Carl-Schenck-Ring;3;Kurs 13
Routenpunkt (Way);T;Carl-Schenck-Ring;49.889468;8.651779;50.0;;;;;;Interpoliert;133.5;1.96;asphalt;secondary;Carl-Schenck-Ring;3;Kurs 13
Routenpunkt (Way);T;Carl-Schenck-Ring;49.889503;8.651957;50.0;;;;;;Interpoliert;133.7;1.9;asphalt;secondary;Carl-Schenck-Ring;3;Kurs 13
Routenpunkt (Way);T;Carl-Schenck-Ring;49.889537;8.652134;50.0;;;;;;Original OSM;133.9;1.77;asphalt;secondary;Carl-Schenck-Ring;3;Kurs 13
Routenpunkt (Way);T;Carl-Schenck-Ring;49.889554;8.652274;50.0;;;;;;Interpoliert;134.1;1.64;asphalt;secondary;Carl-Schenck-Ring;3;Kurs 13
Routenpunkt (Way);A;Ampel;49.889599;8.652433;50.0;;;;;;Interpoliert (15m);134.3;1.34;asphalt;secondary;Carl-Schenck-Ring;3;Kurs 13
Routenpunkt (Way);T;Carl-Schenck-Ring;49.889643;8.652592;50.0;;;;;;Original OSM;134.5;1.04;asphalt;secondary;Carl-Schenck-Ring;3;Kurs 13
Routenpunkt (Way);T;;49.889728;8.652641;50.0;;;;;;Interpoliert (15m);134.5;0.64;asphalt;secondary;Frankfurter Straße;3;Kurs 13
Routenpunkt (Way);T;;49.889812;8.65269;50.0;;;;;;Interpoliert (15m);134.5;0.32;asphalt;secondary;Frankfurter Straße;3;Kurs 13
Routenpunkt (Way);T;Frankfurter Straße;49.889897;8.652739;50.0;;;;;;Interpoliert;134.5;0.0;asphalt;secondary;Frankfurter Straße;3;Kurs 13
Routenpunkt (Way);T;Frankfurter Straße;49.889988;8.652762;50.0;;;;;;Original OSM;134.5;-0.17;asphalt;secondary;Frankfurter Straße;3;Kurs 13
Routenpunkt (Way);T;Frankfurter Straße;49.890117;8.652807;50.0;;;;;;Original OSM;134.5;-0.44;asphalt;secondary;Frankfurter Straße;3;Kurs 13
Routenpunkt (Way);T;Frankfurter Straße;49.890223;8.652844;50.0;;;;;;Original OSM;134.4;-0.72;asphalt;secondary;Frankfurter Straße;3;Kurs 13
Routenpunkt (Way);T;Frankfurter Straße;49.890352;8.652872;50.0;;;;;;Interpoliert;134.2;-0.99;asphalt;secondary;Frankfurter Straße;3;Kurs 13
Routenpunkt (Way);T;Frankfurter Straße;49.890481;8.6529;50.0;;;;;;Interpoliert;134.0;-1.27;asphalt;secondary;Frankfurter Straße;3;Kurs 13
Routenpunkt (Way);T;Frankfurter Straße;49.89061;8.652928;50.0;;;;;;Interpoliert;133.8;-1.24;asphalt;secondary;Frankfurter Straße;3;Kurs 13
Routenpunkt (Way);T;Frankfurter Straße;49.890739;8.652955;50.0;;;;;;Interpoliert;133.6;-1.13;asphalt;secondary;Frankfurter Straße;3;Kurs 13
Routenpunkt (Way);T;Frankfurter Straße;49.890868;8.652983;50.0;;;;;;Original OSM;133.5;-1.03;asphalt;secondary;Frankfurter Straße;3;Kurs 13
Routenpunkt (Way);T;Frankfurter Straße;49.890974;8.653007;50.0;;;;;;Interpoliert;133.4;-0.92;asphalt;secondary;Frankfurter Straße;3;Kurs 13
Routenpunkt (Way);T;Frankfurter Straße;49.89108;8.653031;50.0;;;;;;Interpoliert;133.3;0.81;asphalt;secondary;Frankfurter Straße;3;Kurs 13
Routenpunkt (Way);T;Frankfurter Straße;49.891186;8.653054;50.0;;;;;;Interpoliert;133.2;3.61;asphalt;secondary;Frankfurter Straße;3;Kurs 13
Routenpunkt (Way);T;Frankfurter Straße;49.891309;8.653082;50.0;;;;;;Original OSM;134.2;6.71;asphalt;secondary;Frankfurter Straße;3;Kurs 13
Routenpunkt (Way);T;;49.891376;8.653099;50.0;;;;;;Interpoliert (15m);135.2;7.79;asphalt;secondary;Frankfurter Straße;3;Kurs 13
Routenpunkt (Way);T;Frankfurter Straße;49.891442;8.653116;50.0;;;;;;Interpoliert;136.3;8.61;asphalt;secondary;Frankfurter Straße;3;Kurs 13
Routenpunkt (Way);T;Frankfurter Straße;49.891559;8.653147;50.0;;;;;;Interpoliert;136.9;8.5;asphalt;secondary;Frankfurter Straße;3;Kurs 13
Routenpunkt (Way);T;Frankfurter Straße;49.891677;8.653177;50.0;;;;;;Interpoliert;137.33;7.56;asphalt;secondary;Frankfurter Straße;3;Kurs 13
Routenpunkt (Way);T;;49.891738;8.653237;50.0;;;;;;Interpoliert (15m);137.88;7.73;asphalt;secondary;Frankfurter Straße;3;Kurs 13
Routenpunkt (Way);T;Unbekannt;49.8918;8.653296;50.0;;;;;;Original OSM;138.57;8.53;asphalt;service;;3;Kurs 13
Haltestelle;W;Darmstadt Nordbahnhof;49.891798;8.65338;50.0;18:15:00;18:15:00;Kein Umlauf;Sa,So;1318.0;Original GTFS (Snap-Distanz 1m) | Auf Route gesnappt (1m);139.5;10.28;asphalt;service;;3;Kurs 13
Routenpunkt (Way);A;Unbekannt (Ampel);49.891798;8.65338;50.0;18:17:00;18:17:00;;;;Original OSM;142.0;-4.97;asphalt;service;;4;Kurs 13
Haltestelle;W;Darmstadt Nordbahnhof;49.891798;8.65338;50.0;18:17:00;18:17:00;Kein Umlauf;So;1372.0;Original GTFS (Snap-Distanz 21m) | Auf Route gesnappt (1m);140.5;-6.31;asphalt;service;;4;Kurs 13
Routenpunkt (Way);T;Unbekannt;49.8918;8.653279;50.0;;;;;;Original OSM;139.43;-6.65;asphalt;service;;4;Kurs 13
Routenpunkt (Way);T;;49.891738;8.653228;50.0;;;;;;Interpoliert (15m);138.62;-7.4;asphalt;secondary;Frankfurter Straße;4;Kurs 13
Routenpunkt (Way);T;Frankfurter Straße;49.891677;8.653177;50.0;;;;;;Interpoliert;138.0;-8.31;asphalt;secondary;Frankfurter Straße;4;Kurs 13
Routenpunkt (Way);T;Frankfurter Straße;49.891559;8.653147;50.0;;;;;;Interpoliert;137.5;-6.93;asphalt;secondary;Frankfurter Straße;4;Kurs 13
Routenpunkt (Way);T;Frankfurter Straße;49.891442;8.653116;50.0;;;;;;Interpoliert;136.9;-7.79;asphalt;secondary;Frankfurter Straße;4;Kurs 13
Routenpunkt (Way);T;;49.891376;8.653099;50.0;;;;;;Interpoliert (15m);136.3;-7.65;asphalt;secondary;Frankfurter Straße;4;Kurs 13
Routenpunkt (Way);T;Frankfurter Straße;49.891309;8.653082;50.0;;;;;;Original OSM;135.2;-8.56;asphalt;secondary;Frankfurter Straße;4;Kurs 13
Routenpunkt (Way);T;Frankfurter Straße;49.891186;8.653054;50.0;;;;;;Interpoliert;134.2;-7.49;asphalt;secondary;Frankfurter Straße;4;Kurs 13
Routenpunkt (Way);T;Frankfurter Straße;49.89108;8.653031;50.0;;;;;;Interpoliert;133.2;-5.72;asphalt;secondary;Frankfurter Straße;4;Kurs 13
Routenpunkt (Way);T;Frankfurter Straße;49.890974;8.653007;50.0;;;;;;Interpoliert;133.3;-2.66;asphalt;secondary;Frankfurter Straße;4;Kurs 13
Routenpunkt (Way);T;Frankfurter Straße;49.890868;8.652983;50.0;;;;;;Original OSM;133.4;-1.06;asphalt;secondary;Frankfurter Straße;4;Kurs 13
Routenpunkt (Way);T;Frankfurter Straße;49.890739;8.652955;50.0;;;;;;Interpoliert;133.5;0.89;asphalt;secondary;Frankfurter Straße;4;Kurs 13
Routenpunkt (Way);T;Frankfurter Straße;49.89061;8.652928;50.0;;;;;;Interpoliert;133.6;1.0;asphalt;secondary;Frankfurter Straße;4;Kurs 13
Routenpunkt (Way);T;Frankfurter Straße;49.890481;8.6529;50.0;;;;;;Interpoliert;133.8;1.11;asphalt;secondary;Frankfurter Straße;4;Kurs 13
Routenpunkt (Way);T;Frankfurter Straße;49.890352;8.652872;50.0;;;;;;Interpoliert;134.0;1.3;asphalt;secondary;Frankfurter Straße;4;Kurs 13
Routenpunkt (Way);T;Frankfurter Straße;49.890223;8.652844;50.0;;;;;;Original OSM;134.2;1.3;asphalt;secondary;Frankfurter Straße;4;Kurs 13
Routenpunkt (Way);T;Frankfurter Straße;49.890117;8.652807;50.0;;;;;;Original OSM;134.4;1.02;asphalt;secondary;Frankfurter Straße;4;Kurs 13
Routenpunkt (Way);T;Frankfurter Straße;49.889988;8.652762;50.0;;;;;;Original OSM;134.5;0.74;asphalt;secondary;Frankfurter Straße;4;Kurs 13
Routenpunkt (Way);T;Frankfurter Straße;49.889897;8.652739;50.0;;;;;;Interpoliert;134.5;0.47;asphalt;secondary;Frankfurter Straße;4;Kurs 13
Routenpunkt (Way);A;Ampel;49.889812;8.65269;50.0;;;;;;Interpoliert (15m);134.5;0.14;asphalt;secondary;Frankfurter Straße;4;Kurs 13
Routenpunkt (Way);T;;49.889728;8.652641;50.0;;;;;;Interpoliert (15m);134.5;0.0;asphalt;secondary;Frankfurter Straße;4;Kurs 13
Routenpunkt (Way);T;Frankfurter Straße;49.889643;8.652592;50.0;;;;;;Original OSM;134.5;-0.32;asphalt;secondary;Carl-Schenck-Ring;4;Kurs 13
Routenpunkt (Way);T;;49.889599;8.652433;50.0;;;;;;Interpoliert (15m);134.5;-0.71;asphalt;secondary;Carl-Schenck-Ring;4;Kurs 13
Routenpunkt (Way);T;Carl-Schenck-Ring;49.889554;8.652274;50.0;;;;;;Interpoliert;134.3;-1.02;asphalt;secondary;Carl-Schenck-Ring;4;Kurs 13
Routenpunkt (Way);T;Carl-Schenck-Ring;49.889537;8.652134;50.0;;;;;;Original OSM;134.1;-1.32;asphalt;secondary;Carl-Schenck-Ring;4;Kurs 13
Routenpunkt (Way);T;Carl-Schenck-Ring;49.889503;8.651957;50.0;;;;;;Interpoliert;133.9;-1.62;asphalt;secondary;Carl-Schenck-Ring;4;Kurs 13
Routenpunkt (Way);T;Carl-Schenck-Ring;49.889468;8.651779;50.0;;;;;;Interpoliert;133.7;-1.75;asphalt;secondary;Carl-Schenck-Ring;4;Kurs 13
Routenpunkt (Way);T;Carl-Schenck-Ring;49.889434;8.651601;50.0;;;;;;Interpoliert;133.5;-1.81;asphalt;secondary;Carl-Schenck-Ring;4;Kurs 13
Routenpunkt (Way);T;Carl-Schenck-Ring;49.8894;8.651424;50.0;;;;;;Interpoliert;133.2;-1.93;asphalt;secondary;Carl-Schenck-Ring;4;Kurs 13
Routenpunkt (Way);T;Carl-Schenck-Ring;49.889366;8.651246;50.0;;;;;;Original OSM;132.9;-1.63;asphalt;secondary;Carl-Schenck-Ring;4;Kurs 13
Routenpunkt (Way);T;Carl-Schenck-Ring;49.889328;8.651057;50.0;;;;;;Interpoliert;132.6;-1.33;asphalt;secondary;Carl-Schenck-Ring;4;Kurs 13
Routenpunkt (Way);T;Carl-Schenck-Ring;49.889289;8.650868;50.0;;;;;;Interpoliert;132.6;-1.2;asphalt;secondary;Carl-Schenck-Ring;4;Kurs 13
Routenpunkt (Way);T;Carl-Schenck-Ring;49.889251;8.650678;50.0;;;;;;Original OSM;132.6;-1.07;asphalt;secondary;Carl-Schenck-Ring;4;Kurs 13
Routenpunkt (Way);T;Carl-Schenck-Ring;49.889222;8.650511;50.0;;;;;;Interpoliert;132.4;-0.97;asphalt;secondary;Carl-Schenck-Ring;4;Kurs 13
Routenpunkt (Way);T;Carl-Schenck-Ring;49.889194;8.650343;50.0;;;;;;Interpoliert;132.2;-1.29;asphalt;secondary;Carl-Schenck-Ring;4;Kurs 13
Routenpunkt (Way);T;Carl-Schenck-Ring;49.889165;8.650176;50.0;;;;;;Interpoliert;132.0;-1.93;asphalt;secondary;Carl-Schenck-Ring;4;Kurs 13
Routenpunkt (Way);T;Carl-Schenck-Ring;49.889137;8.650008;50.0;;;;;;Interpoliert;131.8;-1.9;asphalt;secondary;Carl-Schenck-Ring;4;Kurs 13
Routenpunkt (Way);T;Carl-Schenck-Ring;49.889108;8.649841;50.0;;;;;;Original OSM;131.4;-1.87;asphalt;secondary;Carl-Schenck-Ring;4;Kurs 13
Routenpunkt (Way);T;Carl-Schenck-Ring;49.889077;8.649656;50.0;;;;;;Interpoliert;131.2;-1.84;asphalt;secondary;Carl-Schenck-Ring;4;Kurs 13
Routenpunkt (Way);T;Carl-Schenck-Ring;49.889045;8.649472;50.0;;;;;;Interpoliert;131.0;-2.25;asphalt;secondary;Carl-Schenck-Ring;4;Kurs 13
Routenpunkt (Way);T;Carl-Schenck-Ring;49.889014;8.649288;50.0;;;;;;Interpoliert;130.8;-2.19;asphalt;secondary;Carl-Schenck-Ring;4;Kurs 13
Routenpunkt (Way);T;Carl-Schenck-Ring;49.888982;8.649103;50.0;;;;;;Interpoliert;130.3;-2.05;asphalt;secondary;Carl-Schenck-Ring;4;Kurs 13
Routenpunkt (Way);T;Carl-Schenck-Ring;49.888951;8.648919;50.0;;;;;;Interpoliert;129.9;-1.9;asphalt;secondary;Carl-Schenck-Ring;4;Kurs 13
Routenpunkt (Way);T;Carl-Schenck-Ring;49.888919;8.648734;50.0;;;;;;Interpoliert;129.8;-1.76;asphalt;secondary;Carl-Schenck-Ring;4;Kurs 13
Routenpunkt (Way);T;Carl-Schenck-Ring;49.888888;8.64855;50.0;;;;;;Interpoliert;129.7;-1.2;asphalt;secondary;Carl-Schenck-Ring;4;Kurs 13
Routenpunkt (Way);T;Carl-Schenck-Ring;49.888856;8.648366;50.0;;;;;;Original OSM;129.6;-0.26;asphalt;secondary;Carl-Schenck-Ring;4;Kurs 13
Routenpunkt (Way);T;Carl-Schenck-Ring;49.888836;8.648212;50.0;;;;;;Interpoliert;129.5;0.24;asphalt;secondary;Carl-Schenck-Ring;4;Kurs 13
Routenpunkt (Way);T;Carl-Schenck-Ring;49.888815;8.648058;50.0;;;;;;Original OSM;129.7;0.71;asphalt;secondary;Carl-Schenck-Ring;4;Kurs 13
Routenpunkt (Way);T;Carl-Schenck-Ring;49.888792;8.647904;50.0;;;;;;Original OSM;129.9;1.19;asphalt;secondary;Carl-Schenck-Ring;4;Kurs 13
Routenpunkt (Way);T;Carl-Schenck-Ring;49.888768;8.647739;50.0;;;;;;Interpoliert;130.1;1.7;asphalt;secondary;Carl-Schenck-Ring;4;Kurs 13
Routenpunkt (Way);T;Carl-Schenck-Ring;49.888743;8.647574;50.0;;;;;;Interpoliert;130.3;1.51;asphalt;secondary;Carl-Schenck-Ring;4;Kurs 13
Routenpunkt (Way);T;Carl-Schenck-Ring;49.888718;8.647409;50.0;;;;;;Interpoliert;130.5;1.33;asphalt;secondary;Carl-Schenck-Ring;4;Kurs 13
Routenpunkt (Way);T;Carl-Schenck-Ring;49.888694;8.647244;50.0;;;;;;Original OSM;130.6;1.17;asphalt;secondary;Carl-Schenck-Ring;4;Kurs 13
Routenpunkt (Way);T;Carl-Schenck-Ring;49.888681;8.647082;50.0;;;;;;Interpoliert;130.7;1.0;asphalt;secondary;Carl-Schenck-Ring;4;Kurs 13
Routenpunkt (Way);T;Carl-Schenck-Ring;49.888667;8.64692;50.0;;;;;;Original OSM;130.8;0.83;asphalt;secondary;Carl-Schenck-Ring;4;Kurs 13
Routenpunkt (Way);T;Carl-Schenck-Ring;49.888651;8.64675;50.0;;;;;;Interpoliert;130.9;0.67;asphalt;secondary;Carl-Schenck-Ring;4;Kurs 13
Routenpunkt (Way);T;Carl-Schenck-Ring;49.888635;8.64658;50.0;;;;;;Original OSM;131.0;0.18;asphalt;secondary;Carl-Schenck-Ring;4;Kurs 13
Routenpunkt (Way);T;Carl-Schenck-Ring;49.888615;8.646409;50.0;;;;;;Interpoliert;131.0;0.01;asphalt;secondary;Carl-Schenck-Ring;4;Kurs 13
Routenpunkt (Way);T;Carl-Schenck-Ring;49.888595;8.646237;50.0;;;;;;Interpoliert;130.8;-0.43;asphalt;secondary;Carl-Schenck-Ring;4;Kurs 13
Haltestelle;W;Darmstadt Carl-Schenck-Ring;49.888595;8.646237;50.0;18:19:00;18:19:00;Kein Umlauf;So;1372.0;Original GTFS (Snap-Distanz 21m) | Auf Route gesnappt (21m);130.6;-1.02;asphalt;secondary;Carl-Schenck-Ring;4;Kurs 13
Routenpunkt (Way);T;Carl-Schenck-Ring;49.888616;8.646038;50.0;;;;;;Interpoliert;130.4;-1.44;asphalt;secondary;Carl-Schenck-Ring;4;Kurs 13
Routenpunkt (Way);T;;49.888607;8.645907;50.0;;;;;;Interpoliert (15m);130.2;-1.5;asphalt;secondary;Carl-Schenck-Ring;4;Kurs 13
Routenpunkt (Way);T;Carl-Schenck-Ring;49.888597;8.645776;50.0;;;;;;Interpoliert;130.0;-1.88;asphalt;secondary;Carl-Schenck-Ring;4;Kurs 13
Routenpunkt (Way);T;;49.888553;8.645646;50.0;;;;;;Interpoliert (15m);129.8;-1.98;asphalt;secondary;Carl-Schenck-Ring;4;Kurs 13
Routenpunkt (Way);A;Carl-Schenck-Ring (Ampel);49.888509;8.645515;50.0;;;;;;Original OSM;129.6;-1.93;asphalt;secondary;Carl-Schenck-Ring;4;Kurs 13
Routenpunkt (Way);T;;49.888569;8.645398;50.0;;;;;;Interpoliert (15m);129.4;-1.97;asphalt;secondary;Carl-Schenck-Ring;4;Kurs 13
Routenpunkt (Way);T;Otto-Röhm-Straße;49.888629;8.645281;50.0;;;;;;Original OSM;129.2;-1.36;asphalt;tertiary;Otto-Röhm-Straße;4;Kurs 13
Routenpunkt (Way);T;;49.888705;8.645269;50.0;;;;;;Interpoliert (15m);129.0;-1.13;asphalt;tertiary;Otto-Röhm-Straße;4;Kurs 13
Routenpunkt (Way);T;Otto-Röhm-Straße;49.888781;8.645257;50.0;;;;;;Interpoliert;129.1;-0.9;asphalt;tertiary;Otto-Röhm-Straße;4;Kurs 13
Routenpunkt (Way);T;Otto-Röhm-Straße;49.8889;8.645235;50.0;;;;;;Original OSM;129.0;-0.67;asphalt;tertiary;Otto-Röhm-Straße;4;Kurs 13
Routenpunkt (Way);T;Otto-Röhm-Straße;49.889025;8.645186;50.0;;;;;;Original OSM;128.9;-0.33;asphalt;tertiary;Otto-Röhm-Straße;4;Kurs 13
Routenpunkt (Way);T;Otto-Röhm-Straße;49.889147;8.645124;50.0;;;;;;Original OSM;128.8;-0.76;asphalt;tertiary;Otto-Röhm-Straße;4;Kurs 13
Routenpunkt (Way);T;Otto-Röhm-Straße;49.889268;8.645043;50.0;;;;;;Original OSM;128.7;-0.81;asphalt;tertiary;Otto-Röhm-Straße;4;Kurs 13
Routenpunkt (Way);T;;49.889344;8.644964;50.0;;;;;;Interpoliert (15m);128.6;-0.86;asphalt;tertiary;Otto-Röhm-Straße;4;Kurs 13
Routenpunkt (Way);T;;49.889421;8.644885;50.0;;;;;;Interpoliert (15m);128.5;-0.9;asphalt;tertiary;Otto-Röhm-Straße;4;Kurs 13
Routenpunkt (Way);T;Otto-Röhm-Straße;49.889497;8.644806;50.0;;;;;;Original OSM;128.4;-0.76;asphalt;tertiary;Otto-Röhm-Straße;4;Kurs 13
Routenpunkt (Way);T;;49.889568;8.644686;50.0;;;;;;Interpoliert (15m);128.3;-0.74;asphalt;tertiary;Otto-Röhm-Straße;4;Kurs 13
Routenpunkt (Way);T;;49.889639;8.644566;50.0;;;;;;Interpoliert (15m);128.3;-0.37;asphalt;tertiary;Otto-Röhm-Straße;4;Kurs 13
Routenpunkt (Way);T;;49.889709;8.644447;50.0;;;;;;Interpoliert (15m);128.2;-0.01;asphalt;tertiary;Otto-Röhm-Straße;4;Kurs 13
Routenpunkt (Way);T;Otto-Röhm-Straße;49.88978;8.644327;50.0;;;;;;Original OSM;128.3;0.32;asphalt;tertiary;Otto-Röhm-Straße;4;Kurs 13
Routenpunkt (Way);T;;49.889831;8.644169;50.0;;;;;;Interpoliert (15m);128.4;0.47;asphalt;tertiary;Otto-Röhm-Straße;4;Kurs 13
Routenpunkt (Way);T;;49.889883;8.644012;50.0;;;;;;Interpoliert (15m);128.5;0.81;asphalt;tertiary;Otto-Röhm-Straße;4;Kurs 13
Routenpunkt (Way);T;Otto-Röhm-Straße;49.889934;8.643854;50.0;;;;;;Original OSM;128.6;0.79;asphalt;tertiary;Otto-Röhm-Straße;4;Kurs 13
Routenpunkt (Way);T;;49.889964;8.643685;50.0;;;;;;Interpoliert (15m);128.7;0.77;asphalt;tertiary;Otto-Röhm-Straße;4;Kurs 13
Routenpunkt (Way);T;Otto-Röhm-Straße;49.889994;8.643516;50.0;;;;;;Original OSM;128.8;0.84;asphalt;tertiary;Otto-Röhm-Straße;4;Kurs 13
Routenpunkt (Way);T;Otto-Röhm-Straße;49.890007;8.643308;50.0;;;;;;Original OSM;128.9;0.45;asphalt;tertiary;Otto-Röhm-Straße;4;Kurs 13
Routenpunkt (Way);T;;49.890012;8.643187;50.0;;;;;;Interpoliert (15m);129.0;-0.23;asphalt;tertiary;Otto-Röhm-Straße;4;Kurs 13
Routenpunkt (Way);T;Otto-Röhm-Straße;49.890016;8.643066;50.0;;;;;;Original OSM;128.9;-0.91;asphalt;tertiary;Otto-Röhm-Straße;4;Kurs 13
Routenpunkt (Way);T;;49.890014;8.642959;50.0;;;;;;Interpoliert (15m);128.7;-1.42;asphalt;tertiary;Otto-Röhm-Straße;4;Kurs 13
Routenpunkt (Way);T;Otto-Röhm-Straße;49.890011;8.642852;50.0;;;;;;Interpoliert;128.5;-1.96;asphalt;tertiary;Otto-Röhm-Straße;4;Kurs 13
Routenpunkt (Way);T;Otto-Röhm-Straße;49.890006;8.642705;50.0;;;;;;Interpoliert;128.3;-2.04;asphalt;tertiary;Otto-Röhm-Straße;4;Kurs 13
Routenpunkt (Way);T;;49.889999;8.642525;50.0;;;;;;Interpoliert (15m);128.1;-2.07;asphalt;tertiary;Otto-Röhm-Straße;4;Kurs 13
Routenpunkt (Way);T;Otto-Röhm-Straße;49.889993;8.642346;50.0;;;;;;Original OSM;127.9;-2.09;asphalt;tertiary;Otto-Röhm-Straße;4;Kurs 13
Routenpunkt (Way);T;;49.889987;8.642193;50.0;;;;;;Interpoliert (15m);127.6;-2.26;asphalt;tertiary;Otto-Röhm-Straße;4;Kurs 13
Routenpunkt (Way);T;;49.88998;8.64204;50.0;;;;;;Interpoliert (15m);127.3;-2.39;asphalt;tertiary;Otto-Röhm-Straße;4;Kurs 13
Routenpunkt (Way);T;Otto-Röhm-Straße;49.889974;8.641887;50.0;;;;;;Interpoliert;127.0;-2.38;asphalt;tertiary;Otto-Röhm-Straße;4;Kurs 13
Routenpunkt (Way);T;Otto-Röhm-Straße;49.889966;8.641699;50.0;;;;;;Interpoliert;126.7;-2.0;asphalt;tertiary;Otto-Röhm-Straße;4;Kurs 13
Routenpunkt (Way);T;Otto-Röhm-Straße;49.889959;8.641511;50.0;;;;;;Original OSM;126.5;-1.63;asphalt;tertiary;Otto-Röhm-Straße;4;Kurs 13
Routenpunkt (Way);T;Otto-Röhm-Straße;49.889952;8.641347;50.0;;;;;;Interpoliert;126.4;-1.27;asphalt;tertiary;Otto-Röhm-Straße;4;Kurs 13
Routenpunkt (Way);T;Otto-Röhm-Straße;49.889945;8.641183;50.0;;;;;;Interpoliert;126.3;-1.01;asphalt;tertiary;Otto-Röhm-Straße;4;Kurs 13
Routenpunkt (Way);T;;49.889952;8.641033;50.0;;;;;;Interpoliert (15m);126.2;-0.93;asphalt;tertiary;Otto-Röhm-Straße;4;Kurs 13
Routenpunkt (Way);T;Otto-Röhm-Straße;49.88996;8.640883;50.0;;;;;;Original OSM;126.1;-0.76;asphalt;tertiary;Otto-Röhm-Straße;4;Kurs 13
Routenpunkt (Way);T;;49.889969;8.640754;50.0;;;;;;Interpoliert (15m);126.0;-0.43;asphalt;tertiary;Otto-Röhm-Straße;4;Kurs 13
Routenpunkt (Way);T;Daimlerweg;49.889978;8.640624;50.0;;;;;;Original OSM;126.0;0.58;asphalt;tertiary;Otto-Röhm-Straße;4;Kurs 13
Haltestelle;W;Darmstadt Daimlerweg;49.889916;8.640472;50.0;18:20:00;18:20:00;Kein Umlauf;So;1372.0;Original GTFS (Snap-Distanz 4m) | Auf Route gesnappt (7m);126.1;1.0;asphalt;tertiary;Otto-Röhm-Straße;4;Kurs 13
Routenpunkt (Way);T;Otto-Röhm-Straße;49.889915;8.640438;50.0;;;;;;Original OSM;126.2;1.45;asphalt;tertiary;Otto-Röhm-Straße;4;Kurs 13
Routenpunkt (Way);T;;49.88991;8.640318;50.0;;;;;;Interpoliert (15m);126.3;1.58;asphalt;tertiary;Otto-Röhm-Straße;4;Kurs 13
Routenpunkt (Way);T;Otto-Röhm-Straße;49.889905;8.640197;50.0;;;;;;Interpoliert;126.4;1.43;asphalt;tertiary;Otto-Röhm-Straße;4;Kurs 13
Routenpunkt (Way);T;Otto-Röhm-Straße;49.889897;8.63999;50.0;;;;;;Interpoliert;126.5;0.6;asphalt;tertiary;Otto-Röhm-Straße;4;Kurs 13
Routenpunkt (Way);T;Otto-Röhm-Straße;49.889888;8.639783;50.0;;;;;;Interpoliert;126.5;0.37;asphalt;tertiary;Otto-Röhm-Straße;4;Kurs 13
Routenpunkt (Way);T;Otto-Röhm-Straße;49.88988;8.639575;50.0;;;;;;Original OSM;126.5;0.13;asphalt;tertiary;Otto-Röhm-Straße;4;Kurs 13
Routenpunkt (Way);T;Otto-Röhm-Straße;49.889874;8.639433;50.0;;;;;;Original OSM;126.5;0.4;asphalt;tertiary;Otto-Röhm-Straße;4;Kurs 13
Routenpunkt (Way);T;Otto-Röhm-Straße;49.889866;8.639226;50.0;;;;;;Interpoliert;126.5;0.67;asphalt;tertiary;Otto-Röhm-Straße;4;Kurs 13
Routenpunkt (Way);T;Otto-Röhm-Straße;49.889857;8.639019;50.0;;;;;;Interpoliert;126.8;0.94;asphalt;tertiary;Otto-Röhm-Straße;4;Kurs 13
Routenpunkt (Way);T;Otto-Röhm-Straße;49.889849;8.638813;50.0;;;;;;Interpoliert;127.0;1.21;asphalt;tertiary;Otto-Röhm-Straße;4;Kurs 13
Routenpunkt (Way);T;Otto-Röhm-Straße;49.88984;8.638606;50.0;;;;;;Interpoliert;127.2;1.55;asphalt;tertiary;Otto-Röhm-Straße;4;Kurs 13
Routenpunkt (Way);T;Otto-Röhm-Straße;49.889832;8.6384;50.0;;;;;;Original OSM;127.4;1.49;asphalt;tertiary;Otto-Röhm-Straße;4;Kurs 13
Routenpunkt (Way);T;Otto-Röhm-Straße;49.889825;8.638235;50.0;;;;;;Interpoliert;127.6;1.85;asphalt;tertiary;Otto-Röhm-Straße;4;Kurs 13
Routenpunkt (Way);T;Otto-Röhm-Straße;49.889819;8.638071;50.0;;;;;;Interpoliert;127.8;2.2;asphalt;tertiary;Otto-Röhm-Straße;4;Kurs 13
Routenpunkt (Way);T;;49.889813;8.637938;50.0;;;;;;Interpoliert (15m);128.1;2.7;asphalt;tertiary;Otto-Röhm-Straße;4;Kurs 13
Routenpunkt (Way);T;Otto-Röhm-Straße;49.889808;8.637805;50.0;;;;;;Original OSM;128.4;3.12;asphalt;tertiary;Otto-Röhm-Straße;4;Kurs 13
Routenpunkt (Way);T;;49.889803;8.637695;50.0;;;;;;Interpoliert (15m);128.7;2.6;asphalt;tertiary;Otto-Röhm-Straße;4;Kurs 13
Routenpunkt (Way);T;Otto-Röhm-Straße;49.889799;8.637586;50.0;;;;;;Interpoliert;129.0;1.84;asphalt;tertiary;Otto-Röhm-Straße;4;Kurs 13
Routenpunkt (Way);T;Otto-Röhm-Straße;49.889793;8.637435;50.0;;;;;;Interpoliert;128.9;1.08;asphalt;tertiary;Otto-Röhm-Straße;4;Kurs 13
Routenpunkt (Way);T;;49.889791;8.637226;50.0;;;;;;Interpoliert (15m);128.8;0.18;asphalt;tertiary;Otto-Röhm-Straße;4;Kurs 13
Routenpunkt (Way);T;Otto-Röhm-Straße;49.88979;8.637017;50.0;;;;;;Original OSM;128.7;-0.72;asphalt;tertiary;Otto-Röhm-Straße;4;Kurs 13
Routenpunkt (Way);T;;49.889788;8.636808;50.0;;;;;;Interpoliert (15m);128.6;-0.85;asphalt;tertiary;Otto-Röhm-Straße;4;Kurs 13
Routenpunkt (Way);T;Wöhlerweg;49.889786;8.6366;50.0;;;;;;Interpoliert;128.5;-0.72;asphalt;tertiary;Otto-Röhm-Straße;4;Kurs 13
Haltestelle;W;Darmstadt Wöhlerweg;49.889809;8.63652;50.0;;;Kein Umlauf;So;1372.0;Original GTFS (Snap-Distanz 4m) | Auf Route gesnappt (4m);128.4;-1.43;asphalt;tertiary;Otto-Röhm-Straße;4;Kurs 13
Routenpunkt (Way);T;Wöhlerweg;49.889809;8.63652;50.0;;;;;;Original OSM;128.3;-2.14;asphalt;tertiary;Otto-Röhm-Straße;4;Kurs 13
Routenpunkt (Way);T;;49.889777;8.636398;50.0;;;;;;Interpoliert (15m);127.9;-2.59;asphalt;tertiary;Otto-Röhm-Straße;4;Kurs 13
Routenpunkt (Way);T;Otto-Röhm-Straße;49.889745;8.636275;50.0;;;;;;Original OSM;127.5;-2.74;asphalt;tertiary;Otto-Röhm-Straße;4;Kurs 13
Routenpunkt (Way);T;Otto-Röhm-Straße;49.889738;8.636085;50.0;;;;;;Interpoliert;127.1;-3.2;asphalt;tertiary;Otto-Röhm-Straße;4;Kurs 13
Routenpunkt (Way);T;;49.88973;8.635904;50.0;;;;;;Interpoliert (15m);126.8;-2.98;asphalt;tertiary;Otto-Röhm-Straße;4;Kurs 13
Routenpunkt (Way);T;;49.889723;8.635724;50.0;;;;;;Interpoliert (15m);126.5;-2.8;asphalt;tertiary;Otto-Röhm-Straße;4;Kurs 13
Routenpunkt (Way);T;Otto-Röhm-Straße;49.889715;8.635544;50.0;;;;;;Original OSM;126.1;-2.88;asphalt;tertiary;Otto-Röhm-Straße;4;Kurs 13
Routenpunkt (Way);T;;49.889705;8.635377;50.0;;;;;;Interpoliert (15m);125.7;-3.08;asphalt;tertiary;Otto-Röhm-Straße;4;Kurs 13
Routenpunkt (Way);T;;49.889695;8.635211;50.0;;;;;;Interpoliert (15m);125.3;-3.25;asphalt;tertiary;Otto-Röhm-Straße;4;Kurs 13
Routenpunkt (Way);T;Otto-Röhm-Straße;49.889685;8.635044;50.0;;;;;;Original OSM;124.9;-2.64;asphalt;tertiary;Otto-Röhm-Straße;4;Kurs 13
Routenpunkt (Way);T;Otto-Röhm-Straße;49.889667;8.63487;50.0;;;;;;Original OSM;124.5;-1.97;asphalt;tertiary;Otto-Röhm-Straße;4;Kurs 13
Routenpunkt (Way);T;Otto-Röhm-Straße;49.88964;8.634728;50.0;;;;;;Interpoliert;124.5;-1.3;asphalt;tertiary;Otto-Röhm-Straße;4;Kurs 13
Routenpunkt (Way);T;Otto-Röhm-Straße;49.889614;8.634586;50.0;;;;;;Interpoliert;124.5;-0.63;asphalt;tertiary;Otto-Röhm-Straße;4;Kurs 13
Routenpunkt (Way);T;Otto-Röhm-Straße;49.889588;8.634444;50.0;;;;;;Original OSM;124.5;0.0;asphalt;tertiary;Otto-Röhm-Straße;4;Kurs 13
Routenpunkt (Way);T;Otto-Röhm-Straße;49.889535;8.634298;50.0;;;;;;Interpoliert;124.5;0.57;asphalt;tertiary;Otto-Röhm-Straße;4;Kurs 13
Routenpunkt (Way);T;Otto-Röhm-Straße;49.889482;8.634153;50.0;;;;;;Original OSM;124.5;1.13;asphalt;tertiary;Otto-Röhm-Straße;4;Kurs 13
Routenpunkt (Way);T;;49.889422;8.634038;50.0;;;;;;Interpoliert (15m);124.8;1.7;asphalt;tertiary;Otto-Röhm-Straße;4;Kurs 13
Routenpunkt (Way);T;;49.889361;8.633923;50.0;;;;;;Interpoliert (15m);125.1;2.34;asphalt;tertiary;Otto-Röhm-Straße;4;Kurs 13
Routenpunkt (Way);T;Otto-Röhm-Straße;49.889301;8.633808;50.0;;;;;;Original OSM;125.4;2.99;asphalt;tertiary;Otto-Röhm-Straße;4;Kurs 13
Routenpunkt (Way);T;;49.889219;8.633691;50.0;;;;;;Interpoliert (15m);125.8;2.87;asphalt;tertiary;Otto-Röhm-Straße;4;Kurs 13
Routenpunkt (Way);T;Otto-Röhm-Straße;49.889137;8.633574;50.0;;;;;;Original OSM;126.2;2.72;asphalt;tertiary;Otto-Röhm-Straße;4;Kurs 13
Routenpunkt (Way);T;Otto-Röhm-Straße;49.889045;8.633453;50.0;;;;;;Original OSM;126.5;2.74;asphalt;tertiary;Otto-Röhm-Straße;4;Kurs 13
Routenpunkt (Way);T;Otto-Röhm-Straße;49.888938;8.63334;50.0;;;;;;Original OSM;126.8;2.68;asphalt;tertiary;Otto-Röhm-Straße;4;Kurs 13
Routenpunkt (Way);T;Otto-Röhm-Straße;49.888859;8.633266;50.0;;;;;;Interpoliert;127.1;1.75;asphalt;tertiary;Otto-Röhm-Straße;4;Kurs 13
Routenpunkt (Way);T;Otto-Röhm-Straße;49.88878;8.633192;50.0;;;;;;Original OSM;127.4;0.63;asphalt;tertiary;Otto-Röhm-Straße;4;Kurs 13
Routenpunkt (Way);T;Otto-Röhm-Straße;49.888667;8.633095;50.0;;;;;;Original OSM;127.2;-0.47;asphalt;tertiary;Otto-Röhm-Straße;4;Kurs 13
Routenpunkt (Way);T;;49.888571;8.633026;50.0;;;;;;Interpoliert (15m);126.8;-1.74;asphalt;tertiary;Otto-Röhm-Straße;4;Kurs 13
Routenpunkt (Way);A;Ampel;49.888475;8.632957;50.0;;;;;;Interpoliert (15m);126.4;-3.17;asphalt;tertiary;Otto-Röhm-Straße;4;Kurs 13
Routenpunkt (Way);T;;49.888379;8.632888;50.0;;;;;;Interpoliert (15m);126.0;-3.77;asphalt;tertiary;Otto-Röhm-Straße;4;Kurs 13
Routenpunkt (Way);T;Otto-Röhm-Straße;49.888283;8.63282;50.0;;;;;;Original OSM;125.5;-3.96;asphalt;primary;Gräfenhäuser Straße;4;Kurs 13
Routenpunkt (Way);T;;49.888184;8.632777;50.0;;;;;;Interpoliert (15m);125.0;-4.15;asphalt;primary;Gräfenhäuser Straße;4;Kurs 13
Routenpunkt (Way);T;;49.888084;8.632735;50.0;;;;;;Interpoliert (15m);124.5;-3.96;asphalt;primary;Gräfenhäuser Straße;4;Kurs 13
Haltestelle;W;Darmstadt Otto-Röhm-Straße;49.887985;8.632692;50.0;18:22:00;18:22:00;Kein Umlauf;So;1372.0;Original GTFS (Snap-Distanz 8m) | Auf Route gesnappt (8m);124.0;-3.6;asphalt;primary;;4;Kurs 13
Routenpunkt (Way);T;;49.887875;8.632694;50.0;;;;;;Interpoliert (15m);123.7;-2.4;asphalt;primary;Gräfenhäuser Straße;4;Kurs 13
Routenpunkt (Way);T;Gräfenhäuser Straße;49.887765;8.632696;50.0;;;;;;Original OSM;123.4;-1.2;asphalt;primary;Gräfenhäuser Straße;4;Kurs 13
Routenpunkt (Way);T;;49.887673;8.632789;50.0;;;;;;Interpoliert (15m);123.6;0.29;asphalt;primary;Gräfenhäuser Straße;4;Kurs 13
Routenpunkt (Way);T;Gräfenhäuser Straße;49.887581;8.632882;50.0;;;;;;Interpoliert;123.8;1.41;asphalt;primary;Gräfenhäuser Straße;4;Kurs 13
Routenpunkt (Way);T;Gräfenhäuser Straße;49.887497;8.633005;50.0;;;;;;Original OSM;124.2;2.64;asphalt;primary;Gräfenhäuser Straße;4;Kurs 13
Routenpunkt (Way);T;Gräfenhäuser Straße;49.887405;8.633114;50.0;;;;;;Original OSM;124.6;3.06;asphalt;primary;Gräfenhäuser Straße;4;Kurs 13
Routenpunkt (Way);T;Gräfenhäuser Straße;49.887329;8.633207;50.0;;;;;;Interpoliert;125.0;3.28;asphalt;primary;Gräfenhäuser Straße;4;Kurs 13
Routenpunkt (Way);T;Gräfenhäuser Straße;49.887253;8.6333;50.0;;;;;;Original OSM;125.4;3.2;asphalt;primary;Gräfenhäuser Straße;4;Kurs 13
Routenpunkt (Way);T;Gräfenhäuser Straße;49.887151;8.633429;50.0;;;;;;Interpoliert;125.8;2.73;asphalt;primary;Gräfenhäuser Straße;4;Kurs 13
Routenpunkt (Way);T;Gräfenhäuser Straße;49.887049;8.633558;50.0;;;;;;Original OSM;126.2;1.99;asphalt;primary;Gräfenhäuser Straße;4;Kurs 13
Routenpunkt (Way);T;Gräfenhäuser Straße;49.886958;8.633679;50.0;;;;;;Original OSM;126.3;1.25;asphalt;primary;Gräfenhäuser Straße;4;Kurs 13
Routenpunkt (Way);T;Gräfenhäuser Straße;49.886877;8.633789;50.0;;;;;;Interpoliert;126.3;0.7;asphalt;primary;Gräfenhäuser Straße;4;Kurs 13
Routenpunkt (Way);T;Gräfenhäuser Straße;49.886795;8.633898;50.0;;;;;;Interpoliert;126.3;-0.23;asphalt;primary;Gräfenhäuser Straße;4;Kurs 13
Routenpunkt (Way);T;;49.886724;8.633996;50.0;;;;;;Interpoliert (15m);126.3;-0.74;asphalt;primary;Gräfenhäuser Straße;4;Kurs 13
Routenpunkt (Way);T;Gräfenhäuser Straße;49.886652;8.634094;50.0;;;;;;Original OSM;126.1;-1.1;asphalt;primary;Gräfenhäuser Straße;4;Kurs 13
Routenpunkt (Way);T;;49.886578;8.634197;50.0;;;;;;Interpoliert (15m);125.9;-1.41;asphalt;primary;Gräfenhäuser Straße;4;Kurs 13
Routenpunkt (Way);T;Gräfenhäuser Straße;49.886504;8.6343;50.0;;;;;;Interpoliert;125.7;-1.72;asphalt;primary;Gräfenhäuser Straße;4;Kurs 13
Routenpunkt (Way);T;Gräfenhäuser Straße;49.886417;8.634419;50.0;;;;;;Interpoliert;125.5;-1.52;asphalt;primary;Gräfenhäuser Straße;4;Kurs 13
Routenpunkt (Way);T;Gräfenhäuser Straße;49.88633;8.634539;50.0;;;;;;Interpoliert;125.3;-1.16;asphalt;primary;Gräfenhäuser Straße;4;Kurs 13
Routenpunkt (Way);T;;49.886255;8.634641;50.0;;;;;;Interpoliert (15m);125.2;-0.62;asphalt;primary;Gräfenhäuser Straße;4;Kurs 13
Routenpunkt (Way);T;Gräfenhäuser Straße;49.886179;8.634742;50.0;;;;;;Original OSM;125.2;-0.12;asphalt;primary;Gräfenhäuser Straße;4;Kurs 13
Routenpunkt (Way);T;;49.886104;8.634841;50.0;;;;;;Interpoliert (15m);125.3;0.35;asphalt;primary;Gräfenhäuser Straße;4;Kurs 13
Routenpunkt (Way);T;Gräfenhäuser Straße;49.886029;8.634939;50.0;;;;;;Interpoliert;125.4;0.69;asphalt;primary;Gräfenhäuser Straße;4;Kurs 13
Routenpunkt (Way);T;Gräfenhäuser Straße;49.885943;8.635052;50.0;;;;;;Interpoliert;125.5;0.85;asphalt;primary;Gräfenhäuser Straße;4;Kurs 13
Routenpunkt (Way);T;Gräfenhäuser Straße;49.885857;8.635164;50.0;;;;;;Interpoliert;125.6;0.93;asphalt;primary;Gräfenhäuser Straße;4;Kurs 13
Routenpunkt (Way);T;Gräfenhäuser Straße;49.885772;8.635277;50.0;;;;;;Original OSM;125.7;1.02;asphalt;primary;Gräfenhäuser Straße;4;Kurs 13
Routenpunkt (Way);T;Gräfenhäuser Straße;49.885669;8.635408;50.0;;;;;;Original OSM;125.9;1.13;asphalt;primary;Gräfenhäuser Straße;4;Kurs 13
Routenpunkt (Way);T;Gräfenhäuser Straße;49.885569;8.635546;50.0;;;;;;Interpoliert;126.1;1.1;asphalt;primary;Gräfenhäuser Straße;4;Kurs 13
Routenpunkt (Way);T;Gräfenhäuser Straße;49.885469;8.635684;50.0;;;;;;Interpoliert;126.3;1.08;asphalt;primary;Gräfenhäuser Straße;4;Kurs 13
Routenpunkt (Way);T;Gräfenhäuser Straße;49.88537;8.635822;50.0;;;;;;Interpoliert;126.4;0.94;asphalt;primary;Gräfenhäuser Straße;4;Kurs 13
Routenpunkt (Way);T;Gräfenhäuser Straße;49.88527;8.63596;50.0;;;;;;Interpoliert;126.5;0.81;asphalt;primary;Gräfenhäuser Straße;4;Kurs 13
Routenpunkt (Way);T;Gräfenhäuser Straße;49.88517;8.636098;50.0;;;;;;Interpoliert;126.6;1.2;asphalt;primary;Gräfenhäuser Straße;4;Kurs 13
Routenpunkt (Way);T;Gräfenhäuser Straße;49.88507;8.636236;50.0;;;;;;Interpoliert;126.7;1.74;asphalt;primary;Gräfenhäuser Straße;4;Kurs 13
Routenpunkt (Way);T;;49.885009;8.636319;50.0;;;;;;Interpoliert (15m);127.0;2.05;asphalt;primary;Gräfenhäuser Straße;4;Kurs 13
Routenpunkt (Way);A;Gräfenhäuser Straße (Ampel);49.884949;8.636402;50.0;;;;;;Original OSM;127.3;2.21;asphalt;primary;Gräfenhäuser Straße;4;Kurs 13
Routenpunkt (Way);T;Gräfenhäuser Straße;49.88486;8.636525;50.0;;;;;;Interpoliert;127.6;2.36;asphalt;primary;Gräfenhäuser Straße;4;Kurs 13
Routenpunkt (Way);T;;49.884764;8.636652;50.0;;;;;;Interpoliert (15m);127.8;2.0;asphalt;primary;Gräfenhäuser Straße;4;Kurs 13
Routenpunkt (Way);T;Gräfenhäuser Straße;49.884669;8.636778;50.0;;;;;;Original OSM;128.0;1.79;asphalt;primary;Gräfenhäuser Straße;4;Kurs 13
Routenpunkt (Way);T;;49.88458;8.636895;50.0;;;;;;Interpoliert (15m);128.2;1.8;asphalt;primary;Gräfenhäuser Straße;4;Kurs 13
Routenpunkt (Way);T;;49.88449;8.637013;50.0;;;;;;Interpoliert (15m);128.5;1.92;asphalt;primary;Gräfenhäuser Straße;4;Kurs 13
Routenpunkt (Way);T;Gräfenhäuser Straße;49.8844;8.63713;50.0;;;;;;Interpoliert;128.8;2.03;asphalt;primary;Gräfenhäuser Straße;4;Kurs 13
Routenpunkt (Way);T;Gräfenhäuser Straße;49.884298;8.637264;50.0;;;;;;Interpoliert;129.1;1.86;asphalt;primary;Gräfenhäuser Straße;4;Kurs 13
Routenpunkt (Way);T;Gräfenhäuser Straße;49.884196;8.637397;50.0;;;;;;Interpoliert;129.4;1.54;asphalt;primary;Gräfenhäuser Straße;4;Kurs 13
Routenpunkt (Way);T;Gräfenhäuser Straße;49.884094;8.637531;50.0;;;;;;Interpoliert;129.5;1.3;asphalt;primary;Gräfenhäuser Straße;4;Kurs 13
Routenpunkt (Way);T;Gräfenhäuser Straße;49.883992;8.637664;50.0;;;;;;Interpoliert;129.6;1.12;asphalt;primary;Gräfenhäuser Straße;4;Kurs 13
Routenpunkt (Way);T;;49.88393;8.637745;50.0;;;;;;Interpoliert (15m);129.7;0.89;asphalt;primary;Gräfenhäuser Straße;4;Kurs 13
Routenpunkt (Way);T;Gräfenhäuser Straße;49.883868;8.637826;50.0;;;;;;Original OSM;129.8;0.92;asphalt;primary;Gräfenhäuser Straße;4;Kurs 13
Routenpunkt (Way);T;;49.883771;8.637889;50.0;;;;;;Interpoliert (15m);129.9;0.96;asphalt;primary;Gräfenhäuser Straße;4;Kurs 13
Routenpunkt (Way);T;;49.883675;8.637952;50.0;;;;;;Interpoliert (15m);130.0;0.9;sett;service;;4;Kurs 13
Routenpunkt (Way);T;Unbekannt;49.883579;8.638015;50.0;;;;;;Original OSM;130.1;0.84;sett;service;;4;Kurs 13
Routenpunkt (Way);T;;49.883482;8.638094;50.0;;;;;;Interpoliert (15m);130.2;0.98;sett;service;;4;Kurs 13
Routenpunkt (Way);T;Windmühle (Richtung Südost);49.883384;8.638173;50.0;;;;;;Interpoliert;130.3;1.13;sett;service;;4;Kurs 13
Haltestelle;W;Darmstadt Windmühle;49.883347;8.638242;50.0;18:24:00;18:24:00;Kein Umlauf;So;1372.0;Original GTFS (Snap-Distanz 1m) | Auf Route gesnappt (1m);130.4;1.28;sett;service;;4;Kurs 13
Routenpunkt (Way);A;Ampel;49.883256;8.638345;50.0;;;;;;Interpoliert (15m);130.6;1.49;sett;service;;4;Kurs 13
Routenpunkt (Way);T;Unbekannt;49.883166;8.638448;50.0;;;;;;Original OSM;130.8;1.7;sett;service;;4;Kurs 13
Routenpunkt (Way);T;;49.883074;8.638402;50.0;;;;;;Interpoliert (15m);131.0;1.77;asphalt;secondary;Kirschenallee;4;Kurs 13
Routenpunkt (Way);T;;49.882983;8.638357;50.0;;;;;;Interpoliert (15m);131.2;1.59;asphalt;secondary;Kirschenallee;4;Kurs 13
Routenpunkt (Way);T;Kirschenallee;49.882892;8.638312;50.0;;;;;;Interpoliert;131.4;1.27;asphalt;secondary;Kirschenallee;4;Kurs 13
Routenpunkt (Way);T;Kirschenallee;49.882797;8.638181;50.0;;;;;;Original OSM;131.5;0.73;asphalt;secondary;Kirschenallee;4;Kurs 13
Routenpunkt (Way);T;Kirschenallee;49.882713;8.638066;50.0;;;;;;Interpoliert;131.5;0.2;asphalt;secondary;Kirschenallee;4;Kurs 13
Routenpunkt (Way);T;Kirschenallee;49.882628;8.63795;50.0;;;;;;Interpoliert;131.4;-0.34;asphalt;secondary;Kirschenallee;4;Kurs 13
Routenpunkt (Way);T;Kirschenallee;49.882544;8.637835;50.0;;;;;;Interpoliert;131.3;-0.81;asphalt;secondary;Kirschenallee;4;Kurs 13
Routenpunkt (Way);T;Kirschenallee;49.88246;8.637719;50.0;;;;;;Original OSM;131.2;-1.14;asphalt;secondary;Kirschenallee;4;Kurs 13
Routenpunkt (Way);T;Kirschenallee;49.88238;8.637608;50.0;;;;;;Interpoliert;131.0;-1.3;asphalt;secondary;Kirschenallee;4;Kurs 13
Routenpunkt (Way);T;;49.882293;8.6375;50.0;;;;;;Interpoliert (15m);130.8;-1.46;asphalt;secondary;Kirschenallee;4;Kurs 13
Routenpunkt (Way);T;;49.882206;8.637392;50.0;;;;;;Interpoliert (15m);130.6;-1.45;asphalt;secondary;Kirschenallee;4;Kurs 13
Routenpunkt (Way);T;Kirschenallee;49.882119;8.637284;50.0;;;;;;Original OSM;130.4;-1.12;asphalt;secondary;Kirschenallee;4;Kurs 13
Routenpunkt (Way);T;;49.882013;8.637202;50.0;;;;;;Interpoliert (15m);130.3;-0.8;asphalt;secondary;Kirschenallee;4;Kurs 13
Routenpunkt (Way);T;;49.881906;8.637119;50.0;;;;;;Interpoliert (15m);130.3;-0.33;asphalt;secondary;Kirschenallee;4;Kurs 13
Routenpunkt (Way);T;Kirschenallee;49.8818;8.637037;50.0;;;;;;Interpoliert;130.3;0.29;asphalt;secondary;Kirschenallee;4;Kurs 13
Routenpunkt (Way);T;Kirschenallee;49.881686;8.636971;50.0;;;;;;Interpoliert;130.4;0.74;asphalt;secondary;Kirschenallee;4;Kurs 13
Routenpunkt (Way);T;Kirschenallee;49.881572;8.636904;50.0;;;;;;Interpoliert;130.6;1.03;asphalt;secondary;Kirschenallee;4;Kurs 13
Routenpunkt (Way);T;Kirschenallee;49.881458;8.636837;50.0;;;;;;Interpoliert;130.8;1.33;asphalt;secondary;Kirschenallee;4;Kurs 13
Routenpunkt (Way);T;Kirschenallee;49.881344;8.636771;50.0;;;;;;Interpoliert;131.0;1.48;asphalt;secondary;Kirschenallee;4;Kurs 13
Routenpunkt (Way);T;Kirschenallee;49.88123;8.636704;50.0;;;;;;Interpoliert;131.2;1.48;asphalt;secondary;Kirschenallee;4;Kurs 13
Routenpunkt (Way);T;Kirschenallee;49.881116;8.636638;50.0;;;;;;Interpoliert;131.4;1.33;asphalt;secondary;Kirschenallee;4;Kurs 13
Routenpunkt (Way);T;Kirschenallee;49.881001;8.636571;50.0;;;;;;Interpoliert;131.6;1.18;asphalt;secondary;Kirschenallee;4;Kurs 13
Routenpunkt (Way);T;Kirschenallee;49.880887;8.636504;50.0;;;;;;Interpoliert;131.7;1.04;asphalt;secondary;Kirschenallee;4;Kurs 13
Routenpunkt (Way);T;Kirschenallee;49.880773;8.636438;50.0;;;;;;Original OSM;131.8;0.9;asphalt;secondary;Kirschenallee;4;Kurs 13
Routenpunkt (Way);T;Kirschenallee;49.880666;8.636375;50.0;;;;;;Interpoliert;131.9;0.61;asphalt;secondary;Kirschenallee;4;Kurs 13
Routenpunkt (Way);T;Kirschenallee;49.880559;8.636313;50.0;;;;;;Interpoliert;132.0;0.3;asphalt;secondary;Kirschenallee;4;Kurs 13
Routenpunkt (Way);T;Kirschenallee;49.880452;8.63625;50.0;;;;;;Interpoliert;132.0;0.0;asphalt;secondary;Kirschenallee;4;Kurs 13
Routenpunkt (Way);T;Kirschenallee;49.880344;8.636188;50.0;;;;;;Interpoliert;131.9;-0.51;asphalt;secondary;Kirschenallee;4;Kurs 13
Routenpunkt (Way);T;Kirschenallee;49.880237;8.636125;50.0;;;;;;Original OSM;131.8;-1.01;asphalt;secondary;Kirschenallee;4;Kurs 13
Routenpunkt (Way);T;Kirschenallee;49.880141;8.63607;50.0;;;;;;Interpoliert;131.6;-1.36;asphalt;secondary;Kirschenallee;4;Kurs 13
Routenpunkt (Way);T;Kirschenallee;49.880044;8.636014;50.0;;;;;;Interpoliert;131.4;-1.53;asphalt;secondary;Kirschenallee;4;Kurs 13
Routenpunkt (Way);T;Kirschenallee;49.879948;8.635959;50.0;;;;;;Original OSM;131.2;-1.74;asphalt;secondary;Kirschenallee;4;Kurs 13
Routenpunkt (Way);T;Kirschenallee;49.879847;8.63589;50.0;;;;;;Interpoliert;131.0;-1.75;asphalt;secondary;Kirschenallee;4;Kurs 13
Routenpunkt (Way);T;;49.879763;8.635808;50.0;;;;;;Interpoliert (15m);130.8;-1.79;asphalt;secondary;Kirschenallee;4;Kurs 13
Routenpunkt (Way);T;Kirschenallee;49.879679;8.635726;50.0;;;;;;Original OSM;130.6;-1.44;asphalt;secondary;Kirschenallee;4;Kurs 13
Haltestelle;W;Darmstadt Mainzer Straße;49.879585;8.635724;50.0;18:25:00;18:25:00;Kein Umlauf;So;1372.0;Original GTFS (Snap-Distanz 0m) | Auf Route gesnappt (0m);130.4;-1.62;asphalt;secondary;Kirschenallee;4;Kurs 13
Routenpunkt (Way);T;Kirschenallee;49.879585;8.635724;50.0;;;;;;Original OSM;130.2;-1.77;asphalt;secondary;Kirschenallee;4;Kurs 13
Routenpunkt (Way);T;;49.879519;8.635688;50.0;;;;;;Interpoliert (15m);130.0;-1.56;asphalt;secondary;Kirschenallee;4;Kurs 13
Routenpunkt (Way);A;Kirschenallee (Ampel);49.879453;8.635651;50.0;;;;;;Original OSM;129.8;-1.32;asphalt;secondary;Kirschenallee;4;Kurs 13
Routenpunkt (Way);T;Kirschenallee;49.879337;8.635602;50.0;;;;;;Original OSM;129.7;-1.55;asphalt;secondary;Kirschenallee;4;Kurs 13
Routenpunkt (Way);T;Kirschenallee;49.879211;8.63556;50.0;;;;;;Original OSM;129.6;-1.27;asphalt;secondary;Kirschenallee;4;Kurs 13
Routenpunkt (Way);T;;49.879135;8.63554;50.0;;;;;;Interpoliert (15m);129.5;-0.98;asphalt;secondary;Kirschenallee;4;Kurs 13
Routenpunkt (Way);T;Kirschenallee;49.879058;8.635521;50.0;;;;;;Original OSM;129.4;-1.05;asphalt;secondary;Kirschenallee;4;Kurs 13
Routenpunkt (Way);T;;49.878978;8.635504;50.0;;;;;;Interpoliert (15m);129.3;-0.91;asphalt;secondary;Kirschenallee;4;Kurs 13
Routenpunkt (Way);T;Kirschenallee;49.878899;8.635488;50.0;;;;;;Original OSM;129.2;-0.68;asphalt;secondary;Kirschenallee;4;Kurs 13
Routenpunkt (Way);T;Kirschenallee;49.87878;8.635463;50.0;;;;;;Interpoliert;129.2;-0.31;asphalt;secondary;Kirschenallee;4;Kurs 13
Routenpunkt (Way);T;Kirschenallee;49.878662;8.635438;50.0;;;;;;Original OSM;129.2;0.05;asphalt;secondary;Kirschenallee;4;Kurs 13
Routenpunkt (Way);T;Kirschenallee;49.878529;8.635413;50.0;;;;;;Interpoliert;129.3;0.4;asphalt;secondary;Kirschenallee;4;Kurs 13
Routenpunkt (Way);T;Kirschenallee;49.878397;8.635388;50.0;;;;;;Interpoliert;129.4;0.54;asphalt;secondary;Kirschenallee;4;Kurs 13
Routenpunkt (Way);T;Kirschenallee;49.878265;8.635362;50.0;;;;;;Interpoliert;129.5;0.94;asphalt;secondary;Kirschenallee;4;Kurs 13
Routenpunkt (Way);T;Kirschenallee;49.878132;8.635337;50.0;;;;;;Interpoliert;129.6;1.21;asphalt;secondary;Kirschenallee;4;Kurs 13
Routenpunkt (Way);T;Kirschenallee;49.878;8.635312;50.0;;;;;;Interpoliert;129.9;1.48;asphalt;secondary;Kirschenallee;4;Kurs 13
Routenpunkt (Way);T;Kirschenallee;49.877867;8.635286;50.0;;;;;;Interpoliert;130.2;1.75;asphalt;secondary;Kirschenallee;4;Kurs 13
Routenpunkt (Way);T;Kirschenallee;49.877735;8.635261;50.0;;;;;;Interpoliert;130.5;1.89;asphalt;secondary;Kirschenallee;4;Kurs 13
Routenpunkt (Way);T;Kirschenallee;49.877603;8.635235;50.0;;;;;;Interpoliert;130.8;1.75;asphalt;secondary;Kirschenallee;4;Kurs 13
Routenpunkt (Way);T;Kirschenallee;49.87747;8.63521;50.0;;;;;;Interpoliert;131.0;1.81;asphalt;secondary;;4;Kurs 13
Routenpunkt (Way);T;Kirschenallee;49.877338;8.635185;50.0;;;;;;Interpoliert;131.2;1.86;asphalt;secondary;Kirschenallee;4;Kurs 13
Routenpunkt (Way);T;;49.87726;8.635165;50.0;;;;;;Interpoliert (15m);131.4;1.87;asphalt;secondary;Kirschenallee;4;Kurs 13
Routenpunkt (Way);T;Kirschenallee;49.877183;8.635146;50.0;;;;;;Original OSM;131.6;2.02;asphalt;secondary;Kirschenallee;4;Kurs 13
Routenpunkt (Way);T;;49.877098;8.635121;50.0;;;;;;Interpoliert (15m);131.8;1.75;asphalt;secondary;Kirschenallee;4;Kurs 13
Routenpunkt (Way);T;Kirschenallee;49.877014;8.635097;50.0;;;;;;Interpoliert;132.0;1.3;asphalt;secondary;Kirschenallee;4;Kurs 13
Routenpunkt (Way);T;Kirschenallee;49.876892;8.635074;50.0;;;;;;Interpoliert;132.0;0.84;asphalt;secondary;Kirschenallee;4;Kurs 13
Routenpunkt (Way);T;Kirschenallee;49.87677;8.635051;50.0;;;;;;Interpoliert;132.0;0.42;asphalt;secondary;Kirschenallee;4;Kurs 13
Routenpunkt (Way);T;Kirschenallee;49.876647;8.635029;50.0;;;;;;Interpoliert;132.0;0.0;asphalt;secondary;Kirschenallee;4;Kurs 13
Routenpunkt (Way);T;Kirschenallee;49.876525;8.635006;50.0;;;;;;Interpoliert;132.0;0.0;asphalt;secondary;Kirschenallee;4;Kurs 13
Routenpunkt (Way);A;Kirschenallee (Ampel);49.876403;8.634983;50.0;;;;;;Original OSM;132.0;0.0;asphalt;secondary;Kirschenallee;4;Kurs 13
Routenpunkt (Way);T;Kirschenallee;49.876313;8.634963;50.0;;;;;;Interpoliert;132.0;-0.39;asphalt;secondary;Kirschenallee;4;Kurs 13
Routenpunkt (Way);T;Kirschenallee;49.876223;8.634942;50.0;;;;;;Original OSM;132.0;-0.81;asphalt;secondary;Kirschenallee;4;Kurs 13
Routenpunkt (Way);T;Kirschenallee;49.876132;8.634925;50.0;;;;;;Original OSM;131.8;-1.22;asphalt;secondary;Kirschenallee;4;Kurs 13
Routenpunkt (Way);T;;49.876048;8.634895;50.0;;;;;;Interpoliert (15m);131.6;-1.55;asphalt;secondary;Kirschenallee;4;Kurs 13
Routenpunkt (Way);T;Kirschenallee;49.875963;8.634866;50.0;;;;;;Interpoliert;131.4;-2.18;asphalt;secondary;Kirschenallee;4;Kurs 13
Haltestelle;W;Darmstadt Evonik;49.875854;8.634841;50.0;18:27:00;18:27:00;Kein Umlauf;So;1372.0;Original GTFS (Snap-Distanz 4m) | Auf Route gesnappt (4m);131.2;-2.29;asphalt;secondary;Kirschenallee;4;Kurs 13
Routenpunkt (Way);T;Evonik (Bussteig Westseite);49.875797;8.634848;50.0;;;;;;Interpoliert;131.0;-2.38;asphalt;secondary;Kirschenallee;4;Kurs 13
Routenpunkt (Way);T;;49.875726;8.634866;50.0;;;;;;Interpoliert (15m);130.8;-2.25;asphalt;secondary;Kirschenallee;4;Kurs 13
Routenpunkt (Way);T;Kirschenallee;49.875656;8.634885;50.0;;;;;;Interpoliert;130.6;-2.11;asphalt;secondary;Kirschenallee;4;Kurs 13
Routenpunkt (Way);T;Kirschenallee;49.875533;8.634864;50.0;;;;;;Original OSM;130.4;-1.67;asphalt;secondary;Kirschenallee;4;Kurs 13
Routenpunkt (Way);T;Kirschenallee;49.875438;8.634846;50.0;;;;;;Interpoliert;130.3;-1.03;asphalt;secondary;Kirschenallee;4;Kurs 13
Routenpunkt (Way);T;Kirschenallee;49.875342;8.634827;50.0;;;;;;Interpoliert;130.2;-0.38;asphalt;secondary;Kirschenallee;4;Kurs 13
Routenpunkt (Way);T;;49.875219;8.634781;50.0;;;;;;Interpoliert (15m);130.3;0.05;asphalt;secondary;Kirschenallee;4;Kurs 13
Routenpunkt (Way);T;;49.875095;8.634734;50.0;;;;;;Interpoliert (15m);130.4;0.42;asphalt;secondary;Kirschenallee;4;Kurs 13
Routenpunkt (Way);T;Kirschenallee;49.874971;8.634688;50.0;;;;;;Original OSM;130.5;0.8;asphalt;secondary;Kirschenallee;4;Kurs 13
Routenpunkt (Way);T;;49.874949;8.634542;50.0;;;;;;Interpoliert (15m);130.6;0.84;asphalt;busway;;4;Kurs 13
Routenpunkt (Way);T;;49.874927;8.634396;50.0;;;;;;Interpoliert (15m);130.7;0.86;asphalt;secondary;Bismarckstraße;4;Kurs 13
Routenpunkt (Way);T;Bismarckstraße;49.874904;8.634251;50.0;;;;;;Interpoliert;130.8;0.71;asphalt;secondary;Bismarckstraße;4;Kurs 13
Routenpunkt (Way);T;Bismarckstraße;49.874914;8.634071;50.0;;;;;;Interpoliert;130.9;0.37;asphalt;secondary;Bismarckstraße;4;Kurs 13
Routenpunkt (Way);T;Bismarckstraße;49.874923;8.633891;50.0;;;;;;Interpoliert;130.9;0.03;asphalt;secondary;Bismarckstraße;4;Kurs 13
Routenpunkt (Way);T;Bismarckstraße;49.874933;8.633712;50.0;;;;;;Interpoliert;130.8;-0.32;asphalt;secondary;Bismarckstraße;4;Kurs 13
Routenpunkt (Way);T;Bismarckstraße;49.874943;8.633532;50.0;;;;;;Original OSM;130.7;-0.64;asphalt;secondary;Bismarckstraße;4;Kurs 13
Routenpunkt (Way);T;Bismarckstraße;49.874948;8.633361;50.0;;;;;;Interpoliert;130.6;-0.35;asphalt;secondary;Bismarckstraße;4;Kurs 13
Routenpunkt (Way);T;Bismarckstraße;49.874954;8.633191;50.0;;;;;;Original OSM;130.5;0.09;asphalt;secondary;Bismarckstraße;4;Kurs 13
Routenpunkt (Way);T;Bismarckstraße;49.874965;8.632997;50.0;;;;;;Interpoliert;130.7;0.64;asphalt;secondary;Bismarckstraße;4;Kurs 13
Routenpunkt (Way);T;Bismarckstraße;49.874976;8.632804;50.0;;;;;;Original OSM;130.9;1.19;asphalt;secondary;Bismarckstraße;4;Kurs 13
Routenpunkt (Way);T;;49.874945;8.632669;50.0;;;;;;Interpoliert (15m);131.1;1.75;asphalt;secondary;Bismarckstraße;4;Kurs 13
Routenpunkt (Way);A;Ampel;49.874914;8.632534;50.0;;;;;;Interpoliert (15m);131.3;2.04;asphalt;secondary;Bismarckstraße;4;Kurs 13
Routenpunkt (Way);T;Bismarckstraße;49.874883;8.6324;50.0;;;;;;Original OSM;131.5;2.34;asphalt;secondary;Goebelstraße;4;Kurs 13
Routenpunkt (Way);T;;49.874796;8.632354;50.0;;;;;;Interpoliert (15m);131.8;2.54;asphalt;secondary;Goebelstraße;4;Kurs 13
Routenpunkt (Way);T;;49.874708;8.632309;50.0;;;;;;Interpoliert (15m);132.1;2.98;asphalt;secondary;Goebelstraße;4;Kurs 13
Routenpunkt (Way);T;Goebelstraße;49.874621;8.632264;50.0;;;;;;Interpoliert;132.4;3.42;asphalt;secondary;Goebelstraße;4;Kurs 13
Routenpunkt (Way);T;;49.874513;8.632254;50.0;;;;;;Interpoliert (15m);132.9;3.15;asphalt;secondary;Goebelstraße;4;Kurs 13
Routenpunkt (Way);T;Goebelstraße;49.874405;8.632245;50.0;;;;;;Original OSM;133.4;2.87;asphalt;secondary;Goebelstraße;4;Kurs 13
Routenpunkt (Way);T;;49.874325;8.632114;50.0;;;;;;Interpoliert (15m);133.6;2.6;asphalt;residential;Poststraße;4;Kurs 13
Routenpunkt (Way);T;;49.874245;8.631984;50.0;;;;;;Interpoliert (15m);133.8;2.07;asphalt;residential;Poststraße;4;Kurs 13
Routenpunkt (Way);T;;49.874165;8.631854;50.0;;;;;;Interpoliert (15m);134.0;1.58;asphalt;residential;Poststraße;4;Kurs 13
Routenpunkt (Way);T;Poststraße;49.874085;8.631723;50.0;;;;;;Original OSM;134.2;1.61;asphalt;residential;Poststraße;4;Kurs 13
Routenpunkt (Way);T;;49.873996;8.631634;50.0;;;;;;Interpoliert (15m);134.4;1.64;asphalt;residential;Poststraße;4;Kurs 13
Routenpunkt (Way);T;;49.873907;8.631545;50.0;;;;;;Interpoliert (15m);134.6;0.82;asphalt;residential;Poststraße;4;Kurs 13
Routenpunkt (Way);T;;49.873819;8.631456;50.0;;;;;;Interpoliert (15m);134.8;-0.24;asphalt;service;;4;Kurs 13
Routenpunkt (Way);T;Unbekannt;49.87373;8.631367;50.0;;;;;;Interpoliert;134.5;-1.34;asphalt;service;;4;Kurs 13
Routenpunkt (Way);T;Unbekannt;49.873611;8.631379;50.0;;;;;;Interpoliert;134.0;-2.43;asphalt;service;;4;Kurs 13
Routenpunkt (Way);T;Unbekannt;49.873492;8.631391;50.0;;;;;;Interpoliert;133.5;-3.52;asphalt;service;;4;Kurs 13
Routenpunkt (Way);T;Unbekannt;49.873373;8.631403;50.0;;;;;;Interpoliert;133.0;-3.89;asphalt;service;;4;Kurs 13
Routenpunkt (Way);T;Am Hauptbahnhof;49.873254;8.631416;50.0;;;;;;Original OSM;132.5;-4.02;paving_stones;pedestrian;Am Hauptbahnhof;4;Kurs 13
Routenpunkt (Way);T;Am Hauptbahnhof;49.873152;8.631432;50.0;;;;;;Interpoliert;132.0;-4.15;paving_stones;pedestrian;Am Hauptbahnhof;4;Kurs 13
Routenpunkt (Way);A;Am Hauptbahnhof (Ampel);49.873051;8.631448;50.0;;;;;;Interpoliert;131.5;-3.75;paving_stones;pedestrian;Am Hauptbahnhof;4;Kurs 13
Routenpunkt (Way);T;Am Hauptbahnhof;49.872949;8.631464;50.0;;;;;;Interpoliert;131.0;-3.27;paving_stones;pedestrian;Am Hauptbahnhof;4;Kurs 13
Routenpunkt (Way);T;Am Hauptbahnhof;49.872848;8.63148;50.0;;;;;;Original OSM;130.8;-1.65;paving_stones;pedestrian;Am Hauptbahnhof;4;Kurs 13
Routenpunkt (Way);T;Am Hauptbahnhof;49.872715;8.631501;50.0;;;;;;Original OSM;130.6;-0.04;paving_stones;pedestrian;Am Hauptbahnhof;4;Kurs 13
Routenpunkt (Way);T;;49.872642;8.631521;50.0;;;;;;Interpoliert (15m);130.9;1.34;paving_stones;pedestrian;Am Hauptbahnhof;4;Kurs 13
Routenpunkt (Way);T;Am Hauptbahnhof;49.872569;8.631541;50.0;;;;;;Original OSM;131.2;2.54;paving_stones;pedestrian;Am Hauptbahnhof;4;Kurs 13
Routenpunkt (Way);T;;49.872463;8.63156;50.0;;;;;;Interpoliert (15m);131.5;3.64;paving_stones;pedestrian;Am Hauptbahnhof;4;Kurs 13
Routenpunkt (Way);T;;49.872356;8.63158;50.0;;;;;;Interpoliert (15m);132.0;3.79;paving_stones;pedestrian;Am Hauptbahnhof;4;Kurs 13
Routenpunkt (Way);T;Am Hauptbahnhof;49.87225;8.6316;50.0;;;;;;Original OSM;132.5;3.94;paving_stones;pedestrian;Am Hauptbahnhof;4;Kurs 13
Routenpunkt (Way);T;;49.872148;8.63162;50.0;;;;;;Interpoliert (15m);133.0;3.93;paving_stones;pedestrian;Am Hauptbahnhof;4;Kurs 13
Haltestelle;W;Darmstadt Hauptbahnhof Ost;49.872047;8.631641;50.0;18:29:00;18:29:00;Kein Umlauf;So;1372.0;Original GTFS (Snap-Distanz 37m) | Auf Route gesnappt (37m);133.5;2.84;paving_stones;pedestrian;Am Hauptbahnhof;4;Kurs 13
Routenpunkt (Way);T;;49.871978;8.631676;50.0;;;;;;Interpoliert (15m);133.7;1.83;paving_stones;pedestrian;Am Hauptbahnhof;4;Kurs 13
Routenpunkt (Way);T;Am Hauptbahnhof;49.871909;8.631712;50.0;;;;;;Original OSM;133.6;0.78;paving_stones;pedestrian;Am Hauptbahnhof;4;Kurs 13
Routenpunkt (Way);T;;49.871816;8.631789;50.0;;;;;;Interpoliert (15m);133.5;-0.28;asphalt;pedestrian;Am Hauptbahnhof;4;Kurs 13
Routenpunkt (Way);T;Am Hauptbahnhof;49.871722;8.631865;50.0;;;;;;Original OSM;133.4;-0.96;paving_stones;pedestrian;Am Hauptbahnhof;4;Kurs 13
Routenpunkt (Way);T;Am Hauptbahnhof;49.871638;8.631939;50.0;;;;;;Interpoliert;133.3;-1.29;paving_stones;pedestrian;Am Hauptbahnhof;4;Kurs 13
Routenpunkt (Way);T;Am Hauptbahnhof;49.871554;8.632013;50.0;;;;;;Original OSM;133.2;-1.65;paving_stones;pedestrian;Am Hauptbahnhof;4;Kurs 13
Routenpunkt (Way);T;Am Hauptbahnhof;49.871471;8.632083;50.0;;;;;;Interpoliert;132.9;-2.02;paving_stones;pedestrian;Am Hauptbahnhof;4;Kurs 13
Routenpunkt (Way);T;;49.871384;8.632158;50.0;;;;;;Interpoliert (15m);132.6;-1.83;paving_stones;pedestrian;Am Hauptbahnhof;4;Kurs 13
Routenpunkt (Way);T;Am Hauptbahnhof;49.871296;8.632234;50.0;;;;;;Original OSM;132.3;-1.22;paving_stones;pedestrian;Am Hauptbahnhof;4;Kurs 13
Routenpunkt (Way);T;;49.871184;8.632328;50.0;;;;;;Interpoliert (15m);132.3;-0.17;paving_stones;pedestrian;Am Hauptbahnhof;4;Kurs 13
Routenpunkt (Way);T;Am Hauptbahnhof;49.871073;8.632422;50.0;;;;;;Interpoliert;132.6;0.85;paving_stones;pedestrian;Am Hauptbahnhof;4;Kurs 13
Routenpunkt (Way);T;Am Hauptbahnhof;49.870975;8.632506;50.0;;;;;;Interpoliert;132.9;1.86;paving_stones;pedestrian;Am Hauptbahnhof;4;Kurs 13
Routenpunkt (Way);T;Am Hauptbahnhof;49.870876;8.63259;50.0;;;;;;Interpoliert;133.2;2.3;paving_stones;pedestrian;Am Hauptbahnhof;4;Kurs 13
Routenpunkt (Way);T;Am Hauptbahnhof;49.870777;8.632674;50.0;;;;;;Interpoliert;133.5;2.31;paving_stones;pedestrian;Am Hauptbahnhof;4;Kurs 13
Routenpunkt (Way);T;Am Hauptbahnhof;49.870668;8.632766;50.0;;;;;;Original OSM;133.8;2.27;paving_stones;pedestrian;Am Hauptbahnhof;4;Kurs 13
Routenpunkt (Way);T;Am Hauptbahnhof;49.870561;8.632861;50.0;;;;;;Interpoliert;134.1;2.08;paving_stones;pedestrian;Am Hauptbahnhof;4;Kurs 13
Routenpunkt (Way);T;;49.870452;8.632953;50.0;;;;;;Interpoliert (15m);134.4;1.97;asphalt;busway;Am Hauptbahnhof;4;Kurs 13
Routenpunkt (Way);T;Am Hauptbahnhof;49.870344;8.633045;50.0;;;;;;Original OSM;134.6;1.35;asphalt;primary;Berliner Allee;4;Kurs 13
Routenpunkt (Way);T;;49.870249;8.633066;50.0;;;;;;Interpoliert (15m);134.8;0.73;asphalt;primary;Berliner Allee;4;Kurs 13
Routenpunkt (Way);A;Ampel;49.870153;8.633087;50.0;;;;;;Interpoliert (15m);134.7;0.11;asphalt;primary;Berliner Allee;4;Kurs 13
Routenpunkt (Way);T;Berliner Allee;49.870057;8.633108;50.0;;;;;;Interpoliert;134.6;-0.33;asphalt;primary;Berliner Allee;4;Kurs 13
Routenpunkt (Way);T;Berliner Allee;49.869961;8.633145;50.0;;;;;;Interpoliert;134.5;-0.89;asphalt;primary;Berliner Allee;4;Kurs 13
Routenpunkt (Way);T;Berliner Allee;49.869843;8.633191;50.0;;;;;;Original OSM;134.4;-0.89;asphalt;primary;Berliner Allee;4;Kurs 13
Routenpunkt (Way);T;;49.86975;8.633227;50.0;;;;;;Interpoliert (15m);134.3;-1.08;asphalt;primary;Berliner Allee;4;Kurs 13
Routenpunkt (Way);T;;49.869657;8.633263;50.0;;;;;;Interpoliert (15m);134.2;-1.25;asphalt;primary;Berliner Allee;4;Kurs 13
Routenpunkt (Way);T;Berliner Allee;49.869564;8.633299;50.0;;;;;;Original OSM;134.0;-1.27;asphalt;primary;Berliner Allee;4;Kurs 13
Routenpunkt (Way);T;;49.869464;8.633338;50.0;;;;;;Interpoliert (15m);133.8;-1.22;asphalt;primary;Berliner Allee;4;Kurs 13
Routenpunkt (Way);T;Berliner Allee;49.869363;8.633376;50.0;;;;;;Interpoliert;133.7;-1.18;asphalt;primary;Berliner Allee;4;Kurs 13
Routenpunkt (Way);T;Berliner Allee;49.869238;8.633424;50.0;;;;;;Interpoliert;133.6;-0.94;asphalt;primary;Berliner Allee;4;Kurs 13
Routenpunkt (Way);T;Berliner Allee;49.869113;8.633472;50.0;;;;;;Interpoliert;133.5;-0.75;asphalt;primary;Berliner Allee;4;Kurs 13
Routenpunkt (Way);T;Berliner Allee;49.868988;8.63352;50.0;;;;;;Original OSM;133.4;-0.74;asphalt;primary;Berliner Allee;4;Kurs 13
Routenpunkt (Way);T;Berliner Allee;49.86888;8.633561;50.0;;;;;;Interpoliert;133.3;-0.28;asphalt;primary;Berliner Allee;4;Kurs 13
Routenpunkt (Way);T;Berliner Allee;49.868772;8.633602;50.0;;;;;;Interpoliert;133.2;0.18;asphalt;primary;Berliner Allee;4;Kurs 13
Routenpunkt (Way);T;Berliner Allee;49.868663;8.633644;50.0;;;;;;Interpoliert;133.4;0.92;asphalt;primary;Berliner Allee;4;Kurs 13
Routenpunkt (Way);T;Berliner Allee;49.868555;8.633685;50.0;;;;;;Original OSM;133.6;1.68;asphalt;primary;Berliner Allee;4;Kurs 13
Routenpunkt (Way);T;Berliner Allee;49.868467;8.633721;50.0;;;;;;Interpoliert;133.9;2.31;asphalt;primary;Berliner Allee;4;Kurs 13
Routenpunkt (Way);T;Berliner Allee;49.86838;8.633757;50.0;;;;;;Interpoliert;134.2;2.47;asphalt;primary;Berliner Allee;4;Kurs 13
Routenpunkt (Way);T;;49.868267;8.633746;50.0;;;;;;Interpoliert (15m);134.5;1.99;asphalt;primary;Berliner Allee;4;Kurs 13
Routenpunkt (Way);A;Ampel;49.868154;8.633735;50.0;;;;;;Interpoliert (15m);134.8;1.25;asphalt;primary;Haardtring;4;Kurs 13
Routenpunkt (Way);T;Berliner Allee;49.86804;8.633724;50.0;;;;;;Original OSM;134.7;0.51;asphalt;primary;Haardtring;4;Kurs 13
Routenpunkt (Way);T;;49.867937;8.63361;50.0;;;;;;Interpoliert (15m);134.6;0.32;asphalt;primary;Haardtring;4;Kurs 13
Routenpunkt (Way);T;;49.867834;8.633497;50.0;;;;;;Interpoliert (15m);134.5;-0.34;asphalt;primary;Haardtring;4;Kurs 13
Routenpunkt (Way);T;Haardtring;49.867731;8.633383;50.0;;;;;;Original OSM;134.7;-0.33;asphalt;primary;Haardtring;4;Kurs 13
Routenpunkt (Way);T;Haardtring;49.867666;8.63327;50.0;;;;;;Interpoliert;134.6;-0.86;asphalt;primary;Haardtring;4;Kurs 13
Routenpunkt (Way);T;Haardtring;49.867583;8.633119;50.0;;;;;;Original OSM;134.5;-1.39;asphalt;primary;Haardtring;4;Kurs 13
Routenpunkt (Way);T;;49.867533;8.633022;50.0;;;;;;Interpoliert (15m);134.2;-2.1;asphalt;primary;Haardtring;4;Kurs 13
Routenpunkt (Way);T;Haardtring;49.867484;8.632925;50.0;;;;;;Original OSM;133.9;-2.34;asphalt;primary;Haardtring;4;Kurs 13
Routenpunkt (Way);T;Haardtring;49.867405;8.632772;50.0;;;;;;Interpoliert;133.6;-2.06;asphalt;primary;Haardtring;4;Kurs 13
Routenpunkt (Way);T;Haardtring;49.867325;8.632618;50.0;;;;;;Interpoliert;133.3;-1.21;asphalt;primary;Haardtring;4;Kurs 13
Routenpunkt (Way);T;Haardtring;49.867246;8.632465;50.0;;;;;;Original OSM;133.4;-0.71;asphalt;primary;Haardtring;4;Kurs 13
Routenpunkt (Way);T;Haardtring;49.867182;8.632342;50.0;;;;;;Interpoliert;133.5;-0.84;asphalt;primary;Haardtring;4;Kurs 13
Routenpunkt (Way);T;Haardtring;49.867117;8.632219;50.0;;;;;;Original OSM;133.4;-0.97;asphalt;primary;Haardtring;4;Kurs 13
Routenpunkt (Way);T;Haardtring;49.867035;8.632064;50.0;;;;;;Interpoliert;133.0;-2.13;asphalt;primary;Haardtring;4;Kurs 13
Routenpunkt (Way);T;Haardtring;49.866953;8.631909;50.0;;;;;;Interpoliert;132.6;-2.98;asphalt;primary;Haardtring;4;Kurs 13
Routenpunkt (Way);T;;49.866887;8.631779;50.0;;;;;;Interpoliert (15m);132.0;-3.48;asphalt;primary;Haardtring;4;Kurs 13
Routenpunkt (Way);T;;49.866821;8.631649;50.0;;;;;;Interpoliert (15m);131.6;-3.26;asphalt;primary;Haardtring;4;Kurs 13
Routenpunkt (Way);A;Ampel;49.866756;8.631519;50.0;;;;;;Interpoliert (15m);131.2;-3.0;asphalt;primary;Haardtring;4;Kurs 13
Routenpunkt (Way);T;Haardtring;49.86669;8.631389;50.0;;;;;;Original OSM;131.0;-2.29;asphalt;primary;Haardtring;4;Kurs 13
Routenpunkt (Way);T;;49.86666;8.631208;50.0;;;;;;Interpoliert (15m);130.8;-1.91;asphalt;primary;Stirnweg;4;Kurs 13
Routenpunkt (Way);T;;49.86663;8.631028;50.0;;;;;;Interpoliert (15m);130.6;-1.24;asphalt;primary;Stirnweg;4;Kurs 13
Routenpunkt (Way);T;Stirnweg;49.8666;8.630847;50.0;;;;;;Interpoliert;130.4;-0.9;asphalt;primary;Stirnweg;4;Kurs 13
Routenpunkt (Way);T;Stirnweg;49.866579;8.630678;50.0;;;;;;Original OSM;130.4;-0.78;asphalt;primary;Stirnweg;4;Kurs 13
Routenpunkt (Way);T;Stirnweg;49.866565;8.630535;50.0;;;;;;Interpoliert;130.4;-0.3;asphalt;primary;Stirnweg;4;Kurs 13
Routenpunkt (Way);T;;49.866595;8.63039;50.0;;;;;;Interpoliert (15m);130.3;0.18;asphalt;primary;Stirnweg;4;Kurs 13
Routenpunkt (Way);T;;49.866625;8.630244;50.0;;;;;;Interpoliert (15m);130.4;0.34;asphalt;primary;Stirnweg;4;Kurs 13
Routenpunkt (Way);T;Stirnweg;49.866654;8.630098;50.0;;;;;;Original OSM;130.5;0.18;asphalt;primary;Stirnweg;4;Kurs 13
Routenpunkt (Way);T;;49.866755;8.630013;50.0;;;;;;Interpoliert (15m);130.6;0.21;asphalt;primary;Stirnweg;4;Kurs 13
Routenpunkt (Way);T;;49.866856;8.629928;50.0;;;;;;Interpoliert (15m);130.5;-0.14;asphalt;primary;Am Kavalleriesand;4;Kurs 13
Routenpunkt (Way);T;Am Kavalleriesand;49.866956;8.629843;50.0;;;;;;Interpoliert;130.4;-0.46;asphalt;primary;Am Kavalleriesand;4;Kurs 13
Routenpunkt (Way);T;Am Kavalleriesand;49.867064;8.629801;50.0;;;;;;Original OSM;130.3;-0.76;asphalt;primary;Am Kavalleriesand;4;Kurs 13
Routenpunkt (Way);T;Am Kavalleriesand;49.867185;8.629755;50.0;;;;;;Interpoliert;130.2;-0.77;asphalt;primary;Am Kavalleriesand;4;Kurs 13
Routenpunkt (Way);T;Am Kavalleriesand;49.867306;8.62971;50.0;;;;;;Original OSM;130.1;-0.61;asphalt;primary;Am Kavalleriesand;4;Kurs 13
Routenpunkt (Way);T;Am Kavalleriesand;49.867414;8.629673;50.0;;;;;;Original OSM;130.0;-0.45;asphalt;primary;Am Kavalleriesand;4;Kurs 13
Routenpunkt (Way);T;;49.8674;8.629564;50.0;;;;;;Interpoliert (15m);130.0;-0.31;asphalt;unclassified;Mina-Rees-Straße;4;Kurs 13
Routenpunkt (Way);T;Mina-Rees-Straße;49.867385;8.629454;30.0;;;;;;Original OSM;130.0;-0.16;asphalt;unclassified;Mina-Rees-Straße;4;Kurs 13
Routenpunkt (Way);T;;49.867369;8.62934;30.0;;;;;;Interpoliert (15m);130.0;0.0;asphalt;unclassified;Mina-Rees-Straße;4;Kurs 13
Routenpunkt (Way);T;Mina-Rees-Straße;49.867354;8.629225;30.0;;;;;;Interpoliert;130.0;0.0;asphalt;unclassified;Mina-Rees-Straße;4;Kurs 13
Routenpunkt (Way);T;;49.867335;8.629083;30.0;;;;;;Interpoliert (15m);130.0;0.0;asphalt;unclassified;Mina-Rees-Straße;4;Kurs 13
Routenpunkt (Way);T;;49.867315;8.628941;30.0;;;;;;Interpoliert (15m);130.0;0.0;asphalt;unclassified;Mina-Rees-Straße;4;Kurs 13
Routenpunkt (Way);T;Mina-Rees-Straße;49.867296;8.628799;30.0;;;;;;Original OSM;130.0;0.0;asphalt;unclassified;Mina-Rees-Straße;4;Kurs 13
Routenpunkt (Way);T;;49.86727;8.628605;30.0;;;;;;Interpoliert (15m);130.0;0.0;asphalt;unclassified;Mina-Rees-Straße;4;Kurs 13
Routenpunkt (Way);T;;49.867243;8.628411;30.0;;;;;;Interpoliert (15m);130.0;0.32;asphalt;unclassified;Mina-Rees-Straße;4;Kurs 13
Routenpunkt (Way);T;Mina-Rees-Straße;49.867217;8.628217;30.0;;;;;;Interpoliert;130.0;0.64;asphalt;unclassified;Mina-Rees-Straße;4;Kurs 13
Routenpunkt (Way);T;;49.867194;8.628047;30.0;;;;;;Interpoliert (15m);130.2;0.94;asphalt;unclassified;Mina-Rees-Straße;4;Kurs 13
Routenpunkt (Way);T;Mina-Rees-Straße;49.86717;8.627877;30.0;;;;;;Original OSM;130.4;1.24;asphalt;unclassified;Mina-Rees-Straße;4;Kurs 13
Routenpunkt (Way);T;;49.867145;8.627695;30.0;;;;;;Interpoliert (15m);130.6;1.54;asphalt;unclassified;Mina-Rees-Straße;4;Kurs 13
Routenpunkt (Way);T;Mina-Rees-Straße;49.86712;8.627513;30.0;;;;;;Interpoliert;130.8;1.52;asphalt;unclassified;Mina-Rees-Straße;4;Kurs 13
Routenpunkt (Way);T;Mina-Rees-Straße;49.867095;8.62733;30.0;;;;;;Interpoliert;131.0;1.59;asphalt;unclassified;Mina-Rees-Straße;4;Kurs 13
Routenpunkt (Way);T;Mina-Rees-Straße;49.86707;8.627147;30.0;;;;;;Original OSM;131.2;1.69;asphalt;unclassified;Mina-Rees-Straße;4;Kurs 13
Routenpunkt (Way);T;Mina-Rees-Straße;49.867051;8.62701;30.0;;;;;;Interpoliert;131.4;1.66;asphalt;unclassified;Mina-Rees-Straße;4;Kurs 13
Routenpunkt (Way);T;Mina-Rees-Straße;49.867031;8.626872;30.0;;;;;;Interpoliert;131.6;1.67;asphalt;unclassified;Mina-Rees-Straße;4;Kurs 13
Routenpunkt (Way);T;Mina-Rees-Straße;49.867004;8.626672;30.0;;;;;;Original OSM;131.8;1.37;asphalt;unclassified;Mina-Rees-Straße;4;Kurs 13
Routenpunkt (Way);T;Mina-Rees-Straße;49.867005;8.626488;30.0;;;;;;Original OSM;132.0;1.14;asphalt;unclassified;Mina-Rees-Straße;4;Kurs 13
Haltestelle;W;Darmstadt Mina-Rees-Straße;49.867005;8.626488;30.0;;;Kein Umlauf;So;1372.0;Original GTFS (Snap-Distanz 2m) | Auf Route gesnappt (2m);132.0;0.98;asphalt;unclassified;Mina-Rees-Straße;4;Kurs 13
Routenpunkt (Way);T;Mina-Rees-Straße;49.866981;8.62633;30.0;;;;;;Original OSM;132.1;0.94;asphalt;unclassified;Mina-Rees-Straße;4;Kurs 13
Routenpunkt (Way);T;;49.866953;8.626218;30.0;;;;;;Interpoliert (15m);132.2;0.12;asphalt;unclassified;Mina-Rees-Straße;4;Kurs 13
Routenpunkt (Way);T;Mina-Rees-Straße;49.866925;8.626106;30.0;;;;;;Interpoliert;132.3;-0.39;asphalt;unclassified;Mina-Rees-Straße;4;Kurs 13
Routenpunkt (Way);A;Ampel;49.866897;8.625948;30.0;;;;;;Interpoliert (15m);132.0;-1.22;asphalt;unclassified;Mina-Rees-Straße;4;Kurs 13
Routenpunkt (Way);T;Mina-Rees-Straße;49.866868;8.625791;30.0;;;;;;Original OSM;131.7;-2.12;asphalt;unclassified;Mina-Rees-Straße;4;Kurs 13
Routenpunkt (Way);T;;49.866787;8.625786;30.0;;;;;;Interpoliert (15m);131.4;-2.83;asphalt;primary;Deutsche-Telekom-Allee;4;Kurs 13
Routenpunkt (Way);T;Deutsche-Telekom-Allee;49.866706;8.625782;50.0;;;;;;Interpoliert;131.1;-2.79;asphalt;primary;Deutsche-Telekom-Allee;4;Kurs 13
Routenpunkt (Way);T;Deutsche-Telekom-Allee;49.866595;8.625819;50.0;;;;;;Interpoliert;130.8;-2.75;asphalt;primary;Deutsche-Telekom-Allee;4;Kurs 13
Routenpunkt (Way);T;Deutsche-Telekom-Allee;49.866484;8.625857;50.0;;;;;;Interpoliert;130.5;-3.04;asphalt;primary;Deutsche-Telekom-Allee;4;Kurs 13
Routenpunkt (Way);T;Deutsche-Telekom-Allee;49.866373;8.625894;50.0;;;;;;Interpoliert;130.2;-3.19;asphalt;primary;Deutsche-Telekom-Allee;4;Kurs 13
Routenpunkt (Way);T;Deutsche-Telekom-Allee;49.866262;8.625932;50.0;;;;;;Original OSM;129.6;-3.77;asphalt;primary;Deutsche-Telekom-Allee;4;Kurs 13
Routenpunkt (Way);T;Deutsche-Telekom-Allee;49.866132;8.625975;50.0;;;;;;Interpoliert;129.0;-3.64;asphalt;primary;Deutsche-Telekom-Allee;4;Kurs 13
Routenpunkt (Way);T;;49.86603;8.625995;50.0;;;;;;Interpoliert (15m);128.4;-3.52;asphalt;primary;Deutsche-Telekom-Allee;4;Kurs 13
Routenpunkt (Way);T;;49.865929;8.626016;50.0;;;;;;Interpoliert (15m);128.2;-2.96;asphalt;primary;Deutsche-Telekom-Allee;4;Kurs 13
Routenpunkt (Way);T;Deutsche-Telekom-Allee;49.865828;8.626036;50.0;;;;;;Original OSM;128.0;-2.55;asphalt;primary;Deutsche-Telekom-Allee;4;Kurs 13
Routenpunkt (Way);T;;49.865737;8.626053;50.0;;;;;;Interpoliert (15m);127.8;-1.89;asphalt;primary;Deutsche-Telekom-Allee;4;Kurs 13
Routenpunkt (Way);T;;49.865647;8.626069;50.0;;;;;;Interpoliert (15m);127.6;-1.82;asphalt;primary;Deutsche-Telekom-Allee;4;Kurs 13
Routenpunkt (Way);T;Deutsche-Telekom-Allee;49.865556;8.626086;50.0;;;;;;Interpoliert;127.4;-1.76;asphalt;primary;Deutsche-Telekom-Allee;4;Kurs 13
Routenpunkt (Way);T;Deutsche-Telekom-Allee;49.865434;8.626128;50.0;;;;;;Interpoliert;127.2;-1.37;asphalt;primary;Deutsche-Telekom-Allee;4;Kurs 13
Routenpunkt (Way);T;Deutsche-Telekom-Allee;49.865312;8.626169;50.0;;;;;;Interpoliert;127.0;-0.97;asphalt;primary;Deutsche-Telekom-Allee;4;Kurs 13
Routenpunkt (Way);T;Deutsche-Telekom-Allee;49.86519;8.626211;50.0;;;;;;Interpoliert;127.0;-0.58;asphalt;primary;Deutsche-Telekom-Allee;4;Kurs 13
Routenpunkt (Way);T;Deutsche-Telekom-Allee;49.865068;8.626253;50.0;;;;;;Original OSM;127.0;-0.29;asphalt;primary;Deutsche-Telekom-Allee;4;Kurs 13
Routenpunkt (Way);T;Deutsche-Telekom-Allee;49.864937;8.626296;50.0;;;;;;Interpoliert;127.0;0.0;asphalt;primary;Deutsche-Telekom-Allee;4;Kurs 13
Routenpunkt (Way);T;Deutsche-Telekom-Allee;49.864806;8.62634;50.0;;;;;;Interpoliert;127.0;0.0;asphalt;primary;Deutsche-Telekom-Allee;4;Kurs 13
Routenpunkt (Way);T;Deutsche-Telekom-Allee;49.864675;8.626383;50.0;;;;;;Original OSM;127.0;-0.37;asphalt;primary;Deutsche-Telekom-Allee;4;Kurs 13
Routenpunkt (Way);T;Deutsche-Telekom-Allee;49.86458;8.626415;50.0;;;;;;Interpoliert;127.0;-0.65;asphalt;primary;Deutsche-Telekom-Allee;4;Kurs 13
Routenpunkt (Way);T;Deutsche-Telekom-Allee;49.864485;8.626447;50.0;;;;;;Interpoliert;126.8;-1.18;asphalt;primary;Deutsche-Telekom-Allee;4;Kurs 13
Routenpunkt (Way);T;Deutsche-Telekom-Allee;49.86436;8.626488;50.0;;;;;;Original OSM;126.6;-1.71;asphalt;primary;Deutsche-Telekom-Allee;4;Kurs 13
Routenpunkt (Way);T;;49.864293;8.62651;50.0;;;;;;Interpoliert (15m);126.4;-2.04;asphalt;primary;Deutsche-Telekom-Allee;4;Kurs 13
Routenpunkt (Way);T;Deutsche-Telekom-Allee;49.864227;8.626532;50.0;;;;;;Interpoliert;126.2;-1.41;asphalt;primary;Deutsche-Telekom-Allee;4;Kurs 13
Routenpunkt (Way);T;Deutsche-Telekom-Allee;49.86412;8.626568;50.0;;;;;;Original OSM;126.0;-0.87;asphalt;primary;Deutsche-Telekom-Allee;4;Kurs 13
Routenpunkt (Way);T;;49.864051;8.626591;50.0;;;;;;Interpoliert (15m);126.1;-0.08;asphalt;primary;Deutsche-Telekom-Allee;4;Kurs 13
Routenpunkt (Way);T;Deutsche-Telekom-Allee;49.863982;8.626614;50.0;;;;;;Original OSM;126.2;0.71;asphalt;primary;Deutsche-Telekom-Allee;4;Kurs 13
Routenpunkt (Way);T;;49.863915;8.626636;50.0;;;;;;Interpoliert (15m);126.3;1.18;asphalt;primary;Deutsche-Telekom-Allee;4;Kurs 13
Routenpunkt (Way);T;Deutsche-Telekom-Allee;49.863848;8.626658;50.0;;;;;;Interpoliert;126.4;1.37;asphalt;primary;Deutsche-Telekom-Allee;4;Kurs 13
Routenpunkt (Way);T;Deutsche-Telekom-Allee;49.863728;8.626698;50.0;;;;;;Interpoliert;126.5;1.56;asphalt;primary;Deutsche-Telekom-Allee;4;Kurs 13
Routenpunkt (Way);T;Deutsche-Telekom-Allee;49.863609;8.626737;50.0;;;;;;Interpoliert;126.8;1.74;asphalt;primary;Deutsche-Telekom-Allee;4;Kurs 13
Routenpunkt (Way);T;Deutsche-Telekom-Allee;49.86349;8.626777;50.0;;;;;;Interpoliert;127.1;1.92;asphalt;primary;Deutsche-Telekom-Allee;4;Kurs 13
Routenpunkt (Way);T;Deutsche-Telekom-Allee;49.863371;8.626817;50.0;;;;;;Interpoliert;127.4;2.21;asphalt;primary;Deutsche-Telekom-Allee;4;Kurs 13
Routenpunkt (Way);T;Deutsche-Telekom-Allee;49.863251;8.626856;50.0;;;;;;Interpoliert;127.7;1.77;asphalt;primary;Deutsche-Telekom-Allee;4;Kurs 13
Routenpunkt (Way);T;Deutsche-Telekom-Allee;49.863132;8.626896;50.0;;;;;;Interpoliert;128.0;1.33;asphalt;primary;Deutsche-Telekom-Allee;4;Kurs 13
Routenpunkt (Way);T;;49.863059;8.62692;50.0;;;;;;Interpoliert (15m);128.0;0.73;asphalt;primary;Deutsche-Telekom-Allee;4;Kurs 13
Routenpunkt (Way);T;Deutsche-Telekom-Allee;49.862986;8.626944;50.0;;;;;;Original OSM;128.0;0.13;asphalt;primary;Deutsche-Telekom-Allee;4;Kurs 13
Routenpunkt (Way);T;;49.862872;8.626982;50.0;;;;;;Interpoliert (15m);127.9;-0.48;asphalt;primary;Deutsche-Telekom-Allee;4;Kurs 13
Routenpunkt (Way);T;Deutsche-Telekom-Allee;49.862759;8.62702;50.0;;;;;;Original OSM;127.8;-0.65;asphalt;primary;Deutsche-Telekom-Allee;4;Kurs 13
Routenpunkt (Way);T;Deutsche-Telekom-Allee;49.862657;8.627054;50.0;;;;;;Interpoliert;127.7;-0.84;asphalt;primary;Deutsche-Telekom-Allee;4;Kurs 13
Routenpunkt (Way);T;Deutsche-Telekom-Allee;49.862554;8.627088;50.0;;;;;;Interpoliert;127.6;-0.87;asphalt;primary;Deutsche-Telekom-Allee;4;Kurs 13
Routenpunkt (Way);A;Ampel;49.86247;8.62716;50.0;;;;;;Interpoliert (15m);127.5;-0.54;asphalt;primary;Deutsche-Telekom-Allee;4;Kurs 13
Routenpunkt (Way);T;Deutsche-Telekom-Allee;49.862385;8.627233;50.0;;;;;;Original OSM;127.4;-0.19;asphalt;primary;Hilpertstraße;4;Kurs 13
Routenpunkt (Way);T;;49.862399;8.627391;50.0;;;;;;Interpoliert (15m);127.5;0.3;asphalt;primary;Hilpertstraße;4;Kurs 13
Routenpunkt (Way);T;Hilpertstraße;49.862413;8.627549;50.0;;;;;;Interpoliert;127.6;0.79;asphalt;primary;Hilpertstraße;4;Kurs 13
Routenpunkt (Way);T;Hilpertstraße;49.862441;8.627718;50.0;;;;;;Original OSM;127.8;1.43;asphalt;primary;Hilpertstraße;4;Kurs 13
Routenpunkt (Way);T;Hilpertstraße;49.862471;8.627895;50.0;;;;;;Interpoliert;128.0;1.84;paving_stones;primary;Hilpertstraße;4;Kurs 13
Routenpunkt (Way);T;Hilpertstraße;49.862501;8.628072;50.0;;;;;;Original OSM;128.3;2.25;paving_stones;primary;Hilpertstraße;4;Kurs 13
Routenpunkt (Way);T;Hilpertstraße;49.862526;8.628209;50.0;;;;;;Interpoliert;128.6;2.59;paving_stones;primary;Hilpertstraße;4;Kurs 13
Routenpunkt (Way);T;Hilpertstraße;49.862551;8.628347;50.0;;;;;;Interpoliert;128.9;2.95;paving_stones;primary;Hilpertstraße;4;Kurs 13
Routenpunkt (Way);T;;49.862573;8.628469;50.0;;;;;;Interpoliert (15m);129.2;2.88;paving_stones;primary;Hilpertstraße;4;Kurs 13
Routenpunkt (Way);T;Hilpertstraße;49.862596;8.628591;50.0;;;;;;Original OSM;129.5;2.29;paving_stones;primary;Hilpertstraße;4;Kurs 13
Routenpunkt (Way);T;;49.862621;8.628729;50.0;;;;;;Interpoliert (15m);129.7;1.71;paving_stones;primary;Hilpertstraße;4;Kurs 13
Routenpunkt (Way);T;Hilpertstraße;49.862646;8.628868;50.0;;;;;;Original OSM;129.7;0.85;paving_stones;primary;Hilpertstraße;4;Kurs 13
Routenpunkt (Way);T;Hilpertstraße;49.862673;8.629006;50.0;;;;;;Interpoliert;129.7;0.0;paving_stones;primary;Hilpertstraße;4;Kurs 13
Routenpunkt (Way);T;Hilpertstraße;49.8627;8.629144;50.0;;;;;;Interpoliert;129.6;-0.22;paving_stones;primary;Hilpertstraße;4;Kurs 13
Routenpunkt (Way);T;Hilpertstraße;49.862727;8.629282;50.0;;;;;;Original OSM;129.5;-0.08;paving_stones;primary;Hilpertstraße;4;Kurs 13
Routenpunkt (Way);T;Hilpertstraße;49.862763;8.629445;50.0;;;;;;Interpoliert;129.6;0.06;paving_stones;primary;Hilpertstraße;4;Kurs 13
Routenpunkt (Way);T;;49.862806;8.629626;50.0;;;;;;Interpoliert (15m);129.7;0.4;paving_stones;primary;Hilpertstraße;4;Kurs 13
Routenpunkt (Way);T;;49.862849;8.629807;50.0;;;;;;Interpoliert (15m);129.8;0.76;paving_stones;primary;Hilpertstraße;4;Kurs 13
Routenpunkt (Way);T;Hilpertstraße;49.862893;8.629988;50.0;;;;;;Original OSM;129.9;1.08;paving_stones;primary;Hilpertstraße;4;Kurs 13
Routenpunkt (Way);T;;49.862938;8.630146;50.0;;;;;;Interpoliert (15m);130.0;1.42;paving_stones;primary;Hilpertstraße;4;Kurs 13
Routenpunkt (Way);T;;49.862984;8.630303;50.0;;;;;;Interpoliert (15m);130.3;1.76;paving_stones;primary;Hilpertstraße;4;Kurs 13
Routenpunkt (Way);T;;49.863029;8.630461;50.0;;;;;;Interpoliert (15m);130.6;2.1;paving_stones;primary;Hilpertstraße;4;Kurs 13
Routenpunkt (Way);T;;49.863075;8.630619;50.0;;;;;;Interpoliert (15m);130.9;2.47;paving_stones;primary;Hilpertstraße;4;Kurs 13
Routenpunkt (Way);T;Hilpertstraße;49.86312;8.630776;50.0;;;;;;Original OSM;131.2;2.17;asphalt;primary;Hilpertstraße;4;Kurs 13
Routenpunkt (Way);A;Ampel;49.863183;8.630898;50.0;;;;;;Interpoliert (15m);131.5;1.51;asphalt;primary;Hilpertstraße;4;Kurs 13
Routenpunkt (Way);T;;49.863246;8.631019;50.0;;;;;;Interpoliert (15m);131.6;0.86;asphalt;primary;Hilpertstraße;4;Kurs 13
Routenpunkt (Way);T;Hilpertstraße;49.86331;8.631141;50.0;;;;;;Original OSM;131.5;0.21;asphalt;primary;Hilpertstraße;4;Kurs 13
Routenpunkt (Way);T;;49.863369;8.631284;50.0;;;;;;Interpoliert (15m);131.4;-0.49;asphalt;primary;Hilpertstraße;4;Kurs 13
Routenpunkt (Way);T;;49.863428;8.631427;50.0;;;;;;Interpoliert (15m);131.3;-1.0;asphalt;primary;Hilpertstraße;4;Kurs 13
Routenpunkt (Way);T;;49.863487;8.631569;50.0;;;;;;Interpoliert (15m);131.2;-1.15;asphalt;primary;Hilpertstraße;4;Kurs 13
Routenpunkt (Way);T;;49.863546;8.631712;50.0;;;;;;Interpoliert (15m);131.0;-1.14;asphalt;primary;Hilpertstraße;4;Kurs 13
Routenpunkt (Way);T;Hilpertstraße;49.863605;8.631855;50.0;;;;;;Original OSM;130.8;-1.12;asphalt;primary;Hilpertstraße;4;Kurs 13
Routenpunkt (Way);T;;49.863556;8.632025;50.0;;;;;;Interpoliert (15m);130.7;-1.11;asphalt;primary;Hilpertstraße;4;Kurs 13
Routenpunkt (Way);T;;49.863507;8.632196;50.0;;;;;;Interpoliert (15m);130.6;-0.78;asphalt;secondary;Haardtring;4;Kurs 13
Routenpunkt (Way);T;Haardtring;49.863458;8.632366;50.0;;;;;;Interpoliert;130.5;-0.17;asphalt;secondary;Haardtring;4;Kurs 13
Routenpunkt (Way);T;Haardtring;49.86337;8.632412;50.0;;;;;;Interpoliert;130.5;0.38;asphalt;secondary;Haardtring;4;Kurs 13
Routenpunkt (Way);T;Haardtring;49.86324;8.632423;50.0;;;;;;Original OSM;130.7;2.87;asphalt;secondary;Haardtring;4;Kurs 13
Routenpunkt (Way);T;Philipp-Röth-Weg (Bussteig Richtung Süd);49.863158;8.632481;50.0;;;;;;Interpoliert;130.9;3.34;asphalt;secondary;Haardtring;4;Kurs 13
Haltestelle;W;Darmstadt Philipp-Röth-Weg NSüdbf;49.863142;8.632485;50.0;18:35:00;18:35:00;Kein Umlauf;So;1372.0;Original GTFS (Snap-Distanz 4m) | Auf Route gesnappt (9m);131.1;3.74;asphalt;secondary;Haardtring;4;Kurs 13
Routenpunkt (Way);T;Philipp-Röth-Weg (Bussteig Richtung Süd);49.863036;8.632545;50.0;;;;;;Original OSM;131.3;3.86;asphalt;secondary;Haardtring;4;Kurs 13
Routenpunkt (Way);T;;49.862958;8.632614;50.0;;;;;;Interpoliert (15m);131.5;3.61;asphalt;secondary;Haardtring;4;Kurs 13
Routenpunkt (Way);T;Haardtring;49.86288;8.632682;50.0;;;;;;Interpoliert;131.7;1.42;asphalt;secondary;Haardtring;4;Kurs 13
Routenpunkt (Way);T;Haardtring;49.862765;8.632746;50.0;;;;;;Interpoliert;131.8;1.24;asphalt;secondary;Haardtring;4;Kurs 13
Routenpunkt (Way);T;Haardtring;49.862651;8.63281;50.0;;;;;;Original OSM;131.9;0.84;asphalt;secondary;Haardtring;4;Kurs 13
Routenpunkt (Way);T;Haardtring;49.862529;8.63288;50.0;;;;;;Interpoliert;132.0;0.43;asphalt;secondary;Haardtring;4;Kurs 13
Routenpunkt (Way);T;Haardtring;49.862408;8.63295;50.0;;;;;;Interpoliert;132.0;0.15;asphalt;secondary;Haardtring;4;Kurs 13
Routenpunkt (Way);T;Haardtring;49.862287;8.63302;50.0;;;;;;Interpoliert;132.0;-0.28;asphalt;secondary;Haardtring;4;Kurs 13
Routenpunkt (Way);T;Haardtring;49.862165;8.63309;50.0;;;;;;Interpoliert;131.9;-0.69;asphalt;secondary;Haardtring;4;Kurs 13
Routenpunkt (Way);T;Haardtring;49.862044;8.63316;50.0;;;;;;Interpoliert;131.7;-0.97;asphalt;secondary;Haardtring;4;Kurs 13
Routenpunkt (Way);T;Haardtring;49.861923;8.63323;50.0;;;;;;Interpoliert;131.5;-1.25;asphalt;secondary;Haardtring;4;Kurs 13
Routenpunkt (Way);T;Haardtring;49.861801;8.6333;50.0;;;;;;Interpoliert;131.3;-1.4;asphalt;secondary;Haardtring;4;Kurs 13
Routenpunkt (Way);T;Haardtring;49.86168;8.63337;50.0;;;;;;Original OSM;131.1;-1.4;asphalt;secondary;Haardtring;4;Kurs 13
Routenpunkt (Way);T;Haardtring;49.861562;8.633438;50.0;;;;;;Interpoliert;130.9;-1.41;asphalt;secondary;Haardtring;4;Kurs 13
Routenpunkt (Way);T;Haardtring;49.861444;8.633507;50.0;;;;;;Interpoliert;130.7;-1.56;asphalt;secondary;Haardtring;4;Kurs 13
Routenpunkt (Way);T;Haardtring;49.861325;8.633575;50.0;;;;;;Interpoliert;130.5;-1.72;asphalt;secondary;Haardtring;4;Kurs 13
Routenpunkt (Way);T;Haardtring;49.861207;8.633644;50.0;;;;;;Original OSM;130.2;-1.72;asphalt;secondary;Haardtring;4;Kurs 13
Routenpunkt (Way);T;Haardtring;49.86109;8.633709;50.0;;;;;;Interpoliert;129.9;-1.58;asphalt;secondary;Haardtring;4;Kurs 13
Routenpunkt (Way);T;Haardtring;49.860973;8.633774;50.0;;;;;;Interpoliert;129.7;-1.44;asphalt;secondary;Haardtring;4;Kurs 13
Routenpunkt (Way);T;Haardtring;49.860857;8.63384;50.0;;;;;;Interpoliert;129.6;-0.87;asphalt;secondary;Haardtring;4;Kurs 13
Routenpunkt (Way);T;Haardtring;49.86074;8.633905;50.0;;;;;;Interpoliert;129.5;-0.29;asphalt;secondary;Haardtring;4;Kurs 13
Routenpunkt (Way);T;Haardtring;49.860623;8.633971;50.0;;;;;;Interpoliert;129.6;0.14;asphalt;secondary;Haardtring;4;Kurs 13
Routenpunkt (Way);T;Haardtring;49.860506;8.634036;50.0;;;;;;Interpoliert;129.7;0.43;asphalt;secondary;Haardtring;4;Kurs 13
Routenpunkt (Way);T;Haardtring;49.860389;8.634101;50.0;;;;;;Interpoliert;129.8;0.72;asphalt;secondary;Haardtring;4;Kurs 13
Routenpunkt (Way);T;Haardtring;49.860272;8.634167;50.0;;;;;;Interpoliert;129.9;0.87;asphalt;secondary;Haardtring;4;Kurs 13
Routenpunkt (Way);T;Haardtring;49.860156;8.634232;50.0;;;;;;Interpoliert;130.0;1.01;asphalt;secondary;Haardtring;4;Kurs 13
Routenpunkt (Way);T;Haardtring;49.860039;8.634297;50.0;;;;;;Interpoliert;130.2;1.16;asphalt;secondary;Haardtring;4;Kurs 13
Routenpunkt (Way);T;Haardtring;49.859922;8.634363;50.0;;;;;;Interpoliert;130.4;1.29;asphalt;secondary;Haardtring;4;Kurs 13
Routenpunkt (Way);T;Haardtring;49.859805;8.634428;50.0;;;;;;Original OSM;130.6;1.28;asphalt;secondary;Haardtring;4;Kurs 13
Routenpunkt (Way);T;Haardtring;49.859682;8.634499;50.0;;;;;;Interpoliert;130.8;0.85;asphalt;secondary;Haardtring;4;Kurs 13
Routenpunkt (Way);T;Haardtring;49.859559;8.63457;50.0;;;;;;Interpoliert;130.9;0.4;asphalt;secondary;Haardtring;4;Kurs 13
Routenpunkt (Way);T;Haardtring;49.859436;8.634641;50.0;;;;;;Original OSM;130.8;0.27;asphalt;secondary;Haardtring;4;Kurs 13
Routenpunkt (Way);T;Haardtring;49.859333;8.6347;50.0;;;;;;Interpoliert;130.7;0.15;asphalt;secondary;Haardtring;4;Kurs 13
Routenpunkt (Way);T;Haardtring;49.85923;8.634759;50.0;;;;;;Interpoliert;130.8;0.17;asphalt;secondary;Haardtring;4;Kurs 13
Routenpunkt (Way);A;Ampel;49.859121;8.634821;50.0;;;;;;Interpoliert (15m);130.9;0.47;asphalt;secondary;Haardtring;4;Kurs 13
Routenpunkt (Way);T;Haardtring;49.859012;8.634884;50.0;;;;;;Original OSM;131.0;0.8;asphalt;secondary;Haardtring;4;Kurs 13
Routenpunkt (Way);T;;49.858909;8.634943;50.0;;;;;;Interpoliert (15m);131.1;0.64;asphalt;secondary;Haardtring;4;Kurs 13
Routenpunkt (Way);T;Haardtring;49.858806;8.635002;50.0;;;;;;Original OSM;131.2;0.48;asphalt;secondary;Haardtring;4;Kurs 13
Routenpunkt (Way);T;Haardtring;49.858695;8.635066;50.0;;;;;;Original OSM;131.2;0.49;asphalt;secondary;Haardtring;4;Kurs 13
Routenpunkt (Way);T;Haardtring;49.858588;8.635129;50.0;;;;;;Interpoliert;131.2;0.48;asphalt;secondary;Haardtring;4;Kurs 13
Routenpunkt (Way);T;Haardtring;49.858481;8.635191;50.0;;;;;;Interpoliert;131.3;0.49;asphalt;secondary;Haardtring;4;Kurs 13
Routenpunkt (Way);T;Haardtring;49.858374;8.635253;50.0;;;;;;Interpoliert;131.4;0.31;asphalt;secondary;Haardtring;4;Kurs 13
Routenpunkt (Way);T;;49.858272;8.635292;50.0;;;;;;Interpoliert (15m);131.5;0.1;asphalt;secondary;Haardtring;4;Kurs 13
Routenpunkt (Way);T;Haardtring;49.858171;8.635332;50.0;;;;;;Interpoliert;131.4;-0.27;asphalt;secondary;Haardtring;4;Kurs 13
Routenpunkt (Way);T;;49.858091;8.635373;50.0;;;;;;Interpoliert (15m);131.3;-2.76;asphalt;secondary;Haardtring;4;Kurs 13
Routenpunkt (Way);T;Haardtring;49.858012;8.635414;50.0;;;;;;Interpoliert;131.2;-2.75;asphalt;secondary;Haardtring;4;Kurs 13
Haltestelle;W;Darmstadt Haardtring;49.858009;8.635403;50.0;18:37:00;18:37:00;Kein Umlauf;So;1372.0;Original GTFS (Snap-Distanz 4m) | Auf Route gesnappt (4m);131.1;-2.18;asphalt;secondary;Haardtring;4;Kurs 13
Routenpunkt (Way);T;Haardtring;49.857925;8.635482;50.0;;;;;;Original OSM;131.2;-1.55;asphalt;secondary;Haardtring;4;Kurs 13
Routenpunkt (Way);T;Haardtring;49.857808;8.635582;50.0;;;;;;Interpoliert;131.5;-0.92;asphalt;secondary;Haardtring;4;Kurs 13
Routenpunkt (Way);T;Haardtring;49.857686;8.635654;50.0;;;;;;Interpoliert;131.8;1.83;asphalt;secondary;Haardtring;4;Kurs 13
Routenpunkt (Way);T;Haardtring;49.857564;8.635725;50.0;;;;;;Interpoliert;132.1;2.06;asphalt;secondary;Haardtring;4;Kurs 13
Routenpunkt (Way);T;Haardtring;49.857442;8.635796;50.0;;;;;;Interpoliert;132.4;2.07;asphalt;secondary;Haardtring;4;Kurs 13
Routenpunkt (Way);T;Haardtring;49.857319;8.635868;50.0;;;;;;Interpoliert;132.7;1.93;asphalt;secondary;Haardtring;4;Kurs 13
Routenpunkt (Way);T;Haardtring;49.857197;8.635939;50.0;;;;;;Interpoliert;133.0;1.79;asphalt;secondary;Haardtring;4;Kurs 13
Routenpunkt (Way);T;Haardtring;49.857075;8.636011;50.0;;;;;;Interpoliert;133.2;1.65;asphalt;secondary;Haardtring;4;Kurs 13
Routenpunkt (Way);T;Haardtring;49.856952;8.636082;50.0;;;;;;Interpoliert;133.4;1.24;asphalt;secondary;Haardtring;4;Kurs 13
Routenpunkt (Way);T;Haardtring;49.85683;8.636154;50.0;;;;;;Interpoliert;133.6;0.69;asphalt;secondary;Haardtring;4;Kurs 13
Routenpunkt (Way);T;Haardtring;49.856708;8.636225;50.0;;;;;;Interpoliert;133.6;0.28;asphalt;secondary;Haardtring;4;Kurs 13
Routenpunkt (Way);T;Haardtring;49.856586;8.636297;50.0;;;;;;Interpoliert;133.5;0.28;asphalt;secondary;Haardtring;4;Kurs 13
Routenpunkt (Way);T;Haardtring;49.856463;8.636368;50.0;;;;;;Interpoliert;133.4;0.41;asphalt;secondary;Haardtring;4;Kurs 13
Routenpunkt (Way);T;Haardtring;49.856341;8.63644;50.0;;;;;;Interpoliert;133.6;0.83;asphalt;secondary;Haardtring;4;Kurs 13
Routenpunkt (Way);T;Haardtring;49.856219;8.636511;50.0;;;;;;Interpoliert;133.9;1.4;asphalt;secondary;Haardtring;4;Kurs 13
Routenpunkt (Way);T;Haardtring;49.856097;8.636583;50.0;;;;;;Original OSM;134.2;2.19;asphalt;secondary;Haardtring;4;Kurs 13
Routenpunkt (Way);T;Haardtring;49.855984;8.636662;50.0;;;;;;Interpoliert;134.5;2.57;asphalt;secondary;Haardtring;4;Kurs 13
Routenpunkt (Way);A;Ampel;49.855885;8.636735;50.0;;;;;;Interpoliert (15m);134.9;2.8;asphalt;secondary;Haardtring;4;Kurs 13
Routenpunkt (Way);T;Haardtring;49.855785;8.636808;50.0;;;;;;Original OSM;135.3;3.04;asphalt;secondary;Haardtring;4;Kurs 13
Routenpunkt (Way);T;;49.855693;8.636905;50.0;;;;;;Interpoliert (15m);135.7;3.57;asphalt;secondary;Haardtring;4;Kurs 13
Routenpunkt (Way);T;;49.855601;8.637002;50.0;;;;;;Interpoliert (15m);136.1;3.88;asphalt;secondary;Danziger Platz;4;Kurs 13
Routenpunkt (Way);T;;49.855509;8.6371;50.0;;;;;;Interpoliert (15m);136.7;3.72;asphalt;secondary;Danziger Platz;4;Kurs 13
Routenpunkt (Way);T;Haardtring;49.855417;8.637197;50.0;;;;;;Original OSM;137.3;3.39;asphalt;secondary;Danziger Platz;4;Kurs 13
Routenpunkt (Way);T;;49.855346;8.63733;50.0;;;;;;Interpoliert (15m);137.6;3.07;asphalt;secondary;Danziger Platz;4;Kurs 13
Routenpunkt (Way);T;;49.855276;8.637463;50.0;;;;;;Interpoliert (15m);137.8;1.96;asphalt;tertiary_link;Haardtring;4;Kurs 13
Routenpunkt (Way);T;Rüdesheimer Straße;49.855206;8.637596;50.0;;;;;;Original OSM;138.0;0.99;asphalt;secondary;Rüdesheimer Straße;4;Kurs 13
Routenpunkt (Way);T;Rüdesheimer Straße;49.855143;8.637768;50.0;;;;;;Interpoliert;137.9;0.31;asphalt;secondary;Rüdesheimer Straße;4;Kurs 13
Haltestelle;W;Darmstadt Südbahnhof;49.855143;8.637768;50.0;18:38:00;18:38:00;Kein Umlauf;So;1372.0;Original GTFS (Snap-Distanz 19m) | Auf Route gesnappt (19m);137.8;0.18;asphalt;secondary;Rüdesheimer Straße;4;Kurs 13
Routenpunkt (Way);T;;49.85509;8.637882;50.0;;;;;;Interpoliert (15m);137.7;0.1;asphalt;secondary;Rüdesheimer Straße;4;Kurs 13
Routenpunkt (Way);T;Rüdesheimer Straße;49.855037;8.637997;50.0;;;;;;Interpoliert;137.8;-0.0;asphalt;secondary;Rüdesheimer Straße;4;Kurs 13
Routenpunkt (Way);T;;49.855;8.638098;50.0;;;;;;Interpoliert (15m);137.9;-0.2;asphalt;secondary;Rüdesheimer Straße;4;Kurs 13
Routenpunkt (Way);T;Südbahnhof;49.854963;8.6382;50.0;;;;;;Original OSM;137.8;-0.19;asphalt;secondary;Rüdesheimer Straße;4;Kurs 13
Routenpunkt (Way);T;;49.854926;8.63833;50.0;;;;;;Interpoliert (15m);137.7;-0.67;asphalt;secondary;Rüdesheimer Straße;4;Kurs 13
Routenpunkt (Way);T;Rüdesheimer Straße;49.854888;8.63846;50.0;;;;;;Interpoliert;137.6;-1.19;asphalt;secondary;Rüdesheimer Straße;4;Kurs 13
Routenpunkt (Way);T;Rüdesheimer Straße;49.854824;8.638633;50.0;;;;;;Interpoliert;137.4;-0.81;asphalt;secondary;Rüdesheimer Straße;4;Kurs 13
Routenpunkt (Way);T;Rüdesheimer Straße;49.854759;8.638807;50.0;;;;;;Interpoliert;137.2;-0.47;asphalt;secondary;Rüdesheimer Straße;4;Kurs 13
Routenpunkt (Way);T;Rüdesheimer Straße;49.854695;8.638981;50.0;;;;;;Interpoliert;137.3;-0.14;asphalt;secondary;Rüdesheimer Straße;4;Kurs 13
Routenpunkt (Way);T;Rüdesheimer Straße;49.85463;8.639155;50.0;;;;;;Interpoliert;137.4;0.3;asphalt;secondary;Rüdesheimer Straße;4;Kurs 13
Routenpunkt (Way);T;Rüdesheimer Straße;49.854566;8.639328;50.0;;;;;;Original OSM;137.5;0.75;asphalt;secondary;Rüdesheimer Straße;4;Kurs 13
Routenpunkt (Way);T;Rüdesheimer Straße;49.854513;8.639475;50.0;;;;;;Interpoliert;137.6;0.78;asphalt;secondary;Rüdesheimer Straße;4;Kurs 13
Routenpunkt (Way);T;Rüdesheimer Straße;49.85446;8.639623;50.0;;;;;;Interpoliert;137.7;0.97;asphalt;secondary;Rüdesheimer Straße;4;Kurs 13
Routenpunkt (Way);T;Rüdesheimer Straße;49.854407;8.63977;50.0;;;;;;Interpoliert;137.8;1.15;asphalt;secondary;Rüdesheimer Straße;4;Kurs 13
Routenpunkt (Way);T;Rüdesheimer Straße;49.854354;8.639917;50.0;;;;;;Original OSM;138.0;1.48;asphalt;secondary;Rüdesheimer Straße;4;Kurs 13
Routenpunkt (Way);T;Rüdesheimer Straße;49.854304;8.640069;50.0;;;;;;Interpoliert;138.2;2.13;asphalt;secondary;Rüdesheimer Straße;4;Kurs 13
Routenpunkt (Way);T;Rüdesheimer Straße;49.854254;8.640222;50.0;;;;;;Interpoliert;138.5;2.78;asphalt;secondary;Rüdesheimer Straße;4;Kurs 13
Routenpunkt (Way);T;Rüdesheimer Straße;49.854205;8.640374;50.0;;;;;;Interpoliert;139.0;3.31;asphalt;secondary;Rüdesheimer Straße;4;Kurs 13
Routenpunkt (Way);T;Rüdesheimer Straße;49.854155;8.640526;50.0;;;;;;Original OSM;139.5;3.7;asphalt;secondary;Rüdesheimer Straße;4;Kurs 13
Routenpunkt (Way);T;Rüdesheimer Straße;49.854115;8.640675;50.0;;;;;;Interpoliert;140.0;4.32;asphalt;secondary;Rüdesheimer Straße;4;Kurs 13
Routenpunkt (Way);T;Schiebelhuthweg (Bussteig Nord);49.85404;8.640833;50.0;;;;;;Original OSM;140.5;4.48;asphalt;secondary;Rüdesheimer Straße;4;Kurs 13
Haltestelle;W;Darmstadt Schiebelhuthweg;49.854019;8.640901;50.0;;;Kein Umlauf;So;1372.0;Original GTFS (Snap-Distanz 4m) | Auf Route gesnappt (7m);140.8;4.36;asphalt;secondary;Rüdesheimer Straße;4;Kurs 13
Routenpunkt (Way);A;Schiebelhuthweg (Bussteig Nord) (Ampel);49.853998;8.64104;50.0;;;;;;Original OSM;141.3;4.1;asphalt;secondary;Rüdesheimer Straße;4;Kurs 13
Routenpunkt (Way);T;Rüdesheimer Straße;49.853967;8.641235;50.0;;;;;;Interpoliert;141.8;3.96;asphalt;secondary;Rüdesheimer Straße;4;Kurs 13
Routenpunkt (Way);T;Rüdesheimer Straße;49.853922;8.641407;50.0;;;;;;Original OSM;142.2;3.62;asphalt;secondary;Rüdesheimer Straße;4;Kurs 13
Routenpunkt (Way);T;Rüdesheimer Straße;49.853878;8.64159;50.0;;;;;;Interpoliert;142.6;3.02;asphalt;secondary;Rüdesheimer Straße;4;Kurs 13
Routenpunkt (Way);T;;49.853847;8.641727;50.0;;;;;;Interpoliert (15m);143.0;2.71;asphalt;secondary;Rüdesheimer Straße;4;Kurs 13
Routenpunkt (Way);T;;49.853816;8.641864;50.0;;;;;;Interpoliert (15m);143.2;2.41;asphalt;secondary;Rüdesheimer Straße;4;Kurs 13
Routenpunkt (Way);T;Rüdesheimer Straße;49.853784;8.642001;50.0;;;;;;Original OSM;143.4;2.13;asphalt;secondary;Rüdesheimer Straße;4;Kurs 13
Routenpunkt (Way);T;;49.853747;8.642179;50.0;;;;;;Interpoliert (15m);143.6;1.7;asphalt;secondary;Rüdesheimer Straße;4;Kurs 13
Routenpunkt (Way);T;Rüdesheimer Straße;49.85371;8.642357;50.0;;;;;;Interpoliert;143.8;1.31;asphalt;secondary;Rüdesheimer Straße;4;Kurs 13
Routenpunkt (Way);T;Rüdesheimer Straße;49.85368;8.642517;50.0;;;;;;Interpoliert;144.0;0.77;asphalt;secondary;Rüdesheimer Straße;4;Kurs 13
Routenpunkt (Way);T;Rüdesheimer Straße;49.85365;8.642678;50.0;;;;;;Interpoliert;144.0;0.31;asphalt;secondary;Rüdesheimer Straße;4;Kurs 13
Routenpunkt (Way);T;;49.853621;8.642843;50.0;;;;;;Interpoliert (15m);143.9;-0.18;asphalt;secondary;Rüdesheimer Straße;4;Kurs 13
Routenpunkt (Way);T;Rüdesheimer Straße;49.853593;8.643009;50.0;;;;;;Original OSM;143.8;-0.69;asphalt;secondary;Rüdesheimer Straße;4;Kurs 13
Routenpunkt (Way);T;;49.853571;8.643157;50.0;;;;;;Interpoliert (15m);143.7;-0.95;asphalt;secondary;Rüdesheimer Straße;4;Kurs 13
Routenpunkt (Way);T;Rüdesheimer Straße;49.85355;8.643304;50.0;;;;;;Interpoliert;143.6;-1.05;asphalt;secondary;Rüdesheimer Straße;4;Kurs 13
Routenpunkt (Way);T;;49.853536;8.643409;50.0;;;;;;Interpoliert (15m);143.5;-0.09;asphalt;secondary;Rüdesheimer Straße;4;Kurs 13
Routenpunkt (Way);T;Rüdesheimer Straße;49.853522;8.643514;50.0;;;;;;Original OSM;143.4;0.89;asphalt;secondary;Rüdesheimer Straße;4;Kurs 13
Routenpunkt (Way);T;;49.853505;8.643651;50.0;;;;;;Interpoliert (15m);143.8;1.68;asphalt;secondary;Rüdesheimer Straße;4;Kurs 13
Routenpunkt (Way);T;Rüdesheimer Straße;49.853488;8.643788;50.0;;;;;;Interpoliert;144.2;2.59;asphalt;secondary;Rüdesheimer Straße;4;Kurs 13
Routenpunkt (Way);T;Rüdesheimer Straße;49.853466;8.643972;50.0;;;;;;Original OSM;144.6;3.8;asphalt;secondary;Rüdesheimer Straße;4;Kurs 13
Routenpunkt (Way);T;Rüdesheimer Straße;49.853448;8.644141;50.0;;;;;;Interpoliert;145.0;4.33;asphalt;secondary;Rüdesheimer Straße;4;Kurs 13
Routenpunkt (Way);T;;49.853434;8.644286;50.0;;;;;;Interpoliert (15m);145.5;4.71;asphalt;secondary;Rüdesheimer Straße;4;Kurs 13
Routenpunkt (Way);T;Rüdesheimer Straße;49.853419;8.644431;50.0;;;;;;Original OSM;146.2;5.3;asphalt;secondary;Rüdesheimer Straße;4;Kurs 13
Routenpunkt (Way);T;;49.853405;8.644594;50.0;;;;;;Interpoliert (15m);146.9;5.72;asphalt;secondary;Rüdesheimer Straße;4;Kurs 13
Routenpunkt (Way);T;Rüdesheimer Straße;49.853391;8.644758;50.0;;;;;;Original OSM;147.6;5.84;asphalt;secondary;Rüdesheimer Straße;4;Kurs 13
Routenpunkt (Way);T;Rüdesheimer Straße;49.85338;8.644939;50.0;;;;;;Interpoliert;148.3;5.01;asphalt;secondary;Rüdesheimer Straße;4;Kurs 13
Routenpunkt (Way);T;Rüdesheimer Straße;49.853368;8.645121;50.0;;;;;;Original OSM;149.0;4.32;asphalt;secondary;Rüdesheimer Straße;4;Kurs 13
Routenpunkt (Way);T;Rüdesheimer Straße;49.853361;8.64529;50.0;;;;;;Interpoliert;149.3;3.62;asphalt;secondary;Rüdesheimer Straße;4;Kurs 13
Routenpunkt (Way);T;Rüdesheimer Straße;49.853354;8.645459;50.0;;;;;;Interpoliert;149.6;3.05;asphalt;secondary;Rüdesheimer Straße;4;Kurs 13
Routenpunkt (Way);T;Rüdesheimer Straße;49.853347;8.645628;50.0;;;;;;Interpoliert;149.9;2.48;asphalt;secondary;Rüdesheimer Straße;4;Kurs 13
Routenpunkt (Way);T;Rüdesheimer Straße;49.85334;8.645796;50.0;;;;;;Original OSM;150.2;2.33;asphalt;secondary;Rüdesheimer Straße;4;Kurs 13
Routenpunkt (Way);T;Rüdesheimer Straße;49.853335;8.645961;50.0;;;;;;Interpoliert;150.5;2.18;asphalt;secondary;Rüdesheimer Straße;4;Kurs 13
Routenpunkt (Way);T;Rüdesheimer Straße;49.85333;8.646126;50.0;;;;;;Interpoliert;150.7;2.03;asphalt;secondary;Rüdesheimer Straße;4;Kurs 13
Routenpunkt (Way);A;Ampel;49.853328;8.646288;50.0;;;;;;Interpoliert (15m);150.9;1.83;asphalt;secondary;Rüdesheimer Straße;4;Kurs 13
Routenpunkt (Way);T;Rüdesheimer Straße;49.853325;8.64645;50.0;;;;;;Original OSM;151.1;1.73;asphalt;secondary;Rüdesheimer Straße;4;Kurs 13
Haltestelle;W;Darmstadt Landskronstraße;49.853325;8.646637;50.0;18:40:00;18:40:00;Kein Umlauf;So;1372.0;Original GTFS (Snap-Distanz 13m) | Auf Route gesnappt (13m);151.3;1.67;asphalt;secondary;Rüdesheimer Straße;4;Kurs 13
Routenpunkt (Way);T;;49.85332;8.646842;50.0;;;;;;Interpoliert (15m);151.6;2.04;asphalt;secondary;Landskronstraße;4;Kurs 13
Routenpunkt (Way);T;Rüdesheimer Straße;49.853316;8.647047;50.0;;;;;;Original OSM;151.8;2.4;asphalt;secondary;Landskronstraße;4;Kurs 13
Routenpunkt (Way);T;;49.85332;8.647203;50.0;;;;;;Interpoliert (15m);152.2;2.82;asphalt;secondary;Landskronstraße;4;Kurs 13
Routenpunkt (Way);T;;49.853325;8.64736;50.0;;;;;;Interpoliert (15m);152.6;3.5;asphalt;secondary;Landskronstraße;4;Kurs 13
Routenpunkt (Way);T;Landskronstraße;49.853329;8.647516;30.0;;;;;;Interpoliert;153.0;4.18;asphalt;secondary;Landskronstraße;4;Kurs 13
Routenpunkt (Way);T;Landskronstraße;49.853331;8.647721;30.0;;;;;;Interpoliert;153.8;4.42;asphalt;secondary;Landskronstraße;4;Kurs 13
Routenpunkt (Way);T;Landskronstraße;49.853334;8.647926;30.0;;;;;;Interpoliert;154.5;4.68;asphalt;secondary;Landskronstraße;4;Kurs 13
Routenpunkt (Way);T;Landskronstraße;49.853336;8.648131;30.0;;;;;;Interpoliert;155.2;4.94;asphalt;secondary;Landskronstraße;4;Kurs 13
Routenpunkt (Way);T;;49.853339;8.648331;30.0;;;;;;Interpoliert (15m);155.9;5.13;asphalt;secondary;Landskronstraße;4;Kurs 13
Routenpunkt (Way);T;Landskronstraße;49.853342;8.648532;30.0;;;;;;Original OSM;156.6;5.45;asphalt;secondary;Landskronstraße;4;Kurs 13
Routenpunkt (Way);T;;49.853347;8.648685;30.0;;;;;;Interpoliert (15m);157.3;5.41;asphalt;secondary;Landskronstraße;4;Kurs 13
Routenpunkt (Way);T;;49.853352;8.648838;30.0;;;;;;Interpoliert (15m);158.0;5.23;asphalt;secondary;Landskronstraße;4;Kurs 13
Routenpunkt (Way);T;Landskronstraße;49.853357;8.648991;30.0;;;;;;Interpoliert;158.5;5.86;asphalt;secondary;Landskronstraße;4;Kurs 13
Routenpunkt (Way);T;Landskronstraße;49.853365;8.649165;30.0;;;;;;Interpoliert;159.0;5.46;asphalt;secondary;Landskronstraße;4;Kurs 13
Routenpunkt (Way);T;Landskronstraße;49.853374;8.649339;30.0;;;;;;Original OSM;160.0;5.07;asphalt;secondary;Landskronstraße;4;Kurs 13
Routenpunkt (Way);T;Landskronstraße;49.853376;8.649529;30.0;;;;;;Interpoliert;160.6;5.05;asphalt;secondary;Landskronstraße;4;Kurs 13
Routenpunkt (Way);T;Landskronstraße;49.853378;8.64972;30.0;;;;;;Original OSM;161.2;5.43;asphalt;secondary;Landskronstraße;4;Kurs 13
Routenpunkt (Way);T;Landskronstraße;49.853381;8.649908;30.0;;;;;;Interpoliert;161.8;5.02;asphalt;secondary;Landskronstraße;4;Kurs 13
Routenpunkt (Way);T;Landskronstraße;49.853383;8.650096;30.0;;;;;;Interpoliert;162.6;5.18;asphalt;secondary;Landskronstraße;4;Kurs 13
Routenpunkt (Way);T;Landskronstraße;49.853385;8.650284;30.0;;;;;;Interpoliert;163.4;5.34;asphalt;secondary;Landskronstraße;4;Kurs 13
Routenpunkt (Way);T;Landskronstraße;49.853388;8.650472;30.0;;;;;;Interpoliert;164.1;5.56;asphalt;secondary;Landskronstraße;4;Kurs 13
Routenpunkt (Way);T;Landskronstraße;49.85339;8.65066;30.0;;;;;;Original OSM;164.8;5.6;asphalt;secondary;Landskronstraße;4;Kurs 13
Routenpunkt (Way);T;Landskronstraße;49.853392;8.650836;30.0;;;;;;Original OSM;165.5;4.96;asphalt;secondary;Landskronstraße;4;Kurs 13
Routenpunkt (Way);T;Landskronstraße;49.853394;8.65104;30.0;;;;;;Interpoliert;166.4;4.47;asphalt;secondary;Landskronstraße;4;Kurs 13
Routenpunkt (Way);T;Landskronstraße;49.853396;8.651244;30.0;;;;;;Interpoliert;166.8;4.32;asphalt;secondary;Landskronstraße;4;Kurs 13
Routenpunkt (Way);T;Landskronstraße;49.853398;8.651449;30.0;;;;;;Interpoliert;167.2;4.1;asphalt;secondary;Landskronstraße;4;Kurs 13
Routenpunkt (Way);T;;49.853399;8.651574;30.0;;;;;;Interpoliert (15m);167.6;3.36;asphalt;secondary;Landskronstraße;4;Kurs 13
Routenpunkt (Way);A;Landskronstraße (Ampel);49.8534;8.6517;30.0;;;;;;Original OSM;168.0;3.29;asphalt;secondary;Landskronstraße;4;Kurs 13
Routenpunkt (Way);T;;49.853403;8.651815;30.0;;;;;;Interpoliert (15m);168.2;3.47;asphalt;secondary;Landskronstraße;4;Kurs 13
Routenpunkt (Way);T;Landskronstraße;49.853406;8.65193;30.0;;;;;;Original OSM;168.4;3.31;asphalt;secondary;Landskronstraße;4;Kurs 13
Routenpunkt (Way);T;;49.853411;8.652045;30.0;;;;;;Interpoliert (15m);168.7;3.19;asphalt;secondary;Landskronstraße;4;Kurs 13
Routenpunkt (Way);T;Landskronstraße;49.853416;8.65216;30.0;;;;;;Original OSM;169.0;2.96;asphalt;secondary;Landskronstraße;4;Kurs 13
Routenpunkt (Way);T;;49.853417;8.652269;30.0;;;;;;Interpoliert (15m);169.3;2.63;asphalt;secondary;Landskronstraße;4;Kurs 13
Routenpunkt (Way);T;Landskronstraße;49.853417;8.652378;30.0;;;;;;Interpoliert;169.4;1.91;asphalt;secondary;Landskronstraße;4;Kurs 13
Routenpunkt (Way);T;Landskronstraße;49.853419;8.652557;30.0;;;;;;Interpoliert;169.5;1.34;asphalt;secondary;Landskronstraße;4;Kurs 13
Haltestelle;W;Darmstadt Ludwigshöhstraße;49.853419;8.652557;30.0;18:42:00;18:42:00;Kein Umlauf;So;1372.0;Original GTFS (Snap-Distanz 5m) | Auf Route gesnappt (5m);169.6;0.72;asphalt;secondary;Landskronstraße;4;Kurs 13
Routenpunkt (Way);T;Landskronstraße;49.85342;8.652736;30.0;;;;;;Original OSM;169.7;0.69;asphalt;secondary;Landskronstraße;4;Kurs 13
Routenpunkt (Way);T;Ludwigshöhstraße (Bussteig Südseite);49.85338;8.652906;30.0;;;;;;Original OSM;169.8;0.77;asphalt;secondary;Landskronstraße;4;Kurs 13
Routenpunkt (Way);T;;49.853382;8.653028;30.0;;;;;;Interpoliert (15m);169.9;1.05;asphalt;secondary;Landskronstraße;4;Kurs 13
Routenpunkt (Way);T;Landskronstraße;49.853383;8.65315;30.0;;;;;;Original OSM;170.0;1.17;asphalt;secondary;Landskronstraße;4;Kurs 13
Routenpunkt (Way);T;Landskronstraße;49.853424;8.65334;30.0;;;;;;Interpoliert;170.2;1.28;asphalt;secondary;Landskronstraße;4;Kurs 13
Routenpunkt (Way);T;Landskronstraße;49.853425;8.653542;30.0;;;;;;Original OSM;170.4;1.32;asphalt;secondary;Landskronstraße;4;Kurs 13
Routenpunkt (Way);T;Landskronstraße;49.853429;8.653751;30.0;;;;;;Interpoliert;170.6;1.36;asphalt;secondary;Landskronstraße;4;Kurs 13
Routenpunkt (Way);T;Landskronstraße;49.853432;8.653959;30.0;;;;;;Interpoliert;170.8;1.52;asphalt;secondary;Landskronstraße;4;Kurs 13
Routenpunkt (Way);T;Landskronstraße;49.853436;8.654167;30.0;;;;;;Interpoliert;171.0;1.69;asphalt;secondary;Landskronstraße;4;Kurs 13
Routenpunkt (Way);T;;49.853435;8.654294;30.0;;;;;;Interpoliert (15m);171.2;1.88;asphalt;secondary;Landskronstraße;4;Kurs 13
Routenpunkt (Way);T;Landskronstraße;49.853434;8.65442;30.0;;;;;;Original OSM;171.4;2.08;asphalt;secondary;Landskronstraße;4;Kurs 13
Routenpunkt (Way);T;;49.853427;8.65454;30.0;;;;;;Interpoliert (15m);171.6;2.22;asphalt;secondary;Landskronstraße;4;Kurs 13
Routenpunkt (Way);T;Landskronstraße;49.85342;8.654659;30.0;;;;;;Interpoliert;171.8;1.77;asphalt;secondary;Landskronstraße;4;Kurs 13
Routenpunkt (Way);T;;49.853426;8.654797;30.0;;;;;;Interpoliert (15m);172.0;1.33;asphalt;secondary;Landskronstraße;4;Kurs 13
Routenpunkt (Way);T;Landskronstraße;49.853431;8.654935;30.0;;;;;;Original OSM;172.0;0.87;asphalt;secondary;Landskronstraße;4;Kurs 13
Routenpunkt (Way);T;;49.853442;8.655114;30.0;;;;;;Interpoliert (15m);172.0;0.4;asphalt;secondary;Landskronstraße;4;Kurs 13
Routenpunkt (Way);T;Landskronstraße;49.853454;8.655293;30.0;;;;;;Interpoliert;172.0;0.0;asphalt;secondary;Landskronstraße;4;Kurs 13
Routenpunkt (Way);T;Landskronstraße;49.853456;8.655494;30.0;;;;;;Interpoliert;172.0;0.0;asphalt;secondary;Landskronstraße;4;Kurs 13
Routenpunkt (Way);T;Landskronstraße;49.853459;8.655695;30.0;;;;;;Interpoliert;172.0;0.0;asphalt;secondary;Landskronstraße;4;Kurs 13
Routenpunkt (Way);T;Landskronstraße;49.853462;8.655896;30.0;;;;;;Original OSM;172.0;0.39;asphalt;secondary;Landskronstraße;4;Kurs 13
Routenpunkt (Way);T;Landskronstraße;49.853483;8.656034;30.0;;;;;;Interpoliert;172.0;0.71;asphalt;secondary;Landskronstraße;4;Kurs 13
Routenpunkt (Way);T;Landskronstraße;49.853504;8.656171;30.0;;;;;;Original OSM;172.2;1.02;asphalt;secondary;Landskronstraße;4;Kurs 13
Routenpunkt (Way);T;Landskronstraße;49.853556;8.656331;30.0;;;;;;Interpoliert;172.4;1.41;asphalt;secondary;Landskronstraße;4;Kurs 13
Routenpunkt (Way);T;Landskronstraße;49.853608;8.65649;30.0;;;;;;Original OSM;172.6;1.81;asphalt;secondary;Landskronstraße;4;Kurs 13
Routenpunkt (Way);T;Landskronstraße;49.853654;8.656612;30.0;;;;;;Interpoliert;172.8;1.59;asphalt;secondary;Landskronstraße;4;Kurs 13
Routenpunkt (Way);T;Landskronstraße;49.8537;8.656734;30.0;;;;;;Interpoliert;173.0;1.46;asphalt;secondary;Landskronstraße;4;Kurs 13
Routenpunkt (Way);T;Landskronstraße;49.853703;8.656893;30.0;;;;;;Original OSM;173.1;1.33;asphalt;secondary;Klappacher Straße;4;Kurs 13
Routenpunkt (Way);T;;49.853616;8.656969;30.0;;;;;;Interpoliert (15m);173.2;1.08;asphalt;secondary;Klappacher Straße;4;Kurs 13
Routenpunkt (Way);T;Klappacher Straße;49.853529;8.657045;50.0;;;;;;Interpoliert;173.3;0.84;asphalt;secondary;Klappacher Straße;4;Kurs 13
Routenpunkt (Way);T;Klappacher Straße;49.853425;8.657137;50.0;;;;;;Interpoliert;173.4;0.66;asphalt;secondary;Klappacher Straße;4;Kurs 13
Routenpunkt (Way);T;Klappacher Straße;49.853321;8.657229;50.0;;;;;;Interpoliert;173.5;0.48;asphalt;secondary;Klappacher Straße;4;Kurs 13
Routenpunkt (Way);T;;49.853257;8.657286;50.0;;;;;;Interpoliert (15m);173.5;0.3;asphalt;secondary;Klappacher Straße;4;Kurs 13
Routenpunkt (Way);T;Klappacher Straße;49.853192;8.657343;50.0;;;;;;Original OSM;173.5;0.15;asphalt;secondary;Klappacher Straße;4;Kurs 13
Haltestelle;W;Darmstadt Klappacher Straße;49.853168;8.657365;50.0;;;Kein Umlauf;So;1372.0;Original GTFS (Snap-Distanz 0m) | Auf Route gesnappt (0m);173.5;0.0;asphalt;secondary;Klappacher Straße;4;Kurs 13
Routenpunkt (Way);T;Klappacher Straße;49.853049;8.657434;50.0;;;;;;Original OSM;173.5;0.18;asphalt;secondary;Klappacher Straße;4;Kurs 13
Routenpunkt (Way);T;;49.852965;8.65752;50.0;;;;;;Interpoliert (15m);173.5;0.18;asphalt;secondary;Klappacher Straße;4;Kurs 13
Routenpunkt (Way);T;;49.852881;8.657605;50.0;;;;;;Interpoliert (15m);173.6;0.18;asphalt;secondary;Klappacher Straße;4;Kurs 13
Routenpunkt (Way);T;Klappacher Straße;49.852797;8.657691;50.0;;;;;;Interpoliert;173.6;0.18;asphalt;secondary;Klappacher Straße;4;Kurs 13
Routenpunkt (Way);A;Klappacher Straße (Ampel);49.85271;8.657767;50.0;;;;;;Original OSM;173.6;0.18;asphalt;secondary;Klappacher Straße;4;Kurs 13
Routenpunkt (Way);T;Klappacher Straße;49.852609;8.657853;50.0;;;;;;Interpoliert;173.6;0.0;asphalt;secondary;Klappacher Straße;4;Kurs 13
Routenpunkt (Way);T;Klappacher Straße;49.852509;8.657939;50.0;;;;;;Interpoliert;173.6;0.0;asphalt;secondary;Klappacher Straße;4;Kurs 13
Routenpunkt (Way);T;Klappacher Straße;49.852408;8.658025;50.0;;;;;;Interpoliert;173.6;0.0;asphalt;secondary;Klappacher Straße;4;Kurs 13
Routenpunkt (Way);T;Klappacher Straße;49.852307;8.658111;50.0;;;;;;Interpoliert;173.6;0.0;asphalt;secondary;Klappacher Straße;4;Kurs 13
Routenpunkt (Way);T;Klappacher Straße;49.852206;8.658197;50.0;;;;;;Original OSM;173.6;0.0;asphalt;secondary;Klappacher Straße;4;Kurs 13
Routenpunkt (Way);T;Klappacher Straße;49.85211;8.65829;50.0;;;;;;Interpoliert;173.6;0.0;asphalt;secondary;Klappacher Straße;4;Kurs 13
Routenpunkt (Way);T;;49.85202;8.658394;50.0;;;;;;Interpoliert (15m);173.6;0.18;asphalt;secondary;Klappacher Straße;4;Kurs 13
Routenpunkt (Way);T;Klappacher Straße;49.851929;8.658498;50.0;;;;;;Original OSM;173.6;0.91;asphalt;secondary;Klappacher Straße;4;Kurs 13
Routenpunkt (Way);T;;49.851873;8.658624;50.0;;;;;;Interpoliert (15m);173.7;1.69;asphalt;secondary;Klappacher Straße;4;Kurs 13
Routenpunkt (Way);T;Klappacher Straße;49.851817;8.658749;50.0;;;;;;Interpoliert;174.1;2.47;asphalt;secondary;Klappacher Straße;4;Kurs 13
Routenpunkt (Way);T;Klappacher Straße;49.851772;8.658875;50.0;;;;;;Interpoliert;174.5;2.95;asphalt;secondary;Klappacher Straße;4;Kurs 13
Routenpunkt (Way);T;Klappacher Straße;49.851727;8.659001;50.0;;;;;;Original OSM;174.9;3.26;asphalt;secondary;Klappacher Straße;4;Kurs 13
Routenpunkt (Way);T;Klappacher Straße;49.851692;8.659164;50.0;;;;;;Interpoliert;175.2;3.49;asphalt;secondary;Klappacher Straße;4;Kurs 13
Routenpunkt (Way);T;Klappacher Straße;49.851656;8.659326;50.0;;;;;;Original OSM;175.5;3.68;asphalt;secondary;Klappacher Straße;4;Kurs 13
Routenpunkt (Way);T;Klappacher Straße;49.85163;8.659465;50.0;;;;;;Interpoliert;176.0;3.68;asphalt;secondary;Klappacher Straße;4;Kurs 13
Routenpunkt (Way);T;Klappacher Straße;49.851604;8.659604;50.0;;;;;;Original OSM;176.5;3.97;asphalt;secondary;Klappacher Straße;4;Kurs 13
Routenpunkt (Way);T;Klappacher Straße;49.851575;8.659778;50.0;;;;;;Interpoliert;177.0;4.25;asphalt;secondary;Klappacher Straße;4;Kurs 13
Routenpunkt (Way);T;Klappacher Straße;49.851547;8.659953;50.0;;;;;;Interpoliert;177.5;3.68;asphalt;secondary;Klappacher Straße;4;Kurs 13
Routenpunkt (Way);T;Klappacher Straße;49.851519;8.660128;50.0;;;;;;Interpoliert;178.0;3.1;asphalt;secondary;Klappacher Straße;4;Kurs 13
Routenpunkt (Way);T;;49.851496;8.660267;50.0;;;;;;Interpoliert (15m);178.2;2.77;asphalt;secondary;Klappacher Straße;4;Kurs 13
Routenpunkt (Way);T;Klappacher Straße;49.851474;8.660407;50.0;;;;;;Original OSM;178.4;2.44;asphalt;secondary;Klappacher Straße;4;Kurs 13
Routenpunkt (Way);T;;49.851454;8.660528;50.0;;;;;;Interpoliert (15m);178.6;2.05;asphalt;secondary;Klappacher Straße;4;Kurs 13
Routenpunkt (Way);T;Klappacher Straße;49.851434;8.66065;50.0;;;;;;Interpoliert;178.8;1.67;asphalt;secondary;Klappacher Straße;4;Kurs 13
Routenpunkt (Way);T;Klappacher Straße;49.851411;8.660789;50.0;;;;;;Interpoliert;179.0;2.18;asphalt;secondary;Klappacher Straße;4;Kurs 13
Routenpunkt (Way);T;;49.851386;8.660939;50.0;;;;;;Interpoliert (15m);179.0;2.48;asphalt;secondary;Klappacher Straße;4;Kurs 13
Routenpunkt (Way);T;Klappacher Straße;49.851361;8.66109;50.0;;;;;;Original OSM;179.5;2.78;asphalt;secondary;Klappacher Straße;4;Kurs 13
Routenpunkt (Way);T;;49.851329;8.66127;50.0;;;;;;Interpoliert (15m);180.0;3.08;asphalt;secondary;Klappacher Straße;4;Kurs 13
Routenpunkt (Way);T;Klappacher Straße;49.851298;8.66145;50.0;;;;;;Interpoliert;180.5;3.77;asphalt;secondary;Klappacher Straße;4;Kurs 13
Routenpunkt (Way);T;Klappacher Straße;49.851263;8.661645;50.0;;;;;;Interpoliert;181.0;4.53;asphalt;secondary;Klappacher Straße;4;Kurs 13
Routenpunkt (Way);T;Klappacher Straße;49.851229;8.66184;50.0;;;;;;Interpoliert;181.5;6.04;asphalt;secondary;Klappacher Straße;4;Kurs 13
Routenpunkt (Way);T;Klappacher Straße;49.851194;8.662035;50.0;;;;;;Original OSM;182.7;8.34;asphalt;secondary;Klappacher Straße;4;Kurs 13
Routenpunkt (Way);T;Klappacher Straße;49.851171;8.662179;50.0;;;;;;Interpoliert;183.9;10.69;asphalt;secondary;Klappacher Straße;4;Kurs 13
Routenpunkt (Way);T;;49.851143;8.66228;50.0;;;;;;Interpoliert (15m);185.1;12.06;asphalt;secondary;Klappacher Straße;4;Kurs 13
Routenpunkt (Way);T;Klappacher Straße;49.851115;8.662381;50.0;;;;;;Original OSM;186.3;10.41;asphalt;secondary;Klappacher Straße;4;Kurs 13
Routenpunkt (Way);T;Klappacher Straße;49.851122;8.662543;50.0;;;;;;Original OSM;187.5;9.78;asphalt;secondary;Klappacher Straße;4;Kurs 13
Haltestelle;W;Darmstadt Marienhospital;49.851122;8.662543;50.0;18:44:00;18:44:00;Kein Umlauf;So;1372.0;Original GTFS (Snap-Distanz 5m) | Auf Route gesnappt (5m);188.2;9.08;asphalt;secondary;Klappacher Straße;4;Kurs 13
Routenpunkt (Way);T;;49.851111;8.662662;50.0;;;;;;Interpoliert (15m);188.9;7.59;asphalt;secondary;Klappacher Straße;4;Kurs 13
Routenpunkt (Way);T;Klappacher Straße;49.851101;8.66278;50.0;;;;;;Original OSM;189.9;7.08;asphalt;secondary;Klappacher Straße;4;Kurs 13
Routenpunkt (Way);T;;49.851105;8.662959;50.0;;;;;;Interpoliert (15m);190.9;7.66;asphalt;secondary;Klappacher Straße;4;Kurs 13
Routenpunkt (Way);T;Klappacher Straße;49.851108;8.663138;50.0;;;;;;Interpoliert;191.9;6.58;asphalt;secondary;Klappacher Straße;4;Kurs 13
Routenpunkt (Way);T;Klappacher Straße;49.851107;8.663284;50.0;;;;;;Original OSM;192.2;5.35;asphalt;secondary;Klappacher Straße;4;Kurs 13
Routenpunkt (Way);T;Klappacher Straße;49.851114;8.663435;50.0;;;;;;Interpoliert;192.5;4.71;asphalt;secondary;Klappacher Straße;4;Kurs 13
Routenpunkt (Way);T;Klappacher Straße;49.851121;8.663586;50.0;;;;;;Original OSM;193.1;4.3;asphalt;secondary;Klappacher Straße;4;Kurs 13
Routenpunkt (Way);T;Klappacher Straße;49.85114;8.663765;50.0;;;;;;Interpoliert;193.7;4.88;asphalt;secondary;Klappacher Straße;4;Kurs 13
Routenpunkt (Way);T;;49.851159;8.663908;50.0;;;;;;Interpoliert (15m);194.3;5.43;asphalt;secondary;Klappacher Straße;4;Kurs 13
Routenpunkt (Way);T;Klappacher Straße;49.851179;8.664051;50.0;;;;;;Original OSM;194.9;4.88;asphalt;secondary;Klappacher Straße;4;Kurs 13
Routenpunkt (Way);T;;49.851205;8.664196;50.0;;;;;;Interpoliert (15m);195.5;4.4;asphalt;secondary;Klappacher Straße;4;Kurs 13
Routenpunkt (Way);T;Klappacher Straße;49.851231;8.664341;50.0;;;;;;Interpoliert;195.8;3.69;asphalt;secondary;Klappacher Straße;4;Kurs 13
Routenpunkt (Way);T;Klappacher Straße;49.851265;8.664524;50.0;;;;;;Interpoliert;196.1;2.98;asphalt;secondary;Klappacher Straße;4;Kurs 13
Routenpunkt (Way);T;Klappacher Straße;49.851298;8.664707;50.0;;;;;;Interpoliert;196.4;2.31;asphalt;secondary;Klappacher Straße;4;Kurs 13
Routenpunkt (Way);T;Klappacher Straße;49.851331;8.664891;50.0;;;;;;Interpoliert;196.7;1.9;asphalt;secondary;Klappacher Straße;4;Kurs 13
Routenpunkt (Way);T;Klappacher Straße;49.851364;8.665074;50.0;;;;;;Interpoliert;197.0;1.61;asphalt;secondary;Klappacher Straße;4;Kurs 13
Routenpunkt (Way);T;Klappacher Straße;49.851397;8.665257;50.0;;;;;;Interpoliert;197.1;1.32;asphalt;secondary;Klappacher Straße;4;Kurs 13
Routenpunkt (Way);T;Klappacher Straße;49.85143;8.665441;50.0;;;;;;Interpoliert;197.2;1.03;asphalt;secondary;Klappacher Straße;4;Kurs 13
Routenpunkt (Way);T;Klappacher Straße;49.851463;8.665624;50.0;;;;;;Interpoliert;197.3;-0.73;asphalt;secondary;;4;Kurs 13
Routenpunkt (Way);T;Klappacher Straße;49.851496;8.665807;50.0;;;;;;Interpoliert;197.4;-2.2;asphalt;secondary;;4;Kurs 13
Routenpunkt (Way);T;Klappacher Straße;49.85153;8.665991;50.0;;;;;;Interpoliert;196.5;-3.7;asphalt;secondary;Klappacher Straße;4;Kurs 13
Routenpunkt (Way);T;Klappacher Straße;49.851563;8.666174;50.0;;;;;;Original OSM;195.6;-5.2;asphalt;secondary;Klappacher Straße;4;Kurs 13
Routenpunkt (Way);T;Klappacher Straße;49.851597;8.666351;50.0;;;;;;Interpoliert;194.7;-6.71;asphalt;secondary;Klappacher Straße;4;Kurs 13
Routenpunkt (Way);T;Klappacher Straße;49.851632;8.666528;50.0;;;;;;Interpoliert;193.8;-7.72;asphalt;secondary;Klappacher Straße;4;Kurs 13
Routenpunkt (Way);T;Klappacher Straße;49.851667;8.666705;50.0;;;;;;Interpoliert;192.9;-7.7;asphalt;secondary;Klappacher Straße;4;Kurs 13
Routenpunkt (Way);T;;49.851688;8.666808;50.0;;;;;;Interpoliert (15m);192.0;-7.56;asphalt;secondary;Klappacher Straße;4;Kurs 13
Routenpunkt (Way);T;Klappacher Straße;49.851708;8.666911;50.0;;;;;;Original OSM;191.5;-7.42;asphalt;secondary;Klappacher Straße;4;Kurs 13
Routenpunkt (Way);T;;49.851729;8.667021;50.0;;;;;;Interpoliert (15m);191.0;-6.76;asphalt;secondary;Klappacher Straße;4;Kurs 13
Routenpunkt (Way);T;Klappacher Straße;49.85175;8.667131;50.0;;;;;;Interpoliert;190.5;-3.73;asphalt;secondary;Klappacher Straße;4;Kurs 13
Routenpunkt (Way);T;Klappacher Straße;49.851785;8.667323;50.0;;;;;;Interpoliert;190.0;-1.31;asphalt;secondary;Klappacher Straße;4;Kurs 13
Routenpunkt (Way);T;Klappacher Straße;49.851819;8.667514;50.0;;;;;;Interpoliert;190.5;1.02;asphalt;secondary;Klappacher Straße;4;Kurs 13
Routenpunkt (Way);T;Klappacher Straße;49.851854;8.667706;50.0;;;;;;Interpoliert;191.3;3.36;asphalt;secondary;Klappacher Straße;4;Kurs 13
Routenpunkt (Way);T;Klappacher Straße;49.851889;8.667898;50.0;;;;;;Interpoliert;192.1;5.18;asphalt;secondary;Klappacher Straße;4;Kurs 13
Routenpunkt (Way);T;Klappacher Straße;49.851923;8.66809;50.0;;;;;;Interpoliert;192.9;5.6;asphalt;secondary;Klappacher Straße;4;Kurs 13
Routenpunkt (Way);T;Klappacher Straße;49.851958;8.668282;50.0;;;;;;Interpoliert;193.7;4.94;asphalt;secondary;Klappacher Straße;4;Kurs 13
Routenpunkt (Way);T;Klappacher Straße;49.851992;8.668474;50.0;;;;;;Original OSM;194.5;4.27;asphalt;secondary;Klappacher Straße;4;Kurs 13
Routenpunkt (Way);T;Klappacher Straße;49.852024;8.66865;50.0;;;;;;Interpoliert;194.8;3.61;asphalt;secondary;Klappacher Straße;4;Kurs 13
Routenpunkt (Way);T;Klappacher Straße;49.852056;8.668826;50.0;;;;;;Interpoliert;195.1;2.95;asphalt;secondary;Klappacher Straße;4;Kurs 13
Routenpunkt (Way);T;Klappacher Straße;49.852088;8.669003;50.0;;;;;;Interpoliert;195.4;2.74;asphalt;secondary;Klappacher Straße;4;Kurs 13
Routenpunkt (Way);T;Klappacher Straße;49.85212;8.669179;50.0;;;;;;Interpoliert;195.7;2.74;asphalt;secondary;Klappacher Straße;4;Kurs 13
Routenpunkt (Way);T;Klappacher Straße;49.852152;8.669355;50.0;;;;;;Interpoliert;196.3;2.74;asphalt;secondary;Klappacher Straße;4;Kurs 13
Routenpunkt (Way);T;Klappacher Straße;49.852184;8.669532;50.0;;;;;;Interpoliert;196.6;2.28;asphalt;service;;4;Kurs 13
Routenpunkt (Way);T;Klappacher Straße;49.852216;8.669708;50.0;;;;;;Original OSM;196.9;1.1;asphalt;secondary;Klappacher Straße;4;Kurs 13
Routenpunkt (Way);T;Klappacher Straße;49.852251;8.669904;50.0;;;;;;Interpoliert;196.9;-0.55;asphalt;secondary;Klappacher Straße;4;Kurs 13
Routenpunkt (Way);T;;49.85227;8.670014;50.0;;;;;;Interpoliert (15m);196.6;-0.95;asphalt;secondary;Klappacher Straße;4;Kurs 13
Routenpunkt (Way);A;Klappacher Straße (Ampel);49.85229;8.670125;50.0;;;;;;Original OSM;196.3;-1.33;asphalt;secondary;Klappacher Straße;4;Kurs 13
Routenpunkt (Way);T;;49.852386;8.670059;50.0;;;;;;Interpoliert (15m);196.33;-1.24;asphalt;service;;4;Kurs 13
Routenpunkt (Way);T;;49.852481;8.669992;50.0;;;;;;Interpoliert (15m);196.38;-0.41;asphalt;service;;4;Kurs 13
Routenpunkt (Way);T;Unbekannt;49.852577;8.669926;50.0;;;;;;Original OSM;196.43;0.4;asphalt;service;;4;Kurs 13
Haltestelle;W;Darmstadt Böllenfalltor;49.85259;8.669733;50.0;18:45:00;18:45:00;Kein Umlauf;So;1372.0;Original GTFS (Snap-Distanz 1m) | Auf Route gesnappt (1m);196.5;0.44;asphalt;service;;4;Kurs 13
Routenpunkt (Way);T;Böllenfalltor;49.85259;8.669733;50.0;18:50:00;18:50:00;;;;Interpoliert;194.8;1.14;asphalt;service;;5;Kurs 13
Haltestelle;W;Darmstadt Böllenfalltor;49.85259;8.669733;50.0;18:50:00;18:50:00;Kein Umlauf;Sa,So;1318.0;Original GTFS (Snap-Distanz 21m) | Auf Route gesnappt (1m);195.5;0.86;asphalt;service;;5;Kurs 13
Routenpunkt (Way);T;Böllenfalltor;49.852577;8.669936;50.0;;;;;;Original OSM;196.0;0.68;asphalt;service;;5;Kurs 13
Routenpunkt (Way);T;;49.852481;8.669999;50.0;;;;;;Interpoliert (15m);196.0;0.68;asphalt;service;;5;Kurs 13
Routenpunkt (Way);A;Ampel;49.852385;8.670062;50.0;;;;;;Interpoliert (15m);196.0;1.41;asphalt;service;;5;Kurs 13
Routenpunkt (Way);T;Klappacher Straße;49.85229;8.670125;50.0;;;;;;Original OSM;196.0;1.46;asphalt;secondary;Klappacher Straße;5;Kurs 13
Routenpunkt (Way);T;;49.85227;8.670014;50.0;;;;;;Interpoliert (15m);196.3;1.87;asphalt;secondary;Klappacher Straße;5;Kurs 13
Routenpunkt (Way);T;Klappacher Straße;49.852251;8.669904;50.0;;;;;;Interpoliert;196.6;1.87;asphalt;secondary;Klappacher Straße;5;Kurs 13
Routenpunkt (Way);T;Klappacher Straße;49.852216;8.669708;50.0;;;;;;Original OSM;196.9;1.41;asphalt;secondary;Klappacher Straße;5;Kurs 13
Routenpunkt (Way);T;Klappacher Straße;49.852184;8.669532;50.0;;;;;;Interpoliert;196.9;0.23;asphalt;service;;5;Kurs 13
Routenpunkt (Way);T;Klappacher Straße;49.852152;8.669355;50.0;;;;;;Interpoliert;196.6;-1.42;asphalt;secondary;Klappacher Straße;5;Kurs 13
Routenpunkt (Way);T;Klappacher Straße;49.85212;8.669179;50.0;;;;;;Interpoliert;196.3;-2.28;asphalt;secondary;Klappacher Straße;5;Kurs 13
Routenpunkt (Way);T;Klappacher Straße;49.852088;8.669003;50.0;;;;;;Interpoliert;195.7;-2.74;asphalt;secondary;Klappacher Straße;5;Kurs 13
Routenpunkt (Way);T;Klappacher Straße;49.852056;8.668826;50.0;;;;;;Interpoliert;195.4;-2.74;asphalt;secondary;Klappacher Straße;5;Kurs 13
Routenpunkt (Way);T;Klappacher Straße;49.852024;8.66865;50.0;;;;;;Interpoliert;195.1;-2.7;asphalt;secondary;Klappacher Straße;5;Kurs 13
Routenpunkt (Way);T;Klappacher Straße;49.851992;8.668474;50.0;;;;;;Original OSM;194.8;-2.91;asphalt;secondary;Klappacher Straße;5;Kurs 13
Routenpunkt (Way);T;Klappacher Straße;49.851958;8.668282;50.0;;;;;;Interpoliert;194.5;-3.57;asphalt;secondary;Klappacher Straße;5;Kurs 13
Routenpunkt (Way);T;Klappacher Straße;49.851923;8.66809;50.0;;;;;;Interpoliert;193.7;-4.24;asphalt;secondary;Klappacher Straße;5;Kurs 13
Routenpunkt (Way);T;Klappacher Straße;49.851889;8.667898;50.0;;;;;;Interpoliert;192.9;-4.9;asphalt;secondary;Klappacher Straße;5;Kurs 13
Routenpunkt (Way);T;Klappacher Straße;49.851854;8.667706;50.0;;;;;;Interpoliert;192.1;-5.6;asphalt;secondary;Klappacher Straße;5;Kurs 13
Routenpunkt (Way);T;Klappacher Straße;49.851819;8.667514;50.0;;;;;;Interpoliert;191.3;-5.18;asphalt;secondary;Klappacher Straße;5;Kurs 13
Routenpunkt (Way);T;Klappacher Straße;49.851785;8.667323;50.0;;;;;;Interpoliert;190.5;-2.84;asphalt;secondary;Klappacher Straße;5;Kurs 13
Routenpunkt (Way);T;Klappacher Straße;49.85175;8.667131;50.0;;;;;;Interpoliert;190.0;-0.51;asphalt;secondary;Klappacher Straße;5;Kurs 13
Routenpunkt (Way);T;;49.851729;8.667021;50.0;;;;;;Interpoliert (15m);190.5;1.91;asphalt;secondary;Klappacher Straße;5;Kurs 13
Routenpunkt (Way);T;Klappacher Straße;49.851708;8.666911;50.0;;;;;;Original OSM;191.0;4.33;asphalt;secondary;Klappacher Straße;5;Kurs 13
Routenpunkt (Way);T;;49.851688;8.666808;50.0;;;;;;Interpoliert (15m);191.5;6.38;asphalt;secondary;Klappacher Straße;5;Kurs 13
Routenpunkt (Way);T;Klappacher Straße;49.851667;8.666705;50.0;;;;;;Interpoliert;192.0;6.52;asphalt;secondary;Klappacher Straße;5;Kurs 13
Routenpunkt (Way);T;Klappacher Straße;49.851632;8.666528;50.0;;;;;;Interpoliert;192.9;6.66;asphalt;secondary;Klappacher Straße;5;Kurs 13
Routenpunkt (Way);T;Klappacher Straße;49.851597;8.666351;50.0;;;;;;Interpoliert;193.8;6.68;asphalt;secondary;Klappacher Straße;5;Kurs 13
Routenpunkt (Way);T;Klappacher Straße;49.851563;8.666174;50.0;;;;;;Original OSM;194.7;6.71;asphalt;secondary;Klappacher Straße;5;Kurs 13
Routenpunkt (Way);T;Klappacher Straße;49.85153;8.665991;50.0;;;;;;Interpoliert;195.6;6.67;asphalt;secondary;Klappacher Straße;5;Kurs 13
Routenpunkt (Way);T;Klappacher Straße;49.851496;8.665807;50.0;;;;;;Interpoliert;196.5;5.17;asphalt;secondary;;5;Kurs 13
Routenpunkt (Way);T;Klappacher Straße;49.851463;8.665624;50.0;;;;;;Interpoliert;197.4;3.66;asphalt;secondary;;5;Kurs 13
Routenpunkt (Way);T;Klappacher Straße;49.85143;8.665441;50.0;;;;;;Interpoliert;197.3;2.2;asphalt;secondary;Klappacher Straße;5;Kurs 13
Routenpunkt (Way);T;Klappacher Straße;49.851397;8.665257;50.0;;;;;;Interpoliert;197.2;0.73;asphalt;secondary;Klappacher Straße;5;Kurs 13
Routenpunkt (Way);T;Klappacher Straße;49.851364;8.665074;50.0;;;;;;Interpoliert;197.1;-1.03;asphalt;secondary;Klappacher Straße;5;Kurs 13
Routenpunkt (Way);T;Klappacher Straße;49.851331;8.664891;50.0;;;;;;Interpoliert;197.0;-1.32;asphalt;secondary;Klappacher Straße;5;Kurs 13
Routenpunkt (Way);T;Klappacher Straße;49.851298;8.664707;50.0;;;;;;Interpoliert;196.7;-1.61;asphalt;secondary;Klappacher Straße;5;Kurs 13
Routenpunkt (Way);T;Klappacher Straße;49.851265;8.664524;50.0;;;;;;Interpoliert;196.4;-2.02;asphalt;secondary;Klappacher Straße;5;Kurs 13
Routenpunkt (Way);T;Klappacher Straße;49.851231;8.664341;50.0;;;;;;Interpoliert;196.1;-2.43;asphalt;secondary;Klappacher Straße;5;Kurs 13
Routenpunkt (Way);T;;49.851205;8.664196;50.0;;;;;;Interpoliert (15m);195.8;-3.14;asphalt;secondary;Klappacher Straße;5;Kurs 13
Routenpunkt (Way);T;Klappacher Straße;49.851179;8.664051;50.0;;;;;;Original OSM;195.5;-3.84;asphalt;secondary;Klappacher Straße;5;Kurs 13
Routenpunkt (Way);T;;49.851159;8.663908;50.0;;;;;;Interpoliert (15m);194.9;-4.32;asphalt;secondary;Klappacher Straße;5;Kurs 13
Routenpunkt (Way);T;Klappacher Straße;49.85114;8.663765;50.0;;;;;;Interpoliert;194.3;-4.88;asphalt;secondary;Klappacher Straße;5;Kurs 13
Routenpunkt (Way);T;Klappacher Straße;49.851121;8.663586;50.0;;;;;;Original OSM;193.7;-5.43;asphalt;secondary;Klappacher Straße;5;Kurs 13
Routenpunkt (Way);T;Klappacher Straße;49.851114;8.663435;50.0;;;;;;Interpoliert;193.1;-4.86;asphalt;secondary;Klappacher Straße;5;Kurs 13
Routenpunkt (Way);T;Klappacher Straße;49.851107;8.663284;50.0;;;;;;Original OSM;192.5;-5.16;asphalt;secondary;Klappacher Straße;5;Kurs 13
Routenpunkt (Way);T;Klappacher Straße;49.851108;8.663138;50.0;;;;;;Interpoliert;192.2;-5.69;asphalt;secondary;Klappacher Straße;5;Kurs 13
Routenpunkt (Way);T;;49.851106;8.662946;50.0;;;;;;Interpoliert (15m);191.2;-7.21;asphalt;secondary;Klappacher Straße;5;Kurs 13
Routenpunkt (Way);T;Klappacher Straße;49.851103;8.662754;50.0;;;;;;Original OSM;190.2;-8.73;asphalt;secondary;Klappacher Straße;5;Kurs 13
Routenpunkt (Way);T;;49.851112;8.662648;50.0;;;;;;Interpoliert (15m);189.2;-9.36;asphalt;secondary;Klappacher Straße;5;Kurs 13
Haltestelle;W;Darmstadt Marienhospital;49.851122;8.662543;50.0;18:51:00;18:51:00;Kein Umlauf;Sa,So;1318.0;Original GTFS (Snap-Distanz 5m) | Auf Route gesnappt (5m);188.2;-10.95;asphalt;secondary;Klappacher Straße;5;Kurs 13
Routenpunkt (Way);T;Marienhospital;49.851115;8.662381;50.0;;;;;;Original OSM;187.5;-12.55;asphalt;secondary;Klappacher Straße;5;Kurs 13
Routenpunkt (Way);T;;49.851143;8.66228;50.0;;;;;;Interpoliert (15m);186.3;-12.18;asphalt;secondary;Klappacher Straße;5;Kurs 13
Routenpunkt (Way);T;Klappacher Straße;49.851171;8.662179;50.0;;;;;;Interpoliert;185.1;-11.2;asphalt;secondary;Klappacher Straße;5;Kurs 13
Routenpunkt (Way);T;Klappacher Straße;49.851194;8.662035;50.0;;;;;;Original OSM;183.9;-11.66;asphalt;secondary;Klappacher Straße;5;Kurs 13
Routenpunkt (Way);T;Klappacher Straße;49.851229;8.66184;50.0;;;;;;Interpoliert;182.7;-9.3;asphalt;secondary;Klappacher Straße;5;Kurs 13
Routenpunkt (Way);T;Klappacher Straße;49.851263;8.661645;50.0;;;;;;Interpoliert;181.5;-7.01;asphalt;secondary;Klappacher Straße;5;Kurs 13
Routenpunkt (Way);T;Klappacher Straße;49.851298;8.66145;50.0;;;;;;Interpoliert;181.0;-5.49;asphalt;secondary;Klappacher Straße;5;Kurs 13
Routenpunkt (Way);T;;49.851329;8.66127;50.0;;;;;;Interpoliert (15m);180.5;-4.74;asphalt;secondary;Klappacher Straße;5;Kurs 13
Routenpunkt (Way);T;Klappacher Straße;49.851361;8.66109;50.0;;;;;;Original OSM;180.0;-3.98;asphalt;secondary;Klappacher Straße;5;Kurs 13
Routenpunkt (Way);T;;49.851386;8.660939;50.0;;;;;;Interpoliert (15m);179.5;-3.29;asphalt;secondary;Klappacher Straße;5;Kurs 13
Routenpunkt (Way);T;Klappacher Straße;49.851411;8.660789;50.0;;;;;;Interpoliert;179.0;-2.99;asphalt;secondary;Klappacher Straße;5;Kurs 13
Routenpunkt (Way);T;Klappacher Straße;49.851434;8.66065;50.0;;;;;;Interpoliert;179.0;-2.69;asphalt;secondary;Klappacher Straße;5;Kurs 13
Routenpunkt (Way);T;;49.851454;8.660528;50.0;;;;;;Interpoliert (15m);178.8;-2.17;asphalt;secondary;Klappacher Straße;5;Kurs 13
Routenpunkt (Way);T;Klappacher Straße;49.851474;8.660407;50.0;;;;;;Original OSM;178.6;-1.66;asphalt;secondary;Klappacher Straße;5;Kurs 13
Routenpunkt (Way);T;;49.851496;8.660267;50.0;;;;;;Interpoliert (15m);178.4;-1.97;asphalt;secondary;Klappacher Straße;5;Kurs 13
Routenpunkt (Way);T;Klappacher Straße;49.851519;8.660128;50.0;;;;;;Interpoliert;178.2;-2.31;asphalt;secondary;Klappacher Straße;5;Kurs 13
Routenpunkt (Way);T;Klappacher Straße;49.851547;8.659953;50.0;;;;;;Interpoliert;178.0;-2.64;asphalt;secondary;Klappacher Straße;5;Kurs 13
Routenpunkt (Way);T;Klappacher Straße;49.851575;8.659778;50.0;;;;;;Interpoliert;177.5;-3.21;asphalt;secondary;Klappacher Straße;5;Kurs 13
Routenpunkt (Way);T;Klappacher Straße;49.851604;8.659604;50.0;;;;;;Original OSM;177.0;-3.79;asphalt;secondary;Klappacher Straße;5;Kurs 13
Routenpunkt (Way);T;Klappacher Straße;49.85163;8.659465;50.0;;;;;;Interpoliert;176.5;-4.29;asphalt;secondary;Klappacher Straße;5;Kurs 13
Routenpunkt (Way);T;Klappacher Straße;49.851656;8.659326;50.0;;;;;;Original OSM;176.0;-4.0;asphalt;secondary;Klappacher Straße;5;Kurs 13
Routenpunkt (Way);T;Klappacher Straße;49.851692;8.659164;50.0;;;;;;Interpoliert;175.5;-3.81;asphalt;secondary;Klappacher Straße;5;Kurs 13
Routenpunkt (Way);T;Klappacher Straße;49.851727;8.659001;50.0;;;;;;Original OSM;175.2;-3.62;asphalt;secondary;Klappacher Straße;5;Kurs 13
Routenpunkt (Way);T;Klappacher Straße;49.851772;8.658875;50.0;;;;;;Interpoliert;174.9;-3.39;asphalt;secondary;Klappacher Straße;5;Kurs 13
Routenpunkt (Way);T;Klappacher Straße;49.851817;8.658749;50.0;;;;;;Interpoliert;174.5;-3.31;asphalt;secondary;Klappacher Straße;5;Kurs 13
Routenpunkt (Way);T;;49.851873;8.658624;50.0;;;;;;Interpoliert (15m);174.1;-2.98;asphalt;secondary;Klappacher Straße;5;Kurs 13
Routenpunkt (Way);T;Klappacher Straße;49.851929;8.658498;50.0;;;;;;Original OSM;173.7;-2.4;asphalt;secondary;Klappacher Straße;5;Kurs 13
Routenpunkt (Way);T;;49.85202;8.658394;50.0;;;;;;Interpoliert (15m);173.6;-1.62;asphalt;secondary;Klappacher Straße;5;Kurs 13
Routenpunkt (Way);T;Klappacher Straße;49.85211;8.65829;50.0;;;;;;Interpoliert;173.6;-0.89;asphalt;secondary;Klappacher Straße;5;Kurs 13
Routenpunkt (Way);T;Klappacher Straße;49.852206;8.658197;50.0;;;;;;Original OSM;173.6;-0.16;asphalt;secondary;Klappacher Straße;5;Kurs 13
Routenpunkt (Way);T;Klappacher Straße;49.852307;8.658111;50.0;;;;;;Interpoliert;173.6;0.0;asphalt;secondary;Klappacher Straße;5;Kurs 13
Routenpunkt (Way);T;Klappacher Straße;49.852408;8.658025;50.0;;;;;;Interpoliert;173.6;0.0;asphalt;secondary;Klappacher Straße;5;Kurs 13
Routenpunkt (Way);T;Klappacher Straße;49.852509;8.657939;50.0;;;;;;Interpoliert;173.6;0.0;asphalt;secondary;Klappacher Straße;5;Kurs 13
Routenpunkt (Way);T;Klappacher Straße;49.852609;8.657853;50.0;;;;;;Interpoliert;173.6;0.0;asphalt;secondary;Klappacher Straße;5;Kurs 13
Routenpunkt (Way);A;Klappacher Straße (Ampel);49.85271;8.657767;50.0;;;;;;Original OSM;173.6;0.0;asphalt;secondary;Klappacher Straße;5;Kurs 13
Routenpunkt (Way);T;Klappacher Straße;49.852797;8.657691;50.0;;;;;;Interpoliert;173.6;0.0;asphalt;secondary;Klappacher Straße;5;Kurs 13
Routenpunkt (Way);T;;49.852885;8.657603;50.0;;;;;;Interpoliert (15m);173.6;0.0;asphalt;secondary;Klappacher Straße;5;Kurs 13
Routenpunkt (Way);T;;49.852973;8.657515;50.0;;;;;;Interpoliert (15m);173.6;0.0;asphalt;secondary;Klappacher Straße;5;Kurs 13
Routenpunkt (Way);T;Klappacher Straße;49.85306;8.657427;50.0;;;;;;Original OSM;173.6;0.0;asphalt;secondary;Klappacher Straße;5;Kurs 13
Haltestelle;W;Darmstadt Klappacher Straße;49.853168;8.657365;50.0;;;Kein Umlauf;Sa,So;1318.0;Original GTFS (Snap-Distanz 0m) | Auf Route gesnappt (0m);173.6;0.0;asphalt;secondary;Klappacher Straße;5;Kurs 13
Routenpunkt (Way);T;Klappacher Straße;49.853217;8.657321;50.0;;;;;;Original OSM;173.6;0.0;asphalt;secondary;Klappacher Straße;5;Kurs 13
Routenpunkt (Way);T;Klappacher Straße;49.853321;8.657229;50.0;;;;;;Interpoliert;173.6;-0.3;asphalt;secondary;Klappacher Straße;5;Kurs 13
Routenpunkt (Way);T;Klappacher Straße;49.853425;8.657137;50.0;;;;;;Interpoliert;173.6;-0.48;asphalt;secondary;Klappacher Straße;5;Kurs 13
Routenpunkt (Way);T;Klappacher Straße;49.853529;8.657045;50.0;;;;;;Interpoliert;173.4;-0.66;asphalt;secondary;Klappacher Straße;5;Kurs 13
Routenpunkt (Way);T;;49.853616;8.656969;50.0;;;;;;Interpoliert (15m);173.3;-0.84;asphalt;secondary;Klappacher Straße;5;Kurs 13
Routenpunkt (Way);T;Klappacher Straße;49.853703;8.656893;50.0;;;;;;Original OSM;173.2;-1.03;asphalt;secondary;Klappacher Straße;5;Kurs 13
Routenpunkt (Way);T;Landskronstraße;49.8537;8.656734;30.0;;;;;;Interpoliert;173.1;-1.13;asphalt;secondary;Landskronstraße;5;Kurs 13
Routenpunkt (Way);T;Landskronstraße;49.853654;8.656612;30.0;;;;;;Interpoliert;173.0;-1.26;asphalt;secondary;Landskronstraße;5;Kurs 13
Routenpunkt (Way);T;Landskronstraße;49.853608;8.65649;30.0;;;;;;Original OSM;172.8;-1.39;asphalt;secondary;Landskronstraße;5;Kurs 13
Routenpunkt (Way);T;Landskronstraße;49.853556;8.656331;30.0;;;;;;Interpoliert;172.6;-1.61;asphalt;secondary;Landskronstraße;5;Kurs 13
Routenpunkt (Way);T;Landskronstraße;49.853504;8.656171;30.0;;;;;;Original OSM;172.4;-1.81;asphalt;secondary;Landskronstraße;5;Kurs 13
Routenpunkt (Way);T;Landskronstraße;49.853483;8.656034;30.0;;;;;;Interpoliert;172.2;-1.41;asphalt;secondary;Landskronstraße;5;Kurs 13
Routenpunkt (Way);T;Landskronstraße;49.853462;8.655896;30.0;;;;;;Original OSM;172.0;-1.1;asphalt;secondary;Landskronstraße;5;Kurs 13
Routenpunkt (Way);T;Landskronstraße;49.853459;8.655695;30.0;;;;;;Interpoliert;172.0;-0.79;asphalt;secondary;Landskronstraße;5;Kurs 13
Routenpunkt (Way);T;Landskronstraße;49.853456;8.655494;30.0;;;;;;Interpoliert;172.0;-0.39;asphalt;secondary;Landskronstraße;5;Kurs 13
Routenpunkt (Way);T;Landskronstraße;49.853454;8.655293;30.0;;;;;;Interpoliert;172.0;0.0;asphalt;secondary;Landskronstraße;5;Kurs 13
Routenpunkt (Way);T;;49.853442;8.655114;30.0;;;;;;Interpoliert (15m);172.0;0.0;asphalt;secondary;Landskronstraße;5;Kurs 13
Routenpunkt (Way);T;Landskronstraße;49.853431;8.654935;30.0;;;;;;Original OSM;172.0;0.0;asphalt;secondary;Landskronstraße;5;Kurs 13
Routenpunkt (Way);T;;49.853426;8.654797;30.0;;;;;;Interpoliert (15m);172.0;-0.46;asphalt;secondary;Landskronstraße;5;Kurs 13
Routenpunkt (Way);T;Landskronstraße;49.85342;8.654659;30.0;;;;;;Interpoliert;172.0;-0.93;asphalt;secondary;Landskronstraße;5;Kurs 13
Routenpunkt (Way);T;;49.853427;8.65454;30.0;;;;;;Interpoliert (15m);171.8;-1.37;asphalt;secondary;Landskronstraße;5;Kurs 13
Routenpunkt (Way);T;Landskronstraße;49.853434;8.65442;30.0;;;;;;Original OSM;171.6;-1.81;asphalt;secondary;Landskronstraße;5;Kurs 13
Routenpunkt (Way);T;;49.853435;8.654294;30.0;;;;;;Interpoliert (15m);171.4;-2.08;asphalt;secondary;Landskronstraße;5;Kurs 13
Routenpunkt (Way);T;Landskronstraße;49.853436;8.654167;30.0;;;;;;Interpoliert;171.2;-1.88;asphalt;secondary;Landskronstraße;5;Kurs 13
Routenpunkt (Way);T;Landskronstraße;49.853432;8.653959;30.0;;;;;;Interpoliert;171.0;-1.69;asphalt;secondary;Landskronstraße;5;Kurs 13
Routenpunkt (Way);T;Landskronstraße;49.853429;8.653751;30.0;;;;;;Interpoliert;170.8;-1.52;asphalt;secondary;Landskronstraße;5;Kurs 13
Routenpunkt (Way);T;Landskronstraße;49.853425;8.653542;30.0;;;;;;Original OSM;170.6;-1.36;asphalt;secondary;Landskronstraße;5;Kurs 13
Routenpunkt (Way);T;Landskronstraße;49.853424;8.65334;30.0;;;;;;Interpoliert;170.4;-1.55;asphalt;secondary;Landskronstraße;5;Kurs 13
Routenpunkt (Way);T;Ludwigshöhstraße (Bussteig Südseite);49.853383;8.65315;30.0;;;;;;Original OSM;170.2;-1.51;asphalt;secondary;Landskronstraße;5;Kurs 13
Routenpunkt (Way);T;;49.853382;8.653028;30.0;;;;;;Interpoliert (15m);170.0;-1.39;asphalt;secondary;Landskronstraße;5;Kurs 13
Routenpunkt (Way);T;Ludwigshöhstraße (Bussteig Südseite);49.85338;8.652906;30.0;;;;;;Interpoliert;169.9;-1.27;asphalt;secondary;Landskronstraße;5;Kurs 13
Routenpunkt (Way);T;Landskronstraße;49.85342;8.652736;30.0;;;;;;Original OSM;169.8;-1.0;asphalt;secondary;Landskronstraße;5;Kurs 13
Routenpunkt (Way);T;Landskronstraße;49.853419;8.652557;30.0;;;;;;Interpoliert;169.7;-0.69;asphalt;secondary;Landskronstraße;5;Kurs 13
Haltestelle;W;Darmstadt Ludwigshöhstraße;49.853419;8.652557;30.0;18:53:00;18:53:00;Kein Umlauf;Sa,So;1318.0;Original GTFS (Snap-Distanz 5m) | Auf Route gesnappt (5m);169.6;-0.72;asphalt;secondary;Landskronstraße;5;Kurs 13
Routenpunkt (Way);T;Landskronstraße;49.853417;8.652378;30.0;;;;;;Interpoliert;169.5;-0.82;asphalt;secondary;Landskronstraße;5;Kurs 13
Routenpunkt (Way);T;;49.853417;8.652269;30.0;;;;;;Interpoliert (15m);169.4;-1.39;asphalt;secondary;Landskronstraße;5;Kurs 13
Routenpunkt (Way);A;Landskronstraße (Ampel);49.853416;8.65216;30.0;;;;;;Original OSM;169.3;-2.12;asphalt;secondary;Landskronstraße;5;Kurs 13
Routenpunkt (Way);T;;49.853411;8.652045;30.0;;;;;;Interpoliert (15m);169.0;-2.69;asphalt;secondary;Landskronstraße;5;Kurs 13
Routenpunkt (Way);T;Landskronstraße;49.853406;8.65193;30.0;;;;;;Original OSM;168.7;-2.92;asphalt;secondary;Landskronstraße;5;Kurs 13
Routenpunkt (Way);T;;49.853403;8.651815;30.0;;;;;;Interpoliert (15m);168.4;-3.11;asphalt;secondary;Landskronstraße;5;Kurs 13
Routenpunkt (Way);T;Landskronstraße;49.8534;8.6517;30.0;;;;;;Original OSM;168.2;-3.27;asphalt;secondary;Landskronstraße;5;Kurs 13
Routenpunkt (Way);T;;49.853399;8.651574;30.0;;;;;;Interpoliert (15m);168.0;-3.09;asphalt;secondary;Landskronstraße;5;Kurs 13
Routenpunkt (Way);T;Landskronstraße;49.853398;8.651449;30.0;;;;;;Interpoliert;167.6;-2.91;asphalt;secondary;Landskronstraße;5;Kurs 13
Routenpunkt (Way);T;Landskronstraße;49.853396;8.651244;30.0;;;;;;Interpoliert;167.2;-2.97;asphalt;secondary;Landskronstraße;5;Kurs 13
Routenpunkt (Way);T;Landskronstraße;49.853394;8.65104;30.0;;;;;;Interpoliert;166.8;-3.96;asphalt;secondary;Landskronstraße;5;Kurs 13
Routenpunkt (Way);T;Landskronstraße;49.853392;8.650836;30.0;;;;;;Original OSM;166.4;-4.1;asphalt;secondary;Landskronstraße;5;Kurs 13
Routenpunkt (Way);T;Landskronstraße;49.85339;8.65066;30.0;;;;;;Original OSM;165.5;-4.6;asphalt;secondary;Landskronstraße;5;Kurs 13
Routenpunkt (Way);T;Landskronstraße;49.853388;8.650472;30.0;;;;;;Interpoliert;164.8;-5.09;asphalt;secondary;Landskronstraße;5;Kurs 13
Routenpunkt (Way);T;Landskronstraße;49.853385;8.650284;30.0;;;;;;Interpoliert;164.1;-5.73;asphalt;secondary;Landskronstraße;5;Kurs 13
Routenpunkt (Way);T;Landskronstraße;49.853383;8.650096;30.0;;;;;;Interpoliert;163.4;-5.49;asphalt;secondary;Landskronstraße;5;Kurs 13
Routenpunkt (Way);T;Landskronstraße;49.853381;8.649908;30.0;;;;;;Interpoliert;162.6;-5.33;asphalt;secondary;Landskronstraße;5;Kurs 13
Routenpunkt (Way);T;Landskronstraße;49.853378;8.64972;30.0;;;;;;Original OSM;161.8;-5.17;asphalt;secondary;Landskronstraße;5;Kurs 13
Routenpunkt (Way);T;Landskronstraße;49.853376;8.649529;30.0;;;;;;Interpoliert;161.2;-5.09;asphalt;secondary;Landskronstraße;5;Kurs 13
Routenpunkt (Way);T;Landskronstraße;49.853374;8.649339;30.0;;;;;;Original OSM;160.6;-5.5;asphalt;secondary;Landskronstraße;5;Kurs 13
Routenpunkt (Way);T;Landskronstraße;49.853365;8.649165;30.0;;;;;;Interpoliert;160.0;-5.23;asphalt;secondary;Landskronstraße;5;Kurs 13
Routenpunkt (Way);T;Landskronstraße;49.853357;8.648991;30.0;;;;;;Interpoliert;159.0;-5.26;asphalt;secondary;Landskronstraße;5;Kurs 13
Routenpunkt (Way);T;;49.853352;8.648838;30.0;;;;;;Interpoliert (15m);158.5;-5.65;asphalt;secondary;Landskronstraße;5;Kurs 13
Routenpunkt (Way);T;;49.853347;8.648685;30.0;;;;;;Interpoliert (15m);158.0;-5.67;asphalt;secondary;Landskronstraße;5;Kurs 13
Routenpunkt (Way);T;Landskronstraße;49.853342;8.648532;30.0;;;;;;Original OSM;157.3;-5.04;asphalt;secondary;Landskronstraße;5;Kurs 13
Routenpunkt (Way);T;;49.853339;8.648331;30.0;;;;;;Interpoliert (15m);156.6;-5.08;asphalt;secondary;Landskronstraße;5;Kurs 13
Routenpunkt (Way);T;Landskronstraße;49.853336;8.648131;30.0;;;;;;Interpoliert;155.9;-5.13;asphalt;secondary;Landskronstraße;5;Kurs 13
Routenpunkt (Way);T;Landskronstraße;49.853334;8.647926;30.0;;;;;;Interpoliert;155.2;-4.81;asphalt;secondary;Landskronstraße;5;Kurs 13
Routenpunkt (Way);T;Landskronstraße;49.853331;8.647721;30.0;;;;;;Interpoliert;154.5;-5.19;asphalt;secondary;Landskronstraße;5;Kurs 13
Routenpunkt (Way);T;Landskronstraße;49.853329;8.647516;30.0;;;;;;Interpoliert;153.8;-4.89;asphalt;secondary;Landskronstraße;5;Kurs 13
Routenpunkt (Way);T;;49.853325;8.647352;30.0;;;;;;Interpoliert (15m);153.0;-4.62;asphalt;secondary;Landskronstraße;5;Kurs 13
Routenpunkt (Way);T;;49.853321;8.647187;30.0;;;;;;Interpoliert (15m);152.6;-4.24;asphalt;secondary;Landskronstraße;5;Kurs 13
Routenpunkt (Way);A;Landskronstraße (Bussteig Ost) (Ampel);49.853316;8.647023;30.0;;;;;;Original OSM;152.2;-3.58;asphalt;secondary;Landskronstraße;5;Kurs 13
Routenpunkt (Way);T;;49.853321;8.64683;30.0;;;;;;Interpoliert (15m);151.8;-2.72;asphalt;secondary;Landskronstraße;5;Kurs 13
Haltestelle;W;Darmstadt Landskronstraße;49.853325;8.646637;50.0;18:55:00;18:55:00;Kein Umlauf;Sa,So;1318.0;Original GTFS (Snap-Distanz 13m) | Auf Route gesnappt (13m);151.6;-2.54;asphalt;secondary;Rüdesheimer Straße;5;Kurs 13
Routenpunkt (Way);T;;49.853325;8.646525;50.0;;;;;;Interpoliert (15m);151.4;-2.25;asphalt;secondary;Rüdesheimer Straße;5;Kurs 13
Routenpunkt (Way);T;Rüdesheimer Straße;49.853325;8.646413;50.0;;;;;;Original OSM;151.2;-2.06;asphalt;secondary;Rüdesheimer Straße;5;Kurs 13
Routenpunkt (Way);T;;49.853328;8.64627;50.0;;;;;;Interpoliert (15m);151.0;-2.11;asphalt;secondary;Rüdesheimer Straße;5;Kurs 13
Routenpunkt (Way);T;Rüdesheimer Straße;49.85333;8.646126;50.0;;;;;;Interpoliert;150.8;-1.78;asphalt;secondary;Rüdesheimer Straße;5;Kurs 13
Routenpunkt (Way);T;Rüdesheimer Straße;49.853335;8.645961;50.0;;;;;;Interpoliert;150.6;-1.78;asphalt;secondary;Rüdesheimer Straße;5;Kurs 13
Routenpunkt (Way);T;Rüdesheimer Straße;49.85334;8.645796;50.0;;;;;;Original OSM;150.5;-1.88;asphalt;secondary;Rüdesheimer Straße;5;Kurs 13
Routenpunkt (Way);T;Rüdesheimer Straße;49.853347;8.645628;50.0;;;;;;Interpoliert;150.2;-1.99;asphalt;secondary;Rüdesheimer Straße;5;Kurs 13
Routenpunkt (Way);T;Rüdesheimer Straße;49.853354;8.645459;50.0;;;;;;Interpoliert;149.9;-2.15;asphalt;secondary;Rüdesheimer Straße;5;Kurs 13
Routenpunkt (Way);T;Rüdesheimer Straße;49.853361;8.64529;50.0;;;;;;Interpoliert;149.6;-2.44;asphalt;secondary;Rüdesheimer Straße;5;Kurs 13
Routenpunkt (Way);T;Rüdesheimer Straße;49.853368;8.645121;50.0;;;;;;Original OSM;149.3;-3.01;asphalt;secondary;Rüdesheimer Straße;5;Kurs 13
Routenpunkt (Way);T;Rüdesheimer Straße;49.85338;8.644939;50.0;;;;;;Interpoliert;149.0;-3.7;asphalt;secondary;Rüdesheimer Straße;5;Kurs 13
Routenpunkt (Way);T;Rüdesheimer Straße;49.853391;8.644758;50.0;;;;;;Original OSM;148.3;-4.4;asphalt;secondary;Rüdesheimer Straße;5;Kurs 13
Routenpunkt (Way);T;;49.853405;8.644594;50.0;;;;;;Interpoliert (15m);147.6;-5.23;asphalt;secondary;Rüdesheimer Straße;5;Kurs 13
Routenpunkt (Way);T;Rüdesheimer Straße;49.853419;8.644431;50.0;;;;;;Original OSM;146.9;-6.1;asphalt;secondary;Rüdesheimer Straße;5;Kurs 13
Routenpunkt (Way);T;;49.853434;8.644286;50.0;;;;;;Interpoliert (15m);146.2;-5.84;asphalt;secondary;Rüdesheimer Straße;5;Kurs 13
Routenpunkt (Way);T;Rüdesheimer Straße;49.853448;8.644141;50.0;;;;;;Interpoliert;145.5;-5.26;asphalt;secondary;Rüdesheimer Straße;5;Kurs 13
Routenpunkt (Way);T;Rüdesheimer Straße;49.853466;8.643972;50.0;;;;;;Original OSM;145.0;-4.87;asphalt;secondary;Rüdesheimer Straße;5;Kurs 13
Routenpunkt (Way);T;Rüdesheimer Straße;49.853488;8.643788;50.0;;;;;;Interpoliert;144.6;-4.34;asphalt;secondary;Rüdesheimer Straße;5;Kurs 13
Routenpunkt (Way);T;;49.853505;8.643651;50.0;;;;;;Interpoliert (15m);144.2;-4.05;asphalt;secondary;Rüdesheimer Straße;5;Kurs 13
Routenpunkt (Way);A;Rüdesheimer Straße (Ampel);49.853522;8.643514;50.0;;;;;;Original OSM;143.8;-2.98;asphalt;secondary;Rüdesheimer Straße;5;Kurs 13
Routenpunkt (Way);T;;49.853536;8.643409;50.0;;;;;;Interpoliert (15m);143.4;-2.19;asphalt;secondary;Rüdesheimer Straße;5;Kurs 13
Routenpunkt (Way);T;Rüdesheimer Straße;49.85355;8.643304;50.0;;;;;;Interpoliert;143.5;-1.21;asphalt;secondary;Rüdesheimer Straße;5;Kurs 13
Routenpunkt (Way);T;;49.853571;8.643157;50.0;;;;;;Interpoliert (15m);143.6;-0.25;asphalt;secondary;Rüdesheimer Straße;5;Kurs 13
Routenpunkt (Way);T;Rüdesheimer Straße;49.853593;8.643009;50.0;;;;;;Original OSM;143.7;0.95;asphalt;secondary;Rüdesheimer Straße;5;Kurs 13
Routenpunkt (Way);T;;49.853621;8.642843;50.0;;;;;;Interpoliert (15m);143.8;0.86;asphalt;secondary;Rüdesheimer Straße;5;Kurs 13
Routenpunkt (Way);T;Rüdesheimer Straße;49.85365;8.642678;50.0;;;;;;Interpoliert;143.9;0.68;asphalt;secondary;Rüdesheimer Straße;5;Kurs 13
Routenpunkt (Way);T;Rüdesheimer Straße;49.85368;8.642517;50.0;;;;;;Interpoliert;144.0;0.19;asphalt;secondary;Rüdesheimer Straße;5;Kurs 13
Routenpunkt (Way);T;Rüdesheimer Straße;49.85371;8.642357;50.0;;;;;;Interpoliert;144.0;-0.27;asphalt;secondary;Rüdesheimer Straße;5;Kurs 13
Routenpunkt (Way);T;;49.853747;8.642179;50.0;;;;;;Interpoliert (15m);143.8;-0.81;asphalt;secondary;Rüdesheimer Straße;5;Kurs 13
Routenpunkt (Way);T;Rüdesheimer Straße;49.853784;8.642001;50.0;;;;;;Original OSM;143.6;-1.36;asphalt;secondary;Rüdesheimer Straße;5;Kurs 13
Routenpunkt (Way);T;;49.853816;8.641864;50.0;;;;;;Interpoliert (15m);143.4;-1.75;asphalt;secondary;Rüdesheimer Straße;5;Kurs 13
Routenpunkt (Way);T;;49.853847;8.641727;50.0;;;;;;Interpoliert (15m);143.2;-2.02;asphalt;secondary;Rüdesheimer Straße;5;Kurs 13
Routenpunkt (Way);T;Rüdesheimer Straße;49.853878;8.64159;50.0;;;;;;Interpoliert;143.0;-2.32;asphalt;secondary;Rüdesheimer Straße;5;Kurs 13
Routenpunkt (Way);T;Rüdesheimer Straße;49.853922;8.641407;50.0;;;;;;Original OSM;142.6;-2.5;asphalt;secondary;Rüdesheimer Straße;5;Kurs 13
Routenpunkt (Way);T;Rüdesheimer Straße;49.853967;8.641235;50.0;;;;;;Interpoliert;142.2;-3.09;asphalt;secondary;Rüdesheimer Straße;5;Kurs 13
Routenpunkt (Way);T;Rüdesheimer Straße;49.853998;8.64104;50.0;;;;;;Original OSM;141.8;-4.56;asphalt;secondary;Rüdesheimer Straße;5;Kurs 13
Haltestelle;W;Darmstadt Schiebelhuthweg;49.854019;8.640901;50.0;;;Kein Umlauf;Sa,So;1318.0;Original GTFS (Snap-Distanz 4m) | Auf Route gesnappt (7m);141.3;-4.41;asphalt;secondary;Rüdesheimer Straße;5;Kurs 13
Routenpunkt (Way);T;Schiebelhuthweg (Bussteig Nord);49.85404;8.640833;50.0;;;;;;Interpoliert;140.8;-4.68;asphalt;secondary;Rüdesheimer Straße;5;Kurs 13
Routenpunkt (Way);T;Rüdesheimer Straße;49.854115;8.640675;50.0;;;;;;Interpoliert;140.5;-4.94;asphalt;secondary;Rüdesheimer Straße;5;Kurs 13
Routenpunkt (Way);T;Rüdesheimer Straße;49.854155;8.640526;50.0;;;;;;Original OSM;140.0;-4.77;asphalt;secondary;Rüdesheimer Straße;5;Kurs 13
Routenpunkt (Way);T;Rüdesheimer Straße;49.854205;8.640374;50.0;;;;;;Interpoliert;139.5;-3.74;asphalt;secondary;Rüdesheimer Straße;5;Kurs 13
Routenpunkt (Way);T;Rüdesheimer Straße;49.854254;8.640222;50.0;;;;;;Interpoliert;139.0;-3.8;asphalt;secondary;Rüdesheimer Straße;5;Kurs 13
Routenpunkt (Way);T;Rüdesheimer Straße;49.854304;8.640069;50.0;;;;;;Interpoliert;138.5;-3.27;asphalt;secondary;Rüdesheimer Straße;5;Kurs 13
Routenpunkt (Way);T;Rüdesheimer Straße;49.854354;8.639917;50.0;;;;;;Original OSM;138.2;-2.78;asphalt;secondary;Rüdesheimer Straße;5;Kurs 13
Routenpunkt (Way);T;Rüdesheimer Straße;49.854407;8.63977;50.0;;;;;;Interpoliert;138.0;-2.13;asphalt;secondary;Rüdesheimer Straße;5;Kurs 13
Routenpunkt (Way);T;Rüdesheimer Straße;49.85446;8.639623;50.0;;;;;;Interpoliert;137.8;-1.48;asphalt;secondary;Rüdesheimer Straße;5;Kurs 13
Routenpunkt (Way);T;Rüdesheimer Straße;49.854513;8.639475;50.0;;;;;;Interpoliert;137.7;-1.13;asphalt;secondary;Rüdesheimer Straße;5;Kurs 13
Routenpunkt (Way);T;Rüdesheimer Straße;49.854566;8.639328;50.0;;;;;;Original OSM;137.6;-0.94;asphalt;secondary;Rüdesheimer Straße;5;Kurs 13
Routenpunkt (Way);T;Rüdesheimer Straße;49.85463;8.639155;50.0;;;;;;Interpoliert;137.5;-0.75;asphalt;secondary;Rüdesheimer Straße;5;Kurs 13
Routenpunkt (Way);T;Rüdesheimer Straße;49.854695;8.638981;50.0;;;;;;Interpoliert;137.4;-0.72;asphalt;secondary;Rüdesheimer Straße;5;Kurs 13
Routenpunkt (Way);T;Rüdesheimer Straße;49.854759;8.638807;50.0;;;;;;Interpoliert;137.3;-0.28;asphalt;secondary;Rüdesheimer Straße;5;Kurs 13
Routenpunkt (Way);T;Rüdesheimer Straße;49.854824;8.638633;50.0;;;;;;Interpoliert;137.2;0.25;asphalt;secondary;Rüdesheimer Straße;5;Kurs 13
Routenpunkt (Way);T;Rüdesheimer Straße;49.854888;8.63846;50.0;;;;;;Interpoliert;137.4;0.59;asphalt;secondary;Rüdesheimer Straße;5;Kurs 13
Routenpunkt (Way);T;;49.854926;8.63833;50.0;;;;;;Interpoliert (15m);137.6;0.97;asphalt;secondary;Rüdesheimer Straße;5;Kurs 13
Routenpunkt (Way);T;Rüdesheimer Straße;49.854963;8.6382;50.0;;;;;;Interpoliert;137.7;1.35;asphalt;secondary;Rüdesheimer Straße;5;Kurs 13
Routenpunkt (Way);T;;49.855;8.638098;50.0;;;;;;Interpoliert (15m);137.8;0.87;asphalt;secondary;Rüdesheimer Straße;5;Kurs 13
Routenpunkt (Way);T;Südbahnhof;49.855037;8.637997;50.0;;;;;;Original OSM;137.9;0.28;asphalt;secondary;Rüdesheimer Straße;5;Kurs 13
Routenpunkt (Way);T;;49.85509;8.637882;50.0;;;;;;Interpoliert (15m);137.8;0.08;asphalt;secondary;Rüdesheimer Straße;5;Kurs 13
Routenpunkt (Way);T;Rüdesheimer Straße;49.855143;8.637768;50.0;;;;;;Interpoliert;137.7;-0.02;asphalt;secondary;Rüdesheimer Straße;5;Kurs 13
Haltestelle;W;Darmstadt Südbahnhof;49.855143;8.637768;50.0;18:57:00;18:57:00;Kein Umlauf;Sa,So;1318.0;Original GTFS (Snap-Distanz 19m) | Auf Route gesnappt (19m);137.8;-0.09;asphalt;secondary;Rüdesheimer Straße;5;Kurs 13
Routenpunkt (Way);A;Rüdesheimer Straße (Ampel);49.855206;8.637596;50.0;;;;;;Original OSM;137.9;-0.22;asphalt;secondary;Rüdesheimer Straße;5;Kurs 13
Routenpunkt (Way);T;;49.855276;8.637463;50.0;;;;;;Interpoliert (15m);138.0;-0.35;asphalt;tertiary_link;Haardtring;5;Kurs 13
Routenpunkt (Way);T;;49.855346;8.63733;50.0;;;;;;Interpoliert (15m);137.8;-0.83;asphalt;secondary;Danziger Platz;5;Kurs 13
Routenpunkt (Way);T;Danziger Platz;49.855417;8.637197;50.0;;;;;;Original OSM;137.6;-1.94;asphalt;secondary;Danziger Platz;5;Kurs 13
Routenpunkt (Way);T;;49.855509;8.6371;50.0;;;;;;Interpoliert (15m);137.3;-3.07;asphalt;secondary;Danziger Platz;5;Kurs 13
Routenpunkt (Way);T;;49.855601;8.637002;50.0;;;;;;Interpoliert (15m);136.7;-3.39;asphalt;secondary;Danziger Platz;5;Kurs 13
Routenpunkt (Way);T;;49.855693;8.636905;50.0;;;;;;Interpoliert (15m);136.1;-3.72;asphalt;secondary;Haardtring;5;Kurs 13
Routenpunkt (Way);T;Haardtring;49.855785;8.636808;50.0;;;;;;Original OSM;135.7;-3.89;asphalt;secondary;Haardtring;5;Kurs 13
Routenpunkt (Way);T;;49.855885;8.636735;50.0;;;;;;Interpoliert (15m);135.3;-3.5;asphalt;secondary;Haardtring;5;Kurs 13
Routenpunkt (Way);T;Haardtring;49.855984;8.636662;50.0;;;;;;Interpoliert;134.9;-2.95;asphalt;secondary;Haardtring;5;Kurs 13
Routenpunkt (Way);T;Haardtring;49.856097;8.636583;50.0;;;;;;Original OSM;134.5;-2.72;asphalt;secondary;Haardtring;5;Kurs 13
Routenpunkt (Way);T;Haardtring;49.856219;8.636511;50.0;;;;;;Interpoliert;134.2;-2.47;asphalt;secondary;Haardtring;5;Kurs 13
Routenpunkt (Way);T;Haardtring;49.856341;8.63644;50.0;;;;;;Interpoliert;133.9;-2.1;asphalt;secondary;Haardtring;5;Kurs 13
Routenpunkt (Way);T;Haardtring;49.856463;8.636368;50.0;;;;;;Interpoliert;133.6;-1.38;asphalt;secondary;Haardtring;5;Kurs 13
Routenpunkt (Way);T;Haardtring;49.856586;8.636297;50.0;;;;;;Interpoliert;133.4;-0.83;asphalt;secondary;Haardtring;5;Kurs 13
Routenpunkt (Way);T;Haardtring;49.856708;8.636225;50.0;;;;;;Interpoliert;133.5;-0.41;asphalt;secondary;Haardtring;5;Kurs 13
Routenpunkt (Way);T;Haardtring;49.85683;8.636154;50.0;;;;;;Interpoliert;133.6;-0.28;asphalt;secondary;Haardtring;5;Kurs 13
Routenpunkt (Way);T;Haardtring;49.856952;8.636082;50.0;;;;;;Interpoliert;133.6;-0.28;asphalt;secondary;Haardtring;5;Kurs 13
Routenpunkt (Way);T;Haardtring;49.857075;8.636011;50.0;;;;;;Interpoliert;133.4;-0.69;asphalt;secondary;Haardtring;5;Kurs 13
Routenpunkt (Way);T;Haardtring;49.857197;8.635939;50.0;;;;;;Interpoliert;133.2;-1.24;asphalt;secondary;Haardtring;5;Kurs 13
Routenpunkt (Way);T;Haardtring;49.857319;8.635868;50.0;;;;;;Interpoliert;133.0;-1.65;asphalt;secondary;Haardtring;5;Kurs 13
Routenpunkt (Way);T;Haardtring;49.857442;8.635796;50.0;;;;;;Interpoliert;132.7;-1.79;asphalt;secondary;Haardtring;5;Kurs 13
Routenpunkt (Way);T;Haardtring;49.857564;8.635725;50.0;;;;;;Interpoliert;132.4;-1.93;asphalt;secondary;Haardtring;5;Kurs 13
Routenpunkt (Way);T;Haardtring;49.857686;8.635654;50.0;;;;;;Interpoliert;132.1;-2.06;asphalt;secondary;Haardtring;5;Kurs 13
Routenpunkt (Way);T;Haardtring;49.857808;8.635582;50.0;;;;;;Interpoliert;131.8;-2.19;asphalt;secondary;Haardtring;5;Kurs 13
Routenpunkt (Way);T;Haardtring;49.857925;8.635482;50.0;;;;;;Interpoliert;131.5;-1.78;asphalt;secondary;Haardtring;5;Kurs 13
Routenpunkt (Way);T;Haardtring;49.858009;8.635403;50.0;;;;;;Interpoliert;131.2;-0.2;asphalt;secondary;Haardtring;5;Kurs 13
Haltestelle;W;Darmstadt Haardtring;49.858009;8.635403;50.0;;;Kein Umlauf;Sa,So;1318.0;Original GTFS (Snap-Distanz 4m) | Auf Route gesnappt (4m);131.0;0.43;asphalt;secondary;Haardtring;5;Kurs 13
Routenpunkt (Way);T;Haardtring;49.858015;8.635425;50.0;;;;;;Interpoliert;131.1;1.05;asphalt;secondary;Haardtring;5;Kurs 13
Routenpunkt (Way);T;;49.858093;8.635378;50.0;;;;;;Interpoliert (15m);131.2;1.77;asphalt;secondary;Haardtring;5;Kurs 13
Routenpunkt (Way);T;Haardtring;49.858171;8.635332;50.0;;;;;;Interpoliert;131.3;1.94;asphalt;secondary;Haardtring;5;Kurs 13
Routenpunkt (Way);T;;49.858272;8.635292;50.0;;;;;;Interpoliert (15m);131.4;0.62;asphalt;secondary;Haardtring;5;Kurs 13
Routenpunkt (Way);T;Haardtring;49.858374;8.635253;50.0;;;;;;Interpoliert;131.5;0.24;asphalt;secondary;Haardtring;5;Kurs 13
Routenpunkt (Way);T;Haardtring;49.858481;8.635191;50.0;;;;;;Interpoliert;131.4;-0.13;asphalt;secondary;Haardtring;5;Kurs 13
Routenpunkt (Way);T;Haardtring;49.858588;8.635129;50.0;;;;;;Interpoliert;131.3;-0.3;asphalt;secondary;Haardtring;5;Kurs 13
Routenpunkt (Way);T;Haardtring;49.858695;8.635066;50.0;;;;;;Original OSM;131.2;-0.47;asphalt;secondary;Haardtring;5;Kurs 13
Routenpunkt (Way);A;Haardtring (Ampel);49.858806;8.635002;50.0;;;;;;Original OSM;131.2;-0.48;asphalt;secondary;Haardtring;5;Kurs 13
Routenpunkt (Way);T;;49.858909;8.634943;50.0;;;;;;Interpoliert (15m);131.2;-0.48;asphalt;secondary;Haardtring;5;Kurs 13
Routenpunkt (Way);T;Haardtring;49.859012;8.634884;50.0;;;;;;Original OSM;131.1;-0.47;asphalt;secondary;Haardtring;5;Kurs 13
Routenpunkt (Way);T;;49.859121;8.634821;50.0;;;;;;Interpoliert (15m);131.0;-0.64;asphalt;secondary;Haardtring;5;Kurs 13
Routenpunkt (Way);T;Haardtring;49.85923;8.634759;50.0;;;;;;Interpoliert;130.9;-0.8;asphalt;secondary;Haardtring;5;Kurs 13
Routenpunkt (Way);T;Haardtring;49.859333;8.6347;50.0;;;;;;Interpoliert;130.8;-0.5;asphalt;secondary;Haardtring;5;Kurs 13
Routenpunkt (Way);T;Haardtring;49.859436;8.634641;50.0;;;;;;Original OSM;130.7;-0.21;asphalt;secondary;Haardtring;5;Kurs 13
Routenpunkt (Way);T;Haardtring;49.859559;8.63457;50.0;;;;;;Interpoliert;130.8;-0.19;asphalt;secondary;Haardtring;5;Kurs 13
Routenpunkt (Way);T;Haardtring;49.859682;8.634499;50.0;;;;;;Interpoliert;130.9;-0.32;asphalt;secondary;Haardtring;5;Kurs 13
Routenpunkt (Way);T;Haardtring;49.859805;8.634428;50.0;;;;;;Original OSM;130.8;-0.44;asphalt;secondary;Haardtring;5;Kurs 13
Routenpunkt (Way);T;Haardtring;49.859922;8.634363;50.0;;;;;;Interpoliert;130.6;-0.87;asphalt;secondary;Haardtring;5;Kurs 13
Routenpunkt (Way);T;Haardtring;49.860039;8.634297;50.0;;;;;;Interpoliert;130.4;-1.3;asphalt;secondary;Haardtring;5;Kurs 13
Routenpunkt (Way);T;Haardtring;49.860156;8.634232;50.0;;;;;;Interpoliert;130.2;-1.3;asphalt;secondary;Haardtring;5;Kurs 13
Routenpunkt (Way);T;Haardtring;49.860272;8.634167;50.0;;;;;;Interpoliert;130.0;-1.16;asphalt;secondary;Haardtring;5;Kurs 13
Routenpunkt (Way);T;Haardtring;49.860389;8.634101;50.0;;;;;;Interpoliert;129.9;-1.01;asphalt;secondary;Haardtring;5;Kurs 13
Routenpunkt (Way);T;Haardtring;49.860506;8.634036;50.0;;;;;;Interpoliert;129.8;-0.87;asphalt;secondary;Haardtring;5;Kurs 13
Routenpunkt (Way);T;Haardtring;49.860623;8.633971;50.0;;;;;;Interpoliert;129.7;-0.72;asphalt;secondary;Haardtring;5;Kurs 13
Routenpunkt (Way);T;Haardtring;49.86074;8.633905;50.0;;;;;;Interpoliert;129.6;-0.43;asphalt;secondary;Haardtring;5;Kurs 13
Routenpunkt (Way);T;Haardtring;49.860857;8.63384;50.0;;;;;;Interpoliert;129.5;-0.14;asphalt;secondary;Haardtring;5;Kurs 13
Routenpunkt (Way);T;Haardtring;49.860973;8.633774;50.0;;;;;;Interpoliert;129.6;0.29;asphalt;secondary;Haardtring;5;Kurs 13
Routenpunkt (Way);T;Haardtring;49.86109;8.633709;50.0;;;;;;Interpoliert;129.7;0.86;asphalt;secondary;Haardtring;5;Kurs 13
Routenpunkt (Way);T;Haardtring;49.861207;8.633644;50.0;;;;;;Original OSM;129.9;1.43;asphalt;secondary;Haardtring;5;Kurs 13
Routenpunkt (Way);T;Haardtring;49.861325;8.633575;50.0;;;;;;Interpoliert;130.2;1.57;asphalt;secondary;Haardtring;5;Kurs 13
Routenpunkt (Way);T;Haardtring;49.861444;8.633507;50.0;;;;;;Interpoliert;130.5;1.71;asphalt;secondary;Haardtring;5;Kurs 13
Routenpunkt (Way);T;Haardtring;49.861562;8.633438;50.0;;;;;;Interpoliert;130.7;1.7;asphalt;secondary;Haardtring;5;Kurs 13
Routenpunkt (Way);T;Haardtring;49.86168;8.63337;50.0;;;;;;Original OSM;130.9;1.55;asphalt;secondary;Haardtring;5;Kurs 13
Routenpunkt (Way);T;Haardtring;49.861801;8.6333;50.0;;;;;;Interpoliert;131.1;1.4;asphalt;secondary;Haardtring;5;Kurs 13
Routenpunkt (Way);T;Haardtring;49.861923;8.63323;50.0;;;;;;Interpoliert;131.3;1.4;asphalt;secondary;Haardtring;5;Kurs 13
Routenpunkt (Way);T;Haardtring;49.862044;8.63316;50.0;;;;;;Interpoliert;131.5;1.39;asphalt;secondary;Haardtring;5;Kurs 13
Routenpunkt (Way);T;Haardtring;49.862165;8.63309;50.0;;;;;;Interpoliert;131.7;1.25;asphalt;secondary;Haardtring;5;Kurs 13
Routenpunkt (Way);T;Haardtring;49.862287;8.63302;50.0;;;;;;Interpoliert;131.9;0.97;asphalt;secondary;Haardtring;5;Kurs 13
Routenpunkt (Way);T;Haardtring;49.862408;8.63295;50.0;;;;;;Interpoliert;132.0;0.69;asphalt;secondary;Haardtring;5;Kurs 13
Routenpunkt (Way);T;Haardtring;49.862529;8.63288;50.0;;;;;;Interpoliert;132.0;0.27;asphalt;secondary;Haardtring;5;Kurs 13
Routenpunkt (Way);T;Haardtring;49.862651;8.63281;50.0;;;;;;Original OSM;132.0;-0.16;asphalt;secondary;Haardtring;5;Kurs 13
Routenpunkt (Way);T;Haardtring;49.862765;8.632746;50.0;;;;;;Interpoliert;131.9;-0.5;asphalt;secondary;Haardtring;5;Kurs 13
Routenpunkt (Way);T;Haardtring;49.86288;8.632682;50.0;;;;;;Interpoliert;131.8;-0.9;asphalt;secondary;Haardtring;5;Kurs 13
Routenpunkt (Way);T;;49.862958;8.632614;50.0;;;;;;Interpoliert (15m);131.7;-1.22;asphalt;secondary;Haardtring;5;Kurs 13
Routenpunkt (Way);T;Haardtring;49.863036;8.632545;50.0;;;;;;Interpoliert;131.5;-3.41;asphalt;secondary;Haardtring;5;Kurs 13
Haltestelle;W;Darmstadt Philipp-Röth-Weg NSüdbf;49.863142;8.632485;50.0;18:59:00;18:59:00;Kein Umlauf;Sa,So;1318.0;Original GTFS (Snap-Distanz 4m) | Auf Route gesnappt (9m);131.3;-3.66;asphalt;secondary;Haardtring;5;Kurs 13
Routenpunkt (Way);T;Haardtring;49.863158;8.632481;50.0;;;;;;Interpoliert;131.1;-3.74;asphalt;secondary;Haardtring;5;Kurs 13
Routenpunkt (Way);T;Philipp-Röth-Weg (Bussteig Richtung Süd);49.86324;8.632423;50.0;;;;;;Original OSM;130.9;-3.72;asphalt;secondary;Haardtring;5;Kurs 13
Routenpunkt (Way);T;Haardtring;49.86337;8.632412;50.0;;;;;;Interpoliert;130.7;-3.4;asphalt;secondary;Haardtring;5;Kurs 13
Routenpunkt (Way);A;Haardtring (Ampel);49.863458;8.632366;50.0;;;;;;Interpoliert;130.5;-0.91;asphalt;secondary;Haardtring;5;Kurs 13
Routenpunkt (Way);T;;49.863507;8.632196;50.0;;;;;;Interpoliert (15m);130.5;-0.36;asphalt;secondary;Haardtring;5;Kurs 13
Routenpunkt (Way);T;;49.863556;8.632025;50.0;;;;;;Interpoliert (15m);130.6;0.08;asphalt;primary;Hilpertstraße;5;Kurs 13
Routenpunkt (Way);T;Haardtring;49.863605;8.631855;50.0;;;;;;Original OSM;130.7;0.79;asphalt;primary;Hilpertstraße;5;Kurs 13
Routenpunkt (Way);T;;49.863546;8.631712;50.0;;;;;;Interpoliert (15m);130.8;1.12;asphalt;primary;Hilpertstraße;5;Kurs 13
Routenpunkt (Way);T;;49.863487;8.631569;50.0;;;;;;Interpoliert (15m);131.0;1.14;asphalt;primary;Hilpertstraße;5;Kurs 13
Routenpunkt (Way);T;;49.863428;8.631427;50.0;;;;;;Interpoliert (15m);131.2;1.15;asphalt;primary;Hilpertstraße;5;Kurs 13
Routenpunkt (Way);T;;49.863369;8.631284;50.0;;;;;;Interpoliert (15m);131.3;1.17;asphalt;primary;Hilpertstraße;5;Kurs 13
Routenpunkt (Way);T;Hilpertstraße;49.86331;8.631141;50.0;;;;;;Original OSM;131.4;1.02;asphalt;primary;Hilpertstraße;5;Kurs 13
Routenpunkt (Way);T;;49.863246;8.631019;50.0;;;;;;Interpoliert (15m);131.5;0.51;asphalt;primary;Hilpertstraße;5;Kurs 13
Routenpunkt (Way);T;;49.863183;8.630898;50.0;;;;;;Interpoliert (15m);131.6;-0.14;asphalt;primary;Hilpertstraße;5;Kurs 13
Routenpunkt (Way);T;Hilpertstraße;49.86312;8.630776;50.0;;;;;;Original OSM;131.5;-0.79;asphalt;primary;Hilpertstraße;5;Kurs 13
Routenpunkt (Way);T;;49.863075;8.630619;50.0;;;;;;Interpoliert (15m);131.2;-1.45;paving_stones;primary;Hilpertstraße;5;Kurs 13
Routenpunkt (Way);T;;49.863029;8.630461;50.0;;;;;;Interpoliert (15m);130.9;-2.12;paving_stones;primary;Hilpertstraße;5;Kurs 13
Routenpunkt (Way);T;;49.862984;8.630303;50.0;;;;;;Interpoliert (15m);130.6;-2.42;paving_stones;primary;Hilpertstraße;5;Kurs 13
Routenpunkt (Way);T;;49.862938;8.630146;50.0;;;;;;Interpoliert (15m);130.3;-2.08;paving_stones;primary;Hilpertstraße;5;Kurs 13
Routenpunkt (Way);T;Hilpertstraße;49.862893;8.629988;50.0;;;;;;Original OSM;130.0;-1.74;paving_stones;primary;Hilpertstraße;5;Kurs 13
Routenpunkt (Way);T;;49.862849;8.629807;50.0;;;;;;Interpoliert (15m);129.9;-1.4;paving_stones;primary;Hilpertstraße;5;Kurs 13
Routenpunkt (Way);T;;49.862806;8.629626;50.0;;;;;;Interpoliert (15m);129.8;-1.08;paving_stones;primary;Hilpertstraße;5;Kurs 13
Routenpunkt (Way);T;Hilpertstraße;49.862763;8.629445;50.0;;;;;;Interpoliert;129.7;-0.79;paving_stones;primary;Hilpertstraße;5;Kurs 13
Routenpunkt (Way);T;Hilpertstraße;49.862727;8.629282;50.0;;;;;;Original OSM;129.6;-0.45;paving_stones;primary;Hilpertstraße;5;Kurs 13
Routenpunkt (Way);T;Hilpertstraße;49.8627;8.629144;50.0;;;;;;Interpoliert;129.5;-0.11;paving_stones;primary;Hilpertstraße;5;Kurs 13
Routenpunkt (Way);T;Hilpertstraße;49.862673;8.629006;50.0;;;;;;Interpoliert;129.6;0.03;paving_stones;primary;Hilpertstraße;5;Kurs 13
Routenpunkt (Way);T;Hilpertstraße;49.862646;8.628868;50.0;;;;;;Original OSM;129.7;0.19;paving_stones;primary;Hilpertstraße;5;Kurs 13
Routenpunkt (Way);T;;49.862621;8.628729;50.0;;;;;;Interpoliert (15m);129.7;-0.05;paving_stones;primary;Hilpertstraße;5;Kurs 13
Routenpunkt (Way);T;Hilpertstraße;49.862596;8.628591;50.0;;;;;;Original OSM;129.7;-0.91;paving_stones;primary;Hilpertstraße;5;Kurs 13
Routenpunkt (Way);T;;49.862573;8.628469;50.0;;;;;;Interpoliert (15m);129.5;-1.69;paving_stones;primary;Hilpertstraße;5;Kurs 13
Routenpunkt (Way);T;Hilpertstraße;49.862551;8.628347;50.0;;;;;;Interpoliert;129.2;-2.27;paving_stones;primary;Hilpertstraße;5;Kurs 13
Routenpunkt (Way);T;Hilpertstraße;49.862526;8.628209;50.0;;;;;;Interpoliert;128.9;-2.73;paving_stones;primary;Hilpertstraße;5;Kurs 13
Routenpunkt (Way);T;Hilpertstraße;49.862501;8.628072;50.0;;;;;;Original OSM;128.6;-2.75;paving_stones;primary;Hilpertstraße;5;Kurs 13
Routenpunkt (Way);T;Hilpertstraße;49.862471;8.627895;50.0;;;;;;Interpoliert;128.3;-2.41;paving_stones;primary;Hilpertstraße;5;Kurs 13
Routenpunkt (Way);T;Hilpertstraße;49.862441;8.627718;50.0;;;;;;Original OSM;128.0;-2.17;asphalt;primary;Hilpertstraße;5;Kurs 13
Routenpunkt (Way);T;Hilpertstraße;49.862413;8.627549;50.0;;;;;;Interpoliert;127.8;-1.76;asphalt;primary;Hilpertstraße;5;Kurs 13
Routenpunkt (Way);T;;49.862399;8.627391;50.0;;;;;;Interpoliert (15m);127.6;-1.49;asphalt;primary;Hilpertstraße;5;Kurs 13
Routenpunkt (Way);A;Hilpertstraße (Ampel);49.862385;8.627233;50.0;;;;;;Original OSM;127.5;-0.85;asphalt;primary;Hilpertstraße;5;Kurs 13
Routenpunkt (Way);T;;49.86247;8.62716;50.0;;;;;;Interpoliert (15m);127.4;-0.35;asphalt;primary;Deutsche-Telekom-Allee;5;Kurs 13
Routenpunkt (Way);T;Deutsche-Telekom-Allee;49.862554;8.627088;50.0;;;;;;Interpoliert;127.5;0.17;asphalt;primary;Deutsche-Telekom-Allee;5;Kurs 13
Routenpunkt (Way);T;Deutsche-Telekom-Allee;49.862657;8.627054;50.0;;;;;;Interpoliert;127.6;0.5;asphalt;primary;Deutsche-Telekom-Allee;5;Kurs 13
Routenpunkt (Way);T;Deutsche-Telekom-Allee;49.862759;8.62702;50.0;;;;;;Original OSM;127.7;0.84;asphalt;primary;Deutsche-Telekom-Allee;5;Kurs 13
Routenpunkt (Way);T;;49.862872;8.626982;50.0;;;;;;Interpoliert (15m);127.8;0.89;asphalt;primary;Deutsche-Telekom-Allee;5;Kurs 13
Routenpunkt (Way);T;Deutsche-Telekom-Allee;49.862986;8.626944;50.0;;;;;;Interpoliert;127.9;0.72;asphalt;primary;Deutsche-Telekom-Allee;5;Kurs 13
Routenpunkt (Way);T;;49.863059;8.62692;50.0;;;;;;Interpoliert (15m);128.0;0.55;asphalt;primary;Deutsche-Telekom-Allee;5;Kurs 13
Routenpunkt (Way);T;Deutsche-Telekom-Allee;49.863132;8.626896;50.0;;;;;;Interpoliert;128.0;-0.05;asphalt;primary;Deutsche-Telekom-Allee;5;Kurs 13
Routenpunkt (Way);T;Deutsche-Telekom-Allee;49.863251;8.626856;50.0;;;;;;Interpoliert;128.0;-0.64;asphalt;primary;Deutsche-Telekom-Allee;5;Kurs 13
Routenpunkt (Way);T;Deutsche-Telekom-Allee;49.863371;8.626817;50.0;;;;;;Interpoliert;127.7;-1.33;asphalt;primary;Deutsche-Telekom-Allee;5;Kurs 13
Routenpunkt (Way);T;Deutsche-Telekom-Allee;49.86349;8.626777;50.0;;;;;;Interpoliert;127.4;-1.77;asphalt;primary;Deutsche-Telekom-Allee;5;Kurs 13
Routenpunkt (Way);T;Deutsche-Telekom-Allee;49.863609;8.626737;50.0;;;;;;Interpoliert;127.1;-2.21;asphalt;primary;Deutsche-Telekom-Allee;5;Kurs 13
Routenpunkt (Way);T;Deutsche-Telekom-Allee;49.863728;8.626698;50.0;;;;;;Interpoliert;126.8;-2.03;asphalt;primary;Deutsche-Telekom-Allee;5;Kurs 13
Routenpunkt (Way);T;Deutsche-Telekom-Allee;49.863848;8.626658;50.0;;;;;;Interpoliert;126.5;-1.85;asphalt;primary;Deutsche-Telekom-Allee;5;Kurs 13
Routenpunkt (Way);T;;49.863915;8.626636;50.0;;;;;;Interpoliert (15m);126.4;-1.66;asphalt;primary;Deutsche-Telekom-Allee;5;Kurs 13
Routenpunkt (Way);T;Deutsche-Telekom-Allee;49.863982;8.626614;50.0;;;;;;Original OSM;126.3;-1.48;asphalt;primary;Deutsche-Telekom-Allee;5;Kurs 13
Routenpunkt (Way);T;;49.864051;8.626591;50.0;;;;;;Interpoliert (15m);126.2;-1.2;asphalt;primary;Deutsche-Telekom-Allee;5;Kurs 13
Routenpunkt (Way);T;Deutsche-Telekom-Allee;49.86412;8.626568;50.0;;;;;;Original OSM;126.1;-0.41;asphalt;primary;Deutsche-Telekom-Allee;5;Kurs 13
Routenpunkt (Way);T;Deutsche-Telekom-Allee;49.864227;8.626532;50.0;;;;;;Interpoliert;126.0;0.38;asphalt;primary;Deutsche-Telekom-Allee;5;Kurs 13
Routenpunkt (Way);T;;49.864293;8.62651;50.0;;;;;;Interpoliert (15m);126.2;0.92;asphalt;primary;Deutsche-Telekom-Allee;5;Kurs 13
Routenpunkt (Way);T;Deutsche-Telekom-Allee;49.86436;8.626488;50.0;;;;;;Original OSM;126.4;1.54;asphalt;primary;Deutsche-Telekom-Allee;5;Kurs 13
Routenpunkt (Way);T;Deutsche-Telekom-Allee;49.864485;8.626447;50.0;;;;;;Interpoliert;126.6;2.08;asphalt;primary;Deutsche-Telekom-Allee;5;Kurs 13
Routenpunkt (Way);T;Deutsche-Telekom-Allee;49.86458;8.626415;50.0;;;;;;Interpoliert;126.8;1.55;asphalt;primary;Deutsche-Telekom-Allee;5;Kurs 13
Routenpunkt (Way);T;Deutsche-Telekom-Allee;49.864675;8.626383;50.0;;;;;;Original OSM;127.0;1.02;asphalt;primary;Deutsche-Telekom-Allee;5;Kurs 13
Routenpunkt (Way);T;Deutsche-Telekom-Allee;49.864806;8.62634;50.0;;;;;;Interpoliert;127.0;0.74;asphalt;primary;Deutsche-Telekom-Allee;5;Kurs 13
Routenpunkt (Way);T;Deutsche-Telekom-Allee;49.864937;8.626296;50.0;;;;;;Interpoliert;127.0;0.37;asphalt;primary;Deutsche-Telekom-Allee;5;Kurs 13
Routenpunkt (Way);T;Deutsche-Telekom-Allee;49.865068;8.626253;50.0;;;;;;Original OSM;127.0;0.0;asphalt;primary;Deutsche-Telekom-Allee;5;Kurs 13
Routenpunkt (Way);T;Deutsche-Telekom-Allee;49.86519;8.626211;50.0;;;;;;Interpoliert;127.0;0.0;asphalt;primary;Deutsche-Telekom-Allee;5;Kurs 13
Routenpunkt (Way);T;Deutsche-Telekom-Allee;49.865312;8.626169;50.0;;;;;;Interpoliert;127.0;0.29;asphalt;primary;Deutsche-Telekom-Allee;5;Kurs 13
Routenpunkt (Way);T;Deutsche-Telekom-Allee;49.865434;8.626128;50.0;;;;;;Interpoliert;127.0;0.68;asphalt;primary;Deutsche-Telekom-Allee;5;Kurs 13
Routenpunkt (Way);T;Deutsche-Telekom-Allee;49.865556;8.626086;50.0;;;;;;Interpoliert;127.2;1.08;asphalt;primary;Deutsche-Telekom-Allee;5;Kurs 13
Routenpunkt (Way);T;;49.865647;8.626069;50.0;;;;;;Interpoliert (15m);127.4;1.47;asphalt;primary;Deutsche-Telekom-Allee;5;Kurs 13
Routenpunkt (Way);T;;49.865737;8.626053;50.0;;;;;;Interpoliert (15m);127.6;1.82;asphalt;primary;Deutsche-Telekom-Allee;5;Kurs 13
Routenpunkt (Way);T;Deutsche-Telekom-Allee;49.865828;8.626036;50.0;;;;;;Original OSM;127.8;1.89;asphalt;primary;Deutsche-Telekom-Allee;5;Kurs 13
Routenpunkt (Way);T;;49.865929;8.626016;50.0;;;;;;Interpoliert (15m);128.0;1.84;asphalt;primary;Deutsche-Telekom-Allee;5;Kurs 13
Routenpunkt (Way);T;;49.86603;8.625995;50.0;;;;;;Interpoliert (15m);128.2;2.26;asphalt;primary;Deutsche-Telekom-Allee;5;Kurs 13
Routenpunkt (Way);T;Deutsche-Telekom-Allee;49.866132;8.625975;50.0;;;;;;Interpoliert;128.4;2.82;asphalt;primary;Deutsche-Telekom-Allee;5;Kurs 13
Routenpunkt (Way);T;Deutsche-Telekom-Allee;49.866262;8.625932;50.0;;;;;;Original OSM;129.0;3.42;asphalt;primary;Deutsche-Telekom-Allee;5;Kurs 13
Routenpunkt (Way);T;Deutsche-Telekom-Allee;49.866373;8.625894;50.0;;;;;;Interpoliert;129.6;3.54;asphalt;primary;Deutsche-Telekom-Allee;5;Kurs 13
Routenpunkt (Way);T;Deutsche-Telekom-Allee;49.866484;8.625857;50.0;;;;;;Interpoliert;130.2;3.66;asphalt;primary;Deutsche-Telekom-Allee;5;Kurs 13
Routenpunkt (Way);T;Deutsche-Telekom-Allee;49.866595;8.625819;50.0;;;;;;Interpoliert;130.5;3.52;asphalt;primary;Deutsche-Telekom-Allee;5;Kurs 13
Routenpunkt (Way);T;Deutsche-Telekom-Allee;49.866706;8.625782;50.0;;;;;;Interpoliert;130.8;3.23;asphalt;primary;Deutsche-Telekom-Allee;5;Kurs 13
Routenpunkt (Way);T;;49.866787;8.625786;50.0;;;;;;Interpoliert (15m);131.1;2.79;asphalt;primary;Deutsche-Telekom-Allee;5;Kurs 13
Routenpunkt (Way);T;Deutsche-Telekom-Allee;49.866868;8.625791;50.0;;;;;;Original OSM;131.4;2.83;asphalt;unclassified;Mina-Rees-Straße;5;Kurs 13
Routenpunkt (Way);A;Ampel;49.866897;8.625948;50.0;;;;;;Interpoliert (15m);131.7;3.0;asphalt;unclassified;Mina-Rees-Straße;5;Kurs 13
Routenpunkt (Way);T;Mina-Rees-Straße;49.866925;8.626106;30.0;;;;;;Interpoliert;132.0;2.12;asphalt;unclassified;Mina-Rees-Straße;5;Kurs 13
Routenpunkt (Way);T;;49.866954;8.626226;30.0;;;;;;Interpoliert (15m);132.3;1.29;asphalt;unclassified;Mina-Rees-Straße;5;Kurs 13
Routenpunkt (Way);T;Mina-Rees-Straße;49.866984;8.626346;30.0;;;;;;Original OSM;132.2;0.61;asphalt;unclassified;Mina-Rees-Straße;5;Kurs 13
Routenpunkt (Way);T;;49.866994;8.626509;30.0;;;;;;Interpoliert (15m);132.1;-0.18;asphalt;unclassified;Mina-Rees-Straße;5;Kurs 13
Routenpunkt (Way);T;Mina-Rees-Straße;49.867004;8.626672;30.0;;;;;;Original OSM;132.0;-1.23;asphalt;unclassified;Mina-Rees-Straße;5;Kurs 13
Routenpunkt (Way);T;Mina-Rees-Straße;49.867031;8.626872;30.0;;;;;;Interpoliert;131.8;-1.41;asphalt;unclassified;Mina-Rees-Straße;5;Kurs 13
Routenpunkt (Way);T;Mina-Rees-Straße;49.867051;8.62701;30.0;;;;;;Interpoliert;131.6;-1.54;asphalt;unclassified;Mina-Rees-Straße;5;Kurs 13
Routenpunkt (Way);T;Mina-Rees-Straße;49.86707;8.627147;30.0;;;;;;Original OSM;131.4;-1.66;asphalt;unclassified;Mina-Rees-Straße;5;Kurs 13
Routenpunkt (Way);T;Mina-Rees-Straße;49.867095;8.62733;30.0;;;;;;Interpoliert;131.2;-1.69;asphalt;unclassified;Mina-Rees-Straße;5;Kurs 13
Routenpunkt (Way);T;Mina-Rees-Straße;49.86712;8.627513;30.0;;;;;;Interpoliert;131.0;-1.59;asphalt;unclassified;Mina-Rees-Straße;5;Kurs 13
Routenpunkt (Way);T;;49.867145;8.627695;30.0;;;;;;Interpoliert (15m);130.8;-1.52;asphalt;unclassified;Mina-Rees-Straße;5;Kurs 13
Routenpunkt (Way);T;Mina-Rees-Straße;49.86717;8.627877;30.0;;;;;;Original OSM;130.6;-1.54;asphalt;unclassified;Mina-Rees-Straße;5;Kurs 13
Routenpunkt (Way);T;;49.867194;8.628047;30.0;;;;;;Interpoliert (15m);130.4;-1.52;asphalt;unclassified;Mina-Rees-Straße;5;Kurs 13
Routenpunkt (Way);T;Mina-Rees-Straße;49.867217;8.628217;30.0;;;;;;Interpoliert;130.2;-1.22;asphalt;unclassified;Mina-Rees-Straße;5;Kurs 13
Routenpunkt (Way);T;;49.867243;8.628411;30.0;;;;;;Interpoliert (15m);130.0;-0.92;asphalt;unclassified;Mina-Rees-Straße;5;Kurs 13
Routenpunkt (Way);T;;49.86727;8.628605;30.0;;;;;;Interpoliert (15m);130.0;-0.6;asphalt;unclassified;Mina-Rees-Straße;5;Kurs 13
Routenpunkt (Way);T;Mina-Rees-Straße;49.867296;8.628799;30.0;;;;;;Original OSM;130.0;-0.28;asphalt;unclassified;Mina-Rees-Straße;5;Kurs 13
Routenpunkt (Way);T;;49.867315;8.628941;30.0;;;;;;Interpoliert (15m);130.0;0.0;asphalt;unclassified;Mina-Rees-Straße;5;Kurs 13
Routenpunkt (Way);T;;49.867335;8.629083;30.0;;;;;;Interpoliert (15m);130.0;0.0;asphalt;unclassified;Mina-Rees-Straße;5;Kurs 13
Routenpunkt (Way);T;Mina-Rees-Straße;49.867354;8.629225;30.0;;;;;;Interpoliert;130.0;0.0;asphalt;unclassified;Mina-Rees-Straße;5;Kurs 13
Routenpunkt (Way);A;Ampel;49.867369;8.62934;30.0;;;;;;Interpoliert (15m);130.0;0.0;asphalt;unclassified;Mina-Rees-Straße;5;Kurs 13
Routenpunkt (Way);T;Mina-Rees-Straße;49.867385;8.629454;30.0;;;;;;Original OSM;130.0;0.0;asphalt;unclassified;Mina-Rees-Straße;5;Kurs 13
Routenpunkt (Way);T;;49.8674;8.629564;30.0;;;;;;Interpoliert (15m);130.0;0.0;asphalt;unclassified;Mina-Rees-Straße;5;Kurs 13
Routenpunkt (Way);T;Mina-Rees-Straße;49.867414;8.629673;30.0;;;;;;Original OSM;130.0;0.14;asphalt;primary;Am Kavalleriesand;5;Kurs 13
Routenpunkt (Way);T;Am Kavalleriesand;49.867306;8.62971;50.0;;;;;;Original OSM;130.0;0.29;asphalt;primary;Am Kavalleriesand;5;Kurs 13
Routenpunkt (Way);T;Am Kavalleriesand;49.867185;8.629755;50.0;;;;;;Interpoliert;130.1;0.45;asphalt;primary;Am Kavalleriesand;5;Kurs 13
Routenpunkt (Way);T;Am Kavalleriesand;49.867064;8.629801;50.0;;;;;;Original OSM;130.2;0.61;asphalt;primary;Am Kavalleriesand;5;Kurs 13
Routenpunkt (Way);T;Am Kavalleriesand;49.866956;8.629843;50.0;;;;;;Interpoliert;130.3;0.76;asphalt;primary;Am Kavalleriesand;5;Kurs 13
Routenpunkt (Way);T;;49.866856;8.629928;50.0;;;;;;Interpoliert (15m);130.4;0.78;asphalt;primary;Am Kavalleriesand;5;Kurs 13
Routenpunkt (Way);T;;49.866755;8.630013;50.0;;;;;;Interpoliert (15m);130.5;0.45;asphalt;primary;Stirnweg;5;Kurs 13
Routenpunkt (Way);T;Am Kavalleriesand;49.866654;8.630098;50.0;;;;;;Original OSM;130.6;0.11;asphalt;primary;Stirnweg;5;Kurs 13
Routenpunkt (Way);T;;49.866625;8.630244;50.0;;;;;;Interpoliert (15m);130.5;-0.23;asphalt;primary;Stirnweg;5;Kurs 13
Routenpunkt (Way);T;;49.866595;8.63039;50.0;;;;;;Interpoliert (15m);130.4;-0.58;asphalt;primary;Stirnweg;5;Kurs 13
Routenpunkt (Way);T;Stirnweg;49.866565;8.630535;50.0;;;;;;Interpoliert;130.3;-0.74;asphalt;primary;Stirnweg;5;Kurs 13
Routenpunkt (Way);T;Stirnweg;49.866579;8.630678;50.0;;;;;;Original OSM;130.2;-0.56;asphalt;primary;Stirnweg;5;Kurs 13
Routenpunkt (Way);T;Stirnweg;49.8666;8.630847;50.0;;;;;;Interpoliert;130.2;-0.06;asphalt;primary;Stirnweg;5;Kurs 13
Routenpunkt (Way);T;;49.866613;8.631021;50.0;;;;;;Interpoliert (15m);130.2;0.54;asphalt;primary;Stirnweg;5;Kurs 13
Routenpunkt (Way);T;Stirnweg;49.866626;8.631194;50.0;;;;;;Original OSM;130.4;1.08;asphalt;primary;Stirnweg;5;Kurs 13
Haltestelle;W;Darmstadt Pfalzweg NHaardtring;49.866612;8.631327;50.0;;;Kein Umlauf;Sa,So;1318.0;Original GTFS (Snap-Distanz 77m) | Auf Route gesnappt (77m);130.6;1.43;asphalt;primary;Haardtring;5;Kurs 13
Routenpunkt (Way);T;;49.86668;8.631447;50.0;;;;;;Interpoliert (15m);130.8;2.15;asphalt;primary;Haardtring;5;Kurs 13
Routenpunkt (Way);T;Haardtring;49.866749;8.631567;50.0;;;;;;Original OSM;131.0;2.55;asphalt;primary;Haardtring;5;Kurs 13
Routenpunkt (Way);T;;49.866817;8.631681;50.0;;;;;;Interpoliert (15m);131.4;2.85;asphalt;primary;Haardtring;5;Kurs 13
Routenpunkt (Way);T;;49.866885;8.631795;50.0;;;;;;Interpoliert (15m);131.8;3.34;asphalt;primary;Haardtring;5;Kurs 13
Routenpunkt (Way);T;Haardtring;49.866953;8.631909;50.0;;;;;;Interpoliert;132.2;3.55;asphalt;primary;Haardtring;5;Kurs 13
Routenpunkt (Way);T;Haardtring;49.867035;8.632064;50.0;;;;;;Interpoliert;132.8;3.53;asphalt;primary;Haardtring;5;Kurs 13
Routenpunkt (Way);T;Haardtring;49.867117;8.632219;50.0;;;;;;Original OSM;133.2;2.64;asphalt;primary;Haardtring;5;Kurs 13
Routenpunkt (Way);T;Haardtring;49.867182;8.632342;50.0;;;;;;Interpoliert;133.6;1.78;asphalt;primary;Haardtring;5;Kurs 13
Routenpunkt (Way);T;Haardtring;49.867246;8.632465;50.0;;;;;;Original OSM;133.5;0.8;asphalt;primary;Haardtring;5;Kurs 13
Routenpunkt (Way);T;Haardtring;49.867325;8.632618;50.0;;;;;;Interpoliert;133.4;0.67;asphalt;primary;Haardtring;5;Kurs 13
Routenpunkt (Way);T;Haardtring;49.867405;8.632772;50.0;;;;;;Interpoliert;133.3;0.64;asphalt;primary;Haardtring;5;Kurs 13
Routenpunkt (Way);T;Haardtring;49.867484;8.632925;50.0;;;;;;Original OSM;133.6;1.49;asphalt;primary;Haardtring;5;Kurs 13
Routenpunkt (Way);T;;49.867533;8.633022;50.0;;;;;;Interpoliert (15m);133.9;2.05;asphalt;primary;Haardtring;5;Kurs 13
Routenpunkt (Way);T;Haardtring;49.867583;8.633119;50.0;;;;;;Original OSM;134.2;2.38;asphalt;primary;Haardtring;5;Kurs 13
Routenpunkt (Way);T;Haardtring;49.867666;8.63327;50.0;;;;;;Interpoliert;134.5;2.1;asphalt;primary;Haardtring;5;Kurs 13
Routenpunkt (Way);T;Haardtring;49.867731;8.633383;50.0;;;;;;Original OSM;134.6;1.14;asphalt;primary;Haardtring;5;Kurs 13
Routenpunkt (Way);T;;49.867834;8.633497;50.0;;;;;;Interpoliert (15m);134.7;0.61;asphalt;primary;Haardtring;5;Kurs 13
Routenpunkt (Way);A;Ampel;49.867937;8.63361;50.0;;;;;;Interpoliert (15m);134.5;0.34;asphalt;primary;Haardtring;5;Kurs 13
Routenpunkt (Way);T;Haardtring;49.86804;8.633724;50.0;;;;;;Original OSM;134.6;0.32;asphalt;primary;Haardtring;5;Kurs 13
Routenpunkt (Way);T;;49.868154;8.633735;50.0;;;;;;Interpoliert (15m);134.7;-0.3;asphalt;primary;Haardtring;5;Kurs 13
Routenpunkt (Way);T;;49.868267;8.633746;50.0;;;;;;Interpoliert (15m);134.8;-0.61;asphalt;primary;Berliner Allee;5;Kurs 13
Routenpunkt (Way);T;Berliner Allee;49.86838;8.633757;50.0;;;;;;Interpoliert;134.5;-1.35;asphalt;primary;Berliner Allee;5;Kurs 13
Routenpunkt (Way);T;Berliner Allee;49.868467;8.633721;50.0;;;;;;Interpoliert;134.2;-1.99;asphalt;primary;Berliner Allee;5;Kurs 13
Routenpunkt (Way);T;Berliner Allee;49.868555;8.633685;50.0;;;;;;Original OSM;133.9;-2.48;asphalt;primary;Berliner Allee;5;Kurs 13
Routenpunkt (Way);T;Berliner Allee;49.868663;8.633644;50.0;;;;;;Interpoliert;133.6;-2.32;asphalt;primary;Berliner Allee;5;Kurs 13
Routenpunkt (Way);T;Berliner Allee;49.868772;8.633602;50.0;;;;;;Interpoliert;133.4;-1.56;asphalt;primary;Berliner Allee;5;Kurs 13
Routenpunkt (Way);T;Berliner Allee;49.86888;8.633561;50.0;;;;;;Interpoliert;133.2;-0.83;asphalt;primary;Berliner Allee;5;Kurs 13
Routenpunkt (Way);T;Berliner Allee;49.868988;8.63352;50.0;;;;;;Original OSM;133.3;-0.2;asphalt;primary;Berliner Allee;5;Kurs 13
Routenpunkt (Way);T;Berliner Allee;49.869113;8.633472;50.0;;;;;;Interpoliert;133.4;0.26;asphalt;primary;Berliner Allee;5;Kurs 13
Routenpunkt (Way);T;Berliner Allee;49.869238;8.633424;50.0;;;;;;Interpoliert;133.5;0.75;asphalt;primary;Berliner Allee;5;Kurs 13
Routenpunkt (Way);T;Berliner Allee;49.869363;8.633376;50.0;;;;;;Interpoliert;133.6;0.77;asphalt;primary;Berliner Allee;5;Kurs 13
Routenpunkt (Way);T;;49.869464;8.633338;50.0;;;;;;Interpoliert (15m);133.7;1.0;asphalt;primary;Berliner Allee;5;Kurs 13
Routenpunkt (Way);T;Berliner Allee;49.869564;8.633299;50.0;;;;;;Original OSM;133.8;1.24;asphalt;primary;Berliner Allee;5;Kurs 13
Routenpunkt (Way);T;;49.869657;8.633263;50.0;;;;;;Interpoliert (15m);134.0;1.29;asphalt;primary;Berliner Allee;5;Kurs 13
Routenpunkt (Way);T;;49.86975;8.633227;50.0;;;;;;Interpoliert (15m);134.2;1.26;asphalt;primary;Berliner Allee;5;Kurs 13
Routenpunkt (Way);T;Berliner Allee;49.869843;8.633191;50.0;;;;;;Original OSM;134.3;1.27;asphalt;primary;Berliner Allee;5;Kurs 13
Routenpunkt (Way);T;Berliner Allee;49.869961;8.633145;50.0;;;;;;Interpoliert;134.4;1.08;asphalt;primary;Berliner Allee;5;Kurs 13
Routenpunkt (Way);T;Berliner Allee;49.870057;8.633108;50.0;;;;;;Interpoliert;134.5;0.89;asphalt;primary;Berliner Allee;5;Kurs 13
Routenpunkt (Way);A;Ampel;49.870153;8.633087;50.0;;;;;;Interpoliert (15m);134.6;0.89;asphalt;primary;Berliner Allee;5;Kurs 13
Routenpunkt (Way);T;;49.870249;8.633066;50.0;;;;;;Interpoliert (15m);134.7;0.45;asphalt;primary;Berliner Allee;5;Kurs 13
Routenpunkt (Way);T;Berliner Allee;49.870344;8.633045;50.0;;;;;;Original OSM;134.8;-0.03;asphalt;primary;Berliner Allee;5;Kurs 13
Routenpunkt (Way);T;;49.870452;8.632953;50.0;;;;;;Interpoliert (15m);134.6;-0.65;asphalt;busway;Am Hauptbahnhof;5;Kurs 13
Routenpunkt (Way);T;Am Hauptbahnhof;49.870561;8.632861;50.0;;;;;;Interpoliert;134.4;-1.27;paving_stones;pedestrian;Am Hauptbahnhof;5;Kurs 13
Routenpunkt (Way);T;Am Hauptbahnhof;49.870668;8.632766;50.0;;;;;;Original OSM;134.1;-1.93;paving_stones;pedestrian;Am Hauptbahnhof;5;Kurs 13
Routenpunkt (Way);T;Am Hauptbahnhof;49.870777;8.632674;50.0;;;;;;Interpoliert;133.8;-2.12;paving_stones;pedestrian;Am Hauptbahnhof;5;Kurs 13
Routenpunkt (Way);T;Am Hauptbahnhof;49.870876;8.63259;50.0;;;;;;Interpoliert;133.5;-2.31;paving_stones;pedestrian;Am Hauptbahnhof;5;Kurs 13
Routenpunkt (Way);T;Am Hauptbahnhof;49.870975;8.632506;50.0;;;;;;Interpoliert;133.2;-2.3;paving_stones;pedestrian;Am Hauptbahnhof;5;Kurs 13
Routenpunkt (Way);T;Am Hauptbahnhof;49.871073;8.632422;50.0;;;;;;Interpoliert;132.9;-2.29;paving_stones;pedestrian;Am Hauptbahnhof;5;Kurs 13
Routenpunkt (Way);T;;49.871184;8.632328;50.0;;;;;;Interpoliert (15m);132.6;-1.81;paving_stones;pedestrian;Am Hauptbahnhof;5;Kurs 13
Routenpunkt (Way);T;Am Hauptbahnhof;49.871296;8.632234;50.0;;;;;;Original OSM;132.3;-0.79;paving_stones;pedestrian;Am Hauptbahnhof;5;Kurs 13
Routenpunkt (Way);T;;49.871384;8.632158;50.0;;;;;;Interpoliert (15m);132.3;0.26;paving_stones;pedestrian;Am Hauptbahnhof;5;Kurs 13
Routenpunkt (Way);T;Am Hauptbahnhof;49.871471;8.632083;50.0;;;;;;Interpoliert;132.6;0.87;paving_stones;pedestrian;Am Hauptbahnhof;5;Kurs 13
Routenpunkt (Way);T;Am Hauptbahnhof;49.871554;8.632013;50.0;;;;;;Original OSM;132.9;1.48;paving_stones;pedestrian;Am Hauptbahnhof;5;Kurs 13
Routenpunkt (Way);T;Am Hauptbahnhof;49.871638;8.631939;50.0;;;;;;Interpoliert;133.0;1.63;paving_stones;pedestrian;Am Hauptbahnhof;5;Kurs 13
Routenpunkt (Way);T;Am Hauptbahnhof;49.871722;8.631865;50.0;;;;;;Original OSM;133.1;1.25;paving_stones;pedestrian;Am Hauptbahnhof;5;Kurs 13
Routenpunkt (Way);T;;49.87183;8.631782;50.0;;;;;;Interpoliert (15m);133.2;0.83;asphalt;pedestrian;Am Hauptbahnhof;5;Kurs 13
Routenpunkt (Way);T;Am Hauptbahnhof;49.871937;8.631698;50.0;;;;;;Original OSM;133.3;0.32;paving_stones;pedestrian;Am Hauptbahnhof;5;Kurs 13
Haltestelle;W;Darmstadt Hauptbahnhof Ost;49.872047;8.631641;50.0;19:03:00;19:03:00;Kein Umlauf;Sa,So;1318.0;Original GTFS (Snap-Distanz 37m) | Auf Route gesnappt (37m);133.4;-0.18;paving_stones;pedestrian;Am Hauptbahnhof;5;Kurs 13
Routenpunkt (Way);T;;49.872159;8.631618;50.0;;;;;;Interpoliert (15m);133.2;-1.23;paving_stones;pedestrian;Am Hauptbahnhof;5;Kurs 13
Routenpunkt (Way);T;Am Hauptbahnhof;49.87227;8.631595;50.0;;;;;;Original OSM;133.0;-2.28;paving_stones;pedestrian;Am Hauptbahnhof;5;Kurs 13
Routenpunkt (Way);A;Ampel;49.87237;8.631577;50.0;;;;;;Interpoliert (15m);132.5;-3.33;paving_stones;pedestrian;Am Hauptbahnhof;5;Kurs 13
Routenpunkt (Way);T;;49.87247;8.631559;50.0;;;;;;Interpoliert (15m);132.0;-3.74;paving_stones;pedestrian;Am Hauptbahnhof;5;Kurs 13
Routenpunkt (Way);T;Am Hauptbahnhof;49.872569;8.631541;50.0;;;;;;Original OSM;131.5;-4.15;paving_stones;pedestrian;Am Hauptbahnhof;5;Kurs 13
Routenpunkt (Way);T;;49.872642;8.631521;50.0;;;;;;Interpoliert (15m);131.2;-3.66;paving_stones;pedestrian;Am Hauptbahnhof;5;Kurs 13
Routenpunkt (Way);T;Am Hauptbahnhof;49.872715;8.631501;50.0;;;;;;Original OSM;130.9;-2.41;paving_stones;pedestrian;Am Hauptbahnhof;5;Kurs 13
Routenpunkt (Way);T;Am Hauptbahnhof;49.872848;8.63148;50.0;;;;;;Original OSM;130.6;-1.16;paving_stones;pedestrian;Am Hauptbahnhof;5;Kurs 13
Routenpunkt (Way);T;Am Hauptbahnhof;49.872949;8.631464;50.0;;;;;;Interpoliert;130.8;0.45;paving_stones;pedestrian;Am Hauptbahnhof;5;Kurs 13
Routenpunkt (Way);T;Am Hauptbahnhof;49.873051;8.631448;50.0;;;;;;Interpoliert;131.0;2.07;paving_stones;pedestrian;Am Hauptbahnhof;5;Kurs 13
Routenpunkt (Way);T;Am Hauptbahnhof;49.873152;8.631432;50.0;;;;;;Interpoliert;131.5;3.22;paving_stones;pedestrian;Am Hauptbahnhof;5;Kurs 13
Routenpunkt (Way);T;Unbekannt;49.873254;8.631416;50.0;;;;;;Original OSM;132.0;3.62;paving_stones;pedestrian;Am Hauptbahnhof;5;Kurs 13
Routenpunkt (Way);T;Unbekannt;49.873373;8.631403;50.0;;;;;;Interpoliert;132.5;4.02;asphalt;service;;5;Kurs 13
Routenpunkt (Way);T;Unbekannt;49.873492;8.631391;50.0;;;;;;Interpoliert;133.0;3.89;asphalt;service;;5;Kurs 13
Routenpunkt (Way);T;Unbekannt;49.873611;8.631379;50.0;;;;;;Interpoliert;133.5;3.86;asphalt;service;;5;Kurs 13
Routenpunkt (Way);T;Unbekannt;49.87373;8.631367;50.0;;;;;;Interpoliert;134.0;3.62;asphalt;service;;5;Kurs 13
Routenpunkt (Way);T;;49.873819;8.631456;50.0;;;;;;Interpoliert (15m);134.5;2.53;asphalt;service;;5;Kurs 13
Routenpunkt (Way);T;;49.873907;8.631545;50.0;;;;;;Interpoliert (15m);134.8;1.43;asphalt;residential;Poststraße;5;Kurs 13
Routenpunkt (Way);T;;49.873996;8.631634;50.0;;;;;;Interpoliert (15m);134.6;0.37;asphalt;residential;Poststraße;5;Kurs 13
Routenpunkt (Way);T;Unbekannt;49.874085;8.631723;50.0;;;;;;Original OSM;134.4;-0.79;asphalt;residential;Poststraße;5;Kurs 13
Routenpunkt (Way);A;Ampel;49.874165;8.631854;50.0;;;;;;Interpoliert (15m);134.2;-1.61;asphalt;residential;Poststraße;5;Kurs 13
Routenpunkt (Way);T;;49.874245;8.631984;50.0;;;;;;Interpoliert (15m);134.0;-1.58;asphalt;residential;Poststraße;5;Kurs 13
Routenpunkt (Way);T;;49.874325;8.632114;50.0;;;;;;Interpoliert (15m);133.8;-1.57;asphalt;residential;Poststraße;5;Kurs 13
Routenpunkt (Way);T;Poststraße;49.874405;8.632245;50.0;;;;;;Original OSM;133.6;-2.1;asphalt;secondary;Goebelstraße;5;Kurs 13
Routenpunkt (Way);T;;49.874513;8.632254;50.0;;;;;;Interpoliert (15m);133.4;-2.76;asphalt;secondary;Goebelstraße;5;Kurs 13
Routenpunkt (Way);T;Goebelstraße;49.874621;8.632264;50.0;;;;;;Interpoliert;132.9;-3.04;asphalt;secondary;Goebelstraße;5;Kurs 13
Routenpunkt (Way);T;;49.874708;8.632309;50.0;;;;;;Interpoliert (15m);132.4;-3.31;asphalt;secondary;Goebelstraße;5;Kurs 13
Routenpunkt (Way);T;;49.874796;8.632354;50.0;;;;;;Interpoliert (15m);132.1;-3.57;asphalt;secondary;Goebelstraße;5;Kurs 13
Routenpunkt (Way);T;Goebelstraße;49.874883;8.6324;50.0;;;;;;Original OSM;131.8;-3.12;asphalt;secondary;Goebelstraße;5;Kurs 13
Routenpunkt (Way);T;;49.874914;8.632534;50.0;;;;;;Interpoliert (15m);131.5;-2.54;asphalt;secondary;Bismarckstraße;5;Kurs 13
Routenpunkt (Way);T;;49.874945;8.632669;50.0;;;;;;Interpoliert (15m);131.3;-2.24;asphalt;secondary;Bismarckstraße;5;Kurs 13
Routenpunkt (Way);T;Bismarckstraße;49.874976;8.632804;50.0;;;;;;Original OSM;131.1;-1.94;asphalt;secondary;Bismarckstraße;5;Kurs 13
Routenpunkt (Way);T;Bismarckstraße;49.874965;8.632997;50.0;;;;;;Interpoliert;130.9;-1.68;asphalt;secondary;Bismarckstraße;5;Kurs 13
Routenpunkt (Way);T;Bismarckstraße;49.874954;8.633191;50.0;;;;;;Original OSM;130.7;-1.13;asphalt;secondary;Bismarckstraße;5;Kurs 13
Routenpunkt (Way);T;Bismarckstraße;49.874948;8.633361;50.0;;;;;;Interpoliert;130.5;-0.58;asphalt;secondary;Bismarckstraße;5;Kurs 13
Routenpunkt (Way);T;Bismarckstraße;49.874943;8.633532;50.0;;;;;;Original OSM;130.6;-0.14;asphalt;secondary;Bismarckstraße;5;Kurs 13
Routenpunkt (Way);T;Bismarckstraße;49.874933;8.633712;50.0;;;;;;Interpoliert;130.7;0.3;asphalt;secondary;Bismarckstraße;5;Kurs 13
Routenpunkt (Way);T;Bismarckstraße;49.874923;8.633891;50.0;;;;;;Interpoliert;130.8;0.63;asphalt;secondary;Bismarckstraße;5;Kurs 13
Routenpunkt (Way);T;Bismarckstraße;49.874914;8.634071;50.0;;;;;;Interpoliert;130.9;0.28;asphalt;secondary;Bismarckstraße;5;Kurs 13
Routenpunkt (Way);T;Bismarckstraße;49.874904;8.634251;50.0;;;;;;Interpoliert;130.9;-0.06;asphalt;secondary;Bismarckstraße;5;Kurs 13
Routenpunkt (Way);A;Ampel;49.874927;8.634396;50.0;;;;;;Interpoliert (15m);130.8;-0.4;asphalt;secondary;Bismarckstraße;5;Kurs 13
Routenpunkt (Way);T;;49.874949;8.634542;50.0;;;;;;Interpoliert (15m);130.7;-0.7;asphalt;busway;;5;Kurs 13
Routenpunkt (Way);T;Bismarckstraße;49.874971;8.634688;50.0;;;;;;Original OSM;130.6;-0.84;asphalt;secondary;Kirschenallee;5;Kurs 13
Routenpunkt (Way);T;;49.875095;8.634734;50.0;;;;;;Interpoliert (15m);130.5;-0.8;asphalt;secondary;Kirschenallee;5;Kurs 13
Routenpunkt (Way);T;;49.875219;8.634781;50.0;;;;;;Interpoliert (15m);130.4;-0.8;asphalt;secondary;Kirschenallee;5;Kurs 13
Routenpunkt (Way);T;Kirschenallee;49.875342;8.634827;50.0;;;;;;Interpoliert;130.3;-0.42;asphalt;secondary;Kirschenallee;5;Kurs 13
Routenpunkt (Way);T;Kirschenallee;49.875438;8.634846;50.0;;;;;;Interpoliert;130.2;-0.14;asphalt;secondary;Kirschenallee;5;Kurs 13
Routenpunkt (Way);T;Kirschenallee;49.875533;8.634864;50.0;;;;;;Original OSM;130.3;0.51;asphalt;secondary;Kirschenallee;5;Kurs 13
Routenpunkt (Way);T;Kirschenallee;49.875656;8.634885;50.0;;;;;;Interpoliert;130.4;1.15;asphalt;secondary;Kirschenallee;5;Kurs 13
Routenpunkt (Way);T;;49.875726;8.634866;50.0;;;;;;Interpoliert (15m);130.6;1.97;asphalt;secondary;Kirschenallee;5;Kurs 13
Routenpunkt (Way);T;Kirschenallee;49.875797;8.634848;50.0;;;;;;Original OSM;130.8;2.11;asphalt;secondary;Kirschenallee;5;Kurs 13
Haltestelle;W;Darmstadt Evonik;49.875854;8.634841;50.0;19:06:00;19:06:00;Kein Umlauf;Sa,So;1318.0;Original GTFS (Snap-Distanz 4m) | Auf Route gesnappt (4m);131.0;2.38;asphalt;secondary;Kirschenallee;5;Kurs 13
Routenpunkt (Way);T;Evonik (Bussteig Westseite);49.875963;8.634866;50.0;;;;;;Original OSM;131.2;2.29;asphalt;secondary;Kirschenallee;5;Kurs 13
Routenpunkt (Way);T;;49.876048;8.634895;50.0;;;;;;Interpoliert (15m);131.4;2.18;asphalt;secondary;Kirschenallee;5;Kurs 13
Routenpunkt (Way);T;Kirschenallee;49.876132;8.634925;50.0;;;;;;Original OSM;131.6;1.94;asphalt;secondary;Kirschenallee;5;Kurs 13
Routenpunkt (Way);T;Kirschenallee;49.876223;8.634942;50.0;;;;;;Original OSM;131.8;1.62;asphalt;secondary;Kirschenallee;5;Kurs 13
Routenpunkt (Way);T;Kirschenallee;49.876313;8.634963;50.0;;;;;;Interpoliert;132.0;1.2;asphalt;secondary;Kirschenallee;5;Kurs 13
Routenpunkt (Way);T;Kirschenallee;49.876403;8.634983;50.0;;;;;;Original OSM;132.0;0.79;asphalt;secondary;Kirschenallee;5;Kurs 13
Routenpunkt (Way);T;Kirschenallee;49.876525;8.635006;50.0;;;;;;Interpoliert;132.0;0.4;asphalt;secondary;Kirschenallee;5;Kurs 13
Routenpunkt (Way);T;Kirschenallee;49.876647;8.635029;50.0;;;;;;Interpoliert;132.0;0.0;asphalt;secondary;Kirschenallee;5;Kurs 13
Routenpunkt (Way);T;Kirschenallee;49.87677;8.635051;50.0;;;;;;Interpoliert;132.0;0.0;asphalt;secondary;Kirschenallee;5;Kurs 13
Routenpunkt (Way);T;Kirschenallee;49.876892;8.635074;50.0;;;;;;Interpoliert;132.0;0.0;asphalt;secondary;Kirschenallee;5;Kurs 13
Routenpunkt (Way);T;Kirschenallee;49.877014;8.635097;50.0;;;;;;Interpoliert;132.0;-0.42;asphalt;secondary;Kirschenallee;5;Kurs 13
Routenpunkt (Way);T;;49.877098;8.635121;50.0;;;;;;Interpoliert (15m);132.0;-0.88;asphalt;secondary;Kirschenallee;5;Kurs 13
Routenpunkt (Way);T;Kirschenallee;49.877183;8.635146;50.0;;;;;;Original OSM;131.8;-1.33;asphalt;secondary;Kirschenallee;5;Kurs 13
Routenpunkt (Way);T;;49.87726;8.635165;50.0;;;;;;Interpoliert (15m);131.6;-1.6;asphalt;secondary;Kirschenallee;5;Kurs 13
Routenpunkt (Way);T;Kirschenallee;49.877338;8.635185;50.0;;;;;;Interpoliert;131.4;-1.87;asphalt;secondary;Kirschenallee;5;Kurs 13
Routenpunkt (Way);T;Kirschenallee;49.87747;8.63521;50.0;;;;;;Interpoliert;131.2;-1.72;asphalt;secondary;;5;Kurs 13
Routenpunkt (Way);T;Kirschenallee;49.877603;8.635235;50.0;;;;;;Interpoliert;131.0;-1.67;asphalt;secondary;Kirschenallee;5;Kurs 13
Routenpunkt (Way);T;Kirschenallee;49.877735;8.635261;50.0;;;;;;Interpoliert;130.8;-1.62;asphalt;secondary;Kirschenallee;5;Kurs 13
Routenpunkt (Way);T;Kirschenallee;49.877867;8.635286;50.0;;;;;;Interpoliert;130.5;-1.75;asphalt;secondary;Kirschenallee;5;Kurs 13
Routenpunkt (Way);T;Kirschenallee;49.878;8.635312;50.0;;;;;;Interpoliert;130.2;-1.89;asphalt;secondary;Kirschenallee;5;Kurs 13
Routenpunkt (Way);T;Kirschenallee;49.878132;8.635337;50.0;;;;;;Interpoliert;129.9;-1.75;asphalt;secondary;Kirschenallee;5;Kurs 13
Routenpunkt (Way);T;Kirschenallee;49.878265;8.635362;50.0;;;;;;Interpoliert;129.6;-1.48;asphalt;secondary;Kirschenallee;5;Kurs 13
Routenpunkt (Way);T;Kirschenallee;49.878397;8.635388;50.0;;;;;;Interpoliert;129.5;-1.21;asphalt;secondary;Kirschenallee;5;Kurs 13
Routenpunkt (Way);T;Kirschenallee;49.878529;8.635413;50.0;;;;;;Interpoliert;129.4;-0.96;asphalt;secondary;Kirschenallee;5;Kurs 13
Routenpunkt (Way);T;Kirschenallee;49.878662;8.635438;50.0;;;;;;Original OSM;129.3;-0.56;asphalt;secondary;Kirschenallee;5;Kurs 13
Routenpunkt (Way);T;Kirschenallee;49.87878;8.635463;50.0;;;;;;Interpoliert;129.2;-0.42;asphalt;secondary;Kirschenallee;5;Kurs 13
Routenpunkt (Way);T;Kirschenallee;49.878899;8.635488;50.0;;;;;;Original OSM;129.2;-0.06;asphalt;secondary;Kirschenallee;5;Kurs 13
Routenpunkt (Way);T;;49.878978;8.635504;50.0;;;;;;Interpoliert (15m);129.2;0.31;asphalt;secondary;Kirschenallee;5;Kurs 13
Routenpunkt (Way);T;Kirschenallee;49.879058;8.635521;50.0;;;;;;Original OSM;129.3;0.69;asphalt;secondary;Kirschenallee;5;Kurs 13
Routenpunkt (Way);T;;49.879135;8.63554;50.0;;;;;;Interpoliert (15m);129.4;0.83;asphalt;secondary;Kirschenallee;5;Kurs 13
Routenpunkt (Way);A;Kirschenallee (Ampel);49.879211;8.63556;50.0;;;;;;Original OSM;129.5;0.98;asphalt;secondary;Kirschenallee;5;Kurs 13
Routenpunkt (Way);T;Kirschenallee;49.879337;8.635602;50.0;;;;;;Original OSM;129.6;1.01;asphalt;secondary;Kirschenallee;5;Kurs 13
Routenpunkt (Way);T;Kirschenallee;49.879453;8.635651;50.0;;;;;;Original OSM;129.7;1.29;asphalt;secondary;Kirschenallee;5;Kurs 13
Routenpunkt (Way);T;;49.879519;8.635688;50.0;;;;;;Interpoliert (15m);129.8;1.06;asphalt;secondary;Kirschenallee;5;Kurs 13
Routenpunkt (Way);T;Kirschenallee;49.879585;8.635724;50.0;;;;;;Original OSM;130.0;1.3;asphalt;secondary;Kirschenallee;5;Kurs 13
Haltestelle;W;Darmstadt Mainzer Straße;49.879585;8.635724;50.0;19:07:00;19:07:00;Kein Umlauf;Sa,So;1318.0;Original GTFS (Snap-Distanz 0m) | Auf Route gesnappt (0m);130.2;1.52;asphalt;secondary;Kirschenallee;5;Kurs 13
Routenpunkt (Way);T;Mainzer Straße (Richtung Süd);49.879679;8.635726;50.0;;;;;;Interpoliert;130.4;1.62;asphalt;secondary;Kirschenallee;5;Kurs 13
Routenpunkt (Way);T;;49.879763;8.635808;50.0;;;;;;Interpoliert (15m);130.6;1.44;asphalt;secondary;Kirschenallee;5;Kurs 13
Routenpunkt (Way);T;Kirschenallee;49.879847;8.63589;50.0;;;;;;Interpoliert;130.8;1.79;asphalt;secondary;Kirschenallee;5;Kurs 13
Routenpunkt (Way);T;Kirschenallee;49.879948;8.635959;50.0;;;;;;Original OSM;131.0;1.75;asphalt;secondary;Kirschenallee;5;Kurs 13
Routenpunkt (Way);T;Kirschenallee;49.880044;8.636014;50.0;;;;;;Interpoliert;131.2;1.74;asphalt;secondary;Kirschenallee;5;Kurs 13
Routenpunkt (Way);T;Kirschenallee;49.880141;8.63607;50.0;;;;;;Interpoliert;131.4;1.69;asphalt;secondary;Kirschenallee;5;Kurs 13
Routenpunkt (Way);T;Kirschenallee;49.880237;8.636125;50.0;;;;;;Original OSM;131.6;1.52;asphalt;secondary;Kirschenallee;5;Kurs 13
Routenpunkt (Way);T;Kirschenallee;49.880344;8.636188;50.0;;;;;;Interpoliert;131.8;1.33;asphalt;secondary;Kirschenallee;5;Kurs 13
Routenpunkt (Way);T;Kirschenallee;49.880452;8.63625;50.0;;;;;;Interpoliert;131.9;0.98;asphalt;secondary;Kirschenallee;5;Kurs 13
Routenpunkt (Way);T;Kirschenallee;49.880559;8.636313;50.0;;;;;;Interpoliert;132.0;0.47;asphalt;secondary;Kirschenallee;5;Kurs 13
Routenpunkt (Way);T;Kirschenallee;49.880666;8.636375;50.0;;;;;;Interpoliert;132.0;0.01;asphalt;secondary;Kirschenallee;5;Kurs 13
Routenpunkt (Way);T;Kirschenallee;49.880773;8.636438;50.0;;;;;;Original OSM;131.9;-0.3;asphalt;secondary;Kirschenallee;5;Kurs 13
Routenpunkt (Way);T;Kirschenallee;49.880887;8.636504;50.0;;;;;;Interpoliert;131.8;-0.6;asphalt;secondary;Kirschenallee;5;Kurs 13
Routenpunkt (Way);T;Kirschenallee;49.881001;8.636571;50.0;;;;;;Interpoliert;131.7;-0.89;asphalt;secondary;Kirschenallee;5;Kurs 13
Routenpunkt (Way);T;Kirschenallee;49.881116;8.636638;50.0;;;;;;Interpoliert;131.6;-1.03;asphalt;secondary;Kirschenallee;5;Kurs 13
Routenpunkt (Way);T;Kirschenallee;49.88123;8.636704;50.0;;;;;;Interpoliert;131.4;-1.18;asphalt;secondary;Kirschenallee;5;Kurs 13
Routenpunkt (Way);T;Kirschenallee;49.881344;8.636771;50.0;;;;;;Interpoliert;131.2;-1.33;asphalt;secondary;Kirschenallee;5;Kurs 13
Routenpunkt (Way);T;Kirschenallee;49.881458;8.636837;50.0;;;;;;Interpoliert;131.0;-1.48;asphalt;secondary;Kirschenallee;5;Kurs 13
Routenpunkt (Way);T;Kirschenallee;49.881572;8.636904;50.0;;;;;;Interpoliert;130.8;-1.48;asphalt;secondary;Kirschenallee;5;Kurs 13
Routenpunkt (Way);T;Kirschenallee;49.881686;8.636971;50.0;;;;;;Interpoliert;130.6;-1.33;asphalt;secondary;Kirschenallee;5;Kurs 13
Routenpunkt (Way);T;Kirschenallee;49.8818;8.637037;50.0;;;;;;Interpoliert;130.4;-1.04;asphalt;secondary;Kirschenallee;5;Kurs 13
Routenpunkt (Way);T;;49.881906;8.637119;50.0;;;;;;Interpoliert (15m);130.3;-0.74;asphalt;secondary;Kirschenallee;5;Kurs 13
Routenpunkt (Way);T;;49.882013;8.637202;50.0;;;;;;Interpoliert (15m);130.3;-0.28;asphalt;secondary;Kirschenallee;5;Kurs 13
Routenpunkt (Way);T;Kirschenallee;49.882119;8.637284;50.0;;;;;;Original OSM;130.3;0.33;asphalt;secondary;Kirschenallee;5;Kurs 13
Routenpunkt (Way);T;;49.882206;8.637392;50.0;;;;;;Interpoliert (15m);130.4;0.81;asphalt;secondary;Kirschenallee;5;Kurs 13
Routenpunkt (Way);T;;49.882293;8.6375;50.0;;;;;;Interpoliert (15m);130.6;1.14;asphalt;secondary;Kirschenallee;5;Kurs 13
Routenpunkt (Way);T;Kirschenallee;49.88238;8.637608;50.0;;;;;;Interpoliert;130.8;1.46;asphalt;secondary;Kirschenallee;5;Kurs 13
Routenpunkt (Way);T;Kirschenallee;49.88246;8.637719;50.0;;;;;;Original OSM;131.0;1.46;asphalt;secondary;Kirschenallee;5;Kurs 13
Routenpunkt (Way);T;Kirschenallee;49.882544;8.637835;50.0;;;;;;Interpoliert;131.2;1.3;asphalt;secondary;Kirschenallee;5;Kurs 13
Routenpunkt (Way);T;Kirschenallee;49.882628;8.63795;50.0;;;;;;Interpoliert;131.3;1.13;asphalt;secondary;Kirschenallee;5;Kurs 13
Routenpunkt (Way);T;Kirschenallee;49.882713;8.638066;50.0;;;;;;Interpoliert;131.4;0.8;asphalt;secondary;Kirschenallee;5;Kurs 13
Routenpunkt (Way);T;Kirschenallee;49.882797;8.638181;50.0;;;;;;Original OSM;131.5;0.3;asphalt;secondary;Kirschenallee;5;Kurs 13
Routenpunkt (Way);T;Kirschenallee;49.882892;8.638312;50.0;;;;;;Interpoliert;131.5;-0.23;asphalt;secondary;Kirschenallee;5;Kurs 13
Routenpunkt (Way);A;Ampel;49.882987;8.638353;50.0;;;;;;Interpoliert (15m);131.4;-0.75;asphalt;secondary;Kirschenallee;5;Kurs 13
Routenpunkt (Way);T;;49.883082;8.638394;50.0;;;;;;Interpoliert (15m);131.2;-1.25;asphalt;secondary;Kirschenallee;5;Kurs 13
Routenpunkt (Way);T;Kirschenallee;49.883177;8.638435;50.0;;;;;;Original OSM;131.0;-1.6;sett;service;;5;Kurs 13
Routenpunkt (Way);T;;49.883262;8.638339;50.0;;;;;;Interpoliert (15m);130.8;-1.91;sett;service;;5;Kurs 13
Haltestelle;W;Darmstadt Windmühle;49.883347;8.638242;50.0;19:08:00;19:08:00;Kein Umlauf;Sa,So;1318.0;Original GTFS (Snap-Distanz 1m) | Auf Route gesnappt (1m);130.6;-1.72;sett;service;;5;Kurs 13
Routenpunkt (Way);T;Windmühle (Richtung Südost);49.883393;8.638156;50.0;;;;;;Original OSM;130.4;-1.53;sett;service;;5;Kurs 13
Routenpunkt (Way);T;;49.883486;8.638085;50.0;;;;;;Interpoliert (15m);130.3;-1.36;sett;service;;5;Kurs 13
Routenpunkt (Way);T;Unbekannt;49.883579;8.638015;50.0;;;;;;Original OSM;130.2;-1.19;sett;service;;5;Kurs 13
Routenpunkt (Way);T;;49.883675;8.637952;50.0;;;;;;Interpoliert (15m);130.1;-0.86;sett;service;;5;Kurs 13
Routenpunkt (Way);T;;49.883771;8.637889;50.0;;;;;;Interpoliert (15m);130.0;-0.91;asphalt;primary;Gräfenhäuser Straße;5;Kurs 13
Routenpunkt (Way);T;Gräfenhäuser Straße;49.883868;8.637826;50.0;;;;;;Original OSM;129.9;-0.96;asphalt;primary;Gräfenhäuser Straße;5;Kurs 13
Routenpunkt (Way);T;;49.88393;8.637745;50.0;;;;;;Interpoliert (15m);129.8;-0.92;asphalt;primary;Gräfenhäuser Straße;5;Kurs 13
Routenpunkt (Way);T;Gräfenhäuser Straße;49.883992;8.637664;50.0;;;;;;Interpoliert;129.7;-0.89;asphalt;primary;Gräfenhäuser Straße;5;Kurs 13
Routenpunkt (Way);T;Gräfenhäuser Straße;49.884094;8.637531;50.0;;;;;;Interpoliert;129.6;-0.85;asphalt;primary;Gräfenhäuser Straße;5;Kurs 13
Routenpunkt (Way);T;Gräfenhäuser Straße;49.884196;8.637397;50.0;;;;;;Interpoliert;129.5;-1.03;asphalt;primary;Gräfenhäuser Straße;5;Kurs 13
Routenpunkt (Way);T;Gräfenhäuser Straße;49.884298;8.637264;50.0;;;;;;Interpoliert;129.4;-1.27;asphalt;primary;Gräfenhäuser Straße;5;Kurs 13
Routenpunkt (Way);T;Gräfenhäuser Straße;49.8844;8.63713;50.0;;;;;;Interpoliert;129.1;-1.59;asphalt;primary;Gräfenhäuser Straße;5;Kurs 13
Routenpunkt (Way);T;;49.88449;8.637013;50.0;;;;;;Interpoliert (15m);128.8;-1.92;asphalt;primary;Gräfenhäuser Straße;5;Kurs 13
Routenpunkt (Way);T;;49.88458;8.636895;50.0;;;;;;Interpoliert (15m);128.5;-2.07;asphalt;primary;Gräfenhäuser Straße;5;Kurs 13
Routenpunkt (Way);A;Gräfenhäuser Straße (Ampel);49.884669;8.636778;50.0;;;;;;Original OSM;128.2;-1.95;asphalt;primary;Gräfenhäuser Straße;5;Kurs 13
Routenpunkt (Way);T;;49.884764;8.636652;50.0;;;;;;Interpoliert (15m);128.0;-1.8;asphalt;primary;Gräfenhäuser Straße;5;Kurs 13
Routenpunkt (Way);T;Gräfenhäuser Straße;49.88486;8.636525;50.0;;;;;;Interpoliert;127.8;-2.0;asphalt;primary;Gräfenhäuser Straße;5;Kurs 13
Routenpunkt (Way);T;Gräfenhäuser Straße;49.884949;8.636402;50.0;;;;;;Original OSM;127.6;-2.21;asphalt;primary;Gräfenhäuser Straße;5;Kurs 13
Routenpunkt (Way);T;;49.885009;8.636319;50.0;;;;;;Interpoliert (15m);127.3;-2.33;asphalt;primary;Gräfenhäuser Straße;5;Kurs 13
Routenpunkt (Way);T;Gräfenhäuser Straße;49.88507;8.636236;50.0;;;;;;Interpoliert;127.0;-2.17;asphalt;primary;Gräfenhäuser Straße;5;Kurs 13
Routenpunkt (Way);T;Gräfenhäuser Straße;49.88517;8.636098;50.0;;;;;;Interpoliert;126.7;-2.01;asphalt;primary;Gräfenhäuser Straße;5;Kurs 13
Routenpunkt (Way);T;Gräfenhäuser Straße;49.88527;8.63596;50.0;;;;;;Interpoliert;126.6;-1.47;asphalt;primary;Gräfenhäuser Straße;5;Kurs 13
Routenpunkt (Way);T;Gräfenhäuser Straße;49.88537;8.635822;50.0;;;;;;Interpoliert;126.5;-0.94;asphalt;primary;Gräfenhäuser Straße;5;Kurs 13
Routenpunkt (Way);T;Gräfenhäuser Straße;49.885469;8.635684;50.0;;;;;;Interpoliert;126.4;-0.81;asphalt;primary;Gräfenhäuser Straße;5;Kurs 13
Routenpunkt (Way);T;Gräfenhäuser Straße;49.885569;8.635546;50.0;;;;;;Interpoliert;126.3;-0.94;asphalt;primary;Gräfenhäuser Straße;5;Kurs 13
Routenpunkt (Way);T;Gräfenhäuser Straße;49.885669;8.635408;50.0;;;;;;Original OSM;126.1;-1.13;asphalt;primary;Gräfenhäuser Straße;5;Kurs 13
Routenpunkt (Way);T;Gräfenhäuser Straße;49.885772;8.635277;50.0;;;;;;Original OSM;125.9;-1.16;asphalt;primary;Gräfenhäuser Straße;5;Kurs 13
Routenpunkt (Way);T;Gräfenhäuser Straße;49.885857;8.635164;50.0;;;;;;Interpoliert;125.7;-1.18;asphalt;primary;Gräfenhäuser Straße;5;Kurs 13
Routenpunkt (Way);T;Gräfenhäuser Straße;49.885943;8.635052;50.0;;;;;;Interpoliert;125.6;-1.09;asphalt;primary;Gräfenhäuser Straße;5;Kurs 13
Routenpunkt (Way);T;Gräfenhäuser Straße;49.886029;8.634939;50.0;;;;;;Interpoliert;125.5;-1.01;asphalt;primary;Gräfenhäuser Straße;5;Kurs 13
Routenpunkt (Way);T;;49.886104;8.634841;50.0;;;;;;Interpoliert (15m);125.4;-0.87;asphalt;primary;Gräfenhäuser Straße;5;Kurs 13
Routenpunkt (Way);T;Gräfenhäuser Straße;49.886179;8.634742;50.0;;;;;;Original OSM;125.3;-0.71;asphalt;primary;Gräfenhäuser Straße;5;Kurs 13
Routenpunkt (Way);T;;49.886255;8.634641;50.0;;;;;;Interpoliert (15m);125.2;-0.39;asphalt;primary;Gräfenhäuser Straße;5;Kurs 13
Routenpunkt (Way);T;Gräfenhäuser Straße;49.88633;8.634539;50.0;;;;;;Interpoliert;125.2;0.1;asphalt;primary;Gräfenhäuser Straße;5;Kurs 13
Routenpunkt (Way);T;Gräfenhäuser Straße;49.886417;8.634419;50.0;;;;;;Interpoliert;125.3;0.65;asphalt;primary;Gräfenhäuser Straße;5;Kurs 13
Routenpunkt (Way);T;Gräfenhäuser Straße;49.886504;8.6343;50.0;;;;;;Interpoliert;125.5;1.19;asphalt;primary;Gräfenhäuser Straße;5;Kurs 13
Routenpunkt (Way);T;;49.886578;8.634197;50.0;;;;;;Interpoliert (15m);125.7;1.57;asphalt;primary;Gräfenhäuser Straße;5;Kurs 13
Routenpunkt (Way);T;Gräfenhäuser Straße;49.886652;8.634094;50.0;;;;;;Original OSM;125.9;1.79;asphalt;primary;Gräfenhäuser Straße;5;Kurs 13
Routenpunkt (Way);T;;49.886724;8.633996;50.0;;;;;;Interpoliert (15m);126.1;1.48;asphalt;primary;Gräfenhäuser Straße;5;Kurs 13
Routenpunkt (Way);T;Gräfenhäuser Straße;49.886795;8.633898;50.0;;;;;;Interpoliert;126.3;1.12;asphalt;primary;Gräfenhäuser Straße;5;Kurs 13
Routenpunkt (Way);T;Gräfenhäuser Straße;49.886877;8.633789;50.0;;;;;;Interpoliert;126.3;0.75;asphalt;primary;Gräfenhäuser Straße;5;Kurs 13
Routenpunkt (Way);T;Gräfenhäuser Straße;49.886958;8.633679;50.0;;;;;;Original OSM;126.3;0.24;asphalt;primary;Gräfenhäuser Straße;5;Kurs 13
Routenpunkt (Way);T;Gräfenhäuser Straße;49.887049;8.633558;50.0;;;;;;Original OSM;126.3;-0.69;asphalt;primary;Gräfenhäuser Straße;5;Kurs 13
Routenpunkt (Way);T;Gräfenhäuser Straße;49.887151;8.633429;50.0;;;;;;Interpoliert;126.2;-1.43;asphalt;primary;Gräfenhäuser Straße;5;Kurs 13
Routenpunkt (Way);T;Gräfenhäuser Straße;49.887253;8.6333;50.0;;;;;;Original OSM;125.8;-2.17;asphalt;primary;Gräfenhäuser Straße;5;Kurs 13
Routenpunkt (Way);T;Gräfenhäuser Straße;49.887329;8.633207;50.0;;;;;;Interpoliert;125.4;-2.79;asphalt;primary;Gräfenhäuser Straße;5;Kurs 13
Routenpunkt (Way);T;Gräfenhäuser Straße;49.887405;8.633114;50.0;;;;;;Original OSM;125.0;-3.28;asphalt;primary;Gräfenhäuser Straße;5;Kurs 13
Routenpunkt (Way);T;Gräfenhäuser Straße;49.887497;8.633005;50.0;;;;;;Original OSM;124.6;-3.38;asphalt;primary;Gräfenhäuser Straße;5;Kurs 13
Routenpunkt (Way);T;Gräfenhäuser Straße;49.887581;8.632882;50.0;;;;;;Interpoliert;124.2;-2.97;asphalt;primary;Gräfenhäuser Straße;5;Kurs 13
Routenpunkt (Way);T;;49.887673;8.632789;50.0;;;;;;Interpoliert (15m);123.8;-2.55;asphalt;primary;Gräfenhäuser Straße;5;Kurs 13
Routenpunkt (Way);T;Gräfenhäuser Straße;49.887765;8.632696;50.0;;;;;;Original OSM;123.6;-1.44;asphalt;primary;Gräfenhäuser Straße;5;Kurs 13
Routenpunkt (Way);T;;49.887875;8.632694;50.0;;;;;;Interpoliert (15m);123.4;-0.3;asphalt;primary;Gräfenhäuser Straße;5;Kurs 13
Haltestelle;W;Darmstadt Otto-Röhm-Straße;49.887985;8.632692;50.0;19:10:00;19:10:00;Kein Umlauf;Sa,So;1318.0;Original GTFS (Snap-Distanz 8m) | Auf Route gesnappt (8m);123.7;1.23;asphalt;primary;;5;Kurs 13
Routenpunkt (Way);A;Ampel;49.888084;8.632735;50.0;;;;;;Interpoliert (15m);124.0;2.43;asphalt;primary;Gräfenhäuser Straße;5;Kurs 13
Routenpunkt (Way);T;;49.888184;8.632777;50.0;;;;;;Interpoliert (15m);124.5;3.61;asphalt;primary;Gräfenhäuser Straße;5;Kurs 13
Routenpunkt (Way);T;Gräfenhäuser Straße;49.888283;8.63282;50.0;;;;;;Original OSM;125.0;3.97;asphalt;primary;Gräfenhäuser Straße;5;Kurs 13
Routenpunkt (Way);T;;49.888379;8.632888;50.0;;;;;;Interpoliert (15m);125.5;4.13;asphalt;tertiary;Otto-Röhm-Straße;5;Kurs 13
Routenpunkt (Way);T;;49.888475;8.632957;50.0;;;;;;Interpoliert (15m);126.0;3.94;asphalt;tertiary;Otto-Röhm-Straße;5;Kurs 13
Routenpunkt (Way);T;;49.888571;8.633026;50.0;;;;;;Interpoliert (15m);126.4;3.62;asphalt;tertiary;Otto-Röhm-Straße;5;Kurs 13
Routenpunkt (Way);T;Otto-Röhm-Straße;49.888667;8.633095;50.0;;;;;;Original OSM;126.8;3.16;asphalt;tertiary;Otto-Röhm-Straße;5;Kurs 13
Routenpunkt (Way);T;Otto-Röhm-Straße;49.88878;8.633192;50.0;;;;;;Original OSM;127.2;1.72;asphalt;tertiary;Otto-Röhm-Straße;5;Kurs 13
Routenpunkt (Way);T;Otto-Röhm-Straße;49.888859;8.633266;50.0;;;;;;Interpoliert;127.4;0.63;asphalt;tertiary;Otto-Röhm-Straße;5;Kurs 13
Routenpunkt (Way);T;Otto-Röhm-Straße;49.888938;8.63334;50.0;;;;;;Original OSM;127.1;-0.5;asphalt;tertiary;Otto-Röhm-Straße;5;Kurs 13
Routenpunkt (Way);T;Otto-Röhm-Straße;49.889045;8.633453;50.0;;;;;;Original OSM;126.8;-1.54;asphalt;tertiary;Otto-Röhm-Straße;5;Kurs 13
Routenpunkt (Way);T;Otto-Röhm-Straße;49.889137;8.633574;50.0;;;;;;Original OSM;126.5;-2.58;asphalt;tertiary;Otto-Röhm-Straße;5;Kurs 13
Routenpunkt (Way);T;;49.889219;8.633691;50.0;;;;;;Interpoliert (15m);126.2;-2.75;asphalt;tertiary;Otto-Röhm-Straße;5;Kurs 13
Routenpunkt (Way);T;Otto-Röhm-Straße;49.889301;8.633808;50.0;;;;;;Original OSM;125.8;-2.9;asphalt;tertiary;Otto-Röhm-Straße;5;Kurs 13
Routenpunkt (Way);T;;49.889361;8.633923;50.0;;;;;;Interpoliert (15m);125.4;-3.02;asphalt;tertiary;Otto-Röhm-Straße;5;Kurs 13
Routenpunkt (Way);T;;49.889422;8.634038;50.0;;;;;;Interpoliert (15m);125.1;-3.03;asphalt;tertiary;Otto-Röhm-Straße;5;Kurs 13
Routenpunkt (Way);T;Otto-Röhm-Straße;49.889482;8.634153;50.0;;;;;;Original OSM;124.8;-2.39;asphalt;tertiary;Otto-Röhm-Straße;5;Kurs 13
Routenpunkt (Way);T;Otto-Röhm-Straße;49.889535;8.634298;50.0;;;;;;Interpoliert;124.5;-1.63;asphalt;tertiary;Otto-Röhm-Straße;5;Kurs 13
Routenpunkt (Way);T;Otto-Röhm-Straße;49.889588;8.634444;50.0;;;;;;Original OSM;124.5;-1.07;asphalt;tertiary;Otto-Röhm-Straße;5;Kurs 13
Routenpunkt (Way);T;Otto-Röhm-Straße;49.889614;8.634586;50.0;;;;;;Interpoliert;124.5;-0.5;asphalt;tertiary;Otto-Röhm-Straße;5;Kurs 13
Routenpunkt (Way);T;Otto-Röhm-Straße;49.88964;8.634728;50.0;;;;;;Interpoliert;124.5;0.0;asphalt;tertiary;Otto-Röhm-Straße;5;Kurs 13
Routenpunkt (Way);T;Otto-Röhm-Straße;49.889667;8.63487;50.0;;;;;;Original OSM;124.5;0.67;asphalt;tertiary;Otto-Röhm-Straße;5;Kurs 13
Routenpunkt (Way);T;Otto-Röhm-Straße;49.889685;8.635044;50.0;;;;;;Original OSM;124.5;1.33;asphalt;tertiary;Otto-Röhm-Straße;5;Kurs 13
Routenpunkt (Way);T;;49.889695;8.635211;50.0;;;;;;Interpoliert (15m);124.9;2.0;asphalt;tertiary;Otto-Röhm-Straße;5;Kurs 13
Routenpunkt (Way);T;;49.889705;8.635377;50.0;;;;;;Interpoliert (15m);125.3;2.62;asphalt;tertiary;Otto-Röhm-Straße;5;Kurs 13
Routenpunkt (Way);T;Otto-Röhm-Straße;49.889715;8.635544;50.0;;;;;;Original OSM;125.7;3.24;asphalt;tertiary;Otto-Röhm-Straße;5;Kurs 13
Routenpunkt (Way);T;;49.889723;8.635724;50.0;;;;;;Interpoliert (15m);126.1;3.03;asphalt;tertiary;Otto-Röhm-Straße;5;Kurs 13
Routenpunkt (Way);T;;49.88973;8.635904;50.0;;;;;;Interpoliert (15m);126.5;2.81;asphalt;tertiary;Otto-Röhm-Straße;5;Kurs 13
Routenpunkt (Way);T;Otto-Röhm-Straße;49.889738;8.636085;50.0;;;;;;Interpoliert;126.8;2.98;asphalt;tertiary;Otto-Röhm-Straße;5;Kurs 13
Routenpunkt (Way);T;Otto-Röhm-Straße;49.889745;8.636275;50.0;;;;;;Original OSM;127.1;3.21;asphalt;tertiary;Otto-Röhm-Straße;5;Kurs 13
Routenpunkt (Way);T;;49.889777;8.636398;50.0;;;;;;Interpoliert (15m);127.5;2.59;asphalt;tertiary;Otto-Röhm-Straße;5;Kurs 13
Routenpunkt (Way);T;Wöhlerweg;49.889809;8.63652;50.0;;;;;;Original OSM;127.9;2.4;asphalt;tertiary;Otto-Röhm-Straße;5;Kurs 13
Haltestelle;W;Darmstadt Wöhlerweg;49.889809;8.63652;50.0;;;Kein Umlauf;Sa,So;1318.0;Original GTFS (Snap-Distanz 4m) | Auf Route gesnappt (4m);128.3;2.1;asphalt;tertiary;Otto-Röhm-Straße;5;Kurs 13
Routenpunkt (Way);T;Wöhlerweg;49.889782;8.636613;50.0;;;;;;Original OSM;128.4;1.4;asphalt;tertiary;Otto-Röhm-Straße;5;Kurs 13
Routenpunkt (Way);T;;49.889786;8.636815;50.0;;;;;;Interpoliert (15m);128.5;0.68;asphalt;tertiary;Otto-Röhm-Straße;5;Kurs 13
Routenpunkt (Way);T;Wöhlerweg;49.88979;8.637017;50.0;;;;;;Original OSM;128.6;0.82;asphalt;tertiary;Otto-Röhm-Straße;5;Kurs 13
Routenpunkt (Way);T;;49.889791;8.637226;50.0;;;;;;Interpoliert (15m);128.7;0.73;asphalt;tertiary;Otto-Röhm-Straße;5;Kurs 13
Routenpunkt (Way);T;Otto-Röhm-Straße;49.889793;8.637435;50.0;;;;;;Interpoliert;128.8;0.84;asphalt;tertiary;Otto-Röhm-Straße;5;Kurs 13
Routenpunkt (Way);T;Otto-Röhm-Straße;49.889799;8.637586;50.0;;;;;;Interpoliert;128.9;-0.06;asphalt;tertiary;Otto-Röhm-Straße;5;Kurs 13
Routenpunkt (Way);T;;49.889803;8.637695;50.0;;;;;;Interpoliert (15m);129.0;-0.82;asphalt;tertiary;Otto-Röhm-Straße;5;Kurs 13
Routenpunkt (Way);T;Otto-Röhm-Straße;49.889808;8.637805;50.0;;;;;;Original OSM;128.7;-1.58;asphalt;tertiary;Otto-Röhm-Straße;5;Kurs 13
Routenpunkt (Way);T;;49.889813;8.637938;50.0;;;;;;Interpoliert (15m);128.4;-2.27;asphalt;tertiary;Otto-Röhm-Straße;5;Kurs 13
Routenpunkt (Way);T;Otto-Röhm-Straße;49.889819;8.638071;50.0;;;;;;Interpoliert;128.1;-2.87;asphalt;tertiary;Otto-Röhm-Straße;5;Kurs 13
Routenpunkt (Way);T;Otto-Röhm-Straße;49.889825;8.638235;50.0;;;;;;Interpoliert;127.8;-2.37;asphalt;tertiary;Otto-Röhm-Straße;5;Kurs 13
Routenpunkt (Way);T;Otto-Röhm-Straße;49.889832;8.6384;50.0;;;;;;Original OSM;127.6;-2.01;asphalt;tertiary;Otto-Röhm-Straße;5;Kurs 13
Routenpunkt (Way);T;Otto-Röhm-Straße;49.88984;8.638606;50.0;;;;;;Interpoliert;127.4;-1.66;asphalt;tertiary;Otto-Röhm-Straße;5;Kurs 13
Routenpunkt (Way);T;Otto-Röhm-Straße;49.889849;8.638813;50.0;;;;;;Interpoliert;127.2;-1.42;asphalt;tertiary;Otto-Röhm-Straße;5;Kurs 13
Routenpunkt (Way);T;Otto-Röhm-Straße;49.889857;8.639019;50.0;;;;;;Interpoliert;127.0;-1.48;asphalt;tertiary;Otto-Röhm-Straße;5;Kurs 13
Routenpunkt (Way);T;Otto-Röhm-Straße;49.889866;8.639226;50.0;;;;;;Interpoliert;126.8;-1.21;asphalt;tertiary;Otto-Röhm-Straße;5;Kurs 13
Routenpunkt (Way);T;Otto-Röhm-Straße;49.889874;8.639433;50.0;;;;;;Original OSM;126.5;-0.94;asphalt;tertiary;Otto-Röhm-Straße;5;Kurs 13
Routenpunkt (Way);T;Otto-Röhm-Straße;49.88988;8.639575;50.0;;;;;;Original OSM;126.5;-0.67;asphalt;tertiary;Otto-Röhm-Straße;5;Kurs 13
Routenpunkt (Way);T;Otto-Röhm-Straße;49.889888;8.639783;50.0;;;;;;Interpoliert;126.5;-0.4;asphalt;tertiary;Otto-Röhm-Straße;5;Kurs 13
Routenpunkt (Way);T;Otto-Röhm-Straße;49.889897;8.63999;50.0;;;;;;Interpoliert;126.5;-0.23;asphalt;tertiary;Otto-Röhm-Straße;5;Kurs 13
Routenpunkt (Way);T;Otto-Röhm-Straße;49.889905;8.640197;50.0;;;;;;Interpoliert;126.5;-0.46;asphalt;tertiary;Otto-Röhm-Straße;5;Kurs 13
Routenpunkt (Way);T;;49.88991;8.640318;50.0;;;;;;Interpoliert (15m);126.4;-1.29;asphalt;tertiary;Otto-Röhm-Straße;5;Kurs 13
Routenpunkt (Way);T;Otto-Röhm-Straße;49.889915;8.640438;50.0;;;;;;Original OSM;126.3;-1.45;asphalt;tertiary;Otto-Röhm-Straße;5;Kurs 13
Haltestelle;W;Darmstadt Daimlerweg;49.889916;8.640472;50.0;19:12:00;19:12:00;Kein Umlauf;Sa,So;1318.0;Original GTFS (Snap-Distanz 4m) | Auf Route gesnappt (7m);126.2;-1.66;asphalt;tertiary;Otto-Röhm-Straße;5;Kurs 13
Routenpunkt (Way);T;Daimlerweg;49.889978;8.640624;50.0;;;;;;Original OSM;126.1;-1.43;asphalt;tertiary;Otto-Röhm-Straße;5;Kurs 13
Routenpunkt (Way);T;;49.889969;8.640754;50.0;;;;;;Interpoliert (15m);126.0;-1.01;asphalt;tertiary;Otto-Röhm-Straße;5;Kurs 13
Routenpunkt (Way);T;Daimlerweg;49.88996;8.640883;50.0;;;;;;Original OSM;126.0;0.0;asphalt;tertiary;Otto-Röhm-Straße;5;Kurs 13
Routenpunkt (Way);T;;49.889952;8.641033;50.0;;;;;;Interpoliert (15m);126.1;0.33;asphalt;tertiary;Otto-Röhm-Straße;5;Kurs 13
Routenpunkt (Way);T;Otto-Röhm-Straße;49.889945;8.641183;50.0;;;;;;Interpoliert;126.2;0.71;asphalt;tertiary;Otto-Röhm-Straße;5;Kurs 13
Routenpunkt (Way);T;Otto-Röhm-Straße;49.889952;8.641347;50.0;;;;;;Interpoliert;126.3;0.86;asphalt;tertiary;Otto-Röhm-Straße;5;Kurs 13
Routenpunkt (Way);T;Otto-Röhm-Straße;49.889959;8.641511;50.0;;;;;;Original OSM;126.4;0.97;asphalt;tertiary;Otto-Röhm-Straße;5;Kurs 13
Routenpunkt (Way);T;Otto-Röhm-Straße;49.889966;8.641699;50.0;;;;;;Interpoliert;126.5;1.33;asphalt;tertiary;Otto-Röhm-Straße;5;Kurs 13
Routenpunkt (Way);T;Otto-Röhm-Straße;49.889974;8.641887;50.0;;;;;;Interpoliert;126.7;1.71;asphalt;tertiary;Otto-Röhm-Straße;5;Kurs 13
Routenpunkt (Way);T;;49.88998;8.64204;50.0;;;;;;Interpoliert (15m);127.0;2.08;asphalt;tertiary;Otto-Röhm-Straße;5;Kurs 13
Routenpunkt (Way);T;;49.889987;8.642193;50.0;;;;;;Interpoliert (15m);127.3;2.4;asphalt;tertiary;Otto-Röhm-Straße;5;Kurs 13
Routenpunkt (Way);T;Otto-Röhm-Straße;49.889993;8.642346;50.0;;;;;;Original OSM;127.6;2.42;asphalt;tertiary;Otto-Röhm-Straße;5;Kurs 13
Routenpunkt (Way);T;;49.889999;8.642525;50.0;;;;;;Interpoliert (15m);127.9;2.25;asphalt;tertiary;Otto-Röhm-Straße;5;Kurs 13
Routenpunkt (Way);T;Otto-Röhm-Straße;49.890006;8.642705;50.0;;;;;;Interpoliert;128.1;2.22;asphalt;tertiary;Otto-Röhm-Straße;5;Kurs 13
Routenpunkt (Way);T;Otto-Röhm-Straße;49.890011;8.642852;50.0;;;;;;Interpoliert;128.3;2.2;asphalt;tertiary;Otto-Röhm-Straße;5;Kurs 13
Routenpunkt (Way);T;;49.890014;8.642959;50.0;;;;;;Interpoliert (15m);128.5;2.19;asphalt;tertiary;Otto-Röhm-Straße;5;Kurs 13
Routenpunkt (Way);T;Otto-Röhm-Straße;49.890016;8.643066;50.0;;;;;;Original OSM;128.7;2.11;asphalt;tertiary;Otto-Röhm-Straße;5;Kurs 13
Routenpunkt (Way);T;;49.890012;8.643187;50.0;;;;;;Interpoliert (15m);128.9;1.6;asphalt;tertiary;Otto-Röhm-Straße;5;Kurs 13
Routenpunkt (Way);T;Otto-Röhm-Straße;49.890007;8.643308;50.0;;;;;;Original OSM;129.0;0.92;asphalt;tertiary;Otto-Röhm-Straße;5;Kurs 13
Routenpunkt (Way);T;Otto-Röhm-Straße;49.889994;8.643516;50.0;;;;;;Original OSM;128.9;0.24;asphalt;tertiary;Otto-Röhm-Straße;5;Kurs 13
Routenpunkt (Way);T;;49.889964;8.643685;50.0;;;;;;Interpoliert (15m);128.8;-0.38;asphalt;tertiary;Otto-Röhm-Straße;5;Kurs 13
Routenpunkt (Way);T;Otto-Röhm-Straße;49.889934;8.643854;50.0;;;;;;Original OSM;128.7;-0.77;asphalt;tertiary;Otto-Röhm-Straße;5;Kurs 13
Routenpunkt (Way);T;;49.889883;8.644012;50.0;;;;;;Interpoliert (15m);128.6;-0.79;asphalt;tertiary;Otto-Röhm-Straße;5;Kurs 13
Routenpunkt (Way);T;;49.889831;8.644169;50.0;;;;;;Interpoliert (15m);128.5;-0.81;asphalt;tertiary;Otto-Röhm-Straße;5;Kurs 13
Routenpunkt (Way);T;Otto-Röhm-Straße;49.88978;8.644327;50.0;;;;;;Original OSM;128.4;-0.82;asphalt;tertiary;Otto-Röhm-Straße;5;Kurs 13
Routenpunkt (Way);T;;49.889709;8.644447;50.0;;;;;;Interpoliert (15m);128.3;-0.49;asphalt;tertiary;Otto-Röhm-Straße;5;Kurs 13
Routenpunkt (Way);T;;49.889639;8.644566;50.0;;;;;;Interpoliert (15m);128.2;-0.33;asphalt;tertiary;Otto-Röhm-Straße;5;Kurs 13
Routenpunkt (Way);T;;49.889568;8.644686;50.0;;;;;;Interpoliert (15m);128.3;0.02;asphalt;tertiary;Otto-Röhm-Straße;5;Kurs 13
Routenpunkt (Way);T;Otto-Röhm-Straße;49.889497;8.644806;50.0;;;;;;Original OSM;128.3;0.39;asphalt;tertiary;Otto-Röhm-Straße;5;Kurs 13
Routenpunkt (Way);T;;49.889421;8.644885;50.0;;;;;;Interpoliert (15m);128.4;0.76;asphalt;tertiary;Otto-Röhm-Straße;5;Kurs 13
Routenpunkt (Way);T;;49.889344;8.644964;50.0;;;;;;Interpoliert (15m);128.5;0.72;asphalt;tertiary;Otto-Röhm-Straße;5;Kurs 13
Routenpunkt (Way);T;Otto-Röhm-Straße;49.889268;8.645043;50.0;;;;;;Original OSM;128.6;0.86;asphalt;tertiary;Otto-Röhm-Straße;5;Kurs 13
Routenpunkt (Way);T;Otto-Röhm-Straße;49.889147;8.645124;50.0;;;;;;Original OSM;128.7;0.81;asphalt;tertiary;Otto-Röhm-Straße;5;Kurs 13
Routenpunkt (Way);T;Otto-Röhm-Straße;49.889025;8.645186;50.0;;;;;;Original OSM;128.8;0.76;asphalt;tertiary;Otto-Röhm-Straße;5;Kurs 13
Routenpunkt (Way);T;Otto-Röhm-Straße;49.8889;8.645235;50.0;;;;;;Original OSM;128.9;0.8;asphalt;tertiary;Otto-Röhm-Straße;5;Kurs 13
Routenpunkt (Way);T;Otto-Röhm-Straße;49.888781;8.645257;50.0;;;;;;Interpoliert;129.0;0.43;asphalt;tertiary;Otto-Röhm-Straße;5;Kurs 13
Routenpunkt (Way);T;;49.888705;8.645269;50.0;;;;;;Interpoliert (15m);129.1;0.66;asphalt;tertiary;Otto-Röhm-Straße;5;Kurs 13
Routenpunkt (Way);A;Otto-Röhm-Straße (Ampel);49.888629;8.645281;50.0;;;;;;Original OSM;129.0;0.89;asphalt;tertiary;Otto-Röhm-Straße;5;Kurs 13
Routenpunkt (Way);T;;49.888569;8.645398;50.0;;;;;;Interpoliert (15m);129.2;1.12;asphalt;secondary;Carl-Schenck-Ring;5;Kurs 13
Routenpunkt (Way);T;Carl-Schenck-Ring;49.888509;8.645515;50.0;;;;;;Original OSM;129.4;1.27;asphalt;secondary;Carl-Schenck-Ring;5;Kurs 13
Routenpunkt (Way);T;;49.888553;8.645646;50.0;;;;;;Interpoliert (15m);129.6;1.93;asphalt;secondary;Carl-Schenck-Ring;5;Kurs 13
Routenpunkt (Way);T;Carl-Schenck-Ring;49.888597;8.645776;50.0;;;;;;Interpoliert;129.8;1.98;asphalt;secondary;Carl-Schenck-Ring;5;Kurs 13
Routenpunkt (Way);T;;49.888607;8.645907;50.0;;;;;;Interpoliert (15m);130.0;1.88;asphalt;secondary;Carl-Schenck-Ring;5;Kurs 13
Routenpunkt (Way);T;Carl-Schenck-Ring;49.888616;8.646038;50.0;;;;;;Original OSM;130.2;1.5;asphalt;secondary;Carl-Schenck-Ring;5;Kurs 13
Routenpunkt (Way);T;Carl-Schenck-Ring;49.888595;8.646237;50.0;;;;;;Interpoliert;130.4;1.44;asphalt;secondary;Carl-Schenck-Ring;5;Kurs 13
Haltestelle;W;Darmstadt Carl-Schenck-Ring;49.888595;8.646237;50.0;19:13:00;19:13:00;Kein Umlauf;Sa,So;1318.0;Original GTFS (Snap-Distanz 21m) | Auf Route gesnappt (21m);130.6;1.34;asphalt;secondary;Carl-Schenck-Ring;5;Kurs 13
Routenpunkt (Way);T;Carl-Schenck-Ring;49.888615;8.646409;50.0;;;;;;Interpoliert;130.8;0.92;asphalt;secondary;Carl-Schenck-Ring;5;Kurs 13
Routenpunkt (Way);T;Carl-Schenck-Ring;49.888635;8.64658;50.0;;;;;;Original OSM;131.0;0.48;asphalt;secondary;Carl-Schenck-Ring;5;Kurs 13
Routenpunkt (Way);T;Carl-Schenck-Ring;49.888651;8.64675;50.0;;;;;;Interpoliert;131.0;0.31;asphalt;secondary;Carl-Schenck-Ring;5;Kurs 13
Routenpunkt (Way);T;Carl-Schenck-Ring;49.888667;8.64692;50.0;;;;;;Original OSM;130.9;-0.19;asphalt;secondary;Carl-Schenck-Ring;5;Kurs 13
Routenpunkt (Way);T;Carl-Schenck-Ring;49.888681;8.647082;50.0;;;;;;Interpoliert;130.8;-0.67;asphalt;secondary;Carl-Schenck-Ring;5;Kurs 13
Routenpunkt (Way);T;Carl-Schenck-Ring;49.888694;8.647244;50.0;;;;;;Original OSM;130.7;-0.83;asphalt;secondary;Carl-Schenck-Ring;5;Kurs 13
Routenpunkt (Way);T;Carl-Schenck-Ring;49.888718;8.647409;50.0;;;;;;Interpoliert;130.6;-1.0;asphalt;secondary;Carl-Schenck-Ring;5;Kurs 13
Routenpunkt (Way);T;Carl-Schenck-Ring;49.888743;8.647574;50.0;;;;;;Interpoliert;130.5;-1.16;asphalt;secondary;Carl-Schenck-Ring;5;Kurs 13
Routenpunkt (Way);T;Carl-Schenck-Ring;49.888768;8.647739;50.0;;;;;;Interpoliert;130.3;-1.34;asphalt;secondary;Carl-Schenck-Ring;5;Kurs 13
Routenpunkt (Way);T;Carl-Schenck-Ring;49.888792;8.647904;50.0;;;;;;Original OSM;130.1;-1.53;asphalt;secondary;Carl-Schenck-Ring;5;Kurs 13
Routenpunkt (Way);T;Carl-Schenck-Ring;49.888815;8.648058;50.0;;;;;;Original OSM;129.9;-1.72;asphalt;secondary;Carl-Schenck-Ring;5;Kurs 13
Routenpunkt (Way);T;Carl-Schenck-Ring;49.888836;8.648212;50.0;;;;;;Interpoliert;129.7;-1.25;asphalt;secondary;Carl-Schenck-Ring;5;Kurs 13
Routenpunkt (Way);T;Carl-Schenck-Ring;49.888856;8.648366;50.0;;;;;;Original OSM;129.5;-0.77;asphalt;secondary;Carl-Schenck-Ring;5;Kurs 13
Routenpunkt (Way);T;Carl-Schenck-Ring;49.888888;8.64855;50.0;;;;;;Interpoliert;129.6;-0.27;asphalt;secondary;Carl-Schenck-Ring;5;Kurs 13
Routenpunkt (Way);T;Carl-Schenck-Ring;49.888919;8.648734;50.0;;;;;;Interpoliert;129.7;0.23;asphalt;secondary;Carl-Schenck-Ring;5;Kurs 13
Routenpunkt (Way);T;Carl-Schenck-Ring;49.888951;8.648919;50.0;;;;;;Interpoliert;129.8;1.17;asphalt;secondary;Carl-Schenck-Ring;5;Kurs 13
Routenpunkt (Way);T;Carl-Schenck-Ring;49.888982;8.649103;50.0;;;;;;Interpoliert;129.9;1.76;asphalt;secondary;Carl-Schenck-Ring;5;Kurs 13
Routenpunkt (Way);T;Carl-Schenck-Ring;49.889014;8.649288;50.0;;;;;;Interpoliert;130.3;1.9;asphalt;secondary;Carl-Schenck-Ring;5;Kurs 13
Routenpunkt (Way);T;Carl-Schenck-Ring;49.889045;8.649472;50.0;;;;;;Interpoliert;130.8;2.05;asphalt;secondary;Carl-Schenck-Ring;5;Kurs 13
Routenpunkt (Way);T;Carl-Schenck-Ring;49.889077;8.649656;50.0;;;;;;Interpoliert;131.0;2.22;asphalt;secondary;Carl-Schenck-Ring;5;Kurs 13
Routenpunkt (Way);T;Carl-Schenck-Ring;49.889108;8.649841;50.0;;;;;;Original OSM;131.2;2.28;asphalt;secondary;Carl-Schenck-Ring;5;Kurs 13
Routenpunkt (Way);T;Carl-Schenck-Ring;49.889137;8.650008;50.0;;;;;;Interpoliert;131.4;1.87;asphalt;secondary;Carl-Schenck-Ring;5;Kurs 13
Routenpunkt (Way);T;Carl-Schenck-Ring;49.889165;8.650176;50.0;;;;;;Interpoliert;131.8;1.9;asphalt;secondary;Carl-Schenck-Ring;5;Kurs 13
Routenpunkt (Way);T;Carl-Schenck-Ring;49.889194;8.650343;50.0;;;;;;Interpoliert;132.0;1.93;asphalt;secondary;Carl-Schenck-Ring;5;Kurs 13
Routenpunkt (Way);T;Carl-Schenck-Ring;49.889222;8.650511;50.0;;;;;;Interpoliert;132.2;1.89;asphalt;secondary;Carl-Schenck-Ring;5;Kurs 13
Routenpunkt (Way);T;Carl-Schenck-Ring;49.889251;8.650678;50.0;;;;;;Original OSM;132.4;1.25;asphalt;secondary;Carl-Schenck-Ring;5;Kurs 13
Routenpunkt (Way);T;Carl-Schenck-Ring;49.889289;8.650868;50.0;;;;;;Interpoliert;132.6;0.93;asphalt;secondary;Carl-Schenck-Ring;5;Kurs 13
Routenpunkt (Way);T;Carl-Schenck-Ring;49.889328;8.651057;50.0;;;;;;Interpoliert;132.6;1.06;asphalt;secondary;Carl-Schenck-Ring;5;Kurs 13
Routenpunkt (Way);T;Carl-Schenck-Ring;49.889366;8.651246;50.0;;;;;;Original OSM;132.6;1.18;asphalt;secondary;Carl-Schenck-Ring;5;Kurs 13
Routenpunkt (Way);T;Carl-Schenck-Ring;49.8894;8.651424;50.0;;;;;;Interpoliert;132.9;1.35;asphalt;secondary;Carl-Schenck-Ring;5;Kurs 13
Routenpunkt (Way);T;Carl-Schenck-Ring;49.889434;8.651601;50.0;;;;;;Interpoliert;133.2;1.66;asphalt;secondary;Carl-Schenck-Ring;5;Kurs 13
Routenpunkt (Way);T;Carl-Schenck-Ring;49.889468;8.651779;50.0;;;;;;Interpoliert;133.5;1.96;asphalt;secondary;Carl-Schenck-Ring;5;Kurs 13
Routenpunkt (Way);T;Carl-Schenck-Ring;49.889503;8.651957;50.0;;;;;;Interpoliert;133.7;1.9;asphalt;secondary;Carl-Schenck-Ring;5;Kurs 13
Routenpunkt (Way);T;Carl-Schenck-Ring;49.889537;8.652134;50.0;;;;;;Original OSM;133.9;1.77;asphalt;secondary;Carl-Schenck-Ring;5;Kurs 13
Routenpunkt (Way);T;Carl-Schenck-Ring;49.889554;8.652274;50.0;;;;;;Interpoliert;134.1;1.64;asphalt;secondary;Carl-Schenck-Ring;5;Kurs 13
Routenpunkt (Way);A;Ampel;49.889599;8.652433;50.0;;;;;;Interpoliert (15m);134.3;1.34;asphalt;secondary;Carl-Schenck-Ring;5;Kurs 13
Routenpunkt (Way);T;Carl-Schenck-Ring;49.889643;8.652592;50.0;;;;;;Original OSM;134.5;1.04;asphalt;secondary;Carl-Schenck-Ring;5;Kurs 13
Routenpunkt (Way);T;;49.889728;8.652641;50.0;;;;;;Interpoliert (15m);134.5;0.64;asphalt;secondary;Frankfurter Straße;5;Kurs 13
Routenpunkt (Way);T;;49.889812;8.65269;50.0;;;;;;Interpoliert (15m);134.5;0.32;asphalt;secondary;Frankfurter Straße;5;Kurs 13
Routenpunkt (Way);T;Frankfurter Straße;49.889897;8.652739;50.0;;;;;;Interpoliert;134.5;0.0;asphalt;secondary;Frankfurter Straße;5;Kurs 13
Routenpunkt (Way);T;Frankfurter Straße;49.889988;8.652762;50.0;;;;;;Original OSM;134.5;-0.17;asphalt;secondary;Frankfurter Straße;5;Kurs 13
Routenpunkt (Way);T;Frankfurter Straße;49.890117;8.652807;50.0;;;;;;Original OSM;134.5;-0.44;asphalt;secondary;Frankfurter Straße;5;Kurs 13
Routenpunkt (Way);T;Frankfurter Straße;49.890223;8.652844;50.0;;;;;;Original OSM;134.4;-0.72;asphalt;secondary;Frankfurter Straße;5;Kurs 13
Routenpunkt (Way);T;Frankfurter Straße;49.890352;8.652872;50.0;;;;;;Interpoliert;134.2;-0.99;asphalt;secondary;Frankfurter Straße;5;Kurs 13
Routenpunkt (Way);T;Frankfurter Straße;49.890481;8.6529;50.0;;;;;;Interpoliert;134.0;-1.27;asphalt;secondary;Frankfurter Straße;5;Kurs 13
Routenpunkt (Way);T;Frankfurter Straße;49.89061;8.652928;50.0;;;;;;Interpoliert;133.8;-1.24;asphalt;secondary;Frankfurter Straße;5;Kurs 13
Routenpunkt (Way);T;Frankfurter Straße;49.890739;8.652955;50.0;;;;;;Interpoliert;133.6;-1.13;asphalt;secondary;Frankfurter Straße;5;Kurs 13
Routenpunkt (Way);T;Frankfurter Straße;49.890868;8.652983;50.0;;;;;;Original OSM;133.5;-1.03;asphalt;secondary;Frankfurter Straße;5;Kurs 13
Routenpunkt (Way);T;Frankfurter Straße;49.890974;8.653007;50.0;;;;;;Interpoliert;133.4;-0.92;asphalt;secondary;Frankfurter Straße;5;Kurs 13
Routenpunkt (Way);T;Frankfurter Straße;49.89108;8.653031;50.0;;;;;;Interpoliert;133.3;0.81;asphalt;secondary;Frankfurter Straße;5;Kurs 13
Routenpunkt (Way);T;Frankfurter Straße;49.891186;8.653054;50.0;;;;;;Interpoliert;133.2;3.61;asphalt;secondary;Frankfurter Straße;5;Kurs 13
Routenpunkt (Way);T;Frankfurter Straße;49.891309;8.653082;50.0;;;;;;Original OSM;134.2;6.71;asphalt;secondary;Frankfurter Straße;5;Kurs 13
Routenpunkt (Way);T;;49.891376;8.653099;50.0;;;;;;Interpoliert (15m);135.2;7.79;asphalt;secondary;Frankfurter Straße;5;Kurs 13
Routenpunkt (Way);T;Frankfurter Straße;49.891442;8.653116;50.0;;;;;;Interpoliert;136.3;8.61;asphalt;secondary;Frankfurter Straße;5;Kurs 13
Routenpunkt (Way);T;Frankfurter Straße;49.891559;8.653147;50.0;;;;;;Interpoliert;136.9;8.5;asphalt;secondary;Frankfurter Straße;5;Kurs 13
Routenpunkt (Way);T;Frankfurter Straße;49.891677;8.653177;50.0;;;;;;Interpoliert;137.33;7.56;asphalt;secondary;Frankfurter Straße;5;Kurs 13
Routenpunkt (Way);T;;49.891738;8.653237;50.0;;;;;;Interpoliert (15m);137.88;7.73;asphalt;secondary;Frankfurter Straße;5;Kurs 13
Routenpunkt (Way);T;Unbekannt;49.8918;8.653296;50.0;;;;;;Original OSM;138.57;8.53;asphalt;service;;5;Kurs 13
Haltestelle;W;Darmstadt Nordbahnhof;49.891798;8.65338;50.0;19:15:00;19:15:00;Kein Umlauf;Sa,So;1318.0;Original GTFS (Snap-Distanz 1m) | Auf Route gesnappt (1m);139.5;10.28;asphalt;service;;5;Kurs 13
