Typ;Type;Name;Latitude;Longitude;Tempolimit;Ankunft;Abfahrt;Block_ID;Betriebstage;Service_ID;Details;Altitude (m);Roadgrade (%);Surface;Highway_Type;OSM_Name
Haltestelle;W;Heiligkreuzsteinach, Marktpl.;49.484834;8.796867;30.0;09:16:00;09:16:00;Kein Umlauf;Mo,Di,Mi,Do,Fr;446.0;Original GTFS (Snap-Distanz 25m) | Auf Route gesnappt (5m);248.0;0.0;asphalt;primary_link;
Routenpunkt (Way);T;Weinheimer Straße;49.484777;8.796835;30.0;;;;;;Original OSM;248.0;0.28;asphalt;primary_link;
Routenpunkt (Way);T;;49.484677;8.796826;30.0;;;;;;Interpoliert (15m);248.0;0.38;asphalt;primary_link;
Routenpunkt (Way);T;Schönauer Straße;49.484577;8.796818;30.0;;;;;;Original OSM;248.12;0.5;asphalt;primary_link;
Routenpunkt (Way);T;;49.484469;8.796871;30.0;;;;;;Interpoliert (15m);248.22;0.66;asphalt;primary_link;
Routenpunkt (Way);T;;49.48436;8.796923;30.0;;;;;;Interpoliert (15m);248.3;0.82;asphalt;primary_link;
Routenpunkt (Way);T;;49.484252;8.796976;30.0;;;;;;Interpoliert (15m);248.4;0.75;asphalt;primary_link;
Routenpunkt (Way);T;;49.484144;8.797029;30.0;;;;;;Interpoliert (15m);248.5;0.75;asphalt;primary_link;
Routenpunkt (Way);T;Schönauer Straße;49.484035;8.797081;30.0;;;;;;Original OSM;248.6;1.4;asphalt;primary_link;
Routenpunkt (Way);T;;49.483927;8.797012;30.0;;;;;;Interpoliert (15m);248.7;1.24;asphalt;primary_link;
Routenpunkt (Way);T;;49.483819;8.796944;30.0;;;;;;Interpoliert (15m);249.2;1.08;asphalt;primary_link;
Routenpunkt (Way);T;;49.483712;8.796875;30.0;;;;;;Interpoliert (15m);249.2;0.77;asphalt;primary_link;
Routenpunkt (Way);T;;49.483604;8.796806;30.0;;;;;;Interpoliert (15m);249.2;0.43;asphalt;primary_link;
Routenpunkt (Way);T;Schönauer Straße;49.483496;8.796737;30.0;;;;;;Interpoliert;249.1;-0.48;asphalt;primary_link;
Routenpunkt (Way);T;Schönauer Straße;49.48342;8.796649;30.0;;;;;;Interpoliert;249.0;-0.62;asphalt;primary_link;
Routenpunkt (Way);T;;49.48332;8.796519;30.0;;;;;;Interpoliert (15m);248.9;0.07;asphalt;primary_link;
Routenpunkt (Way);T;;49.48322;8.79639;30.0;;;;;;Interpoliert (15m);248.8;0.91;asphalt;primary_link;
Routenpunkt (Way);T;;49.483121;8.79626;30.0;;;;;;Interpoliert (15m);249.3;1.84;asphalt;primary_link;
Routenpunkt (Way);T;Schönauer Straße;49.483021;8.796131;30.0;;;;;;Original OSM;249.8;0.21;asphalt;primary_link;
Routenpunkt (Way);T;;49.48292;8.796026;30.0;;;;;;Interpoliert (15m);250.3;-0.68;asphalt;primary_link;
Routenpunkt (Way);T;;49.482819;8.79592;30.0;;;;;;Interpoliert (15m);249.1;-3.15;asphalt;primary_link;
Routenpunkt (Way);T;Schönauer Straße;49.482717;8.795815;30.0;;;;;;Original OSM;248.4;-5.62;asphalt;primary_link;
Routenpunkt (Way);T;;49.48265;8.795779;30.0;;;;;;Interpoliert (15m);247.7;-7.74;asphalt;primary_link;
Routenpunkt (Way);T;Schönauer Straße;49.482583;8.795744;30.0;;;;;;Original OSM;247.0;-7.35;asphalt;primary_link;
Routenpunkt (Way);T;;49.482494;8.795714;30.0;;;;;;Interpoliert (15m);246.3;-7.7;asphalt;primary_link;
Routenpunkt (Way);T;;49.482405;8.795684;30.0;;;;;;Interpoliert (15m);245.6;-8.19;asphalt;primary_link;
Routenpunkt (Way);T;Schönauer Straße;49.482316;8.795654;30.0;;;;;;Original OSM;244.9;-9.02;asphalt;primary_link;
Routenpunkt (Way);T;;49.482213;8.795658;30.0;;;;;;Interpoliert (15m);243.6;-10.25;asphalt;primary_link;
Routenpunkt (Way);T;;49.48211;8.795662;30.0;;;;;;Interpoliert (15m);242.1;-9.18;asphalt;primary_link;
Routenpunkt (Way);T;Schönauer Straße;49.482007;8.795666;30.0;;;;;;Original OSM;240.6;-8.1;asphalt;primary_link;
Routenpunkt (Way);T;;49.481891;8.795675;30.0;;;;;;Interpoliert (15m);240.4;-6.15;asphalt;primary_link;
Routenpunkt (Way);T;;49.481775;8.795684;30.0;;;;;;Interpoliert (15m);240.2;-3.83;asphalt;primary_link;
Routenpunkt (Way);T;Unbekannt;49.481659;8.795693;50.0;;;;;;Original OSM;240.0;-1.52;asphalt;primary_link;
Routenpunkt (Way);T;;49.481548;8.795614;50.0;;;;;;Interpoliert (15m);239.8;-1.5;asphalt;primary_link;
Routenpunkt (Way);T;;49.481436;8.795535;50.0;;;;;;Interpoliert (15m);239.6;-0.72;asphalt;primary_link;
Routenpunkt (Way);T;Unbekannt;49.481325;8.795456;50.0;;;;;;Interpoliert;239.4;0.07;asphalt;primary_link;
Routenpunkt (Way);T;Unbekannt;49.481232;8.795352;50.0;;;;;;Interpoliert;239.7;0.05;asphalt;primary_link;
Routenpunkt (Way);T;Unbekannt;49.48114;8.795248;50.0;;;;;;Original OSM;240.0;0.06;asphalt;primary_link;
Routenpunkt (Way);T;Unbekannt;49.481035;8.795168;50.0;;;;;;Original OSM;239.8;0.04;asphalt;primary_link;
Routenpunkt (Way);T;Unbekannt;49.480917;8.795103;50.0;;;;;;Original OSM;239.6;-0.75;asphalt;primary_link;
Routenpunkt (Way);T;Unbekannt;49.480806;8.795058;50.0;;;;;;Interpoliert;239.4;-1.53;asphalt;primary_link;
Routenpunkt (Way);T;Unbekannt;49.480695;8.795014;50.0;;;;;;Interpoliert;239.2;-1.56;asphalt;primary_link;
Routenpunkt (Way);T;Unbekannt;49.480583;8.79497;50.0;;;;;;Original OSM;239.0;-1.45;asphalt;primary_link;
Routenpunkt (Way);T;Unbekannt;49.480478;8.794943;50.0;;;;;;Original OSM;238.8;-1.32;asphalt;primary_link;
Routenpunkt (Way);T;Unbekannt;49.480378;8.794915;100.0;;;;;;Interpoliert;238.7;-2.06;asphalt;primary_link;
Routenpunkt (Way);T;Unbekannt;49.480277;8.794887;100.0;;;;;;Interpoliert;238.6;-2.66;asphalt;primary_link;
Routenpunkt (Way);T;Unbekannt;49.480177;8.794858;100.0;;;;;;Original OSM;238.0;-2.17;asphalt;primary_link;
Routenpunkt (Way);T;Unbekannt;49.480059;8.794837;100.0;;;;;;Interpoliert;237.4;-1.81;asphalt;primary_link;
Routenpunkt (Way);T;Unbekannt;49.479942;8.794815;100.0;;;;;;Interpoliert;237.5;-1.45;asphalt;primary_link;
Routenpunkt (Way);T;;49.479844;8.7948;100.0;;;;;;Interpoliert (15m);237.6;-0.23;asphalt;primary_link;
Routenpunkt (Way);T;Unbekannt;49.479746;8.794784;100.0;;;;;;Original OSM;237.7;0.85;asphalt;primary_link;
Routenpunkt (Way);T;;49.479638;8.794776;100.0;;;;;;Interpoliert (15m);237.8;0.83;asphalt;primary_link;
Routenpunkt (Way);T;Unbekannt;49.47953;8.794767;100.0;;;;;;Interpoliert;237.9;0.65;asphalt;primary_link;
Routenpunkt (Way);T;Unbekannt;49.479396;8.794758;100.0;;;;;;Original OSM;238.0;0.47;asphalt;primary_link;
Routenpunkt (Way);T;Unbekannt;49.479282;8.794766;100.0;;;;;;Interpoliert;238.0;0.3;asphalt;primary_link;
Routenpunkt (Way);T;Unbekannt;49.479168;8.794775;100.0;;;;;;Original OSM;238.0;2.07;asphalt;primary_link;
Routenpunkt (Way);T;Unbekannt;49.479076;8.794795;100.0;;;;;;Original OSM;238.0;3.88;asphalt;primary_link;
Routenpunkt (Way);T;;49.478958;8.794832;100.0;;;;;;Interpoliert (15m);239.3;4.84;asphalt;primary_link;
Routenpunkt (Way);T;Unbekannt;49.478839;8.794868;100.0;;;;;;Original OSM;240.6;5.8;asphalt;primary_link;
Routenpunkt (Way);T;;49.478712;8.794917;100.0;;;;;;Interpoliert (15m);241.3;6.79;asphalt;primary_link;
Routenpunkt (Way);T;Unbekannt;49.478586;8.794966;100.0;;;;;;Interpoliert;242.0;5.85;asphalt;primary_link;
Routenpunkt (Way);T;Unbekannt;49.478464;8.79502;100.0;;;;;;Interpoliert;242.7;4.9;asphalt;primary_link;
Routenpunkt (Way);T;Unbekannt;49.478342;8.795075;100.0;;;;;;Interpoliert;243.4;5.66;asphalt;primary_link;
Routenpunkt (Way);T;Unbekannt;49.47822;8.795129;100.0;;;;;;Interpoliert;244.1;6.42;asphalt;primary_link;
Routenpunkt (Way);T;;49.478149;8.79516;100.0;;;;;;Interpoliert (15m);244.8;6.51;asphalt;primary_link;
Routenpunkt (Way);T;Unbekannt;49.478079;8.795192;100.0;;;;;;Original OSM;245.5;3.97;asphalt;primary_link;
Routenpunkt (Way);T;Unbekannt;49.477965;8.795225;100.0;;;;;;Interpoliert;246.2;1.42;asphalt;primary_link;
Routenpunkt (Way);T;;49.477873;8.795241;100.0;;;;;;Interpoliert (15m);245.4;-0.67;asphalt;primary_link;
Routenpunkt (Way);T;Unbekannt;49.47778;8.795257;100.0;;;;;;Original OSM;244.6;-2.76;asphalt;primary_link;
Routenpunkt (Way);T;;49.477684;8.795263;100.0;;;;;;Interpoliert (15m);244.4;-4.2;asphalt;primary_link;
Routenpunkt (Way);T;Unbekannt;49.477588;8.795269;100.0;;;;;;Interpoliert;244.2;-2.92;asphalt;primary_link;
Routenpunkt (Way);T;Unbekannt;49.477485;8.795272;100.0;;;;;;Original OSM;244.0;-1.64;asphalt;primary_link;
Routenpunkt (Way);T;Unbekannt;49.477352;8.795276;100.0;;;;;;Interpoliert;243.8;-1.66;asphalt;primary_link;
Routenpunkt (Way);T;Unbekannt;49.477219;8.79528;100.0;;;;;;Original OSM;243.6;-2.29;asphalt;primary_link;
Routenpunkt (Way);T;Unbekannt;49.47713;8.7953;100.0;;;;;;Interpoliert;243.4;-2.94;asphalt;primary_link;
Routenpunkt (Way);T;Unbekannt;49.477041;8.795321;100.0;;;;;;Interpoliert;242.9;-3.13;asphalt;primary_link;
Routenpunkt (Way);T;Unbekannt;49.476952;8.795341;100.0;;;;;;Original OSM;242.4;-3.33;asphalt;primary_link;
Routenpunkt (Way);T;Unbekannt;49.476839;8.795383;100.0;;;;;;Interpoliert;242.1;-3.35;asphalt;primary_link;
Routenpunkt (Way);T;Unbekannt;49.476726;8.795425;100.0;;;;;;Original OSM;241.8;-2.77;asphalt;primary_link;
Routenpunkt (Way);T;Unbekannt;49.476603;8.795479;100.0;;;;;;Interpoliert;241.5;-2.19;asphalt;primary_link;
Routenpunkt (Way);T;Unbekannt;49.476479;8.795534;100.0;;;;;;Interpoliert;241.2;-1.17;asphalt;primary_link;
Routenpunkt (Way);T;Unbekannt;49.476356;8.795588;100.0;;;;;;Interpoliert;240.9;-0.14;asphalt;primary_link;
Routenpunkt (Way);T;Unbekannt;49.476233;8.795642;100.0;;;;;;Interpoliert;241.3;0.84;asphalt;primary_link;
Routenpunkt (Way);T;Unbekannt;49.47611;8.795696;100.0;;;;;;Interpoliert;241.7;2.25;asphalt;primary_link;
Routenpunkt (Way);T;Unbekannt;49.475987;8.79575;100.0;;;;;;Interpoliert;242.1;3.77;asphalt;primary_link;
Routenpunkt (Way);T;Unbekannt;49.475864;8.795804;100.0;;;;;;Original OSM;242.8;4.31;asphalt;primary_link;
Routenpunkt (Way);T;Unbekannt;49.475756;8.795863;100.0;;;;;;Interpoliert;243.5;4.86;asphalt;primary_link;
Routenpunkt (Way);T;Unbekannt;49.475649;8.795921;100.0;;;;;;Interpoliert;244.2;5.4;asphalt;primary_link;
Routenpunkt (Way);T;Unbekannt;49.475541;8.79598;100.0;;;;;;Interpoliert;244.9;3.7;asphalt;primary_link;
Routenpunkt (Way);T;Unbekannt;49.475433;8.796039;100.0;;;;;;Interpoliert;245.6;1.88;asphalt;primary_link;
Routenpunkt (Way);T;;49.47534;8.796096;100.0;;;;;;Interpoliert (15m);245.2;-1.08;asphalt;primary_link;
Routenpunkt (Way);T;Unbekannt;49.475247;8.796153;100.0;;;;;;Original OSM;244.8;-4.04;asphalt;primary_link;
Routenpunkt (Way);T;;49.47515;8.796223;100.0;;;;;;Interpoliert (15m);243.7;-5.0;asphalt;primary_link;
Routenpunkt (Way);T;Unbekannt;49.475054;8.796294;100.0;;;;;;Interpoliert;242.6;-4.14;asphalt;primary_link;
Routenpunkt (Way);T;Unbekannt;49.474941;8.796379;100.0;;;;;;Interpoliert;242.7;-3.28;asphalt;primary_link;
Routenpunkt (Way);T;Unbekannt;49.474827;8.796464;100.0;;;;;;Interpoliert;242.8;-2.85;asphalt;primary_link;
Routenpunkt (Way);T;Unbekannt;49.474714;8.796548;100.0;;;;;;Interpoliert;242.9;-2.42;asphalt;primary_link;
Routenpunkt (Way);T;Unbekannt;49.4746;8.796633;100.0;;;;;;Interpoliert;241.9;-4.01;asphalt;primary_link;
Routenpunkt (Way);T;Unbekannt;49.474487;8.796718;100.0;;;;;;Original OSM;240.9;-4.01;asphalt;primary_link;
Routenpunkt (Way);T;Unbekannt;49.474372;8.796795;100.0;;;;;;Interpoliert;239.9;-4.0;asphalt;primary_link;
Routenpunkt (Way);T;Unbekannt;49.474258;8.796872;100.0;;;;;;Interpoliert;240.0;-2.41;asphalt;primary_link;
Routenpunkt (Way);T;Unbekannt;49.474144;8.79695;100.0;;;;;;Original OSM;240.1;-0.81;asphalt;primary_link;
Routenpunkt (Way);T;Unbekannt;49.474046;8.797006;100.0;;;;;;Interpoliert;240.2;-1.26;asphalt;primary_link;
Routenpunkt (Way);T;Unbekannt;49.473948;8.797062;100.0;;;;;;Interpoliert;240.3;-1.27;asphalt;primary_link;
Routenpunkt (Way);T;Unbekannt;49.47385;8.797118;100.0;;;;;;Original OSM;239.2;-2.67;asphalt;primary_link;
Routenpunkt (Way);T;Unbekannt;49.473732;8.797196;100.0;;;;;;Interpoliert;239.3;-2.51;asphalt;primary_link;
Routenpunkt (Way);T;Unbekannt;49.473613;8.797275;100.0;;;;;;Original OSM;238.4;-2.34;asphalt;primary_link;
Routenpunkt (Way);T;Unbekannt;49.473515;8.797353;100.0;;;;;;Interpoliert;238.6;-0.1;asphalt;primary_link;
Routenpunkt (Way);T;;49.473425;8.797432;100.0;;;;;;Interpoliert (15m);238.8;0.03;asphalt;primary_link;
Routenpunkt (Way);T;Altneudorfer Straße;49.473334;8.797512;100.0;;;;;;Original OSM;239.0;1.55;asphalt;primary_link;
Routenpunkt (Way);T;;49.473225;8.79763;100.0;;;;;;Interpoliert (15m);239.2;1.55;asphalt;primary_link;
Routenpunkt (Way);T;Altneudorfer Straße;49.473115;8.797749;100.0;;;;;;Interpoliert;239.4;3.12;asphalt;primary_link;
Routenpunkt (Way);T;Altneudorfer Straße;49.473026;8.797855;100.0;;;;;;Interpoliert;239.6;2.61;asphalt;primary_link;
Routenpunkt (Way);T;Altneudorfer Straße;49.472937;8.79796;100.0;;;;;;Original OSM;240.8;0.21;asphalt;primary_link;
Routenpunkt (Way);T;Altneudorfer Straße;49.472855;8.798073;100.0;;;;;;Interpoliert;240.7;-0.48;asphalt;primary_link;
Routenpunkt (Way);T;Altneudorfer Straße;49.472773;8.798186;100.0;;;;;;Original OSM;239.4;-1.23;asphalt;primary_link;
Routenpunkt (Way);T;Altneudorfer Straße;49.472677;8.79831;100.0;;;;;;Interpoliert;239.1;-3.58;asphalt;primary_link;
Routenpunkt (Way);T;Altneudorfer Straße;49.472581;8.798434;100.0;;;;;;Original OSM;238.8;-3.84;asphalt;primary_link;
Routenpunkt (Way);T;Altneudorfer Straße;49.472481;8.798554;100.0;;;;;;Interpoliert;238.5;-1.29;asphalt;primary_link;
Routenpunkt (Way);T;Altneudorfer Straße;49.472382;8.798674;100.0;;;;;;Interpoliert;238.2;-0.28;asphalt;primary_link;
Routenpunkt (Way);T;Altneudorfer Straße;49.472282;8.798794;100.0;;;;;;Interpoliert;238.5;0.72;asphalt;primary_link;
Routenpunkt (Way);T;;49.47221;8.798887;100.0;;;;;;Interpoliert (15m);238.8;-0.19;asphalt;primary_link;
Routenpunkt (Way);T;;49.472137;8.798979;100.0;;;;;;Interpoliert (15m);239.1;1.15;asphalt;primary_link;
Routenpunkt (Way);T;Altneudorfer Straße;49.472064;8.799072;100.0;;;;;;Original OSM;238.4;-0.19;asphalt;primary_link;
Routenpunkt (Way);T;;49.471978;8.799196;100.0;;;;;;Interpoliert (15m);239.0;-1.98;asphalt;primary_link;
Routenpunkt (Way);T;Altneudorfer Straße;49.471892;8.799321;100.0;;;;;;Original OSM;238.4;-2.55;asphalt;primary_link;
Routenpunkt (Way);T;;49.471835;8.799425;100.0;;;;;;Interpoliert (15m);237.8;-1.21;asphalt;primary_link;
Routenpunkt (Way);T;Altneudorfer Straße;49.471777;8.799529;100.0;;;;;;Original OSM;237.8;-2.13;asphalt;primary_link;
Routenpunkt (Way);T;;49.471712;8.799655;100.0;;;;;;Interpoliert (15m);237.8;-2.14;asphalt;primary_link;
Routenpunkt (Way);T;Altneudorfer Straße;49.471647;8.799781;100.0;;;;;;Interpoliert;237.8;-1.86;asphalt;primary_link;
Routenpunkt (Way);T;Altneudorfer Straße;49.471573;8.799919;100.0;;;;;;Interpoliert;237.2;-2.79;asphalt;primary_link;
Routenpunkt (Way);T;Altneudorfer Straße;49.4715;8.800057;100.0;;;;;;Interpoliert;236.6;-3.72;asphalt;primary_link;
Routenpunkt (Way);T;Altneudorfer Straße;49.471426;8.800196;100.0;;;;;;Interpoliert;236.0;-2.73;asphalt;primary_link;
Routenpunkt (Way);T;Altneudorfer Straße;49.471353;8.800334;100.0;;;;;;Original OSM;235.4;0.95;asphalt;primary_link;
Routenpunkt (Way);T;Altneudorfer Straße;49.471296;8.800442;100.0;;;;;;Original OSM;235.9;4.41;asphalt;primary_link;
Routenpunkt (Way);T;Altneudorfer Straße;49.471217;8.800563;100.0;;;;;;Original OSM;237.6;4.07;asphalt;primary_link;
Routenpunkt (Way);T;Altneudorfer Straße;49.471131;8.800694;100.0;;;;;;Interpoliert;239.3;3.74;asphalt;primary_link;
Routenpunkt (Way);T;;49.47106;8.800801;100.0;;;;;;Interpoliert (15m);238.6;1.41;asphalt;primary_link;
Routenpunkt (Way);T;Altneudorfer Straße;49.47099;8.800909;100.0;;;;;;Original OSM;237.9;-2.68;asphalt;primary_link;
Routenpunkt (Way);T;;49.470925;8.801013;100.0;;;;;;Interpoliert (15m);237.2;-4.77;asphalt;primary_link;
Routenpunkt (Way);T;Altneudorfer Straße;49.470859;8.801117;100.0;;;;;;Interpoliert;236.5;-3.06;asphalt;primary_link;
Routenpunkt (Way);T;Altneudorfer Straße;49.470775;8.801256;100.0;;;;;;Original OSM;236.8;-1.32;asphalt;primary_link;
Routenpunkt (Way);T;Altneudorfer Straße;49.470693;8.801391;100.0;;;;;;Original OSM;237.1;-1.17;asphalt;primary_link;
Routenpunkt (Way);T;Altneudorfer Straße;49.470615;8.80152;100.0;;;;;;Original OSM;237.4;-1.01;asphalt;primary_link;
Routenpunkt (Way);T;Altneudorfer Straße;49.470531;8.801655;50.0;;;;;;Interpoliert;236.6;0.06;asphalt;primary_link;
Routenpunkt (Way);T;Altneudorfer Straße;49.470448;8.80179;50.0;;;;;;Original OSM;235.8;0.44;asphalt;primary_link;
Routenpunkt (Way);T;Altneudorfer Straße;49.470368;8.801949;50.0;;;;;;Interpoliert;236.9;0.79;asphalt;primary_link;
Routenpunkt (Way);T;Altneudorfer Straße;49.470287;8.802108;50.0;;;;;;Interpoliert;237.5;2.81;asphalt;primary_link;
Routenpunkt (Way);T;Altneudorfer Straße;49.470207;8.802267;50.0;;;;;;Interpoliert;238.1;5.07;asphalt;primary_link;
Routenpunkt (Way);T;Altneudorfer Straße;49.470127;8.802426;50.0;;;;;;Original OSM;238.7;3.0;asphalt;primary_link;
Routenpunkt (Way);T;Altneudorfer Straße;49.470053;8.80253;50.0;;;;;;Original OSM;239.3;1.6;asphalt;primary_link;
Routenpunkt (Way);T;Altneudorfer Straße;49.469955;8.802661;50.0;;;;;;Original OSM;238.9;0.04;asphalt;primary_link;
Routenpunkt (Way);T;Altneudorfer Straße;49.469844;8.802751;50.0;;;;;;Original OSM;238.5;-1.52;asphalt;primary_link;
Routenpunkt (Way);T;Altneudorfer Straße;49.469749;8.802786;50.0;;;;;;Interpoliert;238.1;-5.58;asphalt;primary_link;
Routenpunkt (Way);T;Altneudorfer Straße;49.469654;8.80282;50.0;;;;;;Original OSM;237.7;-11.55;asphalt;primary_link;
Routenpunkt (Way);T;Altneudorfer Straße;49.469558;8.802829;50.0;;;;;;Interpoliert;236.1;-13.1;asphalt;primary_link;
Routenpunkt (Way);T;Altneudorfer Straße;49.469461;8.802838;50.0;;;;;;Original OSM;232.6;-14.47;asphalt;primary_link;
Routenpunkt (Way);T;Altneudorfer Straße;49.469359;8.802841;50.0;;;;;;Interpoliert;231.4;-16.07;asphalt;primary_link;
Routenpunkt (Way);T;Altneudorfer Straße;49.469257;8.802844;50.0;;;;;;Interpoliert;230.2;-15.43;asphalt;primary_link;
Routenpunkt (Way);T;;49.469165;8.80285;50.0;;;;;;Interpoliert (15m);229.0;-11.11;asphalt;primary_link;
Routenpunkt (Way);T;Altneudorfer Straße;49.469073;8.802856;50.0;;;;;;Original OSM;227.8;-11.21;asphalt;primary_link;
Routenpunkt (Way);T;;49.468976;8.802882;50.0;;;;;;Interpoliert (15m);226.6;-11.0;asphalt;primary_link;
Routenpunkt (Way);T;Altneudorfer Straße;49.46888;8.802907;50.0;;;;;;Interpoliert;225.4;-10.72;asphalt;primary_link;
Routenpunkt (Way);T;Altneudorfer Straße;49.46877;8.802949;50.0;;;;;;Interpoliert;224.2;-8.56;asphalt;primary_link;
Routenpunkt (Way);T;Altneudorfer Straße;49.46866;8.80299;50.0;;;;;;Original OSM;222.9;-6.52;asphalt;primary_link;
Routenpunkt (Way);T;Altneudorfer Straße;49.468557;8.803019;50.0;;;;;;Interpoliert;222.8;-4.49;asphalt;primary_link;
Routenpunkt (Way);T;Altneudorfer Straße;49.468455;8.803048;50.0;;;;;;Interpoliert;222.7;-2.79;asphalt;primary_link;
Routenpunkt (Way);T;Altneudorfer Straße;49.468352;8.803076;50.0;;;;;;Interpoliert;222.6;-0.94;asphalt;primary_link;
Routenpunkt (Way);T;;49.468268;8.803096;50.0;;;;;;Interpoliert (15m);222.5;-0.96;asphalt;primary_link;
Routenpunkt (Way);T;Altneudorfer Straße;49.468183;8.803116;50.0;;;;;;Original OSM;222.4;-0.98;asphalt;primary_link;
Routenpunkt (Way);T;;49.46809;8.803125;50.0;;;;;;Interpoliert (15m);222.3;-1.01;asphalt;primary_link;
Routenpunkt (Way);T;Altneudorfer Straße;49.467998;8.803133;50.0;;;;;;Original OSM;222.2;-1.0;asphalt;primary_link;
Routenpunkt (Way);T;;49.467908;8.803118;50.0;;;;;;Interpoliert (15m);222.1;-0.59;asphalt;primary_link;
Routenpunkt (Way);T;Altneudorfer Straße;49.467819;8.803104;50.0;;;;;;Original OSM;222.0;-0.2;asphalt;primary_link;
Routenpunkt (Way);T;;49.467736;8.803044;50.0;;;;;;Interpoliert (15m);222.1;0.19;asphalt;primary_link;
Routenpunkt (Way);T;;49.467652;8.802983;50.0;;;;;;Interpoliert (15m);222.2;0.62;asphalt;primary_link;
Routenpunkt (Way);T;Altneudorfer Straße;49.467569;8.802923;50.0;;;;;;Original OSM;222.3;1.05;asphalt;primary_link;
Routenpunkt (Way);T;;49.467508;8.802846;50.0;;;;;;Interpoliert (15m);222.4;0.29;asphalt;primary_link;
Routenpunkt (Way);T;Altneudorfer Straße;49.467448;8.80277;50.0;;;;;;Interpoliert;222.5;0.26;asphalt;primary_link;
Routenpunkt (Way);T;Altneudorfer Straße;49.467376;8.802672;50.0;;;;;;Original OSM;222.2;0.25;asphalt;primary_link;
Routenpunkt (Way);T;Altneudorfer Straße;49.467284;8.802577;50.0;;;;;;Original OSM;222.3;0.02;asphalt;primary_link;
Routenpunkt (Way);T;Altneudorfer Straße;49.467194;8.80252;50.0;;;;;;Original OSM;222.4;-0.21;asphalt;primary_link;
Routenpunkt (Way);T;;49.467086;8.802507;50.0;;;;;;Interpoliert (15m);222.4;0.2;asphalt;primary_link;
Routenpunkt (Way);T;Altneudorfer Straße;49.466978;8.802495;50.0;;;;;;Original OSM;222.4;-0.7;asphalt;primary_link;
Routenpunkt (Way);T;;49.466859;8.80254;50.0;;;;;;Interpoliert (15m);222.3;-1.57;asphalt;primary_link;
Routenpunkt (Way);T;Altneudorfer Straße;49.46674;8.802585;50.0;;;;;;Original OSM;221.8;-2.26;asphalt;primary_link;
Routenpunkt (Way);T;Altneudorfer Straße;49.46662;8.802666;50.0;;;;;;Interpoliert;221.3;-2.97;asphalt;primary_link;
Routenpunkt (Way);T;Adam-Remmele-Straße;49.466501;8.802748;50.0;;;;;;Original OSM;220.8;-2.98;asphalt;primary_link;
Routenpunkt (Way);T;Adam-Remmele-Straße;49.466441;8.802577;50.0;;;;;;Original OSM;220.3;-2.92;asphalt;primary_link;
Routenpunkt (Way);T;Adam-Remmele-Straße;49.466418;8.802408;50.0;;;;;;Original OSM;220.2;-2.81;asphalt;primary_link;
Routenpunkt (Way);T;Adam-Remmele-Straße;49.46645;8.802251;50.0;;;;;;Original OSM;219.8;-2.5;asphalt;primary_link;
Routenpunkt (Way);T;Adam-Remmele-Straße;49.466491;8.802119;50.0;;;;;;Interpoliert;219.5;-2.12;asphalt;primary_link;
Routenpunkt (Way);T;Adam-Remmele-Straße;49.466531;8.801987;50.0;;;;;;Original OSM;219.3;-2.29;asphalt;primary_link;
Routenpunkt (Way);T;;49.466599;8.80186;50.0;;;;;;Interpoliert (15m);219.1;-1.17;asphalt;primary_link;
Routenpunkt (Way);T;Adam-Remmele-Straße;49.466667;8.801732;50.0;;;;;;Original OSM;218.9;-0.16;asphalt;primary_link;
Routenpunkt (Way);T;;49.466731;8.801655;50.0;;;;;;Interpoliert (15m);219.1;0.58;asphalt;primary_link;
Routenpunkt (Way);T;Adam-Remmele-Straße;49.466794;8.801578;50.0;;;;;;Original OSM;219.3;1.28;asphalt;primary_link;
Routenpunkt (Way);T;Adam-Remmele-Straße;49.466882;8.801503;50.0;;;;;;Original OSM;219.5;1.61;asphalt;primary_link;
Routenpunkt (Way);T;Adam-Remmele-Straße;49.466976;8.801451;50.0;;;;;;Interpoliert;219.7;1.31;asphalt;primary_link;
Haltestelle;W;Altneudorf, Steinachbrücke;49.466976;8.801451;50.0;09:20:00;09:20:00;Kein Umlauf;Mo,Di,Mi,Do,Fr;446.0;Original GTFS (Snap-Distanz 5m) | Auf Route gesnappt (10m);219.9;0.86;asphalt;primary_link;
Routenpunkt (Way);T;;49.467093;8.801395;50.0;;;;;;Interpoliert (15m);220.0;0.51;asphalt;primary_link;
Routenpunkt (Way);T;Adam-Remmele-Straße;49.467211;8.801339;50.0;;;;;;Original OSM;220.0;0.15;asphalt;primary_link;
Routenpunkt (Way);T;;49.467283;8.801311;50.0;;;;;;Interpoliert (15m);220.0;0.15;asphalt;primary_link;
Routenpunkt (Way);T;Adam-Remmele-Straße;49.467356;8.801283;50.0;;;;;;Interpoliert;220.0;0.0;asphalt;primary_link;
Routenpunkt (Way);T;Adam-Remmele-Straße;49.467472;8.801239;50.0;;;;;;Interpoliert;220.0;0.0;asphalt;primary_link;
Routenpunkt (Way);T;;49.467563;8.8012;50.0;;;;;;Interpoliert (15m);220.0;0.82;asphalt;primary_link;
Routenpunkt (Way);T;Adam-Remmele-Straße;49.467653;8.801161;50.0;;;;;;Original OSM;220.0;1.64;asphalt;primary_link;
Routenpunkt (Way);T;;49.467753;8.801094;50.0;;;;;;Interpoliert (15m);220.5;2.6;asphalt;primary_link;
Routenpunkt (Way);T;Adam-Remmele-Straße;49.467854;8.801027;50.0;;;;;;Original OSM;221.0;3.56;asphalt;primary_link;
Routenpunkt (Way);T;;49.467934;8.800951;50.0;;;;;;Interpoliert (15m);221.5;4.24;asphalt;primary_link;
Routenpunkt (Way);T;Adam-Remmele-Straße;49.468014;8.800875;50.0;;;;;;Original OSM;222.0;4.35;asphalt;primary_link;
Routenpunkt (Way);T;Adam-Remmele-Straße;49.468119;8.800751;50.0;;;;;;Original OSM;222.5;4.46;asphalt;primary_link;
Routenpunkt (Way);T;;49.468183;8.800641;50.0;;;;;;Interpoliert (15m);223.0;5.01;asphalt;primary_link;
Routenpunkt (Way);T;Adam-Remmele-Straße;49.468248;8.800531;50.0;;;;;;Original OSM;223.5;5.57;asphalt;primary_link;
Routenpunkt (Way);T;;49.468293;8.800423;50.0;;;;;;Interpoliert (15m);224.2;6.56;asphalt;primary_link;
Routenpunkt (Way);T;Adam-Remmele-Straße;49.468337;8.800315;50.0;;;;;;Original OSM;224.9;6.1;asphalt;primary_link;
Routenpunkt (Way);T;;49.468371;8.800211;50.0;;;;;;Interpoliert (15m);225.6;5.45;asphalt;primary_link;
Routenpunkt (Way);T;Adam-Remmele-Straße;49.468404;8.800107;50.0;;;;;;Interpoliert;225.8;4.23;asphalt;primary_link;
Routenpunkt (Way);T;Adam-Remmele-Straße;49.468461;8.799933;50.0;;;;;;Interpoliert;226.0;3.78;asphalt;primary_link;
Routenpunkt (Way);T;Adam-Remmele-Straße;49.468518;8.79976;50.0;;;;;;Original OSM;226.2;3.17;asphalt;primary_link;
Routenpunkt (Way);T;Adam-Remmele-Straße;49.468564;8.79962;50.0;;;;;;Interpoliert;226.8;3.75;asphalt;primary_link;
Routenpunkt (Way);T;Adam-Remmele-Straße;49.46861;8.79948;50.0;;;;;;Interpoliert;227.4;4.62;asphalt;primary_link;
Routenpunkt (Way);T;Adam-Remmele-Straße;49.468656;8.79934;50.0;;;;;;Original OSM;228.0;5.1;asphalt;primary_link;
Routenpunkt (Way);T;Adam-Remmele-Straße;49.4687;8.799213;50.0;;;;;;Interpoliert;228.6;4.84;asphalt;primary_link;
Routenpunkt (Way);T;Adam-Remmele-Straße;49.468744;8.799086;50.0;;;;;;Original OSM;229.0;4.97;asphalt;primary_link;
Routenpunkt (Way);T;Adam-Remmele-Straße;49.468783;8.798961;50.0;;;;;;Interpoliert;229.4;4.95;asphalt;primary_link;
Routenpunkt (Way);T;Adam-Remmele-Straße;49.468822;8.798835;50.0;;;;;;Original OSM;230.0;4.84;asphalt;primary_link;
Routenpunkt (Way);T;Adam-Remmele-Straße;49.468865;8.79869;50.0;;;;;;Interpoliert;230.6;5.12;asphalt;primary_link;
Routenpunkt (Way);T;Adam-Remmele-Straße;49.468908;8.798546;50.0;;;;;;Interpoliert;231.2;4.5;asphalt;primary_link;
Routenpunkt (Way);T;Adam-Remmele-Straße;49.468951;8.798401;50.0;;;;;;Interpoliert;231.8;4.0;asphalt;primary_link;
Routenpunkt (Way);T;Adam-Remmele-Straße;49.468994;8.798257;50.0;;;;;;Original OSM;231.9;3.66;asphalt;primary_link;
Routenpunkt (Way);T;Adam-Remmele-Straße;49.469049;8.798077;50.0;;;;;;Interpoliert;232.4;3.31;asphalt;primary_link;
Routenpunkt (Way);T;Adam-Remmele-Straße;49.469104;8.797898;50.0;;;;;;Interpoliert;232.9;3.14;asphalt;primary_link;
Routenpunkt (Way);T;Adam-Remmele-Straße;49.469159;8.797719;50.0;;;;;;Original OSM;233.4;3.84;asphalt;primary_link;
Routenpunkt (Way);T;Adam-Remmele-Straße;49.469203;8.797576;50.0;;;;;;Interpoliert;233.9;3.67;asphalt;primary_link;
Routenpunkt (Way);T;Adam-Remmele-Straße;49.469247;8.797433;50.0;;;;;;Interpoliert;234.4;5.93;asphalt;primary_link;
Routenpunkt (Way);T;Adam-Remmele-Straße;49.469292;8.79729;50.0;;;;;;Interpoliert;234.7;8.19;asphalt;primary_link;
Routenpunkt (Way);T;;49.469324;8.797169;50.0;;;;;;Interpoliert (15m);236.1;11.47;asphalt;primary_link;
Routenpunkt (Way);T;Adam-Remmele-Straße;49.469356;8.797048;50.0;;;;;;Original OSM;237.5;12.95;asphalt;primary_link;
Haltestelle;W;Altneudorf, Im Hauskorb;49.469373;8.796958;50.0;09:21:00;09:21:00;Kein Umlauf;Mo,Di,Mi,Do,Fr;446.0;Original GTFS (Snap-Distanz 2m) | Auf Route gesnappt (7m);238.9;14.16;asphalt;primary_link;
Routenpunkt (Way);T;;49.469382;8.796782;50.0;;;;;;Interpoliert (15m);240.4;13.13;asphalt;primary_link;
Routenpunkt (Way);T;Adam-Remmele-Straße;49.469392;8.796607;50.0;;;;;;Original OSM;241.5;14.04;asphalt;primary_link;
Routenpunkt (Way);T;;49.469375;8.796452;50.0;;;;;;Interpoliert (15m);242.6;13.76;asphalt;primary_link;
Routenpunkt (Way);T;;49.469358;8.796297;50.0;;;;;;Interpoliert (15m);244.8;15.71;asphalt;primary_link;
Routenpunkt (Way);T;Adam-Remmele-Straße;49.469341;8.796141;50.0;;;;;;Original OSM;247.0;15.16;asphalt;primary_link;
Routenpunkt (Way);T;;49.469315;8.796006;50.0;;;;;;Interpoliert (15m);249.2;12.43;asphalt;primary_link;
Routenpunkt (Way);T;Adam-Remmele-Straße;49.469289;8.795871;50.0;;;;;;Interpoliert;249.8;8.72;asphalt;primary_link;
Routenpunkt (Way);T;Adam-Remmele-Straße;49.469256;8.795705;50.0;;;;;;Interpoliert;249.3;5.06;asphalt;primary_link;
Routenpunkt (Way);T;Adam-Remmele-Straße;49.469223;8.795539;50.0;;;;;;Original OSM;249.4;0.88;asphalt;primary_link;
Routenpunkt (Way);T;Adam-Remmele-Straße;49.469192;8.795408;50.0;;;;;;Original OSM;249.5;-0.12;asphalt;primary_link;
Routenpunkt (Way);T;Adam-Remmele-Straße;49.46915;8.795226;50.0;;;;;;Interpoliert;249.6;0.85;asphalt;primary_link;
Routenpunkt (Way);T;;49.469115;8.795078;50.0;;;;;;Interpoliert (15m);249.7;0.12;asphalt;primary_link;
Routenpunkt (Way);T;Adam-Remmele-Straße;49.469079;8.79493;50.0;;;;;;Original OSM;249.8;-0.66;asphalt;primary_link;
Routenpunkt (Way);T;;49.469046;8.794795;50.0;;;;;;Interpoliert (15m);249.5;-1.21;asphalt;primary_link;
Routenpunkt (Way);T;Adam-Remmele-Straße;49.469014;8.79466;50.0;;;;;;Interpoliert;249.2;0.51;asphalt;primary_link;
Routenpunkt (Way);T;Adam-Remmele-Straße;49.468968;8.794471;50.0;;;;;;Original OSM;248.9;2.3;asphalt;primary_link;
Routenpunkt (Way);T;Adam-Remmele-Straße;49.46893;8.794291;50.0;;;;;;Original OSM;250.2;4.06;asphalt;primary_link;
Routenpunkt (Way);T;Adam-Remmele-Straße;49.468886;8.79412;50.0;;;;;;Original OSM;251.5;8.37;asphalt;primary_link;
Routenpunkt (Way);T;Adam-Remmele-Straße;49.468857;8.793964;50.0;;;;;;Original OSM;252.2;12.5;asphalt;primary_link;
Routenpunkt (Way);T;;49.468833;8.793819;50.0;;;;;;Interpoliert (15m);254.2;14.79;asphalt;primary_link;
Routenpunkt (Way);T;Adam-Remmele-Straße;49.46881;8.793675;50.0;;;;;;Original OSM;256.2;17.01;asphalt;primary_link;
Routenpunkt (Way);T;;49.46879;8.793547;50.0;;;;;;Interpoliert (15m);258.2;18.14;asphalt;primary_link;
Routenpunkt (Way);T;Adam-Remmele-Straße;49.46877;8.793418;50.0;;;;;;Original OSM;260.2;17.44;asphalt;primary_link;
Routenpunkt (Way);T;Adam-Remmele-Straße;49.468759;8.793264;50.0;;;;;;Interpoliert;261.5;16.75;asphalt;primary_link;
Routenpunkt (Way);T;Adam-Remmele-Straße;49.468748;8.793109;50.0;;;;;;Interpoliert;263.2;14.89;asphalt;primary_link;
Routenpunkt (Way);T;Adam-Remmele-Straße;49.468737;8.792955;50.0;;;;;;Original OSM;264.9;13.03;asphalt;primary_link;
Routenpunkt (Way);T;Adam-Remmele-Straße;49.468724;8.792754;50.0;;;;;;Interpoliert;266.6;13.46;asphalt;primary_link;
Routenpunkt (Way);T;Adam-Remmele-Straße;49.468711;8.792553;50.0;;;;;;Interpoliert;268.3;11.4;asphalt;primary_link;
Routenpunkt (Way);T;Adam-Remmele-Straße;49.468697;8.792352;50.0;;;;;;Interpoliert;270.3;9.33;asphalt;primary_link;
Routenpunkt (Way);T;Adam-Remmele-Straße;49.468684;8.792152;50.0;;;;;;Interpoliert;271.0;8.07;asphalt;primary_link;
Routenpunkt (Way);T;Adam-Remmele-Straße;49.468671;8.791951;50.0;;;;;;Original OSM;271.7;6.82;asphalt;primary_link;
Routenpunkt (Way);T;Adam-Remmele-Straße;49.468667;8.791771;50.0;;;;;;Interpoliert;272.4;4.85;asphalt;primary_link;
Routenpunkt (Way);T;Adam-Remmele-Straße;49.468663;8.791592;50.0;;;;;;Original OSM;273.1;4.06;asphalt;primary_link;
Routenpunkt (Way);T;Adam-Remmele-Straße;49.46866;8.791412;50.0;;;;;;Original OSM;273.6;3.28;asphalt;primary_link;
Routenpunkt (Way);T;Adam-Remmele-Straße;49.468662;8.791256;50.0;;;;;;Interpoliert;273.7;2.36;asphalt;primary_link;
Routenpunkt (Way);T;Adam-Remmele-Straße;49.468665;8.7911;50.0;;;;;;Original OSM;273.8;1.44;asphalt;primary_link;
Routenpunkt (Way);T;Adam-Remmele-Straße;49.468676;8.790927;50.0;;;;;;Interpoliert;273.9;-0.6;asphalt;primary_link;
Routenpunkt (Way);T;Adam-Remmele-Straße;49.468686;8.790755;50.0;;;;;;Interpoliert;274.0;-2.06;asphalt;primary_link;
Routenpunkt (Way);T;Adam-Remmele-Straße;49.468697;8.790583;50.0;;;;;;Interpoliert;273.2;-3.56;asphalt;primary_link;
Routenpunkt (Way);T;Adam-Remmele-Straße;49.468708;8.79041;50.0;;;;;;Original OSM;272.4;-4.83;asphalt;primary_link;
Routenpunkt (Way);T;Adam-Remmele-Straße;49.468727;8.790245;50.0;;;;;;Original OSM;271.6;-5.97;asphalt;primary_link;
Routenpunkt (Way);T;Adam-Remmele-Straße;49.468747;8.790049;50.0;;;;;;Interpoliert;270.8;-5.39;asphalt;primary_link;
Routenpunkt (Way);T;Adam-Remmele-Straße;49.468767;8.789853;50.0;;;;;;Interpoliert;270.1;-5.08;asphalt;primary_link;
Routenpunkt (Way);T;Johann-Wilhelm-Straße;49.468787;8.789657;50.0;;;;;;Original OSM;269.6;-4.52;asphalt;primary_link;
Routenpunkt (Way);T;Johann-Wilhelm-Straße;49.468806;8.789517;50.0;;;;;;Interpoliert;269.1;-4.1;asphalt;primary_link;
Routenpunkt (Way);T;Johann-Wilhelm-Straße;49.468829;8.789338;50.0;;;;;;Original OSM;268.6;-3.12;asphalt;primary_link;
Haltestelle;W;Wilhelmsfeld, Kettenschmiede;49.468853;8.789143;50.0;09:22:00;09:22:00;Kein Umlauf;Mo,Di,Mi,Do,Fr;446.0;Original GTFS (Snap-Distanz 5m) | Auf Route gesnappt (5m);268.1;-2.25;asphalt;primary_link;
Routenpunkt (Way);T;Johann-Wilhelm-Straße;49.468853;8.789143;50.0;;;;;;Original OSM;267.6;-0.92;asphalt;primary_link;
Routenpunkt (Way);T;Johann-Wilhelm-Straße;49.46887;8.788991;50.0;;;;;;Interpoliert;267.7;0.2;asphalt;primary_link;
Routenpunkt (Way);T;Johann-Wilhelm-Straße;49.468887;8.78884;50.0;;;;;;Interpoliert;267.9;1.24;asphalt;primary_link;
Routenpunkt (Way);T;Johann-Wilhelm-Straße;49.468904;8.788688;50.0;;;;;;Original OSM;268.1;1.41;asphalt;primary_link;
Routenpunkt (Way);T;;49.468918;8.788526;50.0;;;;;;Interpoliert (15m);268.3;1.39;asphalt;primary_link;
Routenpunkt (Way);T;Johann-Wilhelm-Straße;49.468932;8.788364;50.0;;;;;;Original OSM;268.4;1.52;asphalt;primary_link;
Routenpunkt (Way);T;;49.468941;8.788195;50.0;;;;;;Interpoliert (15m);268.5;1.68;asphalt;primary_link;
Routenpunkt (Way);T;Johann-Wilhelm-Straße;49.46895;8.788026;50.0;;;;;;Interpoliert;268.8;1.84;asphalt;primary_link;
Routenpunkt (Way);T;Johann-Wilhelm-Straße;49.468955;8.787867;50.0;;;;;;Original OSM;269.1;2.17;asphalt;primary_link;
Routenpunkt (Way);T;Johann-Wilhelm-Straße;49.468951;8.7877;50.0;;;;;;Interpoliert;269.4;2.5;asphalt;primary_link;
Routenpunkt (Way);T;Johann-Wilhelm-Straße;49.468947;8.787532;50.0;;;;;;Interpoliert;269.7;2.17;asphalt;primary_link;
Routenpunkt (Way);T;Johann-Wilhelm-Straße;49.468942;8.787365;50.0;;;;;;Interpoliert;270.0;1.82;asphalt;primary_link;
Routenpunkt (Way);T;Johann-Wilhelm-Straße;49.468938;8.787198;50.0;;;;;;Interpoliert;270.1;1.5;asphalt;primary_link;
Routenpunkt (Way);T;Johann-Wilhelm-Straße;49.468934;8.78703;50.0;;;;;;Original OSM;270.2;1.19;asphalt;primary_link;
Routenpunkt (Way);T;Johann-Wilhelm-Straße;49.468936;8.786878;50.0;;;;;;Interpoliert;270.3;0.88;asphalt;primary_link;
Routenpunkt (Way);T;Johann-Wilhelm-Straße;49.468938;8.786725;50.0;;;;;;Original OSM;270.4;0.86;asphalt;primary_link;
Routenpunkt (Way);T;Johann-Wilhelm-Straße;49.468942;8.786573;50.0;;;;;;Original OSM;270.5;0.87;asphalt;primary_link;
Routenpunkt (Way);T;Johann-Wilhelm-Straße;49.468961;8.786388;50.0;;;;;;Original OSM;270.6;0.86;asphalt;primary_link;
Routenpunkt (Way);T;Johann-Wilhelm-Straße;49.468986;8.786236;50.0;;;;;;Interpoliert;270.7;6.85;asphalt;primary_link;
Routenpunkt (Way);T;Johann-Wilhelm-Straße;49.46901;8.786083;50.0;;;;;;Interpoliert;270.8;10.18;asphalt;primary_link;
Routenpunkt (Way);T;Johann-Wilhelm-Straße;49.469034;8.78593;50.0;;;;;;Original OSM;274.3;13.68;asphalt;primary_link;
Routenpunkt (Way);T;Johann-Wilhelm-Straße;49.469068;8.785741;50.0;;;;;;Interpoliert;276.8;17.16;asphalt;primary_link;
Routenpunkt (Way);T;Johann-Wilhelm-Straße;49.469103;8.785551;50.0;;;;;;Interpoliert;279.4;20.63;asphalt;primary_link;
Routenpunkt (Way);T;Johann-Wilhelm-Straße;49.469137;8.785361;50.0;;;;;;Interpoliert;282.0;18.11;asphalt;primary_link;
Routenpunkt (Way);T;Johann-Wilhelm-Straße;49.469172;8.785171;50.0;;;;;;Interpoliert;284.6;16.01;asphalt;primary_link;
Routenpunkt (Way);T;Johann-Wilhelm-Straße;49.469207;8.784981;50.0;;;;;;Interpoliert;287.2;13.43;asphalt;primary_link;
Routenpunkt (Way);T;Johann-Wilhelm-Straße;49.469241;8.784792;50.0;;;;;;Original OSM;288.2;10.86;asphalt;primary_link;
Routenpunkt (Way);T;Johann-Wilhelm-Straße;49.469277;8.784594;50.0;;;;;;Interpoliert;289.0;8.28;asphalt;primary_link;
Routenpunkt (Way);T;Johann-Wilhelm-Straße;49.469313;8.784395;50.0;;;;;;Interpoliert;289.8;0.16;asphalt;primary_link;
Routenpunkt (Way);T;Johann-Wilhelm-Straße;49.469349;8.784197;50.0;;;;;;Original OSM;290.6;-4.17;asphalt;primary_link;
Routenpunkt (Way);T;Johann-Wilhelm-Straße;49.469377;8.784023;50.0;;;;;;Interpoliert;287.7;-8.18;asphalt;primary_link;
Routenpunkt (Way);T;Johann-Wilhelm-Straße;49.469405;8.783849;50.0;;;;;;Interpoliert;285.8;-12.11;asphalt;primary_link;
Routenpunkt (Way);T;Johann-Wilhelm-Straße;49.469433;8.783674;50.0;;;;;;Original OSM;283.9;-16.04;asphalt;primary_link;
Routenpunkt (Way);T;Johann-Wilhelm-Straße;49.469442;8.78349;50.0;;;;;;Interpoliert;282.0;-13.43;asphalt;primary_link;
Routenpunkt (Way);T;Johann-Wilhelm-Straße;49.469452;8.783307;50.0;;;;;;Original OSM;280.1;-9.88;asphalt;primary_link;
Routenpunkt (Way);T;Johann-Wilhelm-Straße;49.46944;8.78313;50.0;;;;;;Interpoliert;278.9;-6.33;asphalt;primary_link;
Routenpunkt (Way);T;Johann-Wilhelm-Straße;49.469429;8.782952;50.0;;;;;;Interpoliert;279.3;-2.85;asphalt;primary_link;
Routenpunkt (Way);T;Johann-Wilhelm-Straße;49.469417;8.782775;50.0;;;;;;Interpoliert;279.7;0.62;asphalt;primary_link;
Routenpunkt (Way);T;Johann-Wilhelm-Straße;49.469406;8.782598;50.0;;;;;;Interpoliert;280.1;6.36;asphalt;primary_link;
Routenpunkt (Way);T;Johann-Wilhelm-Straße;49.469395;8.782421;50.0;;;;;;Original OSM;280.5;9.62;asphalt;primary_link;
Routenpunkt (Way);T;Johann-Wilhelm-Straße;49.469383;8.782243;50.0;;;;;;Interpoliert;283.0;15.4;asphalt;primary_link;
Routenpunkt (Way);T;Johann-Wilhelm-Straße;49.469372;8.782066;50.0;;;;;;Interpoliert;285.5;21.19;asphalt;primary_link;
Routenpunkt (Way);T;;49.469365;8.781958;50.0;;;;;;Interpoliert (15m);288.0;24.25;asphalt;primary_link;
Routenpunkt (Way);T;Johann-Wilhelm-Straße;49.469358;8.781851;50.0;;;;;;Original OSM;290.5;23.69;asphalt;primary_link;
Routenpunkt (Way);T;Johann-Wilhelm-Straße;49.469345;8.781664;70.0;;;;;;Interpoliert;293.0;26.89;asphalt;primary_link;
Routenpunkt (Way);T;Johann-Wilhelm-Straße;49.469334;8.781515;70.0;;;;;;Original OSM;294.8;27.56;asphalt;primary_link;
Routenpunkt (Way);T;Johann-Wilhelm-Straße;49.469317;8.781365;70.0;;;;;;Interpoliert;298.7;22.35;asphalt;primary_link;
Routenpunkt (Way);T;Johann-Wilhelm-Straße;49.4693;8.781214;70.0;;;;;;Original OSM;302.6;19.87;asphalt;primary_link;
Routenpunkt (Way);T;Johann-Wilhelm-Straße;49.469274;8.781058;70.0;;;;;;Interpoliert;303.3;14.79;asphalt;primary_link;
Routenpunkt (Way);T;Johann-Wilhelm-Straße;49.469247;8.780903;70.0;;;;;;Original OSM;304.0;5.94;asphalt;primary_link;
Routenpunkt (Way);T;Johann-Wilhelm-Straße;49.469208;8.780742;70.0;;;;;;Interpoliert;302.9;-0.42;asphalt;primary_link;
Routenpunkt (Way);T;Johann-Wilhelm-Straße;49.469168;8.780581;70.0;;;;;;Original OSM;301.8;-0.92;asphalt;primary_link;
Routenpunkt (Way);T;Johann-Wilhelm-Straße;49.469122;8.780441;70.0;;;;;;Interpoliert;302.2;-1.41;asphalt;primary_link;
Routenpunkt (Way);T;Johann-Wilhelm-Straße;49.469076;8.780302;70.0;;;;;;Interpoliert;302.6;1.06;asphalt;primary_link;
Routenpunkt (Way);T;Johann-Wilhelm-Straße;49.469031;8.780162;70.0;;;;;;Interpoliert;303.0;0.03;asphalt;primary_link;
Routenpunkt (Way);T;Johann-Wilhelm-Straße;49.468985;8.780022;70.0;;;;;;Original OSM;303.4;-1.17;asphalt;primary_link;
Routenpunkt (Way);T;Johann-Wilhelm-Straße;49.468933;8.779875;70.0;;;;;;Interpoliert;301.7;2.19;asphalt;primary_link;
Routenpunkt (Way);T;Johann-Wilhelm-Straße;49.468881;8.779727;70.0;;;;;;Original OSM;301.4;5.55;asphalt;primary_link;
Routenpunkt (Way);T;Johann-Wilhelm-Straße;49.468819;8.779554;70.0;;;;;;Interpoliert;304.3;8.9;asphalt;primary_link;
Routenpunkt (Way);T;Johann-Wilhelm-Straße;49.468757;8.779381;70.0;;;;;;Interpoliert;307.2;15.77;asphalt;primary_link;
Routenpunkt (Way);T;Johann-Wilhelm-Straße;49.468695;8.779208;70.0;;;;;;Interpoliert;310.1;15.84;asphalt;primary_link;
Routenpunkt (Way);T;Johann-Wilhelm-Straße;49.468634;8.779035;70.0;;;;;;Interpoliert;313.0;11.36;asphalt;primary_link;
Routenpunkt (Way);T;Johann-Wilhelm-Straße;49.468572;8.778862;70.0;;;;;;Interpoliert;312.7;6.87;asphalt;primary_link;
Routenpunkt (Way);T;Johann-Wilhelm-Straße;49.46851;8.778689;70.0;;;;;;Interpoliert;312.4;2.39;asphalt;primary_link;
Routenpunkt (Way);T;Johann-Wilhelm-Straße;49.468448;8.778516;70.0;;;;;;Original OSM;312.1;-0.56;asphalt;primary_link;
Routenpunkt (Way);T;Johann-Wilhelm-Straße;49.468389;8.77834;70.0;;;;;;Interpoliert;311.8;-0.98;asphalt;primary_link;
Routenpunkt (Way);T;Johann-Wilhelm-Straße;49.468329;8.778164;70.0;;;;;;Interpoliert;312.6;-1.4;asphalt;primary_link;
Routenpunkt (Way);T;Johann-Wilhelm-Straße;49.468269;8.777988;70.0;;;;;;Interpoliert;312.0;-1.81;asphalt;primary_link;
Routenpunkt (Way);T;Johann-Wilhelm-Straße;49.46821;8.777812;70.0;;;;;;Interpoliert;311.4;-2.23;asphalt;primary_link;
Routenpunkt (Way);T;Johann-Wilhelm-Straße;49.46815;8.777636;70.0;;;;;;Interpoliert;310.8;-2.23;asphalt;primary_link;
Routenpunkt (Way);T;Johann-Wilhelm-Straße;49.46809;8.77746;70.0;;;;;;Interpoliert;310.2;2.09;asphalt;primary_link;
Routenpunkt (Way);T;Johann-Wilhelm-Straße;49.468031;8.777283;70.0;;;;;;Interpoliert;311.0;6.41;asphalt;primary_link;
Routenpunkt (Way);T;Johann-Wilhelm-Straße;49.467971;8.777107;70.0;;;;;;Interpoliert;313.5;10.73;asphalt;primary_link;
Routenpunkt (Way);T;Johann-Wilhelm-Straße;49.467911;8.776931;70.0;;;;;;Interpoliert;316.0;15.05;asphalt;primary_link;
Routenpunkt (Way);T;Johann-Wilhelm-Straße;49.467852;8.776755;70.0;;;;;;Interpoliert;318.5;18.48;asphalt;primary_link;
Routenpunkt (Way);T;Johann-Wilhelm-Straße;49.467792;8.776579;70.0;;;;;;Original OSM;321.0;14.02;asphalt;primary_link;
Routenpunkt (Way);T;Johann-Wilhelm-Straße;49.467739;8.776409;70.0;;;;;;Original OSM;324.1;9.57;asphalt;primary_link;
Routenpunkt (Way);T;Johann-Wilhelm-Straße;49.467685;8.776228;70.0;;;;;;Interpoliert;323.4;5.11;asphalt;primary_link;
Routenpunkt (Way);T;Johann-Wilhelm-Straße;49.46763;8.776048;70.0;;;;;;Interpoliert;322.7;0.65;asphalt;primary_link;
Routenpunkt (Way);T;Johann-Wilhelm-Straße;49.467576;8.775867;70.0;;;;;;Interpoliert;322.0;-4.87;asphalt;primary_link;
Routenpunkt (Way);T;Johann-Wilhelm-Straße;49.467521;8.775687;70.0;;;;;;Interpoliert;321.3;-4.94;asphalt;primary_link;
Routenpunkt (Way);T;Johann-Wilhelm-Straße;49.467467;8.775507;70.0;;;;;;Interpoliert;320.6;-5.0;asphalt;primary_link;
Routenpunkt (Way);T;;49.467416;8.775338;70.0;;;;;;Interpoliert (15m);319.9;-5.16;asphalt;primary_link;
Routenpunkt (Way);T;Johann-Wilhelm-Straße;49.467365;8.775169;70.0;;;;;;Original OSM;319.2;-5.32;asphalt;primary_link;
Routenpunkt (Way);T;;49.467318;8.775014;70.0;;;;;;Interpoliert (15m);318.5;-5.85;asphalt;primary_link;
Routenpunkt (Way);T;Johann-Wilhelm-Straße;49.46727;8.774859;50.0;;;;;;Original OSM;317.8;-0.59;asphalt;primary_link;
Routenpunkt (Way);T;Johann-Wilhelm-Straße;49.467213;8.774698;50.0;;;;;;Interpoliert;316.8;4.67;asphalt;primary_link;
Routenpunkt (Way);T;Johann-Wilhelm-Straße;49.467156;8.774537;50.0;;;;;;Interpoliert;319.6;10.94;asphalt;primary_link;
Routenpunkt (Way);T;Johann-Wilhelm-Straße;49.467098;8.774376;50.0;;;;;;Original OSM;322.4;16.26;asphalt;primary_link;
Routenpunkt (Way);T;Johann-Wilhelm-Straße;49.467055;8.77424;50.0;;;;;;Original OSM;325.2;21.95;asphalt;primary_link;
Routenpunkt (Way);T;Johann-Wilhelm-Straße;49.467008;8.77407;50.0;;;;;;Interpoliert;328.0;21.92;asphalt;primary_link;
Routenpunkt (Way);T;Johann-Wilhelm-Straße;49.46696;8.7739;50.0;;;;;;Interpoliert;330.8;21.88;asphalt;primary_link;
Routenpunkt (Way);T;Johann-Wilhelm-Straße;49.466913;8.77373;50.0;;;;;;Interpoliert;333.6;15.25;asphalt;primary_link;
Routenpunkt (Way);T;Johann-Wilhelm-Straße;49.466865;8.77356;50.0;;;;;;Interpoliert;336.4;9.56;asphalt;primary_link;
Routenpunkt (Way);T;;49.466823;8.773388;50.0;;;;;;Interpoliert (15m);335.4;1.77;asphalt;primary_link;
Routenpunkt (Way);T;;49.466782;8.773215;50.0;;;;;;Interpoliert (15m);334.4;-5.12;asphalt;primary_link;
Routenpunkt (Way);T;Johann-Wilhelm-Straße;49.46674;8.773042;50.0;;;;;;Original OSM;332.0;-12.02;asphalt;primary_link;
Routenpunkt (Way);T;;49.466697;8.77287;50.0;;;;;;Interpoliert (15m);330.2;-13.22;asphalt;primary_link;
Routenpunkt (Way);T;;49.466655;8.772698;50.0;;;;;;Interpoliert (15m);328.4;-11.72;asphalt;primary_link;
Routenpunkt (Way);T;Johann-Wilhelm-Straße;49.466612;8.772526;50.0;;;;;;Original OSM;326.6;-14.33;asphalt;primary_link;
Haltestelle;W;Wilhelmsfeld, Unterdorf;49.466612;8.772526;50.0;09:24:00;09:24:00;Kein Umlauf;Mo,Di,Mi,Do,Fr;446.0;Original GTFS (Snap-Distanz 4m) | Auf Route gesnappt (12m);324.8;-17.84;asphalt;primary_link;
Routenpunkt (Way);T;;49.466573;8.772397;50.0;;;;;;Interpoliert (15m);321.6;-19.98;asphalt;primary_link;
Routenpunkt (Way);T;;49.466533;8.772268;50.0;;;;;;Interpoliert (15m);318.4;-14.68;asphalt;primary_link;
Routenpunkt (Way);T;Johann-Wilhelm-Straße;49.466494;8.772139;50.0;;;;;;Original OSM;315.9;-12.09;asphalt;primary_link;
Routenpunkt (Way);T;;49.466466;8.772007;50.0;;;;;;Interpoliert (15m);317.2;-3.92;asphalt;primary_link;
Routenpunkt (Way);T;Johann-Wilhelm-Straße;49.466438;8.771875;50.0;;;;;;Original OSM;318.5;3.41;asphalt;primary_link;
Routenpunkt (Way);T;Johann-Wilhelm-Straße;49.466423;8.771692;50.0;;;;;;Original OSM;319.8;10.67;asphalt;primary_link;
Routenpunkt (Way);T;Johann-Wilhelm-Straße;49.466412;8.771521;50.0;;;;;;Interpoliert;320.5;10.37;asphalt;primary_link;
Routenpunkt (Way);T;Johann-Wilhelm-Straße;49.466401;8.771349;50.0;;;;;;Original OSM;322.0;10.48;asphalt;primary_link;
Routenpunkt (Way);T;Johann-Wilhelm-Straße;49.466384;8.77117;50.0;;;;;;Original OSM;323.5;11.38;asphalt;primary_link;
Routenpunkt (Way);T;Johann-Wilhelm-Straße;49.466356;8.771023;50.0;;;;;;Original OSM;325.0;12.87;asphalt;primary_link;
Routenpunkt (Way);T;Johann-Wilhelm-Straße;49.466321;8.770888;50.0;;;;;;Original OSM;326.5;11.86;asphalt;primary_link;
Routenpunkt (Way);T;;49.466275;8.770745;50.0;;;;;;Interpoliert (15m);328.0;11.73;asphalt;primary_link;
Routenpunkt (Way);T;Johann-Wilhelm-Straße;49.46623;8.770602;50.0;;;;;;Original OSM;328.8;11.19;asphalt;primary_link;
Routenpunkt (Way);T;;49.466198;8.770457;50.0;;;;;;Interpoliert (15m);330.0;10.51;asphalt;primary_link;
Routenpunkt (Way);T;;49.466166;8.770312;50.0;;;;;;Interpoliert (15m);331.2;10.98;asphalt;primary_link;
Routenpunkt (Way);T;Johann-Wilhelm-Straße;49.466135;8.770167;50.0;;;;;;Original OSM;332.4;10.62;asphalt;primary_link;
Routenpunkt (Way);T;;49.466126;8.77006;50.0;;;;;;Interpoliert (15m);333.6;9.0;asphalt;primary_link;
Routenpunkt (Way);T;Johann-Wilhelm-Straße;49.466117;8.769953;50.0;;;;;;Original OSM;334.0;7.59;asphalt;primary_link;
Routenpunkt (Way);T;Johann-Wilhelm-Straße;49.466112;8.769754;50.0;;;;;;Original OSM;334.4;6.18;asphalt;primary_link;
Routenpunkt (Way);T;;49.466129;8.76961;50.0;;;;;;Interpoliert (15m);334.8;3.85;asphalt;primary_link;
Routenpunkt (Way);T;;49.466147;8.769466;50.0;;;;;;Interpoliert (15m);335.2;3.56;asphalt;primary_link;
Routenpunkt (Way);T;Johann-Wilhelm-Straße;49.466164;8.769322;50.0;;;;;;Original OSM;335.6;3.0;asphalt;primary_link;
Routenpunkt (Way);T;;49.466193;8.769178;50.0;;;;;;Interpoliert (15m);336.0;2.8;asphalt;primary_link;
Routenpunkt (Way);T;;49.466222;8.769035;50.0;;;;;;Interpoliert (15m);336.0;2.55;asphalt;primary_link;
Routenpunkt (Way);T;Johann-Wilhelm-Straße;49.466251;8.768892;50.0;;;;;;Original OSM;336.3;2.29;asphalt;primary_link;
Routenpunkt (Way);T;Johann-Wilhelm-Straße;49.466259;8.768729;50.0;;;;;;Original OSM;336.6;1.97;asphalt;primary_link;
Routenpunkt (Way);T;Johann-Wilhelm-Straße;49.466258;8.768558;50.0;;;;;;Original OSM;336.9;3.33;asphalt;primary_link;
Routenpunkt (Way);T;Johann-Wilhelm-Straße;49.46624;8.768364;50.0;;;;;;Original OSM;337.2;4.14;asphalt;primary_link;
Routenpunkt (Way);T;Johann-Wilhelm-Straße;49.466234;8.768182;50.0;;;;;;Interpoliert;338.1;5.03;asphalt;primary_link;
Routenpunkt (Way);T;Johann-Wilhelm-Straße;49.466227;8.767999;50.0;;;;;;Original OSM;339.0;5.85;asphalt;primary_link;
Routenpunkt (Way);T;Johann-Wilhelm-Straße;49.466227;8.767821;50.0;;;;;;Original OSM;339.9;7.04;asphalt;primary_link;
Routenpunkt (Way);T;Johann-Wilhelm-Straße;49.466245;8.767632;50.0;;;;;;Original OSM;340.8;6.93;asphalt;primary_link;
Routenpunkt (Way);T;Johann-Wilhelm-Straße;49.466269;8.767482;50.0;;;;;;Interpoliert;341.7;6.28;asphalt;primary_link;
Routenpunkt (Way);T;Johann-Wilhelm-Straße;49.466292;8.767331;50.0;;;;;;Interpoliert;342.4;5.48;asphalt;primary_link;
Routenpunkt (Way);T;Johann-Wilhelm-Straße;49.466315;8.76718;50.0;;;;;;Original OSM;342.8;4.78;asphalt;primary_link;
Routenpunkt (Way);T;Johann-Wilhelm-Straße;49.466347;8.767004;50.0;;;;;;Interpoliert;343.2;3.78;asphalt;primary_link;
Routenpunkt (Way);T;Johann-Wilhelm-Straße;49.466379;8.766827;50.0;;;;;;Interpoliert;343.6;1.77;asphalt;primary_link;
Routenpunkt (Way);T;;49.466401;8.766647;50.0;;;;;;Interpoliert (15m);344.0;0.29;asphalt;primary_link;
Routenpunkt (Way);T;;49.466422;8.766468;50.0;;;;;;Interpoliert (15m);343.5;-1.08;asphalt;primary_link;
Routenpunkt (Way);T;Johann-Wilhelm-Straße;49.466444;8.766289;50.0;;;;;;Original OSM;343.0;-2.45;asphalt;primary_link;
Routenpunkt (Way);T;;49.466433;8.766109;50.0;;;;;;Interpoliert (15m);342.5;-3.82;asphalt;primary_link;
Routenpunkt (Way);T;;49.466423;8.76593;50.0;;;;;;Interpoliert (15m);342.0;-3.53;asphalt;primary_link;
Routenpunkt (Way);T;;49.466412;8.765751;50.0;;;;;;Interpoliert (15m);341.5;-2.15;asphalt;primary_link;
Routenpunkt (Way);T;;49.466401;8.765572;50.0;;;;;;Interpoliert (15m);341.2;-0.59;asphalt;primary_link;
Routenpunkt (Way);T;Johann-Wilhelm-Straße;49.466391;8.765393;50.0;;;;;;Original OSM;341.6;0.98;asphalt;primary_link;
Routenpunkt (Way);T;;49.466346;8.765272;50.0;;;;;;Interpoliert (15m);342.0;2.55;asphalt;primary_link;
Routenpunkt (Way);T;;49.466301;8.765152;50.0;;;;;;Interpoliert (15m);342.4;5.77;asphalt;primary_link;
Routenpunkt (Way);T;Johann-Wilhelm-Straße;49.466256;8.765032;50.0;;;;;;Original OSM;342.8;8.32;asphalt;primary_link;
Routenpunkt (Way);T;Johann-Wilhelm-Straße;49.466164;8.76489;50.0;;;;;;Original OSM;344.8;11.01;asphalt;primary_link;
Routenpunkt (Way);T;Johann-Wilhelm-Straße;49.466074;8.764783;50.0;;;;;;Original OSM;346.8;13.16;asphalt;primary_link;
Routenpunkt (Way);T;Johann-Wilhelm-Straße;49.465982;8.764711;50.0;;;;;;Original OSM;348.8;15.37;asphalt;primary_link;
Routenpunkt (Way);T;Johann-Wilhelm-Straße;49.465871;8.764633;50.0;;;;;;Interpoliert;350.8;17.13;asphalt;primary_link;
Routenpunkt (Way);T;;49.465766;8.764545;50.0;;;;;;Interpoliert (15m);352.8;18.09;asphalt;primary_link;
Routenpunkt (Way);T;Johann-Wilhelm-Straße;49.465661;8.764457;50.0;;;;;;Original OSM;355.8;18.74;asphalt;primary_link;
Routenpunkt (Way);T;;49.465581;8.764366;50.0;;;;;;Interpoliert (15m);358.1;19.58;asphalt;primary_link;
Routenpunkt (Way);T;Johann-Wilhelm-Straße;49.4655;8.764275;50.0;;;;;;Interpoliert;360.4;19.63;asphalt;primary_link;
Routenpunkt (Way);T;Johann-Wilhelm-Straße;49.465428;8.764179;50.0;;;;;;Interpoliert;362.4;16.18;asphalt;primary_link;
Routenpunkt (Way);T;;49.465328;8.764085;50.0;;;;;;Interpoliert (15m);364.4;12.98;asphalt;primary_link;
Routenpunkt (Way);T;Johann-Wilhelm-Straße;49.465227;8.763991;50.0;;;;;;Original OSM;365.1;9.78;asphalt;primary_link;
Routenpunkt (Way);T;;49.465099;8.763926;50.0;;;;;;Interpoliert (15m);365.8;7.06;asphalt;primary_link;
Routenpunkt (Way);T;Johann-Wilhelm-Straße;49.464972;8.763861;50.0;;;;;;Interpoliert;366.5;5.07;asphalt;primary_link;
Routenpunkt (Way);T;Johann-Wilhelm-Straße;49.464857;8.763816;50.0;;;;;;Interpoliert;367.2;3.59;asphalt;primary_link;
Routenpunkt (Way);T;Johann-Wilhelm-Straße;49.464743;8.76377;50.0;;;;;;Original OSM;367.9;1.76;asphalt;primary_link;
Routenpunkt (Way);T;Johann-Wilhelm-Straße;49.464624;8.763684;50.0;;;;;;Original OSM;367.6;-0.07;asphalt;primary_link;
Routenpunkt (Way);T;Johann-Wilhelm-Straße;49.464513;8.763613;50.0;;;;;;Interpoliert;367.0;-1.59;asphalt;primary_link;
Routenpunkt (Way);T;Johann-Wilhelm-Straße;49.464401;8.763543;50.0;;;;;;Interpoliert;366.4;-0.77;asphalt;primary_link;
Routenpunkt (Way);T;Johann-Wilhelm-Straße;49.46429;8.763472;50.0;;;;;;Original OSM;366.1;2.1;asphalt;primary_link;
Routenpunkt (Way);T;Johann-Wilhelm-Straße;49.46417;8.763422;50.0;;;;;;Original OSM;367.4;5.2;asphalt;primary_link;
Routenpunkt (Way);T;Johann-Wilhelm-Straße;49.464078;8.763387;50.0;;;;;;Original OSM;368.7;8.28;asphalt;primary_link;
Routenpunkt (Way);T;Johann-Wilhelm-Straße;49.463972;8.763364;50.0;;;;;;Original OSM;370.0;10.41;asphalt;primary_link;
Routenpunkt (Way);T;Johann-Wilhelm-Straße;49.463866;8.763346;50.0;;;;;;Interpoliert;371.3;9.91;asphalt;primary_link;
Routenpunkt (Way);T;Johann-Wilhelm-Straße;49.46376;8.763328;50.0;;;;;;Original OSM;372.3;9.11;asphalt;primary_link;
Routenpunkt (Way);T;Johann-Wilhelm-Straße;49.46363;8.763305;50.0;;;;;;Interpoliert;373.3;9.07;asphalt;primary_link;
Routenpunkt (Way);T;;49.463525;8.76327;50.0;;;;;;Interpoliert (15m);374.3;9.14;asphalt;primary_link;
Routenpunkt (Way);T;Johann-Wilhelm-Straße;49.463419;8.763234;50.0;;;;;;Original OSM;375.6;9.71;asphalt;primary_link;
Routenpunkt (Way);T;;49.463316;8.763211;50.0;;;;;;Interpoliert (15m);376.9;7.81;asphalt;primary_link;
Routenpunkt (Way);T;;49.463213;8.763187;50.0;;;;;;Interpoliert (15m);378.2;5.65;asphalt;primary_link;
Routenpunkt (Way);T;Unbekannt;49.46311;8.763164;50.0;;;;;;Interpoliert;377.9;3.48;asphalt;primary_link;
Routenpunkt (Way);T;Unbekannt;49.463002;8.763178;50.0;;;;;;Interpoliert;377.6;0.82;asphalt;primary_link;
Haltestelle;W;Wilhelmsfeld, Autohalle;49.463002;8.763178;50.0;09:27:00;09:27:00;Kein Umlauf;Mo,Di,Mi,Do,Fr;446.0;Original GTFS (Snap-Distanz 25m) | Auf Route gesnappt (25m);377.3;-0.97;asphalt;primary_link;
Routenpunkt (Way);T;Johann-Wilhelm-Straße;49.462872;8.763188;50.0;;;;;;Original OSM;377.0;-0.46;asphalt;primary_link;
Routenpunkt (Way);T;;49.462792;8.763177;50.0;;;;;;Interpoliert (15m);377.2;0.04;asphalt;primary_link;
Routenpunkt (Way);T;Johann-Wilhelm-Straße;49.462713;8.763166;50.0;;;;;;Original OSM;377.2;0.04;asphalt;primary_link;
Routenpunkt (Way);T;;49.462642;8.763055;50.0;;;;;;Interpoliert (15m);377.2;3.3;asphalt;primary_link;
Routenpunkt (Way);T;;49.462571;8.762945;50.0;;;;;;Interpoliert (15m);377.2;5.89;asphalt;primary_link;
Routenpunkt (Way);T;Johann-Wilhelm-Straße;49.4625;8.762834;50.0;;;;;;Original OSM;378.8;8.94;asphalt;primary_link;
Routenpunkt (Way);T;;49.462564;8.762728;50.0;;;;;;Interpoliert (15m);380.4;11.99;asphalt;primary_link;
Routenpunkt (Way);T;;49.462628;8.762621;50.0;;;;;;Interpoliert (15m);382.0;15.15;asphalt;primary_link;
Routenpunkt (Way);T;Johann-Wilhelm-Straße;49.462692;8.762514;50.0;;;;;;Interpoliert;383.6;14.92;asphalt;primary_link;
Routenpunkt (Way);T;Johann-Wilhelm-Straße;49.462782;8.762491;50.0;;;;;;Original OSM;385.2;14.27;asphalt;primary_link;
Routenpunkt (Way);T;Johann-Wilhelm-Straße;49.46289;8.762456;50.0;;;;;;Interpoliert;386.8;13.62;asphalt;primary_link;
Routenpunkt (Way);T;;49.462992;8.762418;50.0;;;;;;Interpoliert (15m);388.2;13.93;asphalt;primary_link;
Routenpunkt (Way);T;Johann-Wilhelm-Straße;49.463094;8.762379;50.0;;;;;;Original OSM;389.6;14.13;asphalt;primary_link;
Routenpunkt (Way);T;;49.463166;8.762349;50.0;;;;;;Interpoliert (15m);391.0;11.11;asphalt;primary_link;
Routenpunkt (Way);T;Johann-Wilhelm-Straße;49.463238;8.762319;50.0;;;;;;Interpoliert;392.4;8.32;asphalt;primary_link;
Routenpunkt (Way);T;Johann-Wilhelm-Straße;49.463326;8.762284;50.0;;;;;;Original OSM;392.2;5.53;asphalt;primary_link;
Routenpunkt (Way);T;Johann-Wilhelm-Straße;49.463413;8.762239;50.0;;;;;;Interpoliert;392.0;1.84;asphalt;primary_link;
Routenpunkt (Way);T;Johann-Wilhelm-Straße;49.4635;8.762194;50.0;;;;;;Original OSM;391.8;-1.85;asphalt;primary_link;
Routenpunkt (Way);T;Johann-Wilhelm-Straße;49.463599;8.762131;50.0;;;;;;Interpoliert;391.6;-1.89;asphalt;primary_link;
Routenpunkt (Way);T;Johann-Wilhelm-Straße;49.463699;8.762067;50.0;;;;;;Interpoliert;391.4;1.14;asphalt;primary_link;
Routenpunkt (Way);T;;49.463773;8.762014;50.0;;;;;;Interpoliert (15m);391.2;3.82;asphalt;primary_link;
Routenpunkt (Way);T;Johann-Wilhelm-Straße;49.463847;8.76196;30.0;;;;;;Original OSM;392.4;6.44;asphalt;primary_link;
Routenpunkt (Way);T;;49.463941;8.761873;30.0;;;;;;Interpoliert (15m);393.8;8.74;asphalt;primary_link;
Routenpunkt (Way);T;Johann-Wilhelm-Straße;49.464036;8.761785;30.0;;;;;;Interpoliert;395.2;11.16;asphalt;primary_link;
Routenpunkt (Way);T;Johann-Wilhelm-Straße;49.464145;8.761684;30.0;;;;;;Interpoliert;396.6;10.48;asphalt;primary_link;
Routenpunkt (Way);T;Johann-Wilhelm-Straße;49.464255;8.761583;30.0;;;;;;Interpoliert;398.0;10.65;asphalt;primary_link;
Routenpunkt (Way);T;Johann-Wilhelm-Straße;49.464364;8.761482;30.0;;;;;;Original OSM;399.4;10.82;asphalt;primary_link;
Routenpunkt (Way);T;Johann-Wilhelm-Straße;49.464458;8.761417;30.0;;;;;;Interpoliert;400.8;10.42;asphalt;primary_link;
Routenpunkt (Way);T;Johann-Wilhelm-Straße;49.464551;8.761351;30.0;;;;;;Original OSM;402.2;10.02;asphalt;primary_link;
Routenpunkt (Way);T;Johann-Wilhelm-Straße;49.464649;8.761302;30.0;;;;;;Interpoliert;403.1;7.22;asphalt;primary_link;
Routenpunkt (Way);T;Johann-Wilhelm-Straße;49.464747;8.761253;30.0;;;;;;Original OSM;404.0;4.06;asphalt;primary_link;
Routenpunkt (Way);T;Johann-Wilhelm-Straße;49.464852;8.761214;30.0;;;;;;Interpoliert;403.5;0.33;asphalt;primary_link;
Routenpunkt (Way);T;Johann-Wilhelm-Straße;49.464977;8.761167;30.0;;;;;;Original OSM;403.0;-2.53;asphalt;primary_link;
Routenpunkt (Way);T;;49.465044;8.761136;30.0;;;;;;Interpoliert (15m);402.5;-5.0;asphalt;primary_link;
Routenpunkt (Way);T;Johann-Wilhelm-Straße;49.465111;8.761106;30.0;;;;;;Interpoliert;402.0;-5.06;asphalt;primary_link;
Routenpunkt (Way);T;Johann-Wilhelm-Straße;49.465207;8.761062;30.0;;;;;;Interpoliert;401.5;-2.64;asphalt;primary_link;
Routenpunkt (Way);T;Johann-Wilhelm-Straße;49.465303;8.761018;30.0;;;;;;Original OSM;401.0;0.37;asphalt;primary_link;
Routenpunkt (Way);T;Johann-Wilhelm-Straße;49.465407;8.760943;30.0;;;;;;Interpoliert;402.1;1.65;asphalt;primary_link;
Routenpunkt (Way);T;Johann-Wilhelm-Straße;49.465511;8.760868;30.0;;;;;;Original OSM;403.2;2.55;asphalt;primary_link;
Haltestelle;W;Wilhelmsfeld, Rathaus;49.465511;8.760868;30.0;09:28:00;09:28:00;Kein Umlauf;Mo,Di,Mi,Do,Fr;446.0;Original GTFS (Snap-Distanz 4m) | Auf Route gesnappt (4m);404.8;3.61;asphalt;primary_link;
Routenpunkt (Way);T;Johann-Wilhelm-Straße;49.465511;8.760868;30.0;;;;;;Original OSM;404.9;2.05;asphalt;primary_link;
Routenpunkt (Way);T;;49.465608;8.760786;30.0;;;;;;Interpoliert (15m);405.0;0.52;asphalt;primary_link;
Routenpunkt (Way);T;Johann-Wilhelm-Straße;49.465704;8.760704;30.0;;;;;;Interpoliert;405.1;0.72;asphalt;primary_link;
Routenpunkt (Way);T;Johann-Wilhelm-Straße;49.465783;8.760634;30.0;;;;;;Interpoliert;405.2;0.87;asphalt;primary_link;
Routenpunkt (Way);T;Johann-Wilhelm-Straße;49.465862;8.760564;30.0;;;;;;Original OSM;405.3;3.49;asphalt;primary_link;
Routenpunkt (Way);T;Johann-Wilhelm-Straße;49.465969;8.760471;30.0;;;;;;Interpoliert;405.4;3.76;asphalt;primary_link;
Routenpunkt (Way);T;Johann-Wilhelm-Straße;49.466076;8.760378;30.0;;;;;;Interpoliert;407.3;2.83;asphalt;primary_link;
Routenpunkt (Way);T;Johann-Wilhelm-Straße;49.466183;8.760286;30.0;;;;;;Interpoliert;407.6;1.9;asphalt;primary_link;
Routenpunkt (Way);T;Johann-Wilhelm-Straße;49.46629;8.760193;30.0;;;;;;Interpoliert;407.1;3.24;asphalt;primary_link;
Routenpunkt (Way);T;Johann-Wilhelm-Straße;49.466397;8.7601;30.0;;;;;;Original OSM;406.6;1.95;asphalt;primary_link;
Routenpunkt (Way);T;Johann-Wilhelm-Straße;49.46649;8.75998;30.0;;;;;;Interpoliert;407.6;2.99;asphalt;primary_link;
Routenpunkt (Way);T;Johann-Wilhelm-Straße;49.466583;8.759861;30.0;;;;;;Interpoliert;408.6;5.35;asphalt;primary_link;
Routenpunkt (Way);T;Johann-Wilhelm-Straße;49.466676;8.759742;30.0;;;;;;Original OSM;409.6;7.61;asphalt;primary_link;
Routenpunkt (Way);T;Johann-Wilhelm-Straße;49.466766;8.759642;30.0;;;;;;Original OSM;410.6;7.65;asphalt;primary_link;
Routenpunkt (Way);T;Johann-Wilhelm-Straße;49.466861;8.759536;30.0;;;;;;Interpoliert;411.6;7.58;asphalt;primary_link;
Routenpunkt (Way);T;Johann-Wilhelm-Straße;49.466956;8.75943;30.0;;;;;;Original OSM;412.6;7.5;asphalt;primary_link;
Routenpunkt (Way);T;Johann-Wilhelm-Straße;49.467051;8.759369;30.0;;;;;;Interpoliert;413.4;6.4;asphalt;primary_link;
Routenpunkt (Way);T;Johann-Wilhelm-Straße;49.467145;8.759308;30.0;;;;;;Interpoliert;414.2;5.47;asphalt;primary_link;
Routenpunkt (Way);T;Johann-Wilhelm-Straße;49.467239;8.759248;30.0;;;;;;Original OSM;414.5;4.53;asphalt;primary_link;
Routenpunkt (Way);T;Johann-Wilhelm-Straße;49.46732;8.759184;30.0;;;;;;Interpoliert;414.8;3.72;asphalt;primary_link;
Routenpunkt (Way);T;Johann-Wilhelm-Straße;49.467402;8.759121;30.0;;;;;;Interpoliert;415.1;2.73;asphalt;primary_link;
Routenpunkt (Way);T;Johann-Wilhelm-Straße;49.467483;8.759058;30.0;;;;;;Original OSM;415.4;2.63;asphalt;primary_link;
Routenpunkt (Way);T;Johann-Wilhelm-Straße;49.46759;8.758953;30.0;;;;;;Interpoliert;415.7;2.46;asphalt;primary_link;
Routenpunkt (Way);T;Johann-Wilhelm-Straße;49.467698;8.758848;30.0;;;;;;Interpoliert;416.0;3.42;asphalt;primary_link;
Routenpunkt (Way);T;Johann-Wilhelm-Straße;49.467805;8.758743;30.0;;;;;;Interpoliert;416.3;2.11;asphalt;primary_link;
Routenpunkt (Way);T;Johann-Wilhelm-Straße;49.467913;8.758638;30.0;;;;;;Original OSM;417.4;0.79;asphalt;primary_link;
Routenpunkt (Way);T;Johann-Wilhelm-Straße;49.46801;8.758515;30.0;;;;;;Original OSM;416.9;0.36;asphalt;primary_link;
Routenpunkt (Way);T;Johann-Wilhelm-Straße;49.468078;8.758402;30.0;;;;;;Interpoliert;416.4;-0.22;asphalt;primary_link;
Haltestelle;W;Wilhelmsfeld, Wilhelmshöhe;49.468078;8.758402;30.0;09:29:00;09:29:00;Kein Umlauf;Mo,Di,Mi,Do,Fr;446.0;Original GTFS (Snap-Distanz 3m) | Auf Route gesnappt (11m);416.3;-1.93;asphalt;primary_link;
Routenpunkt (Way);T;;49.468154;8.758269;30.0;;;;;;Interpoliert (15m);416.2;-0.25;asphalt;primary_link;
Routenpunkt (Way);T;Johann-Wilhelm-Straße;49.46823;8.758135;30.0;;;;;;Interpoliert;416.1;1.62;asphalt;primary_link;
Routenpunkt (Way);T;Johann-Wilhelm-Straße;49.468313;8.757981;30.0;;;;;;Interpoliert;416.8;2.82;asphalt;primary_link;
Routenpunkt (Way);T;Johann-Wilhelm-Straße;49.468397;8.757827;30.0;;;;;;Interpoliert;417.5;4.18;asphalt;primary_link;
Routenpunkt (Way);T;;49.468465;8.757704;30.0;;;;;;Interpoliert (15m);418.2;4.18;asphalt;primary_link;
Routenpunkt (Way);T;Johann-Wilhelm-Straße;49.468532;8.757582;30.0;;;;;;Original OSM;418.9;3.06;asphalt;primary_link;
Routenpunkt (Way);T;;49.468598;8.757442;30.0;;;;;;Interpoliert (15m);418.8;3.44;asphalt;primary_link;
Routenpunkt (Way);T;Johann-Wilhelm-Straße;49.468664;8.757301;30.0;;;;;;Interpoliert;418.7;5.32;asphalt;primary_link;
Routenpunkt (Way);T;;49.46871;8.757176;30.0;;;;;;Interpoliert (15m);419.4;7.11;asphalt;primary_link;
Routenpunkt (Way);T;Johann-Wilhelm-Straße;49.468756;8.757052;30.0;;;;;;Original OSM;421.0;10.27;asphalt;primary_link;
Routenpunkt (Way);T;;49.4688;8.75692;30.0;;;;;;Interpoliert (15m);422.6;11.87;asphalt;primary_link;
Routenpunkt (Way);T;Johann-Wilhelm-Straße;49.468843;8.756788;30.0;;;;;;Interpoliert;424.2;10.52;asphalt;primary_link;
Routenpunkt (Way);T;Johann-Wilhelm-Straße;49.468891;8.756653;30.0;;;;;;Original OSM;425.0;8.39;asphalt;primary_link;
Routenpunkt (Way);T;Johann-Wilhelm-Straße;49.46895;8.756505;30.0;;;;;;Interpoliert;425.0;6.35;asphalt;primary_link;
Routenpunkt (Way);T;Johann-Wilhelm-Straße;49.469009;8.756357;30.0;;;;;;Interpoliert;425.6;4.46;asphalt;primary_link;
Routenpunkt (Way);T;Johann-Wilhelm-Straße;49.469068;8.756209;30.0;;;;;;Original OSM;426.2;4.12;asphalt;primary_link;
Routenpunkt (Way);T;Johann-Wilhelm-Straße;49.469119;8.756081;30.0;;;;;;Interpoliert;426.8;3.84;asphalt;primary_link;
Routenpunkt (Way);T;Johann-Wilhelm-Straße;49.46917;8.755953;30.0;;;;;;Interpoliert;427.4;2.6;asphalt;primary_link;
Routenpunkt (Way);T;Johann-Wilhelm-Straße;49.469236;8.755787;30.0;;;;;;Original OSM;427.2;1.32;asphalt;primary_link;
Routenpunkt (Way);T;Johann-Wilhelm-Straße;49.469311;8.755631;30.0;;;;;;Interpoliert;427.0;1.0;asphalt;primary_link;
Routenpunkt (Way);T;Johann-Wilhelm-Straße;49.469379;8.755493;30.0;;;;;;Original OSM;426.8;0.67;asphalt;primary_link;
Routenpunkt (Way);T;Johann-Wilhelm-Straße;49.46946;8.755367;30.0;;;;;;Interpoliert;427.3;3.34;asphalt;primary_link;
Routenpunkt (Way);T;Johann-Wilhelm-Straße;49.469541;8.755242;30.0;;;;;;Original OSM;427.8;5.45;asphalt;primary_link;
Routenpunkt (Way);T;Johann-Wilhelm-Straße;49.469618;8.755147;30.0;;;;;;Interpoliert;429.1;7.33;asphalt;primary_link;
Routenpunkt (Way);T;Johann-Wilhelm-Straße;49.469694;8.755052;30.0;;;;;;Original OSM;430.1;8.1;asphalt;primary_link;
Routenpunkt (Way);T;Johann-Wilhelm-Straße;49.469785;8.754941;30.0;;;;;;Interpoliert;431.1;8.88;asphalt;primary_link;
Routenpunkt (Way);T;Johann-Wilhelm-Straße;49.469875;8.754831;30.0;;;;;;Interpoliert;432.1;8.61;asphalt;primary_link;
Routenpunkt (Way);T;Johann-Wilhelm-Straße;49.469966;8.75472;30.0;;;;;;Interpoliert;433.1;9.52;asphalt;primary_link;
Routenpunkt (Way);T;;49.470033;8.754639;30.0;;;;;;Interpoliert (15m);434.1;10.51;asphalt;primary_link;
Routenpunkt (Way);T;Johann-Wilhelm-Straße;49.470099;8.754557;30.0;;;;;;Original OSM;435.4;13.2;asphalt;primary_link;
Haltestelle;W;Wilhelmsfeld, Schriesheim. Hof;49.470171;8.754469;30.0;09:30:00;09:30:00;Kein Umlauf;Mo,Di,Mi,Do,Fr;446.0;Original GTFS (Snap-Distanz 5m) | Auf Route gesnappt (5m);436.7;12.67;asphalt;primary_link;
Routenpunkt (Way);T;Johann-Wilhelm-Straße;49.47019;8.754442;30.0;;;;;;Original OSM;437.3;11.59;asphalt;primary_link;
Routenpunkt (Way);T;;49.470239;8.7543;30.0;;;;;;Interpoliert (15m);437.9;9.37;asphalt;primary_link;
Routenpunkt (Way);T;;49.470288;8.754157;30.0;;;;;;Interpoliert (15m);438.5;6.82;asphalt;primary_link;
Routenpunkt (Way);T;Johann-Wilhelm-Straße;49.470337;8.754014;30.0;;;;;;Original OSM;438.8;2.57;asphalt;primary_link;
Routenpunkt (Way);T;;49.470317;8.753846;30.0;;;;;;Interpoliert (15m);438.8;0.75;asphalt;primary_link;
Routenpunkt (Way);T;Johann-Wilhelm-Straße;49.470298;8.753677;30.0;;;;;;Original OSM;438.8;-1.08;asphalt;primary_link;
Routenpunkt (Way);T;;49.470252;8.753557;30.0;;;;;;Interpoliert (15m);438.4;-2.56;asphalt;primary_link;
Routenpunkt (Way);T;Schriesheimer Straße;49.470206;8.753438;30.0;;;;;;Interpoliert;438.0;-3.54;asphalt;primary_link;
Routenpunkt (Way);T;Schriesheimer Straße;49.470136;8.753269;30.0;;;;;;Interpoliert;437.3;-4.51;asphalt;primary_link;
Routenpunkt (Way);T;Schriesheimer Straße;49.470067;8.753101;30.0;;;;;;Interpoliert;436.6;-4.68;asphalt;primary_link;
Routenpunkt (Way);T;Schriesheimer Straße;49.469997;8.752932;30.0;;;;;;Interpoliert;435.9;-4.91;asphalt;primary_link;
Routenpunkt (Way);T;Schriesheimer Straße;49.469928;8.752763;30.0;;;;;;Interpoliert;435.2;-4.96;asphalt;primary_link;
Routenpunkt (Way);T;;49.469805;8.752765;30.0;;;;;;Interpoliert (15m);434.5;-4.74;asphalt;primary_link;
Routenpunkt (Way);T;Heidelberger Straße;49.469682;8.752767;50.0;;;;;;Interpoliert;433.8;-2.83;asphalt;primary_link;
Routenpunkt (Way);T;;49.4696;8.752842;50.0;;;;;;Interpoliert (15m);433.4;-0.17;asphalt;primary_link;
Routenpunkt (Way);T;;49.469518;8.752918;50.0;;;;;;Interpoliert (15m);433.9;2.27;asphalt;primary_link;
Routenpunkt (Way);T;Heidelberger Straße;49.469435;8.752994;50.0;;;;;;Original OSM;434.8;4.7;asphalt;primary_link;
Routenpunkt (Way);T;;49.469325;8.752948;50.0;;;;;;Interpoliert (15m);435.7;5.77;asphalt;primary_link;
Routenpunkt (Way);T;;49.469214;8.752903;50.0;;;;;;Interpoliert (15m);436.6;5.14;asphalt;primary_link;
Routenpunkt (Way);T;;49.469103;8.752858;50.0;;;;;;Interpoliert (15m);436.8;3.77;asphalt;primary_link;
Routenpunkt (Way);T;Heidelberger Straße;49.468993;8.752813;50.0;;;;;;Original OSM;437.0;2.68;asphalt;primary_link;
Routenpunkt (Way);T;;49.468933;8.752666;50.0;;;;;;Interpoliert (15m);437.2;1.59;asphalt;primary_link;
Routenpunkt (Way);T;;49.468872;8.752519;50.0;;;;;;Interpoliert (15m);437.4;1.65;asphalt;primary_link;
Routenpunkt (Way);T;Unbekannt;49.468812;8.752373;50.0;;;;;;Original OSM;437.6;-0.37;asphalt;primary_link;
Routenpunkt (Way);T;Unbekannt;49.468776;8.752238;50.0;;;;;;Interpoliert;437.8;-2.38;asphalt;primary_link;
Routenpunkt (Way);T;Unbekannt;49.46874;8.752103;50.0;;;;;;Original OSM;436.9;-4.64;asphalt;primary_link;
Routenpunkt (Way);T;Unbekannt;49.468696;8.751973;50.0;;;;;;Original OSM;436.0;-0.22;asphalt;primary_link;
Routenpunkt (Way);T;;49.46865;8.751866;50.0;;;;;;Interpoliert (15m);435.1;4.95;asphalt;primary_link;
Routenpunkt (Way);T;Unbekannt;49.468604;8.751758;50.0;;;;;;Original OSM;437.3;12.22;asphalt;primary_link;
Routenpunkt (Way);T;;49.468542;8.751649;50.0;;;;;;Interpoliert (15m);440.2;18.6;asphalt;primary_link;
Routenpunkt (Way);T;Unbekannt;49.468481;8.751541;50.0;;;;;;Interpoliert;443.1;24.05;asphalt;primary_link;
Routenpunkt (Way);T;Unbekannt;49.468404;8.751416;50.0;;;;;;Original OSM;446.0;26.08;asphalt;primary_link;
Routenpunkt (Way);T;Unbekannt;49.468327;8.751249;50.0;;;;;;Original OSM;448.6;27.29;asphalt;primary_link;
Routenpunkt (Way);T;;49.468303;8.751149;50.0;;;;;;Interpoliert (15m);451.2;25.88;asphalt;primary_link;
Routenpunkt (Way);T;Unbekannt;49.468279;8.751049;50.0;;;;;;Original OSM;453.8;25.33;asphalt;primary_link;
Routenpunkt (Way);T;Unbekannt;49.468245;8.75087;50.0;;;;;;Interpoliert;456.6;24.78;asphalt;primary_link;
Routenpunkt (Way);T;Unbekannt;49.468211;8.75069;50.0;;;;;;Interpoliert;459.4;16.39;asphalt;primary_link;
Routenpunkt (Way);T;Unbekannt;49.468177;8.750511;50.0;;;;;;Interpoliert;461.4;7.57;asphalt;primary_link;
Routenpunkt (Way);T;Unbekannt;49.468142;8.750331;50.0;;;;;;Original OSM;460.3;1.48;asphalt;primary_link;
Routenpunkt (Way);T;Unbekannt;49.468108;8.750193;50.0;;;;;;Original OSM;459.2;-4.39;asphalt;primary_link;
Routenpunkt (Way);T;Unbekannt;49.468065;8.750051;50.0;;;;;;Original OSM;458.1;-8.72;asphalt;primary_link;
Routenpunkt (Way);T;Unbekannt;49.467998;8.749908;50.0;;;;;;Original OSM;457.0;-5.72;asphalt;primary_link;
Routenpunkt (Way);T;;49.467924;8.749793;50.0;;;;;;Interpoliert (15m);456.2;-2.6;asphalt;primary_link;
Routenpunkt (Way);T;Unbekannt;49.46785;8.749678;50.0;;;;;;Original OSM;457.0;0.41;asphalt;primary_link;
Routenpunkt (Way);T;;49.467736;8.749568;50.0;;;;;;Interpoliert (15m);457.8;3.53;asphalt;primary_link;
Routenpunkt (Way);T;Unbekannt;49.467622;8.749458;50.0;;;;;;Original OSM;458.6;7.68;asphalt;primary_link;
Routenpunkt (Way);T;;49.467524;8.749407;50.0;;;;;;Interpoliert (15m);459.4;8.75;asphalt;primary_link;
Routenpunkt (Way);T;Unbekannt;49.467426;8.749356;50.0;;;;;;Original OSM;461.0;10.04;asphalt;primary_link;
Routenpunkt (Way);T;Unbekannt;49.467308;8.749344;50.0;;;;;;Original OSM;462.6;10.48;asphalt;primary_link;
Routenpunkt (Way);T;Unbekannt;49.467187;8.749349;50.0;;;;;;Original OSM;464.2;10.46;asphalt;primary_link;
Routenpunkt (Way);T;Unbekannt;49.467069;8.749371;50.0;;;;;;Original OSM;465.2;9.48;asphalt;primary_link;
Routenpunkt (Way);T;Unbekannt;49.466941;8.749418;50.0;;;;;;Original OSM;466.2;5.96;asphalt;primary_link;
Routenpunkt (Way);T;Unbekannt;49.466846;8.74947;50.0;;;;;;Interpoliert;467.2;2.52;asphalt;primary_link;
Routenpunkt (Way);T;Unbekannt;49.466752;8.749522;50.0;;;;;;Interpoliert;466.6;0.17;asphalt;primary_link;
Routenpunkt (Way);T;Unbekannt;49.466657;8.749574;50.0;;;;;;Original OSM;466.0;-2.04;asphalt;primary_link;
Routenpunkt (Way);T;Unbekannt;49.466536;8.749637;50.0;;;;;;Interpoliert;465.4;-3.13;asphalt;primary_link;
Routenpunkt (Way);T;Unbekannt;49.466414;8.7497;50.0;;;;;;Interpoliert;464.8;-1.36;asphalt;primary_link;
Routenpunkt (Way);T;Unbekannt;49.466292;8.749763;50.0;;;;;;Interpoliert;465.3;0.42;asphalt;primary_link;
Routenpunkt (Way);T;Unbekannt;49.46617;8.749827;50.0;;;;;;Interpoliert;465.8;2.8;asphalt;primary_link;
Routenpunkt (Way);T;Unbekannt;49.466048;8.74989;50.0;;;;;;Interpoliert;466.3;5.12;asphalt;primary_link;
Routenpunkt (Way);T;Unbekannt;49.465926;8.749953;50.0;;;;;;Original OSM;467.4;5.9;asphalt;primary_link;
Routenpunkt (Way);T;Unbekannt;49.465801;8.750022;50.0;;;;;;Interpoliert;468.5;6.68;asphalt;primary_link;
Routenpunkt (Way);T;Unbekannt;49.465675;8.750091;50.0;;;;;;Interpoliert;469.6;6.66;asphalt;primary_link;
Routenpunkt (Way);T;Unbekannt;49.465549;8.75016;50.0;;;;;;Interpoliert;470.7;5.79;asphalt;primary_link;
Routenpunkt (Way);T;Unbekannt;49.465423;8.750229;50.0;;;;;;Interpoliert;471.2;4.98;asphalt;primary_link;
Routenpunkt (Way);T;Unbekannt;49.465298;8.750298;50.0;;;;;;Interpoliert;471.7;2.69;asphalt;primary_link;
Routenpunkt (Way);T;Unbekannt;49.465172;8.750367;50.0;;;;;;Interpoliert;472.2;0.4;asphalt;primary_link;
Routenpunkt (Way);T;Unbekannt;49.465046;8.750436;50.0;;;;;;Interpoliert;471.6;-1.08;asphalt;primary_link;
Routenpunkt (Way);T;Unbekannt;49.46492;8.750505;50.0;;;;;;Interpoliert;471.0;-1.21;asphalt;primary_link;
Routenpunkt (Way);T;Unbekannt;49.464795;8.750574;50.0;;;;;;Interpoliert;470.4;-1.18;asphalt;primary_link;
Routenpunkt (Way);T;Unbekannt;49.464669;8.750643;50.0;;;;;;Original OSM;470.8;0.16;asphalt;primary_link;
Routenpunkt (Way);T;Unbekannt;49.464575;8.750704;50.0;;;;;;Interpoliert;471.2;1.5;asphalt;primary_link;
Routenpunkt (Way);T;Unbekannt;49.464481;8.750765;50.0;;;;;;Interpoliert;471.5;3.9;asphalt;primary_link;
Routenpunkt (Way);T;Unbekannt;49.464387;8.750825;50.0;;;;;;Interpoliert;471.8;4.68;asphalt;primary_link;
Routenpunkt (Way);T;Unbekannt;49.464294;8.750886;50.0;;;;;;Original OSM;472.7;5.3;asphalt;primary_link;
Routenpunkt (Way);T;Unbekannt;49.464182;8.750962;50.0;;;;;;Interpoliert;473.6;6.09;asphalt;primary_link;
Routenpunkt (Way);T;Unbekannt;49.46407;8.751039;50.0;;;;;;Interpoliert;474.5;6.88;asphalt;primary_link;
Routenpunkt (Way);T;Unbekannt;49.463958;8.751115;50.0;;;;;;Interpoliert;475.4;6.75;asphalt;primary_link;
Routenpunkt (Way);T;Unbekannt;49.463846;8.751191;50.0;;;;;;Original OSM;476.3;4.94;asphalt;primary_link;
Routenpunkt (Way);T;Unbekannt;49.463742;8.751254;50.0;;;;;;Interpoliert;477.2;3.08;asphalt;primary_link;
Routenpunkt (Way);T;Unbekannt;49.463639;8.751317;50.0;;;;;;Original OSM;476.9;1.4;asphalt;primary_link;
Routenpunkt (Way);T;Unbekannt;49.463542;8.751363;50.0;;;;;;Interpoliert;476.6;2.57;asphalt;primary_link;
Routenpunkt (Way);T;Unbekannt;49.463445;8.751409;50.0;;;;;;Interpoliert;476.4;3.07;asphalt;primary_link;
Routenpunkt (Way);T;Unbekannt;49.463348;8.751455;50.0;;;;;;Original OSM;477.8;5.52;asphalt;primary_link;
Routenpunkt (Way);T;Unbekannt;49.463226;8.751516;50.0;;;;;;Interpoliert;479.2;8.01;asphalt;primary_link;
Routenpunkt (Way);T;Unbekannt;49.463104;8.751577;50.0;;;;;;Interpoliert;480.6;10.32;asphalt;primary_link;
Routenpunkt (Way);T;Unbekannt;49.462982;8.751638;50.0;;;;;;Interpoliert;482.0;10.22;asphalt;primary_link;
Routenpunkt (Way);T;Unbekannt;49.46286;8.751699;50.0;;;;;;Original OSM;483.4;10.64;asphalt;primary_link;
Routenpunkt (Way);T;Unbekannt;49.462767;8.75175;50.0;;;;;;Interpoliert;484.7;11.88;asphalt;primary_link;
Routenpunkt (Way);T;Unbekannt;49.462675;8.751801;50.0;;;;;;Interpoliert;486.0;13.11;asphalt;primary_link;
Routenpunkt (Way);T;;49.462595;8.751844;50.0;;;;;;Interpoliert (15m);487.5;13.16;asphalt;primary_link;
Routenpunkt (Way);T;Unbekannt;49.462515;8.751887;50.0;;;;;;Original OSM;489.0;10.64;asphalt;primary_link;
Routenpunkt (Way);T;;49.462385;8.751935;50.0;;;;;;Interpoliert (15m);490.5;8.08;asphalt;primary_link;
Routenpunkt (Way);T;Unbekannt;49.462254;8.751983;50.0;;;;;;Original OSM;490.4;4.52;asphalt;primary_link;
Routenpunkt (Way);T;;49.462157;8.751999;50.0;;;;;;Interpoliert (15m);490.3;1.04;asphalt;primary_link;
Routenpunkt (Way);T;Unbekannt;49.462059;8.752014;50.0;;;;;;Interpoliert;490.1;-1.26;asphalt;primary_link;
Routenpunkt (Way);T;Unbekannt;49.461934;8.752031;50.0;;;;;;Interpoliert;489.9;-1.27;asphalt;primary_link;
Routenpunkt (Way);T;Unbekannt;49.461809;8.752048;50.0;;;;;;Interpoliert;489.7;-1.23;asphalt;primary_link;
Routenpunkt (Way);T;Unbekannt;49.461685;8.752064;50.0;;;;;;Interpoliert;489.6;-1.01;asphalt;primary_link;
Routenpunkt (Way);T;Unbekannt;49.46156;8.752081;50.0;;;;;;Original OSM;489.5;-0.86;asphalt;primary_link;
Routenpunkt (Way);T;Unbekannt;49.461436;8.752109;50.0;;;;;;Interpoliert;489.4;-0.0;asphalt;primary_link;
Routenpunkt (Way);T;Unbekannt;49.461311;8.752138;50.0;;;;;;Interpoliert;489.3;0.72;asphalt;primary_link;
Routenpunkt (Way);T;Unbekannt;49.461187;8.752166;50.0;;;;;;Interpoliert;489.7;1.53;asphalt;primary_link;
Routenpunkt (Way);T;Unbekannt;49.461063;8.752194;50.0;;;;;;Original OSM;490.1;2.52;asphalt;primary_link;
Routenpunkt (Way);T;Unbekannt;49.460958;8.752228;50.0;;;;;;Interpoliert;490.5;3.53;asphalt;primary_link;
Routenpunkt (Way);T;Unbekannt;49.460854;8.752261;50.0;;;;;;Interpoliert;491.0;3.83;asphalt;primary_link;
Routenpunkt (Way);T;;49.460751;8.752273;50.0;;;;;;Interpoliert (15m);491.5;4.13;asphalt;primary_link;
Routenpunkt (Way);T;;49.460648;8.752285;50.0;;;;;;Interpoliert (15m);492.0;5.55;asphalt;primary_link;
Routenpunkt (Way);T;;49.460545;8.752296;50.0;;;;;;Interpoliert (15m);492.5;6.54;asphalt;primary_link;
Routenpunkt (Way);T;Unbekannt;49.460442;8.752308;50.0;;;;;;Original OSM;493.7;7.51;asphalt;primary_link;
Routenpunkt (Way);T;;49.460326;8.75228;50.0;;;;;;Interpoliert (15m);494.9;7.7;asphalt;primary_link;
Routenpunkt (Way);T;;49.46021;8.752252;50.0;;;;;;Interpoliert (15m);496.1;7.99;asphalt;primary_link;
Routenpunkt (Way);T;Unbekannt;49.460094;8.752224;50.0;;;;;;Interpoliert;496.8;7.25;asphalt;primary_link;
Routenpunkt (Way);T;Unbekannt;49.459989;8.752175;50.0;;;;;;Original OSM;497.5;6.76;asphalt;primary_link;
Routenpunkt (Way);T;Unbekannt;49.459902;8.752124;50.0;;;;;;Interpoliert;498.2;5.87;asphalt;primary_link;
Routenpunkt (Way);T;Unbekannt;49.459815;8.752073;50.0;;;;;;Original OSM;498.9;5.74;asphalt;primary_link;
Routenpunkt (Way);T;;49.45973;8.752007;50.0;;;;;;Interpoliert (15m);499.4;5.46;asphalt;primary_link;
Routenpunkt (Way);T;Unbekannt;49.459645;8.75194;50.0;;;;;;Original OSM;499.9;3.76;asphalt;primary_link;
Routenpunkt (Way);T;;49.459563;8.751844;50.0;;;;;;Interpoliert (15m);500.4;2.74;asphalt;primary_link;
Routenpunkt (Way);T;Unbekannt;49.45948;8.751748;50.0;;;;;;Original OSM;500.2;2.14;asphalt;primary_link;
Routenpunkt (Way);T;Unbekannt;49.459401;8.751639;50.0;;;;;;Interpoliert;500.4;1.53;asphalt;primary_link;
Routenpunkt (Way);T;Unbekannt;49.459321;8.75153;50.0;;;;;;Interpoliert;500.6;1.11;asphalt;primary_link;
Routenpunkt (Way);T;Unbekannt;49.459241;8.75142;50.0;;;;;;Original OSM;500.8;1.92;asphalt;primary_link;
Routenpunkt (Way);T;;49.459172;8.75136;50.0;;;;;;Interpoliert (15m);501.0;2.59;asphalt;primary_link;
Routenpunkt (Way);T;Unbekannt;49.459103;8.751299;50.0;;;;;;Original OSM;501.2;3.48;asphalt;primary_link;
Haltestelle;W;Ziegelhausen, Langer Kirschb.;49.45907;8.751279;50.0;09:33:00;09:33:00;Kein Umlauf;Mo,Di,Mi,Do,Fr;446.0;Original GTFS (Snap-Distanz 2m) | Auf Route gesnappt (2m);501.4;4.37;asphalt;primary_link;
Routenpunkt (Way);T;;49.458957;8.751329;50.0;;;;;;Interpoliert (15m);502.2;5.2;asphalt;primary_link;
Routenpunkt (Way);T;Unbekannt;49.458845;8.751378;50.0;;;;;;Original OSM;503.0;6.02;asphalt;primary_link;
Routenpunkt (Way);T;;49.45877;8.751507;50.0;;;;;;Interpoliert (15m);503.8;5.65;asphalt;primary_link;
Routenpunkt (Way);T;;49.458695;8.751636;50.0;;;;;;Interpoliert (15m);504.6;5.07;asphalt;primary_link;
Routenpunkt (Way);T;Unbekannt;49.45862;8.751765;50.0;;;;;;Interpoliert;505.0;4.33;asphalt;primary_link;
Routenpunkt (Way);T;Unbekannt;49.458564;8.751913;50.0;;;;;;Interpoliert;505.4;3.55;asphalt;primary_link;
Routenpunkt (Way);T;Unbekannt;49.458508;8.752061;50.0;;;;;;Original OSM;505.7;2.85;asphalt;primary_link;
Routenpunkt (Way);T;Unbekannt;49.458454;8.752206;50.0;;;;;;Interpoliert;506.0;2.79;asphalt;primary_link;
Routenpunkt (Way);T;;49.458403;8.752326;50.0;;;;;;Interpoliert (15m);506.3;1.95;asphalt;primary_link;
Routenpunkt (Way);T;;49.458352;8.752447;50.0;;;;;;Interpoliert (15m);506.6;1.27;asphalt;primary_link;
Routenpunkt (Way);T;Unbekannt;49.458301;8.752567;50.0;;;;;;Original OSM;506.5;0.59;asphalt;primary_link;
Routenpunkt (Way);T;;49.45824;8.75268;50.0;;;;;;Interpoliert (15m);506.4;0.57;asphalt;primary_link;
Routenpunkt (Way);T;;49.458179;8.752794;50.0;;;;;;Interpoliert (15m);506.3;0.47;asphalt;primary_link;
Routenpunkt (Way);T;Unbekannt;49.458118;8.752907;50.0;;;;;;Interpoliert;506.6;1.18;asphalt;primary_link;
Routenpunkt (Way);T;Unbekannt;49.458039;8.753034;50.0;;;;;;Original OSM;506.9;2.07;asphalt;primary_link;
Routenpunkt (Way);T;;49.457963;8.753141;50.0;;;;;;Interpoliert (15m);507.2;-0.52;asphalt;primary_link;
Routenpunkt (Way);T;Unbekannt;49.457887;8.753248;50.0;;;;;;Original OSM;507.6;-3.86;asphalt;primary_link;
Routenpunkt (Way);T;;49.457811;8.753342;50.0;;;;;;Interpoliert (15m);506.1;-6.72;asphalt;primary_link;
Routenpunkt (Way);T;Unbekannt;49.457736;8.753436;50.0;;;;;;Interpoliert;504.6;-10.0;asphalt;primary_link;
Routenpunkt (Way);T;Unbekannt;49.457647;8.753543;50.0;;;;;;Original OSM;503.1;-13.45;asphalt;primary_link;
Routenpunkt (Way);T;Unbekannt;49.457564;8.753624;50.0;;;;;;Interpoliert;501.6;-13.43;asphalt;primary_link;
Routenpunkt (Way);T;Unbekannt;49.457482;8.753705;50.0;;;;;;Interpoliert;500.1;-14.23;asphalt;primary_link;
Routenpunkt (Way);T;Unbekannt;49.457399;8.753786;50.0;;;;;;Original OSM;498.6;-15.42;asphalt;primary_link;
Routenpunkt (Way);T;Unbekannt;49.457314;8.753853;50.0;;;;;;Interpoliert;496.7;-16.24;asphalt;primary_link;
Routenpunkt (Way);T;Unbekannt;49.457229;8.753919;50.0;;;;;;Interpoliert;494.8;-16.56;asphalt;primary_link;
Routenpunkt (Way);T;Unbekannt;49.457144;8.753986;50.0;;;;;;Original OSM;492.9;-15.49;asphalt;primary_link;
Routenpunkt (Way);T;Unbekannt;49.457051;8.754043;50.0;;;;;;Interpoliert;491.2;-13.6;asphalt;primary_link;
Routenpunkt (Way);T;;49.456971;8.754085;50.0;;;;;;Interpoliert (15m);490.4;-11.45;asphalt;primary_link;
Routenpunkt (Way);T;Unbekannt;49.45689;8.754126;50.0;;;;;;Original OSM;489.6;-9.3;asphalt;primary_link;
Routenpunkt (Way);T;;49.45679;8.754154;50.0;;;;;;Interpoliert (15m);488.8;-7.34;asphalt;primary_link;
Routenpunkt (Way);T;Unbekannt;49.456691;8.754181;50.0;;;;;;Original OSM;488.0;-6.76;asphalt;primary_link;
Routenpunkt (Way);T;Unbekannt;49.456561;8.75419;50.0;;;;;;Interpoliert;487.2;-6.87;asphalt;primary_link;
Routenpunkt (Way);T;Unbekannt;49.456432;8.754198;50.0;;;;;;Interpoliert;486.4;-7.38;asphalt;primary_link;
Routenpunkt (Way);T;Unbekannt;49.456302;8.754207;50.0;;;;;;Original OSM;485.1;-7.89;asphalt;primary_link;
Routenpunkt (Way);T;Unbekannt;49.456182;8.754214;50.0;;;;;;Interpoliert;483.8;-9.02;asphalt;primary_link;
Routenpunkt (Way);T;Unbekannt;49.456061;8.754221;50.0;;;;;;Interpoliert;482.5;-8.65;asphalt;primary_link;
Routenpunkt (Way);T;Unbekannt;49.45594;8.754229;50.0;;;;;;Interpoliert;481.0;-7.59;asphalt;primary_link;
Routenpunkt (Way);T;Unbekannt;49.455819;8.754236;50.0;;;;;;Interpoliert;480.5;-6.4;asphalt;primary_link;
Routenpunkt (Way);T;Unbekannt;49.455699;8.754244;50.0;;;;;;Interpoliert;480.0;-6.28;asphalt;primary_link;
Routenpunkt (Way);T;Unbekannt;49.455578;8.754251;50.0;;;;;;Original OSM;479.5;-5.85;asphalt;primary_link;
Routenpunkt (Way);T;Unbekannt;49.455449;8.754268;50.0;;;;;;Interpoliert;478.2;-6.91;asphalt;primary_link;
Routenpunkt (Way);T;Unbekannt;49.45532;8.754285;50.0;;;;;;Interpoliert;476.9;-7.28;asphalt;primary_link;
Routenpunkt (Way);T;Unbekannt;49.455192;8.754302;50.0;;;;;;Interpoliert;475.6;-7.65;asphalt;primary_link;
Routenpunkt (Way);T;Unbekannt;49.455063;8.754319;50.0;;;;;;Interpoliert;474.8;-6.96;asphalt;primary_link;
Routenpunkt (Way);T;Unbekannt;49.454934;8.754336;50.0;;;;;;Interpoliert;474.0;-6.26;asphalt;primary_link;
Routenpunkt (Way);T;Unbekannt;49.454805;8.754353;50.0;;;;;;Interpoliert;473.2;-5.77;asphalt;primary_link;
Routenpunkt (Way);T;Unbekannt;49.454676;8.754369;50.0;;;;;;Interpoliert;472.4;-6.47;asphalt;primary_link;
Routenpunkt (Way);T;;49.454568;8.75439;50.0;;;;;;Interpoliert (15m);471.6;-7.49;asphalt;primary_link;
Routenpunkt (Way);T;Unbekannt;49.45446;8.75441;50.0;;;;;;Original OSM;470.5;-6.96;asphalt;primary_link;
Routenpunkt (Way);T;;49.454369;8.754442;50.0;;;;;;Interpoliert (15m);469.4;-6.4;asphalt;primary_link;
Routenpunkt (Way);T;Unbekannt;49.454279;8.754475;50.0;;;;;;Interpoliert;469.1;-5.56;asphalt;primary_link;
Routenpunkt (Way);T;Unbekannt;49.454185;8.754518;50.0;;;;;;Original OSM;468.8;-3.42;asphalt;primary_link;
Routenpunkt (Way);T;Unbekannt;49.454081;8.754573;50.0;;;;;;Interpoliert;468.5;-0.94;asphalt;primary_link;
Routenpunkt (Way);T;Unbekannt;49.453976;8.754629;50.0;;;;;;Original OSM;468.7;0.0;asphalt;primary_link;
Routenpunkt (Way);T;Unbekannt;49.453884;8.754689;50.0;;;;;;Interpoliert;468.9;0.83;asphalt;primary_link;
Routenpunkt (Way);T;Unbekannt;49.453792;8.754748;50.0;;;;;;Original OSM;469.1;1.58;asphalt;primary_link;
Routenpunkt (Way);T;;49.453705;8.754903;50.0;;;;;;Interpoliert (15m);469.3;1.94;asphalt;primary_link;
Routenpunkt (Way);T;;49.453618;8.755058;50.0;;;;;;Interpoliert (15m);469.5;2.29;asphalt;primary_link;
Routenpunkt (Way);T;Unbekannt;49.453531;8.755212;50.0;;;;;;Original OSM;470.0;2.64;asphalt;primary_link;
Routenpunkt (Way);T;;49.453516;8.755406;50.0;;;;;;Interpoliert (15m);470.5;3.08;asphalt;primary_link;
Routenpunkt (Way);T;;49.453501;8.7556;50.0;;;;;;Interpoliert (15m);471.0;3.66;asphalt;primary_link;
Routenpunkt (Way);T;Unbekannt;49.453486;8.755793;50.0;;;;;;Interpoliert;471.5;2.8;asphalt;primary_link;
Routenpunkt (Way);T;Unbekannt;49.453511;8.755951;50.0;;;;;;Original OSM;472.0;1.91;asphalt;primary_link;
Routenpunkt (Way);T;Unbekannt;49.453541;8.756094;50.0;;;;;;Interpoliert;471.9;1.01;asphalt;primary_link;
Routenpunkt (Way);T;Unbekannt;49.453571;8.756238;50.0;;;;;;Interpoliert;471.8;0.14;asphalt;primary_link;
Routenpunkt (Way);T;Unbekannt;49.453601;8.756382;50.0;;;;;;Original OSM;471.7;-0.87;asphalt;primary_link;
Routenpunkt (Way);T;Unbekannt;49.453637;8.756547;50.0;;;;;;Interpoliert;471.6;-1.16;asphalt;primary_link;
Routenpunkt (Way);T;Unbekannt;49.453673;8.756712;50.0;;;;;;Interpoliert;471.5;-1.46;asphalt;primary_link;
Routenpunkt (Way);T;Unbekannt;49.453709;8.756876;50.0;;;;;;Interpoliert;471.2;-1.75;asphalt;primary_link;
Routenpunkt (Way);T;Unbekannt;49.453745;8.757041;50.0;;;;;;Interpoliert;470.9;-2.02;asphalt;primary_link;
Routenpunkt (Way);T;Unbekannt;49.453781;8.757206;50.0;;;;;;Original OSM;470.6;-2.34;asphalt;primary_link;
Routenpunkt (Way);T;Unbekannt;49.453815;8.757395;50.0;;;;;;Original OSM;470.3;-2.59;asphalt;primary_link;
Routenpunkt (Way);T;Unbekannt;49.453839;8.757561;50.0;;;;;;Original OSM;470.0;-2.67;asphalt;primary_link;
Routenpunkt (Way);T;Unbekannt;49.453855;8.757712;50.0;;;;;;Original OSM;469.6;-2.74;asphalt;primary_link;
Routenpunkt (Way);T;Unbekannt;49.453868;8.757912;50.0;;;;;;Interpoliert;469.2;-2.86;asphalt;primary_link;
Routenpunkt (Way);T;Unbekannt;49.45388;8.758112;50.0;;;;;;Interpoliert;468.8;-3.8;asphalt;primary_link;
Routenpunkt (Way);T;Unbekannt;49.453893;8.758312;50.0;;;;;;Original OSM;468.4;-4.2;asphalt;primary_link;
Routenpunkt (Way);T;Unbekannt;49.453905;8.758506;50.0;;;;;;Interpoliert;467.4;-4.92;asphalt;primary_link;
Routenpunkt (Way);T;Unbekannt;49.453918;8.7587;50.0;;;;;;Interpoliert;466.6;-5.64;asphalt;primary_link;
Routenpunkt (Way);T;;49.453933;8.758873;50.0;;;;;;Interpoliert (15m);465.8;-6.36;asphalt;primary_link;
Routenpunkt (Way);T;;49.453949;8.759046;50.0;;;;;;Interpoliert (15m);465.0;-7.54;asphalt;primary_link;
Routenpunkt (Way);T;Unbekannt;49.453964;8.759219;50.0;;;;;;Original OSM;464.2;-8.65;asphalt;primary_link;
Routenpunkt (Way);T;;49.453987;8.759375;50.0;;;;;;Interpoliert (15m);462.7;-9.63;asphalt;primary_link;
Routenpunkt (Way);T;;49.45401;8.759531;50.0;;;;;;Interpoliert (15m);461.4;-10.91;asphalt;primary_link;
Routenpunkt (Way);T;Unbekannt;49.454033;8.759687;50.0;;;;;;Interpoliert;460.1;-11.4;asphalt;primary_link;
Routenpunkt (Way);T;Unbekannt;49.454059;8.759822;50.0;;;;;;Interpoliert;458.8;-9.75;asphalt;primary_link;
Routenpunkt (Way);T;;49.454074;8.760026;50.0;;;;;;Interpoliert (15m);457.5;-8.83;asphalt;primary_link;
Routenpunkt (Way);T;Unbekannt;49.454088;8.760229;50.0;;;;;;Original OSM;456.8;-7.9;asphalt;primary_link;
Routenpunkt (Way);T;;49.454062;8.760369;50.0;;;;;;Interpoliert (15m);456.1;-6.69;asphalt;primary_link;
Routenpunkt (Way);T;;49.454035;8.760509;50.0;;;;;;Interpoliert (15m);455.4;-5.86;asphalt;primary_link;
Routenpunkt (Way);T;Unbekannt;49.454009;8.760649;50.0;;;;;;Original OSM;454.7;-4.92;asphalt;primary_link;
Routenpunkt (Way);T;Unbekannt;49.453945;8.760832;50.0;;;;;;Original OSM;454.0;-3.59;asphalt;primary_link;
Routenpunkt (Way);T;Unbekannt;49.453902;8.760961;50.0;;;;;;Interpoliert;454.0;-0.96;asphalt;primary_link;
Routenpunkt (Way);T;;49.453831;8.761091;50.0;;;;;;Interpoliert (15m);454.0;-1.91;asphalt;primary_link;
Routenpunkt (Way);T;;49.453759;8.761222;50.0;;;;;;Interpoliert (15m);454.8;-3.24;asphalt;primary_link;
Routenpunkt (Way);T;;49.453688;8.761352;50.0;;;;;;Interpoliert (15m);453.4;-5.52;asphalt;primary_link;
Routenpunkt (Way);T;;49.453616;8.761482;50.0;;;;;;Interpoliert (15m);452.0;-7.6;asphalt;primary_link;
Routenpunkt (Way);T;Unbekannt;49.453545;8.761613;50.0;;;;;;Original OSM;450.6;-10.99;asphalt;primary_link;
Routenpunkt (Way);T;;49.453432;8.761677;50.0;;;;;;Interpoliert (15m);449.2;-10.81;asphalt;primary_link;
Routenpunkt (Way);T;;49.453319;8.761742;50.0;;;;;;Interpoliert (15m);447.8;-11.82;asphalt;primary_link;
Routenpunkt (Way);T;;49.453206;8.761807;50.0;;;;;;Interpoliert (15m);446.4;-12.83;asphalt;primary_link;
Routenpunkt (Way);T;;49.453093;8.761872;50.0;;;;;;Interpoliert (15m);444.2;-15.11;asphalt;primary_link;
Routenpunkt (Way);T;Unbekannt;49.45298;8.761936;50.0;;;;;;Original OSM;442.0;-18.98;asphalt;primary_link;
Routenpunkt (Way);T;;49.452951;8.761804;50.0;;;;;;Interpoliert (15m);439.8;-18.48;asphalt;primary_link;
Routenpunkt (Way);T;;49.452922;8.761672;50.0;;;;;;Interpoliert (15m);436.8;-13.21;asphalt;primary_link;
Routenpunkt (Way);T;Unbekannt;49.452894;8.76154;50.0;;;;;;Interpoliert;436.0;-7.94;asphalt;primary_link;
Routenpunkt (Way);T;;49.453009;8.761458;50.0;;;;;;Interpoliert (15m);437.4;-1.59;asphalt;primary_link;
Routenpunkt (Way);T;;49.453124;8.761376;50.0;;;;;;Interpoliert (15m);438.8;6.36;asphalt;primary_link;
Routenpunkt (Way);T;Unbekannt;49.453239;8.761295;50.0;;;;;;Original OSM;440.2;9.93;asphalt;primary_link;
Routenpunkt (Way);T;;49.4533;8.761124;50.0;;;;;;Interpoliert (15m);441.6;11.07;asphalt;primary_link;
Routenpunkt (Way);T;;49.453362;8.760954;50.0;;;;;;Interpoliert (15m);443.0;12.67;asphalt;primary_link;
Routenpunkt (Way);T;Unbekannt;49.453423;8.760783;50.0;;;;;;Interpoliert;445.2;16.32;asphalt;primary_link;
Routenpunkt (Way);T;Unbekannt;49.453448;8.760618;50.0;;;;;;Interpoliert;447.4;19.96;asphalt;primary_link;
Routenpunkt (Way);T;;49.453462;8.760477;50.0;;;;;;Interpoliert (15m);450.3;23.61;asphalt;primary_link;
Routenpunkt (Way);T;;49.453475;8.760336;50.0;;;;;;Interpoliert (15m);453.2;21.86;asphalt;primary_link;
Routenpunkt (Way);T;Unbekannt;49.453489;8.760195;50.0;;;;;;Original OSM;456.1;12.38;asphalt;primary_link;
Routenpunkt (Way);T;;49.453474;8.760056;50.0;;;;;;Interpoliert (15m);456.8;1.04;asphalt;primary_link;
Routenpunkt (Way);T;;49.45346;8.759918;50.0;;;;;;Interpoliert (15m);453.8;-9.37;asphalt;primary_link;
Routenpunkt (Way);T;Unbekannt;49.453445;8.759779;50.0;;;;;;Interpoliert;450.9;-19.77;asphalt;primary_link;
Routenpunkt (Way);T;Unbekannt;49.453406;8.759622;50.0;;;;;;Interpoliert;448.0;-25.92;asphalt;primary_link;
Routenpunkt (Way);T;Unbekannt;49.453367;8.759465;50.0;;;;;;Interpoliert;445.1;-24.79;asphalt;primary_link;
Routenpunkt (Way);T;Unbekannt;49.453327;8.759308;50.0;;;;;;Interpoliert;442.2;-22.98;asphalt;primary_link;
Routenpunkt (Way);T;Unbekannt;49.453288;8.759151;50.0;;;;;;Original OSM;439.3;-22.1;asphalt;primary_link;
Routenpunkt (Way);T;Unbekannt;49.453244;8.758956;50.0;;;;;;Interpoliert;436.4;-21.22;asphalt;primary_link;
Routenpunkt (Way);T;Unbekannt;49.4532;8.758762;50.0;;;;;;Interpoliert;433.5;-20.35;asphalt;primary_link;
Routenpunkt (Way);T;Unbekannt;49.453156;8.758567;50.0;;;;;;Interpoliert;430.6;-14.36;asphalt;primary_link;
Routenpunkt (Way);T;Unbekannt;49.453112;8.758373;50.0;;;;;;Original OSM;427.7;-7.89;asphalt;primary_link;
Routenpunkt (Way);T;Unbekannt;49.453065;8.758205;50.0;;;;;;Interpoliert;428.5;-0.64;asphalt;primary_link;
Routenpunkt (Way);T;Unbekannt;49.453018;8.758038;50.0;;;;;;Original OSM;430.2;6.61;asphalt;primary_link;
Routenpunkt (Way);T;Unbekannt;49.452977;8.757913;50.0;;;;;;Interpoliert;431.9;13.86;asphalt;primary_link;
Routenpunkt (Way);T;Unbekannt;49.452936;8.757787;50.0;;;;;;Interpoliert;433.6;15.09;asphalt;primary_link;
Routenpunkt (Way);T;Unbekannt;49.452896;8.757662;50.0;;;;;;Original OSM;435.3;8.49;asphalt;primary_link;
Routenpunkt (Way);T;Unbekannt;49.452829;8.7575;50.0;;;;;;Interpoliert;437.0;2.11;asphalt;primary_link;
Routenpunkt (Way);T;Unbekannt;49.452761;8.757337;50.0;;;;;;Interpoliert;434.2;-4.27;asphalt;primary_link;
Routenpunkt (Way);T;Unbekannt;49.452694;8.757175;50.0;;;;;;Interpoliert;432.1;-10.64;asphalt;primary_link;
Routenpunkt (Way);T;Unbekannt;49.452627;8.757013;50.0;;;;;;Interpoliert;430.0;-16.11;asphalt;primary_link;
Routenpunkt (Way);T;Unbekannt;49.45256;8.756851;50.0;;;;;;Interpoliert;427.9;-16.54;asphalt;primary_link;
Routenpunkt (Way);T;Unbekannt;49.452492;8.756689;50.0;;;;;;Interpoliert;425.8;-16.97;asphalt;primary_link;
Routenpunkt (Way);T;Unbekannt;49.452425;8.756526;50.0;;;;;;Interpoliert;422.7;-17.4;asphalt;primary_link;
Routenpunkt (Way);T;Unbekannt;49.452358;8.756364;50.0;;;;;;Interpoliert;420.3;-17.83;asphalt;primary_link;
Routenpunkt (Way);T;Unbekannt;49.452291;8.756202;50.0;;;;;;Interpoliert;417.9;-18.3;asphalt;primary_link;
Routenpunkt (Way);T;Unbekannt;49.452223;8.75604;50.0;;;;;;Original OSM;415.5;-11.81;asphalt;primary_link;
Routenpunkt (Way);T;Unbekannt;49.452158;8.755878;50.0;;;;;;Interpoliert;413.1;-7.3;asphalt;primary_link;
Routenpunkt (Way);T;Unbekannt;49.452093;8.755716;50.0;;;;;;Original OSM;414.5;-2.78;asphalt;primary_link;
Routenpunkt (Way);T;Unbekannt;49.452037;8.755556;50.0;;;;;;Interpoliert;415.2;2.06;asphalt;primary_link;
Routenpunkt (Way);T;Unbekannt;49.451981;8.755395;50.0;;;;;;Original OSM;415.9;7.39;asphalt;primary_link;
Routenpunkt (Way);T;Unbekannt;49.45194;8.755271;50.0;;;;;;Original OSM;416.6;7.2;asphalt;primary_link;
Routenpunkt (Way);T;;49.451916;8.755172;50.0;;;;;;Interpoliert (15m);417.3;6.13;asphalt;primary_link;
Routenpunkt (Way);T;Unbekannt;49.451893;8.755073;50.0;;;;;;Original OSM;418.0;5.07;asphalt;primary_link;
Routenpunkt (Way);T;;49.451873;8.754937;50.0;;;;;;Interpoliert (15m);418.0;0.44;asphalt;primary_link;
Routenpunkt (Way);T;Unbekannt;49.451853;8.754801;50.0;;;;;;Original OSM;418.0;-4.65;asphalt;primary_link;
Routenpunkt (Way);T;;49.451846;8.754631;50.0;;;;;;Interpoliert (15m);416.0;-10.56;asphalt;primary_link;
Routenpunkt (Way);T;Unbekannt;49.451839;8.754461;50.0;;;;;;Original OSM;414.0;-14.63;asphalt;primary_link;
Routenpunkt (Way);T;;49.451841;8.754325;50.0;;;;;;Interpoliert (15m);412.0;-18.18;asphalt;primary_link;
Routenpunkt (Way);T;Unbekannt;49.451842;8.754188;50.0;;;;;;Original OSM;410.0;-18.4;asphalt;primary_link;
Routenpunkt (Way);T;Unbekannt;49.451854;8.754034;50.0;;;;;;Original OSM;408.0;-22.79;asphalt;primary_link;
Routenpunkt (Way);T;;49.451886;8.753882;50.0;;;;;;Interpoliert (15m);406.0;-27.53;asphalt;primary_link;
Routenpunkt (Way);T;Unbekannt;49.451918;8.75373;50.0;;;;;;Original OSM;401.6;-32.27;asphalt;primary_link;
Routenpunkt (Way);T;;49.451971;8.753619;50.0;;;;;;Interpoliert (15m);397.2;-35.37;asphalt;primary_link;
Routenpunkt (Way);T;Unbekannt;49.452024;8.753508;50.0;;;;;;Interpoliert;392.8;-31.45;asphalt;primary_link;
Routenpunkt (Way);T;Unbekannt;49.452104;8.753372;50.0;;;;;;Interpoliert;388.4;-23.36;asphalt;primary_link;
Routenpunkt (Way);T;Unbekannt;49.452184;8.753236;50.0;;;;;;Interpoliert;388.7;-17.12;asphalt;primary_link;
Routenpunkt (Way);T;Unbekannt;49.452263;8.753101;50.0;;;;;;Interpoliert;389.0;-10.89;asphalt;primary_link;
Routenpunkt (Way);T;Unbekannt;49.452343;8.752965;50.0;;;;;;Interpoliert;387.3;-6.8;asphalt;primary_link;
Routenpunkt (Way);T;Unbekannt;49.452423;8.752829;50.0;;;;;;Original OSM;385.6;-9.83;asphalt;primary_link;
Routenpunkt (Way);T;Unbekannt;49.452501;8.752691;50.0;;;;;;Interpoliert;383.9;-9.22;asphalt;primary_link;
Routenpunkt (Way);T;Unbekannt;49.452579;8.752553;50.0;;;;;;Interpoliert;382.2;-5.59;asphalt;primary_link;
Routenpunkt (Way);T;Unbekannt;49.452657;8.752415;50.0;;;;;;Interpoliert;382.9;-2.27;asphalt;primary_link;
Routenpunkt (Way);T;Unbekannt;49.452735;8.752277;50.0;;;;;;Interpoliert;383.6;1.06;asphalt;primary_link;
Routenpunkt (Way);T;Unbekannt;49.452813;8.752138;50.0;;;;;;Interpoliert;384.1;0.49;asphalt;primary_link;
Routenpunkt (Way);T;Unbekannt;49.452892;8.752;50.0;;;;;;Original OSM;384.6;-3.71;asphalt;primary_link;
Routenpunkt (Way);T;Unbekannt;49.452978;8.751859;50.0;;;;;;Interpoliert;382.4;-5.06;asphalt;primary_link;
Routenpunkt (Way);T;Unbekannt;49.453064;8.751718;50.0;;;;;;Interpoliert;380.2;-6.11;asphalt;primary_link;
Routenpunkt (Way);T;Unbekannt;49.453151;8.751577;50.0;;;;;;Original OSM;380.0;-7.16;asphalt;primary_link;
Routenpunkt (Way);T;;49.453138;8.751392;50.0;;;;;;Interpoliert (15m);379.8;-4.32;asphalt;primary_link;
Routenpunkt (Way);T;;49.453125;8.751206;50.0;;;;;;Interpoliert (15m);379.6;-1.51;asphalt;primary_link;
Routenpunkt (Way);T;Unbekannt;49.453113;8.751021;50.0;;;;;;Original OSM;379.4;-1.55;asphalt;primary_link;
Routenpunkt (Way);T;;49.453009;8.751068;50.0;;;;;;Interpoliert (15m);379.2;-1.26;asphalt;primary_link;
Routenpunkt (Way);T;;49.452905;8.751115;50.0;;;;;;Interpoliert (15m);379.0;-5.1;asphalt;primary_link;
Routenpunkt (Way);T;Unbekannt;49.452801;8.751162;50.0;;;;;;Interpoliert;379.0;-8.94;asphalt;primary_link;
Routenpunkt (Way);T;;49.452762;8.751259;50.0;;;;;;Interpoliert (15m);377.3;-10.92;asphalt;primary_link;
Routenpunkt (Way);T;Unbekannt;49.452723;8.751355;50.0;;;;;;Original OSM;375.6;-13.64;asphalt;primary_link;
Routenpunkt (Way);T;Unbekannt;49.452642;8.751518;50.0;;;;;;Original OSM;373.9;-16.98;asphalt;primary_link;
Routenpunkt (Way);T;Unbekannt;49.452573;8.751628;50.0;;;;;;Original OSM;372.2;-16.18;asphalt;primary_link;
Routenpunkt (Way);T;Unbekannt;49.452499;8.751712;50.0;;;;;;Interpoliert;370.5;-14.5;asphalt;primary_link;
Routenpunkt (Way);T;Unbekannt;49.452425;8.751796;50.0;;;;;;Original OSM;368.8;-14.66;asphalt;primary_link;
Routenpunkt (Way);T;Unbekannt;49.452317;8.75189;50.0;;;;;;Interpoliert;367.1;-14.06;asphalt;primary_link;
Routenpunkt (Way);T;Unbekannt;49.452209;8.751984;50.0;;;;;;Interpoliert;365.4;-15.65;asphalt;primary_link;
Routenpunkt (Way);T;Unbekannt;49.452101;8.752078;50.0;;;;;;Interpoliert;363.7;-14.78;asphalt;primary_link;
Routenpunkt (Way);T;Unbekannt;49.451993;8.752172;50.0;;;;;;Interpoliert;360.3;-14.78;asphalt;primary_link;
Routenpunkt (Way);T;Unbekannt;49.451885;8.752266;50.0;;;;;;Interpoliert;358.6;-14.78;asphalt;primary_link;
Routenpunkt (Way);T;Unbekannt;49.451777;8.75236;50.0;;;;;;Interpoliert;356.9;-14.78;asphalt;primary_link;
Routenpunkt (Way);T;Unbekannt;49.451669;8.752454;50.0;;;;;;Interpoliert;355.2;-12.18;asphalt;primary_link;
Routenpunkt (Way);T;Unbekannt;49.451561;8.752548;50.0;;;;;;Original OSM;353.5;-12.06;asphalt;primary_link;
Routenpunkt (Way);T;Unbekannt;49.451448;8.752649;50.0;;;;;;Interpoliert;351.8;-13.42;asphalt;primary_link;
Routenpunkt (Way);T;Unbekannt;49.451334;8.75275;50.0;;;;;;Original OSM;350.1;-10.96;asphalt;primary_link;
Routenpunkt (Way);T;;49.451271;8.752825;50.0;;;;;;Interpoliert (15m);348.4;-8.5;asphalt;primary_link;
Routenpunkt (Way);T;Unbekannt;49.451208;8.7529;50.0;;;;;;Original OSM;348.4;-2.02;asphalt;primary_link;
Routenpunkt (Way);T;;49.451155;8.752979;50.0;;;;;;Interpoliert (15m);348.4;3.03;asphalt;primary_link;
Routenpunkt (Way);T;Unbekannt;49.451102;8.753059;50.0;;;;;;Original OSM;350.1;4.18;asphalt;primary_link;
Routenpunkt (Way);T;Unbekannt;49.451031;8.753193;50.0;;;;;;Original OSM;351.8;1.33;asphalt;primary_link;
Routenpunkt (Way);T;Unbekannt;49.450969;8.75334;50.0;;;;;;Original OSM;350.1;-1.51;asphalt;primary_link;
Routenpunkt (Way);T;;49.450927;8.753492;50.0;;;;;;Interpoliert (15m);348.4;-8.14;asphalt;primary_link;
Routenpunkt (Way);T;Unbekannt;49.450885;8.753644;50.0;;;;;;Original OSM;346.7;-13.34;asphalt;primary_link;
Routenpunkt (Way);T;;49.450856;8.75377;50.0;;;;;;Interpoliert (15m);345.5;-13.02;asphalt;primary_link;
Routenpunkt (Way);T;Unbekannt;49.450827;8.753896;50.0;;;;;;Interpoliert;344.3;-16.21;asphalt;primary_link;
Routenpunkt (Way);T;Unbekannt;49.450796;8.754028;50.0;;;;;;Interpoliert;343.1;-19.4;asphalt;primary_link;
Routenpunkt (Way);T;;49.450757;8.754146;50.0;;;;;;Interpoliert (15m);340.2;-23.6;asphalt;primary_link;
Routenpunkt (Way);T;Unbekannt;49.450717;8.754265;50.0;;;;;;Original OSM;337.3;-26.54;asphalt;primary_link;
Haltestelle;W;Ziegelhausen, Heidebuckelweg;49.450665;8.754354;50.0;09:37:00;09:37:00;Kein Umlauf;Mo,Di,Mi,Do,Fr;446.0;Original GTFS (Snap-Distanz 7m) | Auf Route gesnappt (7m);334.4;-23.24;asphalt;primary_link;
Routenpunkt (Way);T;;49.450571;8.754383;50.0;;;;;;Interpoliert (15m);331.5;-16.33;asphalt;primary_link;
Routenpunkt (Way);T;Unbekannt;49.450476;8.754412;50.0;;;;;;Original OSM;332.0;-11.87;asphalt;primary_link;
Routenpunkt (Way);T;;49.450377;8.754372;50.0;;;;;;Interpoliert (15m);332.5;-8.35;asphalt;primary_link;
Routenpunkt (Way);T;;49.450278;8.754333;50.0;;;;;;Interpoliert (15m);331.6;-6.09;asphalt;primary_link;
Routenpunkt (Way);T;;49.450179;8.754294;50.0;;;;;;Interpoliert (15m);329.8;-11.82;asphalt;primary_link;
Routenpunkt (Way);T;Wilhelmsfelder Straße;49.45008;8.754255;50.0;;;;;;Original OSM;328.0;-17.49;asphalt;primary_link;
Routenpunkt (Way);T;;49.450018;8.754214;50.0;;;;;;Interpoliert (15m);326.2;-19.12;asphalt;primary_link;
Routenpunkt (Way);T;Wilhelmsfelder Straße;49.449955;8.754173;50.0;;;;;;Original OSM;324.4;-19.17;asphalt;primary_link;
Routenpunkt (Way);T;;49.449857;8.754136;50.0;;;;;;Interpoliert (15m);322.6;-18.8;asphalt;primary_link;
Routenpunkt (Way);T;Heidebuckelweg;49.449759;8.7541;50.0;;;;;;Original OSM;320.8;-17.42;asphalt;primary_link;
Routenpunkt (Way);T;;49.449653;8.754028;50.0;;;;;;Interpoliert (15m);319.0;-16.04;asphalt;primary_link;
Routenpunkt (Way);T;;49.449547;8.753956;50.0;;;;;;Interpoliert (15m);316.8;-14.07;asphalt;primary_link;
Routenpunkt (Way);T;Wilhelmsfelder Straße;49.449441;8.753885;50.0;;;;;;Original OSM;314.6;-11.48;asphalt;primary_link;
Routenpunkt (Way);T;;49.449331;8.75383;50.0;;;;;;Interpoliert (15m);313.8;-9.38;asphalt;primary_link;
Routenpunkt (Way);T;Wilhelmsfelder Straße;49.449221;8.753775;50.0;;;;;;Interpoliert;313.4;-6.55;asphalt;primary_link;
Routenpunkt (Way);T;Wilhelmsfelder Straße;49.44912;8.753731;50.0;;;;;;Original OSM;313.0;-3.73;asphalt;primary_link;
Routenpunkt (Way);T;Wilhelmsfelder Straße;49.449003;8.753675;50.0;;;;;;Interpoliert;312.6;-3.81;asphalt;primary_link;
Routenpunkt (Way);T;Wilhelmsfelder Straße;49.448887;8.753618;50.0;;;;;;Interpoliert;312.2;-4.81;asphalt;primary_link;
Routenpunkt (Way);T;Wilhelmsfelder Straße;49.44877;8.753562;50.0;;;;;;Interpoliert;311.3;-5.74;asphalt;primary_link;
Routenpunkt (Way);T;Wilhelmsfelder Straße;49.448654;8.753505;50.0;;;;;;Interpoliert;310.2;-6.19;asphalt;primary_link;
Routenpunkt (Way);T;Wilhelmsfelder Straße;49.448537;8.753449;50.0;;;;;;Interpoliert;309.1;-6.91;asphalt;primary_link;
Routenpunkt (Way);T;Wilhelmsfelder Straße;49.448421;8.753392;50.0;;;;;;Interpoliert;308.4;-6.9;asphalt;primary_link;
Routenpunkt (Way);T;;49.44833;8.753348;50.0;;;;;;Interpoliert (15m);307.7;-5.28;asphalt;primary_link;
Routenpunkt (Way);T;Wilhelmsfelder Straße;49.448238;8.753304;50.0;;;;;;Interpoliert;307.0;-5.48;asphalt;primary_link;
Haltestelle;W;Ziegelhausen, Schweizertalstr.;49.448238;8.753304;50.0;09:38:00;09:38:00;Kein Umlauf;Mo,Di,Mi,Do,Fr;446.0;Original GTFS (Snap-Distanz 3m) | Auf Route gesnappt (3m);306.3;-5.79;asphalt;primary_link;
Routenpunkt (Way);T;Wilhelmsfelder Straße;49.448172;8.753272;50.0;;;;;;Original OSM;305.6;-5.91;asphalt;primary_link;
Routenpunkt (Way);T;Wilhelmsfelder Straße;49.448082;8.753235;50.0;;;;;;Interpoliert;304.9;-6.44;asphalt;primary_link;
Routenpunkt (Way);T;;49.447996;8.753209;50.0;;;;;;Interpoliert (15m);304.2;-7.77;asphalt;primary_link;
Routenpunkt (Way);T;Wilhelmsfelder Straße;49.44791;8.753183;50.0;;;;;;Original OSM;303.3;-7.28;asphalt;primary_link;
Routenpunkt (Way);T;;49.447815;8.753181;50.0;;;;;;Interpoliert (15m);302.6;-7.09;asphalt;primary_link;
Routenpunkt (Way);T;Wilhelmsfelder Straße;49.44772;8.753179;50.0;;;;;;Interpoliert;301.9;-6.59;asphalt;primary_link;
Routenpunkt (Way);T;Wilhelmsfelder Straße;49.447611;8.75319;50.0;;;;;;Original OSM;301.2;-5.68;asphalt;primary_link;
Routenpunkt (Way);T;Wilhelmsfelder Straße;49.44748;8.753239;50.0;;;;;;Interpoliert;300.5;-5.28;asphalt;primary_link;
Routenpunkt (Way);T;Wilhelmsfelder Straße;49.447349;8.753287;50.0;;;;;;Interpoliert;299.8;-5.56;asphalt;primary_link;
Routenpunkt (Way);T;Wilhelmsfelder Straße;49.447218;8.753336;50.0;;;;;;Interpoliert;299.1;-6.01;asphalt;primary_link;
Routenpunkt (Way);T;Wilhelmsfelder Straße;49.447087;8.753384;50.0;;;;;;Interpoliert;297.9;-6.67;asphalt;primary_link;
Routenpunkt (Way);T;Wilhelmsfelder Straße;49.446956;8.753433;50.0;;;;;;Interpoliert;296.7;-6.41;asphalt;primary_link;
Routenpunkt (Way);T;Wilhelmsfelder Straße;49.446825;8.753481;50.0;;;;;;Interpoliert;295.5;-6.14;asphalt;primary_link;
Routenpunkt (Way);T;Wilhelmsfelder Straße;49.446694;8.75353;50.0;;;;;;Interpoliert;295.0;-5.21;asphalt;primary_link;
Routenpunkt (Way);T;Wilhelmsfelder Straße;49.446563;8.753578;50.0;;;;;;Interpoliert;294.5;-5.47;asphalt;primary_link;
Routenpunkt (Way);T;Wilhelmsfelder Straße;49.446432;8.753627;50.0;;;;;;Interpoliert;294.0;-5.74;asphalt;primary_link;
Routenpunkt (Way);T;Wilhelmsfelder Straße;49.446301;8.753675;50.0;;;;;;Interpoliert;292.6;-6.94;asphalt;primary_link;
Routenpunkt (Way);T;Wilhelmsfelder Straße;49.44617;8.753724;50.0;;;;;;Interpoliert;291.2;-8.14;asphalt;primary_link;
Routenpunkt (Way);T;Wilhelmsfelder Straße;49.446039;8.753772;50.0;;;;;;Interpoliert;289.8;-8.68;asphalt;primary_link;
Routenpunkt (Way);T;Wilhelmsfelder Straße;49.445908;8.753821;50.0;;;;;;Interpoliert;288.4;-8.01;asphalt;primary_link;
Routenpunkt (Way);T;Wilhelmsfelder Straße;49.445777;8.753869;50.0;;;;;;Interpoliert;287.5;-7.34;asphalt;primary_link;
Routenpunkt (Way);T;Wilhelmsfelder Straße;49.445646;8.753918;50.0;;;;;;Interpoliert;286.6;-7.61;asphalt;primary_link;
Routenpunkt (Way);T;Wilhelmsfelder Straße;49.445515;8.753966;50.0;;;;;;Interpoliert;285.7;-7.88;asphalt;primary_link;
Routenpunkt (Way);T;Wilhelmsfelder Straße;49.445384;8.754015;50.0;;;;;;Interpoliert;284.1;-8.94;asphalt;primary_link;
Routenpunkt (Way);T;Wilhelmsfelder Straße;49.445253;8.754063;50.0;;;;;;Interpoliert;282.5;-8.73;asphalt;primary_link;
Routenpunkt (Way);T;;49.445127;8.754088;50.0;;;;;;Interpoliert (15m);280.9;-8.51;asphalt;primary_link;
Routenpunkt (Way);T;;49.445001;8.754114;50.0;;;;;;Interpoliert (15m);280.2;-7.43;asphalt;primary_link;
Routenpunkt (Way);T;Wilhelmsfelder Straße;49.444875;8.754139;50.0;;;;;;Original OSM;279.5;-6.35;asphalt;primary_link;
Routenpunkt (Way);T;;49.444758;8.754103;50.0;;;;;;Interpoliert (15m);278.8;-5.15;asphalt;primary_link;
Routenpunkt (Way);T;;49.444641;8.754066;50.0;;;;;;Interpoliert (15m);278.1;-7.99;asphalt;primary_link;
Routenpunkt (Way);T;Wilhelmsfelder Straße;49.444524;8.75403;50.0;;;;;;Original OSM;277.4;-10.83;asphalt;primary_link;
Routenpunkt (Way);T;;49.44446;8.753984;50.0;;;;;;Interpoliert (15m);275.9;-11.3;asphalt;primary_link;
Routenpunkt (Way);T;Wilhelmsfelder Straße;49.444396;8.753939;50.0;;;;;;Interpoliert;274.4;-11.78;asphalt;primary_link;
Routenpunkt (Way);T;;49.444311;8.753877;50.0;;;;;;Interpoliert (15m);273.6;-12.26;asphalt;primary_link;
Routenpunkt (Way);T;;49.444227;8.753816;50.0;;;;;;Interpoliert (15m);272.8;-12.0;asphalt;primary_link;
Routenpunkt (Way);T;Wilhelmsfelder Straße;49.444142;8.753755;50.0;;;;;;Original OSM;272.0;-10.68;asphalt;primary_link;
Haltestelle;W;Ziegelhausen, Löwen;49.444105;8.753729;50.0;09:39:00;09:39:00;Kein Umlauf;Mo,Di,Mi,Do,Fr;446.0;Original GTFS (Snap-Distanz 4m) | Auf Route gesnappt (4m);271.2;-9.36;asphalt;primary_link;
Routenpunkt (Way);T;Wilhelmsfelder Straße;49.444054;8.753689;50.0;;;;;;Original OSM;270.4;-8.05;asphalt;primary_link;
Routenpunkt (Way);T;;49.443983;8.753627;50.0;;;;;;Interpoliert (15m);270.3;-6.65;asphalt;primary_link;
Routenpunkt (Way);T;Wilhelmsfelder Straße;49.443912;8.753565;50.0;;;;;;Interpoliert;270.2;-3.91;asphalt;primary_link;
Routenpunkt (Way);T;Wilhelmsfelder Straße;49.443799;8.753463;50.0;;;;;;Interpoliert;270.1;-2.23;asphalt;primary_link;
Routenpunkt (Way);T;Wilhelmsfelder Straße;49.443686;8.753361;50.0;;;;;;Interpoliert;269.5;-2.83;asphalt;primary_link;
Routenpunkt (Way);T;Wilhelmsfelder Straße;49.443574;8.753259;50.0;;;;;;Interpoliert;268.9;-3.54;asphalt;primary_link;
Routenpunkt (Way);T;Wilhelmsfelder Straße;49.443461;8.753157;50.0;;;;;;Original OSM;268.3;-4.34;asphalt;primary_link;
Routenpunkt (Way);T;Wilhelmsfelder Straße;49.443358;8.753072;50.0;;;;;;Interpoliert;267.7;-4.46;asphalt;primary_link;
Routenpunkt (Way);T;;49.443256;8.752993;50.0;;;;;;Interpoliert (15m);267.1;-4.72;asphalt;primary_link;
Routenpunkt (Way);T;Wilhelmsfelder Straße;49.443154;8.752914;50.0;;;;;;Original OSM;266.5;-6.25;asphalt;primary_link;
Routenpunkt (Way);T;;49.443063;8.752853;50.0;;;;;;Interpoliert (15m);265.9;-7.81;asphalt;primary_link;
Routenpunkt (Way);T;Wilhelmsfelder Straße;49.442972;8.752791;50.0;;;;;;Interpoliert;264.6;-9.71;asphalt;primary_link;
Routenpunkt (Way);T;Wilhelmsfelder Straße;49.442884;8.752738;50.0;;;;;;Interpoliert;263.3;-10.5;asphalt;primary_link;
Routenpunkt (Way);T;Wilhelmsfelder Straße;49.442767;8.752665;50.0;;;;;;Original OSM;261.3;-11.15;asphalt;primary_link;
Routenpunkt (Way);T;;49.442698;8.752631;50.0;;;;;;Interpoliert (15m);260.6;-9.91;asphalt;primary_link;
Routenpunkt (Way);T;Wilhelmsfelder Straße;49.442629;8.752596;50.0;;;;;;Interpoliert;259.9;-8.54;asphalt;primary_link;
Routenpunkt (Way);T;Wilhelmsfelder Straße;49.44252;8.752545;50.0;;;;;;Interpoliert;259.2;-6.71;asphalt;primary_link;
Routenpunkt (Way);T;Wilhelmsfelder Straße;49.442412;8.752494;50.0;;;;;;Original OSM;258.5;-6.0;asphalt;primary_link;
Routenpunkt (Way);T;Wilhelmsfelder Straße;49.442294;8.752437;50.0;;;;;;Interpoliert;257.8;-6.01;asphalt;primary_link;
Routenpunkt (Way);T;Wilhelmsfelder Straße;49.442177;8.752381;50.0;;;;;;Interpoliert;257.1;-6.66;asphalt;primary_link;
Routenpunkt (Way);T;Wilhelmsfelder Straße;49.442059;8.752325;50.0;;;;;;Interpoliert;255.9;-7.3;asphalt;primary_link;
Routenpunkt (Way);T;Wilhelmsfelder Straße;49.441941;8.752269;50.0;;;;;;Interpoliert;254.7;-7.01;asphalt;primary_link;
Routenpunkt (Way);T;Wilhelmsfelder Straße;49.441823;8.752213;50.0;;;;;;Interpoliert;253.5;-6.71;asphalt;primary_link;
Routenpunkt (Way);T;Wilhelmsfelder Straße;49.441706;8.752157;50.0;;;;;;Interpoliert;253.0;-5.68;asphalt;primary_link;
Routenpunkt (Way);T;Wilhelmsfelder Straße;49.441588;8.752101;50.0;;;;;;Original OSM;252.5;-4.66;asphalt;primary_link;
Routenpunkt (Way);T;Wilhelmsfelder Straße;49.44147;8.752041;50.0;;;;;;Interpoliert;252.0;-5.22;asphalt;primary_link;
Routenpunkt (Way);T;Wilhelmsfelder Straße;49.441352;8.751981;50.0;;;;;;Interpoliert;251.5;-6.66;asphalt;primary_link;
Routenpunkt (Way);T;Wilhelmsfelder Straße;49.441233;8.751921;50.0;;;;;;Original OSM;249.9;-8.19;asphalt;primary_link;
Routenpunkt (Way);T;Wilhelmsfelder Straße;49.441105;8.751874;50.0;;;;;;Original OSM;248.3;-9.43;asphalt;primary_link;
Routenpunkt (Way);T;Wilhelmsfelder Straße;49.440979;8.751845;50.0;;;;;;Original OSM;246.7;-10.67;asphalt;primary_link;
Routenpunkt (Way);T;;49.440878;8.75184;50.0;;;;;;Interpoliert (15m);245.6;-9.97;asphalt;primary_link;
Routenpunkt (Way);T;Wilhelmsfelder Straße;49.440777;8.751835;50.0;;;;;;Original OSM;244.5;-9.41;asphalt;primary_link;
Routenpunkt (Way);T;;49.440654;8.751846;50.0;;;;;;Interpoliert (15m);243.4;-9.71;asphalt;primary_link;
Routenpunkt (Way);T;Wilhelmsfelder Straße;49.440532;8.751857;50.0;;;;;;Original OSM;242.3;-11.02;asphalt;primary_link;
Routenpunkt (Way);T;;49.440456;8.751876;50.0;;;;;;Interpoliert (15m);241.2;-11.37;asphalt;primary_link;
Routenpunkt (Way);T;Wilhelmsfelder Straße;49.44038;8.751896;50.0;;;;;;Original OSM;239.8;-10.28;asphalt;primary_link;
Routenpunkt (Way);T;Wilhelmsfelder Straße;49.440274;8.751938;50.0;;;;;;Original OSM;238.4;-9.2;asphalt;primary_link;
Routenpunkt (Way);T;Wilhelmsfelder Straße;49.440177;8.751987;50.0;;;;;;Original OSM;238.1;-7.17;asphalt;primary_link;
Routenpunkt (Way);T;Wilhelmsfelder Straße;49.440082;8.752042;50.0;;;;;;Interpoliert;237.8;-4.44;asphalt;primary_link;
Routenpunkt (Way);T;Wilhelmsfelder Straße;49.439988;8.752097;50.0;;;;;;Interpoliert;237.5;-2.65;asphalt;primary_link;
Routenpunkt (Way);T;Wilhelmsfelder Straße;49.439893;8.752152;50.0;;;;;;Original OSM;237.2;-2.58;asphalt;primary_link;
Routenpunkt (Way);T;Wilhelmsfelder Straße;49.439796;8.752209;50.0;;;;;;Interpoliert;236.9;-2.51;asphalt;primary_link;
Routenpunkt (Way);T;;49.439683;8.752255;50.0;;;;;;Interpoliert (15m);236.6;-2.65;asphalt;primary_link;
Routenpunkt (Way);T;Wilhelmsfelder Straße;49.43957;8.752301;50.0;;;;;;Original OSM;236.3;-2.29;asphalt;primary_link;
Routenpunkt (Way);T;;49.439464;8.752314;50.0;;;;;;Interpoliert (15m);235.9;-1.94;asphalt;primary_link;
Routenpunkt (Way);T;;49.439358;8.752327;50.0;;;;;;Interpoliert (15m);235.8;-1.7;asphalt;primary_link;
Routenpunkt (Way);T;Wilhelmsfelder Straße;49.439252;8.75234;50.0;;;;;;Original OSM;235.7;-1.46;asphalt;primary_link;
Routenpunkt (Way);T;;49.439172;8.752329;50.0;;;;;;Interpoliert (15m);235.6;-0.94;asphalt;primary_link;
Routenpunkt (Way);T;Wilhelmsfelder Straße;49.439092;8.752318;50.0;;;;;;Original OSM;235.5;-0.93;asphalt;primary_link;
Routenpunkt (Way);T;Wilhelmsfelder Straße;49.438979;8.752292;50.0;;;;;;Interpoliert;235.4;-2.5;asphalt;primary_link;
Routenpunkt (Way);T;Wilhelmsfelder Straße;49.438866;8.752266;50.0;;;;;;Interpoliert;235.3;-4.1;asphalt;primary_link;
Routenpunkt (Way);T;Wilhelmsfelder Straße;49.438753;8.75224;50.0;;;;;;Original OSM;234.2;-5.71;asphalt;primary_link;
Routenpunkt (Way);T;Wilhelmsfelder Straße;49.438647;8.75221;50.0;;;;;;Interpoliert;233.1;-7.22;asphalt;primary_link;
Routenpunkt (Way);T;Wilhelmsfelder Straße;49.438541;8.752181;50.0;;;;;;Interpoliert;232.0;-8.72;asphalt;primary_link;
Routenpunkt (Way);T;Wilhelmsfelder Straße;49.438434;8.752152;50.0;;;;;;Interpoliert;231.0;-8.65;asphalt;primary_link;
Routenpunkt (Way);T;Wilhelmsfelder Straße;49.438328;8.752122;50.0;;;;;;Interpoliert;230.0;-8.72;asphalt;primary_link;
Routenpunkt (Way);T;Wilhelmsfelder Straße;49.438221;8.752093;50.0;;;;;;Original OSM;229.0;-8.78;asphalt;primary_link;
Routenpunkt (Way);T;Wilhelmsfelder Straße;49.438127;8.752076;50.0;;;;;;Interpoliert;228.0;-8.74;asphalt;primary_link;
Routenpunkt (Way);T;Wilhelmsfelder Straße;49.438033;8.752058;50.0;;;;;;Interpoliert;227.0;-8.7;asphalt;primary_link;
Routenpunkt (Way);T;;49.437923;8.752042;50.0;;;;;;Interpoliert (15m);226.0;-8.36;asphalt;primary_link;
Routenpunkt (Way);T;Wilhelmsfelder Straße;49.437812;8.752026;50.0;;;;;;Original OSM;225.0;-7.79;asphalt;primary_link;
Routenpunkt (Way);T;;49.437717;8.752019;50.0;;;;;;Interpoliert (15m);224.3;-7.22;asphalt;primary_link;
Routenpunkt (Way);T;;49.437622;8.752012;50.0;;;;;;Interpoliert (15m);223.6;-5.6;asphalt;primary_link;
Routenpunkt (Way);T;Wilhelmsfelder Straße;49.437528;8.752006;50.0;;;;;;Original OSM;222.9;-4.98;asphalt;primary_link;
Haltestelle;W;Ziegelhausen, Grüner Baum;49.437528;8.752006;50.0;09:41:00;09:41:00;Kein Umlauf;Mo,Di,Mi,Do,Fr;446.0;Original GTFS (Snap-Distanz 3m) | Auf Route gesnappt (3m);222.2;-4.67;asphalt;primary_link;
Routenpunkt (Way);T;;49.437404;8.751981;50.0;;;;;;Interpoliert (15m);221.5;-3.53;asphalt;primary_link;
Routenpunkt (Way);T;Wilhelmsfelder Straße;49.43728;8.751956;50.0;;;;;;Original OSM;220.8;-2.39;asphalt;primary_link;
Routenpunkt (Way);T;;49.43719;8.751905;50.0;;;;;;Interpoliert (15m);220.7;-2.58;asphalt;primary_link;
Routenpunkt (Way);T;;49.4371;8.751854;50.0;;;;;;Interpoliert (15m);220.6;-3.6;asphalt;primary_link;
Routenpunkt (Way);T;Wilhelmsfelder Straße;49.43701;8.751802;50.0;;;;;;Interpoliert;220.5;-3.79;asphalt;primary_link;
Routenpunkt (Way);T;Wilhelmsfelder Straße;49.436908;8.75172;50.0;;;;;;Original OSM;219.2;-4.79;asphalt;primary_link;
Routenpunkt (Way);T;Wilhelmsfelder Straße;49.436835;8.751638;50.0;;;;;;Interpoliert;218.6;-5.54;asphalt;primary_link;
Routenpunkt (Way);T;Wilhelmsfelder Straße;49.436762;8.751556;50.0;;;;;;Original OSM;218.0;-6.28;asphalt;primary_link;
Routenpunkt (Way);T;Wilhelmsfelder Straße;49.436674;8.751438;50.0;;;;;;Interpoliert;217.4;-4.09;asphalt;primary_link;
Routenpunkt (Way);T;Wilhelmsfelder Straße;49.436587;8.751321;50.0;;;;;;Original OSM;216.8;-2.74;asphalt;primary_link;
Routenpunkt (Way);T;Wilhelmsfelder Straße;49.4365;8.751206;50.0;;;;;;Interpoliert;216.9;-2.33;asphalt;primary_link;
Routenpunkt (Way);T;Wilhelmsfelder Straße;49.436412;8.751091;50.0;;;;;;Interpoliert;217.0;-2.18;asphalt;primary_link;
Routenpunkt (Way);T;Wilhelmsfelder Straße;49.436324;8.750976;50.0;;;;;;Interpoliert;216.5;-3.75;asphalt;primary_link;
Routenpunkt (Way);T;Wilhelmsfelder Straße;49.436237;8.750861;50.0;;;;;;Interpoliert;216.0;-4.53;asphalt;primary_link;
Routenpunkt (Way);T;Wilhelmsfelder Straße;49.436149;8.750746;50.0;;;;;;Interpoliert;214.4;-5.31;asphalt;primary_link;
Routenpunkt (Way);T;Wilhelmsfelder Straße;49.436061;8.750631;50.0;;;;;;Original OSM;214.0;-3.9;asphalt;primary_link;
Routenpunkt (Way);T;Wilhelmsfelder Straße;49.435974;8.750517;50.0;;;;;;Interpoliert;213.6;-2.49;asphalt;primary_link;
Routenpunkt (Way);T;Wilhelmsfelder Straße;49.435887;8.750403;50.0;;;;;;Interpoliert;214.0;0.63;asphalt;primary_link;
Routenpunkt (Way);T;Wilhelmsfelder Straße;49.4358;8.750288;50.0;;;;;;Interpoliert;214.4;0.79;asphalt;primary_link;
Routenpunkt (Way);T;Wilhelmsfelder Straße;49.435713;8.750174;50.0;;;;;;Interpoliert;214.8;0.92;asphalt;primary_link;
Routenpunkt (Way);T;Wilhelmsfelder Straße;49.435626;8.75006;50.0;;;;;;Original OSM;214.5;-0.2;asphalt;primary_link;
Routenpunkt (Way);T;Wilhelmsfelder Straße;49.435537;8.749962;50.0;;;;;;Interpoliert;214.2;-1.32;asphalt;primary_link;
Routenpunkt (Way);T;Wilhelmsfelder Straße;49.435447;8.749865;50.0;;;;;;Interpoliert;213.9;-2.28;asphalt;primary_link;
Routenpunkt (Way);T;Wilhelmsfelder Straße;49.435358;8.749767;50.0;;;;;;Interpoliert;213.6;-2.14;asphalt;primary_link;
Routenpunkt (Way);T;Wilhelmsfelder Straße;49.435269;8.74967;50.0;;;;;;Interpoliert;213.4;-2.03;asphalt;primary_link;
Routenpunkt (Way);T;Peterstaler Straße;49.43518;8.749572;50.0;;;;;;Original OSM;213.2;-0.76;asphalt;primary_link;
Routenpunkt (Way);T;Peterstaler Straße;49.435097;8.749509;50.0;;;;;;Interpoliert;213.0;0.51;asphalt;primary_link;
Routenpunkt (Way);T;Peterstaler Straße;49.435015;8.749446;50.0;;;;;;Interpoliert;213.4;1.45;asphalt;primary_link;
Routenpunkt (Way);T;Peterstaler Straße;49.434932;8.749382;50.0;;;;;;Original OSM;213.8;2.39;asphalt;primary_link;
Routenpunkt (Way);T;Peterstaler Straße;49.434825;8.749308;50.0;;;;;;Interpoliert;214.2;3.49;asphalt;primary_link;
Routenpunkt (Way);T;Peterstaler Straße;49.434718;8.749232;50.0;;;;;;Original OSM;214.6;2.71;asphalt;primary_link;
Routenpunkt (Way);T;Peterstaler Straße;49.434629;8.749155;50.0;;;;;;Original OSM;215.0;2.7;asphalt;primary_link;
Haltestelle;W;Ziegelhausen, Peterstaler Str.;49.434629;8.749155;50.0;09:42:00;09:42:00;Kein Umlauf;Mo,Di,Mi,Do,Fr;446.0;Original GTFS (Snap-Distanz 4m) | Auf Route gesnappt (4m);215.4;0.34;asphalt;primary_link;
Routenpunkt (Way);T;Peterstaler Straße;49.43455;8.74908;50.0;;;;;;Original OSM;215.8;-2.2;asphalt;primary_link;
Routenpunkt (Way);T;Peterstaler Straße;49.434448;8.748971;50.0;;;;;;Original OSM;214.6;-3.71;asphalt;primary_link;
Routenpunkt (Way);T;;49.434365;8.748856;50.0;;;;;;Interpoliert (15m);213.4;-6.78;asphalt;primary_link;
Routenpunkt (Way);T;;49.434282;8.748741;50.0;;;;;;Interpoliert (15m);212.9;-10.28;asphalt;primary_link;
Routenpunkt (Way);T;Peterstaler Straße;49.434199;8.748626;50.0;;;;;;Original OSM;211.0;-11.27;asphalt;primary_link;
Routenpunkt (Way);T;;49.434114;8.748486;50.0;;;;;;Interpoliert (15m);209.1;-12.07;asphalt;primary_link;
Routenpunkt (Way);T;;49.434029;8.748345;50.0;;;;;;Interpoliert (15m);207.2;-13.99;asphalt;primary_link;
Routenpunkt (Way);T;;49.433943;8.748204;50.0;;;;;;Interpoliert (15m);205.3;-13.92;asphalt;primary_link;
Routenpunkt (Way);T;Peterstaler Straße;49.433858;8.748064;50.0;;;;;;Original OSM;203.4;-15.6;asphalt;primary_link;
Routenpunkt (Way);T;;49.43377;8.747952;50.0;;;;;;Interpoliert (15m);201.5;-13.18;asphalt;primary_link;
Routenpunkt (Way);T;;49.433682;8.747839;50.0;;;;;;Interpoliert (15m);198.7;-10.76;asphalt;primary_link;
Routenpunkt (Way);T;;49.433594;8.747727;50.0;;;;;;Interpoliert (15m);198.5;-9.45;asphalt;primary_link;
Routenpunkt (Way);T;;49.433506;8.747615;50.0;;;;;;Interpoliert (15m);198.3;-7.87;asphalt;primary_link;
Routenpunkt (Way);T;Peterstaler Straße;49.433418;8.747503;50.0;;;;;;Original OSM;197.4;-4.87;asphalt;primary_link;
Routenpunkt (Way);T;;49.433311;8.747441;50.0;;;;;;Interpoliert (15m);196.5;-5.97;asphalt;primary_link;
Routenpunkt (Way);T;;49.433203;8.74738;50.0;;;;;;Interpoliert (15m);195.6;-7.06;asphalt;primary_link;
Routenpunkt (Way);T;;49.433096;8.747318;50.0;;;;;;Interpoliert (15m);194.7;-8.45;asphalt;primary_link;
Routenpunkt (Way);T;Peterstaler Straße;49.432988;8.747257;50.0;;;;;;Original OSM;193.8;-9.85;asphalt;primary_link;
Routenpunkt (Way);T;;49.432893;8.747236;50.0;;;;;;Interpoliert (15m);192.3;-9.33;asphalt;primary_link;
Routenpunkt (Way);T;Peterstaler Straße;49.432798;8.747214;50.0;;;;;;Original OSM;190.8;-8.9;asphalt;primary_link;
Routenpunkt (Way);T;Peterstaler Straße;49.432678;8.747201;50.0;;;;;;Original OSM;190.2;-8.47;asphalt;primary_link;
Routenpunkt (Way);T;;49.432568;8.747207;50.0;;;;;;Interpoliert (15m);189.6;-6.65;asphalt;primary_link;
Routenpunkt (Way);T;;49.432459;8.747213;50.0;;;;;;Interpoliert (15m);189.0;-4.85;asphalt;primary_link;
Routenpunkt (Way);T;Peterstaler Straße;49.432349;8.747218;50.0;;;;;;Original OSM;188.4;-4.95;asphalt;primary_link;
Routenpunkt (Way);T;;49.432245;8.747262;50.0;;;;;;Interpoliert (15m);187.8;-4.97;asphalt;primary_link;
Routenpunkt (Way);T;;49.432141;8.747305;50.0;;;;;;Interpoliert (15m);187.2;-5.65;asphalt;primary_link;
Routenpunkt (Way);T;;49.432036;8.747348;50.0;;;;;;Interpoliert (15m);186.6;-6.81;asphalt;primary_link;
Routenpunkt (Way);T;Peterstaler Straße;49.431932;8.747392;50.0;;;;;;Original OSM;185.6;-7.43;asphalt;primary_link;
Haltestelle;W;Ziegelhausen, Kreuzgrundweg;49.431902;8.747414;50.0;09:43:00;09:43:00;Kein Umlauf;Mo,Di,Mi,Do,Fr;446.0;Original GTFS (Snap-Distanz 2m) | Auf Route gesnappt (2m);185.2;-6.98;asphalt;primary_link;
Routenpunkt (Way);T;Peterstaler Straße;49.431862;8.747443;50.0;;;;;;Original OSM;184.8;-6.54;asphalt;primary_link;
Routenpunkt (Way);T;;49.431749;8.747542;50.0;;;;;;Interpoliert (15m);184.4;-5.5;asphalt;primary_link;
Routenpunkt (Way);T;Peterstaler Straße;49.431636;8.74764;50.0;;;;;;Original OSM;184.0;-3.98;asphalt;primary_link;
Routenpunkt (Way);T;;49.431539;8.747732;50.0;;;;;;Interpoliert (15m);183.6;-1.41;asphalt;primary_link;
Routenpunkt (Way);T;Peterstaler Straße;49.431441;8.747825;50.0;;;;;;Interpoliert;183.2;-2.09;asphalt;primary_link;
Routenpunkt (Way);T;Peterstaler Straße;49.43133;8.747932;50.0;;;;;;Interpoliert;183.9;-2.76;asphalt;primary_link;
Routenpunkt (Way);T;Peterstaler Straße;49.431219;8.748038;50.0;;;;;;Interpoliert;183.0;-2.82;asphalt;primary_link;
Routenpunkt (Way);T;Peterstaler Straße;49.431107;8.748145;50.0;;;;;;Interpoliert;182.1;-2.88;asphalt;primary_link;
Routenpunkt (Way);T;Peterstaler Straße;49.430996;8.748252;50.0;;;;;;Interpoliert;181.6;-4.53;asphalt;primary_link;
Routenpunkt (Way);T;Peterstaler Straße;49.430885;8.748359;50.0;;;;;;Interpoliert;181.1;-3.98;asphalt;primary_link;
Routenpunkt (Way);T;Peterstaler Straße;49.430774;8.748465;50.0;;;;;;Interpoliert;180.6;-3.47;asphalt;primary_link;
Routenpunkt (Way);T;Peterstaler Straße;49.430662;8.748572;50.0;;;;;;Original OSM;180.1;-3.52;asphalt;primary_link;
Routenpunkt (Way);T;Peterstaler Straße;49.430552;8.748659;50.0;;;;;;Original OSM;179.6;-4.1;asphalt;primary_link;
Routenpunkt (Way);T;Peterstaler Straße;49.430441;8.748734;50.0;;;;;;Original OSM;179.1;-9.25;asphalt;primary_link;
Routenpunkt (Way);T;;49.430374;8.748771;50.0;;;;;;Interpoliert (15m);178.6;-10.08;asphalt;primary_link;
Routenpunkt (Way);T;Peterstaler Straße;49.430307;8.748807;50.0;;;;;;Original OSM;176.3;-10.88;asphalt;primary_link;
Routenpunkt (Way);T;;49.430226;8.748838;50.0;;;;;;Interpoliert (15m);175.6;-11.15;asphalt;primary_link;
Routenpunkt (Way);T;Peterstaler Straße;49.430146;8.748868;50.0;;;;;;Interpoliert;174.9;-10.9;asphalt;primary_link;
Routenpunkt (Way);T;Peterstaler Straße;49.430025;8.748911;50.0;;;;;;Interpoliert;174.2;-5.58;asphalt;primary_link;
Routenpunkt (Way);T;Peterstaler Straße;49.429905;8.748954;50.0;;;;;;Original OSM;173.5;-4.56;asphalt;primary_link;
Routenpunkt (Way);T;Peterstaler Straße;49.429801;8.748997;50.0;;;;;;Interpoliert;173.2;-4.39;asphalt;primary_link;
Routenpunkt (Way);T;Peterstaler Straße;49.429698;8.74904;50.0;;;;;;Interpoliert;172.9;-4.54;asphalt;primary_link;
Routenpunkt (Way);T;Peterstaler Straße;49.429595;8.749083;50.0;;;;;;Original OSM;172.1;-4.7;asphalt;primary_link;
Routenpunkt (Way);T;Peterstaler Straße;49.429478;8.74914;50.0;;;;;;Interpoliert;171.3;-4.35;asphalt;primary_link;
Routenpunkt (Way);T;Peterstaler Straße;49.429362;8.749198;50.0;;;;;;Interpoliert;170.5;-4.0;asphalt;primary_link;
Routenpunkt (Way);T;;49.42925;8.749252;50.0;;;;;;Interpoliert (15m);170.4;-2.82;asphalt;primary_link;
Routenpunkt (Way);T;Peterstaler Straße;49.429138;8.749305;50.0;;;;;;Original OSM;170.3;-1.8;asphalt;primary_link;
Routenpunkt (Way);T;;49.429029;8.749347;50.0;;;;;;Interpoliert (15m);170.2;-0.8;asphalt;primary_link;
Routenpunkt (Way);T;Peterstaler Straße;49.42892;8.749389;50.0;;;;;;Interpoliert;170.1;-1.55;asphalt;primary_link;
Routenpunkt (Way);T;Peterstaler Straße;49.42882;8.749419;50.0;;;;;;Original OSM;170.0;-2.99;asphalt;primary_link;
Routenpunkt (Way);T;Peterstaler Straße;49.428721;8.74944;50.0;;;;;;Interpoliert;169.5;-3.54;asphalt;primary_link;
Routenpunkt (Way);T;;49.42862;8.749462;50.0;;;;;;Interpoliert (15m);168.6;-4.15;asphalt;primary_link;
Routenpunkt (Way);T;Peterstaler Straße;49.42852;8.749484;50.0;;;;;;Original OSM;168.2;-4.74;asphalt;primary_link;
Routenpunkt (Way);T;;49.428427;8.749504;50.0;;;;;;Interpoliert (15m);167.8;-4.5;asphalt;primary_link;
Routenpunkt (Way);T;Peterstaler Straße;49.428335;8.749525;50.0;;;;;;Interpoliert;167.4;-3.57;asphalt;primary_link;
Routenpunkt (Way);T;;49.428228;8.749555;50.0;;;;;;Interpoliert (15m);167.0;-3.65;asphalt;primary_link;
Routenpunkt (Way);T;Peterstaler Straße;49.428121;8.749584;50.0;;;;;;Interpoliert;166.6;-2.88;asphalt;primary_link;
Routenpunkt (Way);T;Peterstaler Straße;49.428031;8.749615;50.0;;;;;;Original OSM;166.2;-3.32;asphalt;primary_link;
Haltestelle;W;Ziegelhausen, Fürstendamm;49.428031;8.749615;50.0;09:44:00;09:44:00;Kein Umlauf;Mo,Di,Mi,Do,Fr;446.0;Original GTFS (Snap-Distanz 2m) | Auf Route gesnappt (2m);165.8;-3.57;asphalt;primary_link;
Routenpunkt (Way);T;Peterstaler Straße;49.427974;8.749636;50.0;;;;;;Original OSM;165.4;-3.82;asphalt;primary_link;
Routenpunkt (Way);T;;49.427898;8.749668;50.0;;;;;;Interpoliert (15m);165.0;-3.71;asphalt;primary_link;
Routenpunkt (Way);T;Peterstaler Straße;49.427822;8.749701;50.0;;;;;;Interpoliert;164.6;-2.54;asphalt;primary_link;
Routenpunkt (Way);T;Peterstaler Straße;49.427719;8.74975;50.0;;;;;;Interpoliert;164.2;-0.16;asphalt;primary_link;
Routenpunkt (Way);T;Peterstaler Straße;49.427615;8.749798;50.0;;;;;;Interpoliert;164.9;1.7;asphalt;primary_link;
Routenpunkt (Way);T;Peterstaler Straße;49.427512;8.749846;50.0;;;;;;Original OSM;165.6;3.63;asphalt;primary_link;
Routenpunkt (Way);T;Peterstaler Straße;49.427388;8.749918;50.0;;;;;;Original OSM;166.3;5.32;asphalt;primary_link;
Routenpunkt (Way);T;Peterstaler Straße;49.427274;8.749992;50.0;;;;;;Interpoliert;167.0;3.14;asphalt;primary_link;
Routenpunkt (Way);T;Peterstaler Straße;49.42716;8.750066;50.0;;;;;;Original OSM;167.7;0.96;asphalt;primary_link;
Routenpunkt (Way);T;Peterstaler Straße;49.427063;8.750132;50.0;;;;;;Interpoliert;167.1;-1.01;asphalt;primary_link;
Routenpunkt (Way);T;Peterstaler Straße;49.426966;8.750198;50.0;;;;;;Interpoliert;166.5;-2.31;asphalt;primary_link;
Routenpunkt (Way);T;Peterstaler Straße;49.426869;8.750264;50.0;;;;;;Original OSM;165.9;-3.61;asphalt;primary_link;
Routenpunkt (Way);T;Peterstaler Straße;49.426755;8.750357;50.0;;;;;;Interpoliert;165.7;-2.73;asphalt;primary_link;
Routenpunkt (Way);T;Peterstaler Straße;49.42664;8.75045;50.0;;;;;;Interpoliert;165.5;-1.85;asphalt;primary_link;
Routenpunkt (Way);T;Peterstaler Straße;49.426526;8.750544;50.0;;;;;;Interpoliert;165.4;-0.98;asphalt;primary_link;
Routenpunkt (Way);T;Peterstaler Straße;49.426412;8.750637;50.0;;;;;;Original OSM;165.3;-3.04;asphalt;primary_link;
Routenpunkt (Way);T;Peterstaler Straße;49.426305;8.75073;50.0;;;;;;Interpoliert;165.2;-5.11;asphalt;primary_link;
Routenpunkt (Way);T;Peterstaler Straße;49.426198;8.750824;50.0;;;;;;Interpoliert;163.6;-5.41;asphalt;primary_link;
Routenpunkt (Way);T;Peterstaler Straße;49.426092;8.750918;50.0;;;;;;Interpoliert;162.0;-5.71;asphalt;primary_link;
Routenpunkt (Way);T;Peterstaler Straße;49.425985;8.751011;50.0;;;;;;Interpoliert;161.7;-6.0;asphalt;primary_link;
Routenpunkt (Way);T;Peterstaler Straße;49.425878;8.751105;50.0;;;;;;Interpoliert;161.4;-4.1;asphalt;primary_link;
Routenpunkt (Way);T;Peterstaler Straße;49.425772;8.751199;50.0;;;;;;Interpoliert;161.1;-2.33;asphalt;primary_link;
Routenpunkt (Way);T;Peterstaler Straße;49.425665;8.751293;50.0;;;;;;Original OSM;160.8;-2.65;asphalt;primary_link;
Routenpunkt (Way);T;Peterstaler Straße;49.425586;8.751372;50.0;;;;;;Interpoliert;160.5;-2.98;asphalt;primary_link;
Routenpunkt (Way);T;Peterstaler Straße;49.425507;8.751452;50.0;;;;;;Interpoliert;160.1;-2.54;asphalt;primary_link;
Routenpunkt (Way);T;Peterstaler Straße;49.425428;8.751532;50.0;;;;;;Original OSM;159.7;-4.06;asphalt;primary_link;
Haltestelle;W;Ziegelhausen, Mühldamm;49.425428;8.751532;50.0;09:45:00;09:45:00;Kein Umlauf;Mo,Di,Mi,Do,Fr;446.0;Original GTFS (Snap-Distanz 1m) | Auf Route gesnappt (1m);159.3;-4.27;asphalt;primary_link;
Routenpunkt (Way);T;Peterstaler Straße;49.425391;8.751572;50.0;;;;;;Original OSM;158.8;-4.3;asphalt;primary_link;
Routenpunkt (Way);T;;49.425297;8.751671;50.0;;;;;;Interpoliert (15m);158.3;-4.25;asphalt;primary_link;
Routenpunkt (Way);T;Peterstaler Straße;49.425203;8.75177;50.0;;;;;;Interpoliert;157.8;-4.97;asphalt;primary_link;
Routenpunkt (Way);T;Peterstaler Straße;49.425099;8.75188;50.0;;;;;;Original OSM;157.3;-2.15;asphalt;primary_link;
Routenpunkt (Way);T;Peterstaler Straße;49.424997;8.75199;50.0;;;;;;Interpoliert;156.8;-0.5;asphalt;primary_link;
Routenpunkt (Way);T;Peterstaler Straße;49.424894;8.752099;50.0;;;;;;Interpoliert;157.4;-0.43;asphalt;primary_link;
Routenpunkt (Way);T;Peterstaler Straße;49.424792;8.752208;50.0;;;;;;Interpoliert;158.0;-3.03;asphalt;primary_link;
Routenpunkt (Way);T;Peterstaler Straße;49.424689;8.752317;50.0;;;;;;Interpoliert;157.5;-5.62;asphalt;primary_link;
Routenpunkt (Way);T;Peterstaler Straße;49.424586;8.752426;50.0;;;;;;Interpoliert;155.2;-7.44;asphalt;primary_link;
Routenpunkt (Way);T;Peterstaler Straße;49.424484;8.752536;50.0;;;;;;Original OSM;152.9;-9.27;asphalt;primary_link;
Routenpunkt (Way);T;Peterstaler Straße;49.424377;8.752654;50.0;;;;;;Interpoliert;152.2;-8.54;asphalt;primary_link;
Routenpunkt (Way);T;Peterstaler Straße;49.424271;8.752773;50.0;;;;;;Interpoliert;151.5;-5.23;asphalt;primary_link;
Routenpunkt (Way);T;Peterstaler Straße;49.424165;8.752892;50.0;;;;;;Interpoliert;151.5;-1.92;asphalt;primary_link;
Routenpunkt (Way);T;Peterstaler Straße;49.424058;8.753011;50.0;;;;;;Original OSM;151.5;-2.58;asphalt;primary_link;
Routenpunkt (Way);T;Peterstaler Straße;49.423964;8.75313;50.0;;;;;;Interpoliert;151.5;-3.24;asphalt;primary_link;
Routenpunkt (Way);T;Peterstaler Straße;49.423869;8.753248;50.0;;;;;;Interpoliert;150.4;-7.3;asphalt;primary_link;
Routenpunkt (Way);T;Peterstaler Straße;49.423774;8.753367;50.0;;;;;;Interpoliert;149.3;-8.31;asphalt;primary_link;
Routenpunkt (Way);T;;49.423688;8.753463;50.0;;;;;;Interpoliert (15m);146.9;-9.41;asphalt;primary_link;
Routenpunkt (Way);T;Peterstaler Straße;49.423601;8.753558;50.0;;;;;;Original OSM;146.3;-8.88;asphalt;primary_link;
Routenpunkt (Way);T;;49.423508;8.753607;50.0;;;;;;Interpoliert (15m);145.7;-8.27;asphalt;primary_link;
Routenpunkt (Way);T;Peterstaler Straße;49.423415;8.753657;50.0;;;;;;Original OSM;145.1;-6.16;asphalt;primary_link;
Routenpunkt (Way);T;Peterstaler Straße;49.423307;8.753666;50.0;;;;;;Interpoliert;144.5;-7.1;asphalt;primary_link;
Routenpunkt (Way);T;;49.423188;8.753673;50.0;;;;;;Interpoliert (15m);143.2;-8.14;asphalt;primary_link;
Routenpunkt (Way);T;Peterstaler Straße;49.423068;8.75368;50.0;;;;;;Original OSM;141.9;-9.34;asphalt;primary_link;
Routenpunkt (Way);T;;49.422959;8.753702;50.0;;;;;;Interpoliert (15m);140.6;-10.64;asphalt;primary_link;
Routenpunkt (Way);T;;49.422851;8.753725;50.0;;;;;;Interpoliert (15m);139.2;-8.84;asphalt;primary_link;
Routenpunkt (Way);T;Peterstaler Straße;49.422742;8.753748;50.0;;;;;;Original OSM;137.8;-7.89;asphalt;primary_link;
Haltestelle;W;Ziegelhausen, Steinbacher Tal;49.422631;8.753805;50.0;09:47:00;09:47:00;Kein Umlauf;Mo,Di,Mi,Do,Fr;446.0;Original GTFS (Snap-Distanz 1m) | Auf Route gesnappt (1m);137.7;-7.11;asphalt;primary_link;
Routenpunkt (Way);T;Peterstaler Straße;49.422521;8.753895;50.0;;;;;;Original OSM;137.0;-6.16;asphalt;primary_link;
Routenpunkt (Way);T;;49.422448;8.753984;50.0;;;;;;Interpoliert (15m);136.3;-5.22;asphalt;primary_link;
Routenpunkt (Way);T;;49.422374;8.754072;50.0;;;;;;Interpoliert (15m);135.6;-6.33;asphalt;primary_link;
Routenpunkt (Way);T;Peterstaler Straße;49.422301;8.754161;50.0;;;;;;Original OSM;134.9;-6.59;asphalt;primary_link;
Routenpunkt (Way);T;;49.422235;8.754276;50.0;;;;;;Interpoliert (15m);134.2;-5.7;asphalt;primary_link;
Routenpunkt (Way);T;Peterstaler Straße;49.42217;8.75439;50.0;;;;;;Original OSM;133.5;-4.66;asphalt;primary_link;
Routenpunkt (Way);T;;49.422104;8.754536;50.0;;;;;;Interpoliert (15m);133.2;-3.64;asphalt;primary_link;
Routenpunkt (Way);T;Peterstaler Straße;49.422039;8.754681;50.0;;;;;;Original OSM;133.0;-4.01;asphalt;primary_link;
Routenpunkt (Way);T;;49.421982;8.754826;50.0;;;;;;Interpoliert (15m);132.8;-3.38;asphalt;primary_link;
Routenpunkt (Way);T;Peterstaler Straße;49.421925;8.75497;50.0;;;;;;Original OSM;131.8;-3.54;asphalt;primary_link;
Routenpunkt (Way);T;;49.421857;8.755111;50.0;;;;;;Interpoliert (15m);131.4;-3.94;asphalt;primary_link;
Routenpunkt (Way);T;Peterstaler Straße;49.42179;8.755251;50.0;;;;;;Original OSM;131.0;-3.8;asphalt;primary_link;
Routenpunkt (Way);T;;49.421721;8.755363;50.0;;;;;;Interpoliert (15m);130.6;-2.34;asphalt;primary_link;
Routenpunkt (Way);T;Peterstaler Straße;49.421652;8.755476;50.0;;;;;;Original OSM;130.5;-1.89;asphalt;primary_link;
Routenpunkt (Way);T;Peterstaler Straße;49.421576;8.755584;30.0;;;;;;Original OSM;130.4;-2.23;asphalt;primary_link;
Routenpunkt (Way);T;Peterstaler Straße;49.421502;8.755671;30.0;;;;;;Interpoliert;130.3;-2.56;asphalt;primary_link;
Routenpunkt (Way);T;Peterstaler Straße;49.421429;8.755759;30.0;;;;;;Original OSM;129.8;-3.43;asphalt;primary_link;
Routenpunkt (Way);T;;49.42136;8.755839;30.0;;;;;;Interpoliert (15m);129.3;-2.61;asphalt;primary_link;
Routenpunkt (Way);T;Peterstaler Straße;49.421292;8.755919;30.0;;;;;;Original OSM;128.8;-2.63;asphalt;primary_link;
Routenpunkt (Way);T;;49.421226;8.755996;30.0;;;;;;Interpoliert (15m);129.1;-1.84;asphalt;primary_link;
Routenpunkt (Way);T;Peterstaler Straße;49.42116;8.756073;30.0;;;;;;Interpoliert;129.0;-0.97;asphalt;primary_link;
Routenpunkt (Way);T;;49.421075;8.756157;30.0;;;;;;Interpoliert (15m);128.9;-0.58;asphalt;primary_link;
Routenpunkt (Way);T;Peterstaler Straße;49.42099;8.75624;30.0;;;;;;Original OSM;128.8;-1.89;asphalt;primary_link;
Routenpunkt (Way);T;;49.420889;8.756303;30.0;;;;;;Interpoliert (15m);128.4;-2.36;asphalt;primary_link;
Routenpunkt (Way);T;Peterstaler Straße;49.420788;8.756365;30.0;;;;;;Interpoliert;128.0;-2.86;asphalt;primary_link;
Routenpunkt (Way);T;;49.420688;8.756418;30.0;;;;;;Interpoliert (15m);127.6;-3.26;asphalt;primary_link;
Routenpunkt (Way);T;Peterstaler Straße;49.420588;8.75647;30.0;;;;;;Original OSM;127.2;-3.47;asphalt;primary_link;
Routenpunkt (Way);T;;49.420471;8.756537;30.0;;;;;;Interpoliert (15m);126.8;-3.63;asphalt;primary_link;
Routenpunkt (Way);T;Peterstaler Straße;49.420355;8.756603;30.0;;;;;;Interpoliert;126.2;-3.28;asphalt;primary_link;
Routenpunkt (Way);T;Peterstaler Straße;49.420232;8.756677;30.0;;;;;;Original OSM;125.6;-2.94;asphalt;primary_link;
Routenpunkt (Way);T;;49.420128;8.756718;30.0;;;;;;Interpoliert (15m);125.4;-2.69;asphalt;primary_link;
Routenpunkt (Way);T;;49.420023;8.75676;30.0;;;;;;Interpoliert (15m);125.2;-2.12;asphalt;primary_link;
Routenpunkt (Way);T;Peterstaler Straße;49.419919;8.756801;30.0;;;;;;Original OSM;125.0;-1.61;asphalt;primary_link;
Routenpunkt (Way);T;;49.419801;8.75682;30.0;;;;;;Interpoliert (15m);124.8;-1.58;asphalt;primary_link;
Routenpunkt (Way);T;;49.419683;8.756839;30.0;;;;;;Interpoliert (15m);124.6;-1.7;asphalt;primary_link;
Routenpunkt (Way);T;;49.419565;8.756858;30.0;;;;;;Interpoliert (15m);124.4;-2.15;asphalt;primary_link;
Routenpunkt (Way);T;Peterstaler Straße;49.419447;8.756877;30.0;;;;;;Original OSM;124.1;-2.11;asphalt;primary_link;
Routenpunkt (Way);T;;49.419378;8.756881;30.0;;;;;;Interpoliert (15m);123.8;-1.94;asphalt;primary_link;
Haltestelle;W;Ziegelhausen, Neckarschule;49.419309;8.756885;30.0;09:48:00;09:49:00;Kein Umlauf;Mo,Di,Mi,Do,Fr;446.0;Original GTFS (Snap-Distanz 3m) | Auf Route gesnappt (3m);123.7;-1.83;asphalt;primary_link;
Routenpunkt (Way);T;Peterstaler Straße;49.419175;8.75689;30.0;;;;;;Original OSM;123.6;-1.57;asphalt;primary_link;
Routenpunkt (Way);T;Peterstaler Straße;49.419081;8.75689;30.0;;;;;;Interpoliert;123.5;-0.99;asphalt;primary_link;
Routenpunkt (Way);T;;49.418992;8.756891;30.0;;;;;;Interpoliert (15m);123.4;-0.9;asphalt;primary_link;
Routenpunkt (Way);T;Peterstaler Straße;49.418903;8.756892;30.0;;;;;;Original OSM;123.3;-1.98;asphalt;primary_link;
Routenpunkt (Way);T;;49.418799;8.756893;30.0;;;;;;Interpoliert (15m);123.2;-2.07;asphalt;primary_link;
Routenpunkt (Way);T;Peterstaler Straße;49.418695;8.756894;30.0;;;;;;Interpoliert;122.5;-2.2;asphalt;primary_link;
Routenpunkt (Way);T;Peterstaler Straße;49.418571;8.756895;30.0;;;;;;Original OSM;122.3;-2.16;asphalt;primary_link;
Ampel;A;Ampel;49.418515;8.756895;30.0;;;;;;Original OSM;122.2;-2.15;asphalt;primary_link;
Routenpunkt (Way);T;;49.418421;8.756806;30.0;;;;;;Interpoliert (15m);122.1;-1.1;asphalt;primary_link;
Routenpunkt (Way);T;Peterstaler Straße;49.418326;8.756717;30.0;;;;;;Original OSM;122.0;-0.96;asphalt;primary_link;
Routenpunkt (Way);T;;49.418258;8.756577;30.0;;;;;;Interpoliert (15m);121.9;0.94;asphalt;primary_link;
Routenpunkt (Way);T;;49.418189;8.756436;30.0;;;;;;Interpoliert (15m);121.8;2.81;asphalt;primary_link;
Routenpunkt (Way);T;In der Neckarhelle;49.41812;8.756296;30.0;;;;;;Original OSM;122.8;4.94;asphalt;primary_link;
Routenpunkt (Way);T;In der Neckarhelle;49.418078;8.756148;30.0;;;;;;Original OSM;123.8;8.25;asphalt;primary_link;
Routenpunkt (Way);T;;49.418045;8.756017;30.0;;;;;;Interpoliert (15m);124.8;10.57;asphalt;primary_link;
Routenpunkt (Way);T;;49.418013;8.755886;30.0;;;;;;Interpoliert (15m);126.4;12.18;asphalt;primary_link;
Routenpunkt (Way);T;In der Neckarhelle;49.41798;8.755754;30.0;;;;;;Original OSM;127.5;13.65;asphalt;primary_link;
Routenpunkt (Way);T;;49.417946;8.755562;30.0;;;;;;Interpoliert (15m);129.8;15.18;asphalt;primary_link;
Routenpunkt (Way);T;In der Neckarhelle;49.417912;8.755369;30.0;;;;;;Interpoliert;132.1;16.61;asphalt;primary_link;
Routenpunkt (Way);T;In der Neckarhelle;49.417884;8.755192;30.0;;;;;;Original OSM;134.4;19.17;asphalt;primary_link;
Routenpunkt (Way);T;In der Neckarhelle;49.417867;8.755056;30.0;;;;;;Interpoliert;136.7;21.32;asphalt;primary_link;
Routenpunkt (Way);T;;49.417848;8.754925;30.0;;;;;;Interpoliert (15m);139.0;22.67;asphalt;primary_link;
Routenpunkt (Way);T;In der Neckarhelle;49.417829;8.754793;30.0;;;;;;Original OSM;141.6;23.7;asphalt;primary_link;
Routenpunkt (Way);T;;49.417799;8.754641;30.0;;;;;;Interpoliert (15m);144.2;22.96;asphalt;primary_link;
Routenpunkt (Way);T;In der Neckarhelle;49.41777;8.754489;30.0;;;;;;Interpoliert;146.8;22.07;asphalt;primary_link;
Routenpunkt (Way);T;In der Neckarhelle;49.417731;8.754311;30.0;;;;;;Interpoliert;149.4;20.27;asphalt;primary_link;
Routenpunkt (Way);T;In der Neckarhelle;49.417693;8.754134;30.0;;;;;;Interpoliert;152.0;12.72;asphalt;primary_link;
Routenpunkt (Way);T;In der Neckarhelle;49.417654;8.753956;30.0;;;;;;Original OSM;154.4;5.17;asphalt;primary_link;
Routenpunkt (Way);T;In der Neckarhelle;49.417616;8.753792;30.0;;;;;;Interpoliert;152.5;-1.69;asphalt;primary_link;
Routenpunkt (Way);T;In der Neckarhelle;49.417578;8.753628;30.0;;;;;;Interpoliert;150.6;-8.54;asphalt;primary_link;
Routenpunkt (Way);T;In der Neckarhelle;49.417541;8.753464;30.0;;;;;;Interpoliert;148.7;-17.34;asphalt;primary_link;
Routenpunkt (Way);T;In der Neckarhelle;49.417503;8.753301;30.0;;;;;;Interpoliert;146.8;-19.88;asphalt;primary_link;
Routenpunkt (Way);T;In der Neckarhelle;49.417465;8.753137;30.0;;;;;;Original OSM;143.5;-21.59;asphalt;primary_link;
Routenpunkt (Way);T;In der Neckarhelle;49.417429;8.752982;30.0;;;;;;Interpoliert;140.2;-24.78;asphalt;primary_link;
Routenpunkt (Way);T;In der Neckarhelle;49.417394;8.752828;30.0;;;;;;Interpoliert;137.4;-27.97;asphalt;primary_link;
Routenpunkt (Way);T;;49.417367;8.75271;30.0;;;;;;Interpoliert (15m);134.6;-22.72;asphalt;primary_link;
Routenpunkt (Way);T;In der Neckarhelle;49.41734;8.752593;30.0;;;;;;Original OSM;131.8;-16.27;asphalt;primary_link;
Haltestelle;W;Ziegelhausen, Neuer Weg;49.41734;8.752593;30.0;09:50:00;09:50:00;Kein Umlauf;Mo,Di,Mi,Do,Fr;446.0;Original GTFS (Snap-Distanz 1m) | Auf Route gesnappt (1m);128.0;-10.54;asphalt;primary_link;
Routenpunkt (Way);T;In der Neckarhelle;49.417309;8.752444;30.0;;;;;;Interpoliert;128.5;-3.33;asphalt;primary_link;
Routenpunkt (Way);T;;49.417286;8.752281;30.0;;;;;;Interpoliert (15m);129.1;3.88;asphalt;primary_link;
Routenpunkt (Way);T;;49.417263;8.752119;30.0;;;;;;Interpoliert (15m);129.7;4.95;asphalt;primary_link;
Routenpunkt (Way);T;In der Neckarhelle;49.417239;8.751957;30.0;;;;;;Original OSM;130.3;5.14;asphalt;primary_link;
Routenpunkt (Way);T;;49.417234;8.751802;30.0;;;;;;Interpoliert (15m);130.9;3.96;asphalt;primary_link;
Routenpunkt (Way);T;;49.417229;8.751647;30.0;;;;;;Interpoliert (15m);131.5;2.83;asphalt;primary_link;
Routenpunkt (Way);T;In der Neckarhelle;49.417224;8.751492;30.0;;;;;;Original OSM;131.4;1.69;asphalt;primary_link;
Routenpunkt (Way);T;In der Neckarhelle;49.417237;8.751287;30.0;;;;;;Interpoliert;131.3;0.49;asphalt;primary_link;
Routenpunkt (Way);T;In der Neckarhelle;49.41725;8.751082;30.0;;;;;;Interpoliert;131.2;-0.58;asphalt;primary_link;
Routenpunkt (Way);T;In der Neckarhelle;49.417263;8.750877;30.0;;;;;;Interpoliert;131.1;-0.54;asphalt;primary_link;
Routenpunkt (Way);T;In der Neckarhelle;49.417276;8.750672;30.0;;;;;;Interpoliert;131.1;-0.55;asphalt;primary_link;
Routenpunkt (Way);T;In der Neckarhelle;49.417289;8.750467;30.0;;;;;;Original OSM;131.0;-0.56;asphalt;primary_link;
Routenpunkt (Way);T;In der Neckarhelle;49.417294;8.750278;30.0;;;;;;Interpoliert;130.9;-0.57;asphalt;primary_link;
Routenpunkt (Way);T;In der Neckarhelle;49.417299;8.750089;30.0;;;;;;Interpoliert;130.8;-1.16;asphalt;primary_link;
Routenpunkt (Way);T;In der Neckarhelle;49.417304;8.7499;30.0;;;;;;Interpoliert;130.7;-1.29;asphalt;primary_link;
Routenpunkt (Way);T;In der Neckarhelle;49.417309;8.749712;30.0;;;;;;Original OSM;130.3;-1.15;asphalt;primary_link;
Routenpunkt (Way);T;In der Neckarhelle;49.417319;8.749507;30.0;;;;;;Interpoliert;130.1;-1.27;asphalt;primary_link;
Haltestelle;W;Ziegelhausen, Neckarhelle;49.417319;8.749507;30.0;09:51:00;09:51:00;Kein Umlauf;Mo,Di,Mi,Do,Fr;446.0;Original GTFS (Snap-Distanz 6m) | Auf Route gesnappt (6m);129.9;-1.52;asphalt;primary_link;
Routenpunkt (Way);T;In der Neckarhelle;49.417329;8.749302;30.0;;;;;;Original OSM;129.7;-1.52;asphalt;primary_link;
Routenpunkt (Way);T;In der Neckarhelle;49.417333;8.749161;30.0;;;;;;Interpoliert;129.5;-2.82;asphalt;primary_link;
Routenpunkt (Way);T;In der Neckarhelle;49.417336;8.74902;30.0;;;;;;Interpoliert;129.2;-4.12;asphalt;primary_link;
Routenpunkt (Way);T;In der Neckarhelle;49.41734;8.74888;30.0;;;;;;Original OSM;128.4;-5.15;asphalt;primary_link;
Routenpunkt (Way);T;;49.417347;8.74871;30.0;;;;;;Interpoliert (15m);127.6;-6.06;asphalt;primary_link;
Routenpunkt (Way);T;In der Neckarhelle;49.417353;8.74854;30.0;;;;;;Interpoliert;126.8;-6.29;asphalt;primary_link;
Routenpunkt (Way);T;In der Neckarhelle;49.41736;8.748371;30.0;;;;;;Interpoliert;126.0;-5.21;asphalt;primary_link;
Routenpunkt (Way);T;In der Neckarhelle;49.417367;8.748201;30.0;;;;;;Interpoliert;125.5;-4.49;asphalt;primary_link;
Routenpunkt (Way);T;In der Neckarhelle;49.417374;8.748031;30.0;;;;;;Original OSM;125.2;-3.77;asphalt;primary_link;
Routenpunkt (Way);T;In der Neckarhelle;49.417378;8.74789;30.0;;;;;;Interpoliert;124.9;-3.05;asphalt;primary_link;
Routenpunkt (Way);T;In der Neckarhelle;49.417383;8.747748;30.0;;;;;;Interpoliert;124.6;-2.69;asphalt;primary_link;
Routenpunkt (Way);T;In der Neckarhelle;49.417388;8.747606;30.0;;;;;;Original OSM;124.3;-2.35;asphalt;primary_link;
Routenpunkt (Way);T;In der Neckarhelle;49.41739;8.747421;30.0;;;;;;Interpoliert;124.0;-1.91;asphalt;primary_link;
Routenpunkt (Way);T;In der Neckarhelle;49.417393;8.747236;30.0;;;;;;Interpoliert;123.9;-1.48;asphalt;primary_link;
Routenpunkt (Way);T;In der Neckarhelle;49.417395;8.74705;30.0;;;;;;Interpoliert;123.8;-1.05;asphalt;primary_link;
Routenpunkt (Way);T;In der Neckarhelle;49.417398;8.746865;30.0;;;;;;Interpoliert;123.7;-0.75;asphalt;primary_link;
Routenpunkt (Way);T;In der Neckarhelle;49.4174;8.74668;30.0;;;;;;Interpoliert;123.6;-1.9;asphalt;primary_link;
Routenpunkt (Way);T;In der Neckarhelle;49.417403;8.746495;30.0;;;;;;Original OSM;123.5;-3.21;asphalt;primary_link;
Routenpunkt (Way);T;In der Neckarhelle;49.417409;8.746347;30.0;;;;;;Interpoliert;122.8;1.74;asphalt;primary_link;
Routenpunkt (Way);T;;49.417416;8.746214;30.0;;;;;;Interpoliert (15m);122.1;5.95;asphalt;primary_link;
Routenpunkt (Way);T;In der Neckarhelle;49.417423;8.746082;30.0;;;;;;Original OSM;124.4;9.1;asphalt;primary_link;
Routenpunkt (Way);T;;49.417439;8.745928;30.0;;;;;;Interpoliert (15m);126.7;13.14;asphalt;primary_link;
Routenpunkt (Way);T;In der Neckarhelle;49.417455;8.745773;30.0;;;;;;Original OSM;128.4;17.33;asphalt;primary_link;
Routenpunkt (Way);T;In der Neckarhelle;49.417486;8.745576;30.0;;;;;;Interpoliert;130.4;15.27;asphalt;primary_link;
Routenpunkt (Way);T;In der Neckarhelle;49.417516;8.74538;30.0;;;;;;Interpoliert;132.4;13.94;asphalt;primary_link;
Routenpunkt (Way);T;In der Neckarhelle;49.417547;8.745183;30.0;;;;;;Interpoliert;134.4;12.86;asphalt;primary_link;
Routenpunkt (Way);T;In der Neckarhelle;49.417577;8.744986;30.0;;;;;;Interpoliert;136.4;9.44;asphalt;primary_link;
Routenpunkt (Way);T;In der Neckarhelle;49.417608;8.74479;30.0;;;;;;Interpoliert;137.8;6.02;asphalt;primary_link;
Routenpunkt (Way);T;In der Neckarhelle;49.417638;8.744593;30.0;;;;;;Interpoliert;137.3;-1.46;asphalt;primary_link;
Routenpunkt (Way);T;;49.417635;8.744389;30.0;;;;;;Interpoliert (15m);136.8;-10.77;asphalt;primary_link;
Routenpunkt (Way);T;In der Neckarhelle;49.417631;8.744186;30.0;;;;;;Original OSM;133.3;-18.13;asphalt;primary_link;
Routenpunkt (Way);T;;49.417552;8.744102;30.0;;;;;;Interpoliert (15m);129.8;-22.9;asphalt;primary_link;
Routenpunkt (Way);T;;49.417473;8.744019;30.0;;;;;;Interpoliert (15m);126.9;-22.22;asphalt;primary_link;
Routenpunkt (Way);T;In der Neckarhelle;49.417394;8.743936;30.0;;;;;;Original OSM;124.0;-21.65;asphalt;primary_link;
Haltestelle;W;Ziegelhausen, Stiftsmühle;49.417394;8.743936;30.0;09:52:00;09:52:00;Kein Umlauf;Mo,Di,Mi,Do,Fr;446.0;Original GTFS (Snap-Distanz 1m) | Auf Route gesnappt (1m);121.1;-19.11;asphalt;primary_link;
Routenpunkt (Way);T;In der Neckarhelle;49.417276;8.743872;30.0;;;;;;Interpoliert;118.2;-16.83;asphalt;primary_link;
Routenpunkt (Way);T;In der Neckarhelle;49.417159;8.743809;30.0;;;;;;Interpoliert;115.4;-11.24;asphalt;primary_link;
Routenpunkt (Way);T;In der Neckarhelle;49.417041;8.743745;30.0;;;;;;Original OSM;113.2;-11.1;asphalt;primary_link;
Routenpunkt (Way);T;In der Neckarhelle;49.417076;8.743555;70.0;;;;;;Interpoliert;113.3;-6.78;asphalt;primary_link;
Routenpunkt (Way);T;In der Neckarhelle;49.41711;8.743365;70.0;;;;;;Interpoliert;113.4;-2.61;asphalt;primary_link;
Routenpunkt (Way);T;In der Neckarhelle;49.417145;8.743174;70.0;;;;;;Interpoliert;113.5;0.7;asphalt;primary_link;
Routenpunkt (Way);T;In der Neckarhelle;49.417179;8.742984;70.0;;;;;;Interpoliert;113.6;0.7;asphalt;primary_link;
Routenpunkt (Way);T;In der Neckarhelle;49.417214;8.742794;70.0;;;;;;Interpoliert;113.7;0.71;asphalt;primary_link;
Routenpunkt (Way);T;In der Neckarhelle;49.417249;8.742604;70.0;;;;;;Original OSM;113.8;0.27;asphalt;primary_link;
Routenpunkt (Way);T;In der Neckarhelle;49.417282;8.742424;70.0;;;;;;Interpoliert;113.9;-0.31;asphalt;primary_link;
Routenpunkt (Way);T;In der Neckarhelle;49.417315;8.742245;70.0;;;;;;Interpoliert;113.7;0.58;asphalt;primary_link;
Routenpunkt (Way);T;In der Neckarhelle;49.417348;8.742065;70.0;;;;;;Interpoliert;113.4;1.48;asphalt;primary_link;
Routenpunkt (Way);T;In der Neckarhelle;49.417381;8.741886;70.0;;;;;;Interpoliert;114.1;2.37;asphalt;primary_link;
Routenpunkt (Way);T;In der Neckarhelle;49.417414;8.741706;70.0;;;;;;Interpoliert;114.8;2.67;asphalt;primary_link;
Routenpunkt (Way);T;In der Neckarhelle;49.417447;8.741527;70.0;;;;;;Interpoliert;115.5;3.11;asphalt;primary_link;
Routenpunkt (Way);T;In der Neckarhelle;49.41748;8.741347;70.0;;;;;;Original OSM;115.5;2.07;asphalt;primary_link;
Routenpunkt (Way);T;In der Neckarhelle;49.417515;8.741186;70.0;;;;;;Interpoliert;115.5;1.04;asphalt;primary_link;
Routenpunkt (Way);T;In der Neckarhelle;49.41755;8.741024;70.0;;;;;;Interpoliert;115.5;0.0;asphalt;primary_link;
Routenpunkt (Way);T;In der Neckarhelle;49.417585;8.740862;70.0;;;;;;Original OSM;115.5;0.0;asphalt;primary_link;
Routenpunkt (Way);T;In der Neckarhelle;49.41763;8.740672;70.0;;;;;;Interpoliert;115.5;0.0;asphalt;primary_link;
Routenpunkt (Way);T;In der Neckarhelle;49.417674;8.740481;70.0;;;;;;Interpoliert;115.5;-1.95;asphalt;primary_link;
Routenpunkt (Way);T;In der Neckarhelle;49.417719;8.740291;70.0;;;;;;Original OSM;115.5;-3.9;asphalt;primary_link;
Routenpunkt (Way);T;In der Neckarhelle;49.417753;8.740159;70.0;;;;;;Interpoliert;114.5;-6.05;asphalt;primary_link;
Routenpunkt (Way);T;In der Neckarhelle;49.417786;8.740027;70.0;;;;;;Interpoliert;113.5;-6.6;asphalt;primary_link;
Routenpunkt (Way);T;In der Neckarhelle;49.417819;8.739895;70.0;;;;;;Original OSM;112.4;-7.14;asphalt;primary_link;
Routenpunkt (Way);T;In der Neckarhelle;49.417869;8.739707;70.0;;;;;;Interpoliert;112.0;-5.74;asphalt;primary_link;
Routenpunkt (Way);T;In der Neckarhelle;49.417919;8.73952;70.0;;;;;;Interpoliert;111.6;-4.33;asphalt;primary_link;
Routenpunkt (Way);T;In der Neckarhelle;49.417969;8.739332;70.0;;;;;;Interpoliert;111.2;-2.32;asphalt;primary_link;
Routenpunkt (Way);T;In der Neckarhelle;49.418019;8.739145;70.0;;;;;;Original OSM;110.8;-0.97;asphalt;primary_link;
Routenpunkt (Way);T;In der Neckarhelle;49.418073;8.738956;70.0;;;;;;Interpoliert;110.7;0.39;asphalt;primary_link;
Routenpunkt (Way);T;In der Neckarhelle;49.418127;8.738768;70.0;;;;;;Interpoliert;111.3;1.74;asphalt;primary_link;
Routenpunkt (Way);T;In der Neckarhelle;49.418181;8.73858;70.0;;;;;;Interpoliert;111.9;2.69;asphalt;primary_link;
Routenpunkt (Way);T;In der Neckarhelle;49.418236;8.738392;70.0;;;;;;Interpoliert;112.5;3.38;asphalt;primary_link;
Routenpunkt (Way);T;In der Neckarhelle;49.41829;8.738204;70.0;;;;;;Original OSM;112.8;3.13;asphalt;primary_link;
Routenpunkt (Way);T;In der Neckarhelle;49.418345;8.738024;70.0;;;;;;Interpoliert;113.2;2.88;asphalt;primary_link;
Routenpunkt (Way);T;In der Neckarhelle;49.4184;8.737844;70.0;;;;;;Interpoliert;113.6;2.63;asphalt;primary_link;
Routenpunkt (Way);T;In der Neckarhelle;49.418455;8.737664;70.0;;;;;;Interpoliert;114.0;2.78;asphalt;primary_link;
Routenpunkt (Way);T;In der Neckarhelle;49.418511;8.737484;70.0;;;;;;Interpoliert;114.4;2.36;asphalt;primary_link;
Routenpunkt (Way);T;In der Neckarhelle;49.418566;8.737304;70.0;;;;;;Original OSM;114.8;1.4;asphalt;primary_link;
Routenpunkt (Way);T;In der Neckarhelle;49.418625;8.737121;70.0;;;;;;Interpoliert;114.9;0.44;asphalt;primary_link;
Routenpunkt (Way);T;In der Neckarhelle;49.418685;8.736938;70.0;;;;;;Interpoliert;114.6;-0.52;asphalt;primary_link;
Routenpunkt (Way);T;In der Neckarhelle;49.418745;8.736755;70.0;;;;;;Interpoliert;114.3;-1.08;asphalt;primary_link;
Routenpunkt (Way);T;In der Neckarhelle;49.418804;8.736572;50.0;;;;;;Original OSM;114.0;-1.05;asphalt;primary_link;
Routenpunkt (Way);T;In der Neckarhelle;49.418852;8.736427;50.0;;;;;;Interpoliert;114.0;-0.47;asphalt;primary_link;
Routenpunkt (Way);T;In der Neckarhelle;49.418899;8.736282;50.0;;;;;;Interpoliert;114.1;0.1;asphalt;primary_link;
Routenpunkt (Way);T;In der Neckarhelle;49.418946;8.736136;50.0;;;;;;Original OSM;114.2;1.85;asphalt;primary_link;
Routenpunkt (Way);T;In der Neckarhelle;49.418995;8.73599;50.0;;;;;;Interpoliert;114.3;3.2;asphalt;primary_link;
Routenpunkt (Way);T;In der Neckarhelle;49.419045;8.735844;50.0;;;;;;Interpoliert;115.1;4.37;asphalt;primary_link;
Routenpunkt (Way);T;In der Neckarhelle;49.419094;8.735698;50.0;;;;;;Interpoliert;115.9;8.43;asphalt;primary_link;
Ampel;A;Ampel;49.419144;8.735552;50.0;;;;;;Original OSM;116.7;9.79;asphalt;primary_link;
Routenpunkt (Way);T;In der Neckarhelle;49.419158;8.735504;50.0;;;;;;Original OSM;117.5;9.59;asphalt;primary_link;
Routenpunkt (Way);T;;49.419201;8.735376;50.0;;;;;;Interpoliert (15m);118.3;8.25;asphalt;primary_link;
Routenpunkt (Way);T;In der Neckarhelle;49.419244;8.735248;50.0;;;;;;Original OSM;118.9;8.13;asphalt;primary_link;
Haltestelle;W;Ziegelhausen, Stift Neuburg;49.419244;8.735248;50.0;09:54:00;09:54:00;Kein Umlauf;Mo,Di,Mi,Do,Fr;446.0;Original GTFS (Snap-Distanz 1m) | Auf Route gesnappt (1m);119.5;5.12;asphalt;primary_link;
Routenpunkt (Way);T;;49.419276;8.735146;50.0;;;;;;Interpoliert (15m);120.0;4.73;asphalt;primary_link;
Routenpunkt (Way);T;In der Neckarhelle;49.419308;8.735043;50.0;;;;;;Interpoliert;120.5;2.44;asphalt;primary_link;
Routenpunkt (Way);T;;49.419339;8.734932;50.0;;;;;;Interpoliert (15m);121.0;1.74;asphalt;primary_link;
Routenpunkt (Way);T;In der Neckarhelle;49.41937;8.734821;50.0;;;;;;Interpoliert;120.5;-0.18;asphalt;primary_link;
Routenpunkt (Way);T;In der Neckarhelle;49.41942;8.73464;50.0;;;;;;Interpoliert;120.0;-2.21;asphalt;primary_link;
Routenpunkt (Way);T;In der Neckarhelle;49.41947;8.734458;50.0;;;;;;Original OSM;119.5;-4.15;asphalt;primary_link;
Routenpunkt (Way);T;In der Neckarhelle;49.419512;8.734298;50.0;;;;;;Interpoliert;119.0;-3.49;asphalt;primary_link;
Routenpunkt (Way);T;In der Neckarhelle;49.419554;8.734139;50.0;;;;;;Interpoliert;118.5;-3.43;asphalt;primary_link;
Routenpunkt (Way);T;In der Neckarhelle;49.419595;8.733979;50.0;;;;;;Interpoliert;118.2;-3.47;asphalt;primary_link;
Routenpunkt (Way);T;In der Neckarhelle;49.419637;8.73382;50.0;;;;;;Original OSM;117.8;-3.4;asphalt;primary_link;
Routenpunkt (Way);T;In der Neckarhelle;49.419671;8.733678;50.0;;;;;;Interpoliert;117.4;-3.13;asphalt;primary_link;
Routenpunkt (Way);T;In der Neckarhelle;49.419704;8.733536;50.0;;;;;;Original OSM;117.0;-2.78;asphalt;primary_link;
Routenpunkt (Way);T;In der Neckarhelle;49.419752;8.733344;50.0;;;;;;Interpoliert;116.6;-2.74;asphalt;primary_link;
Routenpunkt (Way);T;In der Neckarhelle;49.419799;8.733151;50.0;;;;;;Original OSM;116.5;-2.62;asphalt;primary_link;
Routenpunkt (Way);T;In der Neckarhelle;49.419837;8.732978;50.0;;;;;;Interpoliert;116.1;1.16;asphalt;primary_link;
Routenpunkt (Way);T;In der Neckarhelle;49.419875;8.732804;50.0;;;;;;Original OSM;115.7;4.74;asphalt;primary_link;
Routenpunkt (Way);T;In der Neckarhelle;49.419904;8.732657;50.0;;;;;;Interpoliert;117.4;7.9;asphalt;primary_link;
Routenpunkt (Way);T;In der Neckarhelle;49.419933;8.732509;50.0;;;;;;Original OSM;119.1;10.99;asphalt;primary_link;
Routenpunkt (Way);T;In der Neckarhelle;49.41996;8.732359;50.0;;;;;;Interpoliert;120.8;14.08;asphalt;primary_link;
Routenpunkt (Way);T;In der Neckarhelle;49.419986;8.732209;50.0;;;;;;Interpoliert;122.2;13.52;asphalt;primary_link;
Routenpunkt (Way);T;In der Neckarhelle;49.420012;8.732058;50.0;;;;;;Interpoliert;123.6;12.58;asphalt;primary_link;
Routenpunkt (Way);T;In der Neckarhelle;49.420039;8.731908;50.0;;;;;;Original OSM;125.0;11.21;asphalt;primary_link;
Routenpunkt (Way);T;In der Neckarhelle;49.420063;8.731727;50.0;;;;;;Interpoliert;126.4;10.81;asphalt;primary_link;
Routenpunkt (Way);T;In der Neckarhelle;49.420088;8.731547;50.0;;;;;;Original OSM;127.5;10.41;asphalt;primary_link;
Routenpunkt (Way);T;In der Neckarhelle;49.42011;8.731365;50.0;;;;;;Interpoliert;128.9;6.97;asphalt;primary_link;
Routenpunkt (Way);T;In der Neckarhelle;49.420132;8.731183;50.0;;;;;;Interpoliert;130.3;3.92;asphalt;primary_link;
Routenpunkt (Way);T;;49.420149;8.730982;50.0;;;;;;Interpoliert (15m);129.6;0.6;asphalt;primary_link;
Routenpunkt (Way);T;In der Neckarhelle;49.420166;8.730781;50.0;;;;;;Original OSM;128.9;-2.2;asphalt;primary_link;
Routenpunkt (Way);T;;49.420171;8.730665;50.0;;;;;;Interpoliert (15m);128.2;-4.7;asphalt;primary_link;
Haltestelle;W;Ziegelhausen, Haarlass;49.420176;8.730549;50.0;09:55:00;09:55:00;Kein Umlauf;Mo,Di,Mi,Do,Fr;446.0;Original GTFS (Snap-Distanz 5m) | Auf Route gesnappt (5m);127.9;-4.24;asphalt;primary_link;
Routenpunkt (Way);T;In der Neckarhelle;49.420177;8.730345;50.0;;;;;;Original OSM;127.6;-3.81;asphalt;primary_link;
Routenpunkt (Way);T;In der Neckarhelle;49.420172;8.730177;50.0;;;;;;Original OSM;127.3;-2.14;asphalt;primary_link;
Routenpunkt (Way);T;In der Neckarhelle;49.420167;8.73002;50.0;;;;;;Interpoliert;127.0;-0.37;asphalt;primary_link;
Routenpunkt (Way);T;In der Neckarhelle;49.420162;8.729863;50.0;;;;;;Interpoliert;127.0;1.03;asphalt;primary_link;
Routenpunkt (Way);T;In der Neckarhelle;49.420156;8.729706;50.0;;;;;;Original OSM;127.6;2.51;asphalt;primary_link;
Routenpunkt (Way);T;;49.420147;8.729539;50.0;;;;;;Interpoliert (15m);128.2;3.9;asphalt;primary_link;
Routenpunkt (Way);T;In der Neckarhelle;49.420137;8.729373;50.0;;;;;;Original OSM;128.8;5.89;asphalt;primary_link;
Routenpunkt (Way);T;;49.420124;8.72918;50.0;;;;;;Interpoliert (15m);129.4;7.02;asphalt;primary_link;
Routenpunkt (Way);T;In der Neckarhelle;49.420111;8.728986;50.0;;;;;;Original OSM;130.8;8.22;asphalt;primary_link;
Routenpunkt (Way);T;;49.420097;8.728811;50.0;;;;;;Interpoliert (15m);132.2;4.81;asphalt;primary_link;
Routenpunkt (Way);T;In der Neckarhelle;49.420082;8.728636;50.0;;;;;;Interpoliert;133.6;1.54;asphalt;primary_link;
Routenpunkt (Way);T;;49.420067;8.728477;50.0;;;;;;Interpoliert (15m);132.2;-2.78;asphalt;primary_link;
Routenpunkt (Way);T;In der Neckarhelle;49.420052;8.728319;50.0;;;;;;Original OSM;130.8;-6.96;asphalt;primary_link;
Routenpunkt (Way);T;;49.420034;8.728154;50.0;;;;;;Interpoliert (15m);129.4;-11.5;asphalt;primary_link;
Routenpunkt (Way);T;In der Neckarhelle;49.420017;8.72799;50.0;;;;;;Interpoliert;128.2;-11.44;asphalt;primary_link;
Routenpunkt (Way);T;;49.42;8.727852;50.0;;;;;;Interpoliert (15m);127.0;-11.38;asphalt;primary_link;
Routenpunkt (Way);T;;49.419982;8.727713;50.0;;;;;;Interpoliert (15m);125.8;-12.99;asphalt;primary_link;
Routenpunkt (Way);T;In der Neckarhelle;49.419965;8.727575;50.0;;;;;;Original OSM;124.6;-14.93;asphalt;primary_link;
Routenpunkt (Way);T;;49.419945;8.727438;50.0;;;;;;Interpoliert (15m);122.6;-13.56;asphalt;primary_link;
Routenpunkt (Way);T;;49.419924;8.727301;50.0;;;;;;Interpoliert (15m);120.6;-5.87;asphalt;primary_link;
Routenpunkt (Way);T;In der Neckarhelle;49.419903;8.727164;50.0;;;;;;Interpoliert;120.1;1.82;asphalt;primary_link;
Routenpunkt (Way);T;;49.419882;8.727049;50.0;;;;;;Interpoliert (15m);122.4;10.28;asphalt;primary_link;
Routenpunkt (Way);T;In der Neckarhelle;49.419862;8.726934;50.0;;;;;;Original OSM;124.7;17.16;asphalt;primary_link;
Routenpunkt (Way);T;;49.419834;8.7268;50.0;;;;;;Interpoliert (15m);127.0;20.58;asphalt;primary_link;
Routenpunkt (Way);T;In der Neckarhelle;49.419806;8.726666;50.0;;;;;;Original OSM;128.5;17.68;asphalt;primary_link;
Routenpunkt (Way);T;In der Neckarhelle;49.419768;8.726507;50.0;;;;;;Interpoliert;130.0;19.33;asphalt;primary_link;
Routenpunkt (Way);T;In der Neckarhelle;49.419729;8.726347;50.0;;;;;;Original OSM;131.5;21.8;asphalt;primary_link;
Routenpunkt (Way);T;In der Neckarhelle;49.419694;8.726215;50.0;;;;;;Interpoliert;135.1;26.47;asphalt;primary_link;
Routenpunkt (Way);T;In der Neckarhelle;49.419658;8.726084;50.0;;;;;;Interpoliert;138.7;28.48;asphalt;primary_link;
Routenpunkt (Way);T;;49.419624;8.725964;50.0;;;;;;Interpoliert (15m);142.3;28.9;asphalt;primary_link;
Routenpunkt (Way);T;In der Neckarhelle;49.41959;8.725844;50.0;;;;;;Original OSM;144.4;28.03;asphalt;primary_link;
Routenpunkt (Way);T;;49.41953;8.725663;50.0;;;;;;Interpoliert (15m);146.5;27.15;asphalt;primary_link;
Routenpunkt (Way);T;;49.41947;8.725482;50.0;;;;;;Interpoliert (15m);151.0;20.1;asphalt;primary_link;
Routenpunkt (Way);T;In der Neckarhelle;49.41941;8.725301;50.0;;;;;;Original OSM;155.5;16.21;asphalt;primary_link;
Routenpunkt (Way);T;;49.419352;8.725182;50.0;;;;;;Interpoliert (15m);155.8;13.92;asphalt;primary_link;
Routenpunkt (Way);T;;49.419295;8.725063;50.0;;;;;;Interpoliert (15m);156.1;4.26;asphalt;primary_link;
Routenpunkt (Way);T;Ziegelhäuser Landstraße;49.419237;8.724943;50.0;;;;;;Original OSM;156.4;-5.39;asphalt;primary_link;
Routenpunkt (Way);T;;49.419174;8.724841;50.0;;;;;;Interpoliert (15m);154.6;-9.2;asphalt;primary_link;
Routenpunkt (Way);T;Ziegelhäuser Landstraße;49.419111;8.724739;50.0;;;;;;Original OSM;152.8;-7.95;asphalt;primary_link;
Routenpunkt (Way);T;;49.41904;8.724633;50.0;;;;;;Interpoliert (15m);151.0;-6.99;asphalt;primary_link;
Routenpunkt (Way);T;Ziegelhäuser Landstraße;49.418968;8.724527;50.0;;;;;;Interpoliert;152.0;-5.59;asphalt;primary_link;
Routenpunkt (Way);T;;49.418881;8.724404;50.0;;;;;;Interpoliert (15m);153.0;-4.89;asphalt;primary_link;
Routenpunkt (Way);T;Ziegelhäuser Landstraße;49.418794;8.724281;50.0;;;;;;Original OSM;151.6;-4.89;asphalt;primary_link;
Routenpunkt (Way);T;;49.418728;8.72419;50.0;;;;;;Interpoliert (15m);150.2;-9.29;asphalt;primary_link;
Routenpunkt (Way);T;Ziegelhäuser Landstraße;49.418662;8.724099;50.0;;;;;;Interpoliert;148.6;-13.4;asphalt;primary_link;
Routenpunkt (Way);T;Ziegelhäuser Landstraße;49.418579;8.723984;50.0;;;;;;Interpoliert;147.0;-11.75;asphalt;primary_link;
Routenpunkt (Way);T;Ziegelhäuser Landstraße;49.418497;8.72387;50.0;;;;;;Interpoliert;145.4;-9.36;asphalt;primary_link;
Routenpunkt (Way);T;Ziegelhäuser Landstraße;49.418414;8.723756;30.0;;;;;;Original OSM;145.1;-6.57;asphalt;primary_link;
Routenpunkt (Way);T;Ziegelhäuser Landstraße;49.41833;8.723624;30.0;;;;;;Interpoliert;144.8;-8.62;asphalt;primary_link;
Routenpunkt (Way);T;Ziegelhäuser Landstraße;49.418246;8.723492;30.0;;;;;;Interpoliert;144.5;-11.16;asphalt;primary_link;
Routenpunkt (Way);T;Ziegelhäuser Landstraße;49.418162;8.72336;30.0;;;;;;Original OSM;141.4;-15.8;asphalt;primary_link;
Routenpunkt (Way);T;Ziegelhäuser Landstraße;49.418092;8.723232;30.0;;;;;;Interpoliert;138.3;-17.66;asphalt;primary_link;
Routenpunkt (Way);T;Ziegelhäuser Landstraße;49.418022;8.723104;30.0;;;;;;Interpoliert;135.2;-12.75;asphalt;primary_link;
Routenpunkt (Way);T;Ziegelhäuser Landstraße;49.417953;8.722976;30.0;;;;;;Original OSM;133.8;-3.64;asphalt;primary_link;
Routenpunkt (Way);T;Ziegelhäuser Landstraße;49.417875;8.722834;30.0;;;;;;Interpoliert;136.8;0.97;asphalt;primary_link;
Routenpunkt (Way);T;Ziegelhäuser Landstraße;49.417798;8.722692;30.0;;;;;;Original OSM;139.8;3.35;asphalt;primary_link;
Routenpunkt (Way);T;Ziegelhäuser Landstraße;49.417731;8.722568;30.0;;;;;;Interpoliert;139.5;4.39;asphalt;primary_link;
Routenpunkt (Way);T;Ziegelhäuser Landstraße;49.417664;8.722444;30.0;;;;;;Original OSM;137.9;-1.35;asphalt;primary_link;
Routenpunkt (Way);T;;49.417589;8.722287;30.0;;;;;;Interpoliert (15m);137.0;-7.09;asphalt;primary_link;
Routenpunkt (Way);T;Ziegelhäuser Landstraße;49.417514;8.722129;30.0;;;;;;Original OSM;136.1;-7.84;asphalt;primary_link;
Routenpunkt (Way);T;;49.417461;8.721951;30.0;;;;;;Interpoliert (15m);135.2;-6.54;asphalt;primary_link;
Routenpunkt (Way);T;Ziegelhäuser Landstraße;49.417407;8.721772;30.0;;;;;;Interpoliert;134.3;-8.79;asphalt;primary_link;
Routenpunkt (Way);T;Ziegelhäuser Landstraße;49.417368;8.721612;30.0;;;;;;Original OSM;133.4;-11.66;asphalt;primary_link;
Routenpunkt (Way);T;Ziegelhäuser Landstraße;49.417323;8.72142;30.0;;;;;;Interpoliert;130.8;-14.54;asphalt;primary_link;
Routenpunkt (Way);T;;49.417295;8.721301;30.0;;;;;;Interpoliert (15m);128.9;-11.29;asphalt;primary_link;
Routenpunkt (Way);T;Ziegelhäuser Landstraße;49.417268;8.721182;30.0;;;;;;Original OSM;127.0;-7.19;asphalt;primary_link;
Routenpunkt (Way);T;Ziegelhäuser Landstraße;49.41723;8.720995;30.0;;;;;;Interpoliert;128.4;-1.85;asphalt;primary_link;
Routenpunkt (Way);T;Ziegelhäuser Landstraße;49.417202;8.720855;30.0;;;;;;Original OSM;129.8;4.12;asphalt;primary_link;
Routenpunkt (Way);T;Ziegelhäuser Landstraße;49.41717;8.72068;30.0;;;;;;Interpoliert;131.0;10.08;asphalt;primary_link;
Routenpunkt (Way);T;Ziegelhäuser Landstraße;49.417137;8.720504;30.0;;;;;;Interpoliert;132.2;9.92;asphalt;primary_link;
Routenpunkt (Way);T;Ziegelhäuser Landstraße;49.417105;8.720329;30.0;;;;;;Interpoliert;133.4;9.09;asphalt;primary_link;
Routenpunkt (Way);T;Ziegelhäuser Landstraße;49.417073;8.720153;30.0;;;;;;Interpoliert;134.6;10.0;asphalt;primary_link;
Routenpunkt (Way);T;Ziegelhäuser Landstraße;49.41704;8.719977;30.0;;;;;;Interpoliert;135.8;9.85;asphalt;primary_link;
Routenpunkt (Way);T;Ziegelhäuser Landstraße;49.417008;8.719802;30.0;;;;;;Interpoliert;137.6;9.58;asphalt;primary_link;
Routenpunkt (Way);T;Ziegelhäuser Landstraße;49.416975;8.719626;30.0;;;;;;Original OSM;138.7;9.32;asphalt;primary_link;
Routenpunkt (Way);T;Ziegelhäuser Landstraße;49.416935;8.719441;30.0;;;;;;Interpoliert;139.8;9.05;asphalt;primary_link;
Routenpunkt (Way);T;Ziegelhäuser Landstraße;49.416894;8.719255;30.0;;;;;;Interpoliert;140.9;3.5;asphalt;primary_link;
Routenpunkt (Way);T;Ziegelhäuser Landstraße;49.416853;8.71907;30.0;;;;;;Interpoliert;142.0;-0.99;asphalt;primary_link;
Routenpunkt (Way);T;Ziegelhäuser Landstraße;49.416812;8.718884;30.0;;;;;;Interpoliert;140.0;-5.97;asphalt;primary_link;
Routenpunkt (Way);T;Ziegelhäuser Landstraße;49.416771;8.718698;30.0;;;;;;Original OSM;138.0;-10.96;asphalt;primary_link;
Routenpunkt (Way);T;Ziegelhäuser Landstraße;49.416732;8.718549;30.0;;;;;;Interpoliert;136.0;-15.95;asphalt;primary_link;
Routenpunkt (Way);T;Ziegelhäuser Landstraße;49.416692;8.7184;30.0;;;;;;Interpoliert;134.0;-17.59;asphalt;primary_link;
Routenpunkt (Way);T;Ziegelhäuser Landstraße;49.416653;8.718251;30.0;;;;;;Interpoliert;132.0;-18.07;asphalt;primary_link;
Routenpunkt (Way);T;Ziegelhäuser Landstraße;49.416613;8.718102;30.0;;;;;;Original OSM;129.4;-17.94;asphalt;primary_link;
Routenpunkt (Way);T;Ziegelhäuser Landstraße;49.416567;8.717941;30.0;;;;;;Interpoliert;127.3;-18.62;asphalt;primary_link;
Routenpunkt (Way);T;Ziegelhäuser Landstraße;49.41652;8.717781;30.0;;;;;;Interpoliert;125.2;-19.31;asphalt;primary_link;
Routenpunkt (Way);T;;49.416483;8.717652;30.0;;;;;;Interpoliert (15m);123.1;-13.94;asphalt;primary_link;
Routenpunkt (Way);T;Ziegelhäuser Landstraße;49.416446;8.717523;30.0;;;;;;Original OSM;121.0;-9.19;asphalt;primary_link;
Routenpunkt (Way);T;;49.416405;8.717384;30.0;;;;;;Interpoliert (15m);121.5;-4.78;asphalt;primary_link;
Routenpunkt (Way);T;Ziegelhäuser Landstraße;49.416364;8.717245;30.0;;;;;;Interpoliert;122.3;0.55;asphalt;primary_link;
Routenpunkt (Way);T;Ziegelhäuser Landstraße;49.41631;8.717065;30.0;;;;;;Interpoliert;123.1;5.87;asphalt;primary_link;
Routenpunkt (Way);T;;49.41626;8.716896;30.0;;;;;;Interpoliert (15m);123.9;6.27;asphalt;primary_link;
Routenpunkt (Way);T;Ziegelhäuser Landstraße;49.416211;8.716728;30.0;;;;;;Original OSM;124.7;5.31;asphalt;primary_link;
Routenpunkt (Way);T;;49.416162;8.716576;30.0;;;;;;Interpoliert (15m);125.5;5.17;asphalt;primary_link;
Routenpunkt (Way);T;;49.416114;8.716425;30.0;;;;;;Interpoliert (15m);125.8;5.24;asphalt;primary_link;
Ampel;A;Ampel;49.416065;8.716273;30.0;;;;;;Original OSM;126.4;2.39;asphalt;primary_link;
Routenpunkt (Way);T;Ziegelhäuser Landstraße;49.416026;8.716157;30.0;;;;;;Original OSM;127.0;-0.33;asphalt;primary_link;
Haltestelle;W;Neuenheim, Hirschgasse;49.415985;8.716039;30.0;09:58:00;09:58:00;Kein Umlauf;Mo,Di,Mi,Do,Fr;446.0;Original GTFS (Snap-Distanz 2m) | Auf Route gesnappt (2m);126.2;-2.76;asphalt;primary_link;
Routenpunkt (Way);T;;49.415939;8.715898;30.0;;;;;;Interpoliert (15m);125.4;-5.56;asphalt;primary_link;
Routenpunkt (Way);T;Ziegelhäuser Landstraße;49.415894;8.715758;30.0;;;;;;Original OSM;124.3;-8.64;asphalt;primary_link;
Routenpunkt (Way);T;;49.415861;8.715615;30.0;;;;;;Interpoliert (15m);123.3;-8.44;asphalt;primary_link;
Routenpunkt (Way);T;Ziegelhäuser Landstraße;49.415827;8.715472;30.0;;;;;;Interpoliert;122.3;-8.38;asphalt;primary_link;
Routenpunkt (Way);T;Ziegelhäuser Landstraße;49.415788;8.715291;30.0;;;;;;Original OSM;121.3;-8.17;asphalt;primary_link;
Routenpunkt (Way);T;Ziegelhäuser Landstraße;49.415746;8.715097;30.0;;;;;;Interpoliert;120.3;-8.6;asphalt;primary_link;
Routenpunkt (Way);T;;49.415717;8.714944;30.0;;;;;;Interpoliert (15m);119.3;-8.82;asphalt;primary_link;
Routenpunkt (Way);T;Ziegelhäuser Landstraße;49.415687;8.714791;30.0;;;;;;Original OSM;118.0;-6.82;asphalt;primary_link;
Routenpunkt (Way);T;;49.415668;8.714644;30.0;;;;;;Interpoliert (15m);116.9;-5.01;asphalt;primary_link;
Routenpunkt (Way);T;Ziegelhäuser Landstraße;49.41565;8.714498;30.0;;;;;;Interpoliert;117.2;-2.68;asphalt;primary_link;
Routenpunkt (Way);T;Ziegelhäuser Landstraße;49.41563;8.714318;30.0;;;;;;Original OSM;117.5;-0.03;asphalt;primary_link;
Routenpunkt (Way);T;Ziegelhäuser Landstraße;49.415616;8.714181;30.0;;;;;;Interpoliert;117.8;2.89;asphalt;primary_link;
Routenpunkt (Way);T;Ziegelhäuser Landstraße;49.415603;8.714044;30.0;;;;;;Original OSM;118.0;3.22;asphalt;primary_link;
Routenpunkt (Way);T;Ziegelhäuser Landstraße;49.415588;8.713889;30.0;;;;;;Interpoliert;118.5;3.64;asphalt;primary_link;
Routenpunkt (Way);T;Ziegelhäuser Landstraße;49.415573;8.713734;30.0;;;;;;Interpoliert;119.0;3.92;asphalt;primary_link;
Routenpunkt (Way);T;Ziegelhäuser Landstraße;49.415558;8.713579;30.0;;;;;;Interpoliert;119.5;4.38;asphalt;primary_link;
Routenpunkt (Way);T;Ziegelhäuser Landstraße;49.415542;8.713424;30.0;;;;;;Original OSM;120.0;4.53;asphalt;primary_link;
Routenpunkt (Way);T;Ziegelhäuser Landstraße;49.41553;8.713264;30.0;;;;;;Interpoliert;120.5;4.68;asphalt;primary_link;
Routenpunkt (Way);T;Ziegelhäuser Landstraße;49.415518;8.713103;30.0;;;;;;Interpoliert;121.1;4.64;asphalt;primary_link;
Routenpunkt (Way);T;Ziegelhäuser Landstraße;49.415506;8.712943;30.0;;;;;;Original OSM;121.7;4.65;asphalt;primary_link;
Routenpunkt (Way);T;Ziegelhäuser Landstraße;49.415496;8.712747;30.0;;;;;;Original OSM;122.3;4.68;asphalt;primary_link;
Routenpunkt (Way);T;Ziegelhäuser Landstraße;49.415487;8.712561;30.0;;;;;;Interpoliert;122.9;3.83;asphalt;primary_link;
Routenpunkt (Way);T;Ziegelhäuser Landstraße;49.415477;8.712376;30.0;;;;;;Interpoliert;123.5;2.98;asphalt;primary_link;
Routenpunkt (Way);T;;49.41547;8.712222;30.0;;;;;;Interpoliert (15m);123.6;2.32;asphalt;primary_link;
Routenpunkt (Way);T;Ziegelhäuser Landstraße;49.415462;8.712069;30.0;;;;;;Original OSM;123.7;1.61;asphalt;primary_link;
Routenpunkt (Way);T;;49.415454;8.711916;30.0;;;;;;Interpoliert (15m);123.8;0.87;asphalt;primary_link;
Routenpunkt (Way);T;Ziegelhäuser Landstraße;49.415447;8.711762;30.0;;;;;;Interpoliert;123.9;0.54;asphalt;primary_link;
Routenpunkt (Way);T;Ziegelhäuser Landstraße;49.415437;8.711577;30.0;;;;;;Interpoliert;124.0;0.21;asphalt;primary_link;
Routenpunkt (Way);T;Ziegelhäuser Landstraße;49.415428;8.711392;30.0;;;;;;Interpoliert;123.9;-0.12;asphalt;primary_link;
Routenpunkt (Way);T;Ziegelhäuser Landstraße;49.415419;8.711206;30.0;;;;;;Interpoliert;123.8;-0.45;asphalt;primary_link;
Routenpunkt (Way);T;Ziegelhäuser Landstraße;49.41541;8.711021;30.0;;;;;;Original OSM;123.7;-0.74;asphalt;primary_link;
Routenpunkt (Way);T;Ziegelhäuser Landstraße;49.4154;8.710835;30.0;;;;;;Interpoliert;123.6;0.01;asphalt;primary_link;
Routenpunkt (Way);T;Ziegelhäuser Landstraße;49.41539;8.710648;30.0;;;;;;Original OSM;123.5;0.86;asphalt;primary_link;
Routenpunkt (Way);T;Ziegelhäuser Landstraße;49.415379;8.710465;30.0;;;;;;Original OSM;123.9;1.71;asphalt;primary_link;
Routenpunkt (Way);T;;49.415366;8.710308;30.0;;;;;;Interpoliert (15m);124.3;2.63;asphalt;primary_link;
Routenpunkt (Way);T;Ziegelhäuser Landstraße;49.415353;8.710152;30.0;;;;;;Original OSM;124.7;3.55;asphalt;primary_link;
Routenpunkt (Way);T;;49.415337;8.710011;30.0;;;;;;Interpoliert (15m);125.1;3.43;asphalt;primary_link;
Routenpunkt (Way);T;Ziegelhäuser Landstraße;49.415321;8.70987;30.0;;;;;;Interpoliert;125.5;3.38;asphalt;primary_link;
Routenpunkt (Way);T;;49.4153;8.709702;30.0;;;;;;Interpoliert (15m);125.8;3.49;asphalt;primary_link;
Routenpunkt (Way);T;Ziegelhäuser Landstraße;49.415279;8.709534;30.0;;;;;;Original OSM;126.2;3.53;asphalt;primary_link;
Routenpunkt (Way);T;;49.415266;8.709399;30.0;;;;;;Interpoliert (15m);126.6;4.02;asphalt;primary_link;
Ampel;A;Ampel;49.415252;8.709265;30.0;;;;;;Original OSM;127.0;3.73;asphalt;primary_link;
Routenpunkt (Way);T;Neuenheimer Landstraße;49.415244;8.709178;30.0;;;;;;Original OSM;127.4;3.27;asphalt;primary_link;
Routenpunkt (Way);T;;49.415233;8.709037;30.0;;;;;;Interpoliert (15m);127.5;3.82;asphalt;primary_link;
Routenpunkt (Way);T;;49.415222;8.708895;30.0;;;;;;Interpoliert (15m);127.6;3.01;asphalt;primary_link;
Haltestelle;W;Neuenheim, Alte Brücke Nord;49.415211;8.708754;30.0;10:00:00;10:00:00;Kein Umlauf;Mo,Di,Mi,Do,Fr;446.0;Original GTFS (Snap-Distanz 4m) | Auf Route gesnappt (8m);128.3;2.85;asphalt;primary_link;
Routenpunkt (Way);T;Neuenheimer Landstraße;49.415211;8.708754;30.0;;;;;;Interpoliert;129.0;3.76;asphalt;primary_link;
Routenpunkt (Way);T;Neuenheimer Landstraße;49.415198;8.70858;30.0;;;;;;Interpoliert;129.7;4.51;asphalt;primary_link;
Routenpunkt (Way);T;Neuenheimer Landstraße;49.415185;8.708405;30.0;;;;;;Interpoliert;130.4;4.73;asphalt;primary_link;
Routenpunkt (Way);T;Neuenheimer Landstraße;49.415172;8.708231;30.0;;;;;;Interpoliert;131.0;6.22;asphalt;primary_link;
Routenpunkt (Way);T;Neuenheimer Landstraße;49.415159;8.708057;30.0;;;;;;Original OSM;132.0;6.61;asphalt;primary_link;
Routenpunkt (Way);T;Neuenheimer Landstraße;49.415146;8.707873;30.0;;;;;;Interpoliert;133.0;7.0;asphalt;primary_link;
Routenpunkt (Way);T;Neuenheimer Landstraße;49.415132;8.707688;30.0;;;;;;Interpoliert;134.0;8.59;asphalt;primary_link;
Routenpunkt (Way);T;Neuenheimer Landstraße;49.415118;8.707504;30.0;;;;;;Interpoliert;135.0;8.65;asphalt;primary_link;
Routenpunkt (Way);T;Neuenheimer Landstraße;49.415104;8.70732;30.0;;;;;;Interpoliert;136.7;8.8;asphalt;primary_link;
Routenpunkt (Way);T;Neuenheimer Landstraße;49.415091;8.707136;30.0;;;;;;Interpoliert;137.8;4.73;asphalt;primary_link;
Routenpunkt (Way);T;Neuenheimer Landstraße;49.415077;8.706952;30.0;;;;;;Original OSM;138.9;0.87;asphalt;primary_link;
Routenpunkt (Way);T;Neuenheimer Landstraße;49.415064;8.706782;30.0;;;;;;Original OSM;137.3;-4.84;asphalt;primary_link;
Routenpunkt (Way);T;Neuenheimer Landstraße;49.415046;8.706597;30.0;;;;;;Original OSM;135.7;-10.26;asphalt;primary_link;
Routenpunkt (Way);T;Neuenheimer Landstraße;49.415025;8.706462;30.0;;;;;;Interpoliert;134.1;-15.32;asphalt;primary_link;
Routenpunkt (Way);T;Neuenheimer Landstraße;49.415004;8.706326;30.0;;;;;;Original OSM;132.2;-16.16;asphalt;primary_link;
Routenpunkt (Way);T;Neuenheimer Landstraße;49.414977;8.706179;30.0;;;;;;Interpoliert;130.3;-16.87;asphalt;primary_link;
Ampel;A;Ampel;49.414949;8.706031;30.0;;;;;;Original OSM;128.4;-19.86;asphalt;primary_link;
Routenpunkt (Way);T;Neuenheimer Landstraße;49.414916;8.705868;30.0;;;;;;Interpoliert;126.5;-21.31;asphalt;primary_link;
Routenpunkt (Way);T;;49.414895;8.705756;30.0;;;;;;Interpoliert (15m);123.9;-21.35;asphalt;primary_link;
Routenpunkt (Way);T;Neuenheimer Landstraße;49.414874;8.705644;30.0;;;;;;Interpoliert;121.7;-17.14;asphalt;primary_link;
Routenpunkt (Way);T;Neuenheimer Landstraße;49.414843;8.705475;30.0;;;;;;Interpoliert;119.5;-13.22;asphalt;primary_link;
Routenpunkt (Way);T;Neuenheimer Landstraße;49.414812;8.705305;30.0;;;;;;Original OSM;120.0;-6.2;asphalt;primary_link;
Routenpunkt (Way);T;Neuenheimer Landstraße;49.414783;8.705147;30.0;;;;;;Interpoliert;120.5;-0.31;asphalt;primary_link;
Routenpunkt (Way);T;Neuenheimer Landstraße;49.414755;8.70499;30.0;;;;;;Interpoliert;121.0;5.29;asphalt;primary_link;
Routenpunkt (Way);T;Neuenheimer Landstraße;49.414726;8.704832;30.0;;;;;;Original OSM;121.4;6.64;asphalt;primary_link;
Routenpunkt (Way);T;Neuenheimer Landstraße;49.414705;8.70468;30.0;;;;;;Interpoliert;122.6;7.98;asphalt;primary_link;
Routenpunkt (Way);T;Neuenheimer Landstraße;49.414684;8.704529;30.0;;;;;;Original OSM;123.8;9.31;asphalt;primary_link;
Routenpunkt (Way);T;;49.414666;8.704379;30.0;;;;;;Interpoliert (15m);125.0;10.13;asphalt;primary_link;
Routenpunkt (Way);T;Neuenheimer Landstraße;49.414647;8.704229;30.0;;;;;;Original OSM;126.2;11.17;asphalt;primary_link;
Routenpunkt (Way);T;;49.414624;8.704086;30.0;;;;;;Interpoliert (15m);127.0;11.62;asphalt;primary_link;
Routenpunkt (Way);T;Neuenheimer Landstraße;49.4146;8.703942;30.0;;;;;;Interpoliert;128.7;12.04;asphalt;primary_link;
Routenpunkt (Way);T;Neuenheimer Landstraße;49.41457;8.703768;30.0;;;;;;Interpoliert;130.4;13.06;asphalt;primary_link;
Routenpunkt (Way);T;Neuenheimer Landstraße;49.414539;8.703593;30.0;;;;;;Original OSM;132.1;15.98;asphalt;primary_link;
Routenpunkt (Way);T;Neuenheimer Landstraße;49.414514;8.703451;30.0;;;;;;Original OSM;133.8;16.11;asphalt;primary_link;
Routenpunkt (Way);T;Neuenheimer Landstraße;49.414481;8.703257;30.0;;;;;;Interpoliert;137.0;16.82;asphalt;primary_link;
Routenpunkt (Way);T;Neuenheimer Landstraße;49.414449;8.703062;30.0;;;;;;Interpoliert;139.4;17.81;asphalt;primary_link;
Routenpunkt (Way);T;Neuenheimer Landstraße;49.414417;8.702868;30.0;;;;;;Original OSM;141.8;12.46;asphalt;primary_link;
Routenpunkt (Way);T;Neuenheimer Landstraße;49.414379;8.702692;30.0;;;;;;Original OSM;144.2;6.31;asphalt;primary_link;
Routenpunkt (Way);T;Neuenheimer Landstraße;49.414332;8.702499;30.0;;;;;;Interpoliert;142.6;0.05;asphalt;primary_link;
Routenpunkt (Way);T;Neuenheimer Landstraße;49.414285;8.702307;30.0;;;;;;Interpoliert;141.3;-6.48;asphalt;primary_link;
Routenpunkt (Way);T;Neuenheimer Landstraße;49.414238;8.702114;30.0;;;;;;Original OSM;139.1;-13.28;asphalt;primary_link;
Routenpunkt (Way);T;Neuenheimer Landstraße;49.414196;8.701936;30.0;;;;;;Interpoliert;136.9;-15.39;asphalt;primary_link;
Routenpunkt (Way);T;Neuenheimer Landstraße;49.414153;8.701759;30.0;;;;;;Original OSM;134.7;-17.33;asphalt;primary_link;
Routenpunkt (Way);T;Neuenheimer Landstraße;49.414122;8.701624;30.0;;;;;;Interpoliert;132.5;-18.04;asphalt;primary_link;
Routenpunkt (Way);T;Neuenheimer Landstraße;49.414081;8.70144;30.0;;;;;;Original OSM;129.9;-19.81;asphalt;primary_link;
Routenpunkt (Way);T;Neuenheimer Landstraße;49.414047;8.70125;30.0;;;;;;Interpoliert;127.3;-20.3;asphalt;primary_link;
Routenpunkt (Way);T;Neuenheimer Landstraße;49.414023;8.701111;30.0;;;;;;Interpoliert;124.7;-14.05;asphalt;primary_link;
Routenpunkt (Way);T;;49.413989;8.700925;30.0;;;;;;Interpoliert (15m);122.1;-8.2;asphalt;primary_link;
Routenpunkt (Way);T;Neuenheimer Landstraße;49.413956;8.700738;30.0;;;;;;Original OSM;123.5;-1.21;asphalt;primary_link;
Routenpunkt (Way);T;;49.413928;8.700604;30.0;;;;;;Interpoliert (15m);124.6;7.1;asphalt;primary_link;
Routenpunkt (Way);T;;49.4139;8.700469;30.0;;;;;;Interpoliert (15m);126.3;13.84;asphalt;primary_link;
Routenpunkt (Way);T;Neuenheimer Landstraße;49.413872;8.700335;30.0;;;;;;Interpoliert;128.0;14.87;asphalt;primary_link;
Routenpunkt (Way);T;Neuenheimer Landstraße;49.413841;8.700187;30.0;;;;;;Interpoliert;129.7;13.78;asphalt;primary_link;
Routenpunkt (Way);T;Neuenheimer Landstraße;49.413809;8.70004;30.0;;;;;;Interpoliert;131.4;11.77;asphalt;primary_link;
Routenpunkt (Way);T;Neuenheimer Landstraße;49.413777;8.699892;30.0;;;;;;Original OSM;132.0;9.77;asphalt;primary_link;
Routenpunkt (Way);T;Neuenheimer Landstraße;49.413746;8.699711;30.0;;;;;;Interpoliert;132.9;8.18;asphalt;primary_link;
Routenpunkt (Way);T;Neuenheimer Landstraße;49.413715;8.699529;30.0;;;;;;Original OSM;133.8;6.59;asphalt;primary_link;
Routenpunkt (Way);T;Neuenheimer Landstraße;49.413694;8.699358;30.0;;;;;;Interpoliert;134.7;6.95;asphalt;primary_link;
Routenpunkt (Way);T;Neuenheimer Landstraße;49.413674;8.699188;30.0;;;;;;Interpoliert;135.6;5.63;asphalt;primary_link;
Routenpunkt (Way);T;Neuenheimer Landstraße;49.413654;8.699017;30.0;;;;;;Interpoliert;136.5;4.3;asphalt;primary_link;
Routenpunkt (Way);T;Neuenheimer Landstraße;49.413634;8.698846;30.0;;;;;;Original OSM;136.5;2.87;asphalt;primary_link;
Routenpunkt (Way);T;Neuenheimer Landstraße;49.413618;8.698702;30.0;;;;;;Interpoliert;136.5;1.43;asphalt;primary_link;
Routenpunkt (Way);T;Neuenheimer Landstraße;49.413598;8.698503;30.0;;;;;;Original OSM;136.5;0.0;asphalt;primary_link;
Routenpunkt (Way);T;;49.413587;8.698347;30.0;;;;;;Interpoliert (15m);136.5;-2.48;asphalt;primary_link;
Routenpunkt (Way);T;Neuenheimer Landstraße;49.413577;8.698191;30.0;;;;;;Original OSM;136.5;-4.96;asphalt;primary_link;
Routenpunkt (Way);T;;49.413575;8.698079;30.0;;;;;;Interpoliert (15m);135.5;-6.39;asphalt;primary_link;
Routenpunkt (Way);T;Neuenheimer Landstraße;49.413573;8.697968;30.0;;;;;;Original OSM;134.5;-7.81;asphalt;primary_link;
Routenpunkt (Way);T;Neuenheimer Landstraße;49.413575;8.697774;30.0;;;;;;Interpoliert;133.5;-9.51;asphalt;primary_link;
Routenpunkt (Way);T;Neuenheimer Landstraße;49.413576;8.697579;30.0;;;;;;Interpoliert;132.5;-8.31;asphalt;primary_link;
Routenpunkt (Way);T;Neuenheimer Landstraße;49.413578;8.697385;30.0;;;;;;Interpoliert;131.3;-7.11;asphalt;primary_link;
Routenpunkt (Way);T;Neuenheimer Landstraße;49.41358;8.697191;30.0;;;;;;Interpoliert;130.4;-6.97;asphalt;primary_link;
Routenpunkt (Way);T;Neuenheimer Landstraße;49.413581;8.696996;30.0;;;;;;Interpoliert;129.5;-7.23;asphalt;primary_link;
Routenpunkt (Way);T;Neuenheimer Landstraße;49.413583;8.696802;30.0;;;;;;Interpoliert;128.6;-7.2;asphalt;primary_link;
Routenpunkt (Way);T;;49.413585;8.696605;30.0;;;;;;Interpoliert (15m);127.4;-6.62;asphalt;primary_link;
Routenpunkt (Way);T;;49.413586;8.696407;30.0;;;;;;Interpoliert (15m);126.2;-6.04;asphalt;primary_link;
Routenpunkt (Way);T;Neuenheimer Landstraße;49.413588;8.69621;30.0;;;;;;Original OSM;125.7;-5.46;asphalt;primary_link;
Routenpunkt (Way);T;;49.413594;8.696012;30.0;;;;;;Interpoliert (15m);125.2;-4.78;asphalt;primary_link;
Routenpunkt (Way);T;Neuenheimer Landstraße;49.4136;8.695815;30.0;;;;;;Interpoliert;124.7;-4.7;asphalt;primary_link;
Routenpunkt (Way);T;;49.413599;8.695676;30.0;;;;;;Interpoliert (15m);124.2;-5.59;asphalt;primary_link;
Routenpunkt (Way);T;;49.413598;8.695538;30.0;;;;;;Interpoliert (15m);123.4;-6.35;asphalt;primary_link;
Routenpunkt (Way);T;Neuenheimer Landstraße;49.413597;8.6954;30.0;;;;;;Original OSM;122.6;-7.1;asphalt;primary_link;
Routenpunkt (Way);T;;49.413611;8.695249;30.0;;;;;;Interpoliert (15m);121.8;-7.01;asphalt;primary_link;
Routenpunkt (Way);T;;49.413624;8.695098;30.0;;;;;;Interpoliert (15m);121.0;-6.21;asphalt;primary_link;
Routenpunkt (Way);T;Neuenheimer Landstraße;49.413637;8.694947;30.0;;;;;;Interpoliert;120.5;-5.4;asphalt;primary_link;
Routenpunkt (Way);T;Neuenheimer Landstraße;49.413662;8.694777;30.0;;;;;;Interpoliert;120.0;-4.74;asphalt;primary_link;
Routenpunkt (Way);T;Neuenheimer Landstraße;49.413687;8.694608;30.0;;;;;;Interpoliert;119.5;-4.39;asphalt;primary_link;
Routenpunkt (Way);T;Neuenheimer Landstraße;49.413711;8.694438;30.0;;;;;;Interpoliert;119.0;-4.58;asphalt;primary_link;
Routenpunkt (Way);T;;49.413729;8.694315;30.0;;;;;;Interpoliert (15m);118.5;-3.78;asphalt;primary_link;
Haltestelle;W;Neuenheim, Bergstraße;49.413746;8.694192;30.0;10:03:00;10:03:00;Kein Umlauf;Mo,Di,Mi,Do,Fr;446.0;Original GTFS (Snap-Distanz 2m) | Auf Route gesnappt (7m);118.0;-2.99;asphalt;primary_link;
Routenpunkt (Way);T;Neuenheimer Landstraße;49.413746;8.694192;30.0;;;;;;Original OSM;118.0;-1.9;asphalt;primary_link;
Routenpunkt (Way);T;Neuenheimer Landstraße;49.413773;8.694005;30.0;;;;;;Interpoliert;118.0;-0.52;asphalt;primary_link;
Routenpunkt (Way);T;Neuenheimer Landstraße;49.4138;8.693819;30.0;;;;;;Interpoliert;118.2;0.97;asphalt;primary_link;
Routenpunkt (Way);T;Neuenheimer Landstraße;49.413827;8.693633;30.0;;;;;;Original OSM;118.4;1.36;asphalt;primary_link;
Routenpunkt (Way);T;;49.413843;8.693492;30.0;;;;;;Interpoliert (15m);118.6;1.73;asphalt;primary_link;
Routenpunkt (Way);T;Neuenheimer Landstraße;49.413859;8.693352;30.0;;;;;;Original OSM;118.8;1.44;asphalt;primary_link;
Routenpunkt (Way);T;;49.413862;8.693205;30.0;;;;;;Interpoliert (15m);119.0;1.15;asphalt;primary_link;
Routenpunkt (Way);T;Brückenkopfstraße;49.413865;8.693057;30.0;;;;;;Original OSM;119.0;0.76;asphalt;primary_link;
Routenpunkt (Way);T;Brückenkopfstraße;49.413865;8.692914;30.0;;;;;;Original OSM;119.0;0.37;asphalt;primary_link;
Routenpunkt (Way);T;Brückenkopfstraße;49.413865;8.692765;30.0;;;;;;Interpoliert;119.0;0.0;asphalt;primary_link;
Routenpunkt (Way);T;Brückenkopfstraße;49.413865;8.692616;30.0;;;;;;Interpoliert;119.0;-0.27;asphalt;primary_link;
Routenpunkt (Way);T;Brückenkopfstraße;49.413863;8.692445;30.0;;;;;;Original OSM;119.0;-2.92;asphalt;primary_link;
Routenpunkt (Way);T;Brückenkopfstraße;49.41385;8.692239;30.0;;;;;;Original OSM;118.8;-3.42;asphalt;primary_link;
Ampel;A;Ampel;49.413849;8.692218;30.0;;;;;;Original OSM;118.6;-3.93;asphalt;primary_link;
Routenpunkt (Way);T;;49.413778;8.692213;30.0;;;;;;Interpoliert (15m);118.4;-5.39;asphalt;primary_link;
Routenpunkt (Way);T;Brückenkopfstraße;49.413707;8.692207;30.0;;;;;;Original OSM;118.2;-6.22;asphalt;primary_link;
Routenpunkt (Way);T;;49.413608;8.692205;30.0;;;;;;Interpoliert (15m);117.4;-4.67;asphalt;primary_link;
Routenpunkt (Way);T;;49.41351;8.692203;30.0;;;;;;Interpoliert (15m);116.8;-5.51;asphalt;primary_link;
Routenpunkt (Way);T;Brückenstraße;49.413411;8.692201;50.0;;;;;;Original OSM;116.2;-6.35;asphalt;primary_link;
Routenpunkt (Way);T;;49.413339;8.692253;50.0;;;;;;Interpoliert (15m);115.6;-5.74;asphalt;primary_link;
Routenpunkt (Way);T;Unbekannt;49.413266;8.692305;50.0;;;;;;Original OSM;115.0;-5.35;asphalt;primary_link;
Routenpunkt (Way);T;Unbekannt;49.413141;8.692338;50.0;;;;;;Interpoliert;114.4;-5.53;asphalt;primary_link;
Routenpunkt (Way);T;Unbekannt;49.413016;8.69237;50.0;;;;;;Interpoliert;113.9;-5.46;asphalt;primary_link;
Routenpunkt (Way);T;Unbekannt;49.412891;8.692403;50.0;;;;;;Interpoliert;113.0;-5.38;asphalt;primary_link;
Routenpunkt (Way);T;Unbekannt;49.412765;8.692436;50.0;;;;;;Interpoliert;112.1;-4.96;asphalt;primary_link;
Routenpunkt (Way);T;Unbekannt;49.41264;8.692469;50.0;;;;;;Interpoliert;111.2;-4.67;asphalt;primary_link;
Routenpunkt (Way);T;Unbekannt;49.412515;8.692501;50.0;;;;;;Interpoliert;110.9;-3.82;asphalt;primary_link;
Routenpunkt (Way);T;Unbekannt;49.41239;8.692534;50.0;;;;;;Interpoliert;110.6;-2.83;asphalt;primary_link;
Routenpunkt (Way);T;Unbekannt;49.412265;8.692567;50.0;;;;;;Interpoliert;110.3;-1.84;asphalt;primary_link;
Routenpunkt (Way);T;Unbekannt;49.41214;8.692599;50.0;;;;;;Interpoliert;110.1;-1.7;asphalt;primary_link;
Routenpunkt (Way);T;Unbekannt;49.412014;8.692632;50.0;;;;;;Interpoliert;109.9;-1.7;asphalt;primary_link;
Routenpunkt (Way);T;Unbekannt;49.411889;8.692665;50.0;;;;;;Interpoliert;109.7;-1.13;asphalt;primary_link;
Routenpunkt (Way);T;Unbekannt;49.411764;8.692698;50.0;;;;;;Interpoliert;109.4;-0.7;asphalt;primary_link;
Routenpunkt (Way);T;Unbekannt;49.411639;8.69273;50.0;;;;;;Interpoliert;109.5;-0.26;asphalt;primary_link;
Routenpunkt (Way);T;;49.411521;8.692737;50.0;;;;;;Interpoliert (15m);109.6;1.24;asphalt;primary_link;
Routenpunkt (Way);T;;49.411404;8.692744;50.0;;;;;;Interpoliert (15m);109.7;2.82;asphalt;primary_link;
Routenpunkt (Way);T;Unbekannt;49.411286;8.69275;50.0;;;;;;Original OSM;110.5;3.82;asphalt;primary_link;
Routenpunkt (Way);T;;49.411161;8.692767;50.0;;;;;;Interpoliert (15m);111.3;4.68;asphalt;primary_link;
Routenpunkt (Way);T;;49.411036;8.692784;50.0;;;;;;Interpoliert (15m);112.1;5.58;asphalt;primary_link;
Routenpunkt (Way);T;Unbekannt;49.410911;8.692801;50.0;;;;;;Interpoliert;112.8;5.41;asphalt;primary_link;
Routenpunkt (Way);T;Unbekannt;49.410796;8.692847;50.0;;;;;;Interpoliert;113.5;5.32;asphalt;primary_link;
Routenpunkt (Way);T;Unbekannt;49.41068;8.692893;50.0;;;;;;Interpoliert;114.2;5.49;asphalt;primary_link;
Routenpunkt (Way);T;Unbekannt;49.410565;8.692939;50.0;;;;;;Interpoliert;114.9;5.8;asphalt;primary_link;
Routenpunkt (Way);T;;49.410471;8.692967;50.0;;;;;;Interpoliert (15m);115.6;6.07;asphalt;primary_link;
Routenpunkt (Way);T;;49.410377;8.692995;50.0;;;;;;Interpoliert (15m);116.3;5.78;asphalt;primary_link;
Routenpunkt (Way);T;Unbekannt;49.410284;8.693022;50.0;;;;;;Original OSM;117.0;5.5;asphalt;primary_link;
Routenpunkt (Way);T;;49.410217;8.692988;50.0;;;;;;Interpoliert (15m);117.3;6.54;asphalt;primary_link;
Haltestelle;W;Heidelberg, Bismarckplatz;49.410151;8.692954;50.0;10:06:00;10:07:00;Kein Umlauf;Mo,Di,Mi,Do,Fr;446.0;Original GTFS (Snap-Distanz 0m) | Auf Route gesnappt (0m);117.6;5.65;asphalt;primary_link;
Routenpunkt (Way);T;Unbekannt;49.410129;8.692943;50.0;;;;;;Original OSM;117.9;4.76;asphalt;primary_link;
Routenpunkt (Way);T;;49.410005;8.692922;50.0;;;;;;Interpoliert (15m);118.2;4.48;asphalt;primary_link;
Routenpunkt (Way);T;Unbekannt;49.40988;8.692901;50.0;;;;;;Original OSM;118.5;4.2;asphalt;primary_link;
Routenpunkt (Way);T;;49.409774;8.692865;50.0;;;;;;Interpoliert (15m);118.8;2.34;asphalt;primary_link;
Routenpunkt (Way);T;;49.409667;8.692829;50.0;;;;;;Interpoliert (15m);119.1;2.39;asphalt;primary_link;
Routenpunkt (Way);T;Unbekannt;49.409561;8.692792;50.0;;;;;;Original OSM;119.4;2.91;asphalt;primary_link;
Routenpunkt (Way);T;;49.409453;8.692736;50.0;;;;;;Interpoliert (15m);119.7;3.14;asphalt;primary_link;
Ampel;A;Ampel;49.409345;8.69268;50.0;;;;;;Original OSM;120.3;3.26;asphalt;primary_link;
Routenpunkt (Way);T;Bismarckstraße;49.409282;8.692621;50.0;;;;;;Original OSM;120.6;2.77;asphalt;primary_link;
Ampel;A;Ampel;49.409206;8.692555;50.0;;;;;;Original OSM;120.9;2.8;asphalt;primary_link;
Routenpunkt (Way);T;Bismarckstraße;49.409206;8.692555;50.0;;;;;;Original OSM;121.2;2.37;asphalt;primary_link;
Routenpunkt (Way);T;;49.409108;8.692494;50.0;;;;;;Interpoliert (15m);121.5;2.16;asphalt;primary_link;
Routenpunkt (Way);T;Bismarckstraße;49.40901;8.692433;50.0;;;;;;Original OSM;121.8;2.07;asphalt;primary_link;
Routenpunkt (Way);T;;49.408907;8.692421;50.0;;;;;;Interpoliert (15m);122.1;1.67;asphalt;primary_link;
Ampel;A;Ampel;49.408804;8.69241;50.0;;;;;;Original OSM;122.4;1.16;asphalt;primary_link;
Routenpunkt (Way);T;Rohrbacher Straße;49.408715;8.69242;50.0;;;;;;Original OSM;122.2;-0.06;asphalt;primary_link;
Routenpunkt (Way);T;;49.408639;8.692429;50.0;;;;;;Interpoliert (15m);122.2;-1.03;asphalt;primary_link;
Routenpunkt (Way);T;Rohrbacher Straße;49.408563;8.692437;50.0;;;;;;Original OSM;121.9;-2.01;asphalt;primary_link;
Ampel;A;Ampel;49.408442;8.692451;50.0;;;;;;Original OSM;121.6;-2.26;asphalt;primary_link;
Routenpunkt (Way);T;Rohrbacher Straße;49.408323;8.692465;50.0;;;;;;Original OSM;121.3;-2.9;asphalt;primary_link;
Routenpunkt (Way);T;;49.408244;8.692503;50.0;;;;;;Interpoliert (15m);121.0;-2.85;asphalt;primary_link;
Routenpunkt (Way);T;Unbekannt;49.408165;8.692542;50.0;;;;;;Original OSM;120.7;-3.06;asphalt;primary_link;
Routenpunkt (Way);T;;49.408085;8.69257;50.0;;;;;;Interpoliert (15m);120.4;-3.41;asphalt;primary_link;
Routenpunkt (Way);T;Unbekannt;49.408005;8.692599;50.0;;;;;;Original OSM;120.1;-2.76;asphalt;primary_link;
Routenpunkt (Way);T;;49.407937;8.692609;50.0;;;;;;Interpoliert (15m);119.8;-2.88;asphalt;primary_link;
Routenpunkt (Way);T;Unbekannt;49.40787;8.692619;50.0;;;;;;Interpoliert;119.8;-2.98;asphalt;primary_link;
Routenpunkt (Way);T;;49.407752;8.692613;50.0;;;;;;Interpoliert (15m);119.3;-3.09;asphalt;primary_link;
Routenpunkt (Way);T;;49.407635;8.692606;50.0;;;;;;Interpoliert (15m);118.8;-3.06;asphalt;primary_link;
Routenpunkt (Way);T;;49.407517;8.6926;50.0;;;;;;Interpoliert (15m);118.3;-3.83;asphalt;primary_link;
Routenpunkt (Way);T;Unbekannt;49.4074;8.692594;50.0;;;;;;Original OSM;117.8;-3.83;asphalt;primary_link;
Routenpunkt (Way);T;;49.407337;8.692443;50.0;;;;;;Interpoliert (15m);117.3;-3.84;asphalt;primary_link;
Routenpunkt (Way);T;;49.407273;8.692292;50.0;;;;;;Interpoliert (15m);116.8;-3.76;asphalt;primary_link;
Routenpunkt (Way);T;Unbekannt;49.40721;8.692141;50.0;;;;;;Interpoliert;116.3;-3.68;asphalt;primary_link;
Routenpunkt (Way);T;Unbekannt;49.407175;8.691948;50.0;;;;;;Interpoliert;115.8;-3.35;asphalt;primary_link;
Routenpunkt (Way);T;Unbekannt;49.40714;8.691754;50.0;;;;;;Interpoliert;115.3;-2.58;asphalt;primary_link;
Routenpunkt (Way);T;Unbekannt;49.407098;8.691574;50.0;;;;;;Interpoliert;115.0;-1.81;asphalt;primary_link;
Haltestelle;W;Heidelberg, Seegarten;49.407102;8.691563;50.0;10:09:00;10:09:00;Kein Umlauf;Mo,Di,Mi,Do,Fr;446.0;Original GTFS (Snap-Distanz 5m) | Auf Route gesnappt (5m);115.0;-0.69;asphalt;primary_link;
Routenpunkt (Way);T;Unbekannt;49.407121;8.691554;50.0;;;;;;Interpoliert;115.0;0.47;asphalt;primary_link;
Routenpunkt (Way);T;Unbekannt;49.407071;8.69138;50.0;;;;;;Interpoliert;115.3;1.37;asphalt;primary_link;
Routenpunkt (Way);T;;49.40704;8.69121;50.0;;;;;;Interpoliert (15m);115.6;2.09;asphalt;primary_link;
Routenpunkt (Way);T;Unbekannt;49.407008;8.69104;50.0;;;;;;Interpoliert;115.9;2.81;asphalt;primary_link;
Routenpunkt (Way);T;;49.40698;8.690933;50.0;;;;;;Interpoliert (15m);116.2;2.96;asphalt;primary_link;
Routenpunkt (Way);T;Unbekannt;49.406951;8.690827;50.0;;;;;;Interpoliert;116.5;3.27;asphalt;primary_link;
Routenpunkt (Way);T;Unbekannt;49.406928;8.690689;50.0;;;;;;Interpoliert;116.8;3.4;asphalt;primary_link;
Routenpunkt (Way);T;Unbekannt;49.406905;8.690552;50.0;;;;;;Original OSM;117.2;3.28;asphalt;primary_link;
Routenpunkt (Way);T;Unbekannt;49.406873;8.690373;50.0;;;;;;Interpoliert;117.6;3.16;asphalt;primary_link;
Routenpunkt (Way);T;Unbekannt;49.406842;8.690195;50.0;;;;;;Interpoliert;118.0;2.72;asphalt;primary_link;
Routenpunkt (Way);T;Unbekannt;49.40681;8.690016;50.0;;;;;;Interpoliert;118.4;2.2;asphalt;primary_link;
Routenpunkt (Way);T;Unbekannt;49.406778;8.689838;50.0;;;;;;Original OSM;118.5;0.83;asphalt;primary_link;
Routenpunkt (Way);T;;49.406761;8.689735;50.0;;;;;;Interpoliert (15m);118.6;-0.57;asphalt;primary_link;
Routenpunkt (Way);T;Unbekannt;49.406743;8.689631;50.0;;;;;;Original OSM;118.3;-1.96;asphalt;primary_link;
Routenpunkt (Way);T;;49.406726;8.689531;50.0;;;;;;Interpoliert (15m);118.0;-2.58;asphalt;primary_link;
Routenpunkt (Way);T;Unbekannt;49.406708;8.689431;50.0;;;;;;Interpoliert;117.7;-3.46;asphalt;primary_link;
Routenpunkt (Way);T;Unbekannt;49.406678;8.689259;50.0;;;;;;Interpoliert;117.4;-2.84;asphalt;primary_link;
Routenpunkt (Way);T;Unbekannt;49.406648;8.689087;50.0;;;;;;Interpoliert;117.0;-2.2;asphalt;primary_link;
Routenpunkt (Way);T;Unbekannt;49.406618;8.688916;50.0;;;;;;Interpoliert;116.9;-1.54;asphalt;primary_link;
Routenpunkt (Way);T;Unbekannt;49.406588;8.688744;50.0;;;;;;Original OSM;116.8;-1.22;asphalt;primary_link;
Routenpunkt (Way);T;Unbekannt;49.406555;8.688559;50.0;;;;;;Interpoliert;116.7;-0.74;asphalt;primary_link;
Routenpunkt (Way);T;Unbekannt;49.406523;8.688373;50.0;;;;;;Interpoliert;116.6;-0.16;asphalt;primary_link;
Routenpunkt (Way);T;Unbekannt;49.40649;8.688188;50.0;;;;;;Interpoliert;116.5;0.43;asphalt;primary_link;
Routenpunkt (Way);T;Unbekannt;49.406458;8.688002;50.0;;;;;;Interpoliert;116.8;1.01;asphalt;primary_link;
Routenpunkt (Way);T;Unbekannt;49.406426;8.687817;50.0;;;;;;Interpoliert;117.1;1.58;asphalt;primary_link;
Routenpunkt (Way);T;Unbekannt;49.406393;8.687631;50.0;;;;;;Interpoliert;117.4;2.45;asphalt;primary_link;
Routenpunkt (Way);T;Unbekannt;49.406361;8.687446;50.0;;;;;;Interpoliert;117.7;2.42;asphalt;primary_link;
Routenpunkt (Way);T;Unbekannt;49.406328;8.68726;50.0;;;;;;Original OSM;118.2;2.4;asphalt;primary_link;
Routenpunkt (Way);T;;49.406307;8.687128;50.0;;;;;;Interpoliert (15m);118.4;2.27;asphalt;primary_link;
Routenpunkt (Way);T;Unbekannt;49.406286;8.686996;50.0;;;;;;Original OSM;118.6;2.14;asphalt;primary_link;
Routenpunkt (Way);T;;49.406255;8.68682;50.0;;;;;;Interpoliert (15m);118.8;1.87;asphalt;primary_link;
Routenpunkt (Way);T;;49.406224;8.686643;50.0;;;;;;Interpoliert (15m);119.0;1.92;asphalt;primary_link;
Routenpunkt (Way);T;;49.406194;8.686466;50.0;;;;;;Interpoliert (15m);119.3;1.92;asphalt;primary_link;
Routenpunkt (Way);T;Unbekannt;49.406163;8.68629;50.0;;;;;;Interpoliert;119.6;2.02;asphalt;primary_link;
Routenpunkt (Way);T;;49.406119;8.686095;50.0;;;;;;Interpoliert (15m);119.9;2.43;asphalt;primary_link;
Haltestelle;W;Heidelberg, Stadtbücherei;49.406076;8.685901;50.0;10:10:00;10:10:00;Kein Umlauf;Mo,Di,Mi,Do,Fr;446.0;Original GTFS (Snap-Distanz 0m) | Auf Route gesnappt (0m);120.2;2.11;asphalt;primary_link;
Routenpunkt (Way);T;Stadtbücherei;49.406056;8.685789;50.0;;;;;;Original OSM;120.5;1.28;asphalt;primary_link;
Routenpunkt (Way);T;Unbekannt;49.406005;8.685611;50.0;;;;;;Interpoliert;120.6;0.5;asphalt;primary_link;
Routenpunkt (Way);T;Unbekannt;49.405972;8.685475;50.0;;;;;;Interpoliert;120.4;-0.27;asphalt;primary_link;
Routenpunkt (Way);T;Unbekannt;49.405939;8.685339;50.0;;;;;;Original OSM;120.2;-1.31;asphalt;primary_link;
Routenpunkt (Way);T;Unbekannt;49.405904;8.685198;50.0;;;;;;Interpoliert;120.0;-2.27;asphalt;primary_link;
Routenpunkt (Way);T;;49.405888;8.68503;50.0;;;;;;Interpoliert (15m);119.8;-2.85;asphalt;primary_link;
Routenpunkt (Way);T;Unbekannt;49.405871;8.684862;50.0;;;;;;Original OSM;119.3;-3.05;asphalt;primary_link;
Routenpunkt (Way);T;;49.40586;8.684719;50.0;;;;;;Interpoliert (15m);118.8;-3.25;asphalt;primary_link;
Routenpunkt (Way);T;;49.40585;8.684576;50.0;;;;;;Interpoliert (15m);118.5;-3.61;asphalt;primary_link;
Routenpunkt (Way);T;Römerkreis;49.405839;8.684434;50.0;;;;;;Original OSM;118.2;-3.48;asphalt;primary_link;
Routenpunkt (Way);T;;49.405806;8.684323;50.0;;;;;;Interpoliert (15m);117.9;-2.52;asphalt;primary_link;
Routenpunkt (Way);T;Römerkreis;49.405772;8.684213;50.0;;;;;;Original OSM;117.6;-1.7;asphalt;primary_link;
Ampel;A;Ampel;49.405719;8.684029;50.0;;;;;;Original OSM;117.6;-0.97;asphalt;primary_link;
Routenpunkt (Way);T;Kurfürsten-Anlage;49.405695;8.683919;50.0;;;;;;Original OSM;117.7;-0.13;asphalt;primary_link;
Routenpunkt (Way);T;Kurfürsten-Anlage;49.405658;8.683753;50.0;;;;;;Interpoliert;117.8;1.09;asphalt;primary_link;
Routenpunkt (Way);T;Kurfürsten-Anlage;49.405621;8.683587;50.0;;;;;;Original OSM;117.9;1.65;asphalt;primary_link;
Routenpunkt (Way);T;Kurfürsten-Anlage;49.405594;8.683438;50.0;;;;;;Original OSM;118.2;1.6;asphalt;primary_link;
Routenpunkt (Way);T;Kurfürsten-Anlage;49.405569;8.683295;50.0;;;;;;Interpoliert;118.5;1.6;asphalt;primary_link;
Routenpunkt (Way);T;Kurfürsten-Anlage;49.405543;8.683153;50.0;;;;;;Interpoliert;118.6;1.65;asphalt;primary_link;
Routenpunkt (Way);T;Kurfürsten-Anlage;49.405544;8.682976;50.0;;;;;;Original OSM;118.7;1.12;asphalt;primary_link;
Routenpunkt (Way);T;Kurfürsten-Anlage;49.405493;8.682874;50.0;;;;;;Original OSM;118.8;0.37;asphalt;primary_link;
Haltestelle;W;Heidelberg, Stadtwerke;49.405493;8.682874;50.0;10:11:00;10:11:00;Kein Umlauf;Mo,Di,Mi,Do,Fr;446.0;Original GTFS (Snap-Distanz 1m) | Auf Route gesnappt (1m);118.7;-0.33;asphalt;primary_link;
Routenpunkt (Way);T;Stadtwerke;49.4055;8.682724;50.0;;;;;;Original OSM;118.6;-1.0;asphalt;primary_link;
Routenpunkt (Way);T;;49.405466;8.68263;50.0;;;;;;Interpoliert (15m);118.4;-1.53;asphalt;primary_link;
Routenpunkt (Way);T;Kurfürsten-Anlage;49.405433;8.682536;50.0;;;;;;Interpoliert;118.2;-1.85;asphalt;primary_link;
Routenpunkt (Way);T;Kurfürsten-Anlage;49.405402;8.682367;50.0;;;;;;Interpoliert;118.0;-1.98;asphalt;primary_link;
Routenpunkt (Way);T;Kurfürsten-Anlage;49.405372;8.682198;50.0;;;;;;Interpoliert;117.8;-1.78;asphalt;primary_link;
Routenpunkt (Way);T;Kurfürsten-Anlage;49.405342;8.682029;50.0;;;;;;Interpoliert;117.6;-1.58;asphalt;primary_link;
Routenpunkt (Way);T;Kurfürsten-Anlage;49.405311;8.68186;50.0;;;;;;Original OSM;117.4;-1.59;asphalt;primary_link;
Routenpunkt (Way);T;Kurfürsten-Anlage;49.405282;8.681694;50.0;;;;;;Interpoliert;117.2;-1.27;asphalt;primary_link;
Routenpunkt (Way);T;Kurfürsten-Anlage;49.405252;8.681528;50.0;;;;;;Interpoliert;117.0;-0.8;asphalt;primary_link;
Routenpunkt (Way);T;Kurfürsten-Anlage;49.405222;8.681362;50.0;;;;;;Interpoliert;117.0;-0.24;asphalt;primary_link;
Ampel;A;Ampel;49.405192;8.681196;50.0;;;;;;Original OSM;117.1;0.3;asphalt;primary_link;
Routenpunkt (Way);T;Kurfürsten-Anlage;49.405171;8.681087;50.0;;;;;;Original OSM;117.2;0.83;asphalt;primary_link;
Routenpunkt (Way);T;;49.405149;8.680961;50.0;;;;;;Interpoliert (15m);117.3;0.69;asphalt;primary_link;
Routenpunkt (Way);T;Kurfürsten-Anlage;49.405127;8.680836;50.0;;;;;;Interpoliert;117.4;0.39;asphalt;primary_link;
Routenpunkt (Way);T;Kurfürsten-Anlage;49.405094;8.680643;50.0;;;;;;Interpoliert;117.3;0.01;asphalt;primary_link;
Routenpunkt (Way);T;Kurfürsten-Anlage;49.40506;8.68045;50.0;;;;;;Interpoliert;117.2;-0.34;asphalt;primary_link;
Routenpunkt (Way);T;Kurfürsten-Anlage;49.405026;8.680258;50.0;;;;;;Interpoliert;117.1;-0.69;asphalt;primary_link;
Routenpunkt (Way);T;Kurfürsten-Anlage;49.404993;8.680065;50.0;;;;;;Interpoliert;117.0;-0.39;asphalt;primary_link;
Routenpunkt (Way);T;Kurfürsten-Anlage;49.404959;8.679872;50.0;;;;;;Original OSM;116.9;-0.25;asphalt;primary_link;
Routenpunkt (Way);T;Kurfürsten-Anlage;49.404932;8.67971;50.0;;;;;;Interpoliert;117.0;-0.11;asphalt;primary_link;
Routenpunkt (Way);T;Kurfürsten-Anlage;49.404905;8.679549;50.0;;;;;;Interpoliert;117.0;0.03;asphalt;primary_link;
Routenpunkt (Way);T;;49.404883;8.67942;50.0;;;;;;Interpoliert (15m);117.0;0.17;asphalt;primary_link;
Routenpunkt (Way);T;Kurfürsten-Anlage;49.404862;8.679292;50.0;;;;;;Original OSM;117.0;0.63;asphalt;primary_link;
Routenpunkt (Way);T;;49.404833;8.679123;50.0;;;;;;Interpoliert (15m);117.0;1.22;asphalt;primary_link;
Routenpunkt (Way);T;Kurfürsten-Anlage;49.404805;8.678954;50.0;;;;;;Interpoliert;117.4;1.82;asphalt;primary_link;
Routenpunkt (Way);T;Kurfürsten-Anlage;49.404774;8.678773;50.0;;;;;;Original OSM;117.8;2.42;asphalt;primary_link;
Routenpunkt (Way);T;Kurfürsten-Anlage;49.404744;8.678594;50.0;;;;;;Interpoliert;118.2;3.01;asphalt;primary_link;
Routenpunkt (Way);T;Kurfürsten-Anlage;49.404714;8.678414;50.0;;;;;;Original OSM;118.6;3.03;asphalt;primary_link;
Routenpunkt (Way);T;Kurfürsten-Anlage;49.404684;8.678234;50.0;;;;;;Original OSM;119.0;3.08;asphalt;primary_link;
Routenpunkt (Way);T;;49.404659;8.678067;50.0;;;;;;Interpoliert (15m);119.4;3.13;asphalt;primary_link;
Routenpunkt (Way);T;Kurfürsten-Anlage;49.404634;8.677901;50.0;;;;;;Original OSM;119.8;3.18;asphalt;primary_link;
Routenpunkt (Way);T;;49.40462;8.677731;50.0;;;;;;Interpoliert (15m);120.2;3.48;asphalt;primary_link;
Routenpunkt (Way);T;Kurfürsten-Anlage;49.404605;8.677562;50.0;;;;;;Original OSM;120.6;3.19;asphalt;primary_link;
Ampel;A;Ampel;49.40461;8.677438;50.0;;;;;;Original OSM;121.0;2.91;asphalt;primary_link;
Routenpunkt (Way);T;;49.404604;8.677285;50.0;;;;;;Interpoliert (15m);121.2;2.64;asphalt;primary_link;
Routenpunkt (Way);T;Kurfürsten-Anlage;49.404598;8.677132;50.0;;;;;;Original OSM;121.4;2.37;asphalt;primary_link;
Routenpunkt (Way);T;;49.404509;8.677086;50.0;;;;;;Interpoliert (15m);121.6;0.42;asphalt;primary_link;
Routenpunkt (Way);T;Lessingstraße;49.404419;8.677041;50.0;;;;;;Original OSM;121.8;-1.43;asphalt;primary_link;
Routenpunkt (Way);T;;49.404338;8.677079;50.0;;;;;;Interpoliert (15m);121.3;-5.03;asphalt;primary_link;
Ampel;A;Ampel;49.404257;8.677117;50.0;;;;;;Original OSM;120.6;-5.41;asphalt;primary_link;
Haltestelle;W;Heidelberg, Hauptbahnhof;49.40422;8.677135;50.0;10:13:00;10:14:00;Kein Umlauf;Mo,Di,Mi,Do,Fr;446.0;Original GTFS (Snap-Distanz 3m) | Auf Route gesnappt (7m);119.9;-7.41;asphalt;primary_link;
Routenpunkt (Way);T;Lessingstraße;49.40422;8.677135;50.0;;;;;;Original OSM;119.2;-8.2;asphalt;primary_link;
Routenpunkt (Way);T;;49.404147;8.677179;50.0;;;;;;Interpoliert (15m);118.5;-8.2;asphalt;primary_link;
Routenpunkt (Way);T;Lessingstraße;49.404075;8.677223;50.0;;;;;;Original OSM;117.7;-6.45;asphalt;primary_link;
Routenpunkt (Way);T;;49.403987;8.677284;50.0;;;;;;Interpoliert (15m);116.9;-7.63;asphalt;primary_link;
Routenpunkt (Way);T;Lessingstraße;49.403899;8.677344;50.0;;;;;;Original OSM;116.1;-7.44;asphalt;primary_link;
Routenpunkt (Way);T;Lessingstraße;49.403792;8.677437;50.0;;;;;;Interpoliert;115.3;-5.77;asphalt;primary_link;
Routenpunkt (Way);T;;49.403711;8.677527;50.0;;;;;;Interpoliert (15m);114.5;-4.68;asphalt;primary_link;
Routenpunkt (Way);T;Lessingstraße;49.403629;8.677618;50.0;;;;;;Original OSM;114.4;-3.6;asphalt;primary_link;
Routenpunkt (Way);T;;49.403598;8.677743;50.0;;;;;;Interpoliert (15m);114.2;-2.77;asphalt;primary_link;
Routenpunkt (Way);T;Lessingstraße;49.403566;8.677869;50.0;;;;;;Original OSM;114.0;-1.69;asphalt;primary_link;
Routenpunkt (Way);T;Lessingstraße;49.40348;8.677959;50.0;;;;;;Interpoliert;113.8;-1.68;asphalt;primary_link;
Routenpunkt (Way);T;Lessingstraße;49.403393;8.67805;50.0;;;;;;Interpoliert;113.6;-1.4;asphalt;primary_link;
Routenpunkt (Way);T;Lessingstraße;49.403307;8.67814;50.0;;;;;;Original OSM;113.5;-1.21;asphalt;primary_link;
Routenpunkt (Way);T;Lessingstraße;49.403214;8.678289;50.0;;;;;;Interpoliert;113.4;-1.08;asphalt;primary_link;
Routenpunkt (Way);T;;49.403156;8.678384;50.0;;;;;;Interpoliert (15m);113.3;-0.89;asphalt;primary_link;
Routenpunkt (Way);T;Lessingstraße;49.403098;8.678479;50.0;;;;;;Original OSM;113.2;-0.72;asphalt;primary_link;
Routenpunkt (Way);T;Lessingstraße;49.403018;8.678605;50.0;;;;;;Interpoliert;113.1;-0.72;asphalt;primary_link;
Routenpunkt (Way);T;Lessingstraße;49.402949;8.678711;50.0;;;;;;Original OSM;113.1;-0.64;asphalt;primary_link;
Routenpunkt (Way);T;Lessingstraße;49.402854;8.678857;50.0;;;;;;Interpoliert;113.0;-0.56;asphalt;primary_link;
Routenpunkt (Way);T;Lessingstraße;49.40276;8.679002;50.0;;;;;;Interpoliert;112.9;-0.54;asphalt;primary_link;
Routenpunkt (Way);T;Lessingstraße;49.402665;8.679148;50.0;;;;;;Interpoliert;112.8;0.13;asphalt;primary_link;
Routenpunkt (Way);T;Lessingstraße;49.40257;8.679294;50.0;;;;;;Interpoliert;112.7;0.94;asphalt;primary_link;
Routenpunkt (Way);T;Lessingstraße;49.402475;8.67944;50.0;;;;;;Interpoliert;113.2;1.74;asphalt;primary_link;
Routenpunkt (Way);T;Lessingstraße;49.40238;8.679586;50.0;;;;;;Interpoliert;113.7;2.55;asphalt;primary_link;
Routenpunkt (Way);T;Lessingstraße;49.402286;8.679732;50.0;;;;;;Interpoliert;114.2;3.37;asphalt;primary_link;
Routenpunkt (Way);T;Lessingstraße;49.402191;8.679878;50.0;;;;;;Interpoliert;114.7;3.25;asphalt;primary_link;
Routenpunkt (Way);T;;49.402099;8.68002;50.0;;;;;;Interpoliert (15m);115.2;2.58;asphalt;primary_link;
Routenpunkt (Way);T;Lessingstraße;49.402007;8.680163;50.0;;;;;;Original OSM;115.6;0.93;asphalt;primary_link;
Routenpunkt (Way);T;;49.401933;8.680175;50.0;;;;;;Interpoliert (15m);115.6;-2.95;asphalt;primary_link;
Routenpunkt (Way);T;Speyerer Straße;49.40186;8.680187;50.0;;;;;;Original OSM;115.2;-4.29;asphalt;primary_link;
Ampel;A;Ampel;49.401842;8.680166;50.0;;;;;;Original OSM;114.8;-6.47;asphalt;primary_link;
Routenpunkt (Way);T;Speyerer Straße;49.401756;8.68006;50.0;;;;;;Interpoliert;114.4;-8.1;asphalt;primary_link;
Routenpunkt (Way);T;Speyerer Straße;49.40167;8.679954;50.0;;;;;;Interpoliert;113.4;-8.76;asphalt;primary_link;
Routenpunkt (Way);T;Speyerer Straße;49.401584;8.679848;50.0;;;;;;Interpoliert;112.4;-7.75;asphalt;primary_link;
Routenpunkt (Way);T;Speyerer Straße;49.401499;8.679742;50.0;;;;;;Interpoliert;111.4;-9.52;asphalt;primary_link;
Routenpunkt (Way);T;;49.401435;8.679664;50.0;;;;;;Interpoliert (15m);110.4;-9.69;asphalt;primary_link;
Routenpunkt (Way);T;Speyerer Straße;49.401371;8.679586;50.0;;;;;;Original OSM;109.3;-8.88;asphalt;primary_link;
Routenpunkt (Way);T;;49.401284;8.679482;50.0;;;;;;Interpoliert (15m);108.2;-6.69;asphalt;primary_link;
Routenpunkt (Way);T;Speyerer Straße;49.401198;8.679379;50.0;;;;;;Interpoliert;107.7;-3.93;asphalt;primary_link;
Routenpunkt (Way);T;Speyerer Straße;49.401095;8.679255;50.0;;;;;;Original OSM;108.1;-0.53;asphalt;primary_link;
Routenpunkt (Way);T;Speyerer Straße;49.400994;8.679134;50.0;;;;;;Interpoliert;108.5;2.24;asphalt;primary_link;
Routenpunkt (Way);T;;49.400936;8.679064;50.0;;;;;;Interpoliert (15m);108.9;3.62;asphalt;primary_link;
Routenpunkt (Way);T;Speyerer Straße;49.400878;8.678994;50.0;;;;;;Original OSM;109.3;3.87;asphalt;primary_link;
Routenpunkt (Way);T;Speyerer Straße;49.400778;8.678868;50.0;;;;;;Interpoliert;109.7;4.11;asphalt;primary_link;
Routenpunkt (Way);T;Speyerer Straße;49.400708;8.678781;50.0;;;;;;Interpoliert;110.1;3.9;asphalt;primary_link;
Routenpunkt (Way);T;Speyerer Straße;49.400639;8.678693;50.0;;;;;;Original OSM;110.5;3.69;asphalt;primary_link;
Routenpunkt (Way);T;Speyerer Straße;49.400553;8.678571;50.0;;;;;;Interpoliert;111.0;4.1;asphalt;primary_link;
Routenpunkt (Way);T;Speyerer Straße;49.400467;8.678449;50.0;;;;;;Interpoliert;111.5;3.3;asphalt;primary_link;
Routenpunkt (Way);T;;49.400399;8.678351;50.0;;;;;;Interpoliert (15m);112.0;2.5;asphalt;primary_link;
Routenpunkt (Way);T;Speyerer Straße;49.40033;8.678252;50.0;;;;;;Original OSM;112.0;2.34;asphalt;primary_link;
Routenpunkt (Way);T;;49.400271;8.678152;50.0;;;;;;Interpoliert (15m);112.0;1.99;asphalt;primary_link;
Ampel;A;Ampel;49.400213;8.678052;50.0;;;;;;Original OSM;112.3;1.45;asphalt;primary_link;
Routenpunkt (Way);T;;49.400136;8.677893;50.0;;;;;;Interpoliert (15m);112.6;1.98;asphalt;primary_link;
Routenpunkt (Way);T;Speyerer Straße;49.400059;8.677733;50.0;;;;;;Original OSM;112.9;2.51;asphalt;primary_link;
Routenpunkt (Way);T;;49.400022;8.677587;50.0;;;;;;Interpoliert (15m);113.2;2.42;asphalt;primary_link;
Routenpunkt (Way);T;;49.399985;8.677441;50.0;;;;;;Interpoliert (15m);113.5;2.54;asphalt;primary;Speyerer Straße
Routenpunkt (Way);A;Ampel;49.399948;8.677295;50.0;;;;;;Interpoliert (15m);113.8;2.61;asphalt;primary;Speyerer Straße
Routenpunkt (Way);T;Czernyring;49.399911;8.677149;50.0;;;;;;Original OSM;114.1;2.57;asphalt;secondary_link;Speyerer Straße
Routenpunkt (Way);T;;49.399841;8.67702;50.0;;;;;;Interpoliert (15m);114.4;2.54;asphalt;primary;Speyerer Straße
Routenpunkt (Way);T;;49.399771;8.676891;50.0;;;;;;Interpoliert (15m);114.7;2.01;asphalt;primary;Speyerer Straße
Routenpunkt (Way);T;Speyerer Straße;49.399701;8.676761;50.0;;;;;;Interpoliert;115.0;1.48;asphalt;primary;Speyerer Straße
Haltestelle;W;Heidelberg, Montpellierbrücke;49.399701;8.676761;50.0;10:17:00;10:17:00;Kein Umlauf;Mo,Di,Mi,Do,Fr;446.0;Original GTFS (Snap-Distanz 6m) | Auf Route gesnappt (6m);115.0;0.98;asphalt;primary;Speyerer Straße
Routenpunkt (Way);T;Speyerer Straße;49.39963;8.67663;50.0;;;;;;Interpoliert;115.0;0.49;asphalt;primary;Speyerer Straße
Routenpunkt (Way);T;;49.39956;8.676498;50.0;;;;;;Interpoliert (15m);115.0;-0.32;asphalt;primary;Speyerer Straße
Routenpunkt (Way);T;Speyerer Straße;49.399489;8.676366;50.0;;;;;;Interpoliert;115.0;-0.61;asphalt;primary;Speyerer Straße
Routenpunkt (Way);T;Speyerer Straße;49.399418;8.676233;50.0;;;;;;Original OSM;114.8;-0.91;asphalt;primary;Speyerer Straße
Routenpunkt (Way);T;Speyerer Straße;49.399342;8.676085;50.0;;;;;;Interpoliert;114.6;-1.2;asphalt;primary;Speyerer Straße
Routenpunkt (Way);T;Speyerer Straße;49.399265;8.675937;50.0;;;;;;Interpoliert;114.4;-1.55;asphalt;primary;Speyerer Straße
Ampel;A;Ampel;49.399189;8.67579;50.0;;;;;;Original OSM;114.2;-1.61;asphalt;primary;Speyerer Straße
Routenpunkt (Way);T;Speyerer Straße;49.399123;8.675665;50.0;;;;;;Original OSM;114.0;-2.29;asphalt;primary;Speyerer Straße
Routenpunkt (Way);T;;49.399067;8.675553;50.0;;;;;;Interpoliert (15m);113.8;-2.74;asphalt;primary;Speyerer Straße
Routenpunkt (Way);T;Speyerer Straße;49.39901;8.675441;50.0;;;;;;Interpoliert;113.3;-3.37;asphalt;primary;Speyerer Straße
Routenpunkt (Way);T;Speyerer Straße;49.398936;8.675292;50.0;;;;;;Original OSM;112.8;-3.96;asphalt;primary;Speyerer Straße
Routenpunkt (Way);T;Speyerer Straße;49.398878;8.675172;50.0;;;;;;Interpoliert;112.3;-4.13;asphalt;primary;Speyerer Straße
Routenpunkt (Way);T;Speyerer Straße;49.39882;8.675053;50.0;;;;;;Interpoliert;111.8;-3.56;asphalt;primary;Speyerer Straße
Routenpunkt (Way);T;Speyerer Straße;49.398762;8.674934;50.0;;;;;;Original OSM;111.5;-3.39;asphalt;primary;Speyerer Straße
Routenpunkt (Way);T;Speyerer Straße;49.398679;8.674775;50.0;;;;;;Interpoliert;111.2;-2.85;asphalt;primary;Speyerer Straße
Routenpunkt (Way);T;;49.39862;8.674662;50.0;;;;;;Interpoliert (15m);110.9;-2.3;asphalt;primary;Speyerer Straße
Routenpunkt (Way);T;;49.398561;8.674549;50.0;;;;;;Interpoliert (15m);110.7;-2.07;asphalt;primary;Speyerer Straße
Routenpunkt (Way);T;Speyerer Straße;49.398503;8.674436;50.0;;;;;;Original OSM;110.5;-1.5;asphalt;primary;Speyerer Straße
Routenpunkt (Way);T;;49.398433;8.674306;50.0;;;;;;Interpoliert (15m);110.3;-0.76;asphalt;primary;Speyerer Straße
Routenpunkt (Way);T;;49.398364;8.674176;50.0;;;;;;Interpoliert (15m);110.4;-0.23;asphalt;primary;Speyerer Straße
Routenpunkt (Way);T;Speyerer Straße;49.398294;8.674046;50.0;;;;;;Original OSM;110.5;0.41;asphalt;primary;Speyerer Straße
Ampel;A;Ampel;49.398222;8.673908;50.0;;;;;;Original OSM;110.6;0.74;asphalt;primary;Speyerer Straße
Routenpunkt (Way);T;;49.398183;8.673817;50.0;;;;;;Interpoliert (15m);110.7;1.11;asphalt;primary;Speyerer Straße
Routenpunkt (Way);T;Speyerer Straße;49.398145;8.673726;50.0;;;;;;Original OSM;110.7;6.54;asphalt;primary;Speyerer Straße
Ampel;A;Ampel;49.398185;8.673586;50;;;;;;Original OSM;111.0;6.73;asphalt;primary;Speyerer Straße
Routenpunkt (Way);T;Langer Anger;49.398192;8.673575;50;;;;;;Original OSM;111.3;6.81;asphalt;primary;Speyerer Straße
Routenpunkt (Way);T;Langer Anger;49.398269;8.673464;30.0;;;;;;Interpoliert;111.5;7.28;asphalt;primary;Speyerer Straße
Routenpunkt (Way);T;Langer Anger;49.398345;8.673352;30.0;;;;;;Interpoliert;111.7;7.21;asphalt;primary;
Routenpunkt (Way);T;;49.398402;8.673272;30.0;;;;;;Interpoliert (15m);111.9;2.02;asphalt;primary;
Routenpunkt (Way);T;Langer Anger;49.398458;8.673192;30.0;;;;;;Original OSM;112.1;2.09;asphalt;primary;
Routenpunkt (Way);T;;49.398521;8.673096;30.0;;;;;;Interpoliert (15m);112.3;2.03;asphalt;primary;
Routenpunkt (Way);T;Langer Anger;49.398584;8.672999;30.0;;;;;;Interpoliert;112.5;1.99;asphalt;primary;
Routenpunkt (Way);T;Langer Anger;49.398671;8.672857;30.0;;;;;;Interpoliert;112.7;1.52;asphalt;primary;
Routenpunkt (Way);T;Langer Anger;49.398757;8.672714;30.0;;;;;;Original OSM;113.0;1.25;asphalt;primary;
Routenpunkt (Way);T;Langer Anger;49.398844;8.672568;30.0;;;;;;Interpoliert;113.0;0.99;asphalt;primary;
Routenpunkt (Way);T;Langer Anger;49.398931;8.672421;30.0;;;;;;Interpoliert;113.1;0.84;asphalt;primary;
Routenpunkt (Way);T;Langer Anger;49.399018;8.672275;30.0;;;;;;Interpoliert;113.2;0.84;asphalt;primary;
Routenpunkt (Way);T;Langer Anger;49.399105;8.672129;30.0;;;;;;Interpoliert;113.3;1.26;asphalt;primary;
Routenpunkt (Way);T;;49.399164;8.672032;30.0;;;;;;Interpoliert (15m);113.5;1.42;asphalt;primary;
Routenpunkt (Way);T;Langer Anger;49.399222;8.671935;30.0;;;;;;Original OSM;113.7;1.59;asphalt;primary;
Routenpunkt (Way);T;;49.399312;8.671817;30.0;;;;;;Interpoliert (15m);113.9;1.74;asphalt;primary;
Routenpunkt (Way);T;Langer Anger;49.399402;8.671699;30.0;;;;;;Interpoliert;114.1;2.0;asphalt;primary;
Haltestelle;W;Bahnstadt, Schwetz. Terrasse;49.39949;8.671571;30.0;10:19:00;10:19:00;Kein Umlauf;Mo,Di,Mi,Do,Fr;446.0;Original GTFS (Snap-Distanz 4m) | Auf Route gesnappt (4m);114.3;1.86;asphalt;primary;
Routenpunkt (Way);T;Langer Anger;49.399488;8.671489;30.0;;;;;;Interpoliert;114.5;1.4;asphalt;primary;
Routenpunkt (Way);T;Max-Jarecki-Straße;49.399575;8.67134;30.0;;;;;;Original OSM;114.7;0.94;asphalt;primary;
Routenpunkt (Way);T;Max-Jarecki-Straße;49.399681;8.671413;30.0;;;;;;Interpoliert;114.6;0.49;asphalt;primary;
Routenpunkt (Way);T;Max-Jarecki-Straße;49.399787;8.671485;30.0;;;;;;Interpoliert;114.5;-0.5;asphalt;primary;
Routenpunkt (Way);T;Max-Jarecki-Straße;49.399892;8.671557;30.0;;;;;;Interpoliert;114.4;-1.09;asphalt;primary;
Routenpunkt (Way);T;Max-Jarecki-Straße;49.399998;8.67163;30.0;;;;;;Interpoliert;114.2;-1.24;asphalt;primary;
Routenpunkt (Way);T;Max-Jarecki-Straße;49.400104;8.671702;30.0;;;;;;Interpoliert;114.0;-1.45;asphalt;primary;
Routenpunkt (Way);T;Max-Jarecki-Straße;49.40021;8.671774;30.0;;;;;;Original OSM;113.8;-1.65;asphalt;primary;
Routenpunkt (Way);T;Max-Jarecki-Straße;49.400302;8.671835;30.0;;;;;;Interpoliert;113.6;-1.75;asphalt;primary;
Routenpunkt (Way);T;Max-Jarecki-Straße;49.400393;8.671895;30.0;;;;;;Interpoliert;113.4;-2.24;asphalt;primary;
Routenpunkt (Way);T;;49.400475;8.671951;30.0;;;;;;Interpoliert (15m);113.2;-2.31;asphalt;primary;
Routenpunkt (Way);T;Max-Jarecki-Straße;49.400556;8.672006;30.0;;;;;;Original OSM;112.8;-2.33;asphalt;primary;
Routenpunkt (Way);T;;49.400643;8.672065;30.0;;;;;;Interpoliert (15m);112.6;-2.3;asphalt;primary;
Routenpunkt (Way);T;Max-Jarecki-Straße;49.400729;8.672125;30.0;;;;;;Interpoliert;112.4;-2.04;asphalt;primary;
Routenpunkt (Way);T;Max-Jarecki-Straße;49.400831;8.672193;30.0;;;;;;Interpoliert;112.2;-1.41;asphalt;primary;
Routenpunkt (Way);T;Max-Jarecki-Straße;49.400933;8.672262;30.0;;;;;;Interpoliert;112.11;-1.26;asphalt;primary;
Routenpunkt (Way);T;Max-Jarecki-Straße;49.401034;8.67233;30.0;;;;;;Interpoliert;112.0;-0.88;asphalt;primary;
Routenpunkt (Way);T;Max-Jarecki-Straße;49.401136;8.672398;30.0;;;;;;Original OSM;111.86;-0.69;asphalt;primary;
Haltestelle;W;Bahnstadt, Hauptbahnhof Süd;49.401136;8.672398;30.0;10:20:00;10:20:00;Kein Umlauf;Mo,Di,Mi,Do,Fr;446.0;Original GTFS (Snap-Distanz 4m) | Auf Route gesnappt (4m);111.67;-0.69;asphalt;primary;
