Typ;Type;Name;Latitude;Longitude;Tempolimit;Ankunft;Abfahrt;Block_ID;Betriebstage;Service_ID;Details;Altitude (m);Roadgrade (%);Surface;Highway_Type;OSM_Name
Routenpunkt (Way);T;Max-Jarecki-Straße;49.401136;8.672398;30.0;;;;;;Original OSM;112.2;0.74;asphalt;secondary;
Haltestelle;W;Bahnstadt, Hauptbahnhof Süd;49.401136;8.672398;30.0;07:21:00;07:21:00;Kein Umlauf;Mo,Di,Mi,Do,Fr;446.0;Original GTFS (Snap-Distanz 24m) | Auf Route gesnappt (4m);112.5;0.62;asphalt;secondary;
Routenpunkt (Way);T;Max-Jarecki-Straße;49.401216;8.67245;30.0;;;;;;Original OSM;112.71;0.54;asphalt;secondary;
Routenpunkt (Way);T;;49.401328;8.672523;30.0;;;;;;Interpoliert (15m);112.75;0.57;asphalt;secondary;
Routenpunkt (Way);T;;49.401439;8.672596;30.0;;;;;;Interpoliert (15m);112.78;0.87;asphalt;secondary;
Routenpunkt (Way);T;;49.401551;8.67267;30.0;;;;;;Interpoliert (15m);112.8;0.72;asphalt;secondary;
Routenpunkt (Way);T;;49.401662;8.672743;30.0;;;;;;Interpoliert (15m);113.0;0.96;asphalt;secondary;
Routenpunkt (Way);T;;49.401774;8.672816;30.0;;;;;;Interpoliert (15m);113.2;0.77;asphalt;secondary;
Routenpunkt (Way);T;;49.401885;8.67289;30.0;;;;;;Interpoliert (15m);113.4;0.59;asphalt;secondary;
Routenpunkt (Way);T;;49.401997;8.672963;30.0;;;;;;Interpoliert (15m);113.3;0.11;asphalt;secondary;
Routenpunkt (Way);T;Max-Jarecki-Straße;49.402108;8.673037;30.0;;;;;;Original OSM;113.2;-1.18;asphalt;secondary;
Ampel;A;Ampel;49.402197;8.673102;30.0;;;;;;Original OSM;113.1;-2.34;asphalt;secondary;
Routenpunkt (Way);T;Max-Jarecki-Straße;49.402274;8.673172;30.0;;;;;;Original OSM;112.6;-3.06;asphalt;secondary;Czernyring
Routenpunkt (Way);A;Ampel;49.402351;8.673223;30.0;;;;;;Interpoliert (15m);112.2;-3.51;asphalt;secondary;Czernyring
Routenpunkt (Way);T;Czernyring;49.402427;8.673274;50.0;;;;;;Original OSM;111.8;-3.65;asphalt;secondary;Czernyring
Ampel;A;Ampel;49.402498;8.673125;50.0;;;;;;Original OSM;111.4;-2.98;asphalt;secondary;Czernyring
Routenpunkt (Way);T;Czernyring;49.402563;8.672988;50.0;;;;;;Interpoliert;111.2;-2.44;asphalt;secondary;Czernyring
Routenpunkt (Way);T;Czernyring;49.402629;8.672852;50.0;;;;;;Interpoliert;111.0;-1.89;asphalt;secondary;Czernyring
Routenpunkt (Way);T;Czernyring;49.402694;8.672716;50.0;;;;;;Original OSM;110.8;-1.59;asphalt;secondary;Czernyring
Routenpunkt (Way);T;Czernyring;49.402769;8.672578;50.0;;;;;;Interpoliert;110.6;-1.54;asphalt;secondary;Czernyring
Routenpunkt (Way);T;Czernyring;49.402844;8.672439;50.0;;;;;;Original OSM;110.4;-0.94;asphalt;secondary;Czernyring
Routenpunkt (Way);T;Czernyring;49.402933;8.672288;50.0;;;;;;Interpoliert;110.2;0.02;asphalt;secondary;Czernyring
Ampel;A;Ampel;49.403023;8.672136;50.0;;;;;;Original OSM;110.4;0.92;asphalt;secondary;Czernyring
Routenpunkt (Way);T;Czernyring;49.403102;8.67201;50.0;;;;;;Original OSM;110.8;1.83;asphalt;secondary;Czernyring
Routenpunkt (Way);T;;49.403188;8.671881;50.0;;;;;;Interpoliert (15m);111.2;3.4;asphalt;secondary;Czernyring
Routenpunkt (Way);T;Czernyring;49.403274;8.671752;50.0;;;;;;Original OSM;111.6;3.48;asphalt;secondary;Czernyring
Ampel;A;Ampel;49.403295;8.671724;50.0;;;;;;Original OSM;111.8;3.2;asphalt;secondary;Czernyring
Routenpunkt (Way);T;Czernyring;49.403375;8.671623;50.0;;;;;;Interpoliert;112.0;2.95;asphalt;secondary;Czernyring
Routenpunkt (Way);T;Czernyring;49.403455;8.671521;50.0;;;;;;Interpoliert;112.2;2.7;asphalt;secondary;Czernyring
Routenpunkt (Way);T;Czernyring;49.403534;8.67142;50.0;;;;;;Interpoliert;112.4;1.89;asphalt;secondary;Czernyring
Routenpunkt (Way);T;Czernyring;49.403614;8.671319;50.0;;;;;;Original OSM;112.6;2.05;asphalt;secondary;Czernyring
Routenpunkt (Way);T;Czernyring;49.403701;8.671221;50.0;;;;;;Interpoliert;112.9;1.34;asphalt;secondary;Czernyring
Routenpunkt (Way);T;Czernyring;49.403787;8.671123;50.0;;;;;;Original OSM;113.2;0.62;asphalt;secondary;Czernyring
Routenpunkt (Way);T;Czernyring;49.403864;8.671029;50.0;;;;;;Interpoliert;113.0;-0.05;asphalt;secondary;Czernyring
Routenpunkt (Way);T;Czernyring;49.403942;8.670935;50.0;;;;;;Original OSM;112.8;-0.88;asphalt;secondary;Czernyring
Routenpunkt (Way);T;Czernyring;49.404027;8.67083;50.0;;;;;;Interpoliert;112.6;-1.72;asphalt;secondary;Czernyring
Routenpunkt (Way);T;Czernyring;49.404113;8.670725;50.0;;;;;;Interpoliert;112.4;-1.68;asphalt;secondary;Czernyring
Routenpunkt (Way);T;Czernyring;49.404198;8.67062;50.0;;;;;;Interpoliert;112.2;-1.71;asphalt;secondary;Czernyring
Routenpunkt (Way);T;Czernyring;49.404283;8.670515;50.0;;;;;;Interpoliert;112.0;-1.77;asphalt;secondary;Czernyring
Routenpunkt (Way);T;;49.404355;8.670426;50.0;;;;;;Interpoliert (15m);111.8;-2.03;asphalt;secondary;Czernyring
Routenpunkt (Way);T;;49.404426;8.670337;50.0;;;;;;Interpoliert (15m);111.6;-2.25;asphalt;secondary;Czernyring
Routenpunkt (Way);T;Czernyring;49.404498;8.670248;50.0;;;;;;Original OSM;111.3;-2.29;asphalt;secondary;Czernyring
Routenpunkt (Way);T;;49.404573;8.670152;50.0;;;;;;Interpoliert (15m);111.0;-2.19;asphalt;secondary;Czernyring
Routenpunkt (Way);T;Czernyring;49.404648;8.670057;50.0;;;;;;Interpoliert;110.8;-2.08;asphalt;secondary;Czernyring
Routenpunkt (Way);T;Czernyring;49.404745;8.669938;50.0;;;;;;Original OSM;110.6;-1.78;asphalt;secondary;Czernyring
Routenpunkt (Way);T;Czernyring;49.404847;8.669824;50.0;;;;;;Interpoliert;110.4;-1.6;asphalt;secondary;Czernyring
Ampel;A;Ampel;49.40495;8.669711;50.0;;;;;;Original OSM;110.2;-0.68;asphalt;secondary;Czernyring
Routenpunkt (Way);T;;49.405045;8.669676;50.0;;;;;;Interpoliert (15m);110.0;0.04;asphalt;secondary;Czernyring
Routenpunkt (Way);T;Czernyring;49.40514;8.669641;50.0;;;;;;Original OSM;110.3;0.75;asphalt;secondary;Czernyring
Routenpunkt (Way);T;;49.405259;8.669711;50.0;;;;;;Interpoliert (15m);110.6;1.85;asphalt;secondary;Czernyring
Routenpunkt (Way);T;Czernyring;49.405377;8.669782;50.0;;;;;;Interpoliert;110.9;3.03;asphalt;secondary;Czernyring
Routenpunkt (Way);T;Czernyring;49.405486;8.669896;50.0;;;;;;Interpoliert;111.5;3.57;asphalt;secondary;Czernyring
Routenpunkt (Way);T;Czernyring;49.405596;8.67001;50.0;;;;;;Interpoliert;112.1;4.24;asphalt;secondary;Czernyring
Routenpunkt (Way);T;Czernyring;49.405705;8.670124;50.0;;;;;;Interpoliert;112.9;4.9;asphalt;secondary;Czernyring
Routenpunkt (Way);T;Czernyring;49.405815;8.670238;50.0;;;;;;Interpoliert;113.7;4.9;asphalt;secondary;Czernyring
Routenpunkt (Way);T;Czernyring;49.405924;8.670352;50.0;;;;;;Interpoliert;114.5;5.66;asphalt;secondary;Czernyring
Routenpunkt (Way);T;Czernyring;49.406033;8.670466;50.0;;;;;;Original OSM;115.1;4.83;asphalt;secondary;Czernyring
Routenpunkt (Way);T;;49.406084;8.670536;50.0;;;;;;Interpoliert (15m);115.7;3.9;asphalt;secondary;Czernyring
Routenpunkt (Way);T;Alte Eppelheimer Straße;49.406136;8.670606;50.0;;;;;;Original OSM;115.8;2.98;asphalt;secondary;Czernyring
Routenpunkt (Way);T;;49.406173;8.670767;50.0;;;;;;Interpoliert (15m);115.9;1.68;asphalt;secondary;Czernyring
Routenpunkt (Way);T;Alte Eppelheimer Straße;49.406211;8.670928;50.0;;;;;;Original OSM;116.0;-0.37;asphalt;secondary;Alte Eppelheimer Straße
Routenpunkt (Way);T;;49.406219;8.671042;50.0;;;;;;Interpoliert (15m);115.8;-0.64;asphalt;secondary;Alte Eppelheimer Straße
Routenpunkt (Way);T;Alte Eppelheimer Straße;49.406227;8.671157;50.0;;;;;;Original OSM;115.6;-0.8;asphalt;secondary;Alte Eppelheimer Straße
Haltestelle;W;Heidelberg, Czernybrücke;49.406227;8.671157;50.0;07:24:00;07:24:00;Kein Umlauf;Mo,Di,Mi,Do,Fr;446.0;Original GTFS (Snap-Distanz 68m) | Auf Route gesnappt (48m);115.4;-1.71;asphalt;secondary;Alte Eppelheimer Straße
Routenpunkt (Way);T;Alte Eppelheimer Straße;49.406227;8.671157;50.0;;;;;;Original OSM;115.0;-1.6;asphalt;secondary;Alte Eppelheimer Straße
Routenpunkt (Way);T;Alte Eppelheimer Straße;49.406206;8.671302;50.0;;;;;;Interpoliert;114.6;-1.44;asphalt;secondary;Alte Eppelheimer Straße
Routenpunkt (Way);T;Alte Eppelheimer Straße;49.406186;8.671446;50.0;;;;;;Interpoliert;114.4;-1.77;asphalt;secondary;Alte Eppelheimer Straße
Routenpunkt (Way);T;;49.406163;8.671614;50.0;;;;;;Interpoliert (15m);114.2;-2.5;asphalt;secondary;Alte Eppelheimer Straße
Routenpunkt (Way);T;Alte Eppelheimer Straße;49.406141;8.671781;50.0;;;;;;Interpoliert;114.0;-2.48;asphalt;secondary;Alte Eppelheimer Straße
Routenpunkt (Way);T;;49.406124;8.671892;50.0;;;;;;Interpoliert (15m);113.7;-2.55;asphalt;secondary;Alte Eppelheimer Straße
Routenpunkt (Way);T;Alte Eppelheimer Straße;49.406108;8.672003;50.0;;;;;;Interpoliert;113.4;-2.67;asphalt;secondary;Alte Eppelheimer Straße
Routenpunkt (Way);T;Alte Eppelheimer Straße;49.40608;8.672186;50.0;;;;;;Interpoliert;113.1;-3.27;asphalt;secondary;Alte Eppelheimer Straße
Routenpunkt (Way);T;Alte Eppelheimer Straße;49.406052;8.672369;50.0;;;;;;Original OSM;112.8;-3.45;asphalt;secondary;Alte Eppelheimer Straße
Routenpunkt (Way);T;Alte Eppelheimer Straße;49.40603;8.672515;50.0;;;;;;Original OSM;112.3;-2.72;asphalt;secondary;Alte Eppelheimer Straße
Ampel;A;Ampel;49.406016;8.672603;50.0;;;;;;Original OSM;112.0;-2.81;asphalt;secondary;Alte Eppelheimer Straße
Routenpunkt (Way);T;Kurfürsten-Anlage;49.406016;8.672603;50.0;;;;;;Original OSM;111.7;-2.96;asphalt;secondary;Alte Eppelheimer Straße
Routenpunkt (Way);T;Kurfürsten-Anlage;49.405915;8.672614;50.0;;;;;;Original OSM;111.4;-2.71;asphalt;secondary;Kurfürsten-Anlage
Routenpunkt (Way);T;Kurfürsten-Anlage;49.405826;8.672644;50.0;;;;;;Interpoliert;111.1;-2.24;asphalt;secondary;Kurfürsten-Anlage
Routenpunkt (Way);T;;49.405747;8.672666;50.0;;;;;;Interpoliert (15m);110.8;-2.72;asphalt;secondary;Kurfürsten-Anlage
Routenpunkt (Way);T;Kurfürsten-Anlage;49.405668;8.672688;50.0;;;;;;Original OSM;110.6;-2.66;asphalt;tertiary_link;Kurfürsten-Anlage
Routenpunkt (Way);T;;49.405593;8.672708;50.0;;;;;;Interpoliert (15m);110.4;-1.85;asphalt;tertiary_link;Kurfürsten-Anlage
Ampel;A;Ampel;49.405518;8.672728;50.0;;;;;;Original OSM;110.2;-0.6;asphalt;tertiary_link;Kurfürsten-Anlage
Routenpunkt (Way);T;Kurfürsten-Anlage;49.405494;8.672853;50.0;;;;;;Original OSM;110.3;0.43;asphalt;tertiary_link;Kurfürsten-Anlage
Routenpunkt (Way);T;;49.405469;8.67299;50.0;;;;;;Interpoliert (15m);110.6;1.31;asphalt;tertiary_link;
Routenpunkt (Way);T;Kurfürsten-Anlage;49.405445;8.673127;50.0;;;;;;Interpoliert;110.9;2.19;asphalt;tertiary_link;
Routenpunkt (Way);T;Kurfürsten-Anlage;49.405412;8.673327;50.0;;;;;;Interpoliert;111.2;2.7;asphalt;tertiary_link;
Routenpunkt (Way);T;Kurfürsten-Anlage;49.405378;8.673526;50.0;;;;;;Original OSM;111.5;2.72;asphalt;tertiary_link;
Routenpunkt (Way);T;Kurfürsten-Anlage;49.405355;8.673673;50.0;;;;;;Original OSM;111.9;2.85;asphalt;tertiary_link;
Routenpunkt (Way);T;Kurfürsten-Anlage;49.405324;8.67385;50.0;;;;;;Original OSM;112.3;3.21;asphalt;tertiary_link;
Routenpunkt (Way);T;Kurfürsten-Anlage;49.405299;8.674002;50.0;;;;;;Interpoliert;112.7;3.58;asphalt;tertiary_link;
Routenpunkt (Way);T;;49.405279;8.674143;50.0;;;;;;Interpoliert (15m);113.1;3.0;asphalt;tertiary_link;
Routenpunkt (Way);T;Kurfürsten-Anlage;49.40526;8.674283;50.0;;;;;;Original OSM;113.5;2.25;asphalt;tertiary_link;
Ampel;A;Ampel;49.405246;8.674459;50.0;;;;;;Original OSM;113.6;1.4;asphalt;tertiary_link;
Routenpunkt (Way);T;;49.405202;8.674636;50.0;;;;;;Interpoliert (15m);113.5;0.49;asphalt;tertiary_link;
Routenpunkt (Way);T;;49.405157;8.674812;50.0;;;;;;Interpoliert (15m);113.4;-0.43;asphalt;tertiary_link;
Routenpunkt (Way);T;Kurfürsten-Anlage;49.405112;8.674989;50.0;;;;;;Original OSM;113.3;-0.29;asphalt;tertiary_link;
Routenpunkt (Way);T;;49.405048;8.67515;50.0;;;;;;Interpoliert (15m);113.2;0.15;asphalt;tertiary_link;
Routenpunkt (Way);T;;49.404984;8.675311;50.0;;;;;;Interpoliert (15m);113.4;0.63;asphalt;tertiary_link;
Routenpunkt (Way);T;Unbekannt;49.404919;8.675472;50.0;;;;;;Interpoliert;113.6;1.06;asphalt;tertiary_link;
Routenpunkt (Way);T;Unbekannt;49.404879;8.675622;50.0;;;;;;Original OSM;113.8;2.33;asphalt;tertiary_link;
Routenpunkt (Way);T;Unbekannt;49.40484;8.675809;50.0;;;;;;Interpoliert;114.0;3.16;asphalt;tertiary_link;
Routenpunkt (Way);T;Unbekannt;49.4048;8.675997;50.0;;;;;;Interpoliert;114.8;4.27;asphalt;tertiary_link;
Routenpunkt (Way);T;Unbekannt;49.404761;8.676184;50.0;;;;;;Interpoliert;115.6;5.52;asphalt;tertiary_link;
Routenpunkt (Way);T;Unbekannt;49.404722;8.676372;50.0;;;;;;Interpoliert;116.6;6.76;asphalt;tertiary_link;
Haltestelle;W;Heidelberg, Hauptbahnhof;49.404696;8.676541;50.0;07:26:00;07:26:00;Kein Umlauf;Mo,Di,Mi,Do,Fr;446.0;Original GTFS (Snap-Distanz 1m) | Auf Route gesnappt (1m);117.6;6.85;asphalt;tertiary_link;
Routenpunkt (Way);T;;49.404654;8.676711;50.0;;;;;;Interpoliert (15m);118.6;6.34;asphalt;tertiary_link;
Routenpunkt (Way);T;;49.404612;8.676881;50.0;;;;;;Interpoliert (15m);119.4;5.54;asphalt;tertiary_link;
Routenpunkt (Way);T;;49.40457;8.677051;50.0;;;;;;Interpoliert (15m);119.8;4.5;asphalt;tertiary_link;
Routenpunkt (Way);T;Unbekannt;49.404527;8.677221;50.0;;;;;;Original OSM;120.2;3.25;asphalt;tertiary_link;
Routenpunkt (Way);T;;49.404507;8.67742;50.0;;;;;;Interpoliert (15m);120.6;1.49;asphalt;tertiary_link;
Routenpunkt (Way);T;;49.404486;8.67762;50.0;;;;;;Interpoliert (15m);120.8;0.33;asphalt;tertiary_link;
Routenpunkt (Way);T;;49.404466;8.677819;50.0;;;;;;Interpoliert (15m);120.4;-0.82;asphalt;tertiary_link;
Routenpunkt (Way);T;;49.404445;8.678019;50.0;;;;;;Interpoliert (15m);120.0;-1.92;asphalt;tertiary_link;
Routenpunkt (Way);T;;49.404425;8.678218;50.0;;;;;;Interpoliert (15m);119.6;-3.02;asphalt;tertiary_link;
Routenpunkt (Way);T;Unbekannt;49.404404;8.678417;50.0;;;;;;Original OSM;119.2;-3.03;asphalt;tertiary_link;
Routenpunkt (Way);T;Unbekannt;49.404423;8.678614;50.0;;;;;;Interpoliert;118.6;-3.16;asphalt;tertiary_link;
Routenpunkt (Way);T;Unbekannt;49.404442;8.678812;50.0;;;;;;Original OSM;118.2;-3.3;asphalt;tertiary_link;
Routenpunkt (Way);T;Unbekannt;49.404465;8.67897;50.0;;;;;;Interpoliert;117.8;-3.05;asphalt;tertiary_link;
Routenpunkt (Way);T;Unbekannt;49.404488;8.679128;50.0;;;;;;Original OSM;117.4;-2.21;asphalt;tertiary_link;
Routenpunkt (Way);T;Unbekannt;49.40452;8.679309;50.0;;;;;;Interpoliert;117.2;-1.66;asphalt;tertiary_link;
Routenpunkt (Way);T;Unbekannt;49.404551;8.67949;50.0;;;;;;Original OSM;117.2;-0.98;asphalt;tertiary_link;
Routenpunkt (Way);T;Unbekannt;49.404587;8.679684;50.0;;;;;;Interpoliert;117.2;-0.57;asphalt;tertiary_link;
Routenpunkt (Way);T;Unbekannt;49.404622;8.679878;50.0;;;;;;Interpoliert;117.2;-0.55;asphalt;tertiary_link;
Routenpunkt (Way);T;Unbekannt;49.404657;8.680072;50.0;;;;;;Interpoliert;117.0;-0.55;asphalt;tertiary_link;
Routenpunkt (Way);T;Unbekannt;49.404693;8.680265;50.0;;;;;;Interpoliert;116.8;-0.55;asphalt;tertiary_link;
Routenpunkt (Way);T;Unbekannt;49.404728;8.680459;50.0;;;;;;Interpoliert;116.8;-0.55;asphalt;tertiary_link;
Routenpunkt (Way);T;Unbekannt;49.404764;8.680653;50.0;;;;;;Interpoliert;116.8;-0.41;asphalt;tertiary_link;
Routenpunkt (Way);T;Unbekannt;49.404799;8.680847;50.0;;;;;;Interpoliert;116.8;-0.56;asphalt;tertiary_link;
Routenpunkt (Way);T;;49.404832;8.681039;50.0;;;;;;Interpoliert (15m);116.7;-0.69;asphalt;tertiary_link;
Routenpunkt (Way);T;Unbekannt;49.404865;8.681232;50.0;;;;;;Original OSM;116.4;-0.82;asphalt;tertiary_link;
Routenpunkt (Way);T;;49.404897;8.681433;50.0;;;;;;Interpoliert (15m);116.3;-0.96;asphalt;tertiary_link;
Routenpunkt (Way);T;;49.404929;8.681634;50.0;;;;;;Interpoliert (15m);116.2;-0.67;asphalt;tertiary_link;
Routenpunkt (Way);T;Stadtwerke;49.404962;8.681835;50.0;;;;;;Interpoliert;116.1;0.19;asphalt;tertiary_link;
Routenpunkt (Way);T;;49.404997;8.682015;50.0;;;;;;Interpoliert (15m);116.2;0.76;asphalt;tertiary_link;
Routenpunkt (Way);T;;49.405033;8.682195;50.0;;;;;;Interpoliert (15m);116.5;0.9;asphalt;tertiary_link;
Routenpunkt (Way);T;Unbekannt;49.405068;8.682374;50.0;;;;;;Interpoliert;116.8;2.47;asphalt;tertiary_link;
Haltestelle;W;Heidelberg, Stadtwerke;49.405068;8.682374;50.0;07:27:00;07:27:00;Kein Umlauf;Mo,Di,Mi,Do,Fr;446.0;Original GTFS (Snap-Distanz 1m) | Auf Route gesnappt (1m);117.1;2.74;asphalt;tertiary_link;
Routenpunkt (Way);T;Stadtwerke;49.405067;8.682432;50.0;;;;;;Original OSM;117.4;2.73;asphalt;tertiary_link;
Routenpunkt (Way);T;Unbekannt;49.405091;8.682628;50.0;;;;;;Original OSM;117.7;2.44;asphalt;tertiary_link;
Routenpunkt (Way);T;Kurfürsten-Anlage;49.405052;8.682811;50.0;;;;;;Original OSM;118.0;2.59;asphalt;tertiary_link;
Routenpunkt (Way);T;Kurfürsten-Anlage;49.40508;8.682987;50.0;;;;;;Interpoliert;118.1;1.31;asphalt;tertiary_link;
Routenpunkt (Way);T;Kurfürsten-Anlage;49.405109;8.683164;50.0;;;;;;Original OSM;118.2;1.05;asphalt;tertiary_link;
Routenpunkt (Way);T;Kurfürsten-Anlage;49.405139;8.683334;50.0;;;;;;Interpoliert;118.3;0.13;asphalt;tertiary_link;
Routenpunkt (Way);T;Kurfürsten-Anlage;49.405168;8.683504;50.0;;;;;;Original OSM;118.4;-0.82;asphalt;tertiary_link;
Routenpunkt (Way);T;Kurfürsten-Anlage;49.405195;8.683667;50.0;;;;;;Original OSM;118.1;-1.54;asphalt;tertiary_link;
Ampel;A;Ampel;49.405202;8.683771;50.0;;;;;;Original OSM;117.8;-2.1;asphalt;tertiary_link;
Routenpunkt (Way);T;Kurfürsten-Anlage;49.405202;8.683916;50.0;;;;;;Original OSM;117.5;-2.57;asphalt;tertiary_link;
Ampel;A;Ampel;49.405184;8.68412;50.0;;;;;;Original OSM;117.2;-2.38;asphalt;tertiary_link;
Routenpunkt (Way);T;;49.405205;8.684298;50.0;;;;;;Interpoliert (15m);117.0;-1.89;asphalt;tertiary_link;
Routenpunkt (Way);T;;49.405226;8.684476;50.0;;;;;;Interpoliert (15m);116.8;-1.65;asphalt;tertiary_link;
Routenpunkt (Way);T;Kurfürsten-Anlage;49.405247;8.684654;50.0;;;;;;Original OSM;116.6;-1.57;asphalt;tertiary_link;
Routenpunkt (Way);T;;49.405324;8.684774;50.0;;;;;;Interpoliert (15m);116.4;-1.6;asphalt;tertiary_link;
Routenpunkt (Way);T;;49.405401;8.684893;50.0;;;;;;Interpoliert (15m);116.2;-0.47;asphalt;tertiary_link;
Routenpunkt (Way);T;;49.405478;8.685013;50.0;;;;;;Interpoliert (15m);116.0;0.66;asphalt;tertiary_link;
Routenpunkt (Way);T;;49.405555;8.685133;50.0;;;;;;Interpoliert (15m);116.5;2.08;asphalt;tertiary_link;
Ampel;A;Ampel;49.405631;8.685253;50.0;;;;;;Original OSM;117.0;2.96;asphalt;tertiary_link;
Routenpunkt (Way);T;Kurfürsten-Anlage;49.405682;8.685317;50.0;;;;;;Original OSM;117.4;3.85;asphalt;tertiary_link;
Routenpunkt (Way);T;;49.405768;8.685466;50.0;;;;;;Interpoliert (15m);117.8;3.58;asphalt;tertiary_link;
Routenpunkt (Way);T;;49.405854;8.685615;50.0;;;;;;Interpoliert (15m);118.2;3.32;asphalt;tertiary_link;
Routenpunkt (Way);T;;49.40594;8.685764;50.0;;;;;;Interpoliert (15m);118.6;2.51;asphalt;tertiary_link;
Routenpunkt (Way);T;Unbekannt;49.406026;8.685912;50.0;;;;;;Original OSM;119.0;2.24;asphalt;tertiary_link;
Routenpunkt (Way);T;;49.406069;8.686095;50.0;;;;;;Interpoliert (15m);119.2;1.97;asphalt;tertiary_link;
Routenpunkt (Way);T;;49.406113;8.686277;50.0;;;;;;Interpoliert (15m);119.4;0.76;asphalt;tertiary_link;
Haltestelle;W;Heidelberg, Stadtbücherei;49.406156;8.686459;50.0;07:29:00;07:29:00;Kein Umlauf;Mo,Di,Mi,Do,Fr;446.0;Original GTFS (Snap-Distanz 1m) | Auf Route gesnappt (1m);119.6;-0.27;asphalt;tertiary_link;
Routenpunkt (Way);T;Stadtbücherei;49.406161;8.686587;50.0;;;;;;Interpoliert;119.3;-0.84;asphalt;tertiary_link;
Routenpunkt (Way);T;Stadtbücherei;49.406199;8.686751;50.0;;;;;;Interpoliert;119.0;-1.42;asphalt;tertiary_link;
Routenpunkt (Way);T;;49.406234;8.686934;50.0;;;;;;Interpoliert (15m);118.8;-2.03;asphalt;tertiary_link;
Routenpunkt (Way);T;Unbekannt;49.40627;8.687118;50.0;;;;;;Original OSM;118.6;-1.71;asphalt;tertiary_link;
Routenpunkt (Way);T;;49.406299;8.687281;50.0;;;;;;Interpoliert (15m);118.4;-1.56;asphalt;tertiary_link;
Routenpunkt (Way);T;;49.406328;8.687443;50.0;;;;;;Interpoliert (15m);118.2;-1.75;asphalt;tertiary_link;
Routenpunkt (Way);T;Unbekannt;49.406357;8.687606;50.0;;;;;;Interpoliert;118.0;-1.94;asphalt;tertiary_link;
Routenpunkt (Way);T;Unbekannt;49.406387;8.687773;50.0;;;;;;Interpoliert;117.7;-2.11;asphalt;tertiary_link;
Routenpunkt (Way);T;Unbekannt;49.406416;8.68794;50.0;;;;;;Original OSM;117.4;-2.27;asphalt;tertiary_link;
Routenpunkt (Way);T;Unbekannt;49.406444;8.688103;50.0;;;;;;Interpoliert;117.1;-2.44;asphalt;tertiary_link;
Routenpunkt (Way);T;Unbekannt;49.406472;8.688266;50.0;;;;;;Interpoliert;116.8;-2.12;asphalt;tertiary_link;
Routenpunkt (Way);T;Unbekannt;49.406501;8.688428;50.0;;;;;;Interpoliert;116.5;-1.48;asphalt;tertiary_link;
Routenpunkt (Way);T;Unbekannt;49.406529;8.688591;50.0;;;;;;Interpoliert;116.4;-0.84;asphalt;tertiary_link;
Routenpunkt (Way);T;Unbekannt;49.406558;8.688754;50.0;;;;;;Original OSM;116.5;-0.2;asphalt;tertiary_link;
Routenpunkt (Way);T;Unbekannt;49.406589;8.688938;50.0;;;;;;Interpoliert;116.6;0.45;asphalt;tertiary_link;
Routenpunkt (Way);T;Unbekannt;49.406621;8.689122;50.0;;;;;;Original OSM;116.7;1.1;asphalt;tertiary_link;
Routenpunkt (Way);T;Unbekannt;49.406651;8.689287;50.0;;;;;;Interpoliert;116.8;1.37;asphalt;tertiary_link;
Routenpunkt (Way);T;Unbekannt;49.40668;8.689452;50.0;;;;;;Interpoliert;117.1;1.8;asphalt;tertiary_link;
Routenpunkt (Way);T;Unbekannt;49.406713;8.689636;50.0;;;;;;Original OSM;117.4;2.22;asphalt;tertiary_link;
Routenpunkt (Way);T;;49.406737;8.689777;50.0;;;;;;Interpoliert (15m);117.7;2.71;asphalt;tertiary_link;
Routenpunkt (Way);T;Unbekannt;49.406761;8.689917;50.0;;;;;;Original OSM;118.0;1.79;asphalt;tertiary_link;
Routenpunkt (Way);T;;49.406782;8.69004;50.0;;;;;;Interpoliert (15m);118.3;0.77;asphalt;tertiary_link;
Routenpunkt (Way);T;Unbekannt;49.406803;8.690163;50.0;;;;;;Interpoliert;118.1;-0.4;asphalt;tertiary_link;
Routenpunkt (Way);T;Unbekannt;49.406834;8.690344;50.0;;;;;;Interpoliert;117.7;-1.56;asphalt;tertiary_link;
Routenpunkt (Way);T;Unbekannt;49.406865;8.690524;50.0;;;;;;Interpoliert;117.3;-2.98;asphalt;tertiary_link;
Routenpunkt (Way);T;Unbekannt;49.406896;8.690705;50.0;;;;;;Interpoliert;116.9;-3.12;asphalt;tertiary_link;
Routenpunkt (Way);T;;49.406914;8.690846;50.0;;;;;;Interpoliert (15m);116.5;-3.02;asphalt;tertiary_link;
Routenpunkt (Way);T;Unbekannt;49.406932;8.690987;50.0;;;;;;Original OSM;116.2;-2.92;asphalt;tertiary_link;
Routenpunkt (Way);T;;49.40696;8.69115;50.0;;;;;;Interpoliert (15m);115.9;-2.82;asphalt;tertiary_link;
Routenpunkt (Way);T;;49.406987;8.691313;50.0;;;;;;Interpoliert (15m);115.6;-2.52;asphalt;tertiary_link;
Routenpunkt (Way);T;Unbekannt;49.407015;8.691476;50.0;;;;;;Interpoliert;115.3;-1.94;asphalt;tertiary_link;
Routenpunkt (Way);T;;49.407045;8.691648;50.0;;;;;;Interpoliert (15m);115.0;-1.45;asphalt;tertiary_link;
Routenpunkt (Way);T;;49.407075;8.69182;50.0;;;;;;Interpoliert (15m);115.0;-0.34;asphalt;tertiary_link;
Routenpunkt (Way);T;Unbekannt;49.407105;8.691992;50.0;;;;;;Interpoliert;115.0;0.77;asphalt;tertiary_link;
Routenpunkt (Way);T;;49.407126;8.692123;50.0;;;;;;Interpoliert (15m);115.3;1.87;asphalt;tertiary_link;
Routenpunkt (Way);T;Unbekannt;49.407146;8.692254;50.0;;;;;;Original OSM;115.6;2.85;asphalt;tertiary_link;
Haltestelle;W;Heidelberg, Seegarten;49.407176;8.692375;50.0;07:31:00;07:31:00;Kein Umlauf;Mo,Di,Mi,Do,Fr;446.0;Original GTFS (Snap-Distanz 3m) | Auf Route gesnappt (3m);115.9;3.84;asphalt;tertiary_link;
Routenpunkt (Way);T;;49.407242;8.692472;50.0;;;;;;Interpoliert (15m);116.4;4.2;asphalt;tertiary_link;
Routenpunkt (Way);T;;49.407308;8.692569;50.0;;;;;;Interpoliert (15m);116.9;4.34;asphalt;tertiary_link;
Routenpunkt (Way);T;Unbekannt;49.407374;8.692667;50.0;;;;;;Original OSM;117.4;4.46;asphalt;tertiary_link;
Routenpunkt (Way);T;;49.407493;8.692675;50.0;;;;;;Interpoliert (15m);117.9;4.23;asphalt;tertiary_link;
Routenpunkt (Way);T;;49.407612;8.692684;50.0;;;;;;Interpoliert (15m);118.4;4.0;asphalt;tertiary_link;
Routenpunkt (Way);T;;49.407731;8.692693;50.0;;;;;;Interpoliert (15m);118.9;3.48;asphalt;tertiary_link;
Routenpunkt (Way);T;Unbekannt;49.40785;8.692702;50.0;;;;;;Interpoliert;119.4;4.33;asphalt;tertiary_link;
Routenpunkt (Way);T;;49.407928;8.692686;50.0;;;;;;Interpoliert (15m);119.6;4.6;asphalt;tertiary_link;
Routenpunkt (Way);T;Unbekannt;49.408006;8.69267;50.0;;;;;;Original OSM;120.3;4.78;asphalt;tertiary_link;
Routenpunkt (Way);T;Unbekannt;49.408128;8.692645;50.0;;;;;;Interpoliert;121.0;4.95;asphalt;tertiary_link;
Routenpunkt (Way);T;Unbekannt;49.408224;8.692626;50.0;;;;;;Interpoliert;121.5;5.25;asphalt;tertiary_link;
Routenpunkt (Way);T;Unbekannt;49.408319;8.692606;50.0;;;;;;Original OSM;122.0;4.4;asphalt;tertiary_link;
Routenpunkt (Way);T;Unbekannt;49.408436;8.692581;50.0;;;;;;Interpoliert;122.5;4.3;asphalt;tertiary_link;
Routenpunkt (Way);T;Unbekannt;49.408554;8.692556;50.0;;;;;;Original OSM;123.0;4.28;asphalt;tertiary_link;
Routenpunkt (Way);T;;49.408652;8.692556;50.0;;;;;;Interpoliert (15m);123.5;3.35;asphalt;tertiary_link;
Routenpunkt (Way);T;;49.40875;8.692556;50.0;;;;;;Interpoliert (15m);124.0;2.59;asphalt;tertiary_link;
Routenpunkt (Way);T;Unbekannt;49.408848;8.692556;50.0;;;;;;Original OSM;124.0;0.92;asphalt;tertiary_link;
Routenpunkt (Way);T;;49.408935;8.692627;50.0;;;;;;Interpoliert (15m);124.0;-0.92;asphalt;tertiary_link;
Routenpunkt (Way);T;;49.409022;8.692697;50.0;;;;;;Interpoliert (15m);123.5;-2.88;asphalt;tertiary_link;
Routenpunkt (Way);T;Unbekannt;49.409109;8.692768;50.0;;;;;;Original OSM;123.0;-3.92;asphalt;tertiary_link;
Routenpunkt (Way);T;;49.409171;8.69286;50.0;;;;;;Interpoliert (15m);122.5;-4.76;asphalt;tertiary_link;
Routenpunkt (Way);T;Unbekannt;49.409233;8.692951;50.0;;;;;;Original OSM;122.0;-4.69;asphalt;tertiary_link;
Routenpunkt (Way);T;;49.409324;8.693038;50.0;;;;;;Interpoliert (15m);121.5;-4.92;asphalt;tertiary_link;
Routenpunkt (Way);T;Unbekannt;49.409414;8.693124;50.0;;;;;;Original OSM;121.0;-5.02;asphalt;tertiary_link;
Routenpunkt (Way);T;;49.409486;8.693174;50.0;;;;;;Interpoliert (15m);120.5;-3.97;asphalt;tertiary_link;
Routenpunkt (Way);T;Unbekannt;49.409557;8.693225;50.0;;;;;;Original OSM;120.0;-3.69;asphalt;tertiary_link;
Haltestelle;W;Heidelberg, Bismarckplatz;49.409557;8.693225;50.0;07:33:00;07:34:00;Kein Umlauf;Mo,Di,Mi,Do,Fr;446.0;Original GTFS (Snap-Distanz 2m) | Auf Route gesnappt (2m);120.0;-3.41;asphalt;tertiary_link;
Routenpunkt (Way);T;;49.409651;8.693256;50.0;;;;;;Interpoliert (15m);119.7;-2.83;asphalt;tertiary_link;
Routenpunkt (Way);T;;49.409745;8.693288;50.0;;;;;;Interpoliert (15m);119.4;-2.12;asphalt;tertiary_link;
Routenpunkt (Way);T;Unbekannt;49.409838;8.693319;50.0;;;;;;Original OSM;119.1;-2.55;asphalt;tertiary_link;
Routenpunkt (Way);T;;49.409963;8.693319;50.0;;;;;;Interpoliert (15m);118.8;-2.42;asphalt;tertiary_link;
Routenpunkt (Way);T;;49.410088;8.693319;50.0;;;;;;Interpoliert (15m);118.5;-2.28;asphalt;tertiary_link;
Routenpunkt (Way);T;Sofienstraße;49.410213;8.693319;30.0;;;;;;Original OSM;118.2;-3.12;asphalt;tertiary_link;
Routenpunkt (Way);T;Sofienstraße;49.410337;8.69327;30.0;;;;;;Interpoliert;117.9;-4.09;asphalt;tertiary_link;
Routenpunkt (Way);T;Sofienstraße;49.410462;8.69322;30.0;;;;;;Interpoliert;116.9;-5.06;asphalt;tertiary_link;
Routenpunkt (Way);T;Sofienstraße;49.410586;8.69317;30.0;;;;;;Interpoliert;115.9;-5.81;asphalt;tertiary_link;
Routenpunkt (Way);T;Sofienstraße;49.41071;8.693121;30.0;;;;;;Original OSM;114.9;-6.57;asphalt;tertiary_link;
Routenpunkt (Way);T;Sofienstraße;49.410812;8.693076;30.0;;;;;;Interpoliert;114.2;-6.35;asphalt;tertiary_link;
Routenpunkt (Way);T;Sofienstraße;49.410915;8.693032;30.0;;;;;;Interpoliert;113.5;-5.99;asphalt;tertiary_link;
Routenpunkt (Way);T;Sofienstraße;49.411017;8.692988;30.0;;;;;;Original OSM;112.8;-6.35;asphalt;tertiary_link;
Ampel;A;Ampel;49.411133;8.692937;30.0;;;;;;Original OSM;112.1;-7.18;asphalt;tertiary_link;
Routenpunkt (Way);T;;49.411204;8.692918;30.0;;;;;;Interpoliert (15m);111.4;-7.48;asphalt;tertiary_link;
Routenpunkt (Way);T;Sofienstraße;49.411274;8.6929;30.0;;;;;;Original OSM;110.6;-6.48;asphalt;tertiary_link;
Routenpunkt (Way);T;;49.411371;8.692888;30.0;;;;;;Interpoliert (15m);109.8;-5.63;asphalt;tertiary_link;
Routenpunkt (Way);T;;49.411468;8.692875;30.0;;;;;;Interpoliert (15m);109.7;-4.02;asphalt;tertiary_link;
Routenpunkt (Way);T;Theodor-Heuss-Brücke;49.411564;8.692863;30.0;;;;;;Original OSM;109.6;-2.17;asphalt;tertiary_link;
Routenpunkt (Way);T;;49.411678;8.692838;30.0;;;;;;Interpoliert (15m);109.5;-0.83;asphalt;tertiary_link;
Routenpunkt (Way);T;Theodor-Heuss-Brücke;49.411791;8.692813;50.0;;;;;;Interpoliert;109.4;-0.21;asphalt;tertiary_link;
Routenpunkt (Way);T;Theodor-Heuss-Brücke;49.411915;8.69278;50.0;;;;;;Interpoliert;109.3;0.37;asphalt;tertiary_link;
Routenpunkt (Way);T;Theodor-Heuss-Brücke;49.412039;8.692747;50.0;;;;;;Original OSM;109.6;0.93;asphalt;tertiary_link;
Routenpunkt (Way);T;Theodor-Heuss-Brücke;49.412171;8.692712;50.0;;;;;;Interpoliert;109.9;1.62;asphalt;tertiary_link;
Routenpunkt (Way);T;Theodor-Heuss-Brücke;49.412304;8.692677;50.0;;;;;;Interpoliert;110.2;2.17;asphalt;tertiary_link;
Routenpunkt (Way);T;Theodor-Heuss-Brücke;49.412436;8.692641;50.0;;;;;;Interpoliert;110.6;2.14;asphalt;tertiary_link;
Routenpunkt (Way);T;Theodor-Heuss-Brücke;49.412568;8.692606;50.0;;;;;;Interpoliert;110.9;2.94;asphalt;tertiary_link;
Routenpunkt (Way);T;Theodor-Heuss-Brücke;49.412701;8.692571;50.0;;;;;;Interpoliert;111.2;3.75;asphalt;tertiary_link;
Routenpunkt (Way);T;Theodor-Heuss-Brücke;49.412833;8.692536;50.0;;;;;;Interpoliert;112.1;4.42;asphalt;tertiary_link;
Routenpunkt (Way);T;Theodor-Heuss-Brücke;49.412966;8.692501;50.0;;;;;;Interpoliert;113.0;5.22;asphalt;tertiary_link;
Routenpunkt (Way);T;Theodor-Heuss-Brücke;49.413098;8.692465;50.0;;;;;;Interpoliert;113.9;5.49;asphalt;tertiary_link;
Routenpunkt (Way);T;Theodor-Heuss-Brücke;49.413231;8.69243;50.0;;;;;;Interpoliert;114.8;4.95;asphalt;tertiary_link;
Routenpunkt (Way);T;Theodor-Heuss-Brücke;49.413363;8.692395;50.0;;;;;;Interpoliert;115.3;4.69;asphalt;tertiary_link;
Routenpunkt (Way);T;Brückenstraße;49.413495;8.69236;50.0;;;;;;Original OSM;115.8;4.42;asphalt;tertiary_link;
Routenpunkt (Way);T;Brückenstraße;49.413586;8.692312;50.0;;;;;;Interpoliert;116.3;4.35;asphalt;tertiary_link;
Routenpunkt (Way);T;Brückenstraße;49.413677;8.692265;50.0;;;;;;Original OSM;116.8;5.46;asphalt;tertiary_link;
Routenpunkt (Way);T;Brückenstraße;49.413768;8.692222;50.0;;;;;;Original OSM;117.4;10.09;asphalt;tertiary_link;
Ampel;A;Ampel;49.413849;8.692218;30.0;;;;;;Original OSM;118.2;9.66;asphalt;tertiary_link;
Routenpunkt (Way);T;Brückenkopfstraße;49.413849;8.692228;30.0;;;;;;Original OSM;118.4;9.23;asphalt;tertiary_link;
Routenpunkt (Way);T;;49.413856;8.692337;30.0;;;;;;Interpoliert (15m);118.6;8.42;asphalt;tertiary_link;
Routenpunkt (Way);T;Brückenkopfstraße;49.413863;8.692445;30.0;;;;;;Original OSM;118.8;6.64;asphalt;tertiary_link;
Routenpunkt (Way);T;Brückenkopfstraße;49.413865;8.692616;30.0;;;;;;Interpoliert;119.0;1.34;asphalt;tertiary_link;
Routenpunkt (Way);T;Brückenkopfstraße;49.413865;8.692765;30.0;;;;;;Interpoliert;119.0;0.83;asphalt;tertiary_link;
Routenpunkt (Way);T;Brückenkopfstraße;49.413865;8.692914;30.0;;;;;;Original OSM;119.0;0.32;asphalt;tertiary_link;
Routenpunkt (Way);T;Brückenkopfstraße;49.413865;8.693057;30.0;;;;;;Original OSM;119.0;0.0;asphalt;tertiary_link;
Routenpunkt (Way);T;;49.413862;8.693205;30.0;;;;;;Interpoliert (15m);119.0;-0.39;asphalt;tertiary_link;
Routenpunkt (Way);T;Brückenkopfstraße;49.413859;8.693352;30.0;;;;;;Original OSM;119.0;-0.78;asphalt;tertiary_link;
Routenpunkt (Way);T;;49.413843;8.693492;30.0;;;;;;Interpoliert (15m);118.8;-1.07;asphalt;tertiary_link;
Routenpunkt (Way);T;Neuenheimer Landstraße;49.413827;8.693633;30.0;;;;;;Original OSM;118.6;-1.36;asphalt;tertiary_link;
Routenpunkt (Way);T;Neuenheimer Landstraße;49.4138;8.693819;30.0;;;;;;Interpoliert;118.4;-1.84;asphalt;tertiary_link;
Routenpunkt (Way);T;Neuenheimer Landstraße;49.413773;8.694005;30.0;;;;;;Interpoliert;118.2;-1.45;asphalt;tertiary_link;
Routenpunkt (Way);T;;49.413757;8.694118;30.0;;;;;;Interpoliert (15m);118.0;-1.06;asphalt;tertiary_link;
Routenpunkt (Way);T;Neuenheimer Landstraße;49.413741;8.69423;30.0;;;;;;Original OSM;118.0;0.02;asphalt;tertiary_link;
Haltestelle;W;Neuenheim, Bergstraße;49.413736;8.694268;30.0;07:36:00;07:36:00;Kein Umlauf;Mo,Di,Mi,Do,Fr;446.0;Original GTFS (Snap-Distanz 2m) | Auf Route gesnappt (2m);118.0;1.11;asphalt;tertiary_link;
Routenpunkt (Way);T;Neuenheimer Landstraße;49.413711;8.694438;30.0;;;;;;Interpoliert;118.5;2.38;asphalt;tertiary_link;
Routenpunkt (Way);T;Neuenheimer Landstraße;49.413687;8.694608;30.0;;;;;;Interpoliert;119.0;3.18;asphalt;tertiary_link;
Routenpunkt (Way);T;Neuenheimer Landstraße;49.413662;8.694777;30.0;;;;;;Interpoliert;119.5;3.88;asphalt;tertiary_link;
Routenpunkt (Way);T;Neuenheimer Landstraße;49.413637;8.694947;30.0;;;;;;Interpoliert;120.0;4.2;asphalt;tertiary_link;
Routenpunkt (Way);T;;49.413617;8.695143;30.0;;;;;;Interpoliert (15m);120.5;4.52;asphalt;tertiary_link;
Routenpunkt (Way);T;;49.413596;8.695338;30.0;;;;;;Interpoliert (15m);121.3;5.15;asphalt;tertiary_link;
Routenpunkt (Way);T;Neuenheimer Landstraße;49.413576;8.695534;30.0;;;;;;Original OSM;122.1;5.77;asphalt;tertiary_link;
Routenpunkt (Way);T;;49.413548;8.695683;30.0;;;;;;Interpoliert (15m);122.9;6.6;asphalt;tertiary_link;
Ampel;A;Ampel;49.413521;8.695833;30.0;;;;;;Original OSM;123.7;6.25;asphalt;tertiary_link;
Routenpunkt (Way);T;;49.413545;8.69601;30.0;;;;;;Interpoliert (15m);124.7;5.81;asphalt;tertiary_link;
Routenpunkt (Way);T;Uferstraße;49.413569;8.696187;30.0;;;;;;Original OSM;125.2;5.06;asphalt;tertiary_link;
Routenpunkt (Way);T;;49.413573;8.696392;30.0;;;;;;Interpoliert (15m);125.7;5.26;asphalt;tertiary_link;
Routenpunkt (Way);T;;49.413578;8.696597;30.0;;;;;;Interpoliert (15m);126.2;5.44;asphalt;tertiary_link;
Routenpunkt (Way);T;Neuenheimer Landstraße;49.413583;8.696802;30.0;;;;;;Interpoliert;127.4;5.95;asphalt;tertiary_link;
Routenpunkt (Way);T;Neuenheimer Landstraße;49.413581;8.696996;30.0;;;;;;Interpoliert;128.6;6.56;asphalt;tertiary_link;
Routenpunkt (Way);T;Neuenheimer Landstraße;49.41358;8.697191;30.0;;;;;;Interpoliert;129.5;7.17;asphalt;tertiary_link;
Routenpunkt (Way);T;Neuenheimer Landstraße;49.413578;8.697385;30.0;;;;;;Interpoliert;130.4;7.25;asphalt;tertiary_link;
Routenpunkt (Way);T;Neuenheimer Landstraße;49.413576;8.697579;30.0;;;;;;Interpoliert;131.3;6.97;asphalt;tertiary_link;
Routenpunkt (Way);T;Neuenheimer Landstraße;49.413575;8.697774;30.0;;;;;;Interpoliert;132.5;8.17;asphalt;tertiary_link;
Routenpunkt (Way);T;Neuenheimer Landstraße;49.413573;8.697968;30.0;;;;;;Original OSM;133.5;9.37;asphalt;tertiary_link;
Routenpunkt (Way);T;;49.413575;8.698079;30.0;;;;;;Interpoliert (15m);134.5;9.85;asphalt;tertiary_link;
Routenpunkt (Way);T;Neuenheimer Landstraße;49.413577;8.698191;30.0;;;;;;Original OSM;135.5;8.14;asphalt;tertiary_link;
Routenpunkt (Way);T;;49.413587;8.698347;30.0;;;;;;Interpoliert (15m);136.5;6.72;asphalt;tertiary_link;
Routenpunkt (Way);T;Neuenheimer Landstraße;49.413598;8.698503;30.0;;;;;;Original OSM;136.5;4.24;asphalt;tertiary_link;
Routenpunkt (Way);T;Neuenheimer Landstraße;49.413618;8.698702;30.0;;;;;;Interpoliert;136.5;1.76;asphalt;tertiary_link;
Routenpunkt (Way);T;Neuenheimer Landstraße;49.413634;8.698846;30.0;;;;;;Original OSM;136.5;0.0;asphalt;tertiary_link;
Routenpunkt (Way);T;Neuenheimer Landstraße;49.413654;8.699017;30.0;;;;;;Interpoliert;136.5;-1.43;asphalt;tertiary_link;
Routenpunkt (Way);T;Neuenheimer Landstraße;49.413674;8.699188;30.0;;;;;;Interpoliert;136.5;-2.87;asphalt;tertiary_link;
Routenpunkt (Way);T;Neuenheimer Landstraße;49.413694;8.699358;30.0;;;;;;Interpoliert;135.6;-4.19;asphalt;tertiary_link;
Routenpunkt (Way);T;Neuenheimer Landstraße;49.413715;8.699529;30.0;;;;;;Original OSM;134.7;-5.52;asphalt;tertiary_link;
Routenpunkt (Way);T;Neuenheimer Landstraße;49.413746;8.699711;30.0;;;;;;Interpoliert;133.8;-7.12;asphalt;tertiary_link;
Routenpunkt (Way);T;Neuenheimer Landstraße;49.413777;8.699892;30.0;;;;;;Original OSM;132.9;-6.75;asphalt;tertiary_link;
Routenpunkt (Way);T;Neuenheimer Landstraße;49.413809;8.70004;30.0;;;;;;Interpoliert;132.0;-8.34;asphalt;tertiary_link;
Routenpunkt (Way);T;Neuenheimer Landstraße;49.413841;8.700187;30.0;;;;;;Interpoliert;131.4;-10.35;asphalt;tertiary_link;
Routenpunkt (Way);T;Neuenheimer Landstraße;49.413872;8.700335;30.0;;;;;;Interpoliert;129.7;-12.36;asphalt;tertiary_link;
Routenpunkt (Way);T;;49.4139;8.700469;30.0;;;;;;Interpoliert (15m);128.0;-14.09;asphalt;tertiary_link;
Routenpunkt (Way);T;;49.413928;8.700604;30.0;;;;;;Interpoliert (15m);126.3;-14.59;asphalt;tertiary_link;
Routenpunkt (Way);T;Neuenheimer Landstraße;49.413956;8.700738;30.0;;;;;;Original OSM;124.6;-13.57;asphalt;tertiary_link;
Routenpunkt (Way);T;;49.413989;8.700925;30.0;;;;;;Interpoliert (15m);123.5;-5.26;asphalt;tertiary_link;
Routenpunkt (Way);T;Neuenheimer Landstraße;49.414023;8.701111;30.0;;;;;;Interpoliert;122.1;1.74;asphalt;tertiary_link;
Routenpunkt (Way);T;Neuenheimer Landstraße;49.414047;8.70125;30.0;;;;;;Interpoliert;124.7;8.76;asphalt;tertiary_link;
Routenpunkt (Way);T;Neuenheimer Landstraße;49.414081;8.70144;30.0;;;;;;Original OSM;127.3;15.36;asphalt;tertiary_link;
Routenpunkt (Way);T;Neuenheimer Landstraße;49.414122;8.701624;30.0;;;;;;Interpoliert;129.9;20.58;asphalt;tertiary_link;
Routenpunkt (Way);T;Neuenheimer Landstraße;49.414153;8.701759;30.0;;;;;;Original OSM;132.5;18.82;asphalt;tertiary_link;
Routenpunkt (Way);T;Neuenheimer Landstraße;49.414196;8.701936;30.0;;;;;;Interpoliert;134.7;18.11;asphalt;tertiary_link;
Routenpunkt (Way);T;Neuenheimer Landstraße;49.414238;8.702114;30.0;;;;;;Original OSM;136.9;17.37;asphalt;tertiary_link;
Routenpunkt (Way);T;Neuenheimer Landstraße;49.414285;8.702307;30.0;;;;;;Interpoliert;139.1;14.09;asphalt;tertiary_link;
Routenpunkt (Way);T;Neuenheimer Landstraße;49.414332;8.702499;30.0;;;;;;Interpoliert;141.3;13.26;asphalt;tertiary_link;
Routenpunkt (Way);T;Neuenheimer Landstraße;49.414379;8.702692;30.0;;;;;;Original OSM;142.6;6.73;asphalt;tertiary_link;
Routenpunkt (Way);T;Neuenheimer Landstraße;49.414417;8.702868;30.0;;;;;;Original OSM;144.2;0.47;asphalt;tertiary_link;
Routenpunkt (Way);T;Neuenheimer Landstraße;49.414449;8.703062;30.0;;;;;;Interpoliert;141.8;-5.79;asphalt;tertiary_link;
Routenpunkt (Way);T;Neuenheimer Landstraße;49.414481;8.703257;30.0;;;;;;Interpoliert;139.4;-13.55;asphalt;tertiary_link;
Routenpunkt (Way);T;Neuenheimer Landstraße;49.414514;8.703451;30.0;;;;;;Original OSM;137.0;-18.54;asphalt;tertiary_link;
Routenpunkt (Way);T;Neuenheimer Landstraße;49.414539;8.703593;30.0;;;;;;Original OSM;133.8;-17.83;asphalt;tertiary_link;
Routenpunkt (Way);T;Neuenheimer Landstraße;49.41457;8.703768;30.0;;;;;;Interpoliert;132.1;-17.7;asphalt;tertiary_link;
Routenpunkt (Way);T;Neuenheimer Landstraße;49.4146;8.703942;30.0;;;;;;Interpoliert;130.4;-17.57;asphalt;tertiary_link;
Routenpunkt (Way);T;;49.414624;8.704086;30.0;;;;;;Interpoliert (15m);128.7;-13.0;asphalt;tertiary_link;
Routenpunkt (Way);T;Neuenheimer Landstraße;49.414647;8.704229;30.0;;;;;;Original OSM;127.0;-12.58;asphalt;tertiary_link;
Routenpunkt (Way);T;;49.414666;8.704379;30.0;;;;;;Interpoliert (15m);126.2;-12.12;asphalt;tertiary_link;
Routenpunkt (Way);T;Neuenheimer Landstraße;49.414684;8.704529;30.0;;;;;;Original OSM;125.0;-11.09;asphalt;tertiary_link;
Routenpunkt (Way);T;Neuenheimer Landstraße;49.414705;8.70468;30.0;;;;;;Interpoliert;123.8;-9.94;asphalt;tertiary_link;
Routenpunkt (Way);T;Neuenheimer Landstraße;49.414726;8.704832;30.0;;;;;;Original OSM;122.6;-9.16;asphalt;tertiary_link;
Routenpunkt (Way);T;Neuenheimer Landstraße;49.414755;8.70499;30.0;;;;;;Interpoliert;121.4;-7.82;asphalt;tertiary_link;
Routenpunkt (Way);T;Neuenheimer Landstraße;49.414783;8.705147;30.0;;;;;;Interpoliert;121.0;-6.47;asphalt;tertiary_link;
Routenpunkt (Way);T;Neuenheimer Landstraße;49.414812;8.705305;30.0;;;;;;Original OSM;120.5;-5.11;asphalt;tertiary_link;
Routenpunkt (Way);T;Neuenheimer Landstraße;49.414843;8.705475;30.0;;;;;;Interpoliert;120.0;2.13;asphalt;tertiary_link;
Routenpunkt (Way);T;Neuenheimer Landstraße;49.414874;8.705644;30.0;;;;;;Interpoliert;119.5;8.03;asphalt;tertiary_link;
Routenpunkt (Way);T;;49.414895;8.705756;30.0;;;;;;Interpoliert (15m);121.7;13.08;asphalt;tertiary_link;
Routenpunkt (Way);T;Neuenheimer Landstraße;49.414916;8.705868;30.0;;;;;;Original OSM;123.9;17.29;asphalt;tertiary_link;
Ampel;A;Ampel;49.414949;8.706031;30.0;;;;;;Original OSM;126.5;21.5;asphalt;tertiary_link;
Routenpunkt (Way);T;Neuenheimer Landstraße;49.414977;8.706179;30.0;;;;;;Interpoliert;128.4;20.05;asphalt;tertiary_link;
Routenpunkt (Way);T;Neuenheimer Landstraße;49.415004;8.706326;30.0;;;;;;Original OSM;130.3;18.6;asphalt;tertiary_link;
Routenpunkt (Way);T;Neuenheimer Landstraße;49.415025;8.706462;30.0;;;;;;Interpoliert;132.2;16.75;asphalt;tertiary_link;
Routenpunkt (Way);T;Neuenheimer Landstraße;49.415046;8.706597;30.0;;;;;;Original OSM;134.1;15.91;asphalt;tertiary_link;
Routenpunkt (Way);T;Neuenheimer Landstraße;49.415064;8.706782;30.0;;;;;;Original OSM;135.7;14.88;asphalt;tertiary_link;
Routenpunkt (Way);T;Neuenheimer Landstraße;49.415077;8.706952;30.0;;;;;;Original OSM;137.3;9.47;asphalt;tertiary_link;
Routenpunkt (Way);T;Neuenheimer Landstraße;49.415091;8.707136;30.0;;;;;;Interpoliert;138.9;4.06;asphalt;tertiary_link;
Routenpunkt (Way);T;Neuenheimer Landstraße;49.415104;8.70732;30.0;;;;;;Interpoliert;137.8;-0.85;asphalt;tertiary_link;
Routenpunkt (Way);T;Neuenheimer Landstraße;49.415118;8.707504;30.0;;;;;;Interpoliert;136.7;-4.92;asphalt;tertiary_link;
Routenpunkt (Way);T;Neuenheimer Landstraße;49.415132;8.707688;30.0;;;;;;Interpoliert;135.0;-8.8;asphalt;tertiary_link;
Routenpunkt (Way);T;Neuenheimer Landstraße;49.415146;8.707873;30.0;;;;;;Interpoliert;134.0;-8.74;asphalt;tertiary_link;
Routenpunkt (Way);T;Neuenheimer Landstraße;49.415159;8.708057;30.0;;;;;;Original OSM;133.0;-8.67;asphalt;tertiary_link;
Routenpunkt (Way);T;Neuenheimer Landstraße;49.415172;8.708231;30.0;;;;;;Interpoliert;132.0;-7.08;asphalt;tertiary_link;
Routenpunkt (Way);T;Neuenheimer Landstraße;49.415185;8.708405;30.0;;;;;;Interpoliert;131.0;-6.69;asphalt;tertiary_link;
Routenpunkt (Way);T;Neuenheimer Landstraße;49.415198;8.70858;30.0;;;;;;Interpoliert;130.4;-6.43;asphalt;tertiary_link;
Routenpunkt (Way);T;Neuenheimer Landstraße;49.415211;8.708754;30.0;;;;;;Interpoliert;129.7;-5.79;asphalt;tertiary_link;
Routenpunkt (Way);T;Alte Brücke Nord;49.415208;8.708911;30.0;;;;;;Original OSM;129.0;-12.37;asphalt;tertiary_link;
Routenpunkt (Way);T;Neuenheimer Landstraße;49.415224;8.709116;30.0;;;;;;Original OSM;128.3;-11.69;asphalt;tertiary_link;
Haltestelle;W;Neuenheim, Alte Brücke Nord;49.41521;8.709125;30.0;07:39:00;07:39:00;Kein Umlauf;Mo,Di,Mi,Do,Fr;446.0;Original GTFS (Snap-Distanz 4m) | Auf Route gesnappt (4m);127.6;-11.12;asphalt;tertiary_link;
Routenpunkt (Way);T;Neuenheimer Landstraße;49.415246;8.709213;30.0;;;;;;Original OSM;127.5;-10.7;asphalt;tertiary_link;
Ampel;A;Ampel;49.415252;8.709265;30.0;;;;;;Original OSM;127.4;-10.57;asphalt;tertiary_link;
Routenpunkt (Way);T;;49.415266;8.709399;30.0;;;;;;Interpoliert (15m);127.0;-3.06;asphalt;tertiary_link;
Routenpunkt (Way);T;Neuenheimer Landstraße;49.415279;8.709534;30.0;;;;;;Interpoliert;126.6;-3.45;asphalt;tertiary_link;
Routenpunkt (Way);T;;49.4153;8.709702;30.0;;;;;;Interpoliert (15m);126.2;-3.5;asphalt;tertiary_link;
Routenpunkt (Way);T;Ziegelhäuser Landstraße;49.415321;8.70987;30.0;;;;;;Interpoliert;125.8;-3.46;asphalt;tertiary_link;
Routenpunkt (Way);T;;49.415337;8.710011;30.0;;;;;;Interpoliert (15m);125.5;-3.35;asphalt;tertiary_link;
Routenpunkt (Way);T;Ziegelhäuser Landstraße;49.415353;8.710152;30.0;;;;;;Original OSM;125.1;-3.4;asphalt;tertiary_link;
Routenpunkt (Way);T;;49.415366;8.710308;30.0;;;;;;Interpoliert (15m);124.7;-3.35;asphalt;tertiary_link;
Routenpunkt (Way);T;Ziegelhäuser Landstraße;49.415379;8.710465;30.0;;;;;;Original OSM;124.3;-3.37;asphalt;tertiary_link;
Routenpunkt (Way);T;Ziegelhäuser Landstraße;49.41539;8.710648;30.0;;;;;;Original OSM;123.9;-2.45;asphalt;tertiary_link;
Routenpunkt (Way);T;Ziegelhäuser Landstraße;49.4154;8.710835;30.0;;;;;;Interpoliert;123.5;-1.6;asphalt;tertiary_link;
Routenpunkt (Way);T;Ziegelhäuser Landstraße;49.41541;8.711021;30.0;;;;;;Original OSM;123.6;-0.75;asphalt;tertiary_link;
Routenpunkt (Way);T;Ziegelhäuser Landstraße;49.415419;8.711206;30.0;;;;;;Interpoliert;123.7;0.0;asphalt;tertiary_link;
Routenpunkt (Way);T;Ziegelhäuser Landstraße;49.415428;8.711392;30.0;;;;;;Interpoliert;123.8;0.74;asphalt;tertiary_link;
Routenpunkt (Way);T;Ziegelhäuser Landstraße;49.415437;8.711577;30.0;;;;;;Interpoliert;123.9;0.42;asphalt;tertiary_link;
Routenpunkt (Way);T;Ziegelhäuser Landstraße;49.415447;8.711762;30.0;;;;;;Interpoliert;124.0;0.09;asphalt;tertiary_link;
Routenpunkt (Way);T;;49.415454;8.711916;30.0;;;;;;Interpoliert (15m);123.9;-0.24;asphalt;tertiary_link;
Routenpunkt (Way);T;Ziegelhäuser Landstraße;49.415462;8.712069;30.0;;;;;;Original OSM;123.8;-0.57;asphalt;tertiary_link;
Routenpunkt (Way);T;;49.41547;8.712222;30.0;;;;;;Interpoliert (15m);123.7;-0.87;asphalt;tertiary_link;
Routenpunkt (Way);T;Ziegelhäuser Landstraße;49.415477;8.712376;30.0;;;;;;Interpoliert;123.6;-1.58;asphalt;tertiary_link;
Routenpunkt (Way);T;Ziegelhäuser Landstraße;49.415487;8.712561;30.0;;;;;;Interpoliert;123.5;-2.24;asphalt;tertiary_link;
Routenpunkt (Way);T;Ziegelhäuser Landstraße;49.415496;8.712747;30.0;;;;;;Original OSM;122.9;-3.09;asphalt;tertiary_link;
Routenpunkt (Way);T;Ziegelhäuser Landstraße;49.415506;8.712943;30.0;;;;;;Original OSM;122.3;-3.94;asphalt;tertiary_link;
Routenpunkt (Way);T;Ziegelhäuser Landstraße;49.415518;8.713103;30.0;;;;;;Interpoliert;121.7;-4.82;asphalt;tertiary_link;
Routenpunkt (Way);T;Ziegelhäuser Landstraße;49.41553;8.713264;30.0;;;;;;Interpoliert;121.1;-4.81;asphalt;tertiary_link;
Routenpunkt (Way);T;Ziegelhäuser Landstraße;49.415542;8.713424;30.0;;;;;;Original OSM;120.5;-4.85;asphalt;tertiary_link;
Routenpunkt (Way);T;Ziegelhäuser Landstraße;49.415558;8.713579;30.0;;;;;;Interpoliert;120.0;-4.7;asphalt;tertiary_link;
Routenpunkt (Way);T;Ziegelhäuser Landstraße;49.415573;8.713734;30.0;;;;;;Interpoliert;119.5;-4.55;asphalt;tertiary_link;
Routenpunkt (Way);T;Ziegelhäuser Landstraße;49.415588;8.713889;30.0;;;;;;Interpoliert;119.0;-4.52;asphalt;tertiary_link;
Routenpunkt (Way);T;Ziegelhäuser Landstraße;49.415603;8.714044;30.0;;;;;;Original OSM;118.5;-4.04;asphalt;tertiary_link;
Routenpunkt (Way);T;Ziegelhäuser Landstraße;49.415616;8.714181;30.0;;;;;;Interpoliert;118.0;-3.62;asphalt;tertiary_link;
Routenpunkt (Way);T;Ziegelhäuser Landstraße;49.41563;8.714318;30.0;;;;;;Original OSM;117.8;-3.29;asphalt;tertiary_link;
Routenpunkt (Way);T;Ziegelhäuser Landstraße;49.41565;8.714498;30.0;;;;;;Interpoliert;117.5;-2.97;asphalt;tertiary_link;
Routenpunkt (Way);T;;49.415668;8.714644;30.0;;;;;;Interpoliert (15m);117.2;-0.06;asphalt;tertiary_link;
Routenpunkt (Way);T;Ziegelhäuser Landstraße;49.415687;8.714791;30.0;;;;;;Original OSM;116.9;2.59;asphalt;tertiary_link;
Routenpunkt (Way);T;;49.415717;8.714944;30.0;;;;;;Interpoliert (15m);118.0;4.4;asphalt;tertiary_link;
Routenpunkt (Way);T;Ziegelhäuser Landstraße;49.415746;8.715097;30.0;;;;;;Interpoliert;119.3;6.4;asphalt;tertiary_link;
Routenpunkt (Way);T;Ziegelhäuser Landstraße;49.415788;8.715291;30.0;;;;;;Original OSM;120.3;8.78;asphalt;tertiary_link;
Routenpunkt (Way);T;Ziegelhäuser Landstraße;49.415827;8.715472;30.0;;;;;;Interpoliert;121.3;8.69;asphalt;tertiary_link;
Routenpunkt (Way);T;;49.415861;8.715615;30.0;;;;;;Interpoliert (15m);122.3;7.81;asphalt;tertiary_link;
Routenpunkt (Way);T;Ziegelhäuser Landstraße;49.415894;8.715758;30.0;;;;;;Original OSM;123.3;7.96;asphalt;tertiary_link;
Routenpunkt (Way);T;;49.415953;8.715938;30.0;;;;;;Interpoliert (15m);124.3;7.78;asphalt;tertiary_link;
Routenpunkt (Way);T;Ziegelhäuser Landstraße;49.416013;8.716118;30.0;;;;;;Original OSM;125.4;5.96;asphalt;tertiary_link;
Ampel;A;Ampel;49.416065;8.716273;30.0;;;;;;Original OSM;126.2;3.07;asphalt;tertiary_link;
Routenpunkt (Way);T;Ziegelhäuser Landstraße;49.416065;8.716273;30.0;;;;;;Original OSM;127.0;0.62;asphalt;tertiary_link;
Routenpunkt (Way);T;;49.416106;8.716413;30.0;;;;;;Interpoliert (15m);126.4;-1.43;asphalt;tertiary_link;
Routenpunkt (Way);T;;49.416146;8.716554;30.0;;;;;;Interpoliert (15m);125.8;-3.56;asphalt;tertiary_link;
Routenpunkt (Way);T;Ziegelhäuser Landstraße;49.416187;8.716694;30.0;;;;;;Interpoliert;125.5;-4.36;asphalt;tertiary_link;
Haltestelle;W;Neuenheim, Hirschgasse;49.416224;8.716772;30.0;07:41:00;07:41:00;Kein Umlauf;Mo,Di,Mi,Do,Fr;446.0;Original GTFS (Snap-Distanz 0m) | Auf Route gesnappt (0m);125.2;-5.29;asphalt;tertiary_link;
Routenpunkt (Way);T;Ziegelhäuser Landstraße;49.416238;8.716874;30.0;;;;;;Original OSM;124.9;-6.21;asphalt;tertiary_link;
Routenpunkt (Way);T;;49.416274;8.716969;30.0;;;;;;Interpoliert (15m);124.1;-6.78;asphalt;tertiary_link;
Routenpunkt (Way);T;Ziegelhäuser Landstraße;49.41631;8.717065;30.0;;;;;;Interpoliert;123.3;-6.83;asphalt;tertiary_link;
Routenpunkt (Way);T;Ziegelhäuser Landstraße;49.416364;8.717245;30.0;;;;;;Interpoliert;122.5;-6.94;asphalt;tertiary_link;
Routenpunkt (Way);T;;49.416405;8.717384;30.0;;;;;;Interpoliert (15m);122.0;-5.91;asphalt;tertiary_link;
Routenpunkt (Way);T;Ziegelhäuser Landstraße;49.416446;8.717523;30.0;;;;;;Original OSM;121.5;0.22;asphalt;tertiary_link;
Routenpunkt (Way);T;;49.416483;8.717652;30.0;;;;;;Interpoliert (15m);121.0;4.63;asphalt;tertiary_link;
Routenpunkt (Way);T;Ziegelhäuser Landstraße;49.41652;8.717781;30.0;;;;;;Interpoliert;123.1;8.84;asphalt;tertiary_link;
Routenpunkt (Way);T;Ziegelhäuser Landstraße;49.416567;8.717941;30.0;;;;;;Interpoliert;125.2;13.35;asphalt;tertiary_link;
Routenpunkt (Way);T;Ziegelhäuser Landstraße;49.416613;8.718102;30.0;;;;;;Original OSM;127.3;18.8;asphalt;tertiary_link;
Routenpunkt (Way);T;Ziegelhäuser Landstraße;49.416653;8.718251;30.0;;;;;;Interpoliert;129.4;18.11;asphalt;tertiary_link;
Routenpunkt (Way);T;Ziegelhäuser Landstraße;49.416692;8.7184;30.0;;;;;;Interpoliert;132.0;18.24;asphalt;tertiary_link;
Routenpunkt (Way);T;Ziegelhäuser Landstraße;49.416732;8.718549;30.0;;;;;;Interpoliert;134.0;17.76;asphalt;tertiary_link;
Routenpunkt (Way);T;Ziegelhäuser Landstraße;49.416771;8.718698;30.0;;;;;;Original OSM;136.0;16.98;asphalt;tertiary_link;
Routenpunkt (Way);T;Ziegelhäuser Landstraße;49.416812;8.718884;30.0;;;;;;Interpoliert;138.0;15.34;asphalt;tertiary_link;
Routenpunkt (Way);T;Ziegelhäuser Landstraße;49.416853;8.71907;30.0;;;;;;Interpoliert;140.0;10.35;asphalt;tertiary_link;
Routenpunkt (Way);T;Ziegelhäuser Landstraße;49.416894;8.719255;30.0;;;;;;Interpoliert;142.0;5.36;asphalt;tertiary_link;
Routenpunkt (Way);T;Ziegelhäuser Landstraße;49.416935;8.719441;30.0;;;;;;Interpoliert;140.9;0.87;asphalt;tertiary_link;
Routenpunkt (Way);T;Ziegelhäuser Landstraße;49.416975;8.719626;30.0;;;;;;Original OSM;139.8;-3.62;asphalt;tertiary_link;
Routenpunkt (Way);T;Ziegelhäuser Landstraße;49.417008;8.719802;30.0;;;;;;Interpoliert;138.7;-9.17;asphalt;tertiary_link;
Routenpunkt (Way);T;Ziegelhäuser Landstraße;49.41704;8.719977;30.0;;;;;;Interpoliert;137.6;-9.43;asphalt;tertiary_link;
Routenpunkt (Way);T;Ziegelhäuser Landstraße;49.417073;8.720153;30.0;;;;;;Interpoliert;135.8;-9.7;asphalt;tertiary_link;
Routenpunkt (Way);T;Ziegelhäuser Landstraße;49.417105;8.720329;30.0;;;;;;Interpoliert;134.6;-9.85;asphalt;tertiary_link;
Routenpunkt (Way);T;Ziegelhäuser Landstraße;49.417137;8.720504;30.0;;;;;;Interpoliert;133.4;-10.0;asphalt;tertiary_link;
Routenpunkt (Way);T;Ziegelhäuser Landstraße;49.41717;8.72068;30.0;;;;;;Interpoliert;132.2;-9.54;asphalt;tertiary_link;
Routenpunkt (Way);T;Ziegelhäuser Landstraße;49.417202;8.720855;30.0;;;;;;Original OSM;131.0;-9.7;asphalt;tertiary_link;
Routenpunkt (Way);T;Ziegelhäuser Landstraße;49.41723;8.720995;30.0;;;;;;Interpoliert;129.8;-10.94;asphalt;tertiary_link;
Routenpunkt (Way);T;Ziegelhäuser Landstraße;49.417268;8.721182;30.0;;;;;;Original OSM;128.4;-4.98;asphalt;tertiary_link;
Routenpunkt (Way);T;;49.417295;8.721301;30.0;;;;;;Interpoliert (15m);127.0;-0.58;asphalt;tertiary_link;
Routenpunkt (Way);T;Ziegelhäuser Landstraße;49.417323;8.72142;30.0;;;;;;Interpoliert;128.9;5.89;asphalt;tertiary_link;
Routenpunkt (Way);T;Ziegelhäuser Landstraße;49.417368;8.721612;30.0;;;;;;Original OSM;130.8;9.14;asphalt;tertiary_link;
Routenpunkt (Way);T;Ziegelhäuser Landstraße;49.417407;8.721772;30.0;;;;;;Interpoliert;133.4;13.46;asphalt;tertiary_link;
Routenpunkt (Way);T;;49.417461;8.721951;30.0;;;;;;Interpoliert (15m);134.3;10.59;asphalt;tertiary_link;
Routenpunkt (Way);T;Ziegelhäuser Landstraße;49.417514;8.722129;30.0;;;;;;Original OSM;135.2;9.29;asphalt;tertiary_link;
Routenpunkt (Way);T;;49.417589;8.722287;30.0;;;;;;Interpoliert (15m);136.1;6.63;asphalt;tertiary_link;
Routenpunkt (Way);T;Ziegelhäuser Landstraße;49.417664;8.722444;30.0;;;;;;Original OSM;137.0;8.12;asphalt;tertiary_link;
Routenpunkt (Way);T;Ziegelhäuser Landstraße;49.417731;8.722568;30.0;;;;;;Interpoliert;137.9;7.3;asphalt;tertiary_link;
Routenpunkt (Way);T;Ziegelhäuser Landstraße;49.417798;8.722692;30.0;;;;;;Original OSM;139.5;1.56;asphalt;tertiary_link;
Routenpunkt (Way);T;Ziegelhäuser Landstraße;49.417875;8.722834;30.0;;;;;;Interpoliert;139.8;-4.68;asphalt;tertiary_link;
Routenpunkt (Way);T;Ziegelhäuser Landstraße;49.417953;8.722976;30.0;;;;;;Original OSM;136.8;-3.91;asphalt;tertiary_link;
Routenpunkt (Way);T;Ziegelhäuser Landstraße;49.418022;8.723104;30.0;;;;;;Interpoliert;133.8;-1.54;asphalt;tertiary_link;
Routenpunkt (Way);T;Ziegelhäuser Landstraße;49.418092;8.723232;30.0;;;;;;Interpoliert;135.2;2.66;asphalt;tertiary_link;
Routenpunkt (Way);T;Ziegelhäuser Landstraße;49.418162;8.72336;30.0;;;;;;Original OSM;138.3;11.77;asphalt;tertiary_link;
Routenpunkt (Way);T;Ziegelhäuser Landstraße;49.418246;8.723492;30.0;;;;;;Interpoliert;141.4;17.18;asphalt;tertiary_link;
Routenpunkt (Way);T;Ziegelhäuser Landstraße;49.41833;8.723624;30.0;;;;;;Interpoliert;144.5;15.35;asphalt;tertiary_link;
Routenpunkt (Way);T;Ziegelhäuser Landstraße;49.418414;8.723756;30.0;;;;;;Original OSM;144.8;10.71;asphalt;tertiary_link;
Routenpunkt (Way);T;Ziegelhäuser Landstraße;49.418497;8.72387;30.0;;;;;;Interpoliert;145.1;8.66;asphalt;tertiary_link;
Routenpunkt (Way);T;Ziegelhäuser Landstraße;49.418579;8.723984;30.0;;;;;;Interpoliert;145.4;7.26;asphalt;tertiary_link;
Routenpunkt (Way);T;Ziegelhäuser Landstraße;49.418662;8.724099;30.0;;;;;;Interpoliert;147.0;10.05;asphalt;tertiary_link;
Routenpunkt (Way);T;;49.418728;8.72419;30.0;;;;;;Interpoliert (15m);148.6;11.7;asphalt;tertiary_link;
Routenpunkt (Way);T;Ziegelhäuser Landstraße;49.418794;8.724281;30.0;;;;;;Original OSM;150.2;13.34;asphalt;tertiary_link;
Routenpunkt (Way);T;;49.418881;8.724404;30.0;;;;;;Interpoliert (15m);151.6;8.94;asphalt;tertiary_link;
Routenpunkt (Way);T;Ziegelhäuser Landstraße;49.418968;8.724527;50.0;;;;;;Interpoliert;153.0;3.89;asphalt;tertiary_link;
Routenpunkt (Way);T;;49.41904;8.724633;50.0;;;;;;Interpoliert (15m);152.0;4.18;asphalt;tertiary_link;
Routenpunkt (Way);T;Ziegelhäuser Landstraße;49.419111;8.724739;50.0;;;;;;Original OSM;151.0;5.58;asphalt;tertiary_link;
Routenpunkt (Way);T;;49.419174;8.724841;50.0;;;;;;Interpoliert (15m);152.8;6.81;asphalt;tertiary_link;
Routenpunkt (Way);T;Ziegelhäuser Landstraße;49.419237;8.724943;50.0;;;;;;Original OSM;154.6;8.06;asphalt;tertiary_link;
Routenpunkt (Way);T;;49.419295;8.725063;50.0;;;;;;Interpoliert (15m);156.4;9.3;asphalt;tertiary_link;
Routenpunkt (Way);T;;49.419352;8.725182;50.0;;;;;;Interpoliert (15m);156.1;5.36;asphalt;tertiary_link;
Routenpunkt (Way);T;Ziegelhäuser Landstraße;49.41941;8.725301;50.0;;;;;;Original OSM;155.8;-4.29;asphalt;tertiary_link;
Routenpunkt (Way);T;;49.41947;8.725482;50.0;;;;;;Interpoliert (15m);155.5;-13.77;asphalt;tertiary_link;
Routenpunkt (Way);T;;49.41953;8.725663;50.0;;;;;;Interpoliert (15m);151.0;-17.65;asphalt;tertiary_link;
Routenpunkt (Way);T;In der Neckarhelle;49.41959;8.725844;50.0;;;;;;Original OSM;146.5;-21.53;asphalt;tertiary_link;
Routenpunkt (Way);T;;49.419624;8.725964;50.0;;;;;;Interpoliert (15m);144.4;-28.12;asphalt;tertiary_link;
Routenpunkt (Way);T;In der Neckarhelle;49.419658;8.726084;50.0;;;;;;Interpoliert;142.3;-28.99;asphalt;tertiary_link;
Routenpunkt (Way);T;In der Neckarhelle;49.419694;8.726215;50.0;;;;;;Interpoliert;138.7;-28.71;asphalt;tertiary_link;
Routenpunkt (Way);T;In der Neckarhelle;49.419729;8.726347;50.0;;;;;;Original OSM;135.1;-26.7;asphalt;tertiary_link;
Routenpunkt (Way);T;In der Neckarhelle;49.419768;8.726507;50.0;;;;;;Interpoliert;131.5;-25.21;asphalt;tertiary_link;
Routenpunkt (Way);T;In der Neckarhelle;49.419806;8.726666;50.0;;;;;;Original OSM;130.0;-21.16;asphalt;tertiary_link;
Routenpunkt (Way);T;;49.419834;8.7268;50.0;;;;;;Interpoliert (15m);128.5;-19.51;asphalt;tertiary_link;
Routenpunkt (Way);T;In der Neckarhelle;49.419862;8.726934;50.0;;;;;;Original OSM;127.0;-19.01;asphalt;tertiary_link;
Routenpunkt (Way);T;;49.419882;8.727049;50.0;;;;;;Interpoliert (15m);124.7;-21.1;asphalt;tertiary_link;
Routenpunkt (Way);T;In der Neckarhelle;49.419903;8.727164;50.0;;;;;;Interpoliert;122.4;-17.17;asphalt;tertiary_link;
Routenpunkt (Way);T;;49.419924;8.727301;50.0;;;;;;Interpoliert (15m);120.1;-10.29;asphalt;tertiary_link;
Routenpunkt (Way);T;;49.419945;8.727438;50.0;;;;;;Interpoliert (15m);120.6;-1.03;asphalt;tertiary_link;
Routenpunkt (Way);T;In der Neckarhelle;49.419965;8.727575;50.0;;;;;;Original OSM;122.6;6.67;asphalt;tertiary_link;
Routenpunkt (Way);T;;49.419982;8.727713;50.0;;;;;;Interpoliert (15m);124.6;13.55;asphalt;tertiary_link;
Routenpunkt (Way);T;;49.42;8.727852;50.0;;;;;;Interpoliert (15m);125.8;14.56;asphalt;tertiary_link;
Routenpunkt (Way);T;In der Neckarhelle;49.420017;8.72799;50.0;;;;;;Interpoliert;127.0;12.61;asphalt;tertiary_link;
Routenpunkt (Way);T;;49.420034;8.728154;50.0;;;;;;Interpoliert (15m);128.2;12.14;asphalt;tertiary_link;
Routenpunkt (Way);T;In der Neckarhelle;49.420052;8.728319;50.0;;;;;;Original OSM;129.4;12.21;asphalt;tertiary_link;
Routenpunkt (Way);T;;49.420067;8.728477;50.0;;;;;;Interpoliert (15m);131.4;12.42;asphalt;tertiary_link;
Routenpunkt (Way);T;In der Neckarhelle;49.420082;8.728636;50.0;;;;;;Interpoliert;132.8;7.86;asphalt;tertiary_link;
Routenpunkt (Way);T;;49.420095;8.728785;50.0;;;;;;Interpoliert (15m);134.2;3.64;asphalt;tertiary_link;
Routenpunkt (Way);T;In der Neckarhelle;49.420108;8.728935;50.0;;;;;;Original OSM;132.8;-4.31;asphalt;tertiary_link;
Haltestelle;W;Ziegelhausen, Haarlass;49.42012;8.729108;50.0;07:43:00;07:43:00;Kein Umlauf;Mo,Di,Mi,Do,Fr;446.0;Original GTFS (Snap-Distanz 4m) | Auf Route gesnappt (4m);131.4;-7.64;asphalt;tertiary_link;
Routenpunkt (Way);T;In der Neckarhelle;49.420126;8.729193;50.0;;;;;;Original OSM;130.0;-11.2;asphalt;tertiary_link;
Routenpunkt (Way);T;In der Neckarhelle;49.420137;8.729373;50.0;;;;;;Original OSM;129.4;-9.63;asphalt;tertiary_link;
Routenpunkt (Way);T;In der Neckarhelle;49.420147;8.729539;50.0;;;;;;Interpoliert;128.8;-8.46;asphalt;tertiary_link;
Routenpunkt (Way);T;In der Neckarhelle;49.420156;8.729706;50.0;;;;;;Original OSM;128.2;-5.02;asphalt;tertiary_link;
Routenpunkt (Way);T;;49.420162;8.729863;50.0;;;;;;Interpoliert (15m);127.6;-4.1;asphalt;tertiary_link;
Routenpunkt (Way);T;In der Neckarhelle;49.420167;8.73002;50.0;;;;;;Interpoliert;127.0;-2.61;asphalt;tertiary_link;
Routenpunkt (Way);T;In der Neckarhelle;49.420172;8.730177;50.0;;;;;;Original OSM;127.0;-1.05;asphalt;tertiary_link;
Routenpunkt (Way);T;In der Neckarhelle;49.420177;8.730345;50.0;;;;;;Original OSM;127.3;0.58;asphalt;tertiary_link;
Routenpunkt (Way);T;;49.420173;8.73049;50.0;;;;;;Interpoliert (15m);127.6;2.2;asphalt;tertiary_link;
Routenpunkt (Way);T;;49.42017;8.730635;50.0;;;;;;Interpoliert (15m);127.9;3.16;asphalt;tertiary_link;
Routenpunkt (Way);T;In der Neckarhelle;49.420166;8.730781;50.0;;;;;;Original OSM;128.2;3.62;asphalt;tertiary_link;
Routenpunkt (Way);T;;49.420149;8.730982;50.0;;;;;;Interpoliert (15m);128.9;4.1;asphalt;tertiary_link;
Routenpunkt (Way);T;In der Neckarhelle;49.420132;8.731183;50.0;;;;;;Interpoliert;129.6;1.43;asphalt;tertiary_link;
Routenpunkt (Way);T;In der Neckarhelle;49.42011;8.731365;50.0;;;;;;Interpoliert;130.3;-1.23;asphalt;tertiary_link;
Routenpunkt (Way);T;In der Neckarhelle;49.420088;8.731547;50.0;;;;;;Original OSM;128.9;-3.84;asphalt;tertiary_link;
Routenpunkt (Way);T;In der Neckarhelle;49.420063;8.731727;50.0;;;;;;Interpoliert;127.5;-7.28;asphalt;tertiary_link;
Routenpunkt (Way);T;In der Neckarhelle;49.420039;8.731908;50.0;;;;;;Original OSM;126.4;-10.81;asphalt;tertiary_link;
Routenpunkt (Way);T;In der Neckarhelle;49.420012;8.732058;50.0;;;;;;Interpoliert;125.0;-11.21;asphalt;tertiary_link;
Routenpunkt (Way);T;In der Neckarhelle;49.419986;8.732209;50.0;;;;;;Interpoliert;123.6;-11.59;asphalt;tertiary_link;
Routenpunkt (Way);T;In der Neckarhelle;49.41996;8.732359;50.0;;;;;;Interpoliert;122.2;-12.99;asphalt;tertiary_link;
Routenpunkt (Way);T;In der Neckarhelle;49.419933;8.732509;50.0;;;;;;Original OSM;120.8;-13.55;asphalt;tertiary_link;
Routenpunkt (Way);T;In der Neckarhelle;49.419904;8.732657;50.0;;;;;;Interpoliert;119.1;-13.64;asphalt;tertiary_link;
Routenpunkt (Way);T;In der Neckarhelle;49.419875;8.732804;50.0;;;;;;Original OSM;117.4;-10.54;asphalt;tertiary_link;
Routenpunkt (Way);T;In der Neckarhelle;49.419837;8.732978;50.0;;;;;;Interpoliert;115.7;-7.52;asphalt;tertiary_link;
Routenpunkt (Way);T;In der Neckarhelle;49.419799;8.733151;50.0;;;;;;Original OSM;116.1;-4.34;asphalt;tertiary_link;
Routenpunkt (Way);T;In der Neckarhelle;49.419752;8.733344;50.0;;;;;;Interpoliert;116.5;-0.56;asphalt;tertiary_link;
Routenpunkt (Way);T;In der Neckarhelle;49.419704;8.733536;50.0;;;;;;Original OSM;116.6;2.74;asphalt;tertiary_link;
Routenpunkt (Way);T;In der Neckarhelle;49.419671;8.733678;50.0;;;;;;Interpoliert;117.0;2.78;asphalt;tertiary_link;
Routenpunkt (Way);T;In der Neckarhelle;49.419637;8.73382;50.0;;;;;;Original OSM;117.4;2.89;asphalt;tertiary_link;
Routenpunkt (Way);T;In der Neckarhelle;49.419595;8.733979;50.0;;;;;;Interpoliert;117.8;3.24;asphalt;tertiary_link;
Routenpunkt (Way);T;In der Neckarhelle;49.419554;8.734139;50.0;;;;;;Interpoliert;118.2;3.31;asphalt;tertiary_link;
Routenpunkt (Way);T;In der Neckarhelle;49.419512;8.734298;50.0;;;;;;Interpoliert;118.5;3.27;asphalt;tertiary_link;
Routenpunkt (Way);T;In der Neckarhelle;49.41947;8.734458;50.0;;;;;;Original OSM;119.0;3.33;asphalt;tertiary_link;
Routenpunkt (Way);T;In der Neckarhelle;49.41942;8.73464;50.0;;;;;;Interpoliert;119.5;3.49;asphalt;tertiary_link;
Routenpunkt (Way);T;In der Neckarhelle;49.41937;8.734821;50.0;;;;;;Interpoliert;120.0;2.68;asphalt;tertiary_link;
Routenpunkt (Way);T;;49.419324;8.73498;50.0;;;;;;Interpoliert (15m);120.5;1.11;asphalt;tertiary_link;
Routenpunkt (Way);T;In der Neckarhelle;49.419278;8.735138;50.0;;;;;;Original OSM;120.3;-0.36;asphalt;tertiary_link;
Routenpunkt (Way);T;;49.419225;8.735297;50.0;;;;;;Interpoliert (15m);119.8;-1.07;asphalt;tertiary_link;
Routenpunkt (Way);T;In der Neckarhelle;49.419172;8.735457;50.0;;;;;;Original OSM;119.3;-3.76;asphalt;tertiary_link;
Haltestelle;W;Ziegelhausen, Stift Neuburg;49.419172;8.735457;50.0;07:44:00;07:44:00;Kein Umlauf;Mo,Di,Mi,Do,Fr;446.0;Original GTFS (Snap-Distanz 1m) | Auf Route gesnappt (1m);118.8;-6.69;asphalt;tertiary_link;
Routenpunkt (Way);T;Stift Neuburg;49.419126;8.735509;50.0;;;;;;Original OSM;118.2;-5.92;asphalt;tertiary_link;
Ampel;A;Ampel;49.419144;8.735552;50.0;;;;;;Original OSM;117.6;-6.49;asphalt;tertiary_link;
Routenpunkt (Way);T;In der Neckarhelle;49.419144;8.735552;50.0;;;;;;Original OSM;116.8;-7.83;asphalt;tertiary_link;
Routenpunkt (Way);T;In der Neckarhelle;49.419094;8.735698;50.0;;;;;;Interpoliert;116.0;-7.28;asphalt;tertiary_link;
Routenpunkt (Way);T;In der Neckarhelle;49.419045;8.735844;50.0;;;;;;Interpoliert;115.2;-4.2;asphalt;tertiary_link;
Routenpunkt (Way);T;In der Neckarhelle;49.418995;8.73599;50.0;;;;;;Interpoliert;114.4;-4.37;asphalt;tertiary_link;
Routenpunkt (Way);T;In der Neckarhelle;49.418946;8.736136;50.0;;;;;;Original OSM;114.3;-3.2;asphalt;tertiary_link;
Routenpunkt (Way);T;In der Neckarhelle;49.418899;8.736282;50.0;;;;;;Interpoliert;114.2;-2.02;asphalt;tertiary_link;
Routenpunkt (Way);T;In der Neckarhelle;49.418852;8.736427;50.0;;;;;;Interpoliert;114.1;-0.68;asphalt;tertiary_link;
Routenpunkt (Way);T;In der Neckarhelle;49.418804;8.736572;50.0;;;;;;Original OSM;114.0;-0.11;asphalt;tertiary_link;
Routenpunkt (Way);T;In der Neckarhelle;49.418745;8.736755;70.0;;;;;;Interpoliert;114.0;0.47;asphalt;tertiary_link;
Routenpunkt (Way);T;In der Neckarhelle;49.418685;8.736938;70.0;;;;;;Interpoliert;114.3;1.05;asphalt;tertiary_link;
Routenpunkt (Way);T;In der Neckarhelle;49.418625;8.737121;70.0;;;;;;Interpoliert;114.6;1.08;asphalt;tertiary_link;
Routenpunkt (Way);T;In der Neckarhelle;49.418566;8.737304;70.0;;;;;;Original OSM;114.9;0.52;asphalt;tertiary_link;
Routenpunkt (Way);T;In der Neckarhelle;49.418511;8.737484;70.0;;;;;;Interpoliert;114.8;-0.44;asphalt;tertiary_link;
Routenpunkt (Way);T;In der Neckarhelle;49.418455;8.737664;70.0;;;;;;Interpoliert;114.4;-1.4;asphalt;tertiary_link;
Routenpunkt (Way);T;In der Neckarhelle;49.4184;8.737844;70.0;;;;;;Interpoliert;114.0;-2.36;asphalt;tertiary_link;
Routenpunkt (Way);T;In der Neckarhelle;49.418345;8.738024;70.0;;;;;;Interpoliert;113.6;-2.76;asphalt;tertiary_link;
Routenpunkt (Way);T;In der Neckarhelle;49.41829;8.738204;70.0;;;;;;Original OSM;113.2;-2.61;asphalt;tertiary_link;
Routenpunkt (Way);T;In der Neckarhelle;49.418236;8.738392;70.0;;;;;;Interpoliert;112.8;-2.86;asphalt;tertiary_link;
Routenpunkt (Way);T;In der Neckarhelle;49.418181;8.73858;70.0;;;;;;Interpoliert;112.5;-3.11;asphalt;tertiary_link;
Routenpunkt (Way);T;In der Neckarhelle;49.418127;8.738768;70.0;;;;;;Interpoliert;111.9;-3.36;asphalt;tertiary_link;
Routenpunkt (Way);T;In der Neckarhelle;49.418073;8.738956;70.0;;;;;;Interpoliert;111.3;-2.68;asphalt;tertiary_link;
Routenpunkt (Way);T;In der Neckarhelle;49.418019;8.739145;70.0;;;;;;Original OSM;110.7;-1.74;asphalt;tertiary_link;
Routenpunkt (Way);T;In der Neckarhelle;49.417969;8.739332;70.0;;;;;;Interpoliert;110.8;-0.38;asphalt;tertiary_link;
Routenpunkt (Way);T;In der Neckarhelle;49.417919;8.73952;70.0;;;;;;Interpoliert;111.2;0.97;asphalt;tertiary_link;
Routenpunkt (Way);T;In der Neckarhelle;49.417869;8.739707;70.0;;;;;;Interpoliert;111.6;2.55;asphalt;tertiary_link;
Routenpunkt (Way);T;In der Neckarhelle;49.417819;8.739895;70.0;;;;;;Original OSM;112.0;4.57;asphalt;tertiary_link;
Routenpunkt (Way);T;In der Neckarhelle;49.417786;8.740027;70.0;;;;;;Interpoliert;112.4;5.97;asphalt;tertiary_link;
Routenpunkt (Way);T;In der Neckarhelle;49.417753;8.740159;70.0;;;;;;Interpoliert;113.5;6.79;asphalt;tertiary_link;
Routenpunkt (Way);T;In der Neckarhelle;49.417719;8.740291;70.0;;;;;;Original OSM;114.5;6.25;asphalt;tertiary_link;
Routenpunkt (Way);T;In der Neckarhelle;49.417674;8.740481;70.0;;;;;;Interpoliert;115.5;5.47;asphalt;tertiary_link;
Routenpunkt (Way);T;In der Neckarhelle;49.41763;8.740672;70.0;;;;;;Interpoliert;115.5;3.32;asphalt;tertiary_link;
Routenpunkt (Way);T;In der Neckarhelle;49.417585;8.740862;70.0;;;;;;Original OSM;115.5;1.37;asphalt;tertiary_link;
Routenpunkt (Way);T;In der Neckarhelle;49.41755;8.741024;70.0;;;;;;Interpoliert;115.5;0.0;asphalt;tertiary_link;
Routenpunkt (Way);T;In der Neckarhelle;49.417515;8.741186;70.0;;;;;;Interpoliert;115.5;0.0;asphalt;tertiary_link;
Routenpunkt (Way);T;In der Neckarhelle;49.41748;8.741347;70.0;;;;;;Original OSM;115.5;0.0;asphalt;tertiary_link;
Routenpunkt (Way);T;In der Neckarhelle;49.417447;8.741527;70.0;;;;;;Interpoliert;115.5;-1.04;asphalt;tertiary_link;
Routenpunkt (Way);T;In der Neckarhelle;49.417414;8.741706;70.0;;;;;;Interpoliert;115.5;-2.07;asphalt;tertiary_link;
Routenpunkt (Way);T;In der Neckarhelle;49.417381;8.741886;70.0;;;;;;Interpoliert;114.8;-3.11;asphalt;tertiary_link;
Routenpunkt (Way);T;In der Neckarhelle;49.417348;8.742065;70.0;;;;;;Interpoliert;114.1;-2.67;asphalt;tertiary_link;
Routenpunkt (Way);T;In der Neckarhelle;49.417315;8.742245;70.0;;;;;;Interpoliert;113.4;-2.37;asphalt;tertiary_link;
Routenpunkt (Way);T;In der Neckarhelle;49.417282;8.742424;70.0;;;;;;Interpoliert;113.7;-1.47;asphalt;tertiary_link;
Routenpunkt (Way);T;In der Neckarhelle;49.417249;8.742604;70.0;;;;;;Original OSM;113.9;-0.58;asphalt;tertiary_link;
Routenpunkt (Way);T;In der Neckarhelle;49.417214;8.742794;70.0;;;;;;Interpoliert;113.8;0.32;asphalt;tertiary_link;
Routenpunkt (Way);T;In der Neckarhelle;49.417179;8.742984;70.0;;;;;;Interpoliert;113.7;-0.26;asphalt;tertiary_link;
Routenpunkt (Way);T;In der Neckarhelle;49.417145;8.743174;70.0;;;;;;Interpoliert;113.6;-0.7;asphalt;tertiary_link;
Routenpunkt (Way);T;In der Neckarhelle;49.41711;8.743365;70.0;;;;;;Interpoliert;113.5;-0.7;asphalt;tertiary_link;
Routenpunkt (Way);T;In der Neckarhelle;49.417076;8.743555;70.0;;;;;;Interpoliert;113.4;2.61;asphalt;tertiary_link;
Routenpunkt (Way);T;In der Neckarhelle;49.417041;8.743745;30.0;;;;;;Original OSM;113.3;5.92;asphalt;tertiary_link;
Routenpunkt (Way);T;In der Neckarhelle;49.417159;8.743809;30.0;;;;;;Interpoliert;115.5;10.34;asphalt;tertiary_link;
Routenpunkt (Way);T;In der Neckarhelle;49.417276;8.743872;30.0;;;;;;Interpoliert;117.7;16.12;asphalt;tertiary_link;
Routenpunkt (Way);T;;49.417355;8.743948;30.0;;;;;;Interpoliert (15m);119.9;21.9;asphalt;tertiary_link;
Routenpunkt (Way);T;;49.417433;8.744023;30.0;;;;;;Interpoliert (15m);122.8;18.73;asphalt;tertiary_link;
Routenpunkt (Way);T;Stiftsmühle;49.417512;8.744098;30.0;;;;;;Original OSM;125.7;22.52;asphalt;tertiary_link;
Haltestelle;W;Ziegelhausen, Stiftsmühle;49.417512;8.744098;30.0;07:46:00;07:46:00;Kein Umlauf;Mo,Di,Mi,Do,Fr;446.0;Original GTFS (Snap-Distanz 5m) | Auf Route gesnappt (5m);128.6;25.21;asphalt;tertiary_link;
Routenpunkt (Way);T;;49.417577;8.744154;30.0;;;;;;Interpoliert (15m);131.5;24.61;asphalt;tertiary_link;
Routenpunkt (Way);T;In der Neckarhelle;49.417643;8.744209;30.0;;;;;;Original OSM;134.4;24.01;asphalt;tertiary_link;
Routenpunkt (Way);T;;49.417641;8.744401;30.0;;;;;;Interpoliert (15m);137.9;21.55;asphalt;tertiary_link;
Routenpunkt (Way);T;In der Neckarhelle;49.417638;8.744593;30.0;;;;;;Interpoliert;141.4;12.12;asphalt;tertiary_link;
Routenpunkt (Way);T;In der Neckarhelle;49.417608;8.74479;30.0;;;;;;Interpoliert;139.6;3.24;asphalt;tertiary_link;
Routenpunkt (Way);T;In der Neckarhelle;49.417577;8.744986;30.0;;;;;;Interpoliert;137.8;-4.54;asphalt;tertiary_link;
Routenpunkt (Way);T;In der Neckarhelle;49.417547;8.745183;30.0;;;;;;Interpoliert;136.4;-12.31;asphalt;tertiary_link;
Routenpunkt (Way);T;In der Neckarhelle;49.417516;8.74538;30.0;;;;;;Interpoliert;134.4;-12.58;asphalt;tertiary_link;
Routenpunkt (Way);T;In der Neckarhelle;49.417486;8.745576;30.0;;;;;;Interpoliert;132.4;-13.65;asphalt;tertiary_link;
Routenpunkt (Way);T;In der Neckarhelle;49.417455;8.745773;30.0;;;;;;Original OSM;130.4;-14.74;asphalt;tertiary_link;
Routenpunkt (Way);T;;49.417439;8.745928;30.0;;;;;;Interpoliert (15m);128.4;-16.8;asphalt;tertiary_link;
Routenpunkt (Way);T;In der Neckarhelle;49.417423;8.746082;30.0;;;;;;Original OSM;126.7;-18.86;asphalt;tertiary_link;
Routenpunkt (Way);T;;49.417416;8.746214;30.0;;;;;;Interpoliert (15m);124.4;-14.82;asphalt;tertiary_link;
Routenpunkt (Way);T;In der Neckarhelle;49.417409;8.746347;30.0;;;;;;Interpoliert;122.1;-10.24;asphalt;tertiary_link;
Routenpunkt (Way);T;In der Neckarhelle;49.417403;8.746495;30.0;;;;;;Original OSM;122.8;-7.09;asphalt;tertiary_link;
Routenpunkt (Way);T;In der Neckarhelle;49.4174;8.74668;30.0;;;;;;Interpoliert;123.5;-2.15;asphalt;tertiary_link;
Routenpunkt (Way);T;In der Neckarhelle;49.417398;8.746865;30.0;;;;;;Interpoliert;123.6;2.79;asphalt;tertiary_link;
Routenpunkt (Way);T;In der Neckarhelle;49.417395;8.74705;30.0;;;;;;Interpoliert;123.7;1.64;asphalt;tertiary_link;
Routenpunkt (Way);T;In der Neckarhelle;49.417393;8.747236;30.0;;;;;;Interpoliert;123.8;0.75;asphalt;tertiary_link;
Routenpunkt (Way);T;In der Neckarhelle;49.41739;8.747421;30.0;;;;;;Interpoliert;123.9;0.21;asphalt;tertiary_link;
Routenpunkt (Way);T;In der Neckarhelle;49.417388;8.747606;30.0;;;;;;Original OSM;124.0;0.55;asphalt;tertiary_link;
Routenpunkt (Way);T;In der Neckarhelle;49.417383;8.747748;30.0;;;;;;Interpoliert;123.8;2.89;asphalt;tertiary_link;
Routenpunkt (Way);T;In der Neckarhelle;49.417365;8.747916;30.0;;;;;;Interpoliert;124.1;3.66;asphalt;tertiary_link;
Haltestelle;W;Ziegelhausen, Neckarhelle;49.417352;8.747942;30.0;07:47:00;07:47:00;Kein Umlauf;Mo,Di,Mi,Do,Fr;446.0;Original GTFS (Snap-Distanz 3m) | Auf Route gesnappt (3m);124.4;4.0;asphalt;tertiary_link;
Routenpunkt (Way);T;Neckarhelle;49.417359;8.748032;30.0;;;;;;Original OSM;124.7;5.21;asphalt;tertiary_link;
Routenpunkt (Way);T;In der Neckarhelle;49.417367;8.748201;30.0;;;;;;Interpoliert;125.0;5.53;asphalt;tertiary_link;
Routenpunkt (Way);T;In der Neckarhelle;49.41736;8.748371;30.0;;;;;;Interpoliert;125.5;4.34;asphalt;tertiary_link;
Routenpunkt (Way);T;In der Neckarhelle;49.417353;8.74854;30.0;;;;;;Interpoliert;126.0;4.72;asphalt;tertiary_link;
Routenpunkt (Way);T;;49.417347;8.74871;30.0;;;;;;Interpoliert (15m);126.8;5.8;asphalt;tertiary_link;
Routenpunkt (Way);T;In der Neckarhelle;49.41734;8.74888;30.0;;;;;;Original OSM;127.6;6.55;asphalt;tertiary_link;
Routenpunkt (Way);T;In der Neckarhelle;49.417336;8.74902;30.0;;;;;;Interpoliert;128.4;6.13;asphalt;tertiary_link;
Routenpunkt (Way);T;In der Neckarhelle;49.417333;8.749161;30.0;;;;;;Interpoliert;129.2;5.1;asphalt;tertiary_link;
Routenpunkt (Way);T;In der Neckarhelle;49.417329;8.749302;30.0;;;;;;Original OSM;129.4;4.07;asphalt;tertiary_link;
Routenpunkt (Way);T;In der Neckarhelle;49.417319;8.749507;30.0;;;;;;Interpoliert;129.6;2.79;asphalt;tertiary_link;
Routenpunkt (Way);T;In der Neckarhelle;49.417309;8.749712;30.0;;;;;;Original OSM;129.8;1.81;asphalt;tertiary_link;
Routenpunkt (Way);T;In der Neckarhelle;49.417304;8.7499;30.0;;;;;;Interpoliert;130.0;2.0;asphalt;tertiary_link;
Routenpunkt (Way);T;In der Neckarhelle;49.417299;8.750089;30.0;;;;;;Interpoliert;130.4;1.88;asphalt;tertiary_link;
Routenpunkt (Way);T;In der Neckarhelle;49.417294;8.750278;30.0;;;;;;Interpoliert;130.8;1.74;asphalt;tertiary_link;
Routenpunkt (Way);T;In der Neckarhelle;49.417289;8.750467;30.0;;;;;;Original OSM;130.9;1.58;asphalt;tertiary_link;
Routenpunkt (Way);T;In der Neckarhelle;49.417276;8.750672;30.0;;;;;;Interpoliert;131.0;1.0;asphalt;tertiary_link;
Routenpunkt (Way);T;In der Neckarhelle;49.417263;8.750877;30.0;;;;;;Interpoliert;131.1;0.55;asphalt;tertiary_link;
Routenpunkt (Way);T;In der Neckarhelle;49.41725;8.751082;30.0;;;;;;Interpoliert;131.1;0.54;asphalt;tertiary_link;
Routenpunkt (Way);T;In der Neckarhelle;49.417237;8.751287;30.0;;;;;;Interpoliert;131.2;0.58;asphalt;tertiary_link;
Routenpunkt (Way);T;In der Neckarhelle;49.417224;8.751492;30.0;;;;;;Original OSM;131.3;0.63;asphalt;tertiary_link;
Routenpunkt (Way);T;;49.417229;8.751647;30.0;;;;;;Interpoliert (15m);131.4;-0.45;asphalt;tertiary_link;
Routenpunkt (Way);T;;49.417234;8.751802;30.0;;;;;;Interpoliert (15m);131.5;-1.58;asphalt;tertiary_link;
Routenpunkt (Way);T;In der Neckarhelle;49.417239;8.751957;30.0;;;;;;Original OSM;130.9;-2.71;asphalt;tertiary_link;
Routenpunkt (Way);T;;49.417263;8.752119;30.0;;;;;;Interpoliert (15m);130.3;-3.89;asphalt;tertiary_link;
Routenpunkt (Way);T;;49.417286;8.752281;30.0;;;;;;Interpoliert (15m);129.7;-5.13;asphalt;tertiary_link;
Routenpunkt (Way);T;In der Neckarhelle;49.417309;8.752444;30.0;;;;;;Interpoliert;129.1;-5.47;asphalt;tertiary_link;
Routenpunkt (Way);T;In der Neckarhelle;49.41734;8.752593;30.0;;;;;;Original OSM;128.5;5.39;asphalt;tertiary_link;
Haltestelle;W;Ziegelhausen, Neuer Weg;49.417316;8.752682;30.0;07:48:00;07:48:00;Kein Umlauf;Mo,Di,Mi,Do,Fr;446.0;Original GTFS (Snap-Distanz 1m) | Auf Route gesnappt (3m);128.0;12.83;asphalt;tertiary_link;
Routenpunkt (Way);T;Neuer Weg;49.417351;8.752774;30.0;;;;;;Original OSM;131.8;20.27;asphalt;tertiary_link;
Routenpunkt (Way);T;;49.41739;8.752878;30.0;;;;;;Interpoliert (15m);134.6;26.05;asphalt;tertiary_link;
Routenpunkt (Way);T;In der Neckarhelle;49.417429;8.752982;30.0;;;;;;Interpoliert;137.4;32.72;asphalt;tertiary_link;
Routenpunkt (Way);T;In der Neckarhelle;49.417465;8.753137;30.0;;;;;;Original OSM;140.2;28.1;asphalt;tertiary_link;
Routenpunkt (Way);T;In der Neckarhelle;49.417503;8.753301;30.0;;;;;;Interpoliert;143.5;24.68;asphalt;tertiary_link;
Routenpunkt (Way);T;In der Neckarhelle;49.417541;8.753464;30.0;;;;;;Interpoliert;146.8;21.27;asphalt;tertiary_link;
Routenpunkt (Way);T;In der Neckarhelle;49.417578;8.753628;30.0;;;;;;Interpoliert;148.7;19.56;asphalt;tertiary_link;
Routenpunkt (Way);T;In der Neckarhelle;49.417616;8.753792;30.0;;;;;;Interpoliert;150.6;17.12;asphalt;tertiary_link;
Routenpunkt (Way);T;In der Neckarhelle;49.417654;8.753956;30.0;;;;;;Original OSM;152.5;8.33;asphalt;tertiary_link;
Routenpunkt (Way);T;In der Neckarhelle;49.417693;8.754134;30.0;;;;;;Interpoliert;154.4;1.47;asphalt;tertiary_link;
Routenpunkt (Way);T;In der Neckarhelle;49.417731;8.754311;30.0;;;;;;Interpoliert;152.0;-6.08;asphalt;tertiary_link;
Routenpunkt (Way);T;In der Neckarhelle;49.41777;8.754489;30.0;;;;;;Interpoliert;149.4;-13.63;asphalt;tertiary_link;
Routenpunkt (Way);T;;49.417799;8.754641;30.0;;;;;;Interpoliert (15m);146.8;-21.78;asphalt;tertiary_link;
Routenpunkt (Way);T;In der Neckarhelle;49.417829;8.754793;30.0;;;;;;Original OSM;144.2;-23.58;asphalt;tertiary_link;
Routenpunkt (Way);T;;49.417848;8.754925;30.0;;;;;;Interpoliert (15m);141.6;-24.31;asphalt;tertiary_link;
Routenpunkt (Way);T;In der Neckarhelle;49.417867;8.755056;30.0;;;;;;Interpoliert;139.0;-23.28;asphalt;tertiary_link;
Routenpunkt (Way);T;In der Neckarhelle;49.417884;8.755192;30.0;;;;;;Original OSM;136.7;-21.94;asphalt;tertiary_link;
Routenpunkt (Way);T;In der Neckarhelle;49.417912;8.755369;30.0;;;;;;Interpoliert;134.4;-19.78;asphalt;tertiary_link;
Routenpunkt (Way);T;;49.417946;8.755562;30.0;;;;;;Interpoliert (15m);132.1;-18.97;asphalt;tertiary_link;
Routenpunkt (Way);T;In der Neckarhelle;49.41798;8.755754;30.0;;;;;;Original OSM;129.8;-16.56;asphalt;tertiary_link;
Routenpunkt (Way);T;;49.418013;8.755886;30.0;;;;;;Interpoliert (15m);127.5;-16.21;asphalt;tertiary_link;
Routenpunkt (Way);T;;49.418045;8.756017;30.0;;;;;;Interpoliert (15m);126.4;-14.74;asphalt;tertiary_link;
Routenpunkt (Way);T;In der Neckarhelle;49.418078;8.756148;30.0;;;;;;Original OSM;124.8;-13.2;asphalt;tertiary_link;
Routenpunkt (Way);T;In der Neckarhelle;49.41812;8.756296;30.0;;;;;;Original OSM;123.8;-10.32;asphalt;tertiary_link;
Routenpunkt (Way);T;;49.418185;8.756432;30.0;;;;;;Interpoliert (15m);122.8;-7.99;asphalt;tertiary_link;
Routenpunkt (Way);T;;49.418249;8.756568;30.0;;;;;;Interpoliert (15m);121.8;-4.69;asphalt;tertiary_link;
Routenpunkt (Way);T;In der Neckarhelle;49.418313;8.756704;30.0;;;;;;Original OSM;121.9;-2.82;asphalt;tertiary_link;
Routenpunkt (Way);T;;49.418414;8.7568;30.0;;;;;;Interpoliert (15m);122.0;-0.69;asphalt;tertiary_link;
Ampel;A;Ampel;49.418515;8.756895;30.0;;;;;;Original OSM;122.1;1.21;asphalt;tertiary_link;
Routenpunkt (Way);T;Peterstaler Straße;49.418552;8.756895;30.0;;;;;;Original OSM;122.2;1.29;asphalt;tertiary_link;
Routenpunkt (Way);T;;49.418624;8.756894;30.0;;;;;;Interpoliert (15m);122.3;2.35;asphalt;tertiary_link;
Routenpunkt (Way);T;Peterstaler Straße;49.418695;8.756894;30.0;;;;;;Interpoliert;122.4;2.37;asphalt;tertiary_link;
Routenpunkt (Way);T;;49.418799;8.756893;30.0;;;;;;Interpoliert (15m);123.1;2.09;asphalt;tertiary_link;
Routenpunkt (Way);T;Peterstaler Straße;49.418903;8.756892;30.0;;;;;;Original OSM;123.2;2.04;asphalt;tertiary_link;
Routenpunkt (Way);T;;49.418992;8.756891;30.0;;;;;;Interpoliert (15m);123.3;1.98;asphalt;tertiary_link;
Routenpunkt (Way);T;Peterstaler Straße;49.419081;8.75689;30.0;;;;;;Interpoliert;123.4;1.11;asphalt;tertiary_link;
Routenpunkt (Way);T;Peterstaler Straße;49.419175;8.75689;30.0;;;;;;Original OSM;123.5;1.13;asphalt;tertiary_link;
Haltestelle;W;Ziegelhausen, Neckarschule;49.419218;8.756937;30.0;07:50:00;07:50:00;Kein Umlauf;Mo,Di,Mi,Do,Fr;446.0;Original GTFS (Snap-Distanz 2m) | Auf Route gesnappt (3m);123.6;1.12;asphalt;tertiary_link;
Routenpunkt (Way);T;;49.419309;8.756915;30.0;;;;;;Interpoliert (15m);123.7;1.33;asphalt;tertiary_link;
Routenpunkt (Way);T;Neckarschule;49.4194;8.756892;30.0;;;;;;Original OSM;123.8;1.56;asphalt;tertiary_link;
Routenpunkt (Way);T;;49.41953;8.756869;30.0;;;;;;Interpoliert (15m);124.1;1.49;asphalt;tertiary_link;
Routenpunkt (Way);T;;49.41966;8.756846;30.0;;;;;;Interpoliert (15m);124.4;1.57;asphalt;tertiary_link;
Routenpunkt (Way);T;;49.419789;8.756824;30.0;;;;;;Interpoliert (15m);124.6;1.71;asphalt;tertiary_link;
Routenpunkt (Way);T;Peterstaler Straße;49.419919;8.756801;30.0;;;;;;Original OSM;124.8;1.63;asphalt;tertiary_link;
Routenpunkt (Way);T;;49.420023;8.75676;30.0;;;;;;Interpoliert (15m);125.0;1.55;asphalt;tertiary_link;
Routenpunkt (Way);T;;49.420128;8.756718;30.0;;;;;;Interpoliert (15m);125.2;1.55;asphalt;tertiary_link;
Routenpunkt (Way);T;Peterstaler Straße;49.420232;8.756677;30.0;;;;;;Original OSM;125.4;2.14;asphalt;tertiary_link;
Routenpunkt (Way);T;Peterstaler Straße;49.420355;8.756603;30.0;;;;;;Interpoliert;125.6;2.68;asphalt;tertiary_link;
Routenpunkt (Way);T;;49.420471;8.756537;30.0;;;;;;Interpoliert (15m);126.2;3.03;asphalt;tertiary_link;
Routenpunkt (Way);T;Peterstaler Straße;49.420588;8.75647;30.0;;;;;;Original OSM;126.8;3.37;asphalt;tertiary_link;
Routenpunkt (Way);T;;49.420688;8.756418;30.0;;;;;;Interpoliert (15m);127.2;3.76;asphalt;tertiary_link;
Routenpunkt (Way);T;Peterstaler Straße;49.420788;8.756365;30.0;;;;;;Interpoliert;127.6;3.55;asphalt;tertiary_link;
Routenpunkt (Way);T;;49.420889;8.756303;30.0;;;;;;Interpoliert (15m);128.0;3.39;asphalt;tertiary_link;
Routenpunkt (Way);T;Peterstaler Straße;49.42099;8.75624;30.0;;;;;;Original OSM;128.4;2.89;asphalt;tertiary_link;
Routenpunkt (Way);T;;49.421075;8.756157;30.0;;;;;;Interpoliert (15m);128.8;2.43;asphalt;tertiary_link;
Routenpunkt (Way);T;Peterstaler Straße;49.42116;8.756073;30.0;;;;;;Interpoliert;128.9;1.99;asphalt;tertiary_link;
Routenpunkt (Way);T;;49.421226;8.755996;30.0;;;;;;Interpoliert (15m);129.0;0.7;asphalt;tertiary_link;
Routenpunkt (Way);T;Peterstaler Straße;49.421292;8.755919;30.0;;;;;;Original OSM;129.1;1.03;asphalt;tertiary_link;
Routenpunkt (Way);T;;49.42136;8.755839;30.0;;;;;;Interpoliert (15m);128.8;1.82;asphalt;tertiary_link;
Routenpunkt (Way);T;Peterstaler Straße;49.421429;8.755759;30.0;;;;;;Original OSM;129.3;2.57;asphalt;tertiary_link;
Routenpunkt (Way);T;Peterstaler Straße;49.421502;8.755671;30.0;;;;;;Interpoliert;129.8;2.52;asphalt;tertiary_link;
Routenpunkt (Way);T;Peterstaler Straße;49.421576;8.755584;30.0;;;;;;Original OSM;130.3;3.33;asphalt;tertiary_link;
Routenpunkt (Way);T;Peterstaler Straße;49.421652;8.755476;50.0;;;;;;Original OSM;130.4;2.46;asphalt;tertiary_link;
Routenpunkt (Way);T;;49.421721;8.755363;50.0;;;;;;Interpoliert (15m);130.5;2.13;asphalt;tertiary_link;
Routenpunkt (Way);T;Peterstaler Straße;49.42179;8.755251;50.0;;;;;;Original OSM;130.6;1.8;asphalt;tertiary_link;
Routenpunkt (Way);T;;49.421857;8.755111;50.0;;;;;;Interpoliert (15m);131.0;2.32;asphalt;tertiary_link;
Routenpunkt (Way);T;Peterstaler Straße;49.421925;8.75497;50.0;;;;;;Original OSM;131.4;2.84;asphalt;tertiary_link;
Routenpunkt (Way);T;;49.421985;8.754841;50.0;;;;;;Interpoliert (15m);131.8;3.07;asphalt;tertiary_link;
Routenpunkt (Way);T;Peterstaler Straße;49.422044;8.754712;50.0;;;;;;Original OSM;132.2;2.9;asphalt;tertiary_link;
Haltestelle;W;Ziegelhausen, Steinbacher Tal;49.422121;8.754645;50.0;07:51:00;07:51:00;Kein Umlauf;Mo,Di,Mi,Do,Fr;446.0;Original GTFS (Snap-Distanz 3m) | Auf Route gesnappt (3m);132.4;2.74;asphalt;tertiary_link;
Routenpunkt (Way);T;Peterstaler Straße;49.422101;8.75453;50.0;;;;;;Original OSM;132.6;3.05;asphalt;tertiary_link;
Routenpunkt (Way);T;Peterstaler Straße;49.42217;8.75439;50.0;;;;;;Original OSM;132.9;3.36;asphalt;tertiary_link;
Routenpunkt (Way);T;;49.422265;8.754266;50.0;;;;;;Interpoliert (15m);133.6;3.96;asphalt;tertiary_link;
Routenpunkt (Way);T;;49.422361;8.754142;50.0;;;;;;Interpoliert (15m);134.3;4.5;asphalt;tertiary_link;
Routenpunkt (Way);T;;49.422457;8.754018;50.0;;;;;;Interpoliert (15m);135.0;4.97;asphalt;tertiary_link;
Routenpunkt (Way);T;Peterstaler Straße;49.422552;8.753894;50.0;;;;;;Original OSM;135.7;4.9;asphalt;tertiary_link;
Routenpunkt (Way);T;;49.422681;8.75384;50.0;;;;;;Interpoliert (15m);136.4;6.59;asphalt;tertiary_link;
Routenpunkt (Way);T;;49.42281;8.753787;50.0;;;;;;Interpoliert (15m);137.1;7.47;asphalt;tertiary_link;
Routenpunkt (Way);T;;49.422939;8.753733;50.0;;;;;;Interpoliert (15m);139.1;8.56;asphalt;tertiary_link;
Routenpunkt (Way);T;Peterstaler Straße;49.423068;8.75368;50.0;;;;;;Original OSM;140.5;9.57;asphalt;tertiary_link;
Routenpunkt (Way);T;;49.423188;8.753673;50.0;;;;;;Interpoliert (15m);141.9;10.8;asphalt;tertiary_link;
Routenpunkt (Way);T;Peterstaler Straße;49.423307;8.753666;50.0;;;;;;Interpoliert;143.2;9.21;asphalt;tertiary_link;
Routenpunkt (Way);T;Peterstaler Straße;49.423415;8.753657;50.0;;;;;;Original OSM;144.5;8.42;asphalt;tertiary_link;
Routenpunkt (Way);T;;49.423508;8.753607;50.0;;;;;;Interpoliert (15m);145.1;7.33;asphalt;tertiary_link;
Routenpunkt (Way);T;Peterstaler Straße;49.423601;8.753558;50.0;;;;;;Original OSM;145.7;6.39;asphalt;tertiary_link;
Routenpunkt (Way);T;;49.423688;8.753463;50.0;;;;;;Interpoliert (15m);146.3;7.75;asphalt;tertiary_link;
Routenpunkt (Way);T;Peterstaler Straße;49.423774;8.753367;50.0;;;;;;Interpoliert;146.9;8.27;asphalt;tertiary_link;
Routenpunkt (Way);T;Peterstaler Straße;49.423869;8.753248;50.0;;;;;;Interpoliert;149.3;8.8;asphalt;tertiary_link;
Routenpunkt (Way);T;Peterstaler Straße;49.423964;8.75313;50.0;;;;;;Interpoliert;150.4;7.78;asphalt;tertiary_link;
Routenpunkt (Way);T;Peterstaler Straße;49.424058;8.753011;50.0;;;;;;Original OSM;151.5;6.76;asphalt;tertiary_link;
Routenpunkt (Way);T;Peterstaler Straße;49.424165;8.752892;50.0;;;;;;Interpoliert;151.5;3.24;asphalt;tertiary_link;
Routenpunkt (Way);T;Peterstaler Straße;49.424271;8.752773;50.0;;;;;;Interpoliert;151.5;2.58;asphalt;tertiary_link;
Routenpunkt (Way);T;Peterstaler Straße;49.424377;8.752654;50.0;;;;;;Interpoliert;151.5;1.97;asphalt;tertiary_link;
Routenpunkt (Way);T;Peterstaler Straße;49.424484;8.752536;50.0;;;;;;Original OSM;152.2;5.28;asphalt;tertiary_link;
Routenpunkt (Way);T;Peterstaler Straße;49.424586;8.752426;50.0;;;;;;Interpoliert;152.9;8.6;asphalt;tertiary_link;
Routenpunkt (Way);T;Peterstaler Straße;49.424689;8.752317;50.0;;;;;;Interpoliert;155.2;9.32;asphalt;tertiary_link;
Routenpunkt (Way);T;Peterstaler Straße;49.424792;8.752208;50.0;;;;;;Interpoliert;157.5;9.33;asphalt;tertiary_link;
Routenpunkt (Way);T;Peterstaler Straße;49.424894;8.752099;50.0;;;;;;Interpoliert;158.0;7.16;asphalt;tertiary_link;
Routenpunkt (Way);T;;49.424977;8.752035;50.0;;;;;;Interpoliert (15m);158.5;5.15;asphalt;tertiary_link;
Routenpunkt (Way);T;Peterstaler Straße;49.425061;8.751971;50.0;;;;;;Interpoliert;157.9;4.03;asphalt;tertiary_link;
Haltestelle;W;Ziegelhausen, Mühldamm;49.425124;8.751933;50.0;07:52:00;07:52:00;Kein Umlauf;Mo,Di,Mi,Do,Fr;446.0;Original GTFS (Snap-Distanz 4m) | Auf Route gesnappt (4m);158.4;4.15;asphalt;tertiary_link;
Routenpunkt (Way);T;Peterstaler Straße;49.425144;8.751877;50.0;;;;;;Original OSM;158.9;4.02;asphalt;tertiary_link;
Routenpunkt (Way);T;;49.425225;8.751769;50.0;;;;;;Interpoliert (15m);159.4;5.9;asphalt;tertiary_link;
Routenpunkt (Way);T;Peterstaler Straße;49.425306;8.75166;50.0;;;;;;Original OSM;159.9;5.2;asphalt;tertiary_link;
Routenpunkt (Way);T;Peterstaler Straße;49.42541;8.751552;50.0;;;;;;Original OSM;160.4;3.77;asphalt;tertiary_link;
Routenpunkt (Way);T;Peterstaler Straße;49.425507;8.751452;50.0;;;;;;Interpoliert;160.8;3.69;asphalt;tertiary_link;
Routenpunkt (Way);T;Peterstaler Straße;49.425586;8.751372;50.0;;;;;;Interpoliert;161.2;1.69;asphalt;tertiary_link;
Routenpunkt (Way);T;Peterstaler Straße;49.425665;8.751293;50.0;;;;;;Original OSM;161.6;1.41;asphalt;tertiary_link;
Routenpunkt (Way);T;Peterstaler Straße;49.425772;8.751199;50.0;;;;;;Interpoliert;160.8;1.23;asphalt;tertiary_link;
Routenpunkt (Way);T;Peterstaler Straße;49.425878;8.751105;50.0;;;;;;Interpoliert;161.1;0.91;asphalt;tertiary_link;
Routenpunkt (Way);T;Peterstaler Straße;49.425985;8.751011;50.0;;;;;;Interpoliert;161.4;0.59;asphalt;tertiary_link;
Routenpunkt (Way);T;Peterstaler Straße;49.426092;8.750918;50.0;;;;;;Interpoliert;161.7;4.1;asphalt;tertiary_link;
Routenpunkt (Way);T;Peterstaler Straße;49.426198;8.750824;50.0;;;;;;Interpoliert;162.0;6.0;asphalt;tertiary_link;
Routenpunkt (Way);T;Peterstaler Straße;49.426305;8.75073;50.0;;;;;;Interpoliert;163.6;5.7;asphalt;tertiary_link;
Routenpunkt (Way);T;Peterstaler Straße;49.426412;8.750637;50.0;;;;;;Original OSM;165.2;5.4;asphalt;tertiary_link;
Routenpunkt (Way);T;Peterstaler Straße;49.426526;8.750544;50.0;;;;;;Interpoliert;165.3;5.1;asphalt;tertiary_link;
Routenpunkt (Way);T;Peterstaler Straße;49.42664;8.75045;50.0;;;;;;Interpoliert;165.4;3.04;asphalt;tertiary_link;
Routenpunkt (Way);T;Peterstaler Straße;49.426755;8.750357;50.0;;;;;;Interpoliert;165.5;1.03;asphalt;tertiary_link;
Routenpunkt (Way);T;Peterstaler Straße;49.426869;8.750264;50.0;;;;;;Original OSM;165.7;1.91;asphalt;tertiary_link;
Routenpunkt (Way);T;Peterstaler Straße;49.426966;8.750198;50.0;;;;;;Interpoliert;165.9;2.79;asphalt;tertiary_link;
Routenpunkt (Way);T;Peterstaler Straße;49.427063;8.750132;50.0;;;;;;Interpoliert;166.5;3.52;asphalt;tertiary_link;
Routenpunkt (Way);T;Peterstaler Straße;49.42716;8.750066;50.0;;;;;;Original OSM;167.1;2.23;asphalt;tertiary_link;
Routenpunkt (Way);T;Peterstaler Straße;49.427274;8.749992;50.0;;;;;;Interpoliert;167.7;0.93;asphalt;tertiary_link;
Routenpunkt (Way);T;Peterstaler Straße;49.427388;8.749918;50.0;;;;;;Original OSM;167.0;-1.25;asphalt;tertiary_link;
Routenpunkt (Way);T;Peterstaler Straße;49.427512;8.749846;50.0;;;;;;Original OSM;166.3;-3.43;asphalt;tertiary_link;
Routenpunkt (Way);T;Peterstaler Straße;49.427615;8.749798;50.0;;;;;;Interpoliert;165.6;-5.47;asphalt;tertiary_link;
Routenpunkt (Way);T;Peterstaler Straße;49.427719;8.74975;50.0;;;;;;Interpoliert;164.9;-3.61;asphalt;tertiary_link;
Routenpunkt (Way);T;Peterstaler Straße;49.427822;8.749701;50.0;;;;;;Interpoliert;164.2;-0.99;asphalt;tertiary_link;
Routenpunkt (Way);T;;49.427905;8.749666;50.0;;;;;;Interpoliert (15m);164.6;1.23;asphalt;tertiary_link;
Routenpunkt (Way);T;Peterstaler Straße;49.427988;8.74963;50.0;;;;;;Original OSM;165.4;3.45;asphalt;tertiary_link;
Routenpunkt (Way);T;;49.428055;8.749607;50.0;;;;;;Interpoliert (15m);165.8;5.24;asphalt;tertiary_link;
Routenpunkt (Way);T;Peterstaler Straße;49.428121;8.749584;50.0;;;;;;Interpoliert;166.2;5.04;asphalt;tertiary_link;
Routenpunkt (Way);T;;49.428235;8.749574;50.0;;;;;;Interpoliert (15m);166.6;4.04;asphalt;tertiary_link;
Routenpunkt (Way);T;Fürstendamm;49.428349;8.749563;50.0;;;;;;Original OSM;167.0;3.66;asphalt;tertiary_link;
Routenpunkt (Way);T;;49.428455;8.749542;50.0;;;;;;Interpoliert (15m);167.4;4.71;asphalt;tertiary_link;
Routenpunkt (Way);T;Fürstendamm;49.428561;8.74952;50.0;;;;;;Original OSM;167.8;4.87;asphalt;tertiary_link;
Haltestelle;W;Ziegelhausen, Fürstendamm;49.42854;8.749479;50.0;07:53:00;07:53:00;Kein Umlauf;Mo,Di,Mi,Do,Fr;446.0;Original GTFS (Snap-Distanz 4m) | Auf Route gesnappt (4m);168.2;5.02;asphalt;tertiary_link;
Routenpunkt (Way);T;;49.428631;8.74946;50.0;;;;;;Interpoliert (15m);168.6;5.25;asphalt;tertiary_link;
Routenpunkt (Way);T;Peterstaler Straße;49.428721;8.74944;50.0;;;;;;Interpoliert;169.0;5.46;asphalt;tertiary_link;
Routenpunkt (Way);T;Peterstaler Straße;49.42882;8.749419;50.0;;;;;;Original OSM;169.5;3.52;asphalt;tertiary_link;
Routenpunkt (Way);T;Peterstaler Straße;49.42892;8.749389;50.0;;;;;;Interpoliert;170.0;2.89;asphalt;tertiary_link;
Routenpunkt (Way);T;;49.429029;8.749347;50.0;;;;;;Interpoliert (15m);170.1;2.26;asphalt;tertiary_link;
Routenpunkt (Way);T;Peterstaler Straße;49.429138;8.749305;50.0;;;;;;Original OSM;170.2;1.51;asphalt;tertiary_link;
Routenpunkt (Way);T;;49.42925;8.749252;50.0;;;;;;Interpoliert (15m);170.3;0.77;asphalt;tertiary_link;
Routenpunkt (Way);T;Peterstaler Straße;49.429362;8.749198;50.0;;;;;;Interpoliert;170.4;1.79;asphalt;tertiary_link;
Routenpunkt (Way);T;Peterstaler Straße;49.429478;8.74914;50.0;;;;;;Interpoliert;170.5;2.97;asphalt;tertiary_link;
Routenpunkt (Way);T;Peterstaler Straße;49.429595;8.749083;50.0;;;;;;Original OSM;171.3;4.16;asphalt;tertiary_link;
Routenpunkt (Way);T;Peterstaler Straße;49.429698;8.74904;50.0;;;;;;Interpoliert;172.1;4.51;asphalt;tertiary_link;
Routenpunkt (Way);T;Peterstaler Straße;49.429801;8.748997;50.0;;;;;;Interpoliert;172.9;4.8;asphalt;tertiary_link;
Routenpunkt (Way);T;Peterstaler Straße;49.429905;8.748954;50.0;;;;;;Original OSM;173.2;4.65;asphalt;tertiary_link;
Routenpunkt (Way);T;Peterstaler Straße;49.430025;8.748911;50.0;;;;;;Interpoliert;173.5;4.82;asphalt;tertiary_link;
Routenpunkt (Way);T;Peterstaler Straße;49.430146;8.748868;50.0;;;;;;Interpoliert;174.2;5.0;asphalt;tertiary_link;
Routenpunkt (Way);T;;49.430226;8.748838;50.0;;;;;;Interpoliert (15m);174.9;6.27;asphalt;tertiary_link;
Routenpunkt (Way);T;Peterstaler Straße;49.430307;8.748807;50.0;;;;;;Original OSM;175.6;11.66;asphalt;tertiary_link;
Routenpunkt (Way);T;;49.430374;8.748771;50.0;;;;;;Interpoliert (15m);176.3;11.38;asphalt;tertiary_link;
Routenpunkt (Way);T;Peterstaler Straße;49.430441;8.748734;50.0;;;;;;Original OSM;178.6;10.59;asphalt;tertiary_link;
Routenpunkt (Way);T;Peterstaler Straße;49.430552;8.748659;50.0;;;;;;Original OSM;179.1;9.75;asphalt;tertiary_link;
Routenpunkt (Way);T;Peterstaler Straße;49.430662;8.748572;50.0;;;;;;Original OSM;179.6;8.66;asphalt;tertiary_link;
Routenpunkt (Way);T;Peterstaler Straße;49.430774;8.748465;50.0;;;;;;Interpoliert;180.1;3.52;asphalt;tertiary_link;
Routenpunkt (Way);T;Peterstaler Straße;49.430885;8.748359;50.0;;;;;;Interpoliert;180.6;3.47;asphalt;tertiary_link;
Routenpunkt (Way);T;Peterstaler Straße;49.430996;8.748252;50.0;;;;;;Interpoliert;181.1;3.43;asphalt;tertiary_link;
Routenpunkt (Way);T;Peterstaler Straße;49.431107;8.748145;50.0;;;;;;Interpoliert;181.6;3.43;asphalt;tertiary_link;
Routenpunkt (Way);T;Peterstaler Straße;49.431219;8.748038;50.0;;;;;;Interpoliert;182.1;4.02;asphalt;tertiary_link;
Routenpunkt (Way);T;Peterstaler Straße;49.43133;8.747932;50.0;;;;;;Interpoliert;182.6;1.55;asphalt;tertiary_link;
Routenpunkt (Way);T;;49.431393;8.747886;50.0;;;;;;Interpoliert (15m);183.1;1.5;asphalt;tertiary_link;
Routenpunkt (Way);T;Peterstaler Straße;49.431457;8.74784;50.0;;;;;;Interpoliert;182.4;4.42;asphalt;tertiary_link;
Routenpunkt (Way);T;Kreuzgrundweg;49.431553;8.747749;50.0;;;;;;Interpoliert;182.8;4.54;asphalt;tertiary_link;
Haltestelle;W;Ziegelhausen, Kreuzgrundweg;49.431552;8.747718;50.0;07:54:00;07:54:00;Kein Umlauf;Mo,Di,Mi,Do,Fr;446.0;Original GTFS (Snap-Distanz 2m) | Auf Route gesnappt (2m);183.2;4.01;asphalt;tertiary_link;
Routenpunkt (Way);T;Peterstaler Straße;49.431634;8.747662;50.0;;;;;;Original OSM;183.6;6.54;asphalt;tertiary_link;
Routenpunkt (Way);T;;49.431716;8.747585;50.0;;;;;;Interpoliert (15m);184.0;6.65;asphalt;tertiary_link;
Routenpunkt (Way);T;;49.431799;8.747507;50.0;;;;;;Interpoliert (15m);184.4;3.63;asphalt;tertiary_link;
Routenpunkt (Way);T;Peterstaler Straße;49.431882;8.74743;50.0;;;;;;Original OSM;184.8;4.3;asphalt;tertiary_link;
Routenpunkt (Way);T;;49.431998;8.747377;50.0;;;;;;Interpoliert (15m);185.2;5.03;asphalt;tertiary_link;
Routenpunkt (Way);T;;49.432115;8.747324;50.0;;;;;;Interpoliert (15m);186.2;5.17;asphalt;tertiary_link;
Routenpunkt (Way);T;;49.432232;8.747271;50.0;;;;;;Interpoliert (15m);187.2;5.41;asphalt;tertiary_link;
Routenpunkt (Way);T;Peterstaler Straße;49.432349;8.747218;50.0;;;;;;Original OSM;187.8;5.81;asphalt;tertiary_link;
Routenpunkt (Way);T;;49.432459;8.747213;50.0;;;;;;Interpoliert (15m);188.4;5.31;asphalt;tertiary_link;
Routenpunkt (Way);T;;49.432568;8.747207;50.0;;;;;;Interpoliert (15m);189.0;4.73;asphalt;tertiary_link;
Routenpunkt (Way);T;Peterstaler Straße;49.432678;8.747201;50.0;;;;;;Original OSM;189.6;4.97;asphalt;tertiary_link;
Routenpunkt (Way);T;Peterstaler Straße;49.432798;8.747214;50.0;;;;;;Original OSM;190.2;6.79;asphalt;tertiary_link;
Routenpunkt (Way);T;;49.432893;8.747236;50.0;;;;;;Interpoliert (15m);190.8;8.16;asphalt;tertiary_link;
Routenpunkt (Way);T;Peterstaler Straße;49.432988;8.747257;50.0;;;;;;Original OSM;192.3;8.59;asphalt;tertiary_link;
Routenpunkt (Way);T;;49.433096;8.747318;50.0;;;;;;Interpoliert (15m);193.8;9.1;asphalt;tertiary_link;
Routenpunkt (Way);T;;49.433203;8.74738;50.0;;;;;;Interpoliert (15m);194.7;9.39;asphalt;tertiary_link;
Routenpunkt (Way);T;;49.433311;8.747441;50.0;;;;;;Interpoliert (15m);195.6;8.0;asphalt;tertiary_link;
Routenpunkt (Way);T;Peterstaler Straße;49.433418;8.747503;50.0;;;;;;Original OSM;196.5;7.07;asphalt;tertiary_link;
Routenpunkt (Way);T;;49.433506;8.747615;50.0;;;;;;Interpoliert (15m);197.4;5.97;asphalt;tertiary_link;
Routenpunkt (Way);T;;49.433594;8.747727;50.0;;;;;;Interpoliert (15m);198.3;4.88;asphalt;tertiary_link;
Routenpunkt (Way);T;;49.433682;8.747839;50.0;;;;;;Interpoliert (15m);198.5;7.87;asphalt;tertiary_link;
Routenpunkt (Way);T;;49.43377;8.747952;50.0;;;;;;Interpoliert (15m);198.7;9.19;asphalt;tertiary_link;
Routenpunkt (Way);T;Peterstaler Straße;49.433858;8.748064;50.0;;;;;;Original OSM;201.5;10.5;asphalt;tertiary_link;
Routenpunkt (Way);T;;49.433943;8.748204;50.0;;;;;;Interpoliert (15m);203.4;12.92;asphalt;tertiary_link;
Routenpunkt (Way);T;;49.434029;8.748345;50.0;;;;;;Interpoliert (15m);205.3;15.34;asphalt;tertiary_link;
Routenpunkt (Way);T;;49.434114;8.748486;50.0;;;;;;Interpoliert (15m);207.2;13.99;asphalt;tertiary_link;
Routenpunkt (Way);T;Peterstaler Straße;49.434199;8.748626;50.0;;;;;;Original OSM;209.1;12.07;asphalt;tertiary_link;
Routenpunkt (Way);T;;49.434282;8.748741;50.0;;;;;;Interpoliert (15m);211.0;10.14;asphalt;tertiary_link;
Routenpunkt (Way);T;;49.434365;8.748856;50.0;;;;;;Interpoliert (15m);211.5;9.15;asphalt;tertiary_link;
Routenpunkt (Way);T;Peterstaler Straße;49.434448;8.748971;50.0;;;;;;Original OSM;212.0;8.73;asphalt;tertiary_link;
Routenpunkt (Way);T;Peterstaler Straße;49.43455;8.74908;50.0;;;;;;Original OSM;213.2;4.96;asphalt;tertiary_link;
Routenpunkt (Way);T;Peterstaler Straße;49.434629;8.749155;50.0;;;;;;Original OSM;214.4;4.16;asphalt;tertiary_link;
Routenpunkt (Way);T;Peterstaler Straße;49.434718;8.749232;50.0;;;;;;Original OSM;214.0;2.74;asphalt;tertiary_link;
Haltestelle;W;Ziegelhausen, Peterstaler Str.;49.434718;8.749232;50.0;07:55:00;07:55:00;Kein Umlauf;Mo,Di,Mi,Do,Fr;446.0;Original GTFS (Snap-Distanz 6m) | Auf Route gesnappt (6m);213.6;0.38;asphalt;tertiary_link;
Routenpunkt (Way);T;Peterstaler Straße;49.434825;8.749308;50.0;;;;;;Interpoliert;213.2;-2.71;asphalt;tertiary_link;
Routenpunkt (Way);T;Peterstaler Straße;49.434932;8.749382;50.0;;;;;;Original OSM;212.8;-2.78;asphalt;tertiary_link;
Routenpunkt (Way);T;Peterstaler Straße;49.435015;8.749446;50.0;;;;;;Interpoliert;212.4;-0.83;asphalt;tertiary_link;
Routenpunkt (Way);T;Peterstaler Straße;49.435097;8.749509;50.0;;;;;;Interpoliert;212.0;0.11;asphalt;tertiary_link;
Routenpunkt (Way);T;Peterstaler Straße;49.43518;8.749572;50.0;;;;;;Original OSM;213.0;1.05;asphalt;tertiary_link;
Routenpunkt (Way);T;Wilhelmsfelder Straße;49.435269;8.74967;50.0;;;;;;Interpoliert;213.2;2.16;asphalt;tertiary_link;
Routenpunkt (Way);T;Wilhelmsfelder Straße;49.435358;8.749767;50.0;;;;;;Interpoliert;213.4;3.43;asphalt;tertiary_link;
Routenpunkt (Way);T;Wilhelmsfelder Straße;49.435447;8.749865;50.0;;;;;;Interpoliert;213.6;1.97;asphalt;tertiary_link;
Routenpunkt (Way);T;Wilhelmsfelder Straße;49.435537;8.749962;50.0;;;;;;Interpoliert;213.9;2.11;asphalt;tertiary_link;
Routenpunkt (Way);T;Wilhelmsfelder Straße;49.435626;8.75006;50.0;;;;;;Original OSM;214.2;2.26;asphalt;tertiary_link;
Routenpunkt (Way);T;Wilhelmsfelder Straße;49.435713;8.750174;50.0;;;;;;Interpoliert;214.5;1.3;asphalt;tertiary_link;
Routenpunkt (Way);T;Wilhelmsfelder Straße;49.4358;8.750288;50.0;;;;;;Interpoliert;214.8;0.18;asphalt;tertiary_link;
Routenpunkt (Way);T;Wilhelmsfelder Straße;49.435887;8.750403;50.0;;;;;;Interpoliert;214.4;-0.94;asphalt;tertiary_link;
Routenpunkt (Way);T;Wilhelmsfelder Straße;49.435974;8.750517;50.0;;;;;;Interpoliert;214.0;-0.79;asphalt;tertiary_link;
Routenpunkt (Way);T;Wilhelmsfelder Straße;49.436061;8.750631;50.0;;;;;;Original OSM;213.6;-0.64;asphalt;tertiary_link;
Routenpunkt (Way);T;Wilhelmsfelder Straße;49.436149;8.750746;50.0;;;;;;Interpoliert;214.0;2.49;asphalt;tertiary_link;
Routenpunkt (Way);T;Wilhelmsfelder Straße;49.436237;8.750861;50.0;;;;;;Interpoliert;214.4;3.9;asphalt;tertiary_link;
Routenpunkt (Way);T;Wilhelmsfelder Straße;49.436324;8.750976;50.0;;;;;;Interpoliert;216.0;5.31;asphalt;tertiary_link;
Routenpunkt (Way);T;Wilhelmsfelder Straße;49.436412;8.751091;50.0;;;;;;Interpoliert;216.5;4.53;asphalt;tertiary_link;
Routenpunkt (Way);T;Wilhelmsfelder Straße;49.4365;8.751206;50.0;;;;;;Interpoliert;217.0;3.75;asphalt;tertiary_link;
Routenpunkt (Way);T;Wilhelmsfelder Straße;49.436587;8.751321;50.0;;;;;;Original OSM;216.9;2.18;asphalt;tertiary_link;
Routenpunkt (Way);T;Wilhelmsfelder Straße;49.436674;8.751438;50.0;;;;;;Interpoliert;216.8;2.59;asphalt;tertiary_link;
Routenpunkt (Way);T;Wilhelmsfelder Straße;49.436762;8.751556;50.0;;;;;;Original OSM;217.4;3.0;asphalt;tertiary_link;
Routenpunkt (Way);T;Wilhelmsfelder Straße;49.436835;8.751638;50.0;;;;;;Interpoliert;218.0;4.1;asphalt;tertiary_link;
Routenpunkt (Way);T;Wilhelmsfelder Straße;49.436908;8.75172;50.0;;;;;;Original OSM;218.6;6.69;asphalt;tertiary_link;
Routenpunkt (Way);T;Wilhelmsfelder Straße;49.43701;8.751802;50.0;;;;;;Interpoliert;219.2;5.95;asphalt;tertiary_link;
Routenpunkt (Way);T;;49.4371;8.751854;50.0;;;;;;Interpoliert (15m);220.5;4.94;asphalt;tertiary_link;
Routenpunkt (Way);T;;49.43719;8.751905;50.0;;;;;;Interpoliert (15m);220.6;3.89;asphalt;tertiary_link;
Routenpunkt (Way);T;Wilhelmsfelder Straße;49.43728;8.751956;50.0;;;;;;Original OSM;220.7;3.96;asphalt;tertiary_link;
Routenpunkt (Way);T;;49.437404;8.751981;50.0;;;;;;Interpoliert (15m);220.8;2.81;asphalt;tertiary_link;
Routenpunkt (Way);T;Wilhelmsfelder Straße;49.437528;8.752006;50.0;;;;;;Original OSM;221.5;4.36;asphalt;tertiary_link;
Routenpunkt (Way);T;Wilhelmsfelder Straße;49.437626;8.752012;50.0;;;;;;Original OSM;222.2;5.91;asphalt;tertiary_link;
Routenpunkt (Way);T;;49.437698;8.752015;50.0;;;;;;Interpoliert (15m);222.9;5.77;asphalt;tertiary_link;
Routenpunkt (Way);T;Wilhelmsfelder Straße;49.43777;8.752019;50.0;;;;;;Original OSM;223.6;5.74;asphalt;tertiary_link;
Haltestelle;W;Ziegelhausen, Grüner Baum;49.43777;8.752019;50.0;07:56:00;07:56:00;Kein Umlauf;Mo,Di,Mi,Do,Fr;446.0;Original GTFS (Snap-Distanz 1m) | Auf Route gesnappt (1m);224.3;4.45;asphalt;tertiary_link;
Routenpunkt (Way);T;Wilhelmsfelder Straße;49.437899;8.752035;50.0;;;;;;Original OSM;225.0;5.38;asphalt;tertiary_link;
Routenpunkt (Way);T;;49.437966;8.752047;50.0;;;;;;Interpoliert (15m);225.0;5.54;asphalt;tertiary_link;
Routenpunkt (Way);T;Wilhelmsfelder Straße;49.438033;8.752058;50.0;;;;;;Interpoliert;226.0;7.43;asphalt;tertiary_link;
Routenpunkt (Way);T;Wilhelmsfelder Straße;49.438127;8.752076;50.0;;;;;;Interpoliert;227.0;8.12;asphalt;tertiary_link;
Routenpunkt (Way);T;Wilhelmsfelder Straße;49.438221;8.752093;50.0;;;;;;Original OSM;228.0;9.78;asphalt;tertiary_link;
Routenpunkt (Way);T;Wilhelmsfelder Straße;49.438328;8.752122;50.0;;;;;;Interpoliert;229.0;8.78;asphalt;tertiary_link;
Routenpunkt (Way);T;Wilhelmsfelder Straße;49.438434;8.752152;50.0;;;;;;Interpoliert;230.0;8.55;asphalt;tertiary_link;
Routenpunkt (Way);T;Wilhelmsfelder Straße;49.438541;8.752181;50.0;;;;;;Interpoliert;231.0;8.48;asphalt;tertiary_link;
Routenpunkt (Way);T;Wilhelmsfelder Straße;49.438647;8.75221;50.0;;;;;;Interpoliert;232.0;8.56;asphalt;tertiary_link;
Routenpunkt (Way);T;Wilhelmsfelder Straße;49.438753;8.75224;50.0;;;;;;Original OSM;233.1;8.63;asphalt;tertiary_link;
Routenpunkt (Way);T;Wilhelmsfelder Straße;49.438866;8.752266;50.0;;;;;;Interpoliert;234.2;7.12;asphalt;tertiary_link;
Routenpunkt (Way);T;Wilhelmsfelder Straße;49.438979;8.752292;50.0;;;;;;Interpoliert;235.3;5.68;asphalt;tertiary_link;
Routenpunkt (Way);T;Wilhelmsfelder Straße;49.439092;8.752318;50.0;;;;;;Original OSM;235.4;4.08;asphalt;tertiary_link;
Routenpunkt (Way);T;;49.439172;8.752329;50.0;;;;;;Interpoliert (15m);235.5;2.51;asphalt;tertiary_link;
Routenpunkt (Way);T;Wilhelmsfelder Straße;49.439252;8.75234;50.0;;;;;;Original OSM;235.6;0.94;asphalt;tertiary_link;
Routenpunkt (Way);T;;49.439358;8.752327;50.0;;;;;;Interpoliert (15m);235.7;0.95;asphalt;tertiary_link;
Routenpunkt (Way);T;;49.439464;8.752314;50.0;;;;;;Interpoliert (15m);235.8;1.35;asphalt;tertiary_link;
Routenpunkt (Way);T;Wilhelmsfelder Straße;49.43957;8.752301;50.0;;;;;;Original OSM;235.9;1.58;asphalt;tertiary_link;
Routenpunkt (Way);T;;49.439683;8.752255;50.0;;;;;;Interpoliert (15m);236.3;1.93;asphalt;tertiary_link;
Routenpunkt (Way);T;Wilhelmsfelder Straße;49.439796;8.752209;50.0;;;;;;Interpoliert;236.6;2.3;asphalt;tertiary_link;
Routenpunkt (Way);T;Wilhelmsfelder Straße;49.439893;8.752152;50.0;;;;;;Original OSM;236.9;2.66;asphalt;tertiary_link;
Routenpunkt (Way);T;Wilhelmsfelder Straße;49.439988;8.752097;50.0;;;;;;Interpoliert;237.2;2.58;asphalt;tertiary_link;
Routenpunkt (Way);T;Wilhelmsfelder Straße;49.440082;8.752042;50.0;;;;;;Interpoliert;237.5;2.65;asphalt;tertiary_link;
Routenpunkt (Way);T;Wilhelmsfelder Straße;49.440177;8.751987;50.0;;;;;;Original OSM;237.8;2.62;asphalt;tertiary_link;
Routenpunkt (Way);T;Wilhelmsfelder Straße;49.440274;8.751938;50.0;;;;;;Original OSM;238.1;5.35;asphalt;tertiary_link;
Routenpunkt (Way);T;Wilhelmsfelder Straße;49.44038;8.751896;50.0;;;;;;Original OSM;238.4;8.08;asphalt;tertiary_link;
Routenpunkt (Way);T;;49.440456;8.751876;50.0;;;;;;Interpoliert (15m);239.8;9.16;asphalt;tertiary_link;
Routenpunkt (Way);T;Wilhelmsfelder Straße;49.440532;8.751857;50.0;;;;;;Original OSM;241.2;10.25;asphalt;tertiary_link;
Routenpunkt (Way);T;;49.440654;8.751846;50.0;;;;;;Interpoliert (15m);242.3;11.72;asphalt;tertiary_link;
Routenpunkt (Way);T;Wilhelmsfelder Straße;49.440777;8.751835;50.0;;;;;;Original OSM;243.4;10.41;asphalt;tertiary_link;
Routenpunkt (Way);T;;49.440878;8.75184;50.0;;;;;;Interpoliert (15m);244.5;8.7;asphalt;tertiary_link;
Routenpunkt (Way);T;Wilhelmsfelder Straße;49.440979;8.751845;50.0;;;;;;Original OSM;245.6;9.26;asphalt;tertiary_link;
Routenpunkt (Way);T;Wilhelmsfelder Straße;49.441105;8.751874;50.0;;;;;;Original OSM;246.7;9.96;asphalt;tertiary_link;
Routenpunkt (Way);T;Wilhelmsfelder Straße;49.441233;8.751921;50.0;;;;;;Original OSM;248.3;10.31;asphalt;tertiary_link;
Routenpunkt (Way);T;Wilhelmsfelder Straße;49.441352;8.751981;50.0;;;;;;Interpoliert;249.9;9.07;asphalt;tertiary_link;
Routenpunkt (Way);T;Wilhelmsfelder Straße;49.44147;8.752041;50.0;;;;;;Interpoliert;251.5;8.25;asphalt;tertiary_link;
Routenpunkt (Way);T;Wilhelmsfelder Straße;49.441588;8.752101;50.0;;;;;;Original OSM;252.0;6.8;asphalt;tertiary_link;
Routenpunkt (Way);T;Wilhelmsfelder Straße;49.441706;8.752157;50.0;;;;;;Interpoliert;252.5;5.22;asphalt;tertiary_link;
Routenpunkt (Way);T;Wilhelmsfelder Straße;49.441823;8.752213;50.0;;;;;;Interpoliert;253.0;4.66;asphalt;tertiary_link;
Routenpunkt (Way);T;Wilhelmsfelder Straße;49.441941;8.752269;50.0;;;;;;Interpoliert;253.5;5.69;asphalt;tertiary_link;
Routenpunkt (Way);T;Wilhelmsfelder Straße;49.442059;8.752325;50.0;;;;;;Interpoliert;254.7;6.71;asphalt;tertiary_link;
Routenpunkt (Way);T;Wilhelmsfelder Straße;49.442177;8.752381;50.0;;;;;;Interpoliert;255.9;7.01;asphalt;tertiary_link;
Routenpunkt (Way);T;Wilhelmsfelder Straße;49.442294;8.752437;50.0;;;;;;Interpoliert;257.1;7.39;asphalt;tertiary_link;
Routenpunkt (Way);T;Wilhelmsfelder Straße;49.442412;8.752494;50.0;;;;;;Original OSM;257.8;6.74;asphalt;tertiary_link;
Routenpunkt (Way);T;Wilhelmsfelder Straße;49.44252;8.752545;50.0;;;;;;Interpoliert;258.5;6.73;asphalt;tertiary_link;
Routenpunkt (Way);T;Wilhelmsfelder Straße;49.442629;8.752596;50.0;;;;;;Interpoliert;259.2;6.71;asphalt;tertiary_link;
Routenpunkt (Way);T;;49.442698;8.752631;50.0;;;;;;Interpoliert (15m);259.9;6.69;asphalt;tertiary_link;
Routenpunkt (Way);T;Wilhelmsfelder Straße;49.442767;8.752665;50.0;;;;;;Original OSM;260.6;9.39;asphalt;tertiary_link;
Routenpunkt (Way);T;Wilhelmsfelder Straße;49.442884;8.752738;50.0;;;;;;Interpoliert;261.3;10.63;asphalt;tertiary_link;
Routenpunkt (Way);T;Wilhelmsfelder Straße;49.442972;8.752791;50.0;;;;;;Interpoliert;263.3;11.25;asphalt;tertiary_link;
Routenpunkt (Way);T;;49.443063;8.752853;50.0;;;;;;Interpoliert (15m);264.6;10.46;asphalt;tertiary_link;
Routenpunkt (Way);T;Wilhelmsfelder Straße;49.443154;8.752914;50.0;;;;;;Original OSM;265.9;10.41;asphalt;tertiary_link;
Routenpunkt (Way);T;;49.443256;8.752993;50.0;;;;;;Interpoliert (15m);266.5;7.52;asphalt;tertiary_link;
Routenpunkt (Way);T;Wilhelmsfelder Straße;49.443358;8.753072;50.0;;;;;;Interpoliert;267.1;5.99;asphalt;tertiary_link;
Routenpunkt (Way);T;Wilhelmsfelder Straße;49.443461;8.753157;50.0;;;;;;Original OSM;267.7;4.46;asphalt;tertiary_link;
Routenpunkt (Way);T;Wilhelmsfelder Straße;49.443574;8.753259;50.0;;;;;;Interpoliert;268.3;5.44;asphalt;tertiary_link;
Routenpunkt (Way);T;Wilhelmsfelder Straße;49.443686;8.753361;50.0;;;;;;Interpoliert;268.9;6.43;asphalt;tertiary_link;
Routenpunkt (Way);T;Wilhelmsfelder Straße;49.443799;8.753463;50.0;;;;;;Interpoliert;270.3;5.68;asphalt;tertiary_link;
Routenpunkt (Way);T;Wilhelmsfelder Straße;49.443912;8.753565;50.0;;;;;;Interpoliert;271.7;5.03;asphalt;tertiary_link;
Routenpunkt (Way);T;;49.444;8.75364;50.0;;;;;;Interpoliert (15m);271.8;4.37;asphalt;tertiary_link;
Routenpunkt (Way);T;Wilhelmsfelder Straße;49.444089;8.753716;50.0;;;;;;Original OSM;271.9;3.71;asphalt;tertiary_link;
Routenpunkt (Way);T;;49.444191;8.75379;50.0;;;;;;Interpoliert (15m);272.0;2.91;asphalt;tertiary_link;
Routenpunkt (Way);T;Wilhelmsfelder Straße;49.444294;8.753865;50.0;;;;;;Original OSM;272.8;3.87;asphalt;tertiary_link;
Routenpunkt (Way);T;;49.444409;8.753948;50.0;;;;;;Interpoliert (15m);273.6;11.53;asphalt;tertiary_link;
Routenpunkt (Way);T;Wilhelmsfelder Straße;49.444524;8.75403;50.0;;;;;;Original OSM;274.4;13.86;asphalt;tertiary_link;
Haltestelle;W;Ziegelhausen, Löwen;49.444555;8.754052;50.0;07:58:00;07:58:00;Kein Umlauf;Mo,Di,Mi,Do,Fr;446.0;Original GTFS (Snap-Distanz 3m) | Auf Route gesnappt (3m);275.9;13.76;asphalt;tertiary_link;
Routenpunkt (Way);T;;49.444662;8.754081;50.0;;;;;;Interpoliert (15m);277.4;13.79;asphalt;tertiary_link;
Routenpunkt (Way);T;;49.444768;8.75411;50.0;;;;;;Interpoliert (15m);278.1;13.65;asphalt;tertiary_link;
Routenpunkt (Way);T;Wilhelmsfelder Straße;49.444875;8.754139;50.0;;;;;;Original OSM;278.8;6.81;asphalt;tertiary_link;
Routenpunkt (Way);T;;49.445001;8.754114;50.0;;;;;;Interpoliert (15m);279.5;5.3;asphalt;tertiary_link;
Routenpunkt (Way);T;;49.445127;8.754088;50.0;;;;;;Interpoliert (15m);280.2;6.27;asphalt;tertiary_link;
Routenpunkt (Way);T;Wilhelmsfelder Straße;49.445253;8.754063;50.0;;;;;;Interpoliert;280.9;7.24;asphalt;tertiary_link;
Routenpunkt (Way);T;Wilhelmsfelder Straße;49.445384;8.754015;50.0;;;;;;Interpoliert;282.5;8.39;asphalt;tertiary_link;
Routenpunkt (Way);T;Wilhelmsfelder Straße;49.445515;8.753966;50.0;;;;;;Interpoliert;284.1;8.6;asphalt;tertiary_link;
Routenpunkt (Way);T;Wilhelmsfelder Straße;49.445646;8.753918;50.0;;;;;;Interpoliert;285.7;8.81;asphalt;tertiary_link;
Routenpunkt (Way);T;Wilhelmsfelder Straße;49.445777;8.753869;50.0;;;;;;Interpoliert;286.6;7.88;asphalt;tertiary_link;
Routenpunkt (Way);T;Wilhelmsfelder Straße;49.445908;8.753821;50.0;;;;;;Interpoliert;287.5;7.61;asphalt;tertiary_link;
Routenpunkt (Way);T;Wilhelmsfelder Straße;49.446039;8.753772;50.0;;;;;;Interpoliert;288.4;7.34;asphalt;tertiary_link;
Routenpunkt (Way);T;Wilhelmsfelder Straße;49.44617;8.753724;50.0;;;;;;Interpoliert;289.8;8.01;asphalt;tertiary_link;
Routenpunkt (Way);T;Wilhelmsfelder Straße;49.446301;8.753675;50.0;;;;;;Interpoliert;291.2;8.68;asphalt;tertiary_link;
Routenpunkt (Way);T;Wilhelmsfelder Straße;49.446432;8.753627;50.0;;;;;;Interpoliert;292.6;8.14;asphalt;tertiary_link;
Routenpunkt (Way);T;Wilhelmsfelder Straße;49.446563;8.753578;50.0;;;;;;Interpoliert;294.0;6.94;asphalt;tertiary_link;
Routenpunkt (Way);T;Wilhelmsfelder Straße;49.446694;8.75353;50.0;;;;;;Interpoliert;294.5;5.74;asphalt;tertiary_link;
Routenpunkt (Way);T;Wilhelmsfelder Straße;49.446825;8.753481;50.0;;;;;;Interpoliert;295.0;5.47;asphalt;tertiary_link;
Routenpunkt (Way);T;Wilhelmsfelder Straße;49.446956;8.753433;50.0;;;;;;Interpoliert;295.5;5.21;asphalt;tertiary_link;
Routenpunkt (Way);T;Wilhelmsfelder Straße;49.447087;8.753384;50.0;;;;;;Interpoliert;296.7;6.14;asphalt;tertiary_link;
Routenpunkt (Way);T;Wilhelmsfelder Straße;49.447218;8.753336;50.0;;;;;;Interpoliert;297.9;6.41;asphalt;tertiary_link;
Routenpunkt (Way);T;Wilhelmsfelder Straße;49.447349;8.753287;50.0;;;;;;Interpoliert;299.1;6.67;asphalt;tertiary_link;
Routenpunkt (Way);T;Wilhelmsfelder Straße;49.44748;8.753239;50.0;;;;;;Interpoliert;299.8;6.23;asphalt;tertiary_link;
Routenpunkt (Way);T;Wilhelmsfelder Straße;49.447611;8.75319;50.0;;;;;;Original OSM;300.5;5.95;asphalt;tertiary_link;
Routenpunkt (Way);T;Wilhelmsfelder Straße;49.44772;8.753179;50.0;;;;;;Interpoliert;301.2;6.05;asphalt;tertiary_link;
Routenpunkt (Way);T;;49.447815;8.753181;50.0;;;;;;Interpoliert (15m);301.9;7.99;asphalt;tertiary_link;
Routenpunkt (Way);T;Wilhelmsfelder Straße;49.44791;8.753183;50.0;;;;;;Original OSM;302.8;9.93;asphalt;tertiary_link;
Routenpunkt (Way);T;;49.447996;8.753209;50.0;;;;;;Interpoliert (15m);304.2;9.85;asphalt;tertiary_link;
Routenpunkt (Way);T;Wilhelmsfelder Straße;49.448082;8.753235;50.0;;;;;;Interpoliert;305.6;9.59;asphalt;tertiary_link;
Routenpunkt (Way);T;Wilhelmsfelder Straße;49.448194;8.753283;50.0;;;;;;Original OSM;306.3;8.94;asphalt;tertiary_link;
Routenpunkt (Way);T;;49.448308;8.753337;50.0;;;;;;Interpoliert (15m);307.0;6.07;asphalt;tertiary_link;
Routenpunkt (Way);T;Wilhelmsfelder Straße;49.448421;8.753392;50.0;;;;;;Interpoliert;307.7;4.23;asphalt;tertiary_link;
Haltestelle;W;Ziegelhausen, Schweizertalstr.;49.448421;8.753392;50.0;07:59:00;07:59:00;Kein Umlauf;Mo,Di,Mi,Do,Fr;446.0;Original GTFS (Snap-Distanz 6m) | Auf Route gesnappt (6m);308.4;4.18;asphalt;tertiary_link;
Routenpunkt (Way);T;Wilhelmsfelder Straße;49.448537;8.753449;50.0;;;;;;Interpoliert;309.1;4.74;asphalt;tertiary_link;
Routenpunkt (Way);T;Wilhelmsfelder Straße;49.448654;8.753505;50.0;;;;;;Interpoliert;309.8;5.01;asphalt;tertiary_link;
Routenpunkt (Way);T;Wilhelmsfelder Straße;49.44877;8.753562;50.0;;;;;;Interpoliert;310.9;5.6;asphalt;tertiary_link;
Routenpunkt (Way);T;Wilhelmsfelder Straße;49.448887;8.753618;50.0;;;;;;Interpoliert;311.8;5.16;asphalt;tertiary_link;
Routenpunkt (Way);T;Wilhelmsfelder Straße;49.449003;8.753675;50.0;;;;;;Interpoliert;312.2;4.81;asphalt;tertiary_link;
Routenpunkt (Way);T;Wilhelmsfelder Straße;49.44912;8.753731;50.0;;;;;;Original OSM;312.6;3.81;asphalt;tertiary_link;
Routenpunkt (Way);T;Wilhelmsfelder Straße;49.449221;8.753775;50.0;;;;;;Interpoliert;313.0;3.11;asphalt;tertiary_link;
Routenpunkt (Way);T;;49.449331;8.75383;50.0;;;;;;Interpoliert (15m);313.4;3.04;asphalt;tertiary_link;
Routenpunkt (Way);T;Wilhelmsfelder Straße;49.449441;8.753885;50.0;;;;;;Original OSM;313.8;3.1;asphalt;tertiary_link;
Routenpunkt (Way);T;;49.449538;8.753957;50.0;;;;;;Interpoliert (15m);314.11;3.25;asphalt;tertiary_link;
Routenpunkt (Way);T;;49.449635;8.754028;50.0;;;;;;Interpoliert (15m);314.5;2.63;asphalt;tertiary_link;
Routenpunkt (Way);T;Wilhelmsfelder Straße;49.449732;8.7541;50.0;;;;;;Original OSM;315.0;2.51;asphalt;tertiary_link;
Haltestelle;W;Ziegelhausen, Heidebuckelweg;49.449816;8.75415;50.0;08:00:00;08:00:00;Kein Umlauf;Mo,Di,Mi,Do,Fr;446.0;Original GTFS (Snap-Distanz 3m) | Auf Route gesnappt (3m);315.0;2.48;asphalt;tertiary_link;
