Typ;Name;Latitude;Longitude;Tempolimit;Details
Ampel;Ampel;49.4745208;8.4866182;;Traffic Signal
Ampel;Ampel;49.4740119;8.4826772;;Traffic Signal
Ampel;Ampel;49.4847487;8.4746843;;Traffic Signal
Ampel;Ampel;49.4838816;8.4739523;;Traffic Signal
Ampel;Ampel;49.4980121;8.4887114;;Traffic Signal
Ampel;Ampel;49.4987451;8.4841491;;Traffic Signal
Ampel;Ampel;49.4687894;8.4838222;;Traffic Signal
Ampel;Ampel;49.4818285;8.4809333;;Traffic Signal
Ampel;Ampel;49.4740024;8.4857736;;Traffic Signal
Haltestelle;Universität West;49.4876343;8.4575249;;Bus Stop
Haltestelle;August-Bebel-Straße;49.4669281;8.4800938;;Bus Stop
Ampel;Ampel;49.4843918;8.4628763;;Traffic Signal
Haltestelle;Popakademie;49.4964074;8.4574643;;Bus Stop
Ampel;Ampel;49.4967354;8.4591754;;Traffic Signal
Haltestelle;Mühldorferstraße;49.4769789;8.4880286;;Bus Stop
Haltestelle;Pfalzplatz;49.4646813;8.4697589;;Bus Stop
Haltestelle;Markuskirche;49.4650337;8.4750952;;Bus Stop
Haltestelle;Wasserturm Steig D;49.4842581;8.4740758;;Bus Stop
Haltestelle;Max-Joseph-Straße;49.4997121;8.4763763;;Bus Stop
Ampel;Ampel;49.4991864;8.4804114;;Traffic Signal
Haltestelle;Otto-Beck-Straße;49.4804847;8.4842029;;Bus Stop
Haltestelle;Mensa am Schloss;49.4866275;8.4591851;;Bus Stop
Ampel;Ampel;49.4854012;8.4606241;;Traffic Signal
Ampel;Ampel;49.4849646;8.46143;;Traffic Signal
Ampel;Ampel;49.4836176;8.4739824;;Traffic Signal
Haltestelle;Teufelsbrücke;49.4945844;8.4571259;;Bus Stop
Ampel;Ampel;49.4911283;8.4565222;;Traffic Signal
Ampel;Ampel;49.4849069;8.4751317;;Traffic Signal
Ampel;Ampel;49.501497;8.500131;;Traffic Signal
Ampel;Ampel;49.5034561;8.4601332;;Traffic Signal
Ampel;Ampel;49.5045419;8.4616742;;Traffic Signal
Ampel;Ampel;49.4737182;8.4825563;;Traffic Signal
Ampel;Ampel;49.4740249;8.4835775;;Traffic Signal
Haltestelle;Hochschule;49.4696684;8.4839551;;Bus Stop
Ampel;Ampel;49.482944;8.4779013;;Traffic Signal
Haltestelle;Am Friedrichsplatz;49.4824836;8.4790373;;Bus Stop
Ampel;Ampel;49.4824561;8.4793313;;Traffic Signal
Haltestelle;Kunstverein;49.4792136;8.4874349;;Bus Stop
Haltestelle;Möhlstraße;49.4745868;8.4866315;;Bus Stop
Ampel;Ampel;49.4833836;8.4748934;;Traffic Signal
Haltestelle;Bonifatiuskirche;49.4997633;8.4908048;;Bus Stop
Haltestelle;Akademiestraße;49.4924466;8.4567084;;Bus Stop
Haltestelle;Kunsthalle Steig G;49.4822812;8.4728044;;Bus Stop
Haltestelle;Ida-Scipio-Heim;49.499282;8.4802035;;Bus Stop
Haltestelle;Käfertaler Straße;49.5023038;8.5014572;;Bus Stop
Haltestelle;Moselstraße;49.4988625;8.4835762;;Bus Stop
Ampel;Ampel;49.4834188;8.4747958;;Traffic Signal
Haltestelle;Mannheim, Hauptbahnhof;49.4800881;8.4699594;;Bus Stop
Haltestelle;Universität;49.4817053;8.4653654;;Bus Stop
Ampel;Ampel;49.4917726;8.4566377;;Traffic Signal
Ampel;Ampel;49.4808005;8.4835575;;Traffic Signal
Ampel;Ampel;49.4842919;8.4746586;;Traffic Signal
Ampel;Ampel;49.48271;8.4730774;;Traffic Signal
Ampel;Ampel;49.4990116;8.4898204;;Traffic Signal
Haltestelle;Wohlgelegen EKZ;49.5037279;8.4996373;;Bus Stop
Haltestelle;Brauerei;49.4959716;8.4897994;;Bus Stop
Haltestelle;Ludolf-Krehl-Straße;49.497432;8.4924832;;Bus Stop
Haltestelle;Bonifatiuskirche;49.4989392;8.4896808;;Bus Stop
Haltestelle;Halt;49.4990464;8.4886619;;Bus Stop
Ampel;Ampel;49.4944015;8.4571521;;Traffic Signal
Ampel;Ampel;49.5046403;8.4703025;;Traffic Signal
Ampel;Ampel;49.5053654;8.4700728;;Traffic Signal
Ampel;Ampel;49.4985925;8.4890142;;Traffic Signal
Ampel;Ampel;49.4982679;8.4882463;;Traffic Signal
Haltestelle;Popakademie;49.4964017;8.4575239;;Bus Stop
Haltestelle;Pfalzplatz;49.4647028;8.469763;;Bus Stop
Ampel;Ampel;49.5055301;8.4634667;;Traffic Signal
Ampel;Ampel;49.4998277;8.475753;;Traffic Signal
Ampel;Ampel;49.4997223;8.4760046;;Traffic Signal
Ampel;Ampel;49.5055676;8.4696409;;Traffic Signal
Haltestelle;Zeppelinstraße;49.5059836;8.4663293;;Bus Stop
Haltestelle;Herzogenriedbad;49.5040151;8.4762611;;Bus Stop
Haltestelle;Neuer Meßplatz;49.5046334;8.4709417;;Bus Stop
Ampel;Ampel;49.5001346;8.4884727;;Traffic Signal
Ampel;Ampel;49.5002749;8.4885981;;Traffic Signal
Ampel;Ampel;49.4997643;8.4909702;;Traffic Signal
Ampel;Ampel;49.4970031;8.4918227;;Traffic Signal
Ampel;Ampel;49.4970409;8.4918939;;Traffic Signal
Ampel;Ampel;49.499052;8.4955841;;Traffic Signal
Ampel;Ampel;49.4992272;8.4959147;;Traffic Signal
Routenpunkt (Way);Unbekannt;49.4839904;8.4739489;50;Original OSM
Routenpunkt (Way);Unbekannt;49.4838816;8.4739523;50;Original OSM
Routenpunkt (Way);Unbekannt;49.4838482;8.4739611;50;Original OSM
Routenpunkt (Way);Unbekannt;49.4838248;8.4739718;50;Original OSM
Routenpunkt (Way);Unbekannt;49.4837911;8.4739915;50;Original OSM
Routenpunkt (Way);Unbekannt;49.4837591;8.474013;50;Original OSM
Routenpunkt (Way);Unbekannt;49.4836982;8.4740617;50;Original OSM
Routenpunkt (Way);Kaiserring;49.4834774;8.4738472;50;Original OSM
Routenpunkt (Way);Kaiserring;49.4835475;8.4739148;50;Interpoliert
Routenpunkt (Way);Kaiserring;49.4836176;8.4739824;50;Original OSM
Routenpunkt (Way);Kaiserring;49.4836982;8.4740617;50;Original OSM
Routenpunkt (Way);Unbekannt;49.4997881;8.4608205;50;Original OSM
Routenpunkt (Way);Unbekannt;49.4997138;8.46082445;50;Interpoliert
Routenpunkt (Way);Unbekannt;49.4996395;8.4608284;50;Original OSM
Routenpunkt (Way);Unbekannt;49.499567299999995;8.460821500000002;50;Interpoliert
Routenpunkt (Way);Unbekannt;49.4994951;8.4608146;50;Original OSM
Routenpunkt (Way);Unbekannt;49.4993916;8.4607907;50;Original OSM
Routenpunkt (Way);Unbekannt;49.4992968;8.4607551;50;Original OSM
Routenpunkt (Way);Unbekannt;49.49922455;8.46071885;50;Interpoliert
Routenpunkt (Way);Unbekannt;49.4991523;8.4606826;50;Original OSM
Routenpunkt (Way);Unbekannt;49.4990354;8.4606022;50;Original OSM
Routenpunkt (Way);Unbekannt;49.498954;8.46052675;50;Interpoliert
Routenpunkt (Way);Unbekannt;49.4988726;8.4604513;50;Original OSM
Routenpunkt (Way);Unbekannt;49.49876544285714;8.4603514;50;Interpoliert
Routenpunkt (Way);Unbekannt;49.498658285714285;8.4602515;50;Interpoliert
Routenpunkt (Way);Unbekannt;49.49855112857143;8.4601516;50;Interpoliert
Routenpunkt (Way);Unbekannt;49.49844397142857;8.460051700000001;50;Interpoliert
Routenpunkt (Way);Unbekannt;49.498336814285715;8.4599518;50;Interpoliert
Routenpunkt (Way);Unbekannt;49.49822965714286;8.4598519;50;Interpoliert
Routenpunkt (Way);Unbekannt;49.4981225;8.459752;50;Original OSM
Routenpunkt (Way);Unbekannt;49.498027300000004;8.45966675;50;Interpoliert
Routenpunkt (Way);Unbekannt;49.4979321;8.4595815;50;Original OSM
Routenpunkt (Way);Unbekannt;49.4978148;8.4595024;50;Original OSM
Routenpunkt (Way);Unbekannt;49.4976925;8.4594303;50;Original OSM
Routenpunkt (Way);Unbekannt;49.497597150000004;8.4593926;50;Interpoliert
Routenpunkt (Way);Unbekannt;49.4975018;8.4593549;50;Original OSM
Routenpunkt (Way);Unbekannt;49.4882176;8.4561891;30;Original OSM
Routenpunkt (Way);Unbekannt;49.4881703;8.4562833;30;Original OSM
Routenpunkt (Way);Unbekannt;49.4883412;8.4560481;50;Original OSM
Routenpunkt (Way);Unbekannt;49.488279399999996;8.4561186;50;Interpoliert
Routenpunkt (Way);Unbekannt;49.4882176;8.4561891;50;Original OSM
Routenpunkt (Way);Grenadierstraße;49.5001964;8.4904652;50;Original OSM
Routenpunkt (Way);Grenadierstraße;49.50011046666667;8.490563933333332;50;Interpoliert
Routenpunkt (Way);Grenadierstraße;49.50002453333333;8.490662666666667;50;Interpoliert
Routenpunkt (Way);Grenadierstraße;49.4999386;8.4907614;50;Original OSM
Routenpunkt (Way);Grenadierstraße;49.49985145;8.4908658;50;Interpoliert
Routenpunkt (Way);Grenadierstraße;49.4997643;8.4909702;50;Original OSM
Routenpunkt (Way);Grenadierstraße;49.4997133;8.4910314;50;Original OSM
Routenpunkt (Way);Kaiserring;49.4811213;8.4715663;50;Original OSM
Routenpunkt (Way);Kaiserring;49.481182149999995;8.4716257;50;Interpoliert
Routenpunkt (Way);Kaiserring;49.481243;8.4716851;50;Original OSM
Routenpunkt (Way);Hafenstraße;49.4905434;8.4564188;50;Original OSM
Routenpunkt (Way);Hafenstraße;49.490414;8.456393799999999;50;Interpoliert
Routenpunkt (Way);Hafenstraße;49.4902846;8.4563688;50;Interpoliert
Routenpunkt (Way);Hafenstraße;49.4901552;8.456343799999999;50;Interpoliert
Routenpunkt (Way);Hafenstraße;49.4900258;8.4563188;50;Interpoliert
Routenpunkt (Way);Hafenstraße;49.4898964;8.4562938;50;Original OSM
Routenpunkt (Way);Hafenstraße;49.4905434;8.4564188;;Original OSM
Routenpunkt (Way);Hafenstraße;49.49066285;8.4564395;;Interpoliert
Routenpunkt (Way);Hafenstraße;49.4907823;8.4564602;;Original OSM
Routenpunkt (Way);Hafenstraße;49.4909027;8.45648105;;Interpoliert
Routenpunkt (Way);Hafenstraße;49.4910231;8.4565019;;Original OSM
Routenpunkt (Way);Neckarauer Straße;49.4691759;8.4837241;50;Original OSM
Routenpunkt (Way);Neckarauer Straße;49.469104;8.4837384;50;Original OSM
Routenpunkt (Way);Neckarauer Straße;49.4689707;8.4837687;50;Original OSM
Routenpunkt (Way);Neckarauer Straße;49.468880049999996;8.48379545;50;Interpoliert
Routenpunkt (Way);Neckarauer Straße;49.4687894;8.4838222;50;Original OSM
Routenpunkt (Way);Waldhofstraße;49.5055522;8.4698223;;Original OSM
Routenpunkt (Way);Waldhofstraße;49.5055454;8.4699245;;Original OSM
Routenpunkt (Way);Waldhofstraße;49.5055427;8.4699644;;Original OSM
Routenpunkt (Way);Waldhofstraße;49.5055367;8.4700546;;Original OSM
Routenpunkt (Way);Friedrich-Ebert-Straße;49.4996606;8.4911023;50;Original OSM
Routenpunkt (Way);Friedrich-Ebert-Straße;49.4996177;8.491002949999999;50;Interpoliert
Routenpunkt (Way);Friedrich-Ebert-Straße;49.4995748;8.4909036;50;Original OSM
Routenpunkt (Way);Friedrich-Ebert-Straße;49.49952125;8.49079975;50;Interpoliert
Routenpunkt (Way);Friedrich-Ebert-Straße;49.4994677;8.4906959;50;Original OSM
Routenpunkt (Way);Friedrich-Ebert-Straße;49.49939168333333;8.490549983333334;50;Interpoliert
Routenpunkt (Way);Friedrich-Ebert-Straße;49.49931566666667;8.490404066666667;50;Interpoliert
Routenpunkt (Way);Friedrich-Ebert-Straße;49.49923965;8.490258149999999;50;Interpoliert
Routenpunkt (Way);Friedrich-Ebert-Straße;49.49916363333333;8.490112233333333;50;Interpoliert
Routenpunkt (Way);Friedrich-Ebert-Straße;49.49908761666667;8.489966316666667;50;Interpoliert
Routenpunkt (Way);Friedrich-Ebert-Straße;49.4990116;8.4898204;50;Original OSM
Routenpunkt (Way);Friedrich-Ebert-Straße;49.4989392;8.4896808;50;Original OSM
Routenpunkt (Way);Friedrich-Ebert-Straße;49.4988741;8.4895551;50;Interpoliert
Routenpunkt (Way);Friedrich-Ebert-Straße;49.498809;8.4894294;50;Original OSM
Routenpunkt (Way);Friedrich-Ebert-Straße;49.4984054;8.4886952;50;Original OSM
Routenpunkt (Way);Friedrich-Ebert-Straße;49.4983707;8.4886456;50;Original OSM
Routenpunkt (Way);Friedrich-Ebert-Straße;49.49830665;8.4885687;50;Interpoliert
Routenpunkt (Way);Friedrich-Ebert-Straße;49.4982426;8.4884918;50;Original OSM
Routenpunkt (Way);Bismarckstraße;49.4859039;8.4592972;50;Original OSM
Routenpunkt (Way);Bismarckstraße;49.485856299999995;8.45942845;50;Interpoliert
Routenpunkt (Way);Bismarckstraße;49.4858087;8.4595597;50;Original OSM
Routenpunkt (Way);Bismarckstraße;49.485772350000005;8.4596579;50;Interpoliert
Routenpunkt (Way);Bismarckstraße;49.485736;8.4597561;50;Original OSM
Routenpunkt (Way);Bismarckstraße;49.4857015;8.4598456;50;Original OSM
Routenpunkt (Way);Bismarckstraße;49.485636899999996;8.460014625;50;Interpoliert
Routenpunkt (Way);Bismarckstraße;49.4855723;8.46018365;50;Interpoliert
Routenpunkt (Way);Bismarckstraße;49.4855077;8.460352675;50;Interpoliert
Routenpunkt (Way);Bismarckstraße;49.4854431;8.4605217;50;Original OSM
Routenpunkt (Way);Bismarckstraße;49.4854012;8.4606241;50;Original OSM
Routenpunkt (Way);Freherstraße;49.4975018;8.4593549;50;Original OSM
Routenpunkt (Way);Freherstraße;49.4973844;8.4593358;50;Original OSM
Routenpunkt (Way);Freherstraße;49.4972801;8.4593267;50;Original OSM
Routenpunkt (Way);Unbekannt;49.5021327;8.4592355;50;Original OSM
Routenpunkt (Way);Unbekannt;49.502055049999996;8.45923935;50;Interpoliert
Routenpunkt (Way);Unbekannt;49.5019774;8.4592432;50;Original OSM
Routenpunkt (Way);Unbekannt;49.50189625;8.4592642;50;Interpoliert
Routenpunkt (Way);Unbekannt;49.5018151;8.4592852;50;Original OSM
Routenpunkt (Way);Unbekannt;49.50174735;8.4593091;50;Interpoliert
Routenpunkt (Way);Unbekannt;49.5016796;8.459333;50;Original OSM
Routenpunkt (Way);Unbekannt;49.5016796;8.459333;50;Original OSM
Routenpunkt (Way);Unbekannt;49.501598900000005;8.4593745;50;Interpoliert
Routenpunkt (Way);Unbekannt;49.5015182;8.459416;50;Original OSM
Routenpunkt (Way);Unbekannt;49.5014355;8.4594659;50;Interpoliert
Routenpunkt (Way);Unbekannt;49.5013528;8.4595158;50;Original OSM
Routenpunkt (Way);Unbekannt;49.501265333333336;8.459587066666666;50;Interpoliert
Routenpunkt (Way);Unbekannt;49.501177866666666;8.459658333333334;50;Interpoliert
Routenpunkt (Way);Unbekannt;49.5010904;8.4597296;50;Original OSM
Routenpunkt (Way);Unbekannt;49.50100506666667;8.459807733333333;50;Interpoliert
Routenpunkt (Way);Unbekannt;49.50091973333333;8.459885866666665;50;Interpoliert
Routenpunkt (Way);Unbekannt;49.5008344;8.459964;50;Original OSM
Routenpunkt (Way);Unbekannt;49.5007345;8.460069066666666;50;Interpoliert
Routenpunkt (Way);Unbekannt;49.500634600000005;8.460174133333334;50;Interpoliert
Routenpunkt (Way);Unbekannt;49.5005347;8.4602792;50;Original OSM
Routenpunkt (Way);Unbekannt;49.50042953333333;8.460384966666666;50;Interpoliert
Routenpunkt (Way);Unbekannt;49.50032436666667;8.460490733333334;50;Interpoliert
Routenpunkt (Way);Unbekannt;49.5002192;8.4605965;50;Original OSM
Routenpunkt (Way);Unbekannt;49.50015595;8.4606421;50;Interpoliert
Routenpunkt (Way);Unbekannt;49.5000927;8.4606877;50;Original OSM
Routenpunkt (Way);Unbekannt;49.499983;8.4607519;50;Original OSM
Routenpunkt (Way);Unbekannt;49.4998918;8.4607896;50;Original OSM
Routenpunkt (Way);Unbekannt;49.4997881;8.4608205;50;Original OSM
Routenpunkt (Way);Viehhofstraße;49.4743289;8.4864424;50;Original OSM
Routenpunkt (Way);Viehhofstraße;49.4742653;8.48637175;50;Interpoliert
Routenpunkt (Way);Viehhofstraße;49.4742017;8.4863011;50;Original OSM
Routenpunkt (Way);Viehhofstraße;49.4741297;8.486182;50;Original OSM
Routenpunkt (Way);Viehhofstraße;49.4740809;8.4860843;50;Original OSM
Routenpunkt (Way);Viehhofstraße;49.4740452;8.4859874;50;Original OSM
Routenpunkt (Way);Viehhofstraße;49.4740202;8.4858897;50;Original OSM
Routenpunkt (Way);Viehhofstraße;49.4740024;8.4857736;50;Original OSM
Routenpunkt (Way);Viehhofstraße;49.4739993;8.4856138;50;Interpoliert
Routenpunkt (Way);Viehhofstraße;49.4739962;8.485454;50;Original OSM
Routenpunkt (Way);Kaiserring;49.4844667;8.4744411;50;Original OSM
Routenpunkt (Way);Kaiserring;49.4843869;8.4743644;50;Original OSM
Routenpunkt (Way);Kaiserring;49.4843544;8.4743341;50;Original OSM
Routenpunkt (Way);Friedrichsring;49.4843549;8.4747207;50;Original OSM
Routenpunkt (Way);Friedrichsring;49.4844576;8.4748233;50;Original OSM
Routenpunkt (Way);Friedrichsring;49.4850455;8.4749257;50;Original OSM
Routenpunkt (Way);Friedrichsring;49.48493565;8.4748359;50;Interpoliert
Routenpunkt (Way);Friedrichsring;49.4848258;8.4747461;50;Original OSM
Routenpunkt (Way);Schwetzinger Straße;49.4738178;8.4824352;50;Original OSM
Routenpunkt (Way);Schwetzinger Straße;49.4737182;8.4825563;50;Original OSM
Routenpunkt (Way);Schwetzinger Straße;49.4736483;8.48263535;50;Interpoliert
Routenpunkt (Way);Schwetzinger Straße;49.4735784;8.4827144;50;Original OSM
Routenpunkt (Way);Hafenstraße;49.4898964;8.4562938;50;Original OSM
Routenpunkt (Way);Hafenstraße;49.489822000000004;8.4562791;50;Interpoliert
Routenpunkt (Way);Hafenstraße;49.4897476;8.4562644;50;Original OSM
Routenpunkt (Way);Hafenstraße;49.489665099999996;8.456245599999999;50;Interpoliert
Routenpunkt (Way);Hafenstraße;49.4895826;8.4562268;50;Original OSM
Routenpunkt (Way);Hafenstraße;49.48948115;8.456235849999999;50;Interpoliert
Routenpunkt (Way);Hafenstraße;49.4893797;8.4562449;50;Original OSM
Routenpunkt (Way);Parkring;49.4893797;8.4562449;50;Original OSM
Routenpunkt (Way);Parkring;49.48927092;8.45622256;50;Interpoliert
Routenpunkt (Way);Parkring;49.48916214;8.45620022;50;Interpoliert
Routenpunkt (Way);Parkring;49.48905336;8.45617788;50;Interpoliert
Routenpunkt (Way);Parkring;49.488944579999995;8.45615554;50;Interpoliert
Routenpunkt (Way);Parkring;49.4888358;8.4561332;50;Original OSM
Routenpunkt (Way);Parkring;49.48876425;8.4561208;50;Interpoliert
Routenpunkt (Way);Parkring;49.4886927;8.4561084;50;Original OSM
Routenpunkt (Way);Bismarckstraße;49.4866395;8.4572645;50;Original OSM
Routenpunkt (Way);Bismarckstraße;49.48657511818182;8.457443054545456;50;Interpoliert
Routenpunkt (Way);Bismarckstraße;49.48651073636364;8.457621609090909;50;Interpoliert
Routenpunkt (Way);Bismarckstraße;49.48644635454546;8.457800163636364;50;Interpoliert
Routenpunkt (Way);Bismarckstraße;49.48638197272727;8.457978718181819;50;Interpoliert
Routenpunkt (Way);Bismarckstraße;49.48631759090909;8.458157272727274;50;Interpoliert
Routenpunkt (Way);Bismarckstraße;49.48625320909091;8.458335827272727;50;Interpoliert
Routenpunkt (Way);Bismarckstraße;49.48618882727273;8.458514381818182;50;Interpoliert
Routenpunkt (Way);Bismarckstraße;49.48612444545454;8.458692936363637;50;Interpoliert
Routenpunkt (Way);Bismarckstraße;49.48606006363636;8.458871490909091;50;Interpoliert
Routenpunkt (Way);Bismarckstraße;49.48599568181818;8.459050045454545;50;Interpoliert
Routenpunkt (Way);Bismarckstraße;49.4859313;8.4592286;50;Original OSM
Routenpunkt (Way);Unbekannt;49.4868878;8.4574731;50;Original OSM
Routenpunkt (Way);Unbekannt;49.4868451;8.4573527;50;Original OSM
Routenpunkt (Way);Unbekannt;49.4867816;8.457259;50;Original OSM
Routenpunkt (Way);Unbekannt;49.4867073;8.4572481;50;Original OSM
Routenpunkt (Way);Unbekannt;49.4866395;8.4572645;50;Original OSM
Routenpunkt (Way);Augustaanlage;49.4829117;8.4781328;50;Original OSM
Routenpunkt (Way);Augustaanlage;49.4828674;8.4782811;50;Original OSM
Routenpunkt (Way);Augustaanlage;49.4818285;8.4809333;50;Original OSM
Routenpunkt (Way);Augustaanlage;49.4817598;8.48110868;50;Interpoliert
Routenpunkt (Way);Augustaanlage;49.4816911;8.48128406;50;Interpoliert
Routenpunkt (Way);Augustaanlage;49.4816224;8.48145944;50;Interpoliert
Routenpunkt (Way);Augustaanlage;49.4815537;8.48163482;50;Interpoliert
Routenpunkt (Way);Augustaanlage;49.481485;8.4818102;50;Interpoliert
Routenpunkt (Way);Augustaanlage;49.4814163;8.48198558;50;Interpoliert
Routenpunkt (Way);Augustaanlage;49.4813476;8.48216096;50;Interpoliert
Routenpunkt (Way);Augustaanlage;49.4812789;8.48233634;50;Interpoliert
Routenpunkt (Way);Augustaanlage;49.4812102;8.48251172;50;Interpoliert
Routenpunkt (Way);Augustaanlage;49.4811415;8.4826871;50;Original OSM
Routenpunkt (Way);Augustaanlage;49.4823463;8.4796115;50;Original OSM
Routenpunkt (Way);Augustaanlage;49.48228156666667;8.479776733333335;50;Interpoliert
Routenpunkt (Way);Augustaanlage;49.48221683333333;8.479941966666667;50;Interpoliert
Routenpunkt (Way);Augustaanlage;49.4821521;8.480107199999999;50;Interpoliert
Routenpunkt (Way);Augustaanlage;49.48208736666667;8.480272433333333;50;Interpoliert
Routenpunkt (Way);Augustaanlage;49.48202263333333;8.480437666666667;50;Interpoliert
Routenpunkt (Way);Augustaanlage;49.4819579;8.4806029;50;Original OSM
Routenpunkt (Way);Unbekannt;49.4840473;8.4639068;;Original OSM
Routenpunkt (Way);Unbekannt;49.483994625;8.464042325000001;;Interpoliert
Routenpunkt (Way);Unbekannt;49.48394195;8.46417785;;Interpoliert
Routenpunkt (Way);Unbekannt;49.483889274999996;8.464313375;;Interpoliert
Routenpunkt (Way);Unbekannt;49.4838366;8.4644489;;Original OSM
Routenpunkt (Way);Unbekannt;49.4837699;8.464617500000001;;Interpoliert
Routenpunkt (Way);Unbekannt;49.4837032;8.4647861;;Interpoliert
Routenpunkt (Way);Unbekannt;49.4836365;8.4649547;;Original OSM
Routenpunkt (Way);Unbekannt;49.4835866;8.4650793;;Interpoliert
Routenpunkt (Way);Unbekannt;49.4835367;8.4652039;;Original OSM
Routenpunkt (Way);Unbekannt;49.483483750000005;8.4653299;;Interpoliert
Routenpunkt (Way);Unbekannt;49.4834308;8.4654559;;Original OSM
Routenpunkt (Way);Unbekannt;49.4834006;8.4655137;;Original OSM
Routenpunkt (Way);Unbekannt;49.4833676;8.4655648;;Original OSM
Routenpunkt (Way);Unbekannt;49.483337;8.465603;;Original OSM
Routenpunkt (Way);Unbekannt;49.4833131;8.4656404;;Original OSM
Routenpunkt (Way);Unbekannt;49.4832871;8.4656854;;Original OSM
Routenpunkt (Way);Zeppelinstraße;49.5055296;8.4638729;50;Original OSM
Routenpunkt (Way);Zeppelinstraße;49.5055179;8.4637412;50;Original OSM
Routenpunkt (Way);Zeppelinstraße;49.5055111;8.4635999;50;Original OSM
Routenpunkt (Way);Zeppelinstraße;49.5055301;8.4634667;50;Original OSM
Routenpunkt (Way);Zeppelinstraße;49.5055417;8.4633849;50;Original OSM
Routenpunkt (Way);Zeppelinstraße;49.5055775;8.4632202;50;Original OSM
Routenpunkt (Way);Zeppelinstraße;49.5059235;8.4666891;30;Original OSM
Routenpunkt (Way);Zeppelinstraße;49.5059131;8.4667907;30;Original OSM
Routenpunkt (Way);Zeppelinstraße;49.5058967;8.4669508;30;Original OSM
Routenpunkt (Way);Zeppelinstraße;49.5058827;8.46708745;30;Interpoliert
Routenpunkt (Way);Zeppelinstraße;49.5058687;8.4672241;30;Original OSM
Routenpunkt (Way);Zeppelinstraße;49.5058459875;8.4674028375;30;Interpoliert
Routenpunkt (Way);Zeppelinstraße;49.505823275;8.467581575;30;Interpoliert
Routenpunkt (Way);Zeppelinstraße;49.5058005625;8.4677603125;30;Interpoliert
Routenpunkt (Way);Zeppelinstraße;49.50577785;8.46793905;30;Interpoliert
Routenpunkt (Way);Zeppelinstraße;49.5057551375;8.4681177875;30;Interpoliert
Routenpunkt (Way);Zeppelinstraße;49.505732425000005;8.468296525;30;Interpoliert
Routenpunkt (Way);Zeppelinstraße;49.5057097125;8.4684752625;30;Interpoliert
Routenpunkt (Way);Zeppelinstraße;49.505687;8.468654;30;Original OSM
Routenpunkt (Way);Zeppelinstraße;49.50567095;8.4687852;30;Interpoliert
Routenpunkt (Way);Zeppelinstraße;49.5056549;8.4689164;30;Original OSM
Routenpunkt (Way);Zeppelinstraße;49.5056526;8.4689356;30;Original OSM
Routenpunkt (Way);Zeppelinstraße;49.5056352;8.469079933333333;30;Interpoliert
Routenpunkt (Way);Zeppelinstraße;49.505617799999996;8.469224266666666;30;Interpoliert
Routenpunkt (Way);Zeppelinstraße;49.5056004;8.4693686;30;Original OSM
Routenpunkt (Way);Zeppelinstraße;49.505584;8.469504749999999;30;Interpoliert
Routenpunkt (Way);Zeppelinstraße;49.5055676;8.4696409;30;Original OSM
Routenpunkt (Way);Zeppelinstraße;49.5055615;8.4696915;30;Original OSM
Routenpunkt (Way);Zeppelinstraße;49.5055573;8.4697266;30;Original OSM
Routenpunkt (Way);Zeppelinstraße;49.5055522;8.4698223;30;Original OSM
Routenpunkt (Way);Hafenstraße;49.4910231;8.4565019;50;Original OSM
Routenpunkt (Way);Hafenstraße;49.4911283;8.4565222;50;Original OSM
Routenpunkt (Way);Hafenstraße;49.4911653;8.4565285;50;Original OSM
Routenpunkt (Way);Hafenstraße;49.4912004;8.4565345;50;Original OSM
Routenpunkt (Way);Unbekannt;49.4739335;8.4825254;50;Original OSM
Routenpunkt (Way);Unbekannt;49.4738947;8.482485;50;Original OSM
Routenpunkt (Way);Unbekannt;49.4738701;8.4824665;50;Original OSM
Routenpunkt (Way);Unbekannt;49.4738178;8.4824352;50;Original OSM
Routenpunkt (Way);Hellingstraße;49.496661;8.4588801;50;Original OSM
Routenpunkt (Way);Hellingstraße;49.4966762;8.4586766;50;Interpoliert
Routenpunkt (Way);Hellingstraße;49.4966914;8.458473099999999;50;Interpoliert
Routenpunkt (Way);Hellingstraße;49.4967066;8.4582696;50;Original OSM
Routenpunkt (Way);Friedrich-Ebert-Straße;49.4984784;8.4888091;50;Original OSM
Routenpunkt (Way);Friedrich-Ebert-Straße;49.4984054;8.4886952;50;Original OSM
Routenpunkt (Way);Carl-Benz-Straße;49.4982647;8.488275;50;Original OSM
Routenpunkt (Way);Carl-Benz-Straße;49.4982679;8.4882463;50;Original OSM
Routenpunkt (Way);Carl-Benz-Straße;49.4982724;8.4881995;50;Original OSM
Routenpunkt (Way);Carl-Benz-Straße;49.4982813;8.488107;50;Original OSM
Routenpunkt (Way);Carl-Benz-Straße;49.4982813;8.488107;50;Original OSM
Routenpunkt (Way);Carl-Benz-Straße;49.49829975;8.4879411;50;Interpoliert
Routenpunkt (Way);Carl-Benz-Straße;49.4983182;8.4877752;50;Original OSM
Routenpunkt (Way);MA Hauptbahnhof;49.4800545;8.4700518;;Original OSM
Routenpunkt (Way);MA Hauptbahnhof;49.4800407;8.4700433;;Original OSM
Routenpunkt (Way);MA Hauptbahnhof;49.4800246;8.470034;;Original OSM
Routenpunkt (Way);MA Hauptbahnhof;49.48006264;8.4698716;;Interpoliert
Routenpunkt (Way);MA Hauptbahnhof;49.48010068;8.4697092;;Interpoliert
Routenpunkt (Way);MA Hauptbahnhof;49.48013872;8.4695468;;Interpoliert
Routenpunkt (Way);MA Hauptbahnhof;49.48017676;8.469384400000001;;Interpoliert
Routenpunkt (Way);MA Hauptbahnhof;49.4802148;8.469222;;Original OSM
Routenpunkt (Way);MA Hauptbahnhof;49.4802309;8.4691533;;Original OSM
Routenpunkt (Way);MA Hauptbahnhof;49.4802518;8.4691667;;Original OSM
Routenpunkt (Way);MA Hauptbahnhof;49.4802368;8.4692348;;Original OSM
Routenpunkt (Way);MA Hauptbahnhof;49.4802136;8.46933995;;Interpoliert
Routenpunkt (Way);MA Hauptbahnhof;49.4801904;8.4694451;;Original OSM
Routenpunkt (Way);MA Hauptbahnhof;49.4801684;8.469545;;Interpoliert
Routenpunkt (Way);MA Hauptbahnhof;49.4801464;8.4696449;;Original OSM
Routenpunkt (Way);MA Hauptbahnhof;49.48011576666667;8.469780533333333;;Interpoliert
Routenpunkt (Way);MA Hauptbahnhof;49.48008513333333;8.469916166666668;;Interpoliert
Routenpunkt (Way);MA Hauptbahnhof;49.4800545;8.4700518;;Original OSM
Routenpunkt (Way);Schwetzinger Straße;49.4735784;8.4827144;50;Original OSM
Routenpunkt (Way);Schwetzinger Straße;49.47348493333333;8.4828081;50;Interpoliert
Routenpunkt (Way);Schwetzinger Straße;49.47339146666667;8.4829018;50;Interpoliert
Routenpunkt (Way);Schwetzinger Straße;49.473298;8.4829955;50;Original OSM
Routenpunkt (Way);Schwetzinger Straße;49.4731868;8.48310295;50;Interpoliert
Routenpunkt (Way);Schwetzinger Straße;49.4730756;8.4832104;50;Original OSM
Routenpunkt (Way);Schwetzinger Straße;49.47297105;8.4833241;50;Interpoliert
Routenpunkt (Way);Schwetzinger Straße;49.4728665;8.4834378;50;Original OSM
Routenpunkt (Way);Viehhofstraße;49.4739962;8.485454;50;Original OSM
Routenpunkt (Way);Viehhofstraße;49.47399506666667;8.485282966666666;50;Interpoliert
Routenpunkt (Way);Viehhofstraße;49.47399393333333;8.485111933333334;50;Interpoliert
Routenpunkt (Way);Viehhofstraße;49.4739928;8.4849409;50;Original OSM
Routenpunkt (Way);Viehhofstraße;49.473992100000004;8.4848343;50;Interpoliert
Routenpunkt (Way);Viehhofstraße;49.4739914;8.4847277;50;Original OSM
Routenpunkt (Way);Viehhofstraße;49.4739903;8.4845693;50;Original OSM
Routenpunkt (Way);Viehhofstraße;49.4739942;8.4843765;50;Original OSM
Routenpunkt (Way);Viehhofstraße;49.4739949;8.4843391;50;Original OSM
Routenpunkt (Way);Viehhofstraße;49.4739974;8.4842615;50;Original OSM
Routenpunkt (Way);Unbekannt;49.4847932;8.4751329;50;Original OSM
Routenpunkt (Way);Unbekannt;49.4848778;8.4751479;50;Original OSM
Routenpunkt (Way);Hochschule;49.4699432;8.4839622;;Original OSM
Routenpunkt (Way);Hochschule;49.4699446;8.4839387;;Original OSM
Routenpunkt (Way);Hochschule;49.4699461;8.4839147;;Original OSM
Routenpunkt (Way);Hochschule;49.469813325000004;8.483889975;;Interpoliert
Routenpunkt (Way);Hochschule;49.46968055;8.483865250000001;;Interpoliert
Routenpunkt (Way);Hochschule;49.469547774999995;8.483840525;;Interpoliert
Routenpunkt (Way);Hochschule;49.469415;8.4838158;;Original OSM
Routenpunkt (Way);Hochschule;49.4694119;8.4838154;;Original OSM
Routenpunkt (Way);Hochschule;49.4694095;8.4838371;;Original OSM
Routenpunkt (Way);Hochschule;49.4694067;8.4838629;;Original OSM
Routenpunkt (Way);Hochschule;49.469514000000004;8.48388276;;Interpoliert
Routenpunkt (Way);Hochschule;49.4696213;8.48390262;;Interpoliert
Routenpunkt (Way);Hochschule;49.4697286;8.48392248;;Interpoliert
Routenpunkt (Way);Hochschule;49.4698359;8.48394234;;Interpoliert
Routenpunkt (Way);Hochschule;49.4699432;8.4839622;;Original OSM
Routenpunkt (Way);Friedrich-Ebert-Straße;49.5043003;8.5012033;50;Original OSM
Routenpunkt (Way);Friedrich-Ebert-Straße;49.5043162;8.50130725;50;Interpoliert
Routenpunkt (Way);Friedrich-Ebert-Straße;49.5043321;8.5014112;50;Original OSM
Routenpunkt (Way);Friedrich-Ebert-Straße;49.5043751;8.5015909;50;Original OSM
Routenpunkt (Way);Friedrich-Ebert-Straße;49.5037279;8.4996373;50;Original OSM
Routenpunkt (Way);Friedrich-Ebert-Straße;49.5037935;8.4997936;50;Interpoliert
Routenpunkt (Way);Friedrich-Ebert-Straße;49.5038591;8.4999499;50;Original OSM
Routenpunkt (Way);Friedrich-Ebert-Straße;49.5039181;8.500114966666667;50;Interpoliert
Routenpunkt (Way);Friedrich-Ebert-Straße;49.5039771;8.500280033333334;50;Interpoliert
Routenpunkt (Way);Friedrich-Ebert-Straße;49.5040361;8.5004451;50;Original OSM
Routenpunkt (Way);Friedrich-Ebert-Straße;49.5040763;8.5005593;50;Original OSM
Routenpunkt (Way);Friedrich-Ebert-Straße;49.50411;8.500655;50;Interpoliert
Routenpunkt (Way);Friedrich-Ebert-Straße;49.5041437;8.5007507;50;Original OSM
Routenpunkt (Way);Mühldorferstraße;49.4779623;8.4877157;30;Original OSM
Routenpunkt (Way);Mühldorferstraße;49.478046;8.4876819;30;Original OSM
Routenpunkt (Way);Mühldorferstraße;49.478119750000005;8.48765795;30;Interpoliert
Routenpunkt (Way);Mühldorferstraße;49.4781935;8.487634;30;Original OSM
Routenpunkt (Way);Mühldorferstraße;49.4782809;8.4876107;30;Original OSM
Routenpunkt (Way);Mühldorferstraße;49.4783278;8.4876235;30;Original OSM
Routenpunkt (Way);Mühldorferstraße;49.4783656;8.4876495;30;Original OSM
Routenpunkt (Way);Kaiserring;49.4836982;8.4740617;50;Original OSM
Routenpunkt (Way);Kaiserring;49.48379456;8.47415902;50;Interpoliert
Routenpunkt (Way);Kaiserring;49.48389092;8.47425634;50;Interpoliert
Routenpunkt (Way);Kaiserring;49.48398728;8.47435366;50;Interpoliert
Routenpunkt (Way);Kaiserring;49.48408364;8.47445098;50;Interpoliert
Routenpunkt (Way);Kaiserring;49.48418;8.4745483;50;Original OSM
Routenpunkt (Way);Friedrichsring;49.4845817;8.4749412;50;Original OSM
Routenpunkt (Way);Friedrichsring;49.48465165;8.4750046;50;Interpoliert
Routenpunkt (Way);Friedrichsring;49.4847216;8.475068;50;Original OSM
Routenpunkt (Way);Hellingstraße;49.4970055;8.4593839;50;Original OSM
Routenpunkt (Way);Hellingstraße;49.4969308;8.4593483;50;Interpoliert
Routenpunkt (Way);Hellingstraße;49.4968561;8.4593127;50;Original OSM
Routenpunkt (Way);Hellingstraße;49.4968037;8.4592724;50;Original OSM
Routenpunkt (Way);Hellingstraße;49.4967619;8.4592171;50;Original OSM
Routenpunkt (Way);Hellingstraße;49.4967354;8.4591754;50;Original OSM
Routenpunkt (Way);Hellingstraße;49.4967093;8.4591099;50;Original OSM
Routenpunkt (Way);Hellingstraße;49.496685150000005;8.458995;50;Interpoliert
Routenpunkt (Way);Hellingstraße;49.496661;8.4588801;50;Original OSM
Routenpunkt (Way);Hafenstraße;49.496556;8.4575535;50;Original OSM
Routenpunkt (Way);Hafenstraße;49.4966592;8.4575722;50;Original OSM
Routenpunkt (Way);Hafenstraße;49.4967145;8.4575823;50;Original OSM
Routenpunkt (Way);Augustaanlage;49.4806567;8.4839247;50;Original OSM
Routenpunkt (Way);Augustaanlage;49.4806156;8.4840295;50;Original OSM
Routenpunkt (Way);Augustaanlage;49.48054832;8.48420305;50;Interpoliert
Routenpunkt (Way);Augustaanlage;49.48048104;8.484376600000001;50;Interpoliert
Routenpunkt (Way);Augustaanlage;49.480413760000005;8.48455015;50;Interpoliert
Routenpunkt (Way);Augustaanlage;49.48034648;8.4847237;50;Interpoliert
Routenpunkt (Way);Augustaanlage;49.4802792;8.48489725;50;Interpoliert
Routenpunkt (Way);Augustaanlage;49.48021192;8.4850708;50;Interpoliert
Routenpunkt (Way);Augustaanlage;49.480144640000006;8.48524435;50;Interpoliert
Routenpunkt (Way);Augustaanlage;49.48007736;8.4854179;50;Interpoliert
Routenpunkt (Way);Augustaanlage;49.48001008;8.485591450000001;50;Interpoliert
Routenpunkt (Way);Augustaanlage;49.4799428;8.485765;50;Original OSM
Routenpunkt (Way);Augustaanlage;49.4799292;8.4857995;50;Original OSM
Routenpunkt (Way);Augustaanlage;49.4798805;8.485923433333333;50;Interpoliert
Routenpunkt (Way);Augustaanlage;49.4798318;8.486047366666668;50;Interpoliert
Routenpunkt (Way);Augustaanlage;49.4797831;8.4861713;50;Original OSM
Routenpunkt (Way);Augustaanlage;49.47972315714286;8.486327071428573;50;Interpoliert
Routenpunkt (Way);Augustaanlage;49.479663214285715;8.486482842857143;50;Interpoliert
Routenpunkt (Way);Augustaanlage;49.47960327142857;8.486638614285715;50;Interpoliert
Routenpunkt (Way);Augustaanlage;49.479543328571424;8.486794385714285;50;Interpoliert
Routenpunkt (Way);Augustaanlage;49.47948338571428;8.486950157142857;50;Interpoliert
Routenpunkt (Way);Augustaanlage;49.47942344285714;8.487105928571427;50;Interpoliert
Routenpunkt (Way);Augustaanlage;49.4793635;8.4872617;50;Original OSM
Routenpunkt (Way);Friedrichsplatz;49.4836982;8.4740617;50;Original OSM
Routenpunkt (Way);Friedrichsplatz;49.4836678;8.474144;50;Original OSM
Routenpunkt (Way);Augustaanlage;49.4829349;8.4778314;30;Original OSM
Routenpunkt (Way);Augustaanlage;49.482944;8.4779013;30;Original OSM
Routenpunkt (Way);Augustaanlage;49.482946;8.4779607;30;Original OSM
Routenpunkt (Way);Augustaanlage;49.4829422;8.4780349;30;Original OSM
Routenpunkt (Way);Augustaanlage;49.4829117;8.4781328;30;Original OSM
Routenpunkt (Way);Belchenstraße;49.4649496;8.4694979;30;Original OSM
Routenpunkt (Way);Belchenstraße;49.4649179;8.4694985;30;Original OSM
Routenpunkt (Way);Belchenstraße;49.46481955;8.46949655;30;Interpoliert
Routenpunkt (Way);Belchenstraße;49.4647212;8.4694946;30;Original OSM
Routenpunkt (Way);Belchenstraße;49.4646903;8.4694934;30;Original OSM
Routenpunkt (Way);Speyerer Straße;49.4650698;8.4754559;50;Original OSM
Routenpunkt (Way);Speyerer Straße;49.4650225;8.4752966;50;Original OSM
Routenpunkt (Way);Speyerer Straße;49.4650083;8.475249;50;Original OSM
Routenpunkt (Way);Speyerer Straße;49.46496745;8.4751115;50;Interpoliert
Routenpunkt (Way);Speyerer Straße;49.4649266;8.474974;50;Original OSM
Routenpunkt (Way);Speyerer Straße;49.4687894;8.4838222;50;Original OSM
Routenpunkt (Way);Speyerer Straße;49.4687261;8.483781350000001;50;Interpoliert
Routenpunkt (Way);Speyerer Straße;49.4686628;8.4837405;50;Original OSM
Routenpunkt (Way);Max-Joseph-Straße;49.5020287;8.4764235;30;Original OSM
Routenpunkt (Way);Max-Joseph-Straße;49.5019427;8.4763984;30;Original OSM
Routenpunkt (Way);Max-Joseph-Straße;49.5018383;8.4763705;30;Original OSM
Routenpunkt (Way);Max-Joseph-Straße;49.5017228;8.4763347;30;Original OSM
Routenpunkt (Way);Max-Joseph-Straße;49.501603550000006;8.4763033125;30;Interpoliert
Routenpunkt (Way);Max-Joseph-Straße;49.5014843;8.476271925;30;Interpoliert
Routenpunkt (Way);Max-Joseph-Straße;49.501365050000004;8.4762405375;30;Interpoliert
Routenpunkt (Way);Max-Joseph-Straße;49.50124580000001;8.47620915;30;Interpoliert
Routenpunkt (Way);Max-Joseph-Straße;49.50112655;8.4761777625;30;Interpoliert
Routenpunkt (Way);Max-Joseph-Straße;49.501007300000005;8.476146375;30;Interpoliert
Routenpunkt (Way);Max-Joseph-Straße;49.50088805;8.4761149875;30;Interpoliert
Routenpunkt (Way);Max-Joseph-Straße;49.5007688;8.4760836;30;Original OSM
Routenpunkt (Way);Max-Joseph-Straße;49.50064136666667;8.476048933333335;30;Interpoliert
Routenpunkt (Way);Max-Joseph-Straße;49.50051393333333;8.476014266666667;30;Interpoliert
Routenpunkt (Way);Max-Joseph-Straße;49.5003865;8.4759796;30;Original OSM
Routenpunkt (Way);Max-Joseph-Straße;49.50026533333333;8.475948266666666;30;Interpoliert
Routenpunkt (Way);Max-Joseph-Straße;49.500144166666665;8.475916933333334;30;Interpoliert
Routenpunkt (Way);Max-Joseph-Straße;49.500023;8.4758856;30;Original OSM
Routenpunkt (Way);Carl-Benz-Straße;49.4982647;8.488275;50;Original OSM
Routenpunkt (Way);Carl-Benz-Straße;49.4982573;8.4883474;50;Original OSM
Routenpunkt (Way);Carl-Benz-Straße;49.498254;8.4883796;50;Original OSM
Routenpunkt (Way);Friedrich-Ebert-Straße;49.4975705;8.4882652;50;Original OSM
Routenpunkt (Way);Friedrich-Ebert-Straße;49.49765565;8.48834575;50;Interpoliert
Routenpunkt (Way);Friedrich-Ebert-Straße;49.4977408;8.4884263;50;Original OSM
Routenpunkt (Way);Hochuferstraße;49.4984784;8.4888091;50;Original OSM
Routenpunkt (Way);Hochuferstraße;49.4985254;8.4887986;50;Original OSM
Routenpunkt (Way);Hochuferstraße;49.4986021;8.4887782;50;Original OSM
Routenpunkt (Way);Hochuferstraße;49.4986572;8.4887634;50;Original OSM
Routenpunkt (Way);Hochuferstraße;49.4987678;8.4887337;50;Original OSM
Routenpunkt (Way);Hochuferstraße;49.4981019;8.4888088;50;Original OSM
Routenpunkt (Way);Hochuferstraße;49.498219;8.4888177;50;Original OSM
Routenpunkt (Way);Kußmaulstraße;49.4967869;8.4878689;30;Original OSM
Routenpunkt (Way);Kußmaulstraße;49.4967551;8.4879309;30;Original OSM
Routenpunkt (Way);Kußmaulstraße;49.4967017;8.488034899999999;30;Interpoliert
Routenpunkt (Way);Kußmaulstraße;49.4966483;8.4881389;30;Original OSM
Routenpunkt (Way);Kußmaulstraße;49.49656963333333;8.488280133333333;30;Interpoliert
Routenpunkt (Way);Kußmaulstraße;49.49649096666667;8.488421366666666;30;Interpoliert
Routenpunkt (Way);Kußmaulstraße;49.4964123;8.4885626;30;Original OSM
Routenpunkt (Way);Käfertaler Straße;49.5020584;8.5011699;50;Original OSM
Routenpunkt (Way);Käfertaler Straße;49.5020867;8.5012144;50;Original OSM
Routenpunkt (Way);Käfertaler Straße;49.502182;8.5013503;50;Original OSM
Routenpunkt (Way);Käfertaler Straße;49.50226433333333;8.5015035;50;Interpoliert
Routenpunkt (Way);Käfertaler Straße;49.50234666666667;8.5016567;50;Interpoliert
Routenpunkt (Way);Käfertaler Straße;49.502429;8.5018099;50;Original OSM
Routenpunkt (Way);Käfertaler Straße;49.50251085;8.50196215;50;Interpoliert
Routenpunkt (Way);Käfertaler Straße;49.5025927;8.5021144;50;Original OSM
Routenpunkt (Way);Käfertaler Straße;49.5026528;8.5022263;50;Original OSM
Routenpunkt (Way);Ludwig-Jolly-Straße;49.5049622;8.4622954;50;Original OSM
Routenpunkt (Way);Ludwig-Jolly-Straße;49.5048959;8.4621974;50;Original OSM
Routenpunkt (Way);Unbekannt;49.4868949;8.4595852;30;Original OSM
Routenpunkt (Way);Unbekannt;49.48680885;8.45947565;30;Interpoliert
Routenpunkt (Way);Unbekannt;49.4867228;8.4593661;30;Original OSM
Routenpunkt (Way);Unbekannt;49.4866246;8.4592426;30;Interpoliert
Routenpunkt (Way);Unbekannt;49.4865264;8.4591191;30;Original OSM
Routenpunkt (Way);Bismarckstraße;49.4843281;8.4630385;50;Original OSM
Routenpunkt (Way);Bismarckstraße;49.4842637;8.4632044;50;Original OSM
Routenpunkt (Way);Bismarckstraße;49.4842227;8.4633099;50;Original OSM
Routenpunkt (Way);Unbekannt;49.4740763;8.4828784;50;Original OSM
Routenpunkt (Way);Unbekannt;49.4740441;8.482777800000001;50;Interpoliert
Routenpunkt (Way);Unbekannt;49.4740119;8.4826772;50;Original OSM
Routenpunkt (Way);Unbekannt;49.4739959;8.4826274;50;Original OSM
Routenpunkt (Way);Unbekannt;49.473973;8.4825828;50;Original OSM
Routenpunkt (Way);Unbekannt;49.4739335;8.4825254;50;Original OSM
Routenpunkt (Way);Untermühlaustraße;49.5056076;8.463082;50;Original OSM
Routenpunkt (Way);Untermühlaustraße;49.5055172;8.462976;50;Original OSM
Routenpunkt (Way);Untermühlaustraße;49.50541476666667;8.4628559;50;Interpoliert
Routenpunkt (Way);Untermühlaustraße;49.50531233333333;8.4627358;50;Interpoliert
Routenpunkt (Way);Untermühlaustraße;49.5052099;8.4626157;50;Original OSM
Routenpunkt (Way);Untermühlaustraße;49.50514285;8.462529;50;Interpoliert
Routenpunkt (Way);Untermühlaustraße;49.5050758;8.4624423;50;Original OSM
Routenpunkt (Way);Friedrich-Ebert-Straße;49.4986542;8.4891306;50;Original OSM
Routenpunkt (Way);Friedrich-Ebert-Straße;49.4985925;8.4890142;50;Original OSM
Routenpunkt (Way);Friedrich-Ebert-Straße;49.4985531;8.488938;50;Original OSM
Routenpunkt (Way);Friedrich-Ebert-Straße;49.4985154;8.4888735;50;Original OSM
Routenpunkt (Way);Friedrich-Ebert-Straße;49.4984784;8.4888091;50;Original OSM
Routenpunkt (Way);Friedrich-Ebert-Straße;49.498809;8.4894294;50;Original OSM
Routenpunkt (Way);Friedrich-Ebert-Straße;49.4987316;8.48928;50;Interpoliert
Routenpunkt (Way);Friedrich-Ebert-Straße;49.4986542;8.4891306;50;Original OSM
Routenpunkt (Way);Friedrich-Ebert-Straße;49.4977408;8.4884263;50;Original OSM
Routenpunkt (Way);Friedrich-Ebert-Straße;49.497831233333336;8.488521333333333;50;Interpoliert
Routenpunkt (Way);Friedrich-Ebert-Straße;49.49792166666666;8.488616366666667;50;Interpoliert
Routenpunkt (Way);Friedrich-Ebert-Straße;49.4980121;8.4887114;50;Original OSM
Routenpunkt (Way);Friedrich-Ebert-Straße;49.4980621;8.4887639;50;Original OSM
Routenpunkt (Way);Friedrich-Ebert-Straße;49.4981019;8.4888088;50;Original OSM
Routenpunkt (Way);Hochuferstraße;49.498219;8.4888177;50;Original OSM
Routenpunkt (Way);Hochuferstraße;49.4983033;8.4888233;50;Original OSM
Routenpunkt (Way);Hochuferstraße;49.498401;8.4888213;50;Original OSM
Routenpunkt (Way);Hochuferstraße;49.4984784;8.4888091;50;Original OSM
Routenpunkt (Way);Mühldorferstraße;49.4790594;8.4880392;50;Original OSM
Routenpunkt (Way);Mühldorferstraße;49.4789974;8.4880791;50;Original OSM
Routenpunkt (Way);Mühldorferstraße;49.4789583;8.4880939;50;Original OSM
Routenpunkt (Way);Mühldorferstraße;49.4789079;8.4881002;50;Original OSM
Routenpunkt (Way);Mühldorferstraße;49.4788396;8.4880785;50;Original OSM
Routenpunkt (Way);Augustaanlage;49.4793635;8.4872617;50;Original OSM
Routenpunkt (Way);Augustaanlage;49.4793127;8.4873903;50;Original OSM
Routenpunkt (Way);Augustaanlage;49.479249375;8.487552525;50;Interpoliert
Routenpunkt (Way);Augustaanlage;49.479186049999996;8.487714749999999;50;Interpoliert
Routenpunkt (Way);Augustaanlage;49.479122724999996;8.487876974999999;50;Interpoliert
Routenpunkt (Way);Augustaanlage;49.4790594;8.4880392;50;Original OSM
Routenpunkt (Way);Mühldorferstraße;49.4783656;8.4876495;30;Original OSM
Routenpunkt (Way);Mühldorferstraße;49.47847563333333;8.487749833333334;30;Interpoliert
Routenpunkt (Way);Mühldorferstraße;49.47858566666667;8.487850166666666;30;Interpoliert
Routenpunkt (Way);Mühldorferstraße;49.4786957;8.4879505;30;Original OSM
Routenpunkt (Way);Mühldorferstraße;49.47876765;8.4880145;30;Interpoliert
Routenpunkt (Way);Mühldorferstraße;49.4788396;8.4880785;30;Original OSM
Routenpunkt (Way);Friedrichsplatz;49.4833577;8.4749613;50;Original OSM
Routenpunkt (Way);Friedrichsplatz;49.4833462;8.4749897;50;Original OSM
Routenpunkt (Way);Friedrichsplatz;49.4833221;8.4750493;50;Original OSM
Routenpunkt (Way);Friedrichsplatz;49.48326598;8.4751941;50;Interpoliert
Routenpunkt (Way);Friedrichsplatz;49.48320986;8.4753389;50;Interpoliert
Routenpunkt (Way);Friedrichsplatz;49.48315374;8.4754837;50;Interpoliert
Routenpunkt (Way);Friedrichsplatz;49.48309762;8.475628500000001;50;Interpoliert
Routenpunkt (Way);Friedrichsplatz;49.4830415;8.4757733;50;Original OSM
Routenpunkt (Way);Friedrichsplatz;49.482988925;8.4759072;50;Interpoliert
Routenpunkt (Way);Friedrichsplatz;49.48293635;8.4760411;50;Interpoliert
Routenpunkt (Way);Friedrichsplatz;49.482883775;8.476175;50;Interpoliert
Routenpunkt (Way);Friedrichsplatz;49.4828312;8.4763089;50;Original OSM
Routenpunkt (Way);Friedrichsring;49.4844576;8.4748233;50;Original OSM
Routenpunkt (Way);Friedrichsring;49.484519649999996;8.47488225;50;Interpoliert
Routenpunkt (Way);Friedrichsring;49.4845817;8.4749412;50;Original OSM
Routenpunkt (Way);Kaiserring;49.4817229;8.4721439;50;Original OSM
Routenpunkt (Way);Kaiserring;49.4818107;8.4722315;50;Original OSM
Routenpunkt (Way);Unbekannt;49.4848778;8.4751479;50;Original OSM
Routenpunkt (Way);Unbekannt;49.4849069;8.4751317;50;Original OSM
Routenpunkt (Way);Unbekannt;49.4849622;8.4751006;50;Original OSM
Routenpunkt (Way);Unbekannt;49.4849881;8.4750771;50;Original OSM
Routenpunkt (Way);Unbekannt;49.4850049;8.4750382;50;Original OSM
Routenpunkt (Way);Unbekannt;49.4850455;8.4749257;50;Original OSM
Routenpunkt (Way);Unbekannt;49.4719393;8.484337;;Original OSM
Routenpunkt (Way);Unbekannt;49.471816100000005;8.484316728571429;;Interpoliert
Routenpunkt (Way);Unbekannt;49.4716929;8.484296457142857;;Interpoliert
Routenpunkt (Way);Unbekannt;49.4715697;8.484276185714286;;Interpoliert
Routenpunkt (Way);Unbekannt;49.4714465;8.484255914285715;;Interpoliert
Routenpunkt (Way);Unbekannt;49.4713233;8.484235642857143;;Interpoliert
Routenpunkt (Way);Unbekannt;49.4712001;8.484215371428572;;Interpoliert
Routenpunkt (Way);Unbekannt;49.4710769;8.4841951;;Original OSM
Routenpunkt (Way);Unbekannt;49.4720767;8.4843496;;Original OSM
Routenpunkt (Way);Unbekannt;49.4720176;8.4843471;;Original OSM
Routenpunkt (Way);Unbekannt;49.4719393;8.484337;;Original OSM
Routenpunkt (Way);Viehhofstraße;49.4740097;8.4840347;50;Original OSM
Routenpunkt (Way);Viehhofstraße;49.47401476666667;8.483882300000001;50;Interpoliert
Routenpunkt (Way);Viehhofstraße;49.47401983333334;8.4837299;50;Interpoliert
Routenpunkt (Way);Viehhofstraße;49.4740249;8.4835775;50;Original OSM
Routenpunkt (Way);Viehhofstraße;49.4740444;8.4832793;50;Original OSM
Routenpunkt (Way);Viehhofstraße;49.47406;8.4830823;50;Original OSM
Routenpunkt (Way);Viehhofstraße;49.4740763;8.4828784;50;Original OSM
Routenpunkt (Way);Viehhofstraße;49.4740249;8.4835775;50;Original OSM
Routenpunkt (Way);Viehhofstraße;49.47403465;8.483428400000001;50;Interpoliert
Routenpunkt (Way);Viehhofstraße;49.4740444;8.4832793;50;Original OSM
Routenpunkt (Way);Parkring;49.4886927;8.4561084;50;Original OSM
Routenpunkt (Way);Parkring;49.48857553333333;8.4560883;50;Interpoliert
Routenpunkt (Way);Parkring;49.48845836666667;8.4560682;50;Interpoliert
Routenpunkt (Way);Parkring;49.4883412;8.4560481;50;Original OSM
Routenpunkt (Way);Bismarckstraße;49.4849212;8.4615309;50;Original OSM
Routenpunkt (Way);Bismarckstraße;49.484855025;8.461699075;50;Interpoliert
Routenpunkt (Way);Bismarckstraße;49.48478885;8.46186725;50;Interpoliert
Routenpunkt (Way);Bismarckstraße;49.484722675;8.462035425;50;Interpoliert
Routenpunkt (Way);Bismarckstraße;49.4846565;8.462203599999999;50;Interpoliert
Routenpunkt (Way);Bismarckstraße;49.484590325;8.462371775;50;Interpoliert
Routenpunkt (Way);Bismarckstraße;49.48452415;8.46253995;50;Interpoliert
Routenpunkt (Way);Bismarckstraße;49.484457975;8.462708124999999;50;Interpoliert
Routenpunkt (Way);Bismarckstraße;49.4843918;8.4628763;50;Original OSM
Routenpunkt (Way);Bismarckstraße;49.4843281;8.4630385;50;Original OSM
Routenpunkt (Way);Freherstraße;49.4972801;8.4593267;50;Original OSM
Routenpunkt (Way);Freherstraße;49.4971689;8.4593348;50;Original OSM
Routenpunkt (Way);Freherstraße;49.497087199999996;8.45935935;50;Interpoliert
Routenpunkt (Way);Freherstraße;49.4970055;8.4593839;50;Original OSM
Routenpunkt (Way);Carl-Benz-Straße;49.4983182;8.4877752;50;Original OSM
Routenpunkt (Way);Carl-Benz-Straße;49.4983417;8.48758415;50;Interpoliert
Routenpunkt (Way);Carl-Benz-Straße;49.4983652;8.4873931;50;Original OSM
Routenpunkt (Way);Carl-Benz-Straße;49.4983901;8.4871917;50;Interpoliert
Routenpunkt (Way);Carl-Benz-Straße;49.498415;8.4869903;50;Original OSM
Routenpunkt (Way);Carl-Benz-Straße;49.49843716;8.48680394;50;Interpoliert
Routenpunkt (Way);Carl-Benz-Straße;49.49845932;8.48661758;50;Interpoliert
Routenpunkt (Way);Carl-Benz-Straße;49.49848148;8.48643122;50;Interpoliert
Routenpunkt (Way);Carl-Benz-Straße;49.49850364;8.486244860000001;50;Interpoliert
Routenpunkt (Way);Carl-Benz-Straße;49.4985258;8.4860585;50;Original OSM
Routenpunkt (Way);Carl-Benz-Straße;49.498545660000005;8.485874520000001;50;Interpoliert
Routenpunkt (Way);Carl-Benz-Straße;49.49856552;8.48569054;50;Interpoliert
Routenpunkt (Way);Carl-Benz-Straße;49.49858538;8.485506560000001;50;Interpoliert
Routenpunkt (Way);Carl-Benz-Straße;49.498605239999996;8.48532258;50;Interpoliert
Routenpunkt (Way);Carl-Benz-Straße;49.4986251;8.4851386;50;Original OSM
Routenpunkt (Way);Carl-Benz-Straße;49.49864642;8.48496182;50;Interpoliert
Routenpunkt (Way);Carl-Benz-Straße;49.49866774;8.48478504;50;Interpoliert
Routenpunkt (Way);Carl-Benz-Straße;49.49868906;8.48460826;50;Interpoliert
Routenpunkt (Way);Carl-Benz-Straße;49.49871038;8.48443148;50;Interpoliert
Routenpunkt (Way);Carl-Benz-Straße;49.4987317;8.4842547;50;Original OSM
Routenpunkt (Way);Carl-Benz-Straße;49.4987451;8.4841491;50;Original OSM
Routenpunkt (Way);Bismarckstraße;49.4863363;8.458876;50;Original OSM
Routenpunkt (Way);Bismarckstraße;49.4863862;8.458785899999999;50;Interpoliert
Routenpunkt (Way);Bismarckstraße;49.4864361;8.4586958;50;Original OSM
Routenpunkt (Way);Kaiserring;49.4826376;8.4730069;50;Original OSM
Routenpunkt (Way);Kaiserring;49.48271;8.4730774;50;Original OSM
Routenpunkt (Way);Kaiserring;49.4827566;8.4731227;50;Original OSM
Routenpunkt (Way);Kaiserring;49.4828294;8.4731936;50;Original OSM
Routenpunkt (Way);Kaiserring;49.482467;8.472841;50;Original OSM
Routenpunkt (Way);Kaiserring;49.4825322;8.4729044;50;Original OSM
Routenpunkt (Way);Kaiserring;49.4826376;8.4730069;50;Original OSM
Routenpunkt (Way);Kaiserring;49.481243;8.4716851;50;Original OSM
Routenpunkt (Way);Kaiserring;49.4813283;8.471765;50;Interpoliert
Routenpunkt (Way);Kaiserring;49.481413599999996;8.4718449;50;Interpoliert
Routenpunkt (Way);Kaiserring;49.4814989;8.4719248;50;Original OSM
Routenpunkt (Way);Unbekannt;49.4728665;8.4834378;;Original OSM
Routenpunkt (Way);Unbekannt;49.4728093;8.483521450000001;;Interpoliert
Routenpunkt (Way);Unbekannt;49.4727521;8.4836051;;Original OSM
Routenpunkt (Way);Unbekannt;49.47265215;8.4837191;;Interpoliert
Routenpunkt (Way);Unbekannt;49.4725522;8.4838331;;Original OSM
Routenpunkt (Way);Unbekannt;49.4725037;8.4838946;;Original OSM
Routenpunkt (Way);Unbekannt;49.4724821;8.4839298;;Original OSM
Routenpunkt (Way);Unbekannt;49.4724623;8.4839706;;Original OSM
Routenpunkt (Way);Unbekannt;49.4724222;8.4840672;;Original OSM
Routenpunkt (Way);Ludwig-Jolly-Straße;49.5033418;8.459979;50;Original OSM
Routenpunkt (Way);Ludwig-Jolly-Straße;49.50326795;8.45989585;50;Interpoliert
Routenpunkt (Way);Ludwig-Jolly-Straße;49.5031941;8.4598127;50;Original OSM
Routenpunkt (Way);Ludwig-Jolly-Straße;49.50312285;8.4597414;50;Interpoliert
Routenpunkt (Way);Ludwig-Jolly-Straße;49.5030516;8.4596701;50;Original OSM
Routenpunkt (Way);Ludwig-Jolly-Straße;49.502945499999996;8.459578;50;Interpoliert
Routenpunkt (Way);Ludwig-Jolly-Straße;49.5028394;8.4594859;50;Original OSM
Routenpunkt (Way);Ludwig-Jolly-Straße;49.5027178;8.4594138;50;Interpoliert
Routenpunkt (Way);Ludwig-Jolly-Straße;49.5025962;8.4593417;50;Original OSM
Routenpunkt (Way);Ludwig-Jolly-Straße;49.502490800000004;8.459301199999999;50;Interpoliert
Routenpunkt (Way);Ludwig-Jolly-Straße;49.5023854;8.4592607;50;Original OSM
Routenpunkt (Way);Ludwig-Jolly-Straße;49.50225905;8.4592481;50;Interpoliert
Routenpunkt (Way);Ludwig-Jolly-Straße;49.5021327;8.4592355;50;Original OSM
Routenpunkt (Way);Friedrichsplatz;49.4836302;8.4742438;50;Original OSM
Routenpunkt (Way);Friedrichsplatz;49.48358;8.474376366666666;50;Interpoliert
Routenpunkt (Way);Friedrichsplatz;49.4835298;8.474508933333334;50;Interpoliert
Routenpunkt (Way);Friedrichsplatz;49.4834796;8.4746415;50;Original OSM
Routenpunkt (Way);Jakob-Trumpfheller-Straße;49.5001012;8.4899208;30;Original OSM
Routenpunkt (Way);Jakob-Trumpfheller-Straße;49.5001146;8.490083;30;Original OSM
Routenpunkt (Way);Jakob-Trumpfheller-Straße;49.50012945;8.4901883;30;Interpoliert
Routenpunkt (Way);Jakob-Trumpfheller-Straße;49.5001443;8.4902936;30;Original OSM
Routenpunkt (Way);Jakob-Trumpfheller-Straße;49.5001964;8.4904652;30;Original OSM
Routenpunkt (Way);Carl-Benz-Straße;49.4987934;8.4837425;50;Original OSM
Routenpunkt (Way);Carl-Benz-Straße;49.49881613333333;8.483547066666667;50;Interpoliert
Routenpunkt (Way);Carl-Benz-Straße;49.49883886666667;8.483351633333333;50;Interpoliert
Routenpunkt (Way);Carl-Benz-Straße;49.4988616;8.4831562;50;Original OSM
Routenpunkt (Way);Carl-Benz-Straße;49.498883299999996;8.48297092;50;Interpoliert
Routenpunkt (Way);Carl-Benz-Straße;49.498905;8.48278564;50;Interpoliert
Routenpunkt (Way);Carl-Benz-Straße;49.4989267;8.482600360000001;50;Interpoliert
Routenpunkt (Way);Carl-Benz-Straße;49.4989484;8.48241508;50;Interpoliert
Routenpunkt (Way);Carl-Benz-Straße;49.4989701;8.4822298;50;Original OSM
Routenpunkt (Way);Carl-Benz-Straße;49.4989821;8.482077;50;Original OSM
Routenpunkt (Way);Carl-Benz-Straße;49.49899535;8.4819449;50;Interpoliert
Routenpunkt (Way);Carl-Benz-Straße;49.4990086;8.4818128;50;Original OSM
Routenpunkt (Way);Carl-Benz-Straße;49.4990312;8.4816232;50;Original OSM
Routenpunkt (Way);Carl-Benz-Straße;49.4990445;8.481520849999999;50;Interpoliert
Routenpunkt (Way);Carl-Benz-Straße;49.4990578;8.4814185;50;Original OSM
Routenpunkt (Way);Speyerer Straße;49.4649316;8.4696286;30;Original OSM
Routenpunkt (Way);Speyerer Straße;49.4649496;8.4694979;30;Original OSM
Routenpunkt (Way);Speyerer Straße;49.4648841;8.4746277;30;Original OSM
Routenpunkt (Way);Speyerer Straße;49.4648852;8.4744675;30;Original OSM
Routenpunkt (Way);Speyerer Straße;49.4648864;8.47428586;30;Interpoliert
Routenpunkt (Way);Speyerer Straße;49.4648876;8.47410422;30;Interpoliert
Routenpunkt (Way);Speyerer Straße;49.4648888;8.47392258;30;Interpoliert
Routenpunkt (Way);Speyerer Straße;49.46489;8.473740939999999;30;Interpoliert
Routenpunkt (Way);Speyerer Straße;49.4648912;8.4735593;30;Original OSM
Routenpunkt (Way);Speyerer Straße;49.46489295;8.4733994;30;Interpoliert
Routenpunkt (Way);Speyerer Straße;49.4648947;8.4732395;30;Original OSM
Routenpunkt (Way);Speyerer Straße;49.46489605;8.47307245;30;Interpoliert
Routenpunkt (Way);Speyerer Straße;49.4648974;8.4729054;30;Interpoliert
Routenpunkt (Way);Speyerer Straße;49.46489875;8.47273835;30;Interpoliert
Routenpunkt (Way);Speyerer Straße;49.4649001;8.4725713;30;Original OSM
Routenpunkt (Way);Speyerer Straße;49.464901725000004;8.47238685;30;Interpoliert
Routenpunkt (Way);Speyerer Straße;49.46490335;8.4722024;30;Interpoliert
Routenpunkt (Way);Speyerer Straße;49.464904974999996;8.47201795;30;Interpoliert
Routenpunkt (Way);Speyerer Straße;49.4649066;8.471833499999999;30;Interpoliert
Routenpunkt (Way);Speyerer Straße;49.464908225;8.47164905;30;Interpoliert
Routenpunkt (Way);Speyerer Straße;49.46490985;8.4714646;30;Interpoliert
Routenpunkt (Way);Speyerer Straße;49.464911474999994;8.47128015;30;Interpoliert
Routenpunkt (Way);Speyerer Straße;49.4649131;8.4710957;30;Original OSM
Routenpunkt (Way);Speyerer Straße;49.4649151;8.4709371;30;Interpoliert
Routenpunkt (Way);Speyerer Straße;49.4649171;8.4707785;30;Interpoliert
Routenpunkt (Way);Speyerer Straße;49.4649191;8.4706199;30;Original OSM
Routenpunkt (Way);Speyerer Straße;49.4649213;8.47044615;30;Interpoliert
Routenpunkt (Way);Speyerer Straße;49.4649235;8.4702724;30;Original OSM
Routenpunkt (Way);Speyerer Straße;49.4649246;8.4701791;30;Original OSM
Routenpunkt (Way);Speyerer Straße;49.4649264;8.470036966666667;30;Interpoliert
Routenpunkt (Way);Speyerer Straße;49.4649282;8.469894833333333;30;Interpoliert
Routenpunkt (Way);Speyerer Straße;49.46493;8.4697527;30;Original OSM
Routenpunkt (Way);Speyerer Straße;49.4649316;8.4696286;30;Original OSM
Routenpunkt (Way);Unbekannt;49.487678;8.4575732;30;Original OSM
Routenpunkt (Way);Unbekannt;49.4876167;8.4577278;30;Original OSM
Routenpunkt (Way);Unbekannt;49.487553219999995;8.457891120000001;30;Interpoliert
Routenpunkt (Way);Unbekannt;49.487489739999994;8.45805444;30;Interpoliert
Routenpunkt (Way);Unbekannt;49.48742626;8.45821776;30;Interpoliert
Routenpunkt (Way);Unbekannt;49.48736278;8.458381079999999;30;Interpoliert
Routenpunkt (Way);Unbekannt;49.4872993;8.4585444;30;Original OSM
Routenpunkt (Way);Unbekannt;49.487239349999996;8.45869875;30;Interpoliert
Routenpunkt (Way);Unbekannt;49.4871794;8.4588531;30;Original OSM
Routenpunkt (Way);Kaiserring;49.4821865;8.4725697;50;Original OSM
Routenpunkt (Way);Kaiserring;49.482279999999996;8.472660133333333;50;Interpoliert
Routenpunkt (Way);Kaiserring;49.4823735;8.472750566666667;50;Interpoliert
Routenpunkt (Way);Kaiserring;49.482467;8.472841;50;Original OSM
Routenpunkt (Way);Unbekannt;49.4693016;8.4838872;;Original OSM
Routenpunkt (Way);Unbekannt;49.4693269;8.4838918;;Original OSM
Routenpunkt (Way);Unbekannt;49.4694019;8.4839056;;Original OSM
Routenpunkt (Way);Unbekannt;49.46949215;8.483922249999999;;Interpoliert
Routenpunkt (Way);Unbekannt;49.4695824;8.4839389;;Original OSM
Routenpunkt (Way);Unbekannt;49.4696684;8.4839551;;Original OSM
Routenpunkt (Way);Unbekannt;49.46975725;8.483971799999999;;Interpoliert
Routenpunkt (Way);Unbekannt;49.4698461;8.4839885;;Original OSM
Routenpunkt (Way);Unbekannt;49.4699374;8.484005233333333;;Interpoliert
Routenpunkt (Way);Unbekannt;49.4700287;8.484021966666667;;Interpoliert
Routenpunkt (Way);Unbekannt;49.47012;8.4840387;;Original OSM
Routenpunkt (Way);Unbekannt;49.47020085;8.4840528;;Interpoliert
Routenpunkt (Way);Unbekannt;49.4702817;8.4840669;;Original OSM
Routenpunkt (Way);Unbekannt;49.47041423333334;8.484088266666667;;Interpoliert
Routenpunkt (Way);Unbekannt;49.470546766666665;8.484109633333334;;Interpoliert
Routenpunkt (Way);Unbekannt;49.4706793;8.484131000000001;;Interpoliert
Routenpunkt (Way);Unbekannt;49.470811833333336;8.484152366666667;;Interpoliert
Routenpunkt (Way);Unbekannt;49.470944366666664;8.484173733333334;;Interpoliert
Routenpunkt (Way);Unbekannt;49.4710769;8.4841951;;Original OSM
Routenpunkt (Way);Ludwig-Jolly-Straße;49.5042369;8.4612289;50;Original OSM
Routenpunkt (Way);Ludwig-Jolly-Straße;49.50414981428572;8.461105485714286;50;Interpoliert
Routenpunkt (Way);Ludwig-Jolly-Straße;49.50406272857143;8.460982071428571;50;Interpoliert
Routenpunkt (Way);Ludwig-Jolly-Straße;49.50397564285714;8.460858657142857;50;Interpoliert
Routenpunkt (Way);Ludwig-Jolly-Straße;49.50388855714286;8.460735242857142;50;Interpoliert
Routenpunkt (Way);Ludwig-Jolly-Straße;49.503801471428574;8.460611828571428;50;Interpoliert
Routenpunkt (Way);Ludwig-Jolly-Straße;49.50371438571428;8.460488414285713;50;Interpoliert
Routenpunkt (Way);Ludwig-Jolly-Straße;49.5036273;8.460365;50;Original OSM
Routenpunkt (Way);Unbekannt;49.4804462;8.4683102;;Original OSM
Routenpunkt (Way);Unbekannt;49.4804665;8.4682438;;Original OSM
Routenpunkt (Way);Unbekannt;49.4805012;8.4681327;;Original OSM
Routenpunkt (Way);Unbekannt;49.4805524;8.4680002;;Original OSM
Routenpunkt (Way);Unbekannt;49.4806012;8.4678817;;Original OSM
Routenpunkt (Way);Unbekannt;49.4806554;8.467744249999999;;Interpoliert
Routenpunkt (Way);Unbekannt;49.4807096;8.4676068;;Original OSM
Routenpunkt (Way);Unbekannt;49.48074815;8.467513400000001;;Interpoliert
Routenpunkt (Way);Unbekannt;49.4807867;8.46742;;Original OSM
Routenpunkt (Way);Möhlstraße;49.4762909;8.4882318;50;Original OSM
Routenpunkt (Way);Möhlstraße;49.4762517;8.4881912;50;Original OSM
Routenpunkt (Way);Möhlstraße;49.4761395;8.4880883;50;Interpoliert
Routenpunkt (Way);Möhlstraße;49.4760273;8.4879854;50;Original OSM
Routenpunkt (Way);Möhlstraße;49.4759656;8.48794;50;Original OSM
Routenpunkt (Way);Möhlstraße;49.4759183;8.4879051;50;Original OSM
Routenpunkt (Way);Möhlstraße;49.47582156666667;8.487828366666667;50;Interpoliert
Routenpunkt (Way);Möhlstraße;49.47572483333333;8.487751633333334;50;Interpoliert
Routenpunkt (Way);Möhlstraße;49.4756281;8.4876749;50;Original OSM
Routenpunkt (Way);Möhlstraße;49.47553413333333;8.487584133333334;50;Interpoliert
Routenpunkt (Way);Möhlstraße;49.475440166666665;8.487493366666666;50;Interpoliert
Routenpunkt (Way);Möhlstraße;49.4753462;8.4874026;50;Original OSM
Routenpunkt (Way);Möhlstraße;49.47525986666666;8.4873218;50;Interpoliert
Routenpunkt (Way);Möhlstraße;49.47517353333333;8.487241;50;Interpoliert
Routenpunkt (Way);Möhlstraße;49.4750872;8.4871602;50;Original OSM
Routenpunkt (Way);Friedrichsplatz;49.4834188;8.4747958;50;Original OSM
Routenpunkt (Way);Friedrichsplatz;49.4833972;8.4748559;50;Original OSM
Routenpunkt (Way);Friedrichsplatz;49.4833836;8.4748934;50;Original OSM
Routenpunkt (Way);Friedrichsplatz;49.4833577;8.4749613;50;Original OSM
Routenpunkt (Way);Friedrichsplatz;49.4834796;8.4746415;50;Original OSM
Routenpunkt (Way);Friedrichsplatz;49.4834188;8.4747958;50;Original OSM
Routenpunkt (Way);Speyerer Straße;49.4682601;8.482845;50;Original OSM
Routenpunkt (Way);Speyerer Straße;49.46820305;8.48270885;50;Interpoliert
Routenpunkt (Way);Speyerer Straße;49.468146000000004;8.482572699999999;50;Interpoliert
Routenpunkt (Way);Speyerer Straße;49.46808895;8.48243655;50;Interpoliert
Routenpunkt (Way);Speyerer Straße;49.4680319;8.4823004;50;Original OSM
Routenpunkt (Way);Speyerer Straße;49.467946392307695;8.482142653846154;50;Interpoliert
Routenpunkt (Way);Speyerer Straße;49.467860884615384;8.481984907692308;50;Interpoliert
Routenpunkt (Way);Speyerer Straße;49.46777537692308;8.481827161538462;50;Interpoliert
Routenpunkt (Way);Speyerer Straße;49.46768986923077;8.481669415384616;50;Interpoliert
Routenpunkt (Way);Speyerer Straße;49.46760436153846;8.48151166923077;50;Interpoliert
Routenpunkt (Way);Speyerer Straße;49.46751885384615;8.481353923076924;50;Interpoliert
Routenpunkt (Way);Speyerer Straße;49.46743334615385;8.481196176923076;50;Interpoliert
Routenpunkt (Way);Speyerer Straße;49.467347838461535;8.48103843076923;50;Interpoliert
Routenpunkt (Way);Speyerer Straße;49.46726233076923;8.480880684615384;50;Interpoliert
Routenpunkt (Way);Speyerer Straße;49.46717682307692;8.480722938461538;50;Interpoliert
Routenpunkt (Way);Speyerer Straße;49.467091315384614;8.480565192307692;50;Interpoliert
Routenpunkt (Way);Speyerer Straße;49.4670058076923;8.480407446153846;50;Interpoliert
Routenpunkt (Way);Speyerer Straße;49.4669203;8.4802497;50;Original OSM
Routenpunkt (Way);Speyerer Straße;49.46684377142857;8.4800967;50;Interpoliert
Routenpunkt (Way);Speyerer Straße;49.46676724285714;8.4799437;50;Interpoliert
Routenpunkt (Way);Speyerer Straße;49.46669071428571;8.4797907;50;Interpoliert
Routenpunkt (Way);Speyerer Straße;49.466614185714285;8.4796377;50;Interpoliert
Routenpunkt (Way);Speyerer Straße;49.46653765714286;8.4794847;50;Interpoliert
Routenpunkt (Way);Speyerer Straße;49.466461128571424;8.4793317;50;Interpoliert
Routenpunkt (Way);Speyerer Straße;49.4663846;8.4791787;50;Original OSM
Routenpunkt (Way);Speyerer Straße;49.46631775;8.4790217875;50;Interpoliert
Routenpunkt (Way);Speyerer Straße;49.4662509;8.478864875;50;Interpoliert
Routenpunkt (Way);Speyerer Straße;49.466184049999995;8.4787079625;50;Interpoliert
Routenpunkt (Way);Speyerer Straße;49.4661172;8.47855105;50;Interpoliert
Routenpunkt (Way);Speyerer Straße;49.46605035;8.4783941375;50;Interpoliert
Routenpunkt (Way);Speyerer Straße;49.4659835;8.478237225;50;Interpoliert
Routenpunkt (Way);Speyerer Straße;49.46591665;8.4780803125;50;Interpoliert
Routenpunkt (Way);Speyerer Straße;49.4658498;8.4779234;50;Original OSM
Routenpunkt (Way);Speyerer Straße;49.46580092;8.47777488;50;Interpoliert
Routenpunkt (Way);Speyerer Straße;49.46575204;8.47762636;50;Interpoliert
Routenpunkt (Way);Speyerer Straße;49.465703160000004;8.477477839999999;50;Interpoliert
Routenpunkt (Way);Speyerer Straße;49.46565428;8.477329319999999;50;Interpoliert
Routenpunkt (Way);Speyerer Straße;49.4656054;8.4771808;50;Original OSM
Routenpunkt (Way);Speyerer Straße;49.4655525;8.47701434;50;Interpoliert
Routenpunkt (Way);Speyerer Straße;49.4654996;8.47684788;50;Interpoliert
Routenpunkt (Way);Speyerer Straße;49.4654467;8.47668142;50;Interpoliert
Routenpunkt (Way);Speyerer Straße;49.4653938;8.47651496;50;Interpoliert
Routenpunkt (Way);Speyerer Straße;49.4653409;8.4763485;50;Original OSM
Routenpunkt (Way);Speyerer Straße;49.4652989;8.476211766666667;50;Interpoliert
Routenpunkt (Way);Speyerer Straße;49.4652569;8.476075033333332;50;Interpoliert
Routenpunkt (Way);Speyerer Straße;49.4652149;8.4759383;50;Original OSM
Routenpunkt (Way);Viehhofstraße;49.4739974;8.4842615;50;Original OSM
Routenpunkt (Way);Viehhofstraße;49.474003550000006;8.4841481;50;Interpoliert
Routenpunkt (Way);Viehhofstraße;49.4740097;8.4840347;50;Original OSM
Routenpunkt (Way);Augustaanlage;49.4824272;8.4794051;50;Original OSM
Routenpunkt (Way);Augustaanlage;49.48238675;8.479508299999999;50;Interpoliert
Routenpunkt (Way);Augustaanlage;49.4823463;8.4796115;50;Original OSM
Routenpunkt (Way);Augustaanlage;49.4807342;8.4837268;50;Original OSM
Routenpunkt (Way);Augustaanlage;49.48069545;8.48382575;50;Interpoliert
Routenpunkt (Way);Augustaanlage;49.4806567;8.4839247;50;Original OSM
Routenpunkt (Way);Augustaanlage;49.480957;8.4831581;50;Original OSM
Routenpunkt (Way);Augustaanlage;49.480904833333334;8.483291233333334;50;Interpoliert
Routenpunkt (Way);Augustaanlage;49.480852666666664;8.483424366666666;50;Interpoliert
Routenpunkt (Way);Augustaanlage;49.4808005;8.4835575;50;Original OSM
Routenpunkt (Way);Augustaanlage;49.4807698;8.483636;50;Original OSM
Routenpunkt (Way);Augustaanlage;49.4807342;8.4837268;50;Original OSM
Routenpunkt (Way);Augustaanlage;49.4828674;8.4782811;50;Original OSM
Routenpunkt (Way);Augustaanlage;49.48280518;8.47843996;50;Interpoliert
Routenpunkt (Way);Augustaanlage;49.48274296;8.47859882;50;Interpoliert
Routenpunkt (Way);Augustaanlage;49.48268074;8.47875768;50;Interpoliert
Routenpunkt (Way);Augustaanlage;49.48261852;8.47891654;50;Interpoliert
Routenpunkt (Way);Augustaanlage;49.4825563;8.4790754;50;Original OSM
Routenpunkt (Way);Augustaanlage;49.4825062;8.479203349999999;50;Interpoliert
Routenpunkt (Way);Augustaanlage;49.4824561;8.4793313;50;Original OSM
Routenpunkt (Way);Augustaanlage;49.4824272;8.4794051;50;Original OSM
Routenpunkt (Way);Friedrichsplatz;49.4836678;8.474144;50;Original OSM
Routenpunkt (Way);Friedrichsplatz;49.4836302;8.4742438;50;Original OSM
Routenpunkt (Way);Kaiserring;49.48418;8.4745483;50;Original OSM
Routenpunkt (Way);Kaiserring;49.4842919;8.4746586;50;Original OSM
Routenpunkt (Way);Kaiserring;49.4843549;8.4747207;50;Original OSM
Routenpunkt (Way);Möhlstraße;49.4745208;8.4866182;50;Original OSM
Routenpunkt (Way);Möhlstraße;49.474424850000005;8.4865303;50;Interpoliert
Routenpunkt (Way);Möhlstraße;49.4743289;8.4864424;50;Original OSM
Routenpunkt (Way);Möhlstraße;49.4747473;8.486841;50;Original OSM
Routenpunkt (Way);Möhlstraße;49.47463405;8.4867296;50;Interpoliert
Routenpunkt (Way);Möhlstraße;49.4745208;8.4866182;50;Original OSM
Routenpunkt (Way);Möhlstraße;49.4750872;8.4871602;50;Original OSM
Routenpunkt (Way);Möhlstraße;49.474973899999995;8.4870538;50;Interpoliert
Routenpunkt (Way);Möhlstraße;49.4748606;8.4869474;50;Interpoliert
Routenpunkt (Way);Möhlstraße;49.4747473;8.486841;50;Original OSM
Routenpunkt (Way);Mühldorferstraße;49.4766572;8.4882511;50;Original OSM
Routenpunkt (Way);Mühldorferstraße;49.47674403333333;8.4882116;50;Interpoliert
Routenpunkt (Way);Mühldorferstraße;49.47683086666667;8.4881721;50;Interpoliert
Routenpunkt (Way);Mühldorferstraße;49.4769177;8.4881326;50;Original OSM
Routenpunkt (Way);Mühldorferstraße;49.47703655;8.4880824;50;Interpoliert
Routenpunkt (Way);Mühldorferstraße;49.4771554;8.4880322;50;Original OSM
Routenpunkt (Way);Mühldorferstraße;49.4772762;8.4879853;50;Interpoliert
Routenpunkt (Way);Mühldorferstraße;49.477396999999996;8.487938399999999;50;Interpoliert
Routenpunkt (Way);Mühldorferstraße;49.4775178;8.4878915;50;Interpoliert
Routenpunkt (Way);Mühldorferstraße;49.4776386;8.487844599999999;50;Interpoliert
Routenpunkt (Way);Mühldorferstraße;49.4777594;8.4877977;50;Original OSM
Routenpunkt (Way);Mühldorferstraße;49.47786085;8.4877567;50;Interpoliert
Routenpunkt (Way);Mühldorferstraße;49.4779623;8.4877157;50;Original OSM
Routenpunkt (Way);Mühldorferstraße;49.4766572;8.4882511;;Original OSM
Routenpunkt (Way);Mühldorferstraße;49.4765892;8.488245;;Original OSM
Routenpunkt (Way);Mühldorferstraße;49.476545;8.4882433;;Original OSM
Routenpunkt (Way);Mühldorferstraße;49.4764956;8.4882407;;Original OSM
Routenpunkt (Way);Mühldorferstraße;49.4763898;8.4882399;;Original OSM
Routenpunkt (Way);Mühldorferstraße;49.4763704;8.4882395;;Original OSM
Routenpunkt (Way);Mühldorferstraße;49.4763418;8.488238;;Original OSM
Routenpunkt (Way);Mühldorferstraße;49.4762909;8.4882318;;Original OSM
Routenpunkt (Way);Universität;49.4815507;8.4657716;;Original OSM
Routenpunkt (Way);Universität;49.481601;8.465598825;;Interpoliert
Routenpunkt (Way);Universität;49.481651299999996;8.46542605;;Interpoliert
Routenpunkt (Way);Universität;49.4817016;8.465253274999998;;Interpoliert
Routenpunkt (Way);Universität;49.4817519;8.4650805;;Original OSM
Routenpunkt (Way);Hafenstraße;49.4922135;8.4567578;30;Original OSM
Routenpunkt (Way);Hafenstraße;49.4922407;8.4567616;30;Original OSM
Routenpunkt (Way);Hafenstraße;49.4923499;8.45677775;30;Interpoliert
Routenpunkt (Way);Hafenstraße;49.4924591;8.4567939;30;Original OSM
Routenpunkt (Way);Kaiserring;49.4814989;8.4719248;50;Original OSM
Routenpunkt (Way);Kaiserring;49.4816109;8.472034350000001;50;Interpoliert
Routenpunkt (Way);Kaiserring;49.4817229;8.4721439;50;Original OSM
Routenpunkt (Way);Kaiserring;49.4828294;8.4731936;50;Original OSM
Routenpunkt (Way);Kaiserring;49.482895;8.473261350000001;50;Interpoliert
Routenpunkt (Way);Kaiserring;49.4829606;8.4733291;50;Original OSM
Routenpunkt (Way);Kaiserring;49.483070275;8.47343905;50;Interpoliert
Routenpunkt (Way);Kaiserring;49.48317995;8.473549;50;Interpoliert
Routenpunkt (Way);Kaiserring;49.483289625;8.47365895;50;Interpoliert
Routenpunkt (Way);Kaiserring;49.4833993;8.4737689;50;Original OSM
Routenpunkt (Way);Kaiserring;49.4834774;8.4738472;50;Original OSM
Routenpunkt (Way);Kaiserring;49.4818107;8.4722315;50;Original OSM
Routenpunkt (Way);Kaiserring;49.4819109;8.4723245;50;Original OSM
Routenpunkt (Way);Kaiserring;49.4819434;8.4723509;50;Original OSM
Routenpunkt (Way);Kaiserring;49.4820284;8.4724248;50;Original OSM
Routenpunkt (Way);Bismarckstraße;49.4850726;8.461214;50;Original OSM
Routenpunkt (Way);Bismarckstraße;49.485018600000004;8.461322;50;Interpoliert
Routenpunkt (Way);Bismarckstraße;49.4849646;8.46143;50;Original OSM
Routenpunkt (Way);Bismarckstraße;49.4849212;8.4615309;50;Original OSM
Routenpunkt (Way);Bismarckstraße;49.4852263;8.4609325;50;Original OSM
Routenpunkt (Way);Bismarckstraße;49.48514945;8.46107325;50;Interpoliert
Routenpunkt (Way);Bismarckstraße;49.4850726;8.461214;50;Original OSM
Routenpunkt (Way);Bismarckstraße;49.4854012;8.4606241;50;Original OSM
Routenpunkt (Way);Bismarckstraße;49.4853654;8.4606984;50;Original OSM
Routenpunkt (Way);Bismarckstraße;49.48529585;8.46081545;50;Interpoliert
Routenpunkt (Way);Bismarckstraße;49.4852263;8.4609325;50;Original OSM
Routenpunkt (Way);Unbekannt;49.481215;8.4666341;;Original OSM
Routenpunkt (Way);Unbekannt;49.481295450000005;8.46649345;;Interpoliert
Routenpunkt (Way);Unbekannt;49.4813759;8.4663528;;Original OSM
Routenpunkt (Way);Unbekannt;49.48141385;8.466265799999999;;Interpoliert
Routenpunkt (Way);Unbekannt;49.4814518;8.4661788;;Original OSM
Routenpunkt (Way);Unbekannt;49.4815165;8.4660057;;Original OSM
Routenpunkt (Way);Unbekannt;49.4815563;8.4658932;;Original OSM
Routenpunkt (Way);Unbekannt;49.4815958;8.4657603;;Original OSM
Routenpunkt (Way);Unbekannt;49.4800881;8.4699594;;Original OSM
Routenpunkt (Way);Unbekannt;49.4800551;8.4701031;;Original OSM
Routenpunkt (Way);Unbekannt;49.4800507;8.4701282;;Original OSM
Routenpunkt (Way);Unbekannt;49.4800401;8.4702022;;Original OSM
Routenpunkt (Way);Unbekannt;49.4800362;8.4702404;;Original OSM
Routenpunkt (Way);Unbekannt;49.4800349;8.4702764;;Original OSM
Routenpunkt (Way);Unbekannt;49.4800417;8.4703242;;Original OSM
Routenpunkt (Way);Unbekannt;49.4800477;8.4703591;;Original OSM
Routenpunkt (Way);Unbekannt;49.4800545;8.4703892;;Original OSM
Routenpunkt (Way);Unbekannt;49.4800634;8.4704186;;Original OSM
Routenpunkt (Way);Unbekannt;49.4800701;8.4704348;;Original OSM
Routenpunkt (Way);Unbekannt;49.4800781;8.4704543;;Original OSM
Routenpunkt (Way);Unbekannt;49.4800838;8.4704685;;Original OSM
Routenpunkt (Way);Unbekannt;49.480097;8.4704955;;Original OSM
Routenpunkt (Way);Unbekannt;49.4801087;8.4705143;;Original OSM
Routenpunkt (Way);Unbekannt;49.4801655;8.4705982;;Original OSM
Routenpunkt (Way);Unbekannt;49.4802097;8.4706498;;Original OSM
Routenpunkt (Way);Unbekannt;49.4802704;8.4707057;;Original OSM
Routenpunkt (Way);Unbekannt;49.48036977142857;8.470800757142857;;Interpoliert
Routenpunkt (Way);Unbekannt;49.480469142857146;8.470895814285715;;Interpoliert
Routenpunkt (Way);Unbekannt;49.480568514285714;8.470990871428572;;Interpoliert
Routenpunkt (Way);Unbekannt;49.48066788571429;8.471085928571428;;Interpoliert
Routenpunkt (Way);Unbekannt;49.48076725714286;8.471180985714286;;Interpoliert
Routenpunkt (Way);Unbekannt;49.480866628571434;8.471276042857143;;Interpoliert
Routenpunkt (Way);Unbekannt;49.480966;8.4713711;;Original OSM
Routenpunkt (Way);Unbekannt;49.4810257;8.471432;;Original OSM
Routenpunkt (Way);Unbekannt;49.4811213;8.4715663;;Original OSM
Routenpunkt (Way);Unbekannt;49.4807867;8.46742;;Original OSM
Routenpunkt (Way);Unbekannt;49.4808323;8.4673096;;Original OSM
Routenpunkt (Way);Unbekannt;49.4808862;8.4671883;;Original OSM
Routenpunkt (Way);Unbekannt;49.4809561;8.4670509;;Original OSM
Routenpunkt (Way);Unbekannt;49.4809892;8.4669797;;Original OSM
Routenpunkt (Way);Unbekannt;49.481064466666666;8.4668645;;Interpoliert
Routenpunkt (Way);Unbekannt;49.481139733333336;8.4667493;;Interpoliert
Routenpunkt (Way);Unbekannt;49.481215;8.4666341;;Original OSM
Routenpunkt (Way);Unbekannt;49.4804175;8.4683513;;Original OSM
Routenpunkt (Way);Unbekannt;49.4803986;8.4684282;;Original OSM
Routenpunkt (Way);Unbekannt;49.4803611;8.468625;;Original OSM
Routenpunkt (Way);Unbekannt;49.4803404;8.46874025;;Interpoliert
Routenpunkt (Way);Unbekannt;49.4803197;8.4688555;;Original OSM
Routenpunkt (Way);Unbekannt;49.480289;8.4690226;;Original OSM
Routenpunkt (Way);Unbekannt;49.4693016;8.4838872;;Original OSM
Routenpunkt (Way);Unbekannt;49.46928;8.48386;;Original OSM
Routenpunkt (Way);Unbekannt;49.4692074;8.4837682;;Original OSM
Routenpunkt (Way);Unbekannt;49.4691759;8.4837241;;Original OSM
Routenpunkt (Way);Unbekannt;49.4724222;8.4840672;;Original OSM
Routenpunkt (Way);Unbekannt;49.4723359;8.484168;;Original OSM
Routenpunkt (Way);Unbekannt;49.4722751;8.4842371;;Original OSM
Routenpunkt (Way);Unbekannt;49.4722332;8.4842799;;Original OSM
Routenpunkt (Way);Unbekannt;49.4721943;8.4843107;;Original OSM
Routenpunkt (Way);Unbekannt;49.4721621;8.4843295;;Original OSM
Routenpunkt (Way);Unbekannt;49.4721317;8.4843403;;Original OSM
Routenpunkt (Way);Unbekannt;49.4721176;8.4843428;;Original OSM
Routenpunkt (Way);Unbekannt;49.4720767;8.4843496;;Original OSM
Routenpunkt (Way);Speyerer Straße;49.4649266;8.474974;30;Original OSM
Routenpunkt (Way);Speyerer Straße;49.4648971;8.474844;30;Original OSM
Routenpunkt (Way);Speyerer Straße;49.4648821;8.4747814;30;Original OSM
Routenpunkt (Way);Speyerer Straße;49.4648841;8.4746277;30;Original OSM
Routenpunkt (Way);Hochuferstraße;49.4987678;8.4887337;50;Original OSM
Routenpunkt (Way);Hochuferstraße;49.4988869;8.4886962;50;Original OSM
Routenpunkt (Way);Hochuferstraße;49.49896665;8.48867905;50;Interpoliert
Routenpunkt (Way);Hochuferstraße;49.4990464;8.4886619;50;Original OSM
Routenpunkt (Way);Hochuferstraße;49.499166519999996;8.488640760000001;50;Interpoliert
Routenpunkt (Way);Hochuferstraße;49.49928664;8.48861962;50;Interpoliert
Routenpunkt (Way);Hochuferstraße;49.49940676;8.48859848;50;Interpoliert
Routenpunkt (Way);Hochuferstraße;49.499526880000005;8.488577339999999;50;Interpoliert
Routenpunkt (Way);Hochuferstraße;49.499647;8.4885562;50;Original OSM
Routenpunkt (Way);Hochuferstraße;49.4997719;8.4885347;50;Original OSM
Routenpunkt (Way);Hochuferstraße;49.499896050000004;8.48851595;50;Interpoliert
Routenpunkt (Way);Hochuferstraße;49.5000202;8.4884972;50;Original OSM
Routenpunkt (Way);Zielstraße;49.5027921;8.5024401;50;Original OSM
Routenpunkt (Way);Zielstraße;49.5029163;8.5024253;50;Original OSM
Routenpunkt (Way);Zielstraße;49.503035875;8.50235625;50;Interpoliert
Routenpunkt (Way);Zielstraße;49.50315545;8.502287200000001;50;Interpoliert
Routenpunkt (Way);Zielstraße;49.503275025;8.502218150000001;50;Interpoliert
Routenpunkt (Way);Zielstraße;49.5033946;8.5021491;50;Original OSM
Routenpunkt (Way);Zielstraße;49.5034683;8.5021065;50;Interpoliert
Routenpunkt (Way);Zielstraße;49.503542;8.5020639;50;Original OSM
Routenpunkt (Way);Friedrichsplatz;49.482716;8.4770738;30;Original OSM
Routenpunkt (Way);Friedrichsplatz;49.4827248;8.4771556;30;Original OSM
Routenpunkt (Way);Friedrichsplatz;49.4827372;8.4772468;30;Original OSM
Routenpunkt (Way);Friedrichsplatz;49.4827624;8.4773535;30;Interpoliert
Routenpunkt (Way);Friedrichsplatz;49.4827876;8.4774602;30;Original OSM
Routenpunkt (Way);Friedrichsplatz;49.48282185;8.4775504;30;Interpoliert
Routenpunkt (Way);Friedrichsplatz;49.4828561;8.4776406;30;Original OSM
Routenpunkt (Way);Friedrichsplatz;49.4828955;8.477736;30;Interpoliert
Routenpunkt (Way);Friedrichsplatz;49.4829349;8.4778314;30;Original OSM
Routenpunkt (Way);Friedrichsring;49.4848258;8.4747461;50;Original OSM
Routenpunkt (Way);Friedrichsring;49.4847487;8.4746843;50;Original OSM
Routenpunkt (Way);Friedrichsring;49.4847487;8.4746843;50;Original OSM
Routenpunkt (Way);Friedrichsring;49.4846971;8.4746416;50;Original OSM
Routenpunkt (Way);Friedrichsring;49.4846416;8.4745949;50;Original OSM
Routenpunkt (Way);Friedrichsring;49.4846416;8.4745949;50;Original OSM
Routenpunkt (Way);Friedrichsring;49.4845844;8.474547;50;Original OSM
Routenpunkt (Way);Friedrichsring;49.48454;8.4745077;50;Original OSM
Routenpunkt (Way);Friedrichsring;49.4844667;8.4744411;50;Original OSM
Routenpunkt (Way);Kaiserring;49.4843544;8.4743341;50;Original OSM
Routenpunkt (Way);Kaiserring;49.4842437;8.474223649999999;50;Interpoliert
Routenpunkt (Way);Kaiserring;49.484133;8.4741132;50;Original OSM
Routenpunkt (Way);Kaiserring;49.4840839;8.4740578;50;Original OSM
Routenpunkt (Way);Kaiserring;49.4839904;8.4739489;50;Original OSM
Routenpunkt (Way);Kaiserring;49.484133;8.4741132;50;Original OSM
Routenpunkt (Way);Kaiserring;49.4840839;8.4740578;50;Original OSM
Routenpunkt (Way);Ludwig-Jolly-Straße;49.5044882;8.4615953;50;Original OSM
Routenpunkt (Way);Ludwig-Jolly-Straße;49.5043942;8.4614628;50;Original OSM
Routenpunkt (Way);Ludwig-Jolly-Straße;49.50431555;8.46134585;50;Interpoliert
Routenpunkt (Way);Ludwig-Jolly-Straße;49.5042369;8.4612289;50;Original OSM
Routenpunkt (Way);Ludwig-Jolly-Straße;49.5048959;8.4621974;50;Original OSM
Routenpunkt (Way);Ludwig-Jolly-Straße;49.504807400000004;8.4620666;50;Interpoliert
Routenpunkt (Way);Ludwig-Jolly-Straße;49.5047189;8.4619358;50;Interpoliert
Routenpunkt (Way);Ludwig-Jolly-Straße;49.504630399999996;8.461805;50;Interpoliert
Routenpunkt (Way);Ludwig-Jolly-Straße;49.5045419;8.4616742;50;Original OSM
Routenpunkt (Way);Ludwig-Jolly-Straße;49.5044882;8.4615953;50;Original OSM
Routenpunkt (Way);Hafenstraße;49.4922135;8.4567578;;Original OSM
Routenpunkt (Way);Hafenstraße;49.4921636;8.4567127;;Original OSM
Routenpunkt (Way);Hafenstraße;49.4920847;8.4566974;;Original OSM
Routenpunkt (Way);Hafenstraße;49.4919703;8.456675149999999;;Interpoliert
Routenpunkt (Way);Hafenstraße;49.4918559;8.4566529;;Original OSM
Routenpunkt (Way);Hafenstraße;49.4915236;8.4565908;;Original OSM
Routenpunkt (Way);Hafenstraße;49.49143905;8.4565766;;Interpoliert
Routenpunkt (Way);Hafenstraße;49.4913545;8.4565624;;Original OSM
Routenpunkt (Way);Hafenstraße;49.4913059;8.4565683;;Original OSM
Routenpunkt (Way);Hafenstraße;49.4924591;8.4567939;30;Original OSM
Routenpunkt (Way);Hafenstraße;49.49257823333333;8.456815866666666;30;Interpoliert
Routenpunkt (Way);Hafenstraße;49.49269736666667;8.456837833333333;30;Interpoliert
Routenpunkt (Way);Hafenstraße;49.4928165;8.4568598;30;Original OSM
Routenpunkt (Way);Hafenstraße;49.49293895;8.456882400000001;30;Interpoliert
Routenpunkt (Way);Hafenstraße;49.4930614;8.456905;30;Original OSM
Routenpunkt (Way);Hafenstraße;49.4931609;8.45692335;30;Interpoliert
Routenpunkt (Way);Hafenstraße;49.4932604;8.4569417;30;Original OSM
Routenpunkt (Way);Hafenstraße;49.49338152;8.45696398;30;Interpoliert
Routenpunkt (Way);Hafenstraße;49.493502639999996;8.456986259999999;30;Interpoliert
Routenpunkt (Way);Hafenstraße;49.49362376;8.45700854;30;Interpoliert
Routenpunkt (Way);Hafenstraße;49.493744879999994;8.45703082;30;Interpoliert
Routenpunkt (Way);Hafenstraße;49.493866;8.4570531;30;Original OSM
Routenpunkt (Way);Hafenstraße;49.4939023;8.4570601;30;Original OSM
Routenpunkt (Way);Hafenstraße;49.49402765;8.4570832;30;Interpoliert
Routenpunkt (Way);Hafenstraße;49.494153;8.4571063;30;Original OSM
Routenpunkt (Way);Hafenstraße;49.4942565;8.4571254;30;Original OSM
Routenpunkt (Way);Hafenstraße;49.494329;8.45713875;30;Interpoliert
Routenpunkt (Way);Hafenstraße;49.4944015;8.4571521;30;Original OSM
Routenpunkt (Way);Hafenstraße;49.49448125;8.4571668;30;Interpoliert
Routenpunkt (Way);Hafenstraße;49.494561;8.4571815;30;Original OSM
Routenpunkt (Way);Hafenstraße;49.49465526666666;8.4571989;30;Interpoliert
Routenpunkt (Way);Hafenstraße;49.494749533333334;8.4572163;30;Interpoliert
Routenpunkt (Way);Hafenstraße;49.4948438;8.4572337;30;Original OSM
Routenpunkt (Way);Hafenstraße;49.494954566666664;8.457254133333333;30;Interpoliert
Routenpunkt (Way);Hafenstraße;49.495065333333336;8.457274566666667;30;Interpoliert
Routenpunkt (Way);Hafenstraße;49.4951761;8.457295;30;Original OSM
Routenpunkt (Way);Hafenstraße;49.49527615;8.457313450000001;30;Interpoliert
Routenpunkt (Way);Hafenstraße;49.4953762;8.4573319;30;Original OSM
Routenpunkt (Way);Hafenstraße;49.49550323333334;8.4573552;30;Interpoliert
Routenpunkt (Way);Hafenstraße;49.495630266666666;8.457378499999999;30;Interpoliert
Routenpunkt (Way);Hafenstraße;49.4957573;8.4574018;30;Interpoliert
Routenpunkt (Way);Hafenstraße;49.495884333333336;8.4574251;30;Interpoliert
Routenpunkt (Way);Hafenstraße;49.496011366666664;8.457448399999999;30;Interpoliert
Routenpunkt (Way);Hafenstraße;49.4961384;8.4574717;30;Original OSM
Routenpunkt (Way);Hafenstraße;49.4918559;8.4566529;;Original OSM
Routenpunkt (Way);Hafenstraße;49.4917726;8.4566377;;Original OSM
Routenpunkt (Way);Hafenstraße;49.4916958;8.4566237;;Interpoliert
Routenpunkt (Way);Hafenstraße;49.491619;8.4566097;;Original OSM
Routenpunkt (Way);Hafenstraße;49.491619;8.4566097;;Original OSM
Routenpunkt (Way);Hafenstraße;49.4915236;8.4565908;;Original OSM
Routenpunkt (Way);Kaiserring;49.4820284;8.4724248;50;Original OSM
Routenpunkt (Way);Kaiserring;49.4820915;8.4724826;50;Original OSM
Routenpunkt (Way);Kaiserring;49.4821335;8.4725211;50;Original OSM
Routenpunkt (Way);Kaiserring;49.4821865;8.4725697;50;Original OSM
Routenpunkt (Way);Hafenstraße;49.4967145;8.4575823;50;Original OSM
Routenpunkt (Way);Hafenstraße;49.4967995;8.4575977;50;Original OSM
Routenpunkt (Way);Hellingstraße;49.4967066;8.4582696;50;Original OSM
Routenpunkt (Way);Hellingstraße;49.4967467;8.4581045;50;Original OSM
Routenpunkt (Way);Hellingstraße;49.49676325;8.45796185;50;Interpoliert
Routenpunkt (Way);Hellingstraße;49.4967798;8.4578192;50;Original OSM
Routenpunkt (Way);Hellingstraße;49.496782;8.4577943;50;Original OSM
Routenpunkt (Way);Hellingstraße;49.4967995;8.4575977;50;Original OSM
Routenpunkt (Way);Käfertaler Straße;49.4993299;8.4961095;50;Original OSM
Routenpunkt (Way);Käfertaler Straße;49.4993597;8.4961644;50;Original OSM
Routenpunkt (Way);Käfertaler Straße;49.4993752;8.496193;50;Original OSM
Routenpunkt (Way);Käfertaler Straße;49.499461;8.4963019;50;Original OSM
Routenpunkt (Way);Käfertaler Straße;49.4995335;8.4964323;50;Original OSM
Routenpunkt (Way);Käfertaler Straße;49.4996067;8.49657095;50;Interpoliert
Routenpunkt (Way);Käfertaler Straße;49.4996799;8.4967096;50;Original OSM
Routenpunkt (Way);Käfertaler Straße;49.4997424;8.4968283;50;Original OSM
Routenpunkt (Way);Käfertaler Straße;49.499828;8.4969885;50;Original OSM
Routenpunkt (Way);Käfertaler Straße;49.499900675;8.497124425;50;Interpoliert
Routenpunkt (Way);Käfertaler Straße;49.499973350000005;8.497260350000001;50;Interpoliert
Routenpunkt (Way);Käfertaler Straße;49.500046025;8.497396275;50;Interpoliert
Routenpunkt (Way);Käfertaler Straße;49.5001187;8.4975322;50;Original OSM
Routenpunkt (Way);Käfertaler Straße;49.50018525;8.4976567;50;Interpoliert
Routenpunkt (Way);Käfertaler Straße;49.5002518;8.4977812;50;Interpoliert
Routenpunkt (Way);Käfertaler Straße;49.50031835;8.4979057;50;Interpoliert
Routenpunkt (Way);Käfertaler Straße;49.5003849;8.4980302;50;Original OSM
Routenpunkt (Way);Käfertaler Straße;49.5004447;8.49814215;50;Interpoliert
Routenpunkt (Way);Käfertaler Straße;49.5005045;8.4982541;50;Original OSM
Routenpunkt (Way);Käfertaler Straße;49.50058036666667;8.498396033333334;50;Interpoliert
Routenpunkt (Way);Käfertaler Straße;49.50065623333333;8.498537966666667;50;Interpoliert
Routenpunkt (Way);Käfertaler Straße;49.5007321;8.4986799;50;Original OSM
Routenpunkt (Way);Käfertaler Straße;49.5007948;8.498797150000001;50;Interpoliert
Routenpunkt (Way);Käfertaler Straße;49.5008575;8.4989144;50;Original OSM
Routenpunkt (Way);Käfertaler Straße;49.50092913333334;8.4990484;50;Interpoliert
Routenpunkt (Way);Käfertaler Straße;49.501000766666664;8.4991824;50;Interpoliert
Routenpunkt (Way);Käfertaler Straße;49.5010724;8.4993164;50;Original OSM
Routenpunkt (Way);Käfertaler Straße;49.4971513;8.4920963;50;Original OSM
Routenpunkt (Way);Käfertaler Straße;49.497209866666665;8.4922013;50;Interpoliert
Routenpunkt (Way);Käfertaler Straße;49.49726843333333;8.492306300000001;50;Interpoliert
Routenpunkt (Way);Käfertaler Straße;49.497327;8.4924113;50;Original OSM
Routenpunkt (Way);Käfertaler Straße;49.497327;8.4924113;50;Original OSM
Routenpunkt (Way);Käfertaler Straße;49.4973418;8.4924384;50;Original OSM
Routenpunkt (Way);Käfertaler Straße;49.4973695;8.4924891;50;Original OSM
Routenpunkt (Way);Käfertaler Straße;49.497451033333334;8.492638233333334;50;Interpoliert
Routenpunkt (Way);Käfertaler Straße;49.49753256666666;8.492787366666667;50;Interpoliert
Routenpunkt (Way);Käfertaler Straße;49.4976141;8.4929365;50;Original OSM
Routenpunkt (Way);Käfertaler Straße;49.49769082;8.4930768;50;Interpoliert
Routenpunkt (Way);Käfertaler Straße;49.49776754;8.4932171;50;Interpoliert
Routenpunkt (Way);Käfertaler Straße;49.49784426;8.4933574;50;Interpoliert
Routenpunkt (Way);Käfertaler Straße;49.497920979999996;8.4934977;50;Interpoliert
Routenpunkt (Way);Käfertaler Straße;49.4979977;8.493638;50;Original OSM
Routenpunkt (Way);Käfertaler Straße;49.498044300000004;8.493723500000002;50;Interpoliert
Routenpunkt (Way);Käfertaler Straße;49.4980909;8.493809;50;Original OSM
Routenpunkt (Way);Käfertaler Straße;49.4981734;8.4939599;50;Interpoliert
Routenpunkt (Way);Käfertaler Straße;49.498255900000004;8.494110800000001;50;Interpoliert
Routenpunkt (Way);Käfertaler Straße;49.4983384;8.494261700000001;50;Interpoliert
Routenpunkt (Way);Käfertaler Straße;49.4984209;8.4944126;50;Original OSM
Routenpunkt (Way);Käfertaler Straße;49.498475299999996;8.4945137;50;Interpoliert
Routenpunkt (Way);Käfertaler Straße;49.4985297;8.4946148;50;Original OSM
Routenpunkt (Way);Käfertaler Straße;49.498604314285714;8.494753271428571;50;Interpoliert
Routenpunkt (Way);Käfertaler Straße;49.49867892857143;8.494891742857144;50;Interpoliert
Routenpunkt (Way);Käfertaler Straße;49.498753542857145;8.495030214285714;50;Interpoliert
Routenpunkt (Way);Käfertaler Straße;49.49882815714285;8.495168685714287;50;Interpoliert
Routenpunkt (Way);Käfertaler Straße;49.49890277142857;8.495307157142857;50;Interpoliert
Routenpunkt (Way);Käfertaler Straße;49.498977385714284;8.49544562857143;50;Interpoliert
Routenpunkt (Way);Käfertaler Straße;49.499052;8.4955841;50;Original OSM
Routenpunkt (Way);Käfertaler Straße;49.499096;8.4956668;50;Original OSM
Routenpunkt (Way);Käfertaler Straße;49.4991481;8.4957646;50;Original OSM
Routenpunkt (Way);Hochuferstraße;49.5000202;8.4884972;50;Original OSM
Routenpunkt (Way);Hochuferstraße;49.5001346;8.4884727;50;Original OSM
Routenpunkt (Way);Hochuferstraße;49.5001689;8.4884654;50;Original OSM
Routenpunkt (Way);Hochuferstraße;49.5002873;8.4884318;50;Original OSM
Routenpunkt (Way);Hafenstraße;49.4912004;8.4565345;50;Original OSM
Routenpunkt (Way);Hafenstraße;49.4913059;8.4565683;50;Original OSM
Routenpunkt (Way);Bismarckstraße;49.4864361;8.4586958;50;Original OSM
Routenpunkt (Way);Bismarckstraße;49.4865074;8.45856695;50;Interpoliert
Routenpunkt (Way);Bismarckstraße;49.4865787;8.4584381;50;Original OSM
Routenpunkt (Way);Bismarckstraße;49.48663955;8.4582971;50;Interpoliert
Routenpunkt (Way);Bismarckstraße;49.4867004;8.4581561;50;Original OSM
Routenpunkt (Way);Bismarckstraße;49.4867519;8.45800565;50;Interpoliert
Routenpunkt (Way);Bismarckstraße;49.4868034;8.4578552;50;Original OSM
Routenpunkt (Way);Bismarckstraße;49.486845599999995;8.45766415;50;Interpoliert
Routenpunkt (Way);Bismarckstraße;49.4868878;8.4574731;50;Original OSM
Routenpunkt (Way);Hafenstraße;49.4961384;8.4574717;30;Original OSM
Routenpunkt (Way);Hafenstraße;49.4962167;8.4574869;30;Original OSM
Routenpunkt (Way);Hafenstraße;49.4963092;8.457505399999999;30;Interpoliert
Routenpunkt (Way);Hafenstraße;49.4964017;8.4575239;30;Original OSM
Routenpunkt (Way);Waldhofstraße;49.5046407;8.470122;50;Original OSM
Routenpunkt (Way);Waldhofstraße;49.5047725;8.4701142;50;Original OSM
Routenpunkt (Way);Waldhofstraße;49.5049031;8.4701051;50;Interpoliert
Routenpunkt (Way);Waldhofstraße;49.5050337;8.470096;50;Original OSM
Routenpunkt (Way);Waldhofstraße;49.50514426666667;8.470088266666666;50;Interpoliert
Routenpunkt (Way);Waldhofstraße;49.50525483333333;8.470080533333334;50;Interpoliert
Routenpunkt (Way);Waldhofstraße;49.5053654;8.4700728;50;Original OSM
Routenpunkt (Way);Waldhofstraße;49.505407;8.4700699;50;Original OSM
Routenpunkt (Way);Waldhofstraße;49.5055367;8.4700546;50;Original OSM
Routenpunkt (Way);Friedrich-Ebert-Straße;49.5041437;8.5007507;50;Original OSM
Routenpunkt (Way);Friedrich-Ebert-Straße;49.504186700000005;8.500875;50;Interpoliert
Routenpunkt (Way);Friedrich-Ebert-Straße;49.5042297;8.5009993;50;Original OSM
Routenpunkt (Way);Friedrich-Ebert-Straße;49.504265000000004;8.5011013;50;Interpoliert
Routenpunkt (Way);Friedrich-Ebert-Straße;49.5043003;8.5012033;50;Original OSM
Routenpunkt (Way);Käfertaler Straße;49.496875;8.4915769;50;Original OSM
Routenpunkt (Way);Käfertaler Straße;49.49693905;8.4916998;50;Interpoliert
Routenpunkt (Way);Käfertaler Straße;49.4970031;8.4918227;50;Original OSM
Routenpunkt (Way);Käfertaler Straße;49.4970268;8.4918681;50;Original OSM
Routenpunkt (Way);Käfertaler Straße;49.4991481;8.4957646;50;Original OSM
Routenpunkt (Way);Käfertaler Straße;49.4991986;8.4958613;50;Original OSM
Routenpunkt (Way);Käfertaler Straße;49.4992272;8.4959147;50;Original OSM
Routenpunkt (Way);Käfertaler Straße;49.4992509;8.495959;50;Original OSM
Routenpunkt (Way);Käfertaler Straße;49.4993299;8.4961095;50;Original OSM
Routenpunkt (Way);Zielstraße;49.503542;8.5020639;50;Original OSM
Routenpunkt (Way);Zielstraße;49.5035732;8.5020474;50;Original OSM
Routenpunkt (Way);Zielstraße;49.5036281;8.5020178;50;Original OSM
Routenpunkt (Way);Zielstraße;49.5037501;8.501952000000001;50;Interpoliert
Routenpunkt (Way);Zielstraße;49.5038721;8.5018862;50;Interpoliert
Routenpunkt (Way);Zielstraße;49.5039941;8.5018204;50;Original OSM
Routenpunkt (Way);Zielstraße;49.5040851;8.5017666;50;Original OSM
Routenpunkt (Way);Zielstraße;49.50418176666666;8.501708033333333;50;Interpoliert
Routenpunkt (Way);Zielstraße;49.50427843333333;8.501649466666667;50;Interpoliert
Routenpunkt (Way);Zielstraße;49.5043751;8.5015909;50;Original OSM
Routenpunkt (Way);Friedrich-Ebert-Straße;49.4968966;8.4876482;50;Original OSM
Routenpunkt (Way);Friedrich-Ebert-Straße;49.49699176666667;8.487735333333333;50;Interpoliert
Routenpunkt (Way);Friedrich-Ebert-Straße;49.497086933333335;8.487822466666668;50;Interpoliert
Routenpunkt (Way);Friedrich-Ebert-Straße;49.4971821;8.4879096;50;Original OSM
Routenpunkt (Way);Friedrich-Ebert-Straße;49.4972792;8.4879985;50;Interpoliert
Routenpunkt (Way);Friedrich-Ebert-Straße;49.4973763;8.488087400000001;50;Interpoliert
Routenpunkt (Way);Friedrich-Ebert-Straße;49.497473400000004;8.488176300000001;50;Interpoliert
Routenpunkt (Way);Friedrich-Ebert-Straße;49.4975705;8.4882652;50;Original OSM
Routenpunkt (Way);Jakob-Trumpfheller-Straße;49.5002873;8.4884318;30;Original OSM
Routenpunkt (Way);Jakob-Trumpfheller-Straße;49.5002812;8.4885368;30;Original OSM
Routenpunkt (Way);Jakob-Trumpfheller-Straße;49.5002749;8.4885981;30;Original OSM
Routenpunkt (Way);Jakob-Trumpfheller-Straße;49.5002544;8.48879735;30;Interpoliert
Routenpunkt (Way);Jakob-Trumpfheller-Straße;49.5002339;8.4889966;30;Original OSM
Routenpunkt (Way);Jakob-Trumpfheller-Straße;49.5001994;8.4891852;30;Interpoliert
Routenpunkt (Way);Jakob-Trumpfheller-Straße;49.5001649;8.4893738;30;Original OSM
Routenpunkt (Way);Jakob-Trumpfheller-Straße;49.5001464;8.489509866666666;30;Interpoliert
Routenpunkt (Way);Jakob-Trumpfheller-Straße;49.5001279;8.489645933333334;30;Interpoliert
Routenpunkt (Way);Jakob-Trumpfheller-Straße;49.5001094;8.489782;30;Original OSM
Routenpunkt (Way);Jakob-Trumpfheller-Straße;49.5001012;8.4899208;30;Original OSM
Routenpunkt (Way);Käfertaler Straße;49.4957457;8.4894713;50;Original OSM
Routenpunkt (Way);Käfertaler Straße;49.4958265;8.489619600000001;50;Interpoliert
Routenpunkt (Way);Käfertaler Straße;49.4959073;8.4897679;50;Original OSM
Routenpunkt (Way);Käfertaler Straße;49.49597325;8.489888950000001;50;Interpoliert
Routenpunkt (Way);Käfertaler Straße;49.4960392;8.49001;50;Original OSM
Routenpunkt (Way);Käfertaler Straße;49.49610865;8.490137350000001;50;Interpoliert
Routenpunkt (Way);Käfertaler Straße;49.4961781;8.4902647;50;Original OSM
Routenpunkt (Way);Käfertaler Straße;49.4962482;8.4903934;50;Original OSM
Routenpunkt (Way);Käfertaler Straße;49.4963011;8.4904937;50;Original OSM
Routenpunkt (Way);Käfertaler Straße;49.496383085714285;8.490648442857143;50;Interpoliert
Routenpunkt (Way);Käfertaler Straße;49.49646507142857;8.490803185714286;50;Interpoliert
Routenpunkt (Way);Käfertaler Straße;49.496547057142855;8.49095792857143;50;Interpoliert
Routenpunkt (Way);Käfertaler Straße;49.496629042857144;8.49111267142857;50;Interpoliert
Routenpunkt (Way);Käfertaler Straße;49.49671102857143;8.491267414285714;50;Interpoliert
Routenpunkt (Way);Käfertaler Straße;49.496793014285714;8.491422157142857;50;Interpoliert
Routenpunkt (Way);Käfertaler Straße;49.496875;8.4915769;50;Original OSM
Routenpunkt (Way);Kußmaulstraße;49.4957929;8.4894075;30;Original OSM
Routenpunkt (Way);Kußmaulstraße;49.495867133333334;8.489306133333333;30;Interpoliert
Routenpunkt (Way);Kußmaulstraße;49.49594136666666;8.489204766666667;30;Interpoliert
Routenpunkt (Way);Kußmaulstraße;49.4960156;8.4891034;30;Original OSM
Routenpunkt (Way);Kußmaulstraße;49.496114775;8.488968199999999;30;Interpoliert
Routenpunkt (Way);Kußmaulstraße;49.49621395;8.488833;30;Interpoliert
Routenpunkt (Way);Kußmaulstraße;49.496313125;8.4886978;30;Interpoliert
Routenpunkt (Way);Kußmaulstraße;49.4964123;8.4885626;30;Original OSM
Routenpunkt (Way);Friedrichsring;49.4847216;8.475068;50;Original OSM
Routenpunkt (Way);Friedrichsring;49.4847932;8.4751329;50;Original OSM
Routenpunkt (Way);Kußmaulstraße;49.4968966;8.4876482;30;Original OSM
Routenpunkt (Way);Kußmaulstraße;49.4968682;8.4877104;30;Original OSM
Routenpunkt (Way);Kußmaulstraße;49.4967869;8.4878689;30;Original OSM
Routenpunkt (Way);Unbekannt;49.4864295;8.4589952;30;Original OSM
Routenpunkt (Way);Unbekannt;49.4863986;8.4589565;30;Original OSM
Routenpunkt (Way);Unbekannt;49.4863363;8.458876;30;Original OSM
Routenpunkt (Way);Zeppelinstraße;49.5055775;8.4632202;50;Original OSM
Routenpunkt (Way);Zeppelinstraße;49.5056076;8.463082;50;Original OSM
Routenpunkt (Way);Augustaanlage;49.4811415;8.4826871;50;Original OSM
Routenpunkt (Way);Augustaanlage;49.48108;8.4828441;50;Interpoliert
Routenpunkt (Way);Augustaanlage;49.4810185;8.483001100000001;50;Interpoliert
Routenpunkt (Way);Augustaanlage;49.480957;8.4831581;50;Original OSM
Routenpunkt (Way);Augustaanlage;49.4819579;8.4806029;50;Original OSM
Routenpunkt (Way);Augustaanlage;49.4818932;8.480768099999999;50;Interpoliert
Routenpunkt (Way);Augustaanlage;49.4818285;8.4809333;50;Original OSM
Routenpunkt (Way);Max-Joseph-Straße;49.503905;8.476937;50;Original OSM
Routenpunkt (Way);Max-Joseph-Straße;49.50379736;8.476908179999999;50;Interpoliert
Routenpunkt (Way);Max-Joseph-Straße;49.503689720000004;8.47687936;50;Interpoliert
Routenpunkt (Way);Max-Joseph-Straße;49.50358208;8.47685054;50;Interpoliert
Routenpunkt (Way);Max-Joseph-Straße;49.503474440000005;8.47682172;50;Interpoliert
Routenpunkt (Way);Max-Joseph-Straße;49.5033668;8.4767929;50;Original OSM
Routenpunkt (Way);Max-Joseph-Straße;49.503236566666665;8.476759566666667;50;Interpoliert
Routenpunkt (Way);Max-Joseph-Straße;49.503106333333335;8.476726233333332;50;Interpoliert
Routenpunkt (Way);Max-Joseph-Straße;49.5029761;8.4766929;50;Original OSM
Routenpunkt (Way);Max-Joseph-Straße;49.5028644;8.47666385;50;Interpoliert
Routenpunkt (Way);Max-Joseph-Straße;49.5027527;8.4766348;50;Original OSM
Routenpunkt (Way);Max-Joseph-Straße;49.502632033333335;8.476599583333332;50;Interpoliert
Routenpunkt (Way);Max-Joseph-Straße;49.50251136666667;8.476564366666667;50;Interpoliert
Routenpunkt (Way);Max-Joseph-Straße;49.5023907;8.47652915;50;Interpoliert
Routenpunkt (Way);Max-Joseph-Straße;49.50227003333333;8.476493933333332;50;Interpoliert
Routenpunkt (Way);Max-Joseph-Straße;49.502149366666664;8.476458716666667;50;Interpoliert
Routenpunkt (Way);Max-Joseph-Straße;49.5020287;8.4764235;50;Original OSM
Routenpunkt (Way);Speyerer Straße;49.4652149;8.4759383;50;Original OSM
Routenpunkt (Way);Speyerer Straße;49.46517576666667;8.475810833333332;50;Interpoliert
Routenpunkt (Way);Speyerer Straße;49.46513663333333;8.475683366666667;50;Interpoliert
Routenpunkt (Way);Speyerer Straße;49.4650975;8.4755559;50;Original OSM
Routenpunkt (Way);Speyerer Straße;49.4650698;8.4754559;50;Original OSM
Routenpunkt (Way);Käfertaler Straße;49.5014591;8.5000608;50;Original OSM
Routenpunkt (Way);Käfertaler Straße;49.501497;8.500131;50;Original OSM
Routenpunkt (Way);Käfertaler Straße;49.501574500000004;8.500274639999999;50;Interpoliert
Routenpunkt (Way);Käfertaler Straße;49.501652;8.50041828;50;Interpoliert
Routenpunkt (Way);Käfertaler Straße;49.5017295;8.500561919999999;50;Interpoliert
Routenpunkt (Way);Käfertaler Straße;49.501807;8.50070556;50;Interpoliert
Routenpunkt (Way);Käfertaler Straße;49.5018845;8.5008492;50;Original OSM
Routenpunkt (Way);Carl-Benz-Straße;49.499505;8.4777457;50;Original OSM
Routenpunkt (Way);Carl-Benz-Straße;49.4995181;8.4776323;50;Interpoliert
Routenpunkt (Way);Carl-Benz-Straße;49.4995312;8.4775189;50;Original OSM
Routenpunkt (Way);Carl-Benz-Straße;49.499544799999995;8.477411199999999;50;Interpoliert
Routenpunkt (Way);Carl-Benz-Straße;49.4995584;8.4773035;50;Original OSM
Routenpunkt (Way);Carl-Benz-Straße;49.49957565;8.477166650000001;50;Interpoliert
Routenpunkt (Way);Carl-Benz-Straße;49.4995929;8.4770298;50;Original OSM
Routenpunkt (Way);Carl-Benz-Straße;49.4996046;8.4769376;50;Original OSM
Routenpunkt (Way);Carl-Benz-Straße;49.49962095;8.47680815;50;Interpoliert
Routenpunkt (Way);Carl-Benz-Straße;49.4996373;8.4766787;50;Original OSM
Routenpunkt (Way);Carl-Benz-Straße;49.49965855000001;8.476510175000001;50;Interpoliert
Routenpunkt (Way);Carl-Benz-Straße;49.4996798;8.47634165;50;Interpoliert
Routenpunkt (Way);Carl-Benz-Straße;49.49970105;8.476173124999999;50;Interpoliert
Routenpunkt (Way);Carl-Benz-Straße;49.4997223;8.4760046;50;Original OSM
Routenpunkt (Way);Carl-Benz-Straße;49.4997377;8.4758829;50;Original OSM
Routenpunkt (Way);Carl-Benz-Straße;49.49976;8.4757061;50;Original OSM
Routenpunkt (Way);Carl-Benz-Straße;49.4992354;8.4799792;30;Original OSM
Routenpunkt (Way);Carl-Benz-Straße;49.4992601;8.479775583333334;30;Interpoliert
Routenpunkt (Way);Carl-Benz-Straße;49.499284800000005;8.479571966666667;30;Interpoliert
Routenpunkt (Way);Carl-Benz-Straße;49.4993095;8.479368350000001;30;Interpoliert
Routenpunkt (Way);Carl-Benz-Straße;49.4993342;8.479164733333334;30;Interpoliert
Routenpunkt (Way);Carl-Benz-Straße;49.499358900000004;8.478961116666667;30;Interpoliert
Routenpunkt (Way);Carl-Benz-Straße;49.4993836;8.4787575;30;Original OSM
Routenpunkt (Way);Carl-Benz-Straße;49.4993962;8.4786533;30;Original OSM
Routenpunkt (Way);Carl-Benz-Straße;49.4994175;8.478477833333333;30;Interpoliert
Routenpunkt (Way);Carl-Benz-Straße;49.4994388;8.478302366666666;30;Interpoliert
Routenpunkt (Way);Carl-Benz-Straße;49.4994601;8.4781269;30;Original OSM
Routenpunkt (Way);Carl-Benz-Straße;49.4994739;8.4780128;30;Original OSM
Routenpunkt (Way);Carl-Benz-Straße;49.49948945;8.47787925;30;Interpoliert
Routenpunkt (Way);Carl-Benz-Straße;49.499505;8.4777457;30;Original OSM
Routenpunkt (Way);Carl-Benz-Straße;49.4990578;8.4814185;30;Original OSM
Routenpunkt (Way);Carl-Benz-Straße;49.49908066666667;8.481249533333333;30;Interpoliert
Routenpunkt (Way);Carl-Benz-Straße;49.49910353333333;8.481080566666668;30;Interpoliert
Routenpunkt (Way);Carl-Benz-Straße;49.4991264;8.4809116;30;Original OSM
Routenpunkt (Way);Carl-Benz-Straße;49.4991464;8.480744866666667;30;Interpoliert
Routenpunkt (Way);Carl-Benz-Straße;49.4991664;8.480578133333333;30;Interpoliert
Routenpunkt (Way);Carl-Benz-Straße;49.4991864;8.4804114;30;Original OSM
Routenpunkt (Way);Carl-Benz-Straße;49.4992091;8.480211;30;Original OSM
Routenpunkt (Way);Carl-Benz-Straße;49.49922225;8.4800951;30;Interpoliert
Routenpunkt (Way);Carl-Benz-Straße;49.4992354;8.4799792;30;Original OSM
Routenpunkt (Way);Kußmaulstraße;49.4957457;8.4894713;50;Original OSM
Routenpunkt (Way);Kußmaulstraße;49.4957929;8.4894075;50;Original OSM
Routenpunkt (Way);Grenadierstraße;49.4997133;8.4910314;50;Original OSM
Routenpunkt (Way);Grenadierstraße;49.4996606;8.4911023;50;Original OSM
Routenpunkt (Way);Unbekannt;49.4815958;8.4657603;;Original OSM
Routenpunkt (Way);Unbekannt;49.481621;8.4656753;;Original OSM
Routenpunkt (Way);Unbekannt;49.48166315;8.465520349999998;;Interpoliert
Routenpunkt (Way);Unbekannt;49.4817053;8.4653654;;Original OSM
Routenpunkt (Way);Unbekannt;49.48174385;8.4652312;;Interpoliert
Routenpunkt (Way);Unbekannt;49.4817824;8.465097;;Original OSM
Routenpunkt (Way);Unbekannt;49.4818062;8.4650133;;Original OSM
Routenpunkt (Way);Unbekannt;49.4818571;8.4648844;;Original OSM
Routenpunkt (Way);Unbekannt;49.4819212;8.4648061;;Original OSM
Routenpunkt (Way);Unbekannt;49.4819587;8.4647669;;Original OSM
Routenpunkt (Way);Unbekannt;49.4820218;8.4647325;;Original OSM
Routenpunkt (Way);Unbekannt;49.4820824;8.464718;;Original OSM
Routenpunkt (Way);Unbekannt;49.4821456;8.4647262;;Original OSM
Routenpunkt (Way);Unbekannt;49.4821663;8.4647339;;Original OSM
Routenpunkt (Way);Unbekannt;49.4822055;8.4647486;;Original OSM
Routenpunkt (Way);Unbekannt;49.4822335;8.4647671;;Original OSM
Routenpunkt (Way);Unbekannt;49.4822859;8.4648083;;Original OSM
Routenpunkt (Way);Unbekannt;49.4823624;8.4648703;;Original OSM
Routenpunkt (Way);Unbekannt;49.4824291;8.4649292;;Original OSM
Routenpunkt (Way);Unbekannt;49.4825046;8.4650121;;Original OSM
Routenpunkt (Way);Unbekannt;49.4825696;8.465092;;Original OSM
Routenpunkt (Way);Unbekannt;49.482649333333335;8.465202433333333;;Interpoliert
Routenpunkt (Way);Unbekannt;49.482729066666664;8.465312866666666;;Interpoliert
Routenpunkt (Way);Unbekannt;49.4828088;8.4654233;;Original OSM
Routenpunkt (Way);Unbekannt;49.4828786;8.4655001;;Original OSM
Routenpunkt (Way);Unbekannt;49.4829552;8.4655745;;Original OSM
Routenpunkt (Way);Unbekannt;49.4830525;8.4656594;;Original OSM
Routenpunkt (Way);Unbekannt;49.4830878;8.4656799;;Original OSM
Routenpunkt (Way);Unbekannt;49.4831527;8.4657018;;Original OSM
Routenpunkt (Way);Unbekannt;49.4831971;8.4657041;;Original OSM
Routenpunkt (Way);Unbekannt;49.4832393;8.4656995;;Original OSM
Routenpunkt (Way);Unbekannt;49.4832709;8.4656898;;Original OSM
Routenpunkt (Way);Unbekannt;49.4832871;8.4656854;;Original OSM
Routenpunkt (Way);Friedrichsplatz;49.4828312;8.4763089;50;Original OSM
Routenpunkt (Way);Friedrichsplatz;49.482781;8.4764526;50;Original OSM
Routenpunkt (Way);Friedrichsplatz;49.4827447;8.4766232;50;Original OSM
Routenpunkt (Way);Friedrichsplatz;49.4827252;8.4767546;50;Original OSM
Routenpunkt (Way);Friedrichsplatz;49.4827149;8.4769225;50;Original OSM
Routenpunkt (Way);Friedrichsplatz;49.482716;8.4770738;50;Original OSM
Routenpunkt (Way);Ludwig-Jolly-Straße;49.5036273;8.460365;50;Original OSM
Routenpunkt (Way);Ludwig-Jolly-Straße;49.5035417;8.460249099999999;50;Interpoliert
Routenpunkt (Way);Ludwig-Jolly-Straße;49.5034561;8.4601332;50;Original OSM
Routenpunkt (Way);Ludwig-Jolly-Straße;49.5034289;8.4600957;50;Original OSM
Routenpunkt (Way);Ludwig-Jolly-Straße;49.5033418;8.459979;50;Original OSM
Routenpunkt (Way);Maybachstraße;49.5046407;8.470122;50;Original OSM
Routenpunkt (Way);Maybachstraße;49.5046437;8.4702361;50;Original OSM
Routenpunkt (Way);Maybachstraße;49.5046403;8.4703025;50;Original OSM
Routenpunkt (Way);Maybachstraße;49.5046323;8.4704617;50;Original OSM
Routenpunkt (Way);Maybachstraße;49.504613174999996;8.470633724999999;50;Interpoliert
Routenpunkt (Way);Maybachstraße;49.504594049999994;8.47080575;50;Interpoliert
Routenpunkt (Way);Maybachstraße;49.504574925;8.470977775;50;Interpoliert
Routenpunkt (Way);Maybachstraße;49.5045558;8.4711498;50;Original OSM
Routenpunkt (Way);Maybachstraße;49.504533699999996;8.471348249999998;50;Interpoliert
Routenpunkt (Way);Maybachstraße;49.5045116;8.4715467;50;Original OSM
Routenpunkt (Way);Maybachstraße;49.5045074;8.4715848;50;Original OSM
Routenpunkt (Way);Maybachstraße;49.5044986;8.4716631;50;Original OSM
Routenpunkt (Way);Maybachstraße;49.50447667142857;8.471860257142858;50;Interpoliert
Routenpunkt (Way);Maybachstraße;49.50445474285714;8.472057414285715;50;Interpoliert
Routenpunkt (Way);Maybachstraße;49.504432814285714;8.472254571428572;50;Interpoliert
Routenpunkt (Way);Maybachstraße;49.504410885714286;8.472451728571428;50;Interpoliert
Routenpunkt (Way);Maybachstraße;49.50438895714286;8.472648885714285;50;Interpoliert
Routenpunkt (Way);Maybachstraße;49.50436702857143;8.472846042857142;50;Interpoliert
Routenpunkt (Way);Maybachstraße;49.5043451;8.4730432;50;Original OSM
Routenpunkt (Way);Maybachstraße;49.5043432;8.4730604;50;Original OSM
Routenpunkt (Way);Maybachstraße;49.5043248;8.47322245;50;Interpoliert
Routenpunkt (Way);Maybachstraße;49.5043064;8.4733845;50;Original OSM
Routenpunkt (Way);Maybachstraße;49.504285242857144;8.473571185714286;50;Interpoliert
Routenpunkt (Way);Maybachstraße;49.50426408571428;8.473757871428571;50;Interpoliert
Routenpunkt (Way);Maybachstraße;49.50424292857143;8.473944557142858;50;Interpoliert
Routenpunkt (Way);Maybachstraße;49.50422177142857;8.474131242857142;50;Interpoliert
Routenpunkt (Way);Maybachstraße;49.504200614285715;8.474317928571429;50;Interpoliert
Routenpunkt (Way);Maybachstraße;49.504179457142854;8.474504614285713;50;Interpoliert
Routenpunkt (Way);Maybachstraße;49.5041583;8.4746913;50;Original OSM
Routenpunkt (Way);Maybachstraße;49.5041419;8.4748397;50;Interpoliert
Routenpunkt (Way);Maybachstraße;49.5041255;8.4749881;50;Original OSM
Routenpunkt (Way);Maybachstraße;49.5041097;8.4751215;50;Original OSM
Routenpunkt (Way);Maybachstraße;49.504088485714284;8.47531072857143;50;Interpoliert
Routenpunkt (Way);Maybachstraße;49.504067271428575;8.475499957142857;50;Interpoliert
Routenpunkt (Way);Maybachstraße;49.50404605714286;8.475689185714286;50;Interpoliert
Routenpunkt (Way);Maybachstraße;49.50402484285714;8.475878414285715;50;Interpoliert
Routenpunkt (Way);Maybachstraße;49.504003628571425;8.476067642857144;50;Interpoliert
Routenpunkt (Way);Maybachstraße;49.503982414285716;8.476256871428571;50;Interpoliert
Routenpunkt (Way);Maybachstraße;49.5039612;8.4764461;50;Original OSM
Routenpunkt (Way);Maybachstraße;49.5039397;8.4766376;50;Original OSM
Routenpunkt (Way);Maybachstraße;49.5039262;8.4767544;50;Original OSM
Routenpunkt (Way);Maybachstraße;49.503905;8.476937;50;Original OSM
Routenpunkt (Way);Unbekannt;49.4842295;8.4634366;;Original OSM
Routenpunkt (Way);Unbekannt;49.48416876666666;8.463593333333334;;Interpoliert
Routenpunkt (Way);Unbekannt;49.484108033333335;8.463750066666666;;Interpoliert
Routenpunkt (Way);Unbekannt;49.4840473;8.4639068;;Original OSM
Routenpunkt (Way);Bismarckstraße;49.4859313;8.4592286;50;Original OSM
Routenpunkt (Way);Bismarckstraße;49.4859039;8.4592972;50;Original OSM
Routenpunkt (Way);Speyerer Straße;49.4646903;8.4694934;30;Original OSM
Routenpunkt (Way);Speyerer Straße;49.46469705;8.46960315;30;Interpoliert
Routenpunkt (Way);Speyerer Straße;49.4647038;8.4697129;30;Original OSM
Routenpunkt (Way);Speyerer Straße;49.4647028;8.469763;30;Original OSM
Routenpunkt (Way);Unbekannt;49.4802703;8.4691317;;Original OSM
Routenpunkt (Way);Unbekannt;49.4802635;8.4691652;;Original OSM
Routenpunkt (Way);Unbekannt;49.4802555;8.4692049;;Original OSM
Routenpunkt (Way);Unbekannt;49.480248;8.469239;;Original OSM
Routenpunkt (Way);Unbekannt;49.480208025;8.4694191;;Interpoliert
Routenpunkt (Way);Unbekannt;49.48016805;8.469599200000001;;Interpoliert
Routenpunkt (Way);Unbekannt;49.480128075;8.4697793;;Interpoliert
Routenpunkt (Way);Unbekannt;49.4800881;8.4699594;;Original OSM
Routenpunkt (Way);Unbekannt;49.480289;8.4690226;;Original OSM
Routenpunkt (Way);Unbekannt;49.4802795;8.4690829;;Original OSM
Routenpunkt (Way);Unbekannt;49.4802739;8.4691134;;Original OSM
Routenpunkt (Way);Unbekannt;49.4802703;8.4691317;;Original OSM
Routenpunkt (Way);Hafenstraße;49.4964017;8.4575239;30;Original OSM
Routenpunkt (Way);Hafenstraße;49.4964887;8.4575413;30;Original OSM
Routenpunkt (Way);Käfertaler Straße;49.4970268;8.4918681;50;Original OSM
Routenpunkt (Way);Käfertaler Straße;49.4970409;8.4918939;50;Original OSM
Routenpunkt (Way);Käfertaler Straße;49.4970961;8.4919951;50;Interpoliert
Routenpunkt (Way);Käfertaler Straße;49.4971513;8.4920963;50;Original OSM
Routenpunkt (Way);Käfertaler Straße;49.5013995;8.4999474;50;Original OSM
Routenpunkt (Way);Käfertaler Straße;49.5014591;8.5000608;50;Original OSM
Routenpunkt (Way);Käfertaler Straße;49.5013995;8.4999474;50;Original OSM
Routenpunkt (Way);Käfertaler Straße;49.5013904;8.4998797;50;Original OSM
Routenpunkt (Way);Käfertaler Straße;49.5013743;8.4998253;50;Original OSM
Routenpunkt (Way);Käfertaler Straße;49.5013394;8.499758;50;Original OSM
Routenpunkt (Way);Käfertaler Straße;49.5012886;8.49966;50;Original OSM
Routenpunkt (Way);Käfertaler Straße;49.5012573;8.4996157;50;Original OSM
Routenpunkt (Way);Käfertaler Straße;49.5011928;8.4995489;50;Original OSM
Routenpunkt (Way);Käfertaler Straße;49.5010724;8.4993164;50;Original OSM
Routenpunkt (Way);Käfertaler Straße;49.5011326;8.49943265;50;Interpoliert
Routenpunkt (Way);Käfertaler Straße;49.5011928;8.4995489;50;Original OSM
Routenpunkt (Way);Käfertaler Straße;49.5018845;8.5008492;50;Original OSM
Routenpunkt (Way);Käfertaler Straße;49.50194246666667;8.5009561;50;Interpoliert
Routenpunkt (Way);Käfertaler Straße;49.502000433333336;8.501063;50;Interpoliert
Routenpunkt (Way);Käfertaler Straße;49.5020584;8.5011699;50;Original OSM
Routenpunkt (Way);Käfertaler Straße;49.5026528;8.5022263;50;Original OSM
Routenpunkt (Way);Käfertaler Straße;49.5027381;8.502385;50;Original OSM
Routenpunkt (Way);Käfertaler Straße;49.5027921;8.5024401;50;Original OSM
Routenpunkt (Way);Hafenstraße;49.4964887;8.4575413;50;Original OSM
Routenpunkt (Way);Hafenstraße;49.496556;8.4575535;50;Original OSM
Routenpunkt (Way);Max-Joseph-Straße;49.500023;8.4758856;30;Original OSM
Routenpunkt (Way);Max-Joseph-Straße;49.49992535;8.4758193;30;Interpoliert
Routenpunkt (Way);Max-Joseph-Straße;49.4998277;8.475753;30;Original OSM
Routenpunkt (Way);Max-Joseph-Straße;49.499801;8.4757357;30;Original OSM
Routenpunkt (Way);Max-Joseph-Straße;49.49976;8.4757061;30;Original OSM
Routenpunkt (Way);Zeppelinstraße;49.5055296;8.4638729;30;Original OSM
Routenpunkt (Way);Zeppelinstraße;49.50557585;8.46403125;30;Interpoliert
Routenpunkt (Way);Zeppelinstraße;49.5056221;8.4641896;30;Original OSM
Routenpunkt (Way);Zeppelinstraße;49.505657;8.464321;30;Original OSM
Routenpunkt (Way);Zeppelinstraße;49.505697600000005;8.464505800000001;30;Interpoliert
Routenpunkt (Way);Zeppelinstraße;49.5057382;8.4646906;30;Original OSM
Routenpunkt (Way);Zeppelinstraße;49.5057572;8.4647887;30;Original OSM
Routenpunkt (Way);Zeppelinstraße;49.5057821;8.464919649999999;30;Interpoliert
Routenpunkt (Way);Zeppelinstraße;49.505807;8.4650506;30;Original OSM
Routenpunkt (Way);Zeppelinstraße;49.5058259;8.46516475;30;Interpoliert
Routenpunkt (Way);Zeppelinstraße;49.5058448;8.4652789;30;Original OSM
Routenpunkt (Way);Zeppelinstraße;49.5059235;8.4666891;30;Original OSM
Routenpunkt (Way);Zeppelinstraße;49.5059422;8.46658335;30;Interpoliert
Routenpunkt (Way);Zeppelinstraße;49.5059609;8.4664776;30;Original OSM
Routenpunkt (Way);Zeppelinstraße;49.5059602;8.4663754;30;Original OSM
Routenpunkt (Way);Zeppelinstraße;49.5059596;8.4662752;30;Original OSM
Routenpunkt (Way);Zeppelinstraße;49.50594255;8.466166099999999;30;Interpoliert
Routenpunkt (Way);Zeppelinstraße;49.5059255;8.466057;30;Original OSM
Routenpunkt (Way);Untermühlaustraße;49.5050758;8.4624423;50;Original OSM
Routenpunkt (Way);Untermühlaustraße;49.505019000000004;8.46236885;50;Interpoliert
Routenpunkt (Way);Untermühlaustraße;49.5049622;8.4622954;50;Original OSM
Routenpunkt (Way);Neckarstadt West;49.5041361;8.4609167;;Original OSM
Routenpunkt (Way);Neckarstadt West;49.5041427;8.4609262;;Original OSM
Routenpunkt (Way);Neckarstadt West;49.504226450000004;8.461046849999999;;Interpoliert
Routenpunkt (Way);Neckarstadt West;49.5043102;8.4611675;;Original OSM
Routenpunkt (Way);Neckarstadt West;49.5043169;8.4611772;;Original OSM
Routenpunkt (Way);Neckarstadt West;49.504306;8.4611957;;Original OSM
Routenpunkt (Way);Neckarstadt West;49.504215599999995;8.46106545;;Interpoliert
Routenpunkt (Way);Neckarstadt West;49.5041252;8.4609352;;Original OSM
Routenpunkt (Way);Neckarstadt West;49.5041361;8.4609167;;Original OSM
Routenpunkt (Way);Speyerer Straße;49.4686628;8.4837405;50;Original OSM
Routenpunkt (Way);Speyerer Straße;49.46862659999999;8.483629650000001;50;Interpoliert
Routenpunkt (Way);Speyerer Straße;49.4685904;8.4835188;50;Original OSM
Routenpunkt (Way);Speyerer Straße;49.468524339999995;8.48338404;50;Interpoliert
Routenpunkt (Way);Speyerer Straße;49.46845828;8.48324928;50;Interpoliert
Routenpunkt (Way);Speyerer Straße;49.46839222;8.483114519999999;50;Interpoliert
Routenpunkt (Way);Speyerer Straße;49.468326160000004;8.48297976;50;Interpoliert
Routenpunkt (Way);Speyerer Straße;49.4682601;8.482845;50;Original OSM
Routenpunkt (Way);Unbekannt;49.4842227;8.4633099;;Original OSM
Routenpunkt (Way);Unbekannt;49.4842295;8.4634366;;Original OSM
Routenpunkt (Way);Carl-Benz-Straße;49.4987451;8.4841491;50;Original OSM
Routenpunkt (Way);Carl-Benz-Straße;49.4987587;8.4840413;50;Original OSM
Routenpunkt (Way);Carl-Benz-Straße;49.498776050000004;8.4838919;50;Interpoliert
Routenpunkt (Way);Carl-Benz-Straße;49.4987934;8.4837425;50;Original OSM
Routenpunkt (Way);Unbekannt;49.4804462;8.4683102;;Original OSM
Routenpunkt (Way);Unbekannt;49.4804175;8.4683513;;Original OSM
Routenpunkt (Way);Carl-Benz-Straße;49.498254;8.4883796;50;Original OSM
Routenpunkt (Way);Carl-Benz-Straße;49.4982426;8.4884918;50;Original OSM
Routenpunkt (Way);Unbekannt;49.4881703;8.4562833;30;Original OSM
Routenpunkt (Way);Unbekannt;49.4881241;8.4564061;30;Original OSM
Routenpunkt (Way);Unbekannt;49.488095;8.4564778;30;Original OSM
Routenpunkt (Way);Unbekannt;49.48802974;8.45664956;30;Interpoliert
Routenpunkt (Way);Unbekannt;49.48796448;8.45682132;30;Interpoliert
Routenpunkt (Way);Unbekannt;49.487899219999996;8.45699308;30;Interpoliert
Routenpunkt (Way);Unbekannt;49.487833959999996;8.457164839999999;30;Interpoliert
Routenpunkt (Way);Unbekannt;49.4877687;8.4573366;30;Original OSM
Routenpunkt (Way);Unbekannt;49.4877687;8.4573366;30;Original OSM
Routenpunkt (Way);Unbekannt;49.4877101;8.4574922;30;Original OSM
Routenpunkt (Way);Unbekannt;49.487678;8.4575732;30;Original OSM
Routenpunkt (Way);Unbekannt;49.4871794;8.4588531;30;Original OSM
Routenpunkt (Way);Unbekannt;49.48712245;8.4589997;30;Interpoliert
Routenpunkt (Way);Unbekannt;49.4870655;8.4591463;30;Original OSM
Routenpunkt (Way);Unbekannt;49.487019233333335;8.4592653;30;Interpoliert
Routenpunkt (Way);Unbekannt;49.48697296666666;8.4593843;30;Interpoliert
Routenpunkt (Way);Unbekannt;49.4869267;8.4595033;30;Original OSM
Routenpunkt (Way);Unbekannt;49.4868949;8.4595852;30;Original OSM
Routenpunkt (Way);Unbekannt;49.4865264;8.4591191;30;Original OSM
Routenpunkt (Way);Unbekannt;49.4864571;8.4590305;30;Original OSM
Routenpunkt (Way);Unbekannt;49.4864295;8.4589952;30;Original OSM
Routenpunkt (Way);Zeppelinstraße;49.5058448;8.4652789;30;Original OSM
Routenpunkt (Way);Zeppelinstraße;49.5058655;8.465452966666666;30;Interpoliert
Routenpunkt (Way);Zeppelinstraße;49.5058862;8.465627033333334;30;Interpoliert
Routenpunkt (Way);Zeppelinstraße;49.5059069;8.4658011;30;Original OSM
Routenpunkt (Way);Zeppelinstraße;49.5059162;8.46592905;30;Interpoliert
Routenpunkt (Way);Zeppelinstraße;49.5059255;8.466057;30;Original OSM
