Typ;Name;Latitude;Longitude;Tempolimit;Details
Haltestelle;Hilsenhain Dell;49.5136955;8.7772684;;Bus Stop
Haltestelle;Hilsenhain Dell;49.5136692;8.7771885;;Bus Stop
Routenpunkt (Way);Bärsbacher Straße;49.5136692;8.7771885;70.0;Original OSM
Routenpunkt (Way);Bärsbacher Straße;49.5137379;8.777069000000001;70.0;Interpoliert
Routenpunkt (Way);Bärsbacher Straße;49.5138066;8.7769495;70.0;Original OSM
Routenpunkt (Way);Bärsbacher Straße;49.51385725;8.77687825;70.0;Interpoliert
Routenpunkt (Way);Bärsbacher Straße;49.5139079;8.776807;70.0;Original OSM
Routenpunkt (Way);Bärsbacher Straße;49.5139869;8.7767124;70.0;Original OSM
Routenpunkt (Way);Bärsbacher Straße;49.514081;8.7766141;70.0;Original OSM
Routenpunkt (Way);Bärsbacher Straße;49.5141685;8.77649875;70.0;Interpoliert
Routenpunkt (Way);Bärsbacher Straße;49.514256;8.7763834;70.0;Original OSM
Routenpunkt (Way);Bärsbacher Straße;49.51431285;8.77630325;70.0;Interpoliert
Routenpunkt (Way);Bärsbacher Straße;49.5143697;8.7762231;70.0;Original OSM
Routenpunkt (Way);Bärsbacher Straße;49.5144514;8.7761309;70.0;Original OSM
Routenpunkt (Way);Bärsbacher Straße;49.5145073;8.776077;70.0;Original OSM
Routenpunkt (Way);Bärsbacher Straße;49.5145717;8.7760317;70.0;Original OSM
Routenpunkt (Way);Bärsbacher Straße;49.514663;8.7759899;70.0;Original OSM
Routenpunkt (Way);Bärsbacher Straße;49.514663;8.7759899;;Original OSM
Routenpunkt (Way);Bärsbacher Straße;49.51474025;8.775961;;Interpoliert
Routenpunkt (Way);Bärsbacher Straße;49.5148175;8.7759321;;Original OSM
Routenpunkt (Way);Bärsbacher Straße;49.5148963;8.7759005;;Original OSM
Routenpunkt (Way);Bärsbacher Straße;49.5149499;8.7758667;;Original OSM
Routenpunkt (Way);Bärsbacher Straße;49.5150045;8.7758201;;Original OSM
Routenpunkt (Way);Bärsbacher Straße;49.51506;8.7757492;;Original OSM
Routenpunkt (Way);Bärsbacher Straße;49.5151141;8.7756497;;Original OSM
Routenpunkt (Way);Bärsbacher Straße;49.5151482;8.7755548;;Original OSM
Routenpunkt (Way);Bärsbacher Straße;49.5151684;8.7754827;;Original OSM
Routenpunkt (Way);Bärsbacher Straße;49.5151795;8.7753959;;Original OSM
Routenpunkt (Way);Bärsbacher Straße;49.5151807;8.775303;;Original OSM
Routenpunkt (Way);Bärsbacher Straße;49.515176;8.7752075;;Original OSM
Routenpunkt (Way);Bärsbacher Straße;49.5151658;8.7751201;;Original OSM
Routenpunkt (Way);Bärsbacher Straße;49.5151488;8.7750405;;Original OSM
Routenpunkt (Way);Bärsbacher Straße;49.5151239;8.7749664;;Original OSM
Routenpunkt (Way);Bärsbacher Straße;49.5150914;8.7748923;;Original OSM
Routenpunkt (Way);Bärsbacher Straße;49.5150491;8.7748289;;Original OSM
Routenpunkt (Way);Bärsbacher Straße;49.5149996;8.7747694;;Original OSM
Routenpunkt (Way);Bärsbacher Straße;49.5149482;8.774728;;Original OSM
Routenpunkt (Way);Bärsbacher Straße;49.5149007;8.7747003;;Original OSM
Routenpunkt (Way);Bärsbacher Straße;49.5148549;8.7746834;;Original OSM
Routenpunkt (Way);Bärsbacher Straße;49.5148056;8.7746771;;Original OSM
Routenpunkt (Way);Bärsbacher Straße;49.5147598;8.774678;;Original OSM
Routenpunkt (Way);Bärsbacher Straße;49.5146899;8.7746848;;Original OSM
Routenpunkt (Way);Bärsbacher Straße;49.5146247;8.7746959;;Original OSM
Routenpunkt (Way);Bärsbacher Straße;49.5145123;8.7747128;;Original OSM
Routenpunkt (Way);Bärsbacher Straße;49.5144647;8.7747164;;Original OSM
Routenpunkt (Way);Bärsbacher Straße;49.5144092;8.7747162;;Original OSM
Routenpunkt (Way);Bärsbacher Straße;49.5143376;8.7747046;;Original OSM
Routenpunkt (Way);Bärsbacher Straße;49.5142879;8.7746914;;Original OSM
Routenpunkt (Way);Bärsbacher Straße;49.5142474;8.7746736;;Original OSM
Routenpunkt (Way);Bärsbacher Straße;49.5141852;8.7746369;;Original OSM
Routenpunkt (Way);Bärsbacher Straße;49.5141329;8.7745984;;Original OSM
Routenpunkt (Way);Bärsbacher Straße;49.5140775;8.7745575;;Original OSM
Routenpunkt (Way);Bärsbacher Straße;49.5139845;8.7744714;;Original OSM
Routenpunkt (Way);Bärsbacher Straße;49.5139211;8.7744043;;Original OSM
Routenpunkt (Way);Bärsbacher Straße;49.5138795;8.7743722;;Original OSM
Routenpunkt (Way);Bärsbacher Straße;49.5138616;8.7743599;;Original OSM
Routenpunkt (Way);Bärsbacher Straße;49.5138444;8.774348;;Original OSM
Routenpunkt (Way);Bärsbacher Straße;49.5137966;8.7743238;;Original OSM
Routenpunkt (Way);Bärsbacher Straße;49.5137529;8.7743102;;Original OSM
Routenpunkt (Way);Bärsbacher Straße;49.5137007;8.774303;;Original OSM
Routenpunkt (Way);Bärsbacher Straße;49.5136514;8.7743021;;Original OSM
Routenpunkt (Way);Bärsbacher Straße;49.5136068;8.7743066;;Original OSM
Routenpunkt (Way);Bärsbacher Straße;49.5135746;8.7743163;;Original OSM
Routenpunkt (Way);Bärsbacher Straße;49.513533;8.7743335;;Original OSM
Routenpunkt (Way);Bärsbacher Straße;49.5134926;8.7743548;;Original OSM
Routenpunkt (Way);Bärsbacher Straße;49.513452;8.7743825;;Original OSM
Routenpunkt (Way);Bärsbacher Straße;49.5133645;8.7744432;;Original OSM
Routenpunkt (Way);Bärsbacher Straße;49.5133077;8.774478;;Original OSM
Routenpunkt (Way);Bärsbacher Straße;49.5132631;8.7744997;;Original OSM
Routenpunkt (Way);Bärsbacher Straße;49.5132265;8.7745102;;Original OSM
Routenpunkt (Way);Bärsbacher Straße;49.5131708;8.7745191;;Original OSM
Routenpunkt (Way);Bärsbacher Straße;49.5131117;8.7745182;;Original OSM
Routenpunkt (Way);Bärsbacher Straße;49.5130481;8.774506;;Original OSM
Routenpunkt (Way);Bärsbacher Straße;49.5129958;8.7744816;;Original OSM
Routenpunkt (Way);Bärsbacher Straße;49.5129297;8.7744405;;Original OSM
Routenpunkt (Way);Bärsbacher Straße;49.5128642;8.7743878;;Original OSM
Routenpunkt (Way);Bärsbacher Straße;49.5128082;8.7743337;;Original OSM
Routenpunkt (Way);Bärsbacher Straße;49.5127228;8.7742369;;Original OSM
Routenpunkt (Way);Bärsbacher Straße;49.5126596;8.7741419;;Interpoliert
Routenpunkt (Way);Bärsbacher Straße;49.5125964;8.7740469;;Original OSM
Routenpunkt (Way);Bärsbacher Straße;49.5125289;8.77392825;;Interpoliert
Routenpunkt (Way);Bärsbacher Straße;49.5124614;8.7738096;;Original OSM
Routenpunkt (Way);Bärsbacher Straße;49.51241945;8.7737158;;Interpoliert
Routenpunkt (Way);Bärsbacher Straße;49.5123775;8.773622;;Original OSM
Routenpunkt (Way);Bärsbacher Straße;49.5123637;8.7735913;;Original OSM
Routenpunkt (Way);Bärsbacher Straße;49.5123637;8.7735913;30.0;Original OSM
Routenpunkt (Way);Bärsbacher Straße;49.51233115;8.77348215;30.0;Interpoliert
Routenpunkt (Way);Bärsbacher Straße;49.5122986;8.773373;30.0;Original OSM
Routenpunkt (Way);Bärsbacher Straße;49.5122606;8.773178;30.0;Original OSM
Routenpunkt (Way);Bärsbacher Straße;49.5122463;8.7730829;30.0;Original OSM
Routenpunkt (Way);Bärsbacher Straße;49.5122187;8.7728982;30.0;Original OSM
Routenpunkt (Way);Bärsbacher Straße;49.51219675;8.772751849999999;30.0;Interpoliert
Routenpunkt (Way);Bärsbacher Straße;49.5121748;8.7726055;30.0;Original OSM
Routenpunkt (Way);Bärsbacher Straße;49.5121748;8.7726055;30.0;Original OSM
Routenpunkt (Way);Bärsbacher Straße;49.5121482;8.772434375;30.0;Interpoliert
Routenpunkt (Way);Bärsbacher Straße;49.5121216;8.77226325;30.0;Interpoliert
Routenpunkt (Way);Bärsbacher Straße;49.512095;8.772092125;30.0;Interpoliert
Routenpunkt (Way);Bärsbacher Straße;49.5120684;8.771921;30.0;Original OSM
Routenpunkt (Way);Bärsbacher Straße;49.5120399;8.7717374;30.0;Original OSM
Routenpunkt (Way);Bärsbacher Straße;49.51201445;8.77158035;30.0;Interpoliert
Haltestelle;Hilsenhain, Ort;49.5120646;8.7714948;;Bus Stop
Routenpunkt (Way);Bärsbacher Straße;49.511989;8.7714233;30.0;Original OSM
Routenpunkt (Way);Bärsbacher Straße;49.5119523;8.7712321;30.0;Original OSM
Routenpunkt (Way);Bärsbacher Straße;49.51192465;8.7711237;30.0;Interpoliert
Routenpunkt (Way);Bärsbacher Straße;49.511897;8.7710153;30.0;Original OSM
Routenpunkt (Way);Bärsbacher Straße;49.5118663;8.770929;30.0;Original OSM
Routenpunkt (Way);Bärsbacher Straße;49.5118316;8.7708467;30.0;Original OSM
Routenpunkt (Way);Bärsbacher Straße;49.5118003;8.7707856;30.0;Original OSM
Routenpunkt (Way);Bärsbacher Straße;49.5117597;8.7707244;30.0;Original OSM
Routenpunkt (Way);Bärsbacher Straße;49.5117597;8.7707244;30.0;Original OSM
Routenpunkt (Way);Bärsbacher Straße;49.5117066;8.7706545;30.0;Original OSM
Routenpunkt (Way);Bärsbacher Straße;49.5116467;8.7705933;30.0;Original OSM
Routenpunkt (Way);Bärsbacher Straße;49.5116467;8.7705933;30.0;Original OSM
Routenpunkt (Way);Bärsbacher Straße;49.5115553;8.7705142;30.0;Original OSM
Routenpunkt (Way);Bärsbacher Straße;49.5114826;8.7704641;30.0;Interpoliert
Routenpunkt (Way);Bärsbacher Straße;49.5114099;8.770414;30.0;Original OSM
Routenpunkt (Way);Bärsbacher Straße;49.5114099;8.770414;;Original OSM
Routenpunkt (Way);Bärsbacher Straße;49.5113209;8.770352633333333;;Interpoliert
Routenpunkt (Way);Bärsbacher Straße;49.5112319;8.770291266666668;;Interpoliert
Routenpunkt (Way);Bärsbacher Straße;49.5111429;8.7702299;;Original OSM
Routenpunkt (Way);Bärsbacher Straße;49.5111429;8.7702299;;Original OSM
Routenpunkt (Way);Bärsbacher Straße;49.51102683333333;8.770153200000001;;Interpoliert
Routenpunkt (Way);Bärsbacher Straße;49.51091076666667;8.7700765;;Interpoliert
Routenpunkt (Way);Bärsbacher Straße;49.5107947;8.7699998;;Original OSM
Routenpunkt (Way);Bärsbacher Straße;49.5106935;8.76993505;;Interpoliert
Routenpunkt (Way);Bärsbacher Straße;49.5105923;8.7698703;;Original OSM
Routenpunkt (Way);Bärsbacher Straße;49.51048195;8.76978845;;Interpoliert
Routenpunkt (Way);Bärsbacher Straße;49.5103716;8.7697066;;Original OSM
Routenpunkt (Way);Bärsbacher Straße;49.5103119;8.76965085;;Interpoliert
Routenpunkt (Way);Bärsbacher Straße;49.5102522;8.7695951;;Original OSM
Routenpunkt (Way);Bärsbacher Straße;49.5101816;8.76952395;;Interpoliert
Routenpunkt (Way);Bärsbacher Straße;49.510111;8.7694528;;Original OSM
Routenpunkt (Way);Bärsbacher Straße;49.5100282;8.7693839;;Original OSM
Routenpunkt (Way);Bärsbacher Straße;49.5099479;8.7693208;;Original OSM
Routenpunkt (Way);Bärsbacher Straße;49.5098819;8.7692823;;Original OSM
Routenpunkt (Way);Bärsbacher Straße;49.5098819;8.7692823;;Original OSM
Routenpunkt (Way);Bärsbacher Straße;49.5097523;8.7692302;;Original OSM
Routenpunkt (Way);Bärsbacher Straße;49.5096395;8.7691949;;Original OSM
Routenpunkt (Way);Bärsbacher Straße;49.509567;8.769185199999999;;Interpoliert
Routenpunkt (Way);Bärsbacher Straße;49.5094945;8.7691755;100.0;Original OSM
Routenpunkt (Way);Bärsbacher Straße;49.5094945;8.7691755;;Original OSM
Routenpunkt (Way);Bärsbacher Straße;49.5093816;8.7691738;100.0;Original OSM
Routenpunkt (Way);Bärsbacher Straße;49.50930005;8.769174450000001;100.0;Interpoliert
Routenpunkt (Way);Bärsbacher Straße;49.5092185;8.7691751;100.0;Original OSM
Routenpunkt (Way);Bärsbacher Straße;49.5090847;8.7691608;100.0;Original OSM
Routenpunkt (Way);Bärsbacher Straße;49.5089832;8.7691323;100.0;Original OSM
Routenpunkt (Way);Bärsbacher Straße;49.5088955;8.76909515;100.0;Interpoliert
Routenpunkt (Way);Bärsbacher Straße;49.5088078;8.769058;100.0;Original OSM
Routenpunkt (Way);Bärsbacher Straße;49.5086949;8.769004;100.0;Original OSM
Routenpunkt (Way);Bärsbacher Straße;49.50861995;8.76895185;100.0;Interpoliert
Routenpunkt (Way);Bärsbacher Straße;49.508545;8.7688997;100.0;Original OSM
Routenpunkt (Way);Bärsbacher Straße;49.508439;8.7687899;100.0;Original OSM
Routenpunkt (Way);Bärsbacher Straße;49.5083664;8.7686951;100.0;Original OSM
Routenpunkt (Way);Bärsbacher Straße;49.5083018;8.7686001;100.0;Interpoliert
Routenpunkt (Way);Bärsbacher Straße;49.5082372;8.7685051;100.0;Original OSM
Routenpunkt (Way);Bärsbacher Straße;49.5081682;8.768381833333335;100.0;Interpoliert
Routenpunkt (Way);Bärsbacher Straße;49.5080992;8.768258566666667;100.0;Interpoliert
Routenpunkt (Way);Bärsbacher Straße;49.5080302;8.7681353;100.0;Original OSM
Routenpunkt (Way);Bärsbacher Straße;49.50797385;8.767985750000001;100.0;Interpoliert
Routenpunkt (Way);Bärsbacher Straße;49.5079175;8.7678362;100.0;Original OSM
Routenpunkt (Way);Bärsbacher Straße;49.50787245;8.76768055;100.0;Interpoliert
Routenpunkt (Way);Bärsbacher Straße;49.5078274;8.7675249;100.0;Original OSM
Routenpunkt (Way);Bärsbacher Straße;49.5078027;8.7673799;100.0;Original OSM
Routenpunkt (Way);Bärsbacher Straße;49.50777835;8.76723705;100.0;Interpoliert
Routenpunkt (Way);Bärsbacher Straße;49.507754;8.7670942;100.0;Original OSM
Routenpunkt (Way);Bärsbacher Straße;49.50775044285714;8.766909842857144;100.0;Interpoliert
Routenpunkt (Way);Bärsbacher Straße;49.50774688571428;8.766725485714286;100.0;Interpoliert
Routenpunkt (Way);Bärsbacher Straße;49.50774332857143;8.76654112857143;100.0;Interpoliert
Routenpunkt (Way);Bärsbacher Straße;49.50773977142857;8.76635677142857;100.0;Interpoliert
Routenpunkt (Way);Bärsbacher Straße;49.507736214285714;8.766172414285714;100.0;Interpoliert
Routenpunkt (Way);Bärsbacher Straße;49.50773265714285;8.765988057142856;100.0;Interpoliert
Routenpunkt (Way);Bärsbacher Straße;49.5077291;8.7658037;100.0;Original OSM
Routenpunkt (Way);Bärsbacher Straße;49.50771325;8.7656526;100.0;Interpoliert
Routenpunkt (Way);Bärsbacher Straße;49.5076974;8.7655015;100.0;Original OSM
Routenpunkt (Way);Bärsbacher Straße;49.5076558;8.7653112;100.0;Interpoliert
Routenpunkt (Way);Bärsbacher Straße;49.5076142;8.7651209;100.0;Original OSM
Routenpunkt (Way);Bärsbacher Straße;49.5076142;8.7651209;100.0;Original OSM
Routenpunkt (Way);Bärsbacher Straße;49.5075359;8.764975849999999;100.0;Interpoliert
Routenpunkt (Way);Bärsbacher Straße;49.5074576;8.7648308;100.0;Original OSM
Routenpunkt (Way);Bärsbacher Straße;49.507401650000006;8.764744499999999;100.0;Interpoliert
Routenpunkt (Way);Bärsbacher Straße;49.5073457;8.7646582;100.0;Original OSM
Routenpunkt (Way);Bärsbacher Straße;49.50728065;8.76459285;100.0;Interpoliert
Routenpunkt (Way);Bärsbacher Straße;49.5072156;8.7645275;100.0;Original OSM
Routenpunkt (Way);Bärsbacher Straße;49.5071518;8.7644853;100.0;Interpoliert
Routenpunkt (Way);Bärsbacher Straße;49.507088;8.7644431;100.0;Original OSM
Routenpunkt (Way);Bärsbacher Straße;49.5069868;8.764391;100.0;Original OSM
Routenpunkt (Way);Bärsbacher Straße;49.5069612;8.7643778;100.0;Original OSM
Routenpunkt (Way);Bärsbacher Straße;49.5069612;8.7643778;;Original OSM
Routenpunkt (Way);Bärsbacher Straße;49.50683155;8.76435365;;Interpoliert
Routenpunkt (Way);Bärsbacher Straße;49.5067019;8.7643295;;Original OSM
Routenpunkt (Way);Bärsbacher Straße;49.5066038;8.764336400000001;;Interpoliert
Routenpunkt (Way);Bärsbacher Straße;49.5065057;8.7643433;;Original OSM
Routenpunkt (Way);Bärsbacher Straße;49.5064137;8.76437355;;Interpoliert
Routenpunkt (Way);Bärsbacher Straße;49.5063217;8.7644038;;Original OSM
Routenpunkt (Way);Bärsbacher Straße;49.50624865;8.76444955;;Interpoliert
Routenpunkt (Way);Bärsbacher Straße;49.5061756;8.7644953;;Original OSM
Routenpunkt (Way);Bärsbacher Straße;49.5060759;8.764604349999999;;Interpoliert
Routenpunkt (Way);Bärsbacher Straße;49.5059762;8.7647134;;Original OSM
Routenpunkt (Way);Hilsenhainer Straße;49.5059762;8.7647134;30.0;Original OSM
Routenpunkt (Way);Hilsenhainer Straße;49.50589065;8.76484035;30.0;Interpoliert
Routenpunkt (Way);Hilsenhainer Straße;49.5058051;8.7649673;30.0;Original OSM
Routenpunkt (Way);Hilsenhainer Straße;49.5058051;8.7649673;30.0;Original OSM
Routenpunkt (Way);Hilsenhainer Straße;49.505746433333336;8.765133566666666;30.0;Interpoliert
Routenpunkt (Way);Hilsenhainer Straße;49.50568776666667;8.765299833333334;30.0;Interpoliert
Routenpunkt (Way);Hilsenhainer Straße;49.5056291;8.7654661;30.0;Original OSM
Routenpunkt (Way);Hilsenhainer Straße;49.50558616666667;8.7655924;30.0;Interpoliert
Routenpunkt (Way);Hilsenhainer Straße;49.50554323333333;8.7657187;30.0;Interpoliert
Routenpunkt (Way);Hilsenhainer Straße;49.5055003;8.765845;30.0;Original OSM
Routenpunkt (Way);Hilsenhainer Straße;49.5054553;8.7659585;30.0;Original OSM
Routenpunkt (Way);Hilsenhainer Straße;49.5053891;8.7661253;30.0;Original OSM
Routenpunkt (Way);Hilsenhainer Straße;49.5053311;8.7662278;30.0;Original OSM
Routenpunkt (Way);Hilsenhainer Straße;49.5052611;8.7663148;30.0;Original OSM
Routenpunkt (Way);Hilsenhainer Straße;49.505243;8.7663416;30.0;Original OSM
Routenpunkt (Way);Hilsenhainer Straße;49.5051682;8.7664214;30.0;Interpoliert
Routenpunkt (Way);Hilsenhainer Straße;49.5050934;8.7665012;30.0;Interpoliert
Routenpunkt (Way);Hilsenhainer Straße;49.5050186;8.766581;30.0;Original OSM
Routenpunkt (Way);Hilsenhainer Straße;49.5049819;8.7666328;30.0;Original OSM
Routenpunkt (Way);Hilsenhainer Straße;49.5049567;8.7666788;30.0;Original OSM
Routenpunkt (Way);Hilsenhainer Straße;49.5049355;8.7667309;30.0;Original OSM
Routenpunkt (Way);Hilsenhainer Straße;49.5049023;8.7668391;30.0;Original OSM
Routenpunkt (Way);Hilsenhainer Straße;49.5048738;8.766969;30.0;Original OSM
Routenpunkt (Way);Hilsenhainer Straße;49.5048622;8.7670416;30.0;Original OSM
Routenpunkt (Way);Hilsenhainer Straße;49.5048586;8.7671122;30.0;Original OSM
Routenpunkt (Way);Hilsenhainer Straße;49.5048571;8.7671746;30.0;Original OSM
Routenpunkt (Way);Hilsenhainer Straße;49.5048578;8.7671971;30.0;Original OSM
Haltestelle;Bärsbach, Ort;49.5048589;8.7672359;;Bus Stop
Routenpunkt (Way);Hilsenhainer Straße;49.5048589;8.7672359;30.0;Original OSM
Routenpunkt (Way);Hilsenhainer Straße;49.5048718;8.767414924999999;30.0;Interpoliert
Routenpunkt (Way);Hilsenhainer Straße;49.504884700000005;8.767593949999998;30.0;Interpoliert
Routenpunkt (Way);Hilsenhainer Straße;49.5048976;8.767772975;30.0;Interpoliert
Routenpunkt (Way);Hilsenhainer Straße;49.5049105;8.767952;30.0;Original OSM
Routenpunkt (Way);Hilsenhainer Straße;49.5049131;8.7681414;30.0;Original OSM
Routenpunkt (Way);Hilsenhainer Straße;49.5049055;8.7681969;30.0;Original OSM
Routenpunkt (Way);Hilsenhainer Straße;49.504894;8.7682452;30.0;Original OSM
Routenpunkt (Way);Hilsenhainer Straße;49.5048756;8.7683288;30.0;Original OSM
Routenpunkt (Way);Hilsenhainer Straße;49.5048316;8.7684825;30.0;Original OSM
Routenpunkt (Way);Hilsenhainer Straße;49.50479235;8.7686218;30.0;Interpoliert
Routenpunkt (Way);Hilsenhainer Straße;49.5047531;8.7687611;30.0;Original OSM
Routenpunkt (Way);Hilsenhainer Straße;49.5047227;8.768905;30.0;Original OSM
Routenpunkt (Way);Hilsenhainer Straße;49.5047138;8.7689871;30.0;Original OSM
Routenpunkt (Way);Hilsenhainer Straße;49.5047109;8.7690662;30.0;Original OSM
Routenpunkt (Way);Hilsenhainer Straße;49.504717;8.7691808;30.0;Original OSM
Routenpunkt (Way);Hilsenhainer Straße;49.5047237;8.7692582;30.0;Original OSM
Routenpunkt (Way);Hilsenhainer Straße;49.5047371;8.7693815;30.0;Original OSM
Routenpunkt (Way);Hilsenhainer Straße;49.5047518;8.7695459;30.0;Original OSM
Routenpunkt (Way);Hilsenhainer Straße;49.5047474;8.7696163;30.0;Original OSM
Routenpunkt (Way);Hilsenhainer Straße;49.5047302;8.7696884;30.0;Original OSM
Routenpunkt (Way);Hilsenhainer Straße;49.5046954;8.7697737;30.0;Original OSM
Routenpunkt (Way);Hilsenhainer Straße;49.5046538;8.7698605;30.0;Original OSM
Routenpunkt (Way);Hilsenhainer Straße;49.5046035;8.7699393;30.0;Original OSM
Routenpunkt (Way);Hilsenhainer Straße;49.5045541;8.7699887;30.0;Original OSM
Routenpunkt (Way);Hilsenhainer Straße;49.504506;8.7700259;30.0;Original OSM
Routenpunkt (Way);Hilsenhainer Straße;49.504506;8.7700259;50.0;Original OSM
Routenpunkt (Way);Hilsenhainer Straße;49.50440405;8.7701155;50.0;Interpoliert
Routenpunkt (Way);Hilsenhainer Straße;49.5043021;8.7702051;50.0;Interpoliert
Routenpunkt (Way);Hilsenhainer Straße;49.50420015;8.7702947;50.0;Interpoliert
Routenpunkt (Way);Hilsenhainer Straße;49.5040982;8.7703843;50.0;Original OSM
Routenpunkt (Way);Hilsenhainer Straße;49.5040982;8.7703843;;Original OSM
Routenpunkt (Way);Hilsenhainer Straße;49.5039977;8.77049562;;Interpoliert
Routenpunkt (Way);Hilsenhainer Straße;49.5038972;8.77060694;;Interpoliert
Routenpunkt (Way);Hilsenhainer Straße;49.5037967;8.770718259999999;;Interpoliert
Routenpunkt (Way);Hilsenhainer Straße;49.5036962;8.77082958;;Interpoliert
Routenpunkt (Way);Hilsenhainer Straße;49.5035957;8.7709409;;Original OSM
Routenpunkt (Way);Hilsenhainer Straße;49.50351055;8.7710484;;Interpoliert
Routenpunkt (Way);Hilsenhainer Straße;49.5034254;8.7711559;100.0;Original OSM
Routenpunkt (Way);Hilsenhainer Straße;49.5034254;8.7711559;;Original OSM
Routenpunkt (Way);Hilsenhainer Straße;49.5033532;8.771246600000001;100.0;Interpoliert
Routenpunkt (Way);Hilsenhainer Straße;49.503281;8.7713373;100.0;Original OSM
Routenpunkt (Way);Hilsenhainer Straße;49.5032093;8.77143285;100.0;Interpoliert
Routenpunkt (Way);Hilsenhainer Straße;49.5031376;8.7715284;100.0;Original OSM
Routenpunkt (Way);Hilsenhainer Straße;49.5030598;8.7716123;100.0;Interpoliert
Routenpunkt (Way);Hilsenhainer Straße;49.502982;8.7716962;100.0;Original OSM
Routenpunkt (Way);Hilsenhainer Straße;49.50288906666667;8.771776033333333;100.0;Interpoliert
Routenpunkt (Way);Hilsenhainer Straße;49.50279613333333;8.771855866666666;100.0;Interpoliert
Routenpunkt (Way);Hilsenhainer Straße;49.5027032;8.7719357;100.0;Original OSM
Routenpunkt (Way);Hilsenhainer Straße;49.5026072;8.7720047;100.0;Original OSM
Routenpunkt (Way);Hilsenhainer Straße;49.5025081;8.7720457;100.0;Original OSM
Routenpunkt (Way);Hilsenhainer Straße;49.5023992;8.7720845;100.0;Original OSM
Routenpunkt (Way);Hilsenhainer Straße;49.5022903;8.7721047;100.0;Original OSM
Routenpunkt (Way);Hilsenhainer Straße;49.5022114;8.77211065;100.0;Interpoliert
Routenpunkt (Way);Hilsenhainer Straße;49.5021325;8.7721166;100.0;Original OSM
Routenpunkt (Way);Hilsenhainer Straße;49.5020384;8.7721062;100.0;Original OSM
Routenpunkt (Way);Hilsenhainer Straße;49.5019579;8.7720772;100.0;Original OSM
Routenpunkt (Way);Hilsenhainer Straße;49.501868900000005;8.77205095;100.0;Interpoliert
Routenpunkt (Way);Hilsenhainer Straße;49.5017799;8.7720247;100.0;Original OSM
Routenpunkt (Way);Hilsenhainer Straße;49.5016962;8.7719798;100.0;Interpoliert
Routenpunkt (Way);Hilsenhainer Straße;49.5016125;8.7719349;100.0;Original OSM
Routenpunkt (Way);Hilsenhainer Straße;49.501483525;8.7719063;100.0;Interpoliert
Routenpunkt (Way);Hilsenhainer Straße;49.50135455;8.771877700000001;100.0;Interpoliert
Routenpunkt (Way);Hilsenhainer Straße;49.501225575;8.7718491;100.0;Interpoliert
Routenpunkt (Way);Hilsenhainer Straße;49.5010966;8.7718205;100.0;Original OSM
Routenpunkt (Way);Hilsenhainer Straße;49.5010028;8.771800166666667;100.0;Interpoliert
Routenpunkt (Way);Hilsenhainer Straße;49.500909;8.771779833333333;100.0;Interpoliert
Routenpunkt (Way);Hilsenhainer Straße;49.5008152;8.7717595;100.0;Original OSM
Routenpunkt (Way);Hilsenhainer Straße;49.50068215;8.7717455;100.0;Interpoliert
Routenpunkt (Way);Hilsenhainer Straße;49.5005491;8.7717315;100.0;Original OSM
Routenpunkt (Way);Hilsenhainer Straße;49.500467;8.7717327;100.0;Interpoliert
Routenpunkt (Way);Hilsenhainer Straße;49.5003849;8.7717339;100.0;Original OSM
Routenpunkt (Way);Hilsenhainer Straße;49.5002937;8.7717432;100.0;Interpoliert
Routenpunkt (Way);Hilsenhainer Straße;49.5002025;8.7717525;100.0;Original OSM
Routenpunkt (Way);Hilsenhainer Straße;49.500087050000005;8.77177815;100.0;Interpoliert
Routenpunkt (Way);Hilsenhainer Straße;49.4999716;8.7718038;100.0;Original OSM
Routenpunkt (Way);Hilsenhainer Straße;49.499856433333335;8.771853;100.0;Interpoliert
Routenpunkt (Way);Hilsenhainer Straße;49.49974126666667;8.771902200000001;100.0;Interpoliert
Routenpunkt (Way);Hilsenhainer Straße;49.4996261;8.7719514;100.0;Original OSM
Routenpunkt (Way);Hilsenhainer Straße;49.4995099;8.7720249;100.0;Interpoliert
Routenpunkt (Way);Hilsenhainer Straße;49.4993937;8.7720984;100.0;Interpoliert
Routenpunkt (Way);Hilsenhainer Straße;49.4992775;8.7721719;100.0;Interpoliert
Routenpunkt (Way);Hilsenhainer Straße;49.4991613;8.772245400000001;100.0;Interpoliert
Routenpunkt (Way);Hilsenhainer Straße;49.4990451;8.7723189;100.0;Original OSM
Routenpunkt (Way);Hilsenhainer Straße;49.4989262;8.7723913;100.0;Original OSM
Routenpunkt (Way);Hilsenhainer Straße;49.4988074;8.7724356;100.0;Original OSM
Routenpunkt (Way);Hilsenhainer Straße;49.4987095;8.772452;100.0;Original OSM
Routenpunkt (Way);Hilsenhainer Straße;49.498604;8.772459;100.0;Original OSM
Routenpunkt (Way);Hilsenhainer Straße;49.49848555;8.7724647;100.0;Interpoliert
Routenpunkt (Way);Hilsenhainer Straße;49.4983671;8.7724704;100.0;Original OSM
Routenpunkt (Way);Hilsenhainer Straße;49.49823515;8.7724583;100.0;Interpoliert
Routenpunkt (Way);Helmut-Frey-Straße;49.4981032;8.7724462;70.0;Original OSM
Routenpunkt (Way);Hilsenhainer Straße;49.4981032;8.7724462;100.0;Original OSM
Routenpunkt (Way);Helmut-Frey-Straße;49.4980605;8.7724254;70.0;Original OSM
Routenpunkt (Way);Helmut-Frey-Straße;49.4980204;8.7724025;70.0;Original OSM
Routenpunkt (Way);Helmut-Frey-Straße;49.4979769;8.7723588;70.0;Original OSM
Routenpunkt (Way);Helmut-Frey-Straße;49.4979341;8.7723086;70.0;Original OSM
Routenpunkt (Way);Helmut-Frey-Straße;49.4979275;8.7722975;70.0;Original OSM
Routenpunkt (Way);Helmut-Frey-Straße;49.4979054;8.7722601;70.0;Original OSM
Routenpunkt (Way);Helmut-Frey-Straße;49.4978794;8.7722115;70.0;Original OSM
Routenpunkt (Way);Unbekannt;49.4978794;8.7722115;70.0;Original OSM
Routenpunkt (Way);Unbekannt;49.4978796;8.7721712;70.0;Original OSM
Routenpunkt (Way);Unbekannt;49.4978803;8.7719981;70.0;Original OSM
Routenpunkt (Way);Unbekannt;49.4978789;8.771881950000001;70.0;Interpoliert
Routenpunkt (Way);Unbekannt;49.4978775;8.7717658;70.0;Original OSM
Routenpunkt (Way);Unbekannt;49.4978802;8.771586000000001;70.0;Interpoliert
Routenpunkt (Way);Unbekannt;49.4978829;8.7714062;70.0;Interpoliert
Routenpunkt (Way);Unbekannt;49.4978856;8.7712264;70.0;Original OSM
Routenpunkt (Way);Helmut-Frey-Straße;49.4978856;8.7712264;70.0;Original OSM
Routenpunkt (Way);Helmut-Frey-Straße;49.49789593333333;8.771027733333334;70.0;Interpoliert
Routenpunkt (Way);Helmut-Frey-Straße;49.49790626666667;8.770829066666666;70.0;Interpoliert
Routenpunkt (Way);Helmut-Frey-Straße;49.4979166;8.7706304;70.0;Original OSM
Routenpunkt (Way);Helmut-Frey-Straße;49.4979176;8.77051845;70.0;Interpoliert
Routenpunkt (Way);Helmut-Frey-Straße;49.4979186;8.7704065;70.0;Original OSM
Routenpunkt (Way);Helmut-Frey-Straße;49.4979123;8.7702575;70.0;Original OSM
Routenpunkt (Way);Helmut-Frey-Straße;49.4979034;8.7701354;70.0;Original OSM
Routenpunkt (Way);Helmut-Frey-Straße;49.4979034;8.7701354;70.0;Original OSM
Routenpunkt (Way);Helmut-Frey-Straße;49.49788955;8.7700315;70.0;Interpoliert
Routenpunkt (Way);Helmut-Frey-Straße;49.4978757;8.7699276;70.0;Original OSM
Routenpunkt (Way);Helmut-Frey-Straße;49.4978528;8.769773266666666;70.0;Interpoliert
Routenpunkt (Way);Helmut-Frey-Straße;49.4978299;8.769618933333334;70.0;Interpoliert
Routenpunkt (Way);Helmut-Frey-Straße;49.497807;8.7694646;70.0;Original OSM
Routenpunkt (Way);Helmut-Frey-Straße;49.4977907;8.7692846;70.0;Original OSM
Routenpunkt (Way);Helmut-Frey-Straße;49.4977892;8.7692099;70.0;Original OSM
Routenpunkt (Way);Helmut-Frey-Straße;49.4977917;8.7691427;70.0;Original OSM
Routenpunkt (Way);Helmut-Frey-Straße;49.4978118;8.7689464;70.0;Interpoliert
Routenpunkt (Way);Helmut-Frey-Straße;49.4978319;8.7687501;70.0;Original OSM
Routenpunkt (Way);Helmut-Frey-Straße;49.49785102857143;8.768571842857144;70.0;Interpoliert
Routenpunkt (Way);Helmut-Frey-Straße;49.497870157142856;8.768393585714286;70.0;Interpoliert
Routenpunkt (Way);Helmut-Frey-Straße;49.49788928571429;8.76821532857143;70.0;Interpoliert
Routenpunkt (Way);Helmut-Frey-Straße;49.49790841428572;8.768037071428571;70.0;Interpoliert
Routenpunkt (Way);Helmut-Frey-Straße;49.49792754285715;8.767858814285715;70.0;Interpoliert
Routenpunkt (Way);Helmut-Frey-Straße;49.49794667142857;8.767680557142857;70.0;Interpoliert
Routenpunkt (Way);Helmut-Frey-Straße;49.4979658;8.7675023;70.0;Original OSM
Routenpunkt (Way);Helmut-Frey-Straße;49.4979759;8.7674083;70.0;Original OSM
Routenpunkt (Way);Helmut-Frey-Straße;49.4979759;8.7674083;30.0;Original OSM
Routenpunkt (Way);Helmut-Frey-Straße;49.49799675;8.7672267;30.0;Interpoliert
Routenpunkt (Way);Helmut-Frey-Straße;49.4980176;8.7670451;30.0;Original OSM
Routenpunkt (Way);Helmut-Frey-Straße;49.4980378;8.7668401;30.0;Original OSM
Routenpunkt (Way);Helmut-Frey-Straße;49.49805143333333;8.7666988;30.0;Interpoliert
Routenpunkt (Way);Helmut-Frey-Straße;49.49806506666667;8.7665575;30.0;Interpoliert
Routenpunkt (Way);Helmut-Frey-Straße;49.4980787;8.7664162;30.0;Original OSM
Routenpunkt (Way);Helmut-Frey-Straße;49.4980866;8.7663329;30.0;Original OSM
Routenpunkt (Way);Helmut-Frey-Straße;49.4981003;8.7661885;30.0;Original OSM
Routenpunkt (Way);Helmut-Frey-Straße;49.4981013;8.7661785;30.0;Original OSM
Routenpunkt (Way);Helmut-Frey-Straße;49.4981013;8.7661785;30.0;Original OSM
Routenpunkt (Way);Helmut-Frey-Straße;49.4981102;8.7660941;30.0;Original OSM
Routenpunkt (Way);Helmut-Frey-Straße;49.4981233;8.7659704;30.0;Original OSM
Routenpunkt (Way);Helmut-Frey-Straße;49.49813903333334;8.765821066666668;30.0;Interpoliert
Haltestelle;Lampenhain, Rathaus;49.4982177;8.7657288;;Bus Stop
Routenpunkt (Way);Helmut-Frey-Straße;49.498154766666666;8.765671733333333;30.0;Interpoliert
Routenpunkt (Way);Helmut-Frey-Straße;49.4981705;8.7655224;30.0;Original OSM
Routenpunkt (Way);Helmut-Frey-Straße;49.4981714;8.7655143;30.0;Original OSM
Routenpunkt (Way);Helmut-Frey-Straße;49.4981815;8.7654046;30.0;Original OSM
Routenpunkt (Way);Helmut-Frey-Straße;49.4981897;8.7653066;30.0;Original OSM
Routenpunkt (Way);Helmut-Frey-Straße;49.4981897;8.7653066;30.0;Original OSM
Routenpunkt (Way);Helmut-Frey-Straße;49.4981964;8.7652235;30.0;Original OSM
Routenpunkt (Way);Helmut-Frey-Straße;49.49820765;8.76508445;30.0;Interpoliert
Routenpunkt (Way);Helmut-Frey-Straße;49.4982189;8.7649454;30.0;Original OSM
Routenpunkt (Way);Helmut-Frey-Straße;49.49822971666666;8.764750483333334;30.0;Interpoliert
Routenpunkt (Way);Helmut-Frey-Straße;49.49824053333333;8.764555566666667;30.0;Interpoliert
Routenpunkt (Way);Helmut-Frey-Straße;49.49825135;8.76436065;30.0;Interpoliert
Routenpunkt (Way);Helmut-Frey-Straße;49.49826216666667;8.764165733333334;30.0;Interpoliert
Routenpunkt (Way);Helmut-Frey-Straße;49.49827298333334;8.763970816666667;30.0;Interpoliert
Routenpunkt (Way);Helmut-Frey-Straße;49.4982838;8.7637759;30.0;Original OSM
Routenpunkt (Way);Helmut-Frey-Straße;49.49829335;8.763641450000001;30.0;Interpoliert
Routenpunkt (Way);Helmut-Frey-Straße;49.4983029;8.763507;30.0;Original OSM
Routenpunkt (Way);Helmut-Frey-Straße;49.4983109;8.7633103;30.0;Original OSM
Routenpunkt (Way);Helmut-Frey-Straße;49.4983092;8.7632992;30.0;Original OSM
Routenpunkt (Way);Helmut-Frey-Straße;49.4983092;8.7632992;30.0;Original OSM
Routenpunkt (Way);Helmut-Frey-Straße;49.4982934;8.7631956;30.0;Original OSM
Routenpunkt (Way);Helmut-Frey-Straße;49.4982934;8.7631956;30.0;Original OSM
Routenpunkt (Way);Helmut-Frey-Straße;49.4982532;8.7630813;30.0;Original OSM
Routenpunkt (Way);Helmut-Frey-Straße;49.4982427;8.7630606;30.0;Original OSM
Routenpunkt (Way);Helmut-Frey-Straße;49.4981834;8.7629967;30.0;Original OSM
Routenpunkt (Way);Unbekannt;49.4981217;8.7629376;;Original OSM
Routenpunkt (Way);Helmut-Frey-Straße;49.4981217;8.7629376;30.0;Original OSM
Routenpunkt (Way);Unbekannt;49.49800055;8.762855162500001;;Interpoliert
Routenpunkt (Way);Unbekannt;49.4978794;8.762772725000001;;Interpoliert
Routenpunkt (Way);Unbekannt;49.49775825;8.7626902875;;Interpoliert
Routenpunkt (Way);Unbekannt;49.4976371;8.76260785;;Interpoliert
Routenpunkt (Way);Unbekannt;49.49751595;8.7625254125;;Interpoliert
Routenpunkt (Way);Unbekannt;49.4973948;8.762442974999999;;Interpoliert
Routenpunkt (Way);Unbekannt;49.49727365;8.7623605375;;Interpoliert
Routenpunkt (Way);Unbekannt;49.4971525;8.7622781;;Original OSM
Routenpunkt (Way);Unbekannt;49.497057075;8.762213775;;Interpoliert
Routenpunkt (Way);Unbekannt;49.49696165;8.762149449999999;;Interpoliert
Routenpunkt (Way);Unbekannt;49.496866225;8.762085125;;Interpoliert
Routenpunkt (Way);Unbekannt;49.4967708;8.7620208;;Original OSM
Routenpunkt (Way);Unbekannt;49.4966513;8.761932933333334;;Interpoliert
Routenpunkt (Way);Unbekannt;49.4965318;8.761845066666666;;Interpoliert
Routenpunkt (Way);Unbekannt;49.4964123;8.7617572;;Original OSM
Routenpunkt (Way);Unbekannt;49.49630882;8.76162986;;Interpoliert
Routenpunkt (Way);Unbekannt;49.49620534;8.76150252;;Interpoliert
Routenpunkt (Way);Unbekannt;49.49610186;8.76137518;;Interpoliert
Routenpunkt (Way);Unbekannt;49.49599838;8.761247840000001;;Interpoliert
Routenpunkt (Way);Unbekannt;49.4958949;8.7611205;100.0;Original OSM
Routenpunkt (Way);Unbekannt;49.4958949;8.7611205;;Original OSM
Routenpunkt (Way);Unbekannt;49.495891;8.7611131;100.0;Original OSM
Routenpunkt (Way);Unbekannt;49.4958359;8.7610095;100.0;Interpoliert
Routenpunkt (Way);Unbekannt;49.4957808;8.7609059;100.0;Original OSM
Routenpunkt (Way);Unbekannt;49.49574695;8.76079425;100.0;Interpoliert
Routenpunkt (Way);Unbekannt;49.4957131;8.7606826;100.0;Original OSM
Routenpunkt (Way);Unbekannt;49.49568573333334;8.760528166666667;100.0;Interpoliert
Routenpunkt (Way);Unbekannt;49.49565836666667;8.760373733333333;100.0;Interpoliert
Routenpunkt (Way);Unbekannt;49.495631;8.7602193;100.0;Original OSM
Routenpunkt (Way);Unbekannt;49.49559445;8.7600504;100.0;Interpoliert
Routenpunkt (Way);Unbekannt;49.4955579;8.7598815;100.0;Original OSM
Routenpunkt (Way);Unbekannt;49.495507450000005;8.75973835;100.0;Interpoliert
Routenpunkt (Way);Unbekannt;49.495457;8.7595952;100.0;Original OSM
Routenpunkt (Way);Unbekannt;49.495457;8.7595952;100.0;Original OSM
Routenpunkt (Way);Unbekannt;49.49538044285715;8.759448185714286;100.0;Interpoliert
Routenpunkt (Way);Unbekannt;49.495303885714286;8.759301171428572;100.0;Interpoliert
Routenpunkt (Way);Unbekannt;49.49522732857143;8.759154157142857;100.0;Interpoliert
Routenpunkt (Way);Unbekannt;49.49515077142857;8.759007142857142;100.0;Interpoliert
Routenpunkt (Way);Unbekannt;49.49507421428572;8.758860128571428;100.0;Interpoliert
Routenpunkt (Way);Unbekannt;49.49499765714285;8.758713114285714;100.0;Interpoliert
Routenpunkt (Way);Unbekannt;49.4949211;8.7585661;100.0;Original OSM
Routenpunkt (Way);Unbekannt;49.49486195;8.758488199999999;100.0;Interpoliert
Routenpunkt (Way);Unbekannt;49.4948028;8.7584103;100.0;Original OSM
Routenpunkt (Way);Unbekannt;49.4947035;8.7583492;100.0;Original OSM
Routenpunkt (Way);Unbekannt;49.49462055;8.758339549999999;100.0;Interpoliert
Routenpunkt (Way);Unbekannt;49.4945376;8.7583299;100.0;Original OSM
Routenpunkt (Way);Unbekannt;49.4944089;8.758365;100.0;Original OSM
Routenpunkt (Way);Unbekannt;49.4943448;8.7584079;100.0;Interpoliert
Routenpunkt (Way);Unbekannt;49.4942807;8.7584508;100.0;Original OSM
Routenpunkt (Way);Unbekannt;49.49418665;8.7585891;100.0;Interpoliert
Routenpunkt (Way);Unbekannt;49.4940926;8.7587274;100.0;Original OSM
Routenpunkt (Way);Unbekannt;49.4940234;8.758889400000001;100.0;Interpoliert
Routenpunkt (Way);Unbekannt;49.4939542;8.7590514;100.0;Original OSM
Routenpunkt (Way);Unbekannt;49.4939276;8.7591138;100.0;Original OSM
Routenpunkt (Way);Unbekannt;49.4938681;8.759238100000001;100.0;Interpoliert
Routenpunkt (Way);Unbekannt;49.4938086;8.7593624;100.0;Original OSM
Routenpunkt (Way);Unbekannt;49.49370076666667;8.759478166666668;100.0;Interpoliert
Routenpunkt (Way);Unbekannt;49.49359293333333;8.759593933333333;100.0;Interpoliert
Routenpunkt (Way);Unbekannt;49.4934851;8.7597097;100.0;Interpoliert
Routenpunkt (Way);Unbekannt;49.49337726666667;8.759825466666667;100.0;Interpoliert
Routenpunkt (Way);Unbekannt;49.49326943333333;8.759941233333333;100.0;Interpoliert
Routenpunkt (Way);Unbekannt;49.4931616;8.760057;100.0;Interpoliert
Routenpunkt (Way);Unbekannt;49.49305376666667;8.760172766666667;100.0;Interpoliert
Routenpunkt (Way);Unbekannt;49.49294593333333;8.760288533333332;100.0;Interpoliert
Routenpunkt (Way);Unbekannt;49.4928381;8.7604043;100.0;Original OSM
Routenpunkt (Way);Unbekannt;49.49276086666666;8.760513433333333;100.0;Interpoliert
Routenpunkt (Way);Unbekannt;49.492683633333336;8.760622566666665;100.0;Interpoliert
Routenpunkt (Way);Unbekannt;49.4926064;8.7607317;100.0;Original OSM
Routenpunkt (Way);Unbekannt;49.49254173333333;8.7608488;100.0;Interpoliert
Routenpunkt (Way);Unbekannt;49.492477066666666;8.760965899999999;100.0;Interpoliert
Routenpunkt (Way);Unbekannt;49.4924124;8.761083;100.0;Original OSM
Routenpunkt (Way);Unbekannt;49.4923403;8.7611638;100.0;Original OSM
Routenpunkt (Way);Unbekannt;49.4922644;8.7611988;100.0;Original OSM
Routenpunkt (Way);Unbekannt;49.4922033;8.7611756;100.0;Original OSM
Routenpunkt (Way);Unbekannt;49.4921236;8.7611004;100.0;Original OSM
Routenpunkt (Way);Unbekannt;49.49204113333333;8.760949983333333;100.0;Interpoliert
Routenpunkt (Way);Unbekannt;49.49195866666667;8.760799566666666;100.0;Interpoliert
Routenpunkt (Way);Unbekannt;49.4918762;8.760649149999999;100.0;Interpoliert
Routenpunkt (Way);Unbekannt;49.49179373333333;8.760498733333334;100.0;Interpoliert
Routenpunkt (Way);Unbekannt;49.49171126666667;8.760348316666667;100.0;Interpoliert
Routenpunkt (Way);Unbekannt;49.4916288;8.7601979;100.0;Original OSM
Routenpunkt (Way);Unbekannt;49.4915604;8.76009665;100.0;Interpoliert
Routenpunkt (Way);Unbekannt;49.491492;8.7599954;100.0;Original OSM
Routenpunkt (Way);Unbekannt;49.4914254;8.759916449999999;100.0;Interpoliert
Routenpunkt (Way);Unbekannt;49.4913588;8.7598375;100.0;Original OSM
Routenpunkt (Way);Unbekannt;49.4913588;8.7598375;100.0;Original OSM
Routenpunkt (Way);Unbekannt;49.49125285;8.759788350000001;100.0;Interpoliert
Routenpunkt (Way);Unbekannt;49.4911469;8.7597392;100.0;Original OSM
Routenpunkt (Way);Unbekannt;49.4910241;8.759708033333334;100.0;Interpoliert
Routenpunkt (Way);Unbekannt;49.4909013;8.759676866666666;100.0;Interpoliert
Routenpunkt (Way);Unbekannt;49.4907785;8.7596457;100.0;Original OSM
Routenpunkt (Way);Unbekannt;49.49070425;8.7596338;100.0;Interpoliert
Routenpunkt (Way);Unbekannt;49.49063;8.7596219;100.0;Original OSM
Routenpunkt (Way);Unbekannt;49.49055475;8.75961945;100.0;Interpoliert
Routenpunkt (Way);Unbekannt;49.4904795;8.759617;100.0;Original OSM
Routenpunkt (Way);Unbekannt;49.4903926;8.75961775;100.0;Interpoliert
Routenpunkt (Way);Unbekannt;49.4903057;8.7596185;100.0;Original OSM
Routenpunkt (Way);Unbekannt;49.4902104;8.7596342;100.0;Interpoliert
Routenpunkt (Way);Unbekannt;49.4901151;8.7596499;100.0;Original OSM
Routenpunkt (Way);Unbekannt;49.489989814285714;8.759681728571428;100.0;Interpoliert
Routenpunkt (Way);Unbekannt;49.489864528571424;8.759713557142858;100.0;Interpoliert
Routenpunkt (Way);Unbekannt;49.48973924285714;8.759745385714286;100.0;Interpoliert
Routenpunkt (Way);Unbekannt;49.48961395714286;8.759777214285714;100.0;Interpoliert
Routenpunkt (Way);Unbekannt;49.489488671428575;8.759809042857142;100.0;Interpoliert
Routenpunkt (Way);Unbekannt;49.489363385714285;8.759840871428572;100.0;Interpoliert
Routenpunkt (Way);Unbekannt;49.4892381;8.7598727;100.0;Original OSM
Routenpunkt (Way);Unbekannt;49.4891168;8.759923;100.0;Original OSM
Routenpunkt (Way);Unbekannt;49.489014775;8.75997995;100.0;Interpoliert
Routenpunkt (Way);Unbekannt;49.48891275;8.7600369;100.0;Interpoliert
Routenpunkt (Way);Unbekannt;49.48881072499999;8.76009385;100.0;Interpoliert
Routenpunkt (Way);Unbekannt;49.4887087;8.7601508;100.0;Original OSM
Routenpunkt (Way);Unbekannt;49.488622;8.7602027;100.0;Original OSM
Routenpunkt (Way);Unbekannt;49.48852725;8.7602401;100.0;Interpoliert
Routenpunkt (Way);Unbekannt;49.4884325;8.7602775;100.0;Original OSM
Routenpunkt (Way);Unbekannt;49.4883066;8.7603146;100.0;Original OSM
Routenpunkt (Way);Unbekannt;49.48817815714286;8.7603428;100.0;Interpoliert
Routenpunkt (Way);Unbekannt;49.48804971428572;8.760371;100.0;Interpoliert
Routenpunkt (Way);Unbekannt;49.487921271428576;8.7603992;100.0;Interpoliert
Routenpunkt (Way);Unbekannt;49.48779282857143;8.7604274;100.0;Interpoliert
Routenpunkt (Way);Unbekannt;49.48766438571429;8.7604556;100.0;Interpoliert
Routenpunkt (Way);Unbekannt;49.48753594285714;8.7604838;100.0;Interpoliert
Routenpunkt (Way);Unbekannt;49.4874075;8.760512;100.0;Original OSM
Routenpunkt (Way);Unbekannt;49.4873076;8.76056095;100.0;Interpoliert
Routenpunkt (Way);Unbekannt;49.4872077;8.7606099;100.0;Interpoliert
Routenpunkt (Way);Unbekannt;49.4871078;8.76065885;100.0;Interpoliert
Routenpunkt (Way);Unbekannt;49.4870079;8.7607078;100.0;Original OSM
Routenpunkt (Way);Unbekannt;49.4869434;8.76074;100.0;Interpoliert
Routenpunkt (Way);Unbekannt;49.4868789;8.7607722;100.0;Original OSM
Routenpunkt (Way);Unbekannt;49.4868789;8.7607722;;Original OSM
Routenpunkt (Way);Unbekannt;49.4868744;8.7607743;;Original OSM
Routenpunkt (Way);Unbekannt;49.4868083;8.76080475;;Interpoliert
Routenpunkt (Way);Unbekannt;49.4867422;8.7608352;;Original OSM
Routenpunkt (Way);Unbekannt;49.4867422;8.7608352;;Original OSM
Routenpunkt (Way);Unbekannt;49.486734;8.7608382;;Original OSM
Routenpunkt (Way);Unbekannt;49.4867006;8.760851;;Original OSM
Routenpunkt (Way);Unbekannt;49.4866628;8.7608655;;Original OSM
Routenpunkt (Way);Unbekannt;49.4866348;8.7608743;100.0;Original OSM
Routenpunkt (Way);Unbekannt;49.4866348;8.7608743;;Original OSM
Routenpunkt (Way);Unbekannt;49.4866396;8.760908;100.0;Original OSM
Routenpunkt (Way);Unbekannt;49.4866422;8.7609187;100.0;Original OSM
Routenpunkt (Way);Unbekannt;49.486665;8.7609769;100.0;Original OSM
Routenpunkt (Way);Unbekannt;49.4866889;8.7610205;100.0;Original OSM
Routenpunkt (Way);Unbekannt;49.4867635;8.7611264;100.0;Interpoliert
Routenpunkt (Way);Unbekannt;49.4868381;8.7612323;100.0;Interpoliert
Routenpunkt (Way);Unbekannt;49.486912700000005;8.7613382;100.0;Interpoliert
Routenpunkt (Way);Unbekannt;49.4869873;8.7614441;100.0;Original OSM
Routenpunkt (Way);Unbekannt;49.487064700000005;8.761572766666667;100.0;Interpoliert
Routenpunkt (Way);Unbekannt;49.4871421;8.761701433333332;100.0;Interpoliert
Routenpunkt (Way);Unbekannt;49.4872195;8.7618301;100.0;Original OSM
Routenpunkt (Way);Unbekannt;49.4872626;8.76191555;100.0;Interpoliert
Routenpunkt (Way);Unbekannt;49.4873057;8.762001;100.0;Original OSM
Routenpunkt (Way);Unbekannt;49.48734235;8.7621142;100.0;Interpoliert
Routenpunkt (Way);Unbekannt;49.487379;8.7622274;100.0;Original OSM
Routenpunkt (Way);Unbekannt;49.4874052;8.7623675;100.0;Interpoliert
Routenpunkt (Way);Unbekannt;49.4874314;8.7625076;100.0;Original OSM
Routenpunkt (Way);Unbekannt;49.4874455;8.7626958;100.0;Original OSM
Routenpunkt (Way);Unbekannt;49.48744155;8.76281465;100.0;Interpoliert
Routenpunkt (Way);Unbekannt;49.4874376;8.7629335;100.0;Original OSM
Routenpunkt (Way);Unbekannt;49.4874205;8.7630817;100.0;Original OSM
Routenpunkt (Way);Unbekannt;49.48739003333333;8.763222666666667;100.0;Interpoliert
Routenpunkt (Way);Unbekannt;49.48735956666666;8.763363633333332;100.0;Interpoliert
Routenpunkt (Way);Unbekannt;49.4873291;8.7635046;100.0;Original OSM
Routenpunkt (Way);Unbekannt;49.4873077;8.763612599999998;100.0;Interpoliert
Routenpunkt (Way);Unbekannt;49.4872863;8.7637206;100.0;Original OSM
Routenpunkt (Way);Unbekannt;49.487266250000005;8.7638267;100.0;Interpoliert
Routenpunkt (Way);Unbekannt;49.4872462;8.7639328;100.0;Original OSM
Routenpunkt (Way);Unbekannt;49.4872204;8.764117124999999;100.0;Interpoliert
Routenpunkt (Way);Unbekannt;49.4871946;8.76430145;100.0;Interpoliert
Routenpunkt (Way);Unbekannt;49.487168800000006;8.764485775;100.0;Interpoliert
Routenpunkt (Way);Unbekannt;49.487143;8.7646701;100.0;Original OSM
Routenpunkt (Way);Unbekannt;49.4871115;8.7648429;100.0;Original OSM
Routenpunkt (Way);Unbekannt;49.4870793;8.7649818;100.0;Original OSM
Routenpunkt (Way);Unbekannt;49.4870436;8.7650904;100.0;Original OSM
Routenpunkt (Way);Unbekannt;49.4870057;8.7651766;100.0;Original OSM
Routenpunkt (Way);Unbekannt;49.4869409;8.76530785;100.0;Interpoliert
Routenpunkt (Way);Unbekannt;49.4868761;8.7654391;100.0;Original OSM
Routenpunkt (Way);Unbekannt;49.486835;8.7655361;100.0;Original OSM
Routenpunkt (Way);Unbekannt;49.4868153;8.7655937;100.0;Original OSM
Routenpunkt (Way);Unbekannt;49.4867884;8.7656958;100.0;Original OSM
Routenpunkt (Way);Unbekannt;49.4867765;8.7657776;100.0;Original OSM
Routenpunkt (Way);Unbekannt;49.4867732;8.7658502;100.0;Original OSM
Routenpunkt (Way);Unbekannt;49.4867746;8.7659392;100.0;Original OSM
Routenpunkt (Way);Unbekannt;49.4867851;8.7660352;100.0;Original OSM
Routenpunkt (Way);Unbekannt;49.4868051;8.7661996;100.0;Interpoliert
Routenpunkt (Way);Unbekannt;49.4868251;8.766364;100.0;Original OSM
Routenpunkt (Way);Unbekannt;49.4868437;8.766538633333333;100.0;Interpoliert
Routenpunkt (Way);Unbekannt;49.4868623;8.766713266666667;100.0;Interpoliert
Routenpunkt (Way);Unbekannt;49.4868809;8.7668879;100.0;Original OSM
Routenpunkt (Way);Unbekannt;49.48690255;8.767085425000001;100.0;Interpoliert
Routenpunkt (Way);Unbekannt;49.4869242;8.76728295;100.0;Interpoliert
Routenpunkt (Way);Unbekannt;49.48694585;8.767480475;100.0;Interpoliert
Routenpunkt (Way);Unbekannt;49.4869675;8.767678;100.0;Original OSM
Routenpunkt (Way);Unbekannt;49.48699094285714;8.767873685714285;100.0;Interpoliert
Routenpunkt (Way);Unbekannt;49.48701438571428;8.768069371428572;100.0;Interpoliert
Routenpunkt (Way);Unbekannt;49.487037828571424;8.768265057142857;100.0;Interpoliert
Routenpunkt (Way);Unbekannt;49.48706127142857;8.768460742857142;100.0;Interpoliert
Routenpunkt (Way);Unbekannt;49.487084714285714;8.768656428571427;100.0;Interpoliert
Routenpunkt (Way);Unbekannt;49.487108157142856;8.768852114285714;100.0;Interpoliert
Routenpunkt (Way);Unbekannt;49.4871316;8.7690478;100.0;Original OSM
Routenpunkt (Way);Unbekannt;49.4871316;8.7690478;;Original OSM
Routenpunkt (Way);Unbekannt;49.48715535;8.7692458;;Interpoliert
Routenpunkt (Way);Unbekannt;49.4871791;8.7694438;;Original OSM
Routenpunkt (Way);Unbekannt;49.4871791;8.7694438;70.0;Original OSM
Routenpunkt (Way);Unbekannt;49.487199;8.769608266666665;70.0;Interpoliert
Routenpunkt (Way);Unbekannt;49.4872189;8.769772733333333;70.0;Interpoliert
Routenpunkt (Way);Unbekannt;49.4872388;8.7699372;70.0;Original OSM
Routenpunkt (Way);Unbekannt;49.4872681;8.7701027;70.0;Original OSM
Routenpunkt (Way);Unbekannt;49.4872993;8.7702701;70.0;Original OSM
Routenpunkt (Way);Unbekannt;49.4872993;8.7702701;70.0;Original OSM
Routenpunkt (Way);Unbekannt;49.4873249;8.770428599999999;70.0;Interpoliert
Routenpunkt (Way);Unbekannt;49.4873505;8.7705871;70.0;Original OSM
Routenpunkt (Way);Unbekannt;49.48738603333333;8.770723133333334;70.0;Interpoliert
Routenpunkt (Way);Unbekannt;49.48742156666667;8.770859166666666;70.0;Interpoliert
Routenpunkt (Way);Unbekannt;49.4874571;8.7709952;70.0;Original OSM
Routenpunkt (Way);Unbekannt;49.4874571;8.7709952;70.0;Original OSM
Routenpunkt (Way);Unbekannt;49.487506466666666;8.771187833333332;70.0;Interpoliert
Routenpunkt (Way);Unbekannt;49.48755583333333;8.771380466666667;70.0;Interpoliert
Routenpunkt (Way);Unbekannt;49.4876052;8.7715731;70.0;Interpoliert
Routenpunkt (Way);Unbekannt;49.48765456666667;8.771765733333332;70.0;Interpoliert
Routenpunkt (Way);Unbekannt;49.487703933333336;8.771958366666667;70.0;Interpoliert
Routenpunkt (Way);Unbekannt;49.4877533;8.772151;70.0;Original OSM
Routenpunkt (Way);Unbekannt;49.4877956;8.77230998;70.0;Interpoliert
Routenpunkt (Way);Unbekannt;49.4878379;8.77246896;70.0;Interpoliert
Routenpunkt (Way);Unbekannt;49.4878802;8.77262794;70.0;Interpoliert
Routenpunkt (Way);Unbekannt;49.4879225;8.77278692;70.0;Interpoliert
Routenpunkt (Way);Unbekannt;49.4879648;8.7729459;70.0;Original OSM
Routenpunkt (Way);Unbekannt;49.4880116;8.7731076;70.0;Original OSM
Routenpunkt (Way);Unbekannt;49.4880116;8.7731076;;Original OSM
Routenpunkt (Way);Unbekannt;49.48805506666667;8.773273366666666;;Interpoliert
Routenpunkt (Way);Unbekannt;49.488098533333336;8.773439133333333;;Interpoliert
Routenpunkt (Way);Unbekannt;49.488142;8.7736049;;Original OSM
Routenpunkt (Way);Unbekannt;49.488142;8.7736049;;Original OSM
Routenpunkt (Way);Unbekannt;49.4881867;8.77379046;;Interpoliert
Routenpunkt (Way);Unbekannt;49.4882314;8.773976020000001;;Interpoliert
Routenpunkt (Way);Unbekannt;49.4882761;8.77416158;;Interpoliert
Routenpunkt (Way);Unbekannt;49.4883208;8.77434714;;Interpoliert
Routenpunkt (Way);Unbekannt;49.4883655;8.7745327;;Original OSM
Routenpunkt (Way);Unbekannt;49.4884053;8.7747244;;Interpoliert
Routenpunkt (Way);Unbekannt;49.4884451;8.7749161;;Original OSM
Routenpunkt (Way);Unbekannt;49.4884451;8.7749161;50.0;Original OSM
Routenpunkt (Way);Unbekannt;49.4884772;8.7751136;50.0;Original OSM
Routenpunkt (Way);Unbekannt;49.4884985;8.7752672;50.0;Original OSM
Routenpunkt (Way);Unbekannt;49.4884985;8.7752672;50.0;Original OSM
Routenpunkt (Way);Unbekannt;49.4885117;8.775407;50.0;Original OSM
Routenpunkt (Way);Unbekannt;49.4885194;8.7755292;50.0;Original OSM
Routenpunkt (Way);Unbekannt;49.4885233;8.7756443;50.0;Original OSM
Routenpunkt (Way);Unbekannt;49.4885215;8.7757199;50.0;Original OSM
Routenpunkt (Way);Unbekannt;49.4885203;8.7757698;50.0;Original OSM
Routenpunkt (Way);Unbekannt;49.4885117;8.77588425;50.0;Interpoliert
Routenpunkt (Way);Hauptstraße;49.4885031;8.7759987;50.0;Original OSM
Routenpunkt (Way);Unbekannt;49.4885031;8.7759987;50.0;Original OSM
Routenpunkt (Way);Hauptstraße;49.4884721;8.7761578;50.0;Original OSM
Routenpunkt (Way);Hauptstraße;49.4884721;8.7761578;50.0;Original OSM
Routenpunkt (Way);Hauptstraße;49.48844075;8.776326000000001;50.0;Interpoliert
Routenpunkt (Way);Hauptstraße;49.4884094;8.7764942;50.0;Original OSM
Routenpunkt (Way);Hauptstraße;49.4883949;8.7765964;50.0;Original OSM
Routenpunkt (Way);Hauptstraße;49.4883907;8.7766262;50.0;Original OSM
Routenpunkt (Way);Hauptstraße;49.4883866;8.7766652;50.0;Original OSM
Routenpunkt (Way);Hauptstraße;49.4883799;8.7767457;50.0;Original OSM
Routenpunkt (Way);Hauptstraße;49.4883722;8.7768489;50.0;Original OSM
Routenpunkt (Way);Hauptstraße;49.4883711;8.7769651;50.0;Original OSM
Routenpunkt (Way);Hauptstraße;49.4883746;8.7770611;50.0;Original OSM
Routenpunkt (Way);Hauptstraße;49.4883793;8.7771604;50.0;Original OSM
Routenpunkt (Way);Hauptstraße;49.4883913;8.7772665;50.0;Original OSM
Routenpunkt (Way);Hauptstraße;49.488412;8.7774094;50.0;Original OSM
Routenpunkt (Way);Hauptstraße;49.4884184;8.7774537;50.0;Original OSM
Routenpunkt (Way);Hauptstraße;49.4884224;8.7774757;50.0;Original OSM
Routenpunkt (Way);Hauptstraße;49.4884332;8.7775348;50.0;Original OSM
Haltestelle;Vorderheubach Höhe;49.488454;8.7776488;;Bus Stop
Routenpunkt (Way);Hauptstraße;49.488454;8.7776488;50.0;Original OSM
Routenpunkt (Way);Hauptstraße;49.488454;8.7776488;50.0;Original OSM
Haltestelle;Vorderheubach, Höhe;49.488393;8.7776541;;Bus Stop
Routenpunkt (Way);Hauptstraße;49.4884679;8.7777409;50.0;Original OSM
Routenpunkt (Way);Hauptstraße;49.4884767;8.7778378;50.0;Original OSM
Routenpunkt (Way);Hauptstraße;49.4884827;8.7779732;50.0;Original OSM
Routenpunkt (Way);Hauptstraße;49.4884791;8.7781195;50.0;Original OSM
Routenpunkt (Way);Hauptstraße;49.4884702;8.7782628;50.0;Original OSM
Routenpunkt (Way);Hauptstraße;49.4884687;8.778407;50.0;Original OSM
Routenpunkt (Way);Hauptstraße;49.4884706;8.7784671;50.0;Original OSM
Routenpunkt (Way);Hauptstraße;49.4884779;8.7785242;50.0;Original OSM
Routenpunkt (Way);Hauptstraße;49.488489;8.7785746;50.0;Original OSM
Routenpunkt (Way);Hauptstraße;49.4885074;8.7786182;50.0;Original OSM
Routenpunkt (Way);Hauptstraße;49.4885303;8.7786521;50.0;Original OSM
Routenpunkt (Way);Hauptstraße;49.4885521;8.7786773;50.0;Original OSM
Routenpunkt (Way);Hauptstraße;49.4885859;8.778701;50.0;Original OSM
Routenpunkt (Way);Hauptstraße;49.4886188;8.7787144;50.0;Original OSM
Routenpunkt (Way);Hauptstraße;49.4886384;8.7787172;50.0;Original OSM
Routenpunkt (Way);Hauptstraße;49.4886583;8.7787187;50.0;Original OSM
Routenpunkt (Way);Hauptstraße;49.4886799;8.7787143;50.0;Original OSM
Routenpunkt (Way);Hauptstraße;49.4886988;8.7787082;50.0;Original OSM
Routenpunkt (Way);Hauptstraße;49.4887239;8.7786934;50.0;Original OSM
Routenpunkt (Way);Hauptstraße;49.4887463;8.7786732;50.0;Original OSM
Routenpunkt (Way);Hauptstraße;49.4887658;8.7786469;50.0;Original OSM
Routenpunkt (Way);Hauptstraße;49.4887819;8.7786195;50.0;Original OSM
Routenpunkt (Way);Hauptstraße;49.4887944;8.7785922;50.0;Original OSM
Routenpunkt (Way);Hauptstraße;49.4888042;8.7785587;50.0;Original OSM
Routenpunkt (Way);Hauptstraße;49.4888117;8.7785263;50.0;Original OSM
Routenpunkt (Way);Hauptstraße;49.4888176;8.7784908;50.0;Original OSM
Routenpunkt (Way);Hauptstraße;49.4888244;8.7784318;50.0;Original OSM
Routenpunkt (Way);Hauptstraße;49.4888301;8.7783711;50.0;Original OSM
Routenpunkt (Way);Hauptstraße;49.48883775;8.7782291;50.0;Interpoliert
Routenpunkt (Way);Hauptstraße;49.4888454;8.7780871;50.0;Original OSM
Routenpunkt (Way);Hauptstraße;49.48885425;8.777951300000002;50.0;Interpoliert
Routenpunkt (Way);Hauptstraße;49.4888631;8.7778155;50.0;Original OSM
Routenpunkt (Way);Hauptstraße;49.4888742;8.77769205;50.0;Interpoliert
Routenpunkt (Way);Hauptstraße;49.4888853;8.7775686;50.0;Original OSM
Routenpunkt (Way);Hauptstraße;49.4889024;8.7774239;50.0;Original OSM
Routenpunkt (Way);Hauptstraße;49.4889146;8.7773208;50.0;Original OSM
Routenpunkt (Way);Hauptstraße;49.4889393;8.7771627;50.0;Original OSM
Routenpunkt (Way);Hauptstraße;49.4889681;8.7770051;50.0;Original OSM
Routenpunkt (Way);Hauptstraße;49.4890075;8.7768344;50.0;Original OSM
Routenpunkt (Way);Hauptstraße;49.4890582;8.7766685;50.0;Original OSM
Routenpunkt (Way);Hauptstraße;49.4891092;8.7765309;50.0;Original OSM
Routenpunkt (Way);Hauptstraße;49.4891697;8.7764027;50.0;Original OSM
Routenpunkt (Way);Hauptstraße;49.4892255;8.7763113;50.0;Original OSM
Routenpunkt (Way);Hauptstraße;49.4892255;8.7763113;50.0;Original OSM
Routenpunkt (Way);Hauptstraße;49.4892489;8.7762732;30.0;Original OSM
Routenpunkt (Way);Hauptstraße;49.4892489;8.7762732;50.0;Original OSM
Routenpunkt (Way);Hauptstraße;49.4893067;8.776197;30.0;Original OSM
Routenpunkt (Way);Hauptstraße;49.48937;8.7761221;30.0;Original OSM
Routenpunkt (Way);Hauptstraße;49.4894306;8.7760686;30.0;Original OSM
Routenpunkt (Way);Hauptstraße;49.4895516;8.7759876;30.0;Original OSM
Routenpunkt (Way);Hauptstraße;49.4896472;8.7759458;30.0;Original OSM
Routenpunkt (Way);Hauptstraße;49.4897763;8.7759515;30.0;Original OSM
Routenpunkt (Way);Hauptstraße;49.489891;8.7759968;30.0;Original OSM
Routenpunkt (Way);Hauptstraße;49.4899616;8.7760731;30.0;Original OSM
Routenpunkt (Way);Hauptstraße;49.4899616;8.7760731;30.0;Original OSM
Routenpunkt (Way);Hauptstraße;49.4899922;8.776144;30.0;Original OSM
Routenpunkt (Way);Hauptstraße;49.4900044;8.7762056;30.0;Original OSM
Routenpunkt (Way);Hauptstraße;49.4900093;8.7762724;30.0;Original OSM
Routenpunkt (Way);Hauptstraße;49.4900073;8.7763301;30.0;Original OSM
Routenpunkt (Way);Hauptstraße;49.4899992;8.7763887;30.0;Original OSM
Routenpunkt (Way);Hauptstraße;49.48996085;8.776570549999999;30.0;Interpoliert
Routenpunkt (Way);Hauptstraße;49.4899225;8.7767524;30.0;Original OSM
Haltestelle;Vorderheubach, Mitte;49.4898656;8.7768398;;Bus Stop
Routenpunkt (Way);Hauptstraße;49.4898956;8.7768802;30.0;Original OSM
Routenpunkt (Way);Hauptstraße;49.4898772;8.7770041;30.0;Original OSM
Routenpunkt (Way);Hauptstraße;49.4898666;8.777148;30.0;Original OSM
Routenpunkt (Way);Hauptstraße;49.4898669;8.7772849;30.0;Original OSM
Routenpunkt (Way);Hauptstraße;49.4898669;8.7772849;;Original OSM
Routenpunkt (Way);Hauptstraße;49.4898793;8.7774293;50.0;Original OSM
Routenpunkt (Way);Hauptstraße;49.4898793;8.7774293;;Original OSM
Routenpunkt (Way);Hauptstraße;49.48990275;8.77756715;50.0;Interpoliert
Routenpunkt (Way);Hauptstraße;49.4899262;8.777705;50.0;Original OSM
Routenpunkt (Way);Hauptstraße;49.489952433333336;8.777868066666667;50.0;Interpoliert
Routenpunkt (Way);Hauptstraße;49.489978666666666;8.778031133333332;50.0;Interpoliert
Routenpunkt (Way);Hauptstraße;49.4900049;8.7781942;50.0;Original OSM
Routenpunkt (Way);Hauptstraße;49.4900049;8.7781942;50.0;Original OSM
Routenpunkt (Way);Hauptstraße;49.490027233333336;8.7783331;50.0;Interpoliert
Routenpunkt (Way);Hauptstraße;49.49004956666666;8.778472;50.0;Interpoliert
Routenpunkt (Way);Hauptstraße;49.4900719;8.7786109;50.0;Original OSM
Routenpunkt (Way);Hauptstraße;49.49008845;8.778714;50.0;Interpoliert
Routenpunkt (Way);Hauptstraße;49.490105;8.7788171;50.0;Original OSM
Routenpunkt (Way);Hauptstraße;49.490105;8.7788171;50.0;Original OSM
Routenpunkt (Way);Hauptstraße;49.4901249;8.7789407;;Original OSM
Routenpunkt (Way);Hauptstraße;49.4901249;8.7789407;50.0;Original OSM
Routenpunkt (Way);Hauptstraße;49.4901382;8.7790231;;Original OSM
Routenpunkt (Way);Hauptstraße;49.4901666;8.779201;;Interpoliert
Routenpunkt (Way);Hauptstraße;49.490195;8.7793789;;Original OSM
Routenpunkt (Way);Hauptstraße;49.4902206;8.779539;;Interpoliert
Routenpunkt (Way);Hauptstraße;49.4902462;8.7796991;;Original OSM
Routenpunkt (Way);Hauptstraße;49.4902589;8.7798693;;Original OSM
Routenpunkt (Way);Hauptstraße;49.4902562;8.7800314;;Original OSM
Routenpunkt (Way);Hauptstraße;49.4902371;8.7802036;;Original OSM
Routenpunkt (Way);Hauptstraße;49.4902121;8.7803082;;Original OSM
Routenpunkt (Way);Hauptstraße;49.4902004;8.7803461;;Original OSM
Routenpunkt (Way);Hauptstraße;49.4901831;8.7804017;;Original OSM
Routenpunkt (Way);Unbekannt;49.4901831;8.7804017;;Original OSM
Routenpunkt (Way);Unbekannt;49.4901439;8.7805008;;Original OSM
Routenpunkt (Way);Unbekannt;49.4901013;8.7805958;;Original OSM
Routenpunkt (Way);Unbekannt;49.490029225;8.780737175;;Interpoliert
Routenpunkt (Way);Unbekannt;49.48995715;8.78087855;;Interpoliert
Routenpunkt (Way);Unbekannt;49.489885075;8.781019925;;Interpoliert
Routenpunkt (Way);Unbekannt;49.489813;8.7811613;;Original OSM
Routenpunkt (Way);Unbekannt;49.489813;8.7811613;;Original OSM
Routenpunkt (Way);Unbekannt;49.489748225;8.7812813;;Interpoliert
Routenpunkt (Way);Unbekannt;49.48968345;8.7814013;;Interpoliert
Routenpunkt (Way);Unbekannt;49.489618675;8.781521300000001;;Interpoliert
Routenpunkt (Way);Unbekannt;49.4895539;8.7816413;;Original OSM
Routenpunkt (Way);Unbekannt;49.4894828;8.78178508;;Interpoliert
Routenpunkt (Way);Unbekannt;49.4894117;8.78192886;;Interpoliert
Routenpunkt (Way);Unbekannt;49.4893406;8.782072639999999;;Interpoliert
Routenpunkt (Way);Unbekannt;49.4892695;8.78221642;;Interpoliert
Routenpunkt (Way);Unbekannt;49.4891984;8.7823602;;Original OSM
Routenpunkt (Way);Unbekannt;49.48912823333333;8.782492566666667;;Interpoliert
Routenpunkt (Way);Unbekannt;49.489058066666665;8.782624933333333;;Interpoliert
Routenpunkt (Way);Unbekannt;49.4889879;8.7827573;;Original OSM
Routenpunkt (Way);Unbekannt;49.4889084;8.7829074;;Original OSM
Routenpunkt (Way);Unbekannt;49.488830033333336;8.783055233333332;;Interpoliert
Routenpunkt (Way);Unbekannt;49.488751666666666;8.783203066666667;;Interpoliert
Routenpunkt (Way);Unbekannt;49.4886733;8.7833509;;Original OSM
Routenpunkt (Way);Unbekannt;49.4886136;8.7834959;;Interpoliert
Routenpunkt (Way);Unbekannt;49.4885539;8.7836409;;Interpoliert
Routenpunkt (Way);Unbekannt;49.4884942;8.7837859;;Original OSM
Routenpunkt (Way);Unbekannt;49.4884436;8.7839297;;Interpoliert
Routenpunkt (Way);Unbekannt;49.488393;8.7840735;;Original OSM
Routenpunkt (Way);Unbekannt;49.488354400000006;8.7842173;;Interpoliert
Routenpunkt (Way);Unbekannt;49.4883158;8.7843611;;Original OSM
Routenpunkt (Way);Unbekannt;49.488277333333336;8.784518466666666;;Interpoliert
Routenpunkt (Way);Unbekannt;49.48823886666666;8.784675833333333;;Interpoliert
Routenpunkt (Way);Unbekannt;49.4882004;8.7848332;;Original OSM
Routenpunkt (Way);Unbekannt;49.48815523333333;8.784990533333334;;Interpoliert
Routenpunkt (Way);Unbekannt;49.48811006666666;8.785147866666666;;Interpoliert
Routenpunkt (Way);Unbekannt;49.4880649;8.7853052;;Original OSM
Routenpunkt (Way);Unbekannt;49.4880508;8.7853617;;Original OSM
Routenpunkt (Way);Unbekannt;49.4880039;8.78555;;Original OSM
Routenpunkt (Way);Unbekannt;49.4880039;8.78555;;Original OSM
Routenpunkt (Way);Unbekannt;49.4879759;8.7856557;;Original OSM
Routenpunkt (Way);Unbekannt;49.4879759;8.7856557;;Original OSM
Haltestelle;Vorderheubach, Burg Waldeck;49.4879033;8.7856927;;Bus Stop
Haltestelle;Vorderheubach, Burg Waldeck;49.4879492;8.7857514;;Bus Stop
Routenpunkt (Way);Unbekannt;49.4879492;8.7857514;;Original OSM
Routenpunkt (Way);Unbekannt;49.4879049;8.7859099;;Original OSM
Routenpunkt (Way);Unbekannt;49.4878671;8.7860454;;Interpoliert
Routenpunkt (Way);Unbekannt;49.4878293;8.7861809;;Interpoliert
Routenpunkt (Way);Unbekannt;49.4877915;8.7863164;;Original OSM
Routenpunkt (Way);Unbekannt;49.4877457;8.7864519;;Original OSM
Routenpunkt (Way);Unbekannt;49.4876918;8.7865715;;Original OSM
Routenpunkt (Way);Unbekannt;49.4876772;8.786603;;Original OSM
Routenpunkt (Way);Unbekannt;49.4876218;8.7866969;;Original OSM
Routenpunkt (Way);Unbekannt;49.4875888;8.786739;;Original OSM
Routenpunkt (Way);Unbekannt;49.4875547;8.7867775;;Original OSM
Routenpunkt (Way);Unbekannt;49.4874906;8.7868279;;Original OSM
Routenpunkt (Way);Unbekannt;49.4873902;8.7868853;;Original OSM
Routenpunkt (Way);Unbekannt;49.4873294;8.7868974;;Original OSM
Routenpunkt (Way);Unbekannt;49.4872341;8.7869177;;Original OSM
Routenpunkt (Way);Unbekannt;49.4871205;8.7869397;;Original OSM
Routenpunkt (Way);Unbekannt;49.4870092;8.7869441;;Original OSM
Routenpunkt (Way);Unbekannt;49.4869172;8.7869376;;Original OSM
Routenpunkt (Way);Unbekannt;49.4868491;8.7869239;;Original OSM
Routenpunkt (Way);Unbekannt;49.4867756;8.7869048;;Original OSM
Routenpunkt (Way);Unbekannt;49.4866933;8.7868688;;Original OSM
Routenpunkt (Way);Unbekannt;49.4866206;8.7868331;;Original OSM
Routenpunkt (Way);Unbekannt;49.4865446;8.7867863;;Interpoliert
Routenpunkt (Way);Unbekannt;49.4864686;8.7867395;;Original OSM
Routenpunkt (Way);Unbekannt;49.4863951;8.78669065;;Interpoliert
Routenpunkt (Way);Unbekannt;49.4863216;8.7866418;;Original OSM
Routenpunkt (Way);Unbekannt;49.4862947;8.7866271;;Original OSM
Routenpunkt (Way);Unbekannt;49.4862596;8.7866191;;Original OSM
Routenpunkt (Way);Unbekannt;49.4862295;8.7866264;;Original OSM
Routenpunkt (Way);Unbekannt;49.4861946;8.7866448;;Original OSM
Routenpunkt (Way);Unbekannt;49.4861463;8.7866913;;Original OSM
Routenpunkt (Way);Unbekannt;49.4861463;8.7866913;;Original OSM
Routenpunkt (Way);Unbekannt;49.4861417;8.7866997;;Original OSM
Routenpunkt (Way);Unbekannt;49.4861147;8.7867494;;Original OSM
Routenpunkt (Way);Unbekannt;49.4860989;8.7868004;;Original OSM
Routenpunkt (Way);Heubacher Straße;49.4860989;8.7868004;;Original OSM
Routenpunkt (Way);Heubacher Straße;49.4860904;8.7868718;;Original OSM
Haltestelle;Vorderheubach, Schafhof;49.4860077;8.7868885;;Bus Stop
Routenpunkt (Way);Heubacher Straße;49.4860977;8.7869642;;Original OSM
Routenpunkt (Way);Heubacher Straße;49.4861138;8.787035;;Original OSM
Routenpunkt (Way);Heubacher Straße;49.4861398;8.787108;;Original OSM
Routenpunkt (Way);Heubacher Straße;49.4861898;8.7872195;;Original OSM
Routenpunkt (Way);Heubacher Straße;49.4862481;8.7873437;;Original OSM
Routenpunkt (Way);Heubacher Straße;49.4862481;8.7873437;100.0;Original OSM
Routenpunkt (Way);Heubacher Straße;49.4863293;8.787457766666666;100.0;Interpoliert
Routenpunkt (Way);Heubacher Straße;49.4864105;8.787571833333333;100.0;Interpoliert
Routenpunkt (Way);Heubacher Straße;49.4864917;8.7876859;100.0;Original OSM
Routenpunkt (Way);Heubacher Straße;49.4865851;8.7878079;100.0;Original OSM
Routenpunkt (Way);Heubacher Straße;49.4866204;8.787854;100.0;Original OSM
Routenpunkt (Way);Heubacher Straße;49.48672315;8.78795105;100.0;Interpoliert
Routenpunkt (Way);Heubacher Straße;49.4868259;8.7880481;100.0;Original OSM
Routenpunkt (Way);Heubacher Straße;49.48693455;8.78811125;100.0;Interpoliert
Routenpunkt (Way);Heubacher Straße;49.4870432;8.7881744;100.0;Original OSM
Routenpunkt (Way);Heubacher Straße;49.48713203333333;8.7882197;100.0;Interpoliert
Routenpunkt (Way);Heubacher Straße;49.48722086666667;8.788264999999999;100.0;Interpoliert
Routenpunkt (Way);Heubacher Straße;49.4873097;8.7883103;100.0;Original OSM
Routenpunkt (Way);Heubacher Straße;49.4874084;8.78837;100.0;Original OSM
Routenpunkt (Way);Heubacher Straße;49.4874764;8.7884169;100.0;Original OSM
Routenpunkt (Way);Heubacher Straße;49.4875418;8.78847975;100.0;Interpoliert
Routenpunkt (Way);Heubacher Straße;49.4876072;8.7885426;100.0;Original OSM
Routenpunkt (Way);Heubacher Straße;49.4876666;8.788616;100.0;Original OSM
Routenpunkt (Way);Heubacher Straße;49.4877049;8.788683;100.0;Original OSM
Routenpunkt (Way);Heubacher Straße;49.4877703;8.78881875;100.0;Interpoliert
Routenpunkt (Way);Heubacher Straße;49.4878357;8.7889545;100.0;Original OSM
Routenpunkt (Way);Heubacher Straße;49.48791046666666;8.7891163;100.0;Interpoliert
Routenpunkt (Way);Heubacher Straße;49.48798523333333;8.789278099999999;100.0;Interpoliert
Routenpunkt (Way);Heubacher Straße;49.48806;8.7894399;100.0;Original OSM
Routenpunkt (Way);Heubacher Straße;49.4881404;8.789575;100.0;Original OSM
Routenpunkt (Way);Heubacher Straße;49.4881777;8.7896177;100.0;Original OSM
Routenpunkt (Way);Heubacher Straße;49.4882171;8.7896557;100.0;Original OSM
Routenpunkt (Way);Heubacher Straße;49.488316133333335;8.789715900000001;100.0;Interpoliert
Routenpunkt (Way);Heubacher Straße;49.48841516666666;8.7897761;100.0;Interpoliert
Routenpunkt (Way);Heubacher Straße;49.4885142;8.7898363;100.0;Original OSM
Routenpunkt (Way);Heubacher Straße;49.4886234;8.7898922;100.0;Interpoliert
Routenpunkt (Way);Heubacher Straße;49.4887326;8.7899481;100.0;Original OSM
Routenpunkt (Way);Heubacher Straße;49.4887684;8.7899677;100.0;Original OSM
Routenpunkt (Way);Heubacher Straße;49.4887684;8.7899677;100.0;Original OSM
Haltestelle;Heiligkreuzsteinach, Grillhütte;49.4888161;8.7899897;;Bus Stop
Routenpunkt (Way);Heubacher Straße;49.4888161;8.7899897;100.0;Original OSM
Routenpunkt (Way);Heubacher Straße;49.4888447;8.790003;100.0;Original OSM
Routenpunkt (Way);Heubacher Straße;49.4889378;8.7900456;100.0;Original OSM
Routenpunkt (Way);Heubacher Straße;49.48901225;8.790085349999998;100.0;Interpoliert
Routenpunkt (Way);Heubacher Straße;49.4890867;8.7901251;100.0;Original OSM
Routenpunkt (Way);Heubacher Straße;49.4890867;8.7901251;100.0;Original OSM
Routenpunkt (Way);Heubacher Straße;49.4891608;8.7902022;100.0;Original OSM
Routenpunkt (Way);Heubacher Straße;49.4891939;8.7902391;100.0;Original OSM
Routenpunkt (Way);Heubacher Straße;49.4892302;8.7902831;100.0;Original OSM
Routenpunkt (Way);Unbekannt;49.489282;8.7903444;100.0;Original OSM
Routenpunkt (Way);Heubacher Straße;49.489282;8.7903444;100.0;Original OSM
Routenpunkt (Way);Unbekannt;49.4892449;8.7904762;100.0;Interpoliert
Routenpunkt (Way);Unbekannt;49.4892078;8.790608;100.0;Original OSM
Routenpunkt (Way);Unbekannt;49.4891987;8.7906404;100.0;Original OSM
Routenpunkt (Way);Unbekannt;49.48914735;8.7907941;100.0;Interpoliert
Routenpunkt (Way);Unbekannt;49.489096;8.7909478;100.0;Original OSM
Routenpunkt (Way);Unbekannt;49.4890487;8.7911205;100.0;Original OSM
Routenpunkt (Way);Unbekannt;49.488993;8.7912784;100.0;Original OSM
Routenpunkt (Way);Unbekannt;49.4889563;8.79137315;100.0;Interpoliert
Routenpunkt (Way);Unbekannt;49.4889196;8.7914679;100.0;Original OSM
Routenpunkt (Way);Unbekannt;49.4888794;8.791555200000001;100.0;Interpoliert
Routenpunkt (Way);Unbekannt;49.4888392;8.7916425;100.0;Original OSM
Routenpunkt (Way);Unbekannt;49.48877415;8.79178115;100.0;Interpoliert
Routenpunkt (Way);Unbekannt;49.4887091;8.7919198;100.0;Original OSM
Routenpunkt (Way);Unbekannt;49.4886334;8.79203215;100.0;Interpoliert
Routenpunkt (Way);Unbekannt;49.4885577;8.7921445;100.0;Original OSM
Routenpunkt (Way);Unbekannt;49.4884844;8.7922467;100.0;Interpoliert
Routenpunkt (Way);Unbekannt;49.4884111;8.7923489;100.0;Original OSM
Routenpunkt (Way);Unbekannt;49.48833785;8.79244865;100.0;Interpoliert
Routenpunkt (Way);Unbekannt;49.4882646;8.7925484;100.0;Original OSM
Routenpunkt (Way);Unbekannt;49.488194166666666;8.7926529;100.0;Interpoliert
Routenpunkt (Way);Unbekannt;49.48812373333333;8.7927574;100.0;Interpoliert
Routenpunkt (Way);Unbekannt;49.4880533;8.7928619;100.0;Original OSM
Routenpunkt (Way);Unbekannt;49.4880101;8.7929453;100.0;Original OSM
Routenpunkt (Way);Unbekannt;49.4879771;8.7930574;100.0;Original OSM
Routenpunkt (Way);Unbekannt;49.4879556;8.7931931;100.0;Original OSM
Routenpunkt (Way);Unbekannt;49.4879468;8.7933348;100.0;Original OSM
Routenpunkt (Way);Unbekannt;49.4879349;8.7934506;100.0;Original OSM
Routenpunkt (Way);Unbekannt;49.4879241;8.7935663;100.0;Original OSM
Routenpunkt (Way);Unbekannt;49.4879064;8.7936904;100.0;Original OSM
Routenpunkt (Way);Unbekannt;49.4878851;8.7938108;100.0;Original OSM
Routenpunkt (Way);Unbekannt;49.4878254;8.7939812;100.0;Original OSM
Routenpunkt (Way);Unbekannt;49.48778795;8.79409095;100.0;Interpoliert
Routenpunkt (Way);Unbekannt;49.4877505;8.7942007;100.0;Original OSM
Routenpunkt (Way);Unbekannt;49.4877044;8.7943901;100.0;Original OSM
Routenpunkt (Way);Unbekannt;49.4876821;8.7945207;100.0;Original OSM
Routenpunkt (Way);Weinheimer Straße;49.4876821;8.7945207;;Original OSM
Routenpunkt (Way);Weinheimer Straße;49.4876569;8.7946935;;Original OSM
Routenpunkt (Way);Weinheimer Straße;49.487639;8.7947909;;Original OSM
Routenpunkt (Way);Weinheimer Straße;49.4876246;8.7948522;;Original OSM
Routenpunkt (Way);Weinheimer Straße;49.4876051;8.7949181;;Original OSM
Routenpunkt (Way);Weinheimer Straße;49.4875898;8.7949665;30.0;Original OSM
Routenpunkt (Way);Weinheimer Straße;49.4875898;8.7949665;;Original OSM
Routenpunkt (Way);Weinheimer Straße;49.487559;8.7950376;30.0;Original OSM
Routenpunkt (Way);Weinheimer Straße;49.4875356;8.7950756;30.0;Original OSM
Routenpunkt (Way);Weinheimer Straße;49.4875123;8.7951085;30.0;Original OSM
Routenpunkt (Way);Weinheimer Straße;49.4874856;8.7951407;30.0;Original OSM
Routenpunkt (Way);Weinheimer Straße;49.4874598;8.7951787;30.0;Original OSM
Routenpunkt (Way);Weinheimer Straße;49.4873963;8.7952168;30.0;Original OSM
Routenpunkt (Way);Weinheimer Straße;49.4872997;8.795269;30.0;Original OSM
Routenpunkt (Way);Weinheimer Straße;49.4872392;8.7953181;30.0;Original OSM
Routenpunkt (Way);Weinheimer Straße;49.4871987;8.7953618;30.0;Original OSM
Routenpunkt (Way);Weinheimer Straße;49.4871566;8.7954135;30.0;Original OSM
Routenpunkt (Way);Weinheimer Straße;49.4870915;8.79551005;30.0;Interpoliert
Routenpunkt (Way);Weinheimer Straße;49.4870264;8.7956066;30.0;Original OSM
Routenpunkt (Way);Weinheimer Straße;49.4869649;8.79569605;30.0;Interpoliert
Routenpunkt (Way);Weinheimer Straße;49.4869034;8.7957855;30.0;Original OSM
Routenpunkt (Way);Weinheimer Straße;49.4868623;8.7958403;30.0;Original OSM
Routenpunkt (Way);Weinheimer Straße;49.486811;8.7959127;30.0;Original OSM
Routenpunkt (Way);Weinheimer Straße;49.4867459;8.7959846;30.0;Original OSM
Routenpunkt (Way);Weinheimer Straße;49.4866605;8.7960637;30.0;Original OSM
Routenpunkt (Way);Weinheimer Straße;49.4865683;8.7961323;30.0;Original OSM
Routenpunkt (Way);Weinheimer Straße;49.48647008;8.79620258;30.0;Interpoliert
Routenpunkt (Way);Weinheimer Straße;49.48637186;8.79627286;30.0;Interpoliert
Routenpunkt (Way);Weinheimer Straße;49.48627364;8.79634314;30.0;Interpoliert
Routenpunkt (Way);Weinheimer Straße;49.48617542;8.79641342;30.0;Interpoliert
Routenpunkt (Way);Weinheimer Straße;49.4860772;8.7964837;30.0;Original OSM
Routenpunkt (Way);Weinheimer Straße;49.4860339;8.7965225;30.0;Original OSM
Routenpunkt (Way);Weinheimer Straße;49.4859643;8.796585;30.0;Original OSM
Routenpunkt (Way);Weinheimer Straße;49.4858847;8.79666115;30.0;Interpoliert
Routenpunkt (Way);Weinheimer Straße;49.4858051;8.7967373;30.0;Original OSM
Routenpunkt (Way);Weinheimer Straße;49.485759;8.7967836;30.0;Original OSM
Routenpunkt (Way);Weinheimer Straße;49.485661;8.796909;30.0;Original OSM
Routenpunkt (Way);Weinheimer Straße;49.4855948;8.7969938;30.0;Original OSM
Routenpunkt (Way);Weinheimer Straße;49.4855948;8.7969938;30.0;Original OSM
Routenpunkt (Way);Weinheimer Straße;49.4855669;8.7970282;30.0;Original OSM
Routenpunkt (Way);Weinheimer Straße;49.4855443;8.7970562;30.0;Original OSM
Routenpunkt (Way);Weinheimer Straße;49.4855443;8.7970562;30.0;Original OSM
Routenpunkt (Way);Weinheimer Straße;49.4855075;8.7970891;30.0;Original OSM
Routenpunkt (Way);Weinheimer Straße;49.485457;8.7971113;30.0;Original OSM
Routenpunkt (Way);Weinheimer Straße;49.4854306;8.7971138;30.0;Original OSM
Routenpunkt (Way);Weinheimer Straße;49.4854081;8.7971159;30.0;Original OSM
Routenpunkt (Way);Weinheimer Straße;49.4853905;8.7971178;30.0;Original OSM
Routenpunkt (Way);Weinheimer Straße;49.485384;8.7971169;30.0;Original OSM
Routenpunkt (Way);Weinheimer Straße;49.4853085;8.7971082;30.0;Original OSM
Routenpunkt (Way);Weinheimer Straße;49.4853085;8.7971082;30.0;Original OSM
Routenpunkt (Way);Weinheimer Straße;49.4852306;8.7970936;30.0;Original OSM
Routenpunkt (Way);Weinheimer Straße;49.4852038;8.7970887;30.0;Original OSM
Routenpunkt (Way);Weinheimer Straße;49.4852038;8.7970887;30.0;Original OSM
Routenpunkt (Way);Weinheimer Straße;49.4851719;8.7970839;30.0;Original OSM
Routenpunkt (Way);Weinheimer Straße;49.4851514;8.7970783;30.0;Original OSM
Routenpunkt (Way);Weinheimer Straße;49.4850995;8.7970445;30.0;Original OSM
Routenpunkt (Way);Weinheimer Straße;49.485003;8.7969826;30.0;Original OSM
Routenpunkt (Way);Weinheimer Straße;49.485003;8.7969826;30.0;Original OSM
Routenpunkt (Way);Weinheimer Straße;49.4849263;8.7969325;30.0;Original OSM
Routenpunkt (Way);Weinheimer Straße;49.4849143;8.7969247;30.0;Original OSM
Routenpunkt (Way);Weinheimer Straße;49.4848995;8.7969134;30.0;Original OSM
Routenpunkt (Way);Weinheimer Straße;49.4848995;8.7969134;30.0;Original OSM
Routenpunkt (Way);Weinheimer Straße;49.4848613;8.7968846;30.0;Original OSM
Haltestelle;Heiligkreuzsteinach Marktplatz;49.4848342;8.7968666;;Bus Stop
Routenpunkt (Way);Unbekannt;49.4848342;8.7968666;30.0;Original OSM
Routenpunkt (Way);Weinheimer Straße;49.4848342;8.7968666;30.0;Original OSM
Haltestelle;Heiligkreuzsteinach Marktplatz;49.4848661;8.7968166;;Bus Stop
Routenpunkt (Way);Unbekannt;49.4847685;8.7968299;30.0;Original OSM
Routenpunkt (Way);Schönauer Straße;49.4847685;8.7968299;30.0;Original OSM
Routenpunkt (Way);Schönauer Straße;49.4847569;8.7968232;30.0;Original OSM
Routenpunkt (Way);Schönauer Straße;49.4847569;8.7968232;30.0;Original OSM
Routenpunkt (Way);Schönauer Straße;49.4846593;8.7967943;30.0;Original OSM
Routenpunkt (Way);Schönauer Straße;49.4846208;8.7967967;30.0;Original OSM
Routenpunkt (Way);Schönauer Straße;49.4845821;8.7968016;30.0;Original OSM
Routenpunkt (Way);Schönauer Straße;49.4845821;8.7968016;30.0;Original OSM
Routenpunkt (Way);Schönauer Straße;49.4845098;8.7968576;30.0;Original OSM
Routenpunkt (Way);Schönauer Straße;49.4845098;8.7968576;30.0;Original OSM
Routenpunkt (Way);Schönauer Straße;49.4844081;8.7969759;30.0;Original OSM
Routenpunkt (Way);Schönauer Straße;49.4844081;8.7969759;30.0;Original OSM
Routenpunkt (Way);Schönauer Straße;49.4843401;8.797038;30.0;Original OSM
Routenpunkt (Way);Schönauer Straße;49.4842748;8.797096;30.0;Original OSM
Routenpunkt (Way);Schönauer Straße;49.4842298;8.7971249;30.0;Original OSM
Routenpunkt (Way);Schönauer Straße;49.4841879;8.7971478;30.0;Original OSM
Routenpunkt (Way);Schönauer Straße;49.4841467;8.7971625;30.0;Original OSM
Routenpunkt (Way);Schönauer Straße;49.4841099;8.7971735;30.0;Original OSM
Routenpunkt (Way);Schönauer Straße;49.4840899;8.7971795;30.0;Original OSM
Routenpunkt (Way);Schönauer Straße;49.4840899;8.7971795;30.0;Original OSM
Routenpunkt (Way);Schönauer Straße;49.4840286;8.7971869;30.0;Original OSM
Routenpunkt (Way);Schönauer Straße;49.4839768;8.7971783;30.0;Original OSM
Routenpunkt (Way);Schönauer Straße;49.4839468;8.7971658;30.0;Original OSM
Routenpunkt (Way);Schönauer Straße;49.4838962;8.797139;30.0;Original OSM
Routenpunkt (Way);Schönauer Straße;49.4838424;8.7970959;30.0;Original OSM
Routenpunkt (Way);Schönauer Straße;49.4837739;8.797032900000001;30.0;Interpoliert
Routenpunkt (Way);Schönauer Straße;49.4837054;8.7969699;30.0;Original OSM
Routenpunkt (Way);Schönauer Straße;49.48363885;8.7968975;30.0;Interpoliert
Routenpunkt (Way);Schönauer Straße;49.4835723;8.7968251;30.0;Original OSM
Routenpunkt (Way);Schönauer Straße;49.48349606666667;8.796736933333333;30.0;Interpoliert
Routenpunkt (Way);Schönauer Straße;49.48341983333333;8.796648766666666;30.0;Interpoliert
Routenpunkt (Way);Schönauer Straße;49.4833436;8.7965606;30.0;Original OSM
Routenpunkt (Way);Schönauer Straße;49.4832807;8.7964886;30.0;Original OSM
Routenpunkt (Way);Schönauer Straße;49.4832147;8.7963992;30.0;Original OSM
Routenpunkt (Way);Schönauer Straße;49.4831997;8.7963785;30.0;Original OSM
Routenpunkt (Way);Schönauer Straße;49.4831511;8.7963069;30.0;Original OSM
Routenpunkt (Way);Schönauer Straße;49.4831121;8.7962494;30.0;Original OSM
Routenpunkt (Way);Schönauer Straße;49.4831121;8.7962494;30.0;Original OSM
Routenpunkt (Way);Schönauer Straße;49.48305;8.796158;30.0;Original OSM
Routenpunkt (Way);Schönauer Straße;49.48305;8.796158;30.0;Original OSM
Routenpunkt (Way);Schönauer Straße;49.4830197;8.7961134;30.0;Original OSM
Routenpunkt (Way);Schönauer Straße;49.4829939;8.7960787;30.0;Original OSM
Routenpunkt (Way);Schönauer Straße;49.4829495;8.7960191;30.0;Original OSM
Routenpunkt (Way);Schönauer Straße;49.482921;8.7959846;30.0;Original OSM
Routenpunkt (Way);Schönauer Straße;49.482921;8.7959846;30.0;Original OSM
Routenpunkt (Way);Schönauer Straße;49.482886;8.7959464;30.0;Original OSM
Routenpunkt (Way);Schönauer Straße;49.4828797;8.7959408;30.0;Original OSM
Routenpunkt (Way);Schönauer Straße;49.4828579;8.7959212;30.0;Original OSM
Routenpunkt (Way);Schönauer Straße;49.4828371;8.7959048;30.0;Original OSM
Routenpunkt (Way);Schönauer Straße;49.4828371;8.7959048;30.0;Original OSM
Routenpunkt (Way);Schönauer Straße;49.4827988;8.7958745;30.0;Original OSM
Routenpunkt (Way);Schönauer Straße;49.4827174;8.7958149;30.0;Original OSM
Routenpunkt (Way);Schönauer Straße;49.4826252;8.7957637;30.0;Original OSM
Routenpunkt (Way);Schönauer Straße;49.4825417;8.7957243;30.0;Original OSM
Routenpunkt (Way);Schönauer Straße;49.4824329;8.79568;30.0;Original OSM
Routenpunkt (Way);Schönauer Straße;49.482346;8.7956561;30.0;Original OSM
Routenpunkt (Way);Schönauer Straße;49.4822783;8.7956419;30.0;Original OSM
Routenpunkt (Way);Schönauer Straße;49.4822088;8.7956371;30.0;Original OSM
Routenpunkt (Way);Schönauer Straße;49.4821176;8.7956402;30.0;Original OSM
Routenpunkt (Way);Schönauer Straße;49.4820444;8.795656;30.0;Original OSM
Routenpunkt (Way);Schönauer Straße;49.4820073;8.7956657;30.0;Original OSM
Routenpunkt (Way);Schönauer Straße;49.4820073;8.7956657;30.0;Original OSM
Routenpunkt (Way);Unbekannt;49.4819314;8.7956851;50.0;Original OSM
Routenpunkt (Way);Schönauer Straße;49.4819314;8.7956851;30.0;Original OSM
Routenpunkt (Way);Unbekannt;49.4818318;8.795716;50.0;Original OSM
Routenpunkt (Way);Unbekannt;49.4818318;8.795716;50.0;Original OSM
Routenpunkt (Way);Unbekannt;49.4817923;8.7957264;50.0;Original OSM
Routenpunkt (Way);Unbekannt;49.4817923;8.7957264;50.0;Original OSM
Routenpunkt (Way);Unbekannt;49.4817267;8.7957247;50.0;Original OSM
Routenpunkt (Way);Unbekannt;49.4816583;8.7957255;50.0;Original OSM
Routenpunkt (Way);Unbekannt;49.4815919;8.7957098;50.0;Original OSM
Routenpunkt (Way);Unbekannt;49.4815919;8.7957098;;Original OSM
Routenpunkt (Way);Unbekannt;49.4815369;8.795679;;Original OSM
Routenpunkt (Way);Unbekannt;49.4814806;8.7956293;;Original OSM
Routenpunkt (Way);Unbekannt;49.4814167;8.7955599;;Original OSM
Routenpunkt (Way);Unbekannt;49.48132453333333;8.7954561;;Interpoliert
Routenpunkt (Way);Unbekannt;49.48123236666667;8.7953523;;Interpoliert
Routenpunkt (Way);Unbekannt;49.4811402;8.7952485;;Original OSM
Routenpunkt (Way);Unbekannt;49.4810348;8.7951685;;Original OSM
Routenpunkt (Way);Unbekannt;49.4809173;8.7951026;;Original OSM
Routenpunkt (Way);Unbekannt;49.480806;8.795058299999999;;Interpoliert
Routenpunkt (Way);Unbekannt;49.4806947;8.795014;;Interpoliert
Routenpunkt (Way);Unbekannt;49.4805834;8.7949697;;Original OSM
Routenpunkt (Way);Unbekannt;49.4804784;8.7949432;;Original OSM
Routenpunkt (Way);Unbekannt;49.4804784;8.7949432;100.0;Original OSM
Routenpunkt (Way);Unbekannt;49.4803778;8.7949149;100.0;Interpoliert
Routenpunkt (Way);Unbekannt;49.4802772;8.7948866;100.0;Interpoliert
Routenpunkt (Way);Unbekannt;49.4801766;8.7948583;100.0;Original OSM
Routenpunkt (Way);Unbekannt;49.4800594;8.794836833333333;100.0;Interpoliert
Routenpunkt (Way);Unbekannt;49.4799422;8.794815366666667;100.0;Interpoliert
Routenpunkt (Way);Unbekannt;49.479825;8.7947939;100.0;Original OSM
Routenpunkt (Way);Unbekannt;49.4797509;8.7947823;100.0;Original OSM
Routenpunkt (Way);Unbekannt;49.4796634;8.7947762;100.0;Original OSM
Routenpunkt (Way);Unbekannt;49.47952975;8.794766899999999;100.0;Interpoliert
Routenpunkt (Way);Unbekannt;49.4793961;8.7947576;100.0;Original OSM
Routenpunkt (Way);Unbekannt;49.4792823;8.794766450000001;100.0;Interpoliert
Routenpunkt (Way);Unbekannt;49.4791685;8.7947753;100.0;Original OSM
Routenpunkt (Way);Unbekannt;49.4790758;8.794795;100.0;Original OSM
Routenpunkt (Way);Unbekannt;49.4789712;8.7948245;100.0;Original OSM
Routenpunkt (Way);Unbekannt;49.4788833;8.794853633333334;100.0;Interpoliert
Routenpunkt (Way);Unbekannt;49.4787954;8.794882766666667;100.0;Interpoliert
Routenpunkt (Way);Unbekannt;49.4787075;8.7949119;100.0;Original OSM
Routenpunkt (Way);Unbekannt;49.47858556;8.794966180000001;100.0;Interpoliert
Routenpunkt (Way);Unbekannt;49.47846362;8.79502046;100.0;Interpoliert
Routenpunkt (Way);Unbekannt;49.47834168;8.79507474;100.0;Interpoliert
Routenpunkt (Way);Unbekannt;49.47821974;8.79512902;100.0;Interpoliert
Routenpunkt (Way);Unbekannt;49.4780978;8.7951833;100.0;Original OSM
Routenpunkt (Way);Unbekannt;49.4780606;8.7952006;100.0;Original OSM
Routenpunkt (Way);Unbekannt;49.47796495;8.79522475;100.0;Interpoliert
Routenpunkt (Way);Unbekannt;49.4778693;8.7952489;100.0;Original OSM
Routenpunkt (Way);Unbekannt;49.47778045;8.795257150000001;100.0;Interpoliert
Routenpunkt (Way);Unbekannt;49.4776916;8.7952654;100.0;Original OSM
Routenpunkt (Way);Unbekannt;49.4775883;8.79526855;100.0;Interpoliert
Routenpunkt (Way);Unbekannt;49.477485;8.7952717;100.0;Original OSM
Routenpunkt (Way);Unbekannt;49.4773518;8.7952758;100.0;Interpoliert
Routenpunkt (Way);Unbekannt;49.4772186;8.7952799;100.0;Original OSM
Routenpunkt (Way);Unbekannt;49.47712963333333;8.795300233333334;100.0;Interpoliert
Routenpunkt (Way);Unbekannt;49.47704066666667;8.795320566666666;100.0;Interpoliert
Routenpunkt (Way);Unbekannt;49.4769517;8.7953409;100.0;Original OSM
Routenpunkt (Way);Unbekannt;49.4768387;8.79538315;100.0;Interpoliert
Routenpunkt (Way);Unbekannt;49.4767257;8.7954254;100.0;Original OSM
Routenpunkt (Way);Unbekannt;49.47660254285714;8.795479499999999;100.0;Interpoliert
Routenpunkt (Way);Unbekannt;49.476479385714285;8.795533599999999;100.0;Interpoliert
Routenpunkt (Way);Unbekannt;49.47635622857143;8.795587699999999;100.0;Interpoliert
Routenpunkt (Way);Unbekannt;49.476233071428574;8.7956418;100.0;Interpoliert
Routenpunkt (Way);Unbekannt;49.47610991428572;8.7956959;100.0;Interpoliert
Routenpunkt (Way);Unbekannt;49.475986757142856;8.79575;100.0;Interpoliert
Routenpunkt (Way);Unbekannt;49.4758636;8.7958041;100.0;Original OSM
Routenpunkt (Way);Unbekannt;49.47575606;8.79586272;100.0;Interpoliert
Routenpunkt (Way);Unbekannt;49.47564852;8.79592134;100.0;Interpoliert
Routenpunkt (Way);Unbekannt;49.47554098;8.79597996;100.0;Interpoliert
Routenpunkt (Way);Unbekannt;49.47543344;8.79603858;100.0;Interpoliert
Routenpunkt (Way);Unbekannt;49.4753259;8.7960972;100.0;Original OSM
Routenpunkt (Way);Unbekannt;49.4752467;8.7961531;100.0;Interpoliert
Routenpunkt (Way);Unbekannt;49.4751675;8.796209;100.0;Original OSM
Routenpunkt (Way);Unbekannt;49.47505403333333;8.796293866666666;100.0;Interpoliert
Routenpunkt (Way);Unbekannt;49.47494056666667;8.796378733333333;100.0;Interpoliert
Routenpunkt (Way);Unbekannt;49.4748271;8.7964636;100.0;Interpoliert
Routenpunkt (Way);Unbekannt;49.47471363333333;8.796548466666668;100.0;Interpoliert
Routenpunkt (Way);Unbekannt;49.47460016666667;8.796633333333334;100.0;Interpoliert
Routenpunkt (Way);Unbekannt;49.4744867;8.7967182;100.0;Original OSM
Routenpunkt (Way);Unbekannt;49.4743723;8.796795300000001;100.0;Interpoliert
Routenpunkt (Way);Unbekannt;49.4742579;8.7968724;100.0;Interpoliert
Routenpunkt (Way);Unbekannt;49.4741435;8.7969495;100.0;Original OSM
Routenpunkt (Way);Unbekannt;49.47404583333333;8.797005566666666;100.0;Interpoliert
Routenpunkt (Way);Unbekannt;49.473948166666666;8.797061633333334;100.0;Interpoliert
Routenpunkt (Way);Unbekannt;49.4738505;8.7971177;100.0;Original OSM
Routenpunkt (Way);Unbekannt;49.4737319;8.7971964;100.0;Interpoliert
Routenpunkt (Way);Unbekannt;49.4736133;8.7972751;100.0;Original OSM
Routenpunkt (Way);Unbekannt;49.47351525;8.79735265;100.0;Interpoliert
Routenpunkt (Way);Altneudorfer Straße;49.4734172;8.7974302;100.0;Original OSM
Routenpunkt (Way);Unbekannt;49.4734172;8.7974302;100.0;Original OSM
Routenpunkt (Way);Altneudorfer Straße;49.4733528;8.797488;100.0;Original OSM
Routenpunkt (Way);Altneudorfer Straße;49.4732785;8.797565899999999;100.0;Interpoliert
Routenpunkt (Way);Altneudorfer Straße;49.4732042;8.7976438;100.0;Original OSM
Routenpunkt (Way);Altneudorfer Straße;49.47311503333333;8.7977493;100.0;Interpoliert
Routenpunkt (Way);Altneudorfer Straße;49.47302586666667;8.7978548;100.0;Interpoliert
Routenpunkt (Way);Altneudorfer Straße;49.4729367;8.7979603;100.0;Original OSM
Routenpunkt (Way);Altneudorfer Straße;49.4728548;8.798072900000001;100.0;Interpoliert
Routenpunkt (Way);Altneudorfer Straße;49.4727729;8.7981855;100.0;Original OSM
Routenpunkt (Way);Altneudorfer Straße;49.4726769;8.7983098;100.0;Interpoliert
Routenpunkt (Way);Altneudorfer Straße;49.4725809;8.7984341;100.0;Original OSM
Routenpunkt (Way);Altneudorfer Straße;49.472481375;8.79855415;100.0;Interpoliert
Routenpunkt (Way);Altneudorfer Straße;49.47238185;8.7986742;100.0;Interpoliert
Routenpunkt (Way);Altneudorfer Straße;49.472282325;8.79879425;100.0;Interpoliert
Routenpunkt (Way);Altneudorfer Straße;49.4721828;8.7989143;100.0;Original OSM
Routenpunkt (Way);Altneudorfer Straße;49.4721204;8.79899705;100.0;Interpoliert
Routenpunkt (Way);Altneudorfer Straße;49.472058;8.7990798;100.0;Original OSM
Routenpunkt (Way);Altneudorfer Straße;49.47200605;8.799149199999999;100.0;Interpoliert
Routenpunkt (Way);Altneudorfer Straße;49.4719541;8.7992186;100.0;Original OSM
Routenpunkt (Way);Altneudorfer Straße;49.4718925;8.7993206;100.0;Original OSM
Routenpunkt (Way);Altneudorfer Straße;49.4718117;8.7994611;100.0;Original OSM
Routenpunkt (Way);Altneudorfer Straße;49.4718117;8.7994611;;Original OSM
Routenpunkt (Way);Altneudorfer Straße;49.47176585;8.799551950000001;;Interpoliert
Routenpunkt (Way);Altneudorfer Straße;49.47172;8.7996428;;Original OSM
Routenpunkt (Way);Altneudorfer Straße;49.4716466;8.799780980000001;;Interpoliert
Routenpunkt (Way);Altneudorfer Straße;49.4715732;8.79991916;;Interpoliert
Routenpunkt (Way);Altneudorfer Straße;49.4714998;8.80005734;;Interpoliert
Routenpunkt (Way);Altneudorfer Straße;49.4714264;8.800195519999999;;Interpoliert
Routenpunkt (Way);Altneudorfer Straße;49.471353;8.8003337;;Original OSM
Routenpunkt (Way);Altneudorfer Straße;49.4712955;8.800442;;Original OSM
Routenpunkt (Way);Altneudorfer Straße;49.4712166;8.8005626;;Original OSM
Routenpunkt (Way);Altneudorfer Straße;49.4711309;8.800693599999999;;Interpoliert
Routenpunkt (Way);Altneudorfer Straße;49.4710452;8.8008246;;Original OSM
Routenpunkt (Way);Altneudorfer Straße;49.4709898;8.80090925;;Interpoliert
Routenpunkt (Way);Altneudorfer Straße;49.4709344;8.8009939;;Original OSM
Routenpunkt (Way);Altneudorfer Straße;49.4708593;8.80111735;;Interpoliert
Routenpunkt (Way);Altneudorfer Straße;49.4707842;8.8012408;;Original OSM
Routenpunkt (Way);Altneudorfer Straße;49.4707659;8.8012708;;Original OSM
Routenpunkt (Way);Altneudorfer Straße;49.470693;8.8013906;;Original OSM
Routenpunkt (Way);Altneudorfer Straße;49.4706149;8.8015196;;Original OSM
Routenpunkt (Way);Altneudorfer Straße;49.4706149;8.8015196;50.0;Original OSM
Routenpunkt (Way);Altneudorfer Straße;49.47053125;8.80165495;50.0;Interpoliert
Routenpunkt (Way);Altneudorfer Straße;49.4704476;8.8017903;50.0;Original OSM
Routenpunkt (Way);Altneudorfer Straße;49.4703675;8.801949225000001;50.0;Interpoliert
Routenpunkt (Way);Altneudorfer Straße;49.4702874;8.80210815;50.0;Interpoliert
Routenpunkt (Way);Altneudorfer Straße;49.4702073;8.802267075;50.0;Interpoliert
Routenpunkt (Way);Altneudorfer Straße;49.4701272;8.802426;50.0;Original OSM
Routenpunkt (Way);Altneudorfer Straße;49.4700534;8.8025305;50.0;Original OSM
Routenpunkt (Way);Altneudorfer Straße;49.4699548;8.8026607;50.0;Original OSM
Routenpunkt (Way);Altneudorfer Straße;49.469844;8.8027511;50.0;Original OSM
Routenpunkt (Way);Altneudorfer Straße;49.46974895;8.80278555;50.0;Interpoliert
Routenpunkt (Way);Altneudorfer Straße;49.4696539;8.80282;50.0;Original OSM
Routenpunkt (Way);Altneudorfer Straße;49.4696539;8.80282;50.0;Original OSM
Routenpunkt (Way);Altneudorfer Straße;49.4695576;8.80282925;50.0;Interpoliert
Routenpunkt (Way);Altneudorfer Straße;49.4694613;8.8028385;50.0;Original OSM
Routenpunkt (Way);Altneudorfer Straße;49.469359266666665;8.802841366666666;50.0;Interpoliert
Routenpunkt (Way);Altneudorfer Straße;49.46925723333334;8.802844233333333;50.0;Interpoliert
Routenpunkt (Way);Altneudorfer Straße;49.4691552;8.8028471;50.0;Original OSM
Routenpunkt (Way);Altneudorfer Straße;49.46907265;8.8028564;50.0;Interpoliert
Routenpunkt (Way);Altneudorfer Straße;49.4689901;8.8028657;50.0;Original OSM
Routenpunkt (Way);Altneudorfer Straße;49.46888006666666;8.802907233333332;50.0;Interpoliert
Routenpunkt (Way);Altneudorfer Straße;49.468770033333335;8.802948766666667;50.0;Interpoliert
Routenpunkt (Way);Altneudorfer Straße;49.46866;8.8029903;50.0;Original OSM
Routenpunkt (Way);Altneudorfer Straße;49.46866;8.8029903;50.0;Original OSM
Routenpunkt (Way);Altneudorfer Straße;49.46855745;8.803018949999998;50.0;Interpoliert
Routenpunkt (Way);Altneudorfer Straße;49.4684549;8.8030476;50.0;Interpoliert
Routenpunkt (Way);Altneudorfer Straße;49.46835235;8.80307625;50.0;Interpoliert
Routenpunkt (Way);Altneudorfer Straße;49.4682498;8.8031049;50.0;Original OSM
Routenpunkt (Way);Altneudorfer Straße;49.4681827;8.8031163;50.0;Interpoliert
Routenpunkt (Way);Altneudorfer Straße;49.4681156;8.8031277;50.0;Original OSM
Routenpunkt (Way);Altneudorfer Straße;49.467998;8.8031329;50.0;Original OSM
Routenpunkt (Way);Altneudorfer Straße;49.467895;8.8031264;50.0;Original OSM
Routenpunkt (Way);Altneudorfer Straße;49.4678217;8.8031114;50.0;Original OSM
Routenpunkt (Way);Altneudorfer Straße;49.4677399;8.8030738;50.0;Original OSM
Routenpunkt (Way);Altneudorfer Straße;49.4676271;8.8029904;50.0;Original OSM
Routenpunkt (Way);Altneudorfer Straße;49.4675589;8.8029117;50.0;Original OSM
Routenpunkt (Way);Altneudorfer Straße;49.4675205;8.8028674;50.0;Original OSM
Routenpunkt (Way);Altneudorfer Straße;49.46744805;8.80276965;50.0;Interpoliert
Routenpunkt (Way);Altneudorfer Straße;49.4673756;8.8026719;50.0;Original OSM
Routenpunkt (Way);Altneudorfer Straße;49.4672838;8.8025771;50.0;Original OSM
Routenpunkt (Way);Altneudorfer Straße;49.4671938;8.80252;50.0;Original OSM
Routenpunkt (Way);Altneudorfer Straße;49.4670989;8.8024844;50.0;Original OSM
Routenpunkt (Way);Altneudorfer Straße;49.4670194;8.802487;50.0;Interpoliert
Routenpunkt (Way);Altneudorfer Straße;49.4669399;8.8024896;50.0;Original OSM
Routenpunkt (Way);Altneudorfer Straße;49.466853;8.8025181;50.0;Original OSM
Routenpunkt (Way);Altneudorfer Straße;49.4667399;8.8025846;50.0;Original OSM
Routenpunkt (Way);Altneudorfer Straße;49.4667399;8.8025846;50.0;Original OSM
Routenpunkt (Way);Altneudorfer Straße;49.46662045;8.80266615;50.0;Interpoliert
Routenpunkt (Way);Adam-Remmele-Straße;49.466501;8.8027477;50.0;Original OSM
Routenpunkt (Way);Altneudorfer Straße;49.466501;8.8027477;50.0;Original OSM
Routenpunkt (Way);Adam-Remmele-Straße;49.4664411;8.8025768;50.0;Original OSM
Routenpunkt (Way);Adam-Remmele-Straße;49.4664411;8.8025768;50.0;Original OSM
Routenpunkt (Way);Adam-Remmele-Straße;49.466418;8.8024075;50.0;Original OSM
Routenpunkt (Way);Adam-Remmele-Straße;49.466418;8.8024075;50.0;Original OSM
Routenpunkt (Way);Adam-Remmele-Straße;49.4664504;8.8022512;50.0;Original OSM
Routenpunkt (Way);Adam-Remmele-Straße;49.46649075;8.802119300000001;50.0;Interpoliert
Routenpunkt (Way);Adam-Remmele-Straße;49.4665311;8.8019874;50.0;Original OSM
Routenpunkt (Way);Adam-Remmele-Straße;49.4666063;8.8018282;50.0;Original OSM
Routenpunkt (Way);Adam-Remmele-Straße;49.46665525;8.80175145;50.0;Interpoliert
Routenpunkt (Way);Adam-Remmele-Straße;49.4667042;8.8016747;50.0;Original OSM
Routenpunkt (Way);Adam-Remmele-Straße;49.4667042;8.8016747;50.0;Original OSM
Routenpunkt (Way);Adam-Remmele-Straße;49.4667936;8.8015783;50.0;Original OSM
Routenpunkt (Way);Adam-Remmele-Straße;49.4668823;8.8015029;50.0;Original OSM
Routenpunkt (Way);Adam-Remmele-Straße;49.4668823;8.8015029;50.0;Original OSM
Routenpunkt (Way);Adam-Remmele-Straße;49.466975700000006;8.80145065;50.0;Interpoliert
Haltestelle;Altneudorf Steinachbrücke;49.4670691;8.8013984;;Bus Stop
Routenpunkt (Way);Adam-Remmele-Straße;49.4670691;8.8013984;50.0;Original OSM
Routenpunkt (Way);Adam-Remmele-Straße;49.4671532;8.8013628;50.0;Original OSM
Routenpunkt (Way);Adam-Remmele-Straße;49.4672396;8.8013275;50.0;Original OSM
Routenpunkt (Way);Adam-Remmele-Straße;49.4672396;8.8013275;50.0;Original OSM
Routenpunkt (Way);Adam-Remmele-Straße;49.46735593333333;8.801283166666666;50.0;Interpoliert
Routenpunkt (Way);Adam-Remmele-Straße;49.46747226666667;8.801238833333333;50.0;Interpoliert
Routenpunkt (Way);Adam-Remmele-Straße;49.4675886;8.8011945;50.0;Original OSM
Routenpunkt (Way);Adam-Remmele-Straße;49.467653;8.801160549999999;50.0;Interpoliert
Routenpunkt (Way);Adam-Remmele-Straße;49.4677174;8.8011266;50.0;Original OSM
Routenpunkt (Way);Adam-Remmele-Straße;49.4678091;8.8010617;50.0;Original OSM
Routenpunkt (Way);Adam-Remmele-Straße;49.4678413;8.8010368;50.0;Original OSM
Routenpunkt (Way);Adam-Remmele-Straße;49.467911;8.800983;50.0;Original OSM
Routenpunkt (Way);Adam-Remmele-Straße;49.4680135;8.800875;50.0;Original OSM
Routenpunkt (Way);Adam-Remmele-Straße;49.4681187;8.8007513;50.0;Original OSM
Routenpunkt (Way);Adam-Remmele-Straße;49.4681931;8.8006366;50.0;Original OSM
Routenpunkt (Way);Adam-Remmele-Straße;49.468237;8.8005525;50.0;Interpoliert
Routenpunkt (Way);Adam-Remmele-Straße;49.4682809;8.8004684;50.0;Original OSM
Routenpunkt (Way);Adam-Remmele-Straße;49.4682809;8.8004684;50.0;Original OSM
Routenpunkt (Way);Adam-Remmele-Straße;49.4683271;8.8003492;50.0;Original OSM
Routenpunkt (Way);Adam-Remmele-Straße;49.4683271;8.8003492;50.0;Original OSM
Routenpunkt (Way);Adam-Remmele-Straße;49.4683473;8.8002804;50.0;Original OSM
Routenpunkt (Way);Adam-Remmele-Straße;49.4683473;8.8002804;50.0;Original OSM
Routenpunkt (Way);Adam-Remmele-Straße;49.46840423333333;8.8001068;50.0;Interpoliert
Routenpunkt (Way);Adam-Remmele-Straße;49.46846116666666;8.7999332;50.0;Interpoliert
Routenpunkt (Way);Adam-Remmele-Straße;49.4685181;8.7997596;50.0;Original OSM
Routenpunkt (Way);Adam-Remmele-Straße;49.46856393333333;8.799619866666667;50.0;Interpoliert
Routenpunkt (Way);Adam-Remmele-Straße;49.46860976666667;8.799480133333333;50.0;Interpoliert
Routenpunkt (Way);Adam-Remmele-Straße;49.4686556;8.7993404;50.0;Original OSM
Routenpunkt (Way);Adam-Remmele-Straße;49.46869955;8.799213250000001;50.0;Interpoliert
Routenpunkt (Way);Adam-Remmele-Straße;49.4687435;8.7990861;50.0;Original OSM
Routenpunkt (Way);Adam-Remmele-Straße;49.468782700000006;8.798960600000001;50.0;Interpoliert
Routenpunkt (Way);Adam-Remmele-Straße;49.4688219;8.7988351;50.0;Original OSM
Routenpunkt (Way);Adam-Remmele-Straße;49.46886495;8.7986905;50.0;Interpoliert
Routenpunkt (Way);Adam-Remmele-Straße;49.468908;8.7985459;50.0;Interpoliert
Routenpunkt (Way);Adam-Remmele-Straße;49.46895105;8.7984013;50.0;Interpoliert
Routenpunkt (Way);Adam-Remmele-Straße;49.4689941;8.7982567;50.0;Original OSM
Routenpunkt (Way);Adam-Remmele-Straße;49.46904893333333;8.798077366666666;50.0;Interpoliert
Routenpunkt (Way);Adam-Remmele-Straße;49.46910376666667;8.797898033333334;50.0;Interpoliert
Routenpunkt (Way);Adam-Remmele-Straße;49.4691586;8.7977187;50.0;Original OSM
Routenpunkt (Way);Adam-Remmele-Straße;49.469202925;8.79757575;50.0;Interpoliert
Routenpunkt (Way);Adam-Remmele-Straße;49.46924725;8.7974328;50.0;Interpoliert
Routenpunkt (Way);Adam-Remmele-Straße;49.469291575;8.79728985;50.0;Interpoliert
Routenpunkt (Way);Adam-Remmele-Straße;49.4693359;8.7971469;50.0;Original OSM
Routenpunkt (Way);Adam-Remmele-Straße;49.4693592;8.7970381;50.0;Original OSM
Routenpunkt (Way);Adam-Remmele-Straße;49.4693726;8.7969577;50.0;Original OSM
Routenpunkt (Way);Adam-Remmele-Straße;49.4693833;8.7968746;50.0;Original OSM
Haltestelle;Altneudorf Im Hauskorb;49.4694322;8.7968636;;Bus Stop
Routenpunkt (Way);Adam-Remmele-Straße;49.4693924;8.7967753;50.0;Original OSM
Routenpunkt (Way);Adam-Remmele-Straße;49.469396;8.7966605;50.0;Original OSM
Routenpunkt (Way);Adam-Remmele-Straße;49.469396;8.7966605;50.0;Original OSM
Routenpunkt (Way);Adam-Remmele-Straße;49.4693922;8.7965248;50.0;Original OSM
Routenpunkt (Way);Adam-Remmele-Straße;49.4693839;8.7964153;50.0;Original OSM
Routenpunkt (Way);Adam-Remmele-Straße;49.4693609;8.7962453;50.0;Original OSM
Routenpunkt (Way);Adam-Remmele-Straße;49.4693412;8.79614135;50.0;Interpoliert
Routenpunkt (Way);Adam-Remmele-Straße;49.4693215;8.7960374;50.0;Original OSM
Routenpunkt (Way);Adam-Remmele-Straße;49.46928853333333;8.795871199999999;50.0;Interpoliert
Routenpunkt (Way);Adam-Remmele-Straße;49.46925556666667;8.795705;50.0;Interpoliert
Routenpunkt (Way);Adam-Remmele-Straße;49.4692226;8.7955388;50.0;Original OSM
Routenpunkt (Way);Adam-Remmele-Straße;49.4691921;8.7954078;50.0;Original OSM
Routenpunkt (Way);Adam-Remmele-Straße;49.4691497;8.79522575;50.0;Interpoliert
Routenpunkt (Way);Adam-Remmele-Straße;49.4691073;8.7950437;50.0;Original OSM
Routenpunkt (Way);Adam-Remmele-Straße;49.4690794;8.7949295;50.0;Interpoliert
Routenpunkt (Way);Adam-Remmele-Straße;49.4690515;8.7948153;50.0;Original OSM
Routenpunkt (Way);Adam-Remmele-Straße;49.4690136;8.7946603;50.0;Interpoliert
Routenpunkt (Way);Adam-Remmele-Straße;49.4689757;8.7945053;50.0;Original OSM
Routenpunkt (Way);Adam-Remmele-Straße;49.4689605;8.7944361;50.0;Original OSM
Routenpunkt (Way);Adam-Remmele-Straße;49.4689298;8.794291;50.0;Original OSM
Routenpunkt (Way);Adam-Remmele-Straße;49.4688865;8.7941204;50.0;Original OSM
Routenpunkt (Way);Adam-Remmele-Straße;49.4688567;8.7939636;50.0;Original OSM
Routenpunkt (Way);Adam-Remmele-Straße;49.4688292;8.7937929;50.0;Original OSM
Routenpunkt (Way);Adam-Remmele-Straße;49.46880965;8.79367525;50.0;Interpoliert
Routenpunkt (Way);Adam-Remmele-Straße;49.4687901;8.7935576;50.0;Original OSM
Routenpunkt (Way);Adam-Remmele-Straße;49.4687698;8.7934182;50.0;Original OSM
Routenpunkt (Way);Adam-Remmele-Straße;49.46875876666667;8.793263666666666;50.0;Interpoliert
Routenpunkt (Way);Adam-Remmele-Straße;49.46874773333333;8.793109133333333;50.0;Interpoliert
Routenpunkt (Way);Adam-Remmele-Straße;49.4687367;8.7929546;50.0;Original OSM
Routenpunkt (Way);Adam-Remmele-Straße;49.46872362;8.79275388;50.0;Interpoliert
Routenpunkt (Way);Adam-Remmele-Straße;49.46871054;8.792553159999999;50.0;Interpoliert
Routenpunkt (Way);Adam-Remmele-Straße;49.46869746;8.79235244;50.0;Interpoliert
Routenpunkt (Way);Adam-Remmele-Straße;49.46868438;8.79215172;50.0;Interpoliert
Routenpunkt (Way);Adam-Remmele-Straße;49.4686713;8.791951;50.0;Original OSM
Routenpunkt (Way);Adam-Remmele-Straße;49.4686713;8.791951;50.0;Original OSM
Routenpunkt (Way);Adam-Remmele-Straße;49.46866735;8.79177125;50.0;Interpoliert
Routenpunkt (Way);Adam-Remmele-Straße;49.4686634;8.7915915;50.0;Original OSM
Routenpunkt (Way);Adam-Remmele-Straße;49.4686599;8.791412;50.0;Original OSM
Routenpunkt (Way);Adam-Remmele-Straße;49.4686599;8.791412;50.0;Original OSM
Routenpunkt (Way);Adam-Remmele-Straße;49.4686625;8.791255849999999;50.0;Interpoliert
Routenpunkt (Way);Adam-Remmele-Straße;49.4686651;8.7910997;50.0;Original OSM
Routenpunkt (Way);Adam-Remmele-Straße;49.468675700000006;8.790927375;50.0;Interpoliert
Routenpunkt (Way);Adam-Remmele-Straße;49.4686863;8.790755050000001;50.0;Interpoliert
Routenpunkt (Way);Adam-Remmele-Straße;49.4686969;8.790582725;50.0;Interpoliert
Routenpunkt (Way);Adam-Remmele-Straße;49.4687075;8.7904104;50.0;Original OSM
Routenpunkt (Way);Adam-Remmele-Straße;49.4687273;8.7902452;50.0;Original OSM
Routenpunkt (Way);Adam-Remmele-Straße;49.4687473;8.790049233333333;50.0;Interpoliert
Routenpunkt (Way);Adam-Remmele-Straße;49.4687673;8.789853266666666;50.0;Interpoliert
Routenpunkt (Way);Johann-Wilhelm-Straße;49.4687873;8.7896573;50.0;Original OSM
Routenpunkt (Way);Adam-Remmele-Straße;49.4687873;8.7896573;50.0;Original OSM
Routenpunkt (Way);Johann-Wilhelm-Straße;49.46880575;8.78951735;50.0;Interpoliert
Routenpunkt (Way);Johann-Wilhelm-Straße;49.4688242;8.7893774;50.0;Original OSM
Routenpunkt (Way);Johann-Wilhelm-Straße;49.4688242;8.7893774;50.0;Original OSM
Routenpunkt (Way);Johann-Wilhelm-Straße;49.46883865;8.7892604;50.0;Interpoliert
Routenpunkt (Way);Johann-Wilhelm-Straße;49.4688531;8.7891434;50.0;Original OSM
Routenpunkt (Way);Johann-Wilhelm-Straße;49.4688531;8.7891434;50.0;Original OSM
Haltestelle;Wilhelmsfeld Kettenschmiede;49.4688954;8.7891303;;Bus Stop
Routenpunkt (Way);Johann-Wilhelm-Straße;49.46887006666667;8.788991466666667;50.0;Interpoliert
Routenpunkt (Way);Johann-Wilhelm-Straße;49.46888703333333;8.788839533333332;50.0;Interpoliert
Routenpunkt (Way);Johann-Wilhelm-Straße;49.468904;8.7886876;50.0;Original OSM
Routenpunkt (Way);Johann-Wilhelm-Straße;49.4689217;8.7885293;50.0;Original OSM
Routenpunkt (Way);Johann-Wilhelm-Straße;49.4689281;8.7884235;50.0;Interpoliert
Routenpunkt (Way);Johann-Wilhelm-Straße;49.4689345;8.7883177;50.0;Original OSM
Routenpunkt (Way);Johann-Wilhelm-Straße;49.4689441;8.7881858;50.0;Original OSM
Routenpunkt (Way);Johann-Wilhelm-Straße;49.4689496;8.7880264;50.0;Interpoliert
Routenpunkt (Way);Johann-Wilhelm-Straße;49.4689551;8.787867;50.0;Original OSM
Routenpunkt (Way);Johann-Wilhelm-Straße;49.468950840000005;8.787699700000001;50.0;Interpoliert
Routenpunkt (Way);Johann-Wilhelm-Straße;49.46894658;8.7875324;50.0;Interpoliert
Routenpunkt (Way);Johann-Wilhelm-Straße;49.46894232;8.7873651;50.0;Interpoliert
Routenpunkt (Way);Johann-Wilhelm-Straße;49.46893806;8.7871978;50.0;Interpoliert
Routenpunkt (Way);Johann-Wilhelm-Straße;49.4689338;8.7870305;50.0;Original OSM
Routenpunkt (Way);Johann-Wilhelm-Straße;49.4689361;8.78687755;50.0;Interpoliert
Routenpunkt (Way);Johann-Wilhelm-Straße;49.4689384;8.7867246;50.0;Original OSM
Routenpunkt (Way);Johann-Wilhelm-Straße;49.4689425;8.7865732;50.0;Original OSM
Routenpunkt (Way);Johann-Wilhelm-Straße;49.4689614;8.7863882;50.0;Original OSM
Routenpunkt (Way);Johann-Wilhelm-Straße;49.4689855;8.786235633333332;50.0;Interpoliert
Routenpunkt (Way);Johann-Wilhelm-Straße;49.4690096;8.786083066666666;50.0;Interpoliert
Routenpunkt (Way);Johann-Wilhelm-Straße;49.4690337;8.7859305;50.0;Original OSM
Routenpunkt (Way);Johann-Wilhelm-Straße;49.46906826666667;8.7857407;50.0;Interpoliert
Routenpunkt (Way);Johann-Wilhelm-Straße;49.46910283333333;8.785550899999999;50.0;Interpoliert
Routenpunkt (Way);Johann-Wilhelm-Straße;49.4691374;8.7853611;50.0;Interpoliert
Routenpunkt (Way);Johann-Wilhelm-Straße;49.46917196666666;8.7851713;50.0;Interpoliert
Routenpunkt (Way);Johann-Wilhelm-Straße;49.469206533333335;8.784981499999999;50.0;Interpoliert
Routenpunkt (Way);Johann-Wilhelm-Straße;49.4692411;8.7847917;50.0;Original OSM
Routenpunkt (Way);Johann-Wilhelm-Straße;49.4692772;8.784593566666667;50.0;Interpoliert
Routenpunkt (Way);Johann-Wilhelm-Straße;49.4693133;8.784395433333334;50.0;Interpoliert
Routenpunkt (Way);Johann-Wilhelm-Straße;49.4693494;8.7841973;50.0;Original OSM
Routenpunkt (Way);Johann-Wilhelm-Straße;49.4693494;8.7841973;50.0;Original OSM
Routenpunkt (Way);Johann-Wilhelm-Straße;49.46937716666667;8.784022933333334;50.0;Interpoliert
Routenpunkt (Way);Johann-Wilhelm-Straße;49.46940493333333;8.783848566666666;50.0;Interpoliert
Routenpunkt (Way);Johann-Wilhelm-Straße;49.4694327;8.7836742;50.0;Original OSM
Routenpunkt (Way);Johann-Wilhelm-Straße;49.46944215;8.78349045;50.0;Interpoliert
Routenpunkt (Way);Johann-Wilhelm-Straße;49.4694516;8.7833067;50.0;Original OSM
Routenpunkt (Way);Johann-Wilhelm-Straße;49.4694516;8.7833067;50.0;Original OSM
Routenpunkt (Way);Johann-Wilhelm-Straße;49.4694402;8.78312958;50.0;Interpoliert
Routenpunkt (Way);Johann-Wilhelm-Straße;49.4694288;8.78295246;50.0;Interpoliert
Routenpunkt (Way);Johann-Wilhelm-Straße;49.4694174;8.78277534;50.0;Interpoliert
Routenpunkt (Way);Johann-Wilhelm-Straße;49.469406;8.78259822;50.0;Interpoliert
Routenpunkt (Way);Johann-Wilhelm-Straße;49.4693946;8.7824211;50.0;Original OSM
Routenpunkt (Way);Johann-Wilhelm-Straße;49.4693832;8.7822434;50.0;Interpoliert
Routenpunkt (Way);Johann-Wilhelm-Straße;49.4693718;8.7820657;50.0;Interpoliert
Routenpunkt (Way);Johann-Wilhelm-Straße;49.4693604;8.781888;50.0;Original OSM
Routenpunkt (Way);Johann-Wilhelm-Straße;49.4693604;8.781888;50.0;Original OSM
Routenpunkt (Way);Johann-Wilhelm-Straße;49.4693551;8.7818137;70.0;Original OSM
Routenpunkt (Way);Johann-Wilhelm-Straße;49.4693551;8.7818137;50.0;Original OSM
Routenpunkt (Way);Johann-Wilhelm-Straße;49.469344500000005;8.7816643;70.0;Interpoliert
Routenpunkt (Way);Johann-Wilhelm-Straße;49.4693339;8.7815149;70.0;Original OSM
Routenpunkt (Way);Johann-Wilhelm-Straße;49.4693169;8.78136455;70.0;Interpoliert
Routenpunkt (Way);Johann-Wilhelm-Straße;49.4692999;8.7812142;70.0;Original OSM
Routenpunkt (Way);Johann-Wilhelm-Straße;49.469273650000005;8.7810585;70.0;Interpoliert
Routenpunkt (Way);Johann-Wilhelm-Straße;49.4692474;8.7809028;70.0;Original OSM
Routenpunkt (Way);Johann-Wilhelm-Straße;49.46920765;8.780741899999999;70.0;Interpoliert
Routenpunkt (Way);Johann-Wilhelm-Straße;49.4691679;8.780581;70.0;Original OSM
Routenpunkt (Way);Johann-Wilhelm-Straße;49.4691222;8.780441374999999;70.0;Interpoliert
Routenpunkt (Way);Johann-Wilhelm-Straße;49.4690765;8.78030175;70.0;Interpoliert
Routenpunkt (Way);Johann-Wilhelm-Straße;49.4690308;8.780162125;70.0;Interpoliert
Routenpunkt (Way);Johann-Wilhelm-Straße;49.4689851;8.7800225;70.0;Original OSM
Routenpunkt (Way);Johann-Wilhelm-Straße;49.46893295;8.779874849999999;70.0;Interpoliert
Routenpunkt (Way);Johann-Wilhelm-Straße;49.4688808;8.7797272;70.0;Original OSM
Routenpunkt (Way);Johann-Wilhelm-Straße;49.468819014285714;8.779554185714286;70.0;Interpoliert
Routenpunkt (Way);Johann-Wilhelm-Straße;49.46875722857143;8.779381171428572;70.0;Interpoliert
Routenpunkt (Way);Johann-Wilhelm-Straße;49.46869544285714;8.779208157142858;70.0;Interpoliert
Routenpunkt (Way);Johann-Wilhelm-Straße;49.46863365714286;8.779035142857142;70.0;Interpoliert
Routenpunkt (Way);Johann-Wilhelm-Straße;49.46857187142857;8.778862128571427;70.0;Interpoliert
Routenpunkt (Way);Johann-Wilhelm-Straße;49.468510085714286;8.778689114285713;70.0;Interpoliert
Routenpunkt (Way);Johann-Wilhelm-Straße;49.4684483;8.7785161;70.0;Original OSM
Routenpunkt (Way);Johann-Wilhelm-Straße;49.46838862727272;8.77834;70.0;Interpoliert
Routenpunkt (Way);Johann-Wilhelm-Straße;49.468328954545456;8.7781639;70.0;Interpoliert
Routenpunkt (Way);Johann-Wilhelm-Straße;49.46826928181818;8.7779878;70.0;Interpoliert
Routenpunkt (Way);Johann-Wilhelm-Straße;49.468209609090906;8.777811699999999;70.0;Interpoliert
Routenpunkt (Way);Johann-Wilhelm-Straße;49.46814993636364;8.7776356;70.0;Interpoliert
Routenpunkt (Way);Johann-Wilhelm-Straße;49.46809026363636;8.777459499999999;70.0;Interpoliert
Routenpunkt (Way);Johann-Wilhelm-Straße;49.468030590909095;8.7772834;70.0;Interpoliert
Routenpunkt (Way);Johann-Wilhelm-Straße;49.46797091818182;8.777107299999999;70.0;Interpoliert
Routenpunkt (Way);Johann-Wilhelm-Straße;49.46791124545455;8.7769312;70.0;Interpoliert
Routenpunkt (Way);Johann-Wilhelm-Straße;49.46785157272728;8.776755099999999;70.0;Interpoliert
Routenpunkt (Way);Johann-Wilhelm-Straße;49.4677919;8.776579;70.0;Original OSM
Routenpunkt (Way);Johann-Wilhelm-Straße;49.4677392;8.7764086;70.0;Original OSM
Routenpunkt (Way);Johann-Wilhelm-Straße;49.4676847;8.776228216666667;70.0;Interpoliert
Routenpunkt (Way);Johann-Wilhelm-Straße;49.4676302;8.776047833333333;70.0;Interpoliert
Routenpunkt (Way);Johann-Wilhelm-Straße;49.4675757;8.77586745;70.0;Interpoliert
Routenpunkt (Way);Johann-Wilhelm-Straße;49.4675212;8.775687066666666;70.0;Interpoliert
Routenpunkt (Way);Johann-Wilhelm-Straße;49.4674667;8.775506683333333;70.0;Interpoliert
Routenpunkt (Way);Johann-Wilhelm-Straße;49.4674122;8.7753263;70.0;Original OSM
Routenpunkt (Way);Johann-Wilhelm-Straße;49.46738365;8.77523085;70.0;Interpoliert
Routenpunkt (Way);Johann-Wilhelm-Straße;49.4673551;8.7751354;70.0;Original OSM
Routenpunkt (Way);Johann-Wilhelm-Straße;49.4673551;8.7751354;50.0;Original OSM
Routenpunkt (Way);Johann-Wilhelm-Straße;49.4673194;8.7750152;50.0;Original OSM
Routenpunkt (Way);Johann-Wilhelm-Straße;49.4672703;8.7748591;50.0;Original OSM
Routenpunkt (Way);Johann-Wilhelm-Straße;49.4672703;8.7748591;50.0;Original OSM
Routenpunkt (Way);Johann-Wilhelm-Straße;49.467212933333336;8.774698133333334;50.0;Interpoliert
Routenpunkt (Way);Johann-Wilhelm-Straße;49.46715556666667;8.774537166666667;50.0;Interpoliert
Routenpunkt (Way);Johann-Wilhelm-Straße;49.4670982;8.7743762;50.0;Original OSM
Routenpunkt (Way);Johann-Wilhelm-Straße;49.4670553;8.7742405;50.0;Original OSM
Routenpunkt (Way);Johann-Wilhelm-Straße;49.4670553;8.7742405;50.0;Original OSM
Routenpunkt (Way);Johann-Wilhelm-Straße;49.46700776;8.774070479999999;50.0;Interpoliert
Routenpunkt (Way);Johann-Wilhelm-Straße;49.46696022;8.77390046;50.0;Interpoliert
Routenpunkt (Way);Johann-Wilhelm-Straße;49.46691268;8.77373044;50.0;Interpoliert
Routenpunkt (Way);Johann-Wilhelm-Straße;49.46686514;8.77356042;50.0;Interpoliert
Routenpunkt (Way);Johann-Wilhelm-Straße;49.4668176;8.7733904;50.0;Original OSM
Routenpunkt (Way);Johann-Wilhelm-Straße;49.46679365;8.7732824;50.0;Interpoliert
Routenpunkt (Way);Johann-Wilhelm-Straße;49.4667697;8.7731744;50.0;Original OSM
Routenpunkt (Way);Johann-Wilhelm-Straße;49.4667418;8.77304435;50.0;Interpoliert
Routenpunkt (Way);Johann-Wilhelm-Straße;49.4667139;8.7729143;50.0;Original OSM
Routenpunkt (Way);Johann-Wilhelm-Straße;49.466685350000006;8.772800799999999;50.0;Interpoliert
Routenpunkt (Way);Johann-Wilhelm-Straße;49.4666568;8.7726873;50.0;Original OSM
Routenpunkt (Way);Johann-Wilhelm-Straße;49.4666122;8.772526;50.0;Original OSM
Haltestelle;Wilhelmsfeld Unterdorf;49.4666316;8.7723773;;Bus Stop
Routenpunkt (Way);Johann-Wilhelm-Straße;49.46656475;8.772374549999999;50.0;Interpoliert
Routenpunkt (Way);Johann-Wilhelm-Straße;49.4665173;8.7722231;50.0;Original OSM
Routenpunkt (Way);Johann-Wilhelm-Straße;49.4665173;8.7722231;50.0;Original OSM
Routenpunkt (Way);Johann-Wilhelm-Straße;49.4664801;8.7720998;50.0;Original OSM
Routenpunkt (Way);Johann-Wilhelm-Straße;49.4664593;8.7720106;50.0;Original OSM
Routenpunkt (Way);Johann-Wilhelm-Straße;49.4664378;8.7718753;50.0;Original OSM
Routenpunkt (Way);Johann-Wilhelm-Straße;49.4664228;8.7716923;50.0;Original OSM
Routenpunkt (Way);Johann-Wilhelm-Straße;49.46641185;8.7715207;50.0;Interpoliert
Routenpunkt (Way);Johann-Wilhelm-Straße;49.4664009;8.7713491;50.0;Original OSM
Routenpunkt (Way);Johann-Wilhelm-Straße;49.4664009;8.7713491;50.0;Original OSM
Routenpunkt (Way);Johann-Wilhelm-Straße;49.4663838;8.7711702;50.0;Original OSM
Routenpunkt (Way);Johann-Wilhelm-Straße;49.466356;8.7710228;50.0;Original OSM
Routenpunkt (Way);Johann-Wilhelm-Straße;49.4663207;8.7708878;50.0;Original OSM
Routenpunkt (Way);Johann-Wilhelm-Straße;49.4662751;8.7707467;50.0;Original OSM
Routenpunkt (Way);Johann-Wilhelm-Straße;49.4662751;8.7707467;50.0;Original OSM
Routenpunkt (Way);Johann-Wilhelm-Straße;49.4662365;8.77062765;50.0;Interpoliert
Routenpunkt (Way);Johann-Wilhelm-Straße;49.4661979;8.7705086;50.0;Original OSM
Routenpunkt (Way);Johann-Wilhelm-Straße;49.4661639;8.7703819;50.0;Original OSM
Routenpunkt (Way);Johann-Wilhelm-Straße;49.4661422;8.7702328;50.0;Original OSM
Routenpunkt (Way);Johann-Wilhelm-Straße;49.4661275;8.7701005;50.0;Original OSM
Routenpunkt (Way);Johann-Wilhelm-Straße;49.4661167;8.769953;50.0;Original OSM
Routenpunkt (Way);Johann-Wilhelm-Straße;49.4661122;8.7697544;50.0;Original OSM
Routenpunkt (Way);Johann-Wilhelm-Straße;49.4661122;8.7697544;50.0;Original OSM
Routenpunkt (Way);Johann-Wilhelm-Straße;49.4661212;8.7695666;50.0;Original OSM
Routenpunkt (Way);Johann-Wilhelm-Straße;49.4661394;8.7694457;50.0;Original OSM
Routenpunkt (Way);Johann-Wilhelm-Straße;49.4661632;8.7693152;50.0;Original OSM
Routenpunkt (Way);Johann-Wilhelm-Straße;49.46618635;8.7691987;50.0;Interpoliert
Routenpunkt (Way);Johann-Wilhelm-Straße;49.4662095;8.7690822;50.0;Original OSM
Routenpunkt (Way);Johann-Wilhelm-Straße;49.4662509;8.7688915;50.0;Original OSM
Routenpunkt (Way);Johann-Wilhelm-Straße;49.466259;8.7687288;50.0;Original OSM
Routenpunkt (Way);Johann-Wilhelm-Straße;49.4662585;8.7685581;50.0;Original OSM
Routenpunkt (Way);Johann-Wilhelm-Straße;49.4662585;8.7685581;50.0;Original OSM
Routenpunkt (Way);Johann-Wilhelm-Straße;49.4662405;8.7683645;50.0;Original OSM
Routenpunkt (Way);Johann-Wilhelm-Straße;49.46623365;8.76818175;50.0;Interpoliert
Routenpunkt (Way);Johann-Wilhelm-Straße;49.4662268;8.767999;50.0;Original OSM
Routenpunkt (Way);Johann-Wilhelm-Straße;49.4662271;8.7678213;50.0;Original OSM
Routenpunkt (Way);Johann-Wilhelm-Straße;49.4662453;8.7676324;50.0;Original OSM
Routenpunkt (Way);Johann-Wilhelm-Straße;49.4662686;8.767481766666666;50.0;Interpoliert
Routenpunkt (Way);Johann-Wilhelm-Straße;49.4662919;8.767331133333334;50.0;Interpoliert
Routenpunkt (Way);Johann-Wilhelm-Straße;49.4663152;8.7671805;50.0;Original OSM
Routenpunkt (Way);Johann-Wilhelm-Straße;49.46634713333333;8.767003533333334;50.0;Interpoliert
Routenpunkt (Way);Johann-Wilhelm-Straße;49.46637906666667;8.766826566666666;50.0;Interpoliert
Routenpunkt (Way);Johann-Wilhelm-Straße;49.466411;8.7666496;50.0;Original OSM
Routenpunkt (Way);Johann-Wilhelm-Straße;49.466411;8.7666496;50.0;Original OSM
Routenpunkt (Way);Johann-Wilhelm-Straße;49.466428;8.766549;50.0;Original OSM
Routenpunkt (Way);Johann-Wilhelm-Straße;49.46644065;8.7664283;50.0;Interpoliert
Routenpunkt (Way);Johann-Wilhelm-Straße;49.4664533;8.7663076;50.0;Original OSM
Routenpunkt (Way);Johann-Wilhelm-Straße;49.46645905;8.7661787;50.0;Interpoliert
Routenpunkt (Way);Johann-Wilhelm-Straße;49.4664648;8.7660498;50.0;Original OSM
Routenpunkt (Way);Johann-Wilhelm-Straße;49.466464;8.7659452;50.0;Interpoliert
Routenpunkt (Way);Johann-Wilhelm-Straße;49.4664632;8.7658406;50.0;Original OSM
Routenpunkt (Way);Johann-Wilhelm-Straße;49.4664474;8.7656553;50.0;Original OSM
Routenpunkt (Way);Johann-Wilhelm-Straße;49.4664323;8.7655391;50.0;Original OSM
Routenpunkt (Way);Johann-Wilhelm-Straße;49.4664091;8.7654292;50.0;Original OSM
Routenpunkt (Way);Johann-Wilhelm-Straße;49.4663841;8.7653379;50.0;Original OSM
Routenpunkt (Way);Johann-Wilhelm-Straße;49.46635205;8.76524405;50.0;Interpoliert
Routenpunkt (Way);Johann-Wilhelm-Straße;49.46632;8.7651502;50.0;Original OSM
Routenpunkt (Way);Johann-Wilhelm-Straße;49.4662564;8.765032;50.0;Original OSM
Routenpunkt (Way);Johann-Wilhelm-Straße;49.4661642;8.76489;50.0;Original OSM
Routenpunkt (Way);Johann-Wilhelm-Straße;49.4660745;8.7647831;50.0;Original OSM
Routenpunkt (Way);Johann-Wilhelm-Straße;49.4659825;8.7647111;50.0;Original OSM
Routenpunkt (Way);Johann-Wilhelm-Straße;49.4659825;8.7647111;50.0;Original OSM
Routenpunkt (Way);Johann-Wilhelm-Straße;49.4658714;8.7646328;50.0;Interpoliert
Routenpunkt (Way);Johann-Wilhelm-Straße;49.4657603;8.7645545;50.0;Original OSM
Routenpunkt (Way);Johann-Wilhelm-Straße;49.46569115;8.7644866;50.0;Interpoliert
Routenpunkt (Way);Johann-Wilhelm-Straße;49.465622;8.7644187;50.0;Original OSM
Routenpunkt (Way);Johann-Wilhelm-Straße;49.4655724;8.76437;50.0;Original OSM
Routenpunkt (Way);Johann-Wilhelm-Straße;49.46550043333333;8.764274566666666;50.0;Interpoliert
Routenpunkt (Way);Johann-Wilhelm-Straße;49.465428466666665;8.764179133333334;50.0;Interpoliert
Routenpunkt (Way);Johann-Wilhelm-Straße;49.4653565;8.7640837;50.0;Original OSM
Routenpunkt (Way);Johann-Wilhelm-Straße;49.46529595;8.764034200000001;50.0;Interpoliert
Routenpunkt (Way);Johann-Wilhelm-Straße;49.4652354;8.7639847;50.0;Original OSM
Routenpunkt (Way);Johann-Wilhelm-Straße;49.4651609;8.7639459;50.0;Interpoliert
Routenpunkt (Way);Johann-Wilhelm-Straße;49.4650864;8.7639071;50.0;Original OSM
Routenpunkt (Way);Johann-Wilhelm-Straße;49.4649719;8.7638614;50.0;Interpoliert
Routenpunkt (Way);Johann-Wilhelm-Straße;49.4648574;8.7638157;50.0;Interpoliert
Routenpunkt (Way);Johann-Wilhelm-Straße;49.4647429;8.76377;50.0;Original OSM
Routenpunkt (Way);Johann-Wilhelm-Straße;49.4646241;8.7636836;50.0;Original OSM
Routenpunkt (Way);Johann-Wilhelm-Straße;49.464512633333335;8.763613233333334;50.0;Interpoliert
Routenpunkt (Way);Johann-Wilhelm-Straße;49.46440116666667;8.763542866666667;50.0;Interpoliert
Routenpunkt (Way);Johann-Wilhelm-Straße;49.4642897;8.7634725;50.0;Original OSM
Routenpunkt (Way);Johann-Wilhelm-Straße;49.4641698;8.7634218;50.0;Original OSM
Routenpunkt (Way);Johann-Wilhelm-Straße;49.4640775;8.7633868;50.0;Original OSM
Routenpunkt (Way);Johann-Wilhelm-Straße;49.4639724;8.763364;50.0;Original OSM
Routenpunkt (Way);Johann-Wilhelm-Straße;49.463866;8.7633458;50.0;Interpoliert
Routenpunkt (Way);Johann-Wilhelm-Straße;49.4637596;8.7633276;50.0;Original OSM
Routenpunkt (Way);Johann-Wilhelm-Straße;49.4637596;8.7633276;50.0;Original OSM
Routenpunkt (Way);Johann-Wilhelm-Straße;49.4636302;8.763305200000001;50.0;Interpoliert
Routenpunkt (Way);Johann-Wilhelm-Straße;49.4635008;8.7632828;50.0;Original OSM
Routenpunkt (Way);Unbekannt;49.4635008;8.7632828;;Original OSM
Routenpunkt (Way);Unbekannt;49.4634339;8.763238600000001;;Interpoliert
Routenpunkt (Way);Unbekannt;49.463367;8.7631944;;Original OSM
Routenpunkt (Way);Unbekannt;49.46329305;8.7631724;;Interpoliert
Haltestelle;Wilhelmsfeld Autohalle;49.4632191;8.7631504;;Bus Stop
Routenpunkt (Way);Unbekannt;49.4632191;8.7631504;;Original OSM
Routenpunkt (Way);Unbekannt;49.46311036666667;8.763164033333334;;Interpoliert
Routenpunkt (Way);Unbekannt;49.46300163333333;8.763177666666667;;Interpoliert
Routenpunkt (Way);Johann-Wilhelm-Straße;49.4628929;8.7631913;50.0;Original OSM
Routenpunkt (Way);Unbekannt;49.4628929;8.7631913;;Original OSM
Routenpunkt (Way);Johann-Wilhelm-Straße;49.4628288;8.7631822;50.0;Original OSM
Routenpunkt (Way);Johann-Wilhelm-Straße;49.4627134;8.7631662;50.0;Original OSM
Routenpunkt (Way);Johann-Wilhelm-Straße;49.4627134;8.7631662;50.0;Original OSM
Routenpunkt (Way);Johann-Wilhelm-Straße;49.4626146;8.7631347;50.0;Original OSM
Routenpunkt (Way);Johann-Wilhelm-Straße;49.4625543;8.7630924;50.0;Original OSM
Routenpunkt (Way);Johann-Wilhelm-Straße;49.462501;8.7630496;50.0;Original OSM
Routenpunkt (Way);Johann-Wilhelm-Straße;49.4624786;8.7630172;50.0;Original OSM
Routenpunkt (Way);Johann-Wilhelm-Straße;49.4624533;8.7629597;50.0;Original OSM
Routenpunkt (Way);Johann-Wilhelm-Straße;49.4624363;8.7628847;50.0;Original OSM
Routenpunkt (Way);Johann-Wilhelm-Straße;49.4624312;8.762832;50.0;Original OSM
Routenpunkt (Way);Johann-Wilhelm-Straße;49.4624402;8.7627639;50.0;Original OSM
Routenpunkt (Way);Johann-Wilhelm-Straße;49.462453;8.7627125;50.0;Original OSM
Routenpunkt (Way);Johann-Wilhelm-Straße;49.4624706;8.7626666;50.0;Original OSM
Routenpunkt (Way);Johann-Wilhelm-Straße;49.4625102;8.7626159;50.0;Original OSM
Routenpunkt (Way);Johann-Wilhelm-Straße;49.462551;8.7625757;50.0;Original OSM
Routenpunkt (Way);Johann-Wilhelm-Straße;49.4626026;8.762538;50.0;Original OSM
Routenpunkt (Way);Johann-Wilhelm-Straße;49.46269235;8.7625144;50.0;Interpoliert
Routenpunkt (Way);Johann-Wilhelm-Straße;49.4627821;8.7624908;50.0;Original OSM
Routenpunkt (Way);Johann-Wilhelm-Straße;49.4627821;8.7624908;50.0;Original OSM
Routenpunkt (Way);Johann-Wilhelm-Straße;49.46288985;8.76245645;50.0;Interpoliert
Routenpunkt (Way);Johann-Wilhelm-Straße;49.4629976;8.7624221;50.0;Original OSM
Routenpunkt (Way);Johann-Wilhelm-Straße;49.46307445;8.762387499999999;50.0;Interpoliert
Routenpunkt (Way);Johann-Wilhelm-Straße;49.4631513;8.7623529;50.0;Original OSM
Routenpunkt (Way);Johann-Wilhelm-Straße;49.4631513;8.7623529;50.0;Original OSM
Routenpunkt (Way);Johann-Wilhelm-Straße;49.4632385;8.7623186;50.0;Interpoliert
Routenpunkt (Way);Johann-Wilhelm-Straße;49.4633257;8.7622843;50.0;Original OSM
Routenpunkt (Way);Johann-Wilhelm-Straße;49.4634127;8.762239099999999;50.0;Interpoliert
Routenpunkt (Way);Johann-Wilhelm-Straße;49.4634997;8.7621939;50.0;Original OSM
Routenpunkt (Way);Johann-Wilhelm-Straße;49.4635994;8.762130566666666;50.0;Interpoliert
Routenpunkt (Way);Johann-Wilhelm-Straße;49.4636991;8.762067233333333;50.0;Interpoliert
Routenpunkt (Way);Johann-Wilhelm-Straße;49.4637988;8.7620039;30.0;Original OSM
Routenpunkt (Way);Johann-Wilhelm-Straße;49.4637988;8.7620039;50.0;Original OSM
Routenpunkt (Way);Johann-Wilhelm-Straße;49.4638626;8.7619451;30.0;Interpoliert
Routenpunkt (Way);Johann-Wilhelm-Straße;49.4639264;8.7618863;30.0;Original OSM
Routenpunkt (Way);Johann-Wilhelm-Straße;49.464035875;8.761785325;30.0;Interpoliert
Routenpunkt (Way);Johann-Wilhelm-Straße;49.46414535;8.76168435;30.0;Interpoliert
Routenpunkt (Way);Johann-Wilhelm-Straße;49.464254825;8.761583375;30.0;Interpoliert
Routenpunkt (Way);Johann-Wilhelm-Straße;49.4643643;8.7614824;30.0;Original OSM
Routenpunkt (Way);Johann-Wilhelm-Straße;49.4644578;8.7614169;30.0;Interpoliert
Routenpunkt (Way);Johann-Wilhelm-Straße;49.4645513;8.7613514;30.0;Original OSM
Routenpunkt (Way);Johann-Wilhelm-Straße;49.4646491;8.761302;30.0;Interpoliert
Routenpunkt (Way);Johann-Wilhelm-Straße;49.4647469;8.7612526;30.0;Original OSM
Routenpunkt (Way);Johann-Wilhelm-Straße;49.46485215;8.76121425;30.0;Interpoliert
Routenpunkt (Way);Johann-Wilhelm-Straße;49.4649574;8.7611759;30.0;Original OSM
Routenpunkt (Way);Johann-Wilhelm-Straße;49.4649574;8.7611759;30.0;Original OSM
Routenpunkt (Way);Johann-Wilhelm-Straße;49.4650148;8.7611497;30.0;Original OSM
Routenpunkt (Way);Johann-Wilhelm-Straße;49.4651109;8.761105800000001;30.0;Interpoliert
Routenpunkt (Way);Johann-Wilhelm-Straße;49.465207;8.7610619;30.0;Interpoliert
Routenpunkt (Way);Johann-Wilhelm-Straße;49.4653031;8.761018;30.0;Original OSM
Routenpunkt (Way);Johann-Wilhelm-Straße;49.465407;8.76094285;30.0;Interpoliert
Routenpunkt (Way);Johann-Wilhelm-Straße;49.4655109;8.7608677;30.0;Original OSM
Routenpunkt (Way);Johann-Wilhelm-Straße;49.4655109;8.7608677;30.0;Original OSM
Haltestelle;Wilhelmsfeld Rathaus;49.4656253;8.7607737;;Bus Stop
Routenpunkt (Way);Johann-Wilhelm-Straße;49.4656253;8.7607737;30.0;Original OSM
Routenpunkt (Way);Johann-Wilhelm-Straße;49.46570413333333;8.760703733333333;30.0;Interpoliert
Routenpunkt (Way);Johann-Wilhelm-Straße;49.465782966666666;8.760633766666666;30.0;Interpoliert
Routenpunkt (Way);Johann-Wilhelm-Straße;49.4658618;8.7605638;30.0;Original OSM
Routenpunkt (Way);Johann-Wilhelm-Straße;49.4659689;8.76047104;30.0;Interpoliert
Routenpunkt (Way);Johann-Wilhelm-Straße;49.466076;8.76037828;30.0;Interpoliert
Routenpunkt (Way);Johann-Wilhelm-Straße;49.4661831;8.76028552;30.0;Interpoliert
Routenpunkt (Way);Johann-Wilhelm-Straße;49.4662902;8.760192759999999;30.0;Interpoliert
Routenpunkt (Way);Johann-Wilhelm-Straße;49.4663973;8.7601;30.0;Original OSM
Routenpunkt (Way);Johann-Wilhelm-Straße;49.46649026666667;8.7599805;30.0;Interpoliert
Routenpunkt (Way);Johann-Wilhelm-Straße;49.46658323333333;8.759861;30.0;Interpoliert
Routenpunkt (Way);Johann-Wilhelm-Straße;49.4666762;8.7597415;30.0;Original OSM
Routenpunkt (Way);Johann-Wilhelm-Straße;49.4666762;8.7597415;30.0;Original OSM
Routenpunkt (Way);Johann-Wilhelm-Straße;49.466766;8.7596415;30.0;Original OSM
Routenpunkt (Way);Johann-Wilhelm-Straße;49.46686115;8.7595355;30.0;Interpoliert
Routenpunkt (Way);Johann-Wilhelm-Straße;49.4669563;8.7594295;30.0;Original OSM
Routenpunkt (Way);Johann-Wilhelm-Straße;49.467050666666665;8.759368833333333;30.0;Interpoliert
Routenpunkt (Way);Johann-Wilhelm-Straße;49.46714503333333;8.759308166666667;30.0;Interpoliert
Routenpunkt (Way);Johann-Wilhelm-Straße;49.4672394;8.7592475;30.0;Original OSM
Routenpunkt (Way);Johann-Wilhelm-Straße;49.46732046666666;8.7591844;30.0;Interpoliert
Routenpunkt (Way);Johann-Wilhelm-Straße;49.46740153333333;8.7591213;30.0;Interpoliert
Routenpunkt (Way);Johann-Wilhelm-Straße;49.4674826;8.7590582;30.0;Original OSM
Routenpunkt (Way);Johann-Wilhelm-Straße;49.467590125;8.7589532;30.0;Interpoliert
Routenpunkt (Way);Johann-Wilhelm-Straße;49.46769765;8.7588482;30.0;Interpoliert
Routenpunkt (Way);Johann-Wilhelm-Straße;49.467805175;8.7587432;30.0;Interpoliert
Routenpunkt (Way);Johann-Wilhelm-Straße;49.4679127;8.7586382;30.0;Original OSM
Routenpunkt (Way);Johann-Wilhelm-Straße;49.4680103;8.7585147;30.0;Original OSM
Routenpunkt (Way);Johann-Wilhelm-Straße;49.4680781;8.7584021;30.0;Interpoliert
Haltestelle;Wilhelmsfeld Wilhelmshöhe;49.4681459;8.7582895;;Bus Stop
Routenpunkt (Way);Johann-Wilhelm-Straße;49.4681459;8.7582895;30.0;Original OSM
Haltestelle;Wilhelmsfeld Wilhelmshöhe;49.4681982;8.758313;;Bus Stop
Routenpunkt (Way);Johann-Wilhelm-Straße;49.4682296;8.758135275;30.0;Interpoliert
Routenpunkt (Way);Johann-Wilhelm-Straße;49.468313300000005;8.75798105;30.0;Interpoliert
Routenpunkt (Way);Johann-Wilhelm-Straße;49.468397;8.757826824999999;30.0;Interpoliert
Routenpunkt (Way);Johann-Wilhelm-Straße;49.4684807;8.7576726;30.0;Original OSM
Routenpunkt (Way);Johann-Wilhelm-Straße;49.4685037;8.7576303;30.0;Original OSM
Routenpunkt (Way);Johann-Wilhelm-Straße;49.46854935;8.757551750000001;30.0;Interpoliert
Routenpunkt (Way);Johann-Wilhelm-Straße;49.468595;8.7574732;30.0;Original OSM
Routenpunkt (Way);Johann-Wilhelm-Straße;49.46866425;8.757301349999999;30.0;Interpoliert
Routenpunkt (Way);Johann-Wilhelm-Straße;49.4687335;8.7571295;30.0;Original OSM
Routenpunkt (Way);Johann-Wilhelm-Straße;49.4687335;8.7571295;30.0;Original OSM
Routenpunkt (Way);Johann-Wilhelm-Straße;49.46876415;8.75702565;30.0;Interpoliert
Routenpunkt (Way);Johann-Wilhelm-Straße;49.4687948;8.7569218;30.0;Original OSM
Routenpunkt (Way);Johann-Wilhelm-Straße;49.4688428;8.75678755;30.0;Interpoliert
Routenpunkt (Way);Johann-Wilhelm-Straße;49.4688908;8.7566533;30.0;Original OSM
Routenpunkt (Way);Johann-Wilhelm-Straße;49.46894983333333;8.756505133333333;30.0;Interpoliert
Routenpunkt (Way);Johann-Wilhelm-Straße;49.46900886666666;8.756356966666667;30.0;Interpoliert
Routenpunkt (Way);Johann-Wilhelm-Straße;49.4690679;8.7562088;30.0;Original OSM
Routenpunkt (Way);Johann-Wilhelm-Straße;49.46911906666666;8.756080766666667;30.0;Interpoliert
Routenpunkt (Way);Johann-Wilhelm-Straße;49.46917023333334;8.755952733333332;30.0;Interpoliert
Routenpunkt (Way);Johann-Wilhelm-Straße;49.4692214;8.7558247;30.0;Original OSM
Routenpunkt (Way);Johann-Wilhelm-Straße;49.4692438;8.7557687;30.0;Original OSM
Routenpunkt (Way);Johann-Wilhelm-Straße;49.4692438;8.7557687;30.0;Original OSM
Routenpunkt (Way);Johann-Wilhelm-Straße;49.46931135;8.75563065;30.0;Interpoliert
Routenpunkt (Way);Johann-Wilhelm-Straße;49.4693789;8.7554926;30.0;Original OSM
Routenpunkt (Way);Johann-Wilhelm-Straße;49.46946005;8.7553672;30.0;Interpoliert
Routenpunkt (Way);Johann-Wilhelm-Straße;49.4695412;8.7552418;30.0;Original OSM
Routenpunkt (Way);Johann-Wilhelm-Straße;49.4696177;8.755146700000001;30.0;Interpoliert
Routenpunkt (Way);Johann-Wilhelm-Straße;49.4696942;8.7550516;30.0;Original OSM
Routenpunkt (Way);Johann-Wilhelm-Straße;49.46978475;8.754941174999999;30.0;Interpoliert
Routenpunkt (Way);Johann-Wilhelm-Straße;49.4698753;8.75483075;30.0;Interpoliert
Routenpunkt (Way);Johann-Wilhelm-Straße;49.46996585;8.754720325000001;30.0;Interpoliert
Routenpunkt (Way);Johann-Wilhelm-Straße;49.4700564;8.7546099;30.0;Original OSM
Routenpunkt (Way);Johann-Wilhelm-Straße;49.4700564;8.7546099;30.0;Original OSM
Routenpunkt (Way);Johann-Wilhelm-Straße;49.4701138;8.7545395;30.0;Interpoliert
Routenpunkt (Way);Johann-Wilhelm-Straße;49.4701712;8.7544691;30.0;Original OSM
Routenpunkt (Way);Johann-Wilhelm-Straße;49.4701712;8.7544691;30.0;Original OSM
Routenpunkt (Way);Johann-Wilhelm-Straße;49.4702083;8.7544156;30.0;Original OSM
Haltestelle;Wilhelmsfeld Schriesheimer Hof;49.4702837;8.7544485;;Bus Stop
Haltestelle;Wilhelmsfeld Schriesheimer Hof;49.4702696;8.7542929;;Bus Stop
Routenpunkt (Way);Johann-Wilhelm-Straße;49.4702696;8.7542929;30.0;Original OSM
Routenpunkt (Way);Johann-Wilhelm-Straße;49.4703138;8.7541683;30.0;Original OSM
Routenpunkt (Way);Johann-Wilhelm-Straße;49.4703422;8.7540464;30.0;Original OSM
Routenpunkt (Way);Johann-Wilhelm-Straße;49.4703466;8.7539539;30.0;Original OSM
Routenpunkt (Way);Johann-Wilhelm-Straße;49.470344;8.7538894;30.0;Original OSM
Routenpunkt (Way);Johann-Wilhelm-Straße;49.4703196;8.7537521;30.0;Original OSM
Routenpunkt (Way);Schriesheimer Straße;49.4703196;8.7537521;30.0;Original OSM
Routenpunkt (Way);Schriesheimer Straße;49.4702871;8.7536368;30.0;Original OSM
Routenpunkt (Way);Schriesheimer Straße;49.4702871;8.7536368;30.0;Original OSM
Routenpunkt (Way);Schriesheimer Straße;49.470275;8.7536066;30.0;Original OSM
Routenpunkt (Way);Schriesheimer Straße;49.47020561666667;8.753437916666666;30.0;Interpoliert
Routenpunkt (Way);Schriesheimer Straße;49.470136233333335;8.753269233333333;30.0;Interpoliert
Routenpunkt (Way);Schriesheimer Straße;49.47006685;8.75310055;30.0;Interpoliert
Routenpunkt (Way);Schriesheimer Straße;49.46999746666667;8.752931866666668;30.0;Interpoliert
Routenpunkt (Way);Schriesheimer Straße;49.469928083333336;8.752763183333334;30.0;Interpoliert
Routenpunkt (Way);Heidelberger Straße;49.4697749;8.7526795;50.0;Original OSM
Routenpunkt (Way);Heidelberger Straße;49.4698587;8.7525945;50.0;Original OSM
Routenpunkt (Way);Schriesheimer Straße;49.4698587;8.7525945;30.0;Original OSM
Routenpunkt (Way);Heidelberger Straße;49.46968235;8.752766699999999;50.0;Interpoliert
Routenpunkt (Way);Heidelberger Straße;49.4695898;8.7528539;50.0;Original OSM
Routenpunkt (Way);Heidelberger Straße;49.46952325;8.75292305;50.0;Interpoliert
Routenpunkt (Way);Heidelberger Straße;49.4694567;8.7529922;50.0;Original OSM
Routenpunkt (Way);Heidelberger Straße;49.4693904;8.7530377;50.0;Original OSM
Routenpunkt (Way);Heidelberger Straße;49.4693264;8.7530775;50.0;Original OSM
Routenpunkt (Way);Heidelberger Straße;49.4693264;8.7530775;50.0;Original OSM
Routenpunkt (Way);Heidelberger Straße;49.4692301;8.7530882;50.0;Original OSM
Routenpunkt (Way);Heidelberger Straße;49.4691487;8.7530594;50.0;Original OSM
Routenpunkt (Way);Heidelberger Straße;49.4690704;8.7530068;50.0;Original OSM
Routenpunkt (Way);Heidelberger Straße;49.4690207;8.7529544;50.0;Original OSM
Routenpunkt (Way);Heidelberger Straße;49.46896865;8.75284225;50.0;Interpoliert
Routenpunkt (Way);Heidelberger Straße;49.4689166;8.7527301;50.0;Original OSM
Routenpunkt (Way);Heidelberger Straße;49.46888245;8.752619200000002;50.0;Interpoliert
Routenpunkt (Way);Heidelberger Straße;49.4688483;8.7525083;50.0;Original OSM
Routenpunkt (Way);Unbekannt;49.4688483;8.7525083;;Original OSM
Routenpunkt (Way);Unbekannt;49.4688124;8.7523727;;Original OSM
Routenpunkt (Way);Unbekannt;49.4687764;8.752238;;Interpoliert
Routenpunkt (Way);Unbekannt;49.4687404;8.7521033;;Original OSM
Routenpunkt (Way);Unbekannt;49.4686958;8.7519729;;Original OSM
Routenpunkt (Way);Unbekannt;49.4686515;8.7518514;;Original OSM
Routenpunkt (Way);Unbekannt;49.4686041;8.75175825;;Interpoliert
Routenpunkt (Way);Unbekannt;49.4685567;8.7516651;;Original OSM
Routenpunkt (Way);Unbekannt;49.46848055;8.751540550000001;;Interpoliert
Routenpunkt (Way);Unbekannt;49.4684044;8.751416;;Original OSM
Routenpunkt (Way);Unbekannt;49.4684044;8.751416;;Original OSM
Routenpunkt (Way);Unbekannt;49.4683453;8.7513039;;Original OSM
Routenpunkt (Way);Unbekannt;49.4683087;8.7511938;;Original OSM
Routenpunkt (Way);Unbekannt;49.4682791;8.7510494;;Original OSM
Routenpunkt (Way);Unbekannt;49.46824492499999;8.7508699;;Interpoliert
Routenpunkt (Way);Unbekannt;49.46821075;8.7506904;;Interpoliert
Routenpunkt (Way);Unbekannt;49.468176575;8.7505109;;Interpoliert
Routenpunkt (Way);Unbekannt;49.4681424;8.7503314;;Original OSM
Routenpunkt (Way);Unbekannt;49.4681077;8.750193;;Original OSM
Routenpunkt (Way);Unbekannt;49.4680648;8.7500511;;Original OSM
Routenpunkt (Way);Unbekannt;49.467998;8.7499077;;Original OSM
Routenpunkt (Way);Unbekannt;49.4679097;8.7497547;;Original OSM
Routenpunkt (Way);Unbekannt;49.4678504;8.7496776;;Interpoliert
Routenpunkt (Way);Unbekannt;49.4677911;8.7496005;;Original OSM
Routenpunkt (Way);Unbekannt;49.4676906;8.7495041;;Original OSM
Routenpunkt (Way);Unbekannt;49.4676223;8.74945835;;Interpoliert
Routenpunkt (Way);Unbekannt;49.467554;8.7494126;;Original OSM
Routenpunkt (Way);Unbekannt;49.467426;8.7493564;;Original OSM
Routenpunkt (Way);Unbekannt;49.4673083;8.7493443;;Original OSM
Routenpunkt (Way);Unbekannt;49.4671866;8.7493486;;Original OSM
Routenpunkt (Way);Unbekannt;49.4670686;8.7493712;;Original OSM
Routenpunkt (Way);Unbekannt;49.4669407;8.7494184;;Original OSM
Routenpunkt (Way);Unbekannt;49.46684626666667;8.749470233333334;;Interpoliert
Routenpunkt (Way);Unbekannt;49.46675183333333;8.749522066666666;;Interpoliert
Routenpunkt (Way);Unbekannt;49.4666574;8.7495739;;Original OSM
Routenpunkt (Way);Unbekannt;49.4666574;8.7495739;;Original OSM
Routenpunkt (Way);Unbekannt;49.46653558333334;8.749637066666667;;Interpoliert
Routenpunkt (Way);Unbekannt;49.46641376666667;8.749700233333334;;Interpoliert
Routenpunkt (Way);Unbekannt;49.46629195;8.749763399999999;;Interpoliert
Routenpunkt (Way);Unbekannt;49.466170133333335;8.749826566666666;;Interpoliert
Routenpunkt (Way);Unbekannt;49.46604831666667;8.749889733333333;;Interpoliert
Routenpunkt (Way);Unbekannt;49.4659265;8.7499529;;Original OSM
Routenpunkt (Way);Unbekannt;49.46580073;8.75002195;;Interpoliert
Routenpunkt (Way);Unbekannt;49.46567496;8.750091;;Interpoliert
Routenpunkt (Way);Unbekannt;49.46554919;8.75016005;;Interpoliert
Routenpunkt (Way);Unbekannt;49.46542342;8.7502291;;Interpoliert
Routenpunkt (Way);Unbekannt;49.46529765;8.750298149999999;;Interpoliert
Routenpunkt (Way);Unbekannt;49.46517188;8.7503672;;Interpoliert
Routenpunkt (Way);Unbekannt;49.46504611;8.75043625;;Interpoliert
Routenpunkt (Way);Unbekannt;49.46492034;8.7505053;;Interpoliert
Routenpunkt (Way);Unbekannt;49.46479457;8.750574349999999;;Interpoliert
Routenpunkt (Way);Unbekannt;49.4646688;8.7506434;;Original OSM
Routenpunkt (Way);Unbekannt;49.464574975;8.750704075;;Interpoliert
Routenpunkt (Way);Unbekannt;49.46448115;8.75076475;;Interpoliert
Routenpunkt (Way);Unbekannt;49.464387325;8.750825425;;Interpoliert
Routenpunkt (Way);Unbekannt;49.4642935;8.7508861;;Original OSM
Routenpunkt (Way);Unbekannt;49.46418165;8.750962375;;Interpoliert
Routenpunkt (Way);Unbekannt;49.4640698;8.75103865;;Interpoliert
Routenpunkt (Way);Unbekannt;49.46395795;8.751114925;;Interpoliert
Routenpunkt (Way);Unbekannt;49.4638461;8.7511912;;Original OSM
Routenpunkt (Way);Unbekannt;49.4637425;8.751254;;Interpoliert
Routenpunkt (Way);Unbekannt;49.4636389;8.7513168;;Original OSM
Routenpunkt (Way);Unbekannt;49.4635421;8.751362933333333;;Interpoliert
Routenpunkt (Way);Unbekannt;49.4634453;8.751409066666668;;Interpoliert
Routenpunkt (Way);Unbekannt;49.4633485;8.7514552;;Original OSM
Routenpunkt (Way);Unbekannt;49.4632263;8.751516225;;Interpoliert
Routenpunkt (Way);Unbekannt;49.4631041;8.75157725;;Interpoliert
Routenpunkt (Way);Unbekannt;49.4629819;8.751638275000001;;Interpoliert
Routenpunkt (Way);Unbekannt;49.4628597;8.7516993;;Original OSM
Routenpunkt (Way);Unbekannt;49.4627673;8.751750266666667;;Interpoliert
Routenpunkt (Way);Unbekannt;49.4626749;8.751801233333333;;Interpoliert
Routenpunkt (Way);Unbekannt;49.4625825;8.7518522;;Original OSM
Routenpunkt (Way);Unbekannt;49.46251535;8.75188705;;Interpoliert
Routenpunkt (Way);Unbekannt;49.4624482;8.7519219;;Original OSM
Routenpunkt (Way);Unbekannt;49.4623245;8.7519675;;Original OSM
Routenpunkt (Way);Unbekannt;49.4622541;8.751982649999999;;Interpoliert
Routenpunkt (Way);Unbekannt;49.4621837;8.7519978;;Original OSM
Routenpunkt (Way);Unbekannt;49.46205896;8.75201444;;Interpoliert
Routenpunkt (Way);Unbekannt;49.46193422;8.75203108;;Interpoliert
Routenpunkt (Way);Unbekannt;49.46180948;8.75204772;;Interpoliert
Routenpunkt (Way);Unbekannt;49.46168474;8.75206436;;Interpoliert
Routenpunkt (Way);Unbekannt;49.46156;8.752081;;Original OSM
Routenpunkt (Way);Unbekannt;49.461435725;8.752109325;;Interpoliert
Routenpunkt (Way);Unbekannt;49.46131145;8.75213765;;Interpoliert
Routenpunkt (Way);Unbekannt;49.461187175;8.752165975;;Interpoliert
Routenpunkt (Way);Unbekannt;49.4610629;8.7521943;;Original OSM
Routenpunkt (Way);Unbekannt;49.4609584;8.752227533333333;;Interpoliert
Routenpunkt (Way);Unbekannt;49.4608539;8.752260766666666;;Interpoliert
Routenpunkt (Way);Unbekannt;49.4607494;8.752294;;Original OSM
Routenpunkt (Way);Unbekannt;49.46066185;8.75231355;;Interpoliert
Routenpunkt (Way);Unbekannt;49.4605743;8.7523331;;Original OSM
Routenpunkt (Way);Unbekannt;49.46051;8.7523383;;Original OSM
Routenpunkt (Way);Unbekannt;49.46043885;8.7523301;;Interpoliert
Routenpunkt (Way);Unbekannt;49.4603677;8.7523219;;Original OSM
Routenpunkt (Way);Unbekannt;49.4602829;8.752297500000001;;Interpoliert
Routenpunkt (Way);Unbekannt;49.4601981;8.7522731;50.0;Original OSM
Routenpunkt (Way);Unbekannt;49.4601981;8.7522731;;Original OSM
Routenpunkt (Way);Unbekannt;49.46009375;8.75222415;50.0;Interpoliert
Routenpunkt (Way);Unbekannt;49.4599894;8.7521752;50.0;Original OSM
Routenpunkt (Way);Unbekannt;49.4599024;8.75212425;50.0;Interpoliert
Routenpunkt (Way);Unbekannt;49.4598154;8.7520733;50.0;Original OSM
Routenpunkt (Way);Unbekannt;49.4597121;8.7520029;50.0;Original OSM
Routenpunkt (Way);Unbekannt;49.4596427;8.7519409;50.0;Original OSM
Routenpunkt (Way);Unbekannt;49.4595808;8.7518761;50.0;Original OSM
Routenpunkt (Way);Unbekannt;49.4594805;8.7517485;50.0;Original OSM
Routenpunkt (Way);Unbekannt;49.45940053333333;8.751639166666667;50.0;Interpoliert
Routenpunkt (Way);Unbekannt;49.45932056666667;8.751529833333333;50.0;Interpoliert
Routenpunkt (Way);Unbekannt;49.4592406;8.7514205;50.0;Original OSM
Haltestelle;Langer Kirschbaum;49.4591421;8.7513237;;Bus Stop
Routenpunkt (Way);Unbekannt;49.4591421;8.7513237;50.0;Original OSM
Routenpunkt (Way);Unbekannt;49.459098;8.7512929;50.0;Original OSM
Routenpunkt (Way);Unbekannt;49.45907;8.7512794;50.0;Original OSM
Routenpunkt (Way);Unbekannt;49.4590424;8.751271;50.0;Original OSM
Routenpunkt (Way);Unbekannt;49.4590032;8.7512669;50.0;Original OSM
Routenpunkt (Way);Unbekannt;49.4589689;8.7512707;50.0;Original OSM
Routenpunkt (Way);Unbekannt;49.4589285;8.7512843;50.0;Original OSM
Routenpunkt (Way);Unbekannt;49.458905;8.7512963;50.0;Original OSM
Haltestelle;Langer Kirschbaum;49.4588821;8.7513079;;Bus Stop
Routenpunkt (Way);Unbekannt;49.4588821;8.7513079;50.0;Original OSM
Routenpunkt (Way);Unbekannt;49.4588394;8.7513396;50.0;Original OSM
Routenpunkt (Way);Unbekannt;49.4587883;8.751397;50.0;Original OSM
Routenpunkt (Way);Unbekannt;49.4587484;8.7514572;50.0;Original OSM
Routenpunkt (Way);Unbekannt;49.4587078;8.7515413;50.0;Original OSM
Routenpunkt (Way);Unbekannt;49.458675;8.7516175;50.0;Original OSM
Routenpunkt (Way);Unbekannt;49.4586195;8.7517653;50.0;Interpoliert
Routenpunkt (Way);Unbekannt;49.458564;8.7519131;50.0;Interpoliert
Routenpunkt (Way);Unbekannt;49.4585085;8.7520609;50.0;Original OSM
Routenpunkt (Way);Unbekannt;49.4585085;8.7520609;;Original OSM
Routenpunkt (Way);Unbekannt;49.4584539;8.752206300000001;;Interpoliert
Routenpunkt (Way);Unbekannt;49.4583993;8.7523517;;Original OSM
Routenpunkt (Way);Unbekannt;49.45835265;8.752459850000001;;Interpoliert
Routenpunkt (Way);Unbekannt;49.458306;8.752568;;Original OSM
Routenpunkt (Way);Unbekannt;49.4582515;8.75267405;;Interpoliert
Routenpunkt (Way);Unbekannt;49.458197;8.7527801;;Original OSM
Routenpunkt (Way);Unbekannt;49.45811805;8.752907100000002;;Interpoliert
Routenpunkt (Way);Unbekannt;49.4580391;8.7530341;;Original OSM
Routenpunkt (Way);Unbekannt;49.4579488;8.7531661;;Original OSM
Routenpunkt (Way);Unbekannt;49.45788685;8.7532479;;Interpoliert
Routenpunkt (Way);Unbekannt;49.4578249;8.7533297;;Original OSM
Routenpunkt (Way);Unbekannt;49.4577359;8.753436449999999;;Interpoliert
Routenpunkt (Way);Unbekannt;49.4576469;8.7535432;;Original OSM
Routenpunkt (Way);Unbekannt;49.457564366666666;8.753624233333333;;Interpoliert
Routenpunkt (Way);Unbekannt;49.45748183333333;8.753705266666666;;Interpoliert
Routenpunkt (Way);Unbekannt;49.4573993;8.7537863;;Original OSM
Routenpunkt (Way);Unbekannt;49.45731406666667;8.753852733333334;;Interpoliert
Routenpunkt (Way);Unbekannt;49.45722883333333;8.753919166666666;;Interpoliert
Routenpunkt (Way);Unbekannt;49.4571436;8.7539856;;Original OSM
Routenpunkt (Way);Unbekannt;49.45705125;8.7540429;;Interpoliert
Routenpunkt (Way);Unbekannt;49.4569589;8.7541002;;Original OSM
Routenpunkt (Way);Unbekannt;49.45688989999999;8.754126450000001;;Interpoliert
Routenpunkt (Way);Unbekannt;49.4568209;8.7541527;;Original OSM
Routenpunkt (Way);Unbekannt;49.4566909;8.754181;;Original OSM
Routenpunkt (Way);Unbekannt;49.45656133333333;8.754189533333333;;Interpoliert
Routenpunkt (Way);Unbekannt;49.45643176666667;8.754198066666667;;Interpoliert
Routenpunkt (Way);Unbekannt;49.4563022;8.7542066;;Original OSM
Routenpunkt (Way);Unbekannt;49.4561815;8.754214;;Interpoliert
Routenpunkt (Way);Unbekannt;49.4560608;8.7542214;;Interpoliert
Routenpunkt (Way);Unbekannt;49.45594010000001;8.7542288;;Interpoliert
Routenpunkt (Way);Unbekannt;49.4558194;8.7542362;;Interpoliert
Routenpunkt (Way);Unbekannt;49.4556987;8.7542436;;Interpoliert
Routenpunkt (Way);Unbekannt;49.455578;8.754251;;Original OSM
Routenpunkt (Way);Unbekannt;49.4554491875;8.754267925;;Interpoliert
Routenpunkt (Way);Unbekannt;49.455320375;8.75428485;;Interpoliert
Routenpunkt (Way);Unbekannt;49.4551915625;8.754301775;;Interpoliert
Routenpunkt (Way);Unbekannt;49.45506275;8.754318699999999;;Interpoliert
Routenpunkt (Way);Unbekannt;49.4549339375;8.754335625;;Interpoliert
Routenpunkt (Way);Unbekannt;49.454805125;8.75435255;;Interpoliert
Routenpunkt (Way);Unbekannt;49.4546763125;8.754369474999999;;Interpoliert
Routenpunkt (Way);Unbekannt;49.4545475;8.7543864;;Original OSM
Routenpunkt (Way);Unbekannt;49.4544599;8.75440965;;Interpoliert
Routenpunkt (Way);Unbekannt;49.4543723;8.7544329;;Original OSM
Routenpunkt (Way);Unbekannt;49.4542788;8.75447535;;Interpoliert
Routenpunkt (Way);Unbekannt;49.4541853;8.7545178;;Original OSM
Routenpunkt (Way);Unbekannt;49.45408085;8.7545733;;Interpoliert
Routenpunkt (Way);Unbekannt;49.4539764;8.7546288;;Original OSM
Routenpunkt (Way);Unbekannt;49.45388405;8.754688550000001;;Interpoliert
Routenpunkt (Way);Unbekannt;49.4537917;8.7547483;;Original OSM
Routenpunkt (Way);Unbekannt;49.4537096;8.7548296;;Original OSM
Routenpunkt (Way);Unbekannt;49.4536561;8.7548891;;Original OSM
Routenpunkt (Way);Unbekannt;49.4535982;8.7549752;;Original OSM
Routenpunkt (Way);Unbekannt;49.4535451;8.7550801;;Original OSM
Routenpunkt (Way);Unbekannt;49.4535083;8.7551657;;Original OSM
Routenpunkt (Way);Unbekannt;49.4534764;8.7552559;;Original OSM
Routenpunkt (Way);Unbekannt;49.4534573;8.7553418;;Original OSM
Routenpunkt (Way);Unbekannt;49.4534485;8.7554316;;Original OSM
Routenpunkt (Way);Unbekannt;49.4534494;8.7555201;;Original OSM
Routenpunkt (Way);Unbekannt;49.4534607;8.7556355;;Original OSM
Routenpunkt (Way);Unbekannt;49.453486;8.755793050000001;;Interpoliert
Routenpunkt (Way);Unbekannt;49.4535113;8.7559506;;Original OSM
Routenpunkt (Way);Unbekannt;49.45354113333333;8.756094466666667;;Interpoliert
Routenpunkt (Way);Unbekannt;49.45357096666667;8.756238333333332;;Interpoliert
Routenpunkt (Way);Unbekannt;49.4536008;8.7563822;;Original OSM
Routenpunkt (Way);Unbekannt;49.45363678;8.75654694;;Interpoliert
Routenpunkt (Way);Unbekannt;49.45367276;8.75671168;;Interpoliert
Routenpunkt (Way);Unbekannt;49.45370874;8.75687642;;Interpoliert
Routenpunkt (Way);Unbekannt;49.45374472;8.75704116;;Interpoliert
Routenpunkt (Way);Unbekannt;49.4537807;8.7572059;;Original OSM
Routenpunkt (Way);Unbekannt;49.4538147;8.757395;;Original OSM
Routenpunkt (Way);Unbekannt;49.4538391;8.7575614;;Original OSM
Routenpunkt (Way);Unbekannt;49.4538548;8.7577115;;Original OSM
Routenpunkt (Way);Unbekannt;49.4538675;8.757911799999999;;Interpoliert
Routenpunkt (Way);Unbekannt;49.4538802;8.7581121;;Interpoliert
Routenpunkt (Way);Unbekannt;49.4538929;8.7583124;;Original OSM
Routenpunkt (Way);Unbekannt;49.45390546666667;8.7585064;;Interpoliert
Routenpunkt (Way);Unbekannt;49.45391803333333;8.7587004;;Interpoliert
Routenpunkt (Way);Unbekannt;49.4539306;8.7588944;;Original OSM
Routenpunkt (Way);Unbekannt;49.4539402;8.7590003;;Interpoliert
Routenpunkt (Way);Unbekannt;49.4539498;8.7591062;;Original OSM
Routenpunkt (Way);Unbekannt;49.45396074999999;8.759216200000001;;Interpoliert
Routenpunkt (Way);Unbekannt;49.4539717;8.7593262;;Original OSM
Routenpunkt (Way);Unbekannt;49.4539891;8.75943885;;Interpoliert
Routenpunkt (Way);Unbekannt;49.4540065;8.7595515;;Original OSM
Routenpunkt (Way);Unbekannt;49.4540329;8.7596869;;Interpoliert
Routenpunkt (Way);Unbekannt;49.4540593;8.7598223;;Interpoliert
Routenpunkt (Way);Unbekannt;49.4540857;8.7599577;;Original OSM
Routenpunkt (Way);Unbekannt;49.4540989;8.7600839;;Original OSM
Routenpunkt (Way);Unbekannt;49.4541024;8.7601791;;Original OSM
Routenpunkt (Way);Unbekannt;49.4540972;8.7602854;;Original OSM
Routenpunkt (Way);Unbekannt;49.4540823;8.760395;;Original OSM
Routenpunkt (Way);Unbekannt;49.454064;8.7604728;;Original OSM
Routenpunkt (Way);Unbekannt;49.4540087;8.7606492;;Original OSM
Routenpunkt (Way);Unbekannt;49.453945;8.7608318;;Original OSM
Routenpunkt (Way);Unbekannt;49.453945;8.7608318;;Original OSM
Routenpunkt (Way);Unbekannt;49.4539022;8.760961049999999;;Interpoliert
Routenpunkt (Way);Unbekannt;49.4538594;8.7610903;;Original OSM
Routenpunkt (Way);Unbekannt;49.4538267;8.7611837;;Interpoliert
Routenpunkt (Way);Unbekannt;49.453794;8.7612771;;Original OSM
Routenpunkt (Way);Unbekannt;49.4537533;8.761379;;Original OSM
Routenpunkt (Way);Unbekannt;49.4537084;8.7614778;;Original OSM
Routenpunkt (Way);Unbekannt;49.453664;8.7615614;;Original OSM
Routenpunkt (Way);Unbekannt;49.4536108;8.7616343;;Original OSM
Routenpunkt (Way);Unbekannt;49.4535485;8.761707;50.0;Original OSM
Routenpunkt (Way);Unbekannt;49.4535485;8.761707;;Original OSM
Routenpunkt (Way);Unbekannt;49.4534839;8.7617682;50.0;Original OSM
Routenpunkt (Way);Unbekannt;49.4534132;8.7618167;50.0;Original OSM
Routenpunkt (Way);Unbekannt;49.4533391;8.7618589;50.0;Original OSM
Routenpunkt (Way);Unbekannt;49.4532738;8.761889;50.0;Original OSM
Routenpunkt (Way);Unbekannt;49.4532147;8.7619108;50.0;Original OSM
Routenpunkt (Way);Unbekannt;49.453131;8.7619273;50.0;Original OSM
Routenpunkt (Way);Unbekannt;49.4530193;8.7619365;50.0;Original OSM
Routenpunkt (Way);Unbekannt;49.45294;8.7619365;50.0;Original OSM
Routenpunkt (Way);Unbekannt;49.4528417;8.7619246;50.0;Original OSM
Routenpunkt (Way);Unbekannt;49.4527631;8.7618825;50.0;Original OSM
Routenpunkt (Way);Unbekannt;49.4527203;8.7618296;50.0;Original OSM
Routenpunkt (Way);Unbekannt;49.4526862;8.7617549;50.0;Original OSM
Routenpunkt (Way);Unbekannt;49.4526836;8.7616712;50.0;Original OSM
Routenpunkt (Way);Unbekannt;49.4527009;8.761612;50.0;Original OSM
Routenpunkt (Way);Unbekannt;49.4527434;8.7615781;50.0;Original OSM
Routenpunkt (Way);Unbekannt;49.4527996;8.7615545;50.0;Original OSM
Routenpunkt (Way);Unbekannt;49.4528937;8.7615399;50.0;Interpoliert
Routenpunkt (Way);Unbekannt;49.4529878;8.7615253;50.0;Original OSM
Routenpunkt (Way);Unbekannt;49.4530644;8.7615112;50.0;Original OSM
Routenpunkt (Way);Unbekannt;49.4531448;8.7614725;50.0;Original OSM
Routenpunkt (Way);Unbekannt;49.4531995;8.7614212;50.0;Original OSM
Routenpunkt (Way);Unbekannt;49.4532536;8.7613522;50.0;Original OSM
Routenpunkt (Way);Unbekannt;49.4532918;8.761287;50.0;Original OSM
Routenpunkt (Way);Unbekannt;49.4533286;8.7612109;50.0;Original OSM
Routenpunkt (Way);Unbekannt;49.4533502;8.7611483;50.0;Original OSM
Routenpunkt (Way);Unbekannt;49.4533724;8.7610699;50.0;Original OSM
Routenpunkt (Way);Unbekannt;49.4533977;8.7609488;50.0;Original OSM
Routenpunkt (Way);Unbekannt;49.453422966666665;8.760783333333332;50.0;Interpoliert
Routenpunkt (Way);Unbekannt;49.45344823333333;8.760617866666667;50.0;Interpoliert
Routenpunkt (Way);Unbekannt;49.4534735;8.7604524;50.0;Original OSM
Routenpunkt (Way);Unbekannt;49.4534863;8.760325;50.0;Interpoliert
Routenpunkt (Way);Unbekannt;49.4534991;8.7601976;50.0;Original OSM
Routenpunkt (Way);Unbekannt;49.4535012;8.7600658;50.0;Original OSM
Routenpunkt (Way);Unbekannt;49.4534848;8.7599356;50.0;Original OSM
Routenpunkt (Way);Unbekannt;49.45344546;8.7597787;50.0;Interpoliert
Routenpunkt (Way);Unbekannt;49.45340612;8.7596218;50.0;Interpoliert
Routenpunkt (Way);Unbekannt;49.45336678;8.759464900000001;50.0;Interpoliert
Routenpunkt (Way);Unbekannt;49.45332744;8.759308;50.0;Interpoliert
Routenpunkt (Way);Unbekannt;49.4532881;8.7591511;50.0;Original OSM
Routenpunkt (Way);Unbekannt;49.453244075;8.758956475;50.0;Interpoliert
Routenpunkt (Way);Unbekannt;49.45320005;8.758761849999999;50.0;Interpoliert
Routenpunkt (Way);Unbekannt;49.453156025;8.758567225;50.0;Interpoliert
Routenpunkt (Way);Unbekannt;49.453112;8.7583726;50.0;Original OSM
Routenpunkt (Way);Unbekannt;49.4530648;8.75820545;50.0;Interpoliert
Routenpunkt (Way);Unbekannt;49.4530176;8.7580383;50.0;Original OSM
Routenpunkt (Way);Unbekannt;49.452977;8.757912833333334;50.0;Interpoliert
Routenpunkt (Way);Unbekannt;49.4529364;8.757787366666667;50.0;Interpoliert
Routenpunkt (Way);Unbekannt;49.4528958;8.7576619;50.0;Original OSM
Routenpunkt (Way);Unbekannt;49.45282856;8.75749968;50.0;Interpoliert
Routenpunkt (Way);Unbekannt;49.45276132;8.75733746;50.0;Interpoliert
Routenpunkt (Way);Unbekannt;49.45269408;8.75717524;50.0;Interpoliert
Routenpunkt (Way);Unbekannt;49.45262684;8.75701302;50.0;Interpoliert
Routenpunkt (Way);Unbekannt;49.4525596;8.7568508;50.0;Interpoliert
Routenpunkt (Way);Unbekannt;49.45249236;8.75668858;50.0;Interpoliert
Routenpunkt (Way);Unbekannt;49.45242512;8.75652636;50.0;Interpoliert
Routenpunkt (Way);Unbekannt;49.45235788;8.75636414;50.0;Interpoliert
Routenpunkt (Way);Unbekannt;49.45229064;8.75620192;50.0;Interpoliert
Routenpunkt (Way);Unbekannt;49.4522234;8.7560397;50.0;Original OSM
Routenpunkt (Way);Unbekannt;49.4521583;8.75587805;50.0;Interpoliert
Routenpunkt (Way);Unbekannt;49.4520932;8.7557164;50.0;Original OSM
Routenpunkt (Way);Unbekannt;49.4520371;8.7555557;50.0;Interpoliert
Routenpunkt (Way);Unbekannt;49.451981;8.755395;50.0;Original OSM
Routenpunkt (Way);Unbekannt;49.4519397;8.7552706;50.0;Original OSM
Routenpunkt (Way);Unbekannt;49.4519049;8.7551383;50.0;Original OSM
Routenpunkt (Way);Unbekannt;49.4518805;8.7550081;50.0;Original OSM
Routenpunkt (Way);Unbekannt;49.45186;8.754868;50.0;Original OSM
Routenpunkt (Way);Unbekannt;49.4518469;8.7547335;50.0;Original OSM
Routenpunkt (Way);Unbekannt;49.4518403;8.7545911;50.0;Original OSM
Routenpunkt (Way);Unbekannt;49.45183915;8.754460550000001;50.0;Interpoliert
Routenpunkt (Way);Unbekannt;49.451838;8.75433;50.0;Original OSM
Routenpunkt (Way);Unbekannt;49.451842;8.7541885;50.0;Original OSM
Routenpunkt (Way);Unbekannt;49.4518538;8.7540337;50.0;Original OSM
Routenpunkt (Way);Unbekannt;49.4518758;8.7538729;50.0;Original OSM
Routenpunkt (Way);Unbekannt;49.4519052;8.7537613;50.0;Original OSM
Routenpunkt (Way);Unbekannt;49.4519448;8.7536437;50.0;Original OSM
Routenpunkt (Way);Unbekannt;49.4519448;8.7536437;50.0;Original OSM
Routenpunkt (Way);Unbekannt;49.45202445;8.753507916666667;50.0;Interpoliert
Routenpunkt (Way);Unbekannt;49.4521041;8.753372133333333;50.0;Interpoliert
Routenpunkt (Way);Unbekannt;49.45218375;8.75323635;50.0;Interpoliert
Routenpunkt (Way);Unbekannt;49.4522634;8.753100566666667;50.0;Interpoliert
Routenpunkt (Way);Unbekannt;49.45234305;8.752964783333333;50.0;Interpoliert
Routenpunkt (Way);Unbekannt;49.4524227;8.752829;50.0;Original OSM
Routenpunkt (Way);Unbekannt;49.45250085;8.752690900000001;50.0;Interpoliert
Routenpunkt (Way);Unbekannt;49.452579;8.7525528;50.0;Interpoliert
Routenpunkt (Way);Unbekannt;49.45265715;8.7524147;50.0;Interpoliert
Routenpunkt (Way);Unbekannt;49.4527353;8.7522766;50.0;Interpoliert
Routenpunkt (Way);Unbekannt;49.45281345;8.752138500000001;50.0;Interpoliert
Routenpunkt (Way);Unbekannt;49.4528916;8.7520004;50.0;Original OSM
Routenpunkt (Way);Unbekannt;49.452977966666666;8.7518593;50.0;Interpoliert
Routenpunkt (Way);Unbekannt;49.45306433333334;8.751718200000001;50.0;Interpoliert
Routenpunkt (Way);Unbekannt;49.4531507;8.7515771;50.0;Original OSM
Routenpunkt (Way);Unbekannt;49.4532098;8.7514632;50.0;Original OSM
Routenpunkt (Way);Unbekannt;49.4532518;8.7513531;50.0;Original OSM
Routenpunkt (Way);Unbekannt;49.4532762;8.7512687;50.0;Original OSM
Routenpunkt (Way);Unbekannt;49.4532855;8.7511683;50.0;Original OSM
Routenpunkt (Way);Unbekannt;49.4532693;8.7510552;50.0;Original OSM
Routenpunkt (Way);Unbekannt;49.4532418;8.7509646;50.0;Original OSM
Routenpunkt (Way);Unbekannt;49.4532112;8.750918;50.0;Original OSM
Routenpunkt (Way);Unbekannt;49.453162;8.7508669;50.0;Original OSM
Routenpunkt (Way);Unbekannt;49.4531135;8.7508412;50.0;Original OSM
Routenpunkt (Way);Unbekannt;49.4530591;8.7508299;50.0;Original OSM
Routenpunkt (Way);Unbekannt;49.4529967;8.7508451;50.0;Original OSM
Routenpunkt (Way);Unbekannt;49.4529471;8.750873;50.0;Original OSM
Routenpunkt (Way);Unbekannt;49.4529171;8.7509033;50.0;Original OSM
Routenpunkt (Way);Unbekannt;49.4528937;8.7509383;50.0;Original OSM
Routenpunkt (Way);Unbekannt;49.4528558;8.7510226;50.0;Original OSM
Routenpunkt (Way);Unbekannt;49.45280065;8.75116215;50.0;Interpoliert
Routenpunkt (Way);Unbekannt;49.4527455;8.7513017;50.0;Original OSM
Routenpunkt (Way);Unbekannt;49.4526997;8.7514084;50.0;Original OSM
Routenpunkt (Way);Unbekannt;49.4526423;8.7515176;50.0;Original OSM
Routenpunkt (Way);Unbekannt;49.4525726;8.7516279;50.0;Original OSM
Routenpunkt (Way);Unbekannt;49.452499;8.7517118;50.0;Interpoliert
Routenpunkt (Way);Unbekannt;49.4524254;8.7517957;50.0;Original OSM
Routenpunkt (Way);Unbekannt;49.452317337500006;8.7518897375;50.0;Interpoliert
Routenpunkt (Way);Unbekannt;49.452209275;8.751983775000001;50.0;Interpoliert
Routenpunkt (Way);Unbekannt;49.4521012125;8.752077812500001;50.0;Interpoliert
Routenpunkt (Way);Unbekannt;49.45199315;8.75217185;50.0;Interpoliert
Routenpunkt (Way);Unbekannt;49.4518850875;8.7522658875;50.0;Interpoliert
Routenpunkt (Way);Unbekannt;49.451777025;8.752359925;50.0;Interpoliert
Routenpunkt (Way);Unbekannt;49.4516689625;8.7524539625;50.0;Interpoliert
Routenpunkt (Way);Unbekannt;49.4515609;8.752548;50.0;Original OSM
Routenpunkt (Way);Unbekannt;49.45144755;8.75264915;50.0;Interpoliert
Routenpunkt (Way);Unbekannt;49.4513342;8.7527503;50.0;Original OSM
Routenpunkt (Way);Unbekannt;49.4512417;8.7528564;50.0;Original OSM
Routenpunkt (Way);Unbekannt;49.4511736;8.7529435;50.0;Original OSM
Routenpunkt (Way);Unbekannt;49.4511022;8.7530586;50.0;Original OSM
Routenpunkt (Way);Unbekannt;49.4510311;8.7531926;50.0;Original OSM
Routenpunkt (Way);Unbekannt;49.4509694;8.7533397;50.0;Original OSM
Routenpunkt (Way);Unbekannt;49.4509121;8.753524;50.0;Original OSM
Routenpunkt (Way);Unbekannt;49.45088465;8.75364365;50.0;Interpoliert
Routenpunkt (Way);Unbekannt;49.4508572;8.7537633;50.0;Original OSM
Routenpunkt (Way);Unbekannt;49.4508268;8.753895866666666;50.0;Interpoliert
Routenpunkt (Way);Unbekannt;49.4507964;8.754028433333334;50.0;Interpoliert
Routenpunkt (Way);Unbekannt;49.450766;8.754161;50.0;Original OSM
Routenpunkt (Way);Unbekannt;49.4507333;8.7542417;50.0;Original OSM
Routenpunkt (Way);Unbekannt;49.450703;8.7543011;50.0;Original OSM
Routenpunkt (Way);Unbekannt;49.4506651;8.7543543;50.0;Original OSM
Routenpunkt (Way);Unbekannt;49.4506252;8.7543917;50.0;Original OSM
Routenpunkt (Way);Unbekannt;49.4506252;8.7543917;50.0;Original OSM
Routenpunkt (Way);Unbekannt;49.4505996;8.7544085;50.0;Original OSM
Routenpunkt (Way);Unbekannt;49.4505718;8.7544216;50.0;Original OSM
Routenpunkt (Way);Unbekannt;49.4505413;8.7544313;50.0;Original OSM
Routenpunkt (Way);Unbekannt;49.450503;8.7544355;50.0;Original OSM
Haltestelle;Heidebuckelweg;49.4504597;8.7544324;;Bus Stop
Routenpunkt (Way);Unbekannt;49.4504597;8.7544324;50.0;Original OSM
Routenpunkt (Way);Unbekannt;49.4504597;8.7544324;50.0;Original OSM
Routenpunkt (Way);Unbekannt;49.4504292;8.7544267;50.0;Original OSM
Routenpunkt (Way);Unbekannt;49.4504013;8.7544198;50.0;Original OSM
Routenpunkt (Way);Unbekannt;49.450358;8.7544022;50.0;Original OSM
Routenpunkt (Way);Unbekannt;49.4503085;8.7543783;50.0;Original OSM
Routenpunkt (Way);Wilhelmsfelder Straße;49.4503085;8.7543783;50.0;Original OSM
Routenpunkt (Way);Wilhelmsfelder Straße;49.4502057;8.75432215;50.0;Interpoliert
Routenpunkt (Way);Wilhelmsfelder Straße;49.4501029;8.754266;50.0;Original OSM
Routenpunkt (Way);Wilhelmsfelder Straße;49.4501029;8.754266;50.0;Original OSM
Routenpunkt (Way);Wilhelmsfelder Straße;49.450033;8.7542322;50.0;Original OSM
Haltestelle;Heidebuckelweg;49.4499422;8.754193;;Bus Stop
Routenpunkt (Way);Wilhelmsfelder Straße;49.4499422;8.754193;50.0;Original OSM
Routenpunkt (Way);Wilhelmsfelder Straße;49.4499422;8.754193;50.0;Original OSM
Routenpunkt (Way);Heidebuckelweg;49.4499819;8.7541322;;Original OSM
Routenpunkt (Way);Heidebuckelweg;49.4498696;8.7540967;;Original OSM
Routenpunkt (Way);Wilhelmsfelder Straße;49.449816;8.7541496;50.0;Original OSM
Routenpunkt (Way);Wilhelmsfelder Straße;49.449754;8.7541191;50.0;Original OSM
Routenpunkt (Way);Wilhelmsfelder Straße;49.4497043;8.7540864;50.0;Original OSM
Routenpunkt (Way);Wilhelmsfelder Straße;49.4496533;8.7540465;50.0;Original OSM
Routenpunkt (Way);Wilhelmsfelder Straße;49.4495601;8.7539603;50.0;Original OSM
Routenpunkt (Way);Wilhelmsfelder Straße;49.4494811;8.7538995;50.0;Original OSM
Routenpunkt (Way);Wilhelmsfelder Straße;49.44940135;8.7538594;50.0;Interpoliert
Routenpunkt (Way);Wilhelmsfelder Straße;49.4493216;8.7538193;50.0;Original OSM
Routenpunkt (Way);Wilhelmsfelder Straße;49.44922055;8.75377535;50.0;Interpoliert
Routenpunkt (Way);Wilhelmsfelder Straße;49.4491195;8.7537314;50.0;Original OSM
Routenpunkt (Way);Wilhelmsfelder Straße;49.44900304285714;8.7536749;50.0;Interpoliert
Routenpunkt (Way);Wilhelmsfelder Straße;49.44888658571429;8.753618399999999;50.0;Interpoliert
Routenpunkt (Way);Wilhelmsfelder Straße;49.44877012857143;8.7535619;50.0;Interpoliert
Routenpunkt (Way);Wilhelmsfelder Straße;49.44865367142857;8.7535054;50.0;Interpoliert
Routenpunkt (Way);Wilhelmsfelder Straße;49.448537214285714;8.7534489;50.0;Interpoliert
Routenpunkt (Way);Wilhelmsfelder Straße;49.448420757142856;8.7533924;50.0;Interpoliert
Haltestelle;Schweizertalstraße;49.4483043;8.7533359;;Bus Stop
Routenpunkt (Way);Wilhelmsfelder Straße;49.4483043;8.7533359;50.0;Original OSM
Haltestelle;Schweizertalstraße;49.448314;8.7532715;;Bus Stop
Routenpunkt (Way);Wilhelmsfelder Straße;49.4482383;8.753303899999999;50.0;Interpoliert
Routenpunkt (Way);Wilhelmsfelder Straße;49.4481723;8.7532719;50.0;Original OSM
Routenpunkt (Way);Wilhelmsfelder Straße;49.4481723;8.7532719;50.0;Original OSM
Routenpunkt (Way);Wilhelmsfelder Straße;49.4480815;8.7532353;50.0;Interpoliert
Routenpunkt (Way);Wilhelmsfelder Straße;49.4479907;8.7531987;50.0;Original OSM
Routenpunkt (Way);Wilhelmsfelder Straße;49.44790955;8.7531829;50.0;Interpoliert
Routenpunkt (Way);Wilhelmsfelder Straße;49.4478284;8.7531671;50.0;Original OSM
Routenpunkt (Way);Wilhelmsfelder Straße;49.44771965;8.75317865;50.0;Interpoliert
Routenpunkt (Way);Wilhelmsfelder Straße;49.4476109;8.7531902;50.0;Original OSM
Routenpunkt (Way);Wilhelmsfelder Straße;49.44747990526316;8.753238689473685;50.0;Interpoliert
Routenpunkt (Way);Wilhelmsfelder Straße;49.44734891052632;8.75328717894737;50.0;Interpoliert
Routenpunkt (Way);Wilhelmsfelder Straße;49.44721791578947;8.753335668421053;50.0;Interpoliert
Routenpunkt (Way);Wilhelmsfelder Straße;49.44708692105263;8.753384157894738;50.0;Interpoliert
Routenpunkt (Way);Wilhelmsfelder Straße;49.44695592631579;8.753432647368422;50.0;Interpoliert
Routenpunkt (Way);Wilhelmsfelder Straße;49.44682493157895;8.753481136842106;50.0;Interpoliert
Routenpunkt (Way);Wilhelmsfelder Straße;49.4466939368421;8.75352962631579;50.0;Interpoliert
Routenpunkt (Way);Wilhelmsfelder Straße;49.44656294210526;8.753578115789475;50.0;Interpoliert
Routenpunkt (Way);Wilhelmsfelder Straße;49.44643194736842;8.75362660526316;50.0;Interpoliert
Routenpunkt (Way);Wilhelmsfelder Straße;49.44630095263158;8.753675094736842;50.0;Interpoliert
Routenpunkt (Way);Wilhelmsfelder Straße;49.44616995789474;8.753723584210526;50.0;Interpoliert
Routenpunkt (Way);Wilhelmsfelder Straße;49.446038963157896;8.75377207368421;50.0;Interpoliert
Routenpunkt (Way);Wilhelmsfelder Straße;49.445907968421054;8.753820563157895;50.0;Interpoliert
Routenpunkt (Way);Wilhelmsfelder Straße;49.44577697368421;8.753869052631579;50.0;Interpoliert
Routenpunkt (Way);Wilhelmsfelder Straße;49.44564597894737;8.753917542105263;50.0;Interpoliert
Routenpunkt (Way);Wilhelmsfelder Straße;49.445514984210526;8.753966031578948;50.0;Interpoliert
Routenpunkt (Way);Wilhelmsfelder Straße;49.44538398947368;8.754014521052632;50.0;Interpoliert
Routenpunkt (Way);Wilhelmsfelder Straße;49.44525299473684;8.754063010526316;50.0;Interpoliert
Routenpunkt (Way);Wilhelmsfelder Straße;49.445122;8.7541115;50.0;Original OSM
Routenpunkt (Way);Wilhelmsfelder Straße;49.4450587;8.7541312;50.0;Original OSM
Routenpunkt (Way);Wilhelmsfelder Straße;49.4450043;8.7541436;50.0;Original OSM
Routenpunkt (Way);Wilhelmsfelder Straße;49.4449406;8.7541545;50.0;Original OSM
Routenpunkt (Way);Wilhelmsfelder Straße;49.4448569;8.7541597;50.0;Original OSM
Routenpunkt (Way);Wilhelmsfelder Straße;49.4447884;8.7541569;50.0;Original OSM
Routenpunkt (Way);Wilhelmsfelder Straße;49.4447443;8.7541485;50.0;Original OSM
Routenpunkt (Way);Wilhelmsfelder Straße;49.4447006;8.7541339;50.0;Original OSM
Routenpunkt (Way);Wilhelmsfelder Straße;49.4446558;8.7541129;50.0;Original OSM
Routenpunkt (Way);Wilhelmsfelder Straße;49.4445554;8.7540524;50.0;Original OSM
Haltestelle;Löwen;49.4445183;8.7540259;;Bus Stop
Routenpunkt (Way);Wilhelmsfelder Straße;49.4445183;8.7540259;50.0;Original OSM
Routenpunkt (Way);Wilhelmsfelder Straße;49.4444988;8.7540119;50.0;Original OSM
Routenpunkt (Way);Wilhelmsfelder Straße;49.4443964;8.7539386;50.0;Interpoliert
Routenpunkt (Way);Wilhelmsfelder Straße;49.444294;8.7538653;50.0;Original OSM
Haltestelle;Löwen;49.4441781;8.7537816;;Bus Stop
Routenpunkt (Way);Wilhelmsfelder Straße;49.4441781;8.7537816;50.0;Original OSM
Haltestelle;Löwen;49.4441928;8.753731;;Bus Stop
Routenpunkt (Way);Wilhelmsfelder Straße;49.4441051;8.7537289;50.0;Original OSM
Routenpunkt (Way);Wilhelmsfelder Straße;49.4441051;8.7537289;50.0;Original OSM
Routenpunkt (Way);Wilhelmsfelder Straße;49.4440317;8.7536722;50.0;Original OSM
Routenpunkt (Way);Wilhelmsfelder Straße;49.4440244;8.7536665;50.0;Original OSM
Routenpunkt (Way);Wilhelmsfelder Straße;49.44391174;8.753564599999999;50.0;Interpoliert
Routenpunkt (Way);Wilhelmsfelder Straße;49.443799080000005;8.7534627;50.0;Interpoliert
Routenpunkt (Way);Wilhelmsfelder Straße;49.44368642;8.7533608;50.0;Interpoliert
Routenpunkt (Way);Wilhelmsfelder Straße;49.44357376;8.7532589;50.0;Interpoliert
Routenpunkt (Way);Wilhelmsfelder Straße;49.4434611;8.753157;50.0;Original OSM
Routenpunkt (Way);Wilhelmsfelder Straße;49.44335765;8.75307235;50.0;Interpoliert
Routenpunkt (Way);Wilhelmsfelder Straße;49.4432542;8.7529877;50.0;Original OSM
Routenpunkt (Way);Wilhelmsfelder Straße;49.4431811;8.7529339;50.0;Original OSM
Routenpunkt (Way);Wilhelmsfelder Straße;49.44312015;8.7528897;50.0;Interpoliert
Routenpunkt (Way);Wilhelmsfelder Straße;49.4430592;8.7528455;50.0;Original OSM
Routenpunkt (Way);Wilhelmsfelder Straße;49.4429716;8.752791499999999;50.0;Interpoliert
Routenpunkt (Way);Wilhelmsfelder Straße;49.442884;8.7527375;50.0;Interpoliert
Routenpunkt (Way);Wilhelmsfelder Straße;49.4427964;8.7526835;50.0;Original OSM
Routenpunkt (Way);Wilhelmsfelder Straße;49.4427374;8.7526472;50.0;Original OSM
Routenpunkt (Way);Wilhelmsfelder Straße;49.44262893333333;8.752595966666666;50.0;Interpoliert
Routenpunkt (Way);Wilhelmsfelder Straße;49.44252046666666;8.752544733333334;50.0;Interpoliert
Routenpunkt (Way);Wilhelmsfelder Straße;49.442412;8.7524935;50.0;Original OSM
Routenpunkt (Way);Wilhelmsfelder Straße;49.442412;8.7524935;50.0;Original OSM
Routenpunkt (Way);Wilhelmsfelder Straße;49.44229428571428;8.752437428571428;50.0;Interpoliert
Routenpunkt (Way);Wilhelmsfelder Straße;49.44217657142857;8.752381357142857;50.0;Interpoliert
Routenpunkt (Way);Wilhelmsfelder Straße;49.44205885714285;8.752325285714285;50.0;Interpoliert
Routenpunkt (Way);Wilhelmsfelder Straße;49.44194114285715;8.752269214285715;50.0;Interpoliert
Routenpunkt (Way);Wilhelmsfelder Straße;49.44182342857143;8.752213142857142;50.0;Interpoliert
Routenpunkt (Way);Wilhelmsfelder Straße;49.44170571428572;8.752157071428572;50.0;Interpoliert
Routenpunkt (Way);Wilhelmsfelder Straße;49.441588;8.752101;50.0;Original OSM
Routenpunkt (Way);Wilhelmsfelder Straße;49.44146976666667;8.752040899999999;50.0;Interpoliert
Routenpunkt (Way);Wilhelmsfelder Straße;49.44135153333333;8.7519808;50.0;Interpoliert
Routenpunkt (Way);Wilhelmsfelder Straße;49.4412333;8.7519207;50.0;Original OSM
Routenpunkt (Way);Wilhelmsfelder Straße;49.4411046;8.7518736;50.0;Original OSM
Routenpunkt (Way);Wilhelmsfelder Straße;49.4409787;8.7518451;50.0;Original OSM
Routenpunkt (Way);Wilhelmsfelder Straße;49.4408659;8.7518327;50.0;Original OSM
Routenpunkt (Way);Wilhelmsfelder Straße;49.44077685;8.75183535;50.0;Interpoliert
Routenpunkt (Way);Wilhelmsfelder Straße;49.4406878;8.751838;50.0;Original OSM
Routenpunkt (Way);Wilhelmsfelder Straße;49.4405698;8.7518499;50.0;Original OSM
Routenpunkt (Way);Wilhelmsfelder Straße;49.4404943;8.7518636;50.0;Original OSM
Routenpunkt (Way);Wilhelmsfelder Straße;49.4403799;8.7518956;50.0;Original OSM
Routenpunkt (Way);Wilhelmsfelder Straße;49.4402744;8.7519382;50.0;Original OSM
Routenpunkt (Way);Wilhelmsfelder Straße;49.4401767;8.7519872;50.0;Original OSM
Routenpunkt (Way);Wilhelmsfelder Straße;49.44008226666667;8.752042033333334;50.0;Interpoliert
Routenpunkt (Way);Wilhelmsfelder Straße;49.43998783333333;8.752096866666667;50.0;Interpoliert
Routenpunkt (Way);Wilhelmsfelder Straße;49.4398934;8.7521517;50.0;Original OSM
Routenpunkt (Way);Wilhelmsfelder Straße;49.43979585;8.75220855;50.0;Interpoliert
Routenpunkt (Way);Wilhelmsfelder Straße;49.4396983;8.7522654;50.0;Original OSM
Routenpunkt (Way);Wilhelmsfelder Straße;49.4396716;8.7522756;50.0;Original OSM
Routenpunkt (Way);Wilhelmsfelder Straße;49.4396303;8.7522913;50.0;Original OSM
Routenpunkt (Way);Wilhelmsfelder Straße;49.4395491;8.7523141;50.0;Original OSM
Routenpunkt (Way);Wilhelmsfelder Straße;49.4394659;8.7523273;50.0;Original OSM
Routenpunkt (Way);Wilhelmsfelder Straße;49.4394019;8.7523348;50.0;Original OSM
Routenpunkt (Way);Wilhelmsfelder Straße;49.4392823;8.7523414;50.0;Original OSM
Routenpunkt (Way);Wilhelmsfelder Straße;49.4392221;8.7523394;50.0;Original OSM
Routenpunkt (Way);Wilhelmsfelder Straße;49.4390915;8.7523175;50.0;Original OSM
Routenpunkt (Way);Wilhelmsfelder Straße;49.4389788;8.7522916;50.0;Interpoliert
Routenpunkt (Way);Wilhelmsfelder Straße;49.438866100000006;8.7522657;50.0;Interpoliert
Routenpunkt (Way);Wilhelmsfelder Straße;49.4387534;8.7522398;50.0;Original OSM
Routenpunkt (Way);Wilhelmsfelder Straße;49.43864698;8.75221046;50.0;Interpoliert
Routenpunkt (Way);Wilhelmsfelder Straße;49.43854056;8.75218112;50.0;Interpoliert
Routenpunkt (Way);Wilhelmsfelder Straße;49.438434140000005;8.75215178;50.0;Interpoliert
Routenpunkt (Way);Wilhelmsfelder Straße;49.43832772;8.752122439999999;50.0;Interpoliert
Routenpunkt (Way);Wilhelmsfelder Straße;49.4382213;8.7520931;50.0;Original OSM
Routenpunkt (Way);Wilhelmsfelder Straße;49.43812706666667;8.7520757;50.0;Interpoliert
Routenpunkt (Way);Wilhelmsfelder Straße;49.43803283333334;8.7520583;50.0;Interpoliert
Routenpunkt (Way);Wilhelmsfelder Straße;49.4379386;8.7520409;50.0;Original OSM
Routenpunkt (Way);Wilhelmsfelder Straße;49.4378589;8.7520286;50.0;Original OSM
Routenpunkt (Way);Wilhelmsfelder Straße;49.4377704;8.7520193;50.0;Original OSM
Haltestelle;Grüner Baum;49.4376808;8.7520139;;Bus Stop
Routenpunkt (Way);Wilhelmsfelder Straße;49.4376808;8.7520139;50.0;Original OSM
Haltestelle;Grüner Baum;49.4376255;8.7520115;;Bus Stop
Routenpunkt (Way);Wilhelmsfelder Straße;49.4376255;8.7520115;50.0;Original OSM
Haltestelle;Grüner Baum;49.4376248;8.7519489;;Bus Stop
Routenpunkt (Way);Wilhelmsfelder Straße;49.4375276;8.7520058;50.0;Original OSM
Routenpunkt (Way);Wilhelmsfelder Straße;49.4374225;8.751998;50.0;Original OSM
Routenpunkt (Way);Wilhelmsfelder Straße;49.4373624;8.7519872;50.0;Original OSM
Routenpunkt (Way);Wilhelmsfelder Straße;49.4373235;8.7519789;50.0;Original OSM
Routenpunkt (Way);Wilhelmsfelder Straße;49.4372685;8.7519635;50.0;Original OSM
Routenpunkt (Way);Wilhelmsfelder Straße;49.43718975;8.75192425;50.0;Interpoliert
Routenpunkt (Way);Wilhelmsfelder Straße;49.437111;8.751885;50.0;Original OSM
Routenpunkt (Way);Wilhelmsfelder Straße;49.4370095;8.7518023;50.0;Interpoliert
Routenpunkt (Way);Wilhelmsfelder Straße;49.436908;8.7517196;50.0;Original OSM
Routenpunkt (Way);Wilhelmsfelder Straße;49.43683475;8.7516377;50.0;Interpoliert
Routenpunkt (Way);Wilhelmsfelder Straße;49.4367615;8.7515558;50.0;Original OSM
Routenpunkt (Way);Wilhelmsfelder Straße;49.43667435;8.75143835;50.0;Interpoliert
Routenpunkt (Way);Wilhelmsfelder Straße;49.4365872;8.7513209;50.0;Original OSM
Routenpunkt (Way);Wilhelmsfelder Straße;49.43649956666667;8.751205933333333;50.0;Interpoliert
Routenpunkt (Way);Wilhelmsfelder Straße;49.43641193333333;8.751090966666666;50.0;Interpoliert
Routenpunkt (Way);Wilhelmsfelder Straße;49.4363243;8.750976;50.0;Interpoliert
Routenpunkt (Way);Wilhelmsfelder Straße;49.436236666666666;8.750861033333333;50.0;Interpoliert
Routenpunkt (Way);Wilhelmsfelder Straße;49.436149033333336;8.750746066666666;50.0;Interpoliert
Routenpunkt (Way);Wilhelmsfelder Straße;49.4360614;8.7506311;50.0;Original OSM
Routenpunkt (Way);Wilhelmsfelder Straße;49.43597432;8.75051688;50.0;Interpoliert
Routenpunkt (Way);Wilhelmsfelder Straße;49.43588724;8.750402659999999;50.0;Interpoliert
Routenpunkt (Way);Wilhelmsfelder Straße;49.43580016;8.75028844;50.0;Interpoliert
Routenpunkt (Way);Wilhelmsfelder Straße;49.43571308;8.75017422;50.0;Interpoliert
Routenpunkt (Way);Wilhelmsfelder Straße;49.435626;8.75006;50.0;Original OSM
Routenpunkt (Way);Wilhelmsfelder Straße;49.43553674;8.74996244;50.0;Interpoliert
Routenpunkt (Way);Wilhelmsfelder Straße;49.43544748;8.749864879999999;50.0;Interpoliert
Routenpunkt (Way);Wilhelmsfelder Straße;49.43535822;8.74976732;50.0;Interpoliert
Routenpunkt (Way);Wilhelmsfelder Straße;49.43526896;8.74966976;50.0;Interpoliert
Routenpunkt (Way);Peterstaler Straße;49.4351797;8.7495722;50.0;Original OSM
Routenpunkt (Way);Wilhelmsfelder Straße;49.4351797;8.7495722;50.0;Original OSM
Routenpunkt (Way);Peterstaler Straße;49.4350972;8.749508966666665;50.0;Interpoliert
Routenpunkt (Way);Peterstaler Straße;49.4350147;8.749445733333333;50.0;Interpoliert
Routenpunkt (Way);Peterstaler Straße;49.4349322;8.7493825;50.0;Original OSM
Routenpunkt (Way);Peterstaler Straße;49.4348249;8.7493075;50.0;Interpoliert
Haltestelle;Peterstaler Straße;49.4347176;8.7492325;;Bus Stop
Routenpunkt (Way);Peterstaler Straße;49.4347176;8.7492325;50.0;Original OSM
Haltestelle;Peterstaler Straße;49.4346813;8.7492008;;Bus Stop
Routenpunkt (Way);Peterstaler Straße;49.4346813;8.7492008;50.0;Original OSM
Haltestelle;Peterstaler Straße;49.4347037;8.7491355;;Bus Stop
Routenpunkt (Way);Peterstaler Straße;49.4346289;8.7491551;50.0;Original OSM
Routenpunkt (Way);Peterstaler Straße;49.4345495;8.7490795;50.0;Original OSM
Routenpunkt (Way);Peterstaler Straße;49.4344479;8.748971;50.0;Original OSM
Routenpunkt (Way);Peterstaler Straße;49.4343735;8.7488786;50.0;Original OSM
Routenpunkt (Way);Peterstaler Straße;49.4343054;8.7487883;50.0;Original OSM
Routenpunkt (Way);Peterstaler Straße;49.434251;8.74871035;50.0;Interpoliert
Routenpunkt (Way);Peterstaler Straße;49.4341966;8.7486324;50.0;Original OSM
Routenpunkt (Way);Peterstaler Straße;49.4341402;8.748541150000001;50.0;Interpoliert
Routenpunkt (Way);Peterstaler Straße;49.4340838;8.7484499;50.0;Original OSM
Routenpunkt (Way);Peterstaler Straße;49.4340445;8.748382;50.0;Original OSM
Routenpunkt (Way);Peterstaler Straße;49.4339707;8.7482547;50.0;Original OSM
Routenpunkt (Way);Peterstaler Straße;49.4339139;8.748156;50.0;Interpoliert
Routenpunkt (Way);Peterstaler Straße;49.4338571;8.7480573;50.0;Original OSM
Routenpunkt (Way);Peterstaler Straße;49.43380165;8.7479695;50.0;Interpoliert
Routenpunkt (Way);Peterstaler Straße;49.4337462;8.7478817;50.0;Original OSM
Routenpunkt (Way);Peterstaler Straße;49.4336593;8.7477559;50.0;Original OSM
Routenpunkt (Way);Peterstaler Straße;49.43360795;8.7476867;50.0;Interpoliert
Routenpunkt (Way);Peterstaler Straße;49.4335566;8.7476175;50.0;Original OSM
Routenpunkt (Way);Peterstaler Straße;49.4334926;8.7475452;50.0;Original OSM
Routenpunkt (Way);Peterstaler Straße;49.4334332;8.7474883;50.0;Original OSM
Routenpunkt (Way);Peterstaler Straße;49.4333871;8.7474504;50.0;Original OSM
Routenpunkt (Way);Peterstaler Straße;49.4333634;8.7474327;50.0;Original OSM
Routenpunkt (Way);Peterstaler Straße;49.4332891;8.7473835;50.0;Original OSM
Routenpunkt (Way);Peterstaler Straße;49.4332278;8.7473495;50.0;Original OSM
Routenpunkt (Way);Peterstaler Straße;49.4331665;8.7473198;50.0;Original OSM
Routenpunkt (Way);Peterstaler Straße;49.4330648;8.74728;50.0;Original OSM
Routenpunkt (Way);Peterstaler Straße;49.4329862;8.7472546;50.0;Original OSM
Routenpunkt (Way);Peterstaler Straße;49.4329144;8.747236;50.0;Original OSM
Routenpunkt (Way);Peterstaler Straße;49.4327982;8.7472143;50.0;Original OSM
Routenpunkt (Way);Peterstaler Straße;49.4326778;8.7472008;50.0;Original OSM
Routenpunkt (Way);Peterstaler Straße;49.4325717;8.7471948;50.0;Original OSM
Routenpunkt (Way);Peterstaler Straße;49.4325717;8.7471948;50.0;Original OSM
Routenpunkt (Way);Peterstaler Straße;49.4325321;8.7471931;50.0;Original OSM
Routenpunkt (Way);Peterstaler Straße;49.4325321;8.7471931;50.0;Original OSM
Routenpunkt (Way);Peterstaler Straße;49.43244575;8.74719625;50.0;Interpoliert
Routenpunkt (Way);Peterstaler Straße;49.4323594;8.7471994;50.0;Original OSM
Routenpunkt (Way);Peterstaler Straße;49.4323076;8.7472047;50.0;Original OSM
Routenpunkt (Way);Peterstaler Straße;49.4322661;8.7472134;50.0;Original OSM
Routenpunkt (Way);Peterstaler Straße;49.4322236;8.7472257;50.0;Original OSM
Routenpunkt (Way);Peterstaler Straße;49.43218;8.7472426;50.0;Original OSM
Routenpunkt (Way);Peterstaler Straße;49.4321279;8.7472647;50.0;Original OSM
Routenpunkt (Way);Peterstaler Straße;49.4320701;8.7472985;50.0;Original OSM
Routenpunkt (Way);Peterstaler Straße;49.4319622;8.7473695;50.0;Original OSM
Haltestelle;Kreuzgrundweg;49.4319018;8.7474137;;Bus Stop
Routenpunkt (Way);Peterstaler Straße;49.4319018;8.7474137;50.0;Original OSM
Routenpunkt (Way);Peterstaler Straße;49.4318615;8.7474432;50.0;Original OSM
Haltestelle;Kreuzgrundweg;49.4318477;8.7473809;;Bus Stop
Routenpunkt (Way);Peterstaler Straße;49.4318007;8.7474925;50.0;Original OSM
Routenpunkt (Way);Peterstaler Straße;49.4317226;8.7475597;50.0;Original OSM
Routenpunkt (Way);Peterstaler Straße;49.4316635;8.7476142;50.0;Original OSM
Routenpunkt (Way);Peterstaler Straße;49.4316059;8.7476672;50.0;Original OSM
Haltestelle;Kreuzgrundweg;49.4315524;8.7477184;;Bus Stop
Routenpunkt (Way);Peterstaler Straße;49.4315524;8.7477184;50.0;Original OSM
Routenpunkt (Way);Peterstaler Straße;49.43144115;8.7478251;50.0;Interpoliert
Routenpunkt (Way);Peterstaler Straße;49.4313299;8.7479318;50.0;Interpoliert
Routenpunkt (Way);Peterstaler Straße;49.431218650000005;8.7480385;50.0;Interpoliert
Routenpunkt (Way);Peterstaler Straße;49.4311074;8.7481452;50.0;Interpoliert
Routenpunkt (Way);Peterstaler Straße;49.43099615;8.7482519;50.0;Interpoliert
Routenpunkt (Way);Peterstaler Straße;49.4308849;8.7483586;50.0;Interpoliert
Routenpunkt (Way);Peterstaler Straße;49.430773650000006;8.7484653;50.0;Interpoliert
Routenpunkt (Way);Peterstaler Straße;49.4306624;8.748572;50.0;Original OSM
Routenpunkt (Way);Peterstaler Straße;49.4305515;8.748659;50.0;Original OSM
Routenpunkt (Way);Peterstaler Straße;49.4304407;8.7487344;50.0;Original OSM
Routenpunkt (Way);Peterstaler Straße;49.430347;8.7487884;50.0;Original OSM
Routenpunkt (Way);Peterstaler Straße;49.4302667;8.7488259;50.0;Original OSM
Routenpunkt (Way);Peterstaler Straße;49.43014603333333;8.748868466666666;50.0;Interpoliert
Routenpunkt (Way);Peterstaler Straße;49.43002536666667;8.748911033333334;50.0;Interpoliert
Routenpunkt (Way);Peterstaler Straße;49.4299047;8.7489536;50.0;Original OSM
Routenpunkt (Way);Peterstaler Straße;49.429801366666666;8.7489966;50.0;Interpoliert
Routenpunkt (Way);Peterstaler Straße;49.42969803333334;8.7490396;50.0;Interpoliert
Routenpunkt (Way);Peterstaler Straße;49.4295947;8.7490826;50.0;Original OSM
Routenpunkt (Way);Peterstaler Straße;49.4294782;8.7491404;50.0;Interpoliert
Routenpunkt (Way);Peterstaler Straße;49.4293617;8.7491982;50.0;Interpoliert
Routenpunkt (Way);Peterstaler Straße;49.4292452;8.749256;50.0;Original OSM
Routenpunkt (Way);Peterstaler Straße;49.4292452;8.749256;50.0;Original OSM
Routenpunkt (Way);Peterstaler Straße;49.4291706;8.7492905;50.0;Interpoliert
Routenpunkt (Way);Peterstaler Straße;49.429096;8.749325;50.0;Original OSM
Routenpunkt (Way);Peterstaler Straße;49.4290494;8.7493458;50.0;Original OSM
Routenpunkt (Way);Peterstaler Straße;49.4290192;8.7493592;50.0;Original OSM
Routenpunkt (Way);Peterstaler Straße;49.4289198;8.7493893;50.0;Interpoliert
Routenpunkt (Way);Peterstaler Straße;49.4288204;8.7494194;50.0;Original OSM
Routenpunkt (Way);Peterstaler Straße;49.4287211;8.74944;50.0;Interpoliert
Routenpunkt (Way);Peterstaler Straße;49.4286218;8.7494606;50.0;Original OSM
Routenpunkt (Way);Peterstaler Straße;49.42854025;8.749479000000001;50.0;Interpoliert
Haltestelle;Fürstendamm;49.4284587;8.7494974;;Bus Stop
Routenpunkt (Way);Peterstaler Straße;49.4284587;8.7494974;50.0;Original OSM
Routenpunkt (Way);Peterstaler Straße;49.4284587;8.7494974;50.0;Original OSM
Routenpunkt (Way);Peterstaler Straße;49.42833505;8.749525299999998;50.0;Interpoliert
Routenpunkt (Way);Peterstaler Straße;49.4282114;8.7495532;50.0;Original OSM
Routenpunkt (Way);Peterstaler Straße;49.4281214;8.74958425;50.0;Interpoliert
Haltestelle;Fürstendamm;49.4280314;8.7496153;;Bus Stop
Routenpunkt (Way);Peterstaler Straße;49.4280314;8.7496153;50.0;Original OSM
Routenpunkt (Way);Peterstaler Straße;49.4280314;8.7496153;50.0;Original OSM
Routenpunkt (Way);Peterstaler Straße;49.4279648;8.7496383;50.0;Original OSM
Routenpunkt (Way);Peterstaler Straße;49.4279254;8.749653;50.0;Original OSM
Routenpunkt (Way);Peterstaler Straße;49.427822025;8.749701275;50.0;Interpoliert
Routenpunkt (Way);Peterstaler Straße;49.42771865;8.74974955;50.0;Interpoliert
Routenpunkt (Way);Peterstaler Straße;49.427615275;8.749797825;50.0;Interpoliert
Routenpunkt (Way);Peterstaler Straße;49.4275119;8.7498461;50.0;Original OSM
Routenpunkt (Way);Peterstaler Straße;49.4273883;8.7499183;50.0;Original OSM
Routenpunkt (Way);Peterstaler Straße;49.42727435;8.74999235;50.0;Interpoliert
Routenpunkt (Way);Peterstaler Straße;49.4271604;8.7500664;50.0;Original OSM
Routenpunkt (Way);Peterstaler Straße;49.42706326666666;8.7501324;50.0;Interpoliert
Routenpunkt (Way);Peterstaler Straße;49.42696613333334;8.7501984;50.0;Interpoliert
Routenpunkt (Way);Peterstaler Straße;49.426869;8.7502644;50.0;Original OSM
Routenpunkt (Way);Peterstaler Straße;49.426754725;8.750357450000001;50.0;Interpoliert
Routenpunkt (Way);Peterstaler Straße;49.42664045;8.7504505;50.0;Interpoliert
Routenpunkt (Way);Peterstaler Straße;49.426526175;8.75054355;50.0;Interpoliert
Routenpunkt (Way);Peterstaler Straße;49.4264119;8.7506366;50.0;Original OSM
Routenpunkt (Way);Peterstaler Straße;49.42630517142857;8.750730314285715;50.0;Interpoliert
Routenpunkt (Way);Peterstaler Straße;49.42619844285714;8.750824028571428;50.0;Interpoliert
Routenpunkt (Way);Peterstaler Straße;49.42609171428571;8.750917742857142;50.0;Interpoliert
Routenpunkt (Way);Peterstaler Straße;49.42598498571429;8.751011457142857;50.0;Interpoliert
Routenpunkt (Way);Peterstaler Straße;49.425878257142855;8.751105171428572;50.0;Interpoliert
Routenpunkt (Way);Peterstaler Straße;49.42577152857143;8.751198885714285;50.0;Interpoliert
Routenpunkt (Way);Peterstaler Straße;49.4256648;8.7512926;50.0;Original OSM
Routenpunkt (Way);Peterstaler Straße;49.42558603333333;8.7513723;50.0;Interpoliert
Routenpunkt (Way);Peterstaler Straße;49.42550726666667;8.751451999999999;50.0;Interpoliert
Routenpunkt (Way);Peterstaler Straße;49.4254285;8.7515317;50.0;Original OSM
Haltestelle;Mühldamm;49.4253906;8.7515716;;Bus Stop
Routenpunkt (Way);Peterstaler Straße;49.4253906;8.7515716;50.0;Original OSM
Haltestelle;Mühldamm;49.4253742;8.7515189;;Bus Stop
Routenpunkt (Way);Peterstaler Straße;49.425306;8.7516605;50.0;Original OSM
Routenpunkt (Way);Peterstaler Straße;49.4252027;8.7517704;50.0;Interpoliert
Haltestelle;Mühldamm;49.4250994;8.7518803;;Bus Stop
Routenpunkt (Way);Peterstaler Straße;49.4250994;8.7518803;50.0;Original OSM
Routenpunkt (Way);Peterstaler Straße;49.42499678333333;8.7519895;50.0;Interpoliert
Routenpunkt (Way);Peterstaler Straße;49.42489416666667;8.7520987;50.0;Interpoliert
Routenpunkt (Way);Peterstaler Straße;49.42479155;8.7522079;50.0;Interpoliert
Routenpunkt (Way);Peterstaler Straße;49.424688933333336;8.7523171;50.0;Interpoliert
Routenpunkt (Way);Peterstaler Straße;49.42458631666667;8.7524263;50.0;Interpoliert
Routenpunkt (Way);Peterstaler Straße;49.4244837;8.7525355;50.0;Original OSM
Routenpunkt (Way);Peterstaler Straße;49.424377375000006;8.7526544;50.0;Interpoliert
Routenpunkt (Way);Peterstaler Straße;49.42427105;8.752773300000001;50.0;Interpoliert
Routenpunkt (Way);Peterstaler Straße;49.424164725;8.7528922;50.0;Interpoliert
Routenpunkt (Way);Peterstaler Straße;49.4240584;8.7530111;50.0;Original OSM
Routenpunkt (Way);Peterstaler Straße;49.423963525;8.753129775;50.0;Interpoliert
Routenpunkt (Way);Peterstaler Straße;49.42386865;8.753248450000001;50.0;Interpoliert
Routenpunkt (Way);Peterstaler Straße;49.423773775;8.753367125;50.0;Interpoliert
Routenpunkt (Way);Peterstaler Straße;49.4236789;8.7534858;50.0;Original OSM
Routenpunkt (Way);Peterstaler Straße;49.4236377;8.7535349;50.0;Original OSM
Routenpunkt (Way);Peterstaler Straße;49.4235798;8.7535856;50.0;Original OSM
Routenpunkt (Way);Peterstaler Straße;49.4235088;8.7536262;50.0;Original OSM
Routenpunkt (Way);Peterstaler Straße;49.4234149;8.7536566;50.0;Original OSM
Routenpunkt (Way);Peterstaler Straße;49.42330745;8.7536655;50.0;Interpoliert
Routenpunkt (Way);Peterstaler Straße;49.4232;8.7536744;50.0;Original OSM
Routenpunkt (Way);Peterstaler Straße;49.4231106;8.7536759;50.0;Original OSM
Routenpunkt (Way);Peterstaler Straße;49.4230252;8.7536788;50.0;Original OSM
Routenpunkt (Way);Peterstaler Straße;49.4229361;8.7536891;50.0;Original OSM
Routenpunkt (Way);Peterstaler Straße;49.4228428;8.7537057;50.0;Original OSM
Routenpunkt (Way);Peterstaler Straße;49.4227816;8.7537255;50.0;Original OSM
Routenpunkt (Way);Peterstaler Straße;49.422714;8.7537549;50.0;Original OSM
Routenpunkt (Way);Peterstaler Straße;49.4226314;8.7538052;50.0;Original OSM
Haltestelle;Steinbacher Tal;49.422608;8.7538227;;Bus Stop
Routenpunkt (Way);Peterstaler Straße;49.422608;8.7538227;50.0;Original OSM
Routenpunkt (Way);Peterstaler Straße;49.4225468;8.7538685;50.0;Original OSM
Routenpunkt (Way);Peterstaler Straße;49.422499;8.753912;50.0;Original OSM
Routenpunkt (Way);Peterstaler Straße;49.422499;8.753912;50.0;Original OSM
Routenpunkt (Way);Peterstaler Straße;49.4224508;8.7539595;50.0;Original OSM
Routenpunkt (Way);Peterstaler Straße;49.4223972;8.7540221;50.0;Original OSM
Routenpunkt (Way);Peterstaler Straße;49.4223519;8.7540817;50.0;Original OSM
Routenpunkt (Way);Peterstaler Straße;49.4223032;8.7541554;50.0;Original OSM
Routenpunkt (Way);Peterstaler Straße;49.422249;8.7542452;50.0;Original OSM
Routenpunkt (Way);Peterstaler Straße;49.4221696;8.7543903;50.0;Original OSM
Routenpunkt (Way);Peterstaler Straße;49.4221013;8.7545301;50.0;Original OSM
Routenpunkt (Way);Peterstaler Straße;49.4220694;8.7545998;50.0;Original OSM
Routenpunkt (Way);Peterstaler Straße;49.42205;8.7546513;50.0;Original OSM
Haltestelle;Steinbacher Tal;49.4220394;8.7546766;;Bus Stop
Routenpunkt (Way);Peterstaler Straße;49.4220394;8.7546766;50.0;Original OSM
Routenpunkt (Way);Peterstaler Straße;49.4219985;8.754782;50.0;Original OSM
Routenpunkt (Way);Peterstaler Straße;49.4219737;8.7548454;50.0;Original OSM
Routenpunkt (Way);Peterstaler Straße;49.4219248;8.7549704;50.0;Original OSM
Routenpunkt (Way);Peterstaler Straße;49.4218538;8.7551295;50.0;Original OSM
Routenpunkt (Way);Peterstaler Straße;49.4218376;8.7551612;50.0;Original OSM
Routenpunkt (Way);Peterstaler Straße;49.4217828;8.7552688;50.0;Original OSM
Routenpunkt (Way);Peterstaler Straße;49.4217558;8.7553158;50.0;Original OSM
Routenpunkt (Way);Peterstaler Straße;49.4217197;8.7553788;50.0;Original OSM
Routenpunkt (Way);Peterstaler Straße;49.4216518;8.7554761;50.0;Original OSM
Routenpunkt (Way);Peterstaler Straße;49.4215759;8.7555836;30.0;Original OSM
Routenpunkt (Way);Peterstaler Straße;49.4215759;8.7555836;50.0;Original OSM
Routenpunkt (Way);Peterstaler Straße;49.42150225;8.7556714;30.0;Interpoliert
Routenpunkt (Way);Peterstaler Straße;49.4214286;8.7557592;30.0;Original OSM
Routenpunkt (Way);Peterstaler Straße;49.4213471;8.7558549;30.0;Original OSM
Routenpunkt (Way);Peterstaler Straße;49.4213104;8.7558979;30.0;Original OSM
Routenpunkt (Way);Peterstaler Straße;49.4212688;8.7559473;30.0;Original OSM
Routenpunkt (Way);Peterstaler Straße;49.4212433;8.7559768;30.0;Original OSM
Routenpunkt (Way);Peterstaler Straße;49.4211596;8.75607305;30.0;Interpoliert
Routenpunkt (Way);Peterstaler Straße;49.4210759;8.7561693;30.0;Original OSM
Routenpunkt (Way);Peterstaler Straße;49.4210759;8.7561693;30.0;Original OSM
Routenpunkt (Way);Peterstaler Straße;49.4210221;8.7562244;30.0;Original OSM
Routenpunkt (Way);Peterstaler Straße;49.420983;8.7562581;30.0;Original OSM
Routenpunkt (Way);Peterstaler Straße;49.4209123;8.7562991;30.0;Original OSM
Routenpunkt (Way);Peterstaler Straße;49.4208733;8.7563198;30.0;Original OSM
Routenpunkt (Way);Peterstaler Straße;49.42078785;8.75636515;30.0;Interpoliert
Routenpunkt (Way);Peterstaler Straße;49.4207024;8.7564105;30.0;Original OSM
Routenpunkt (Way);Peterstaler Straße;49.4206205;8.7564503;30.0;Original OSM
Routenpunkt (Way);Peterstaler Straße;49.4205493;8.7564898;30.0;Interpoliert
Routenpunkt (Way);Peterstaler Straße;49.4204781;8.7565293;30.0;Original OSM
Routenpunkt (Way);Peterstaler Straße;49.42035515;8.7566033;30.0;Interpoliert
Routenpunkt (Way);Peterstaler Straße;49.4202322;8.7566773;30.0;Original OSM
Routenpunkt (Way);Peterstaler Straße;49.4201313;8.756728;30.0;Original OSM
Routenpunkt (Way);Peterstaler Straße;49.4200831;8.7567489;30.0;Original OSM
Routenpunkt (Way);Peterstaler Straße;49.4200392;8.7567666;30.0;Original OSM
Routenpunkt (Way);Peterstaler Straße;49.4199748;8.7567911;30.0;Original OSM
Routenpunkt (Way);Peterstaler Straße;49.4199203;8.7568087;30.0;Original OSM
Routenpunkt (Way);Peterstaler Straße;49.419854;8.7568276;30.0;Original OSM
Routenpunkt (Way);Peterstaler Straße;49.4197861;8.7568412;30.0;Original OSM
Routenpunkt (Way);Peterstaler Straße;49.4197721;8.7568431;30.0;Original OSM
Routenpunkt (Way);Peterstaler Straße;49.4197112;8.7568516;30.0;Original OSM
Routenpunkt (Way);Peterstaler Straße;49.4195788;8.7568664;30.0;Original OSM
Routenpunkt (Way);Peterstaler Straße;49.4195402;8.7568707;30.0;Original OSM
Routenpunkt (Way);Peterstaler Straße;49.419466400000005;8.756876250000001;30.0;Interpoliert
Routenpunkt (Way);Peterstaler Straße;49.4193926;8.7568818;30.0;Original OSM
Routenpunkt (Way);Peterstaler Straße;49.4193926;8.7568818;30.0;Original OSM
Routenpunkt (Way);Peterstaler Straße;49.41930905;8.756884750000001;30.0;Interpoliert
Haltestelle;Neckarschule;49.4192255;8.7568877;;Bus Stop
Routenpunkt (Way);Peterstaler Straße;49.4192255;8.7568877;30.0;Original OSM
Routenpunkt (Way);Peterstaler Straße;49.419175;8.7568895;30.0;Original OSM
Routenpunkt (Way);Peterstaler Straße;49.419081250000005;8.7568903;30.0;Interpoliert
Routenpunkt (Way);Peterstaler Straße;49.4189875;8.7568911;30.0;Original OSM
Routenpunkt (Way);Peterstaler Straße;49.41890345;8.75689225;30.0;Interpoliert
Routenpunkt (Way);Peterstaler Straße;49.4188194;8.7568934;30.0;Original OSM
Routenpunkt (Way);Peterstaler Straße;49.41869505;8.75689405;30.0;Interpoliert
Routenpunkt (Way);Peterstaler Straße;49.4185707;8.7568947;30.0;Original OSM
Routenpunkt (Way);Peterstaler Straße;49.4185707;8.7568947;30.0;Original OSM
Ampel;Ampel;49.4185152;8.756895;;Traffic Signal
Routenpunkt (Way);Peterstaler Straße;49.4185152;8.756895;30.0;Original OSM
Routenpunkt (Way);Peterstaler Straße;49.4185152;8.756895;30.0;Original OSM
Routenpunkt (Way);Peterstaler Straße;49.4185018;8.7568949;30.0;Original OSM
Routenpunkt (Way);Peterstaler Straße;49.4184565;8.7568944;30.0;Original OSM
Routenpunkt (Way);Peterstaler Straße;49.4184112;8.7568911;30.0;Original OSM
Routenpunkt (Way);Peterstaler Straße;49.418388;8.7568827;30.0;Original OSM
Routenpunkt (Way);Peterstaler Straße;49.4183638;8.7568673;30.0;Original OSM
Routenpunkt (Way);Peterstaler Straße;49.4183638;8.7568673;30.0;Original OSM
Routenpunkt (Way);Peterstaler Straße;49.418332;8.7568269;30.0;Original OSM
Routenpunkt (Way);Peterstaler Straße;49.418306;8.7567782;30.0;Original OSM
Routenpunkt (Way);Peterstaler Straße;49.41827;8.756655649999999;30.0;Interpoliert
Routenpunkt (Way);Peterstaler Straße;49.418234;8.7565331;30.0;Original OSM
Routenpunkt (Way);Peterstaler Straße;49.4182154;8.7564882;30.0;Original OSM
Routenpunkt (Way);Peterstaler Straße;49.4181974;8.7564531;30.0;Original OSM
Routenpunkt (Way);In der Neckarhelle;49.4181679;8.7564137;30.0;Original OSM
Routenpunkt (Way);Peterstaler Straße;49.4181679;8.7564137;30.0;Original OSM
Routenpunkt (Way);In der Neckarhelle;49.4181205;8.7562958;30.0;Original OSM
Routenpunkt (Way);In der Neckarhelle;49.418078;8.7561481;30.0;Original OSM
Routenpunkt (Way);In der Neckarhelle;49.4180254;8.7559575;30.0;Original OSM
Routenpunkt (Way);In der Neckarhelle;49.41800135;8.7558581;30.0;Interpoliert
Routenpunkt (Way);In der Neckarhelle;49.4179773;8.7557587;30.0;Original OSM
Routenpunkt (Way);In der Neckarhelle;49.4179583;8.7556523;30.0;Interpoliert
Routenpunkt (Way);In der Neckarhelle;49.4179393;8.7555459;30.0;Original OSM
Routenpunkt (Way);In der Neckarhelle;49.4179118;8.7553692;30.0;Interpoliert
Routenpunkt (Way);In der Neckarhelle;49.4178843;8.7551925;30.0;Original OSM
Routenpunkt (Way);In der Neckarhelle;49.41786675;8.75505615;30.0;Interpoliert
Routenpunkt (Way);In der Neckarhelle;49.4178492;8.7549198;30.0;Original OSM
Routenpunkt (Way);In der Neckarhelle;49.4178288;8.7547933;30.0;Interpoliert
Routenpunkt (Way);In der Neckarhelle;49.4178084;8.7546668;30.0;Original OSM
Routenpunkt (Way);In der Neckarhelle;49.4177698;8.7544891;30.0;Interpoliert
Routenpunkt (Way);In der Neckarhelle;49.4177312;8.7543114;30.0;Interpoliert
Routenpunkt (Way);In der Neckarhelle;49.4176926;8.7541337;30.0;Interpoliert
Routenpunkt (Way);In der Neckarhelle;49.417654;8.753956;30.0;Original OSM
Routenpunkt (Way);In der Neckarhelle;49.41761618;8.75379216;30.0;Interpoliert
Routenpunkt (Way);In der Neckarhelle;49.41757836;8.75362832;30.0;Interpoliert
Routenpunkt (Way);In der Neckarhelle;49.41754054;8.75346448;30.0;Interpoliert
Routenpunkt (Way);In der Neckarhelle;49.41750272;8.75330064;30.0;Interpoliert
Routenpunkt (Way);In der Neckarhelle;49.4174649;8.7531368;30.0;Original OSM
Routenpunkt (Way);In der Neckarhelle;49.41742923333333;8.752982466666667;30.0;Interpoliert
Routenpunkt (Way);In der Neckarhelle;49.41739356666667;8.752828133333333;30.0;Interpoliert
Haltestelle;Neuer Weg;49.4173579;8.7526738;;Bus Stop
Routenpunkt (Way);In der Neckarhelle;49.4173579;8.7526738;30.0;Original OSM
Routenpunkt (Way);In der Neckarhelle;49.4173405;8.7525926;30.0;Original OSM
Routenpunkt (Way);In der Neckarhelle;49.41730935;8.7524435;30.0;Interpoliert
Routenpunkt (Way);In der Neckarhelle;49.4172782;8.7522944;30.0;Original OSM
Routenpunkt (Way);In der Neckarhelle;49.4172566;8.7521746;30.0;Original OSM
Routenpunkt (Way);In der Neckarhelle;49.4172506;8.7521294;30.0;Original OSM
Routenpunkt (Way);In der Neckarhelle;49.4172392;8.7520295;30.0;Original OSM
Routenpunkt (Way);In der Neckarhelle;49.4172322;8.7519244;30.0;Original OSM
Routenpunkt (Way);In der Neckarhelle;49.4172266;8.7518402;30.0;Original OSM
Routenpunkt (Way);In der Neckarhelle;49.4172266;8.7518402;30.0;Original OSM
Routenpunkt (Way);In der Neckarhelle;49.4172228;8.7517436;30.0;Original OSM
Routenpunkt (Way);In der Neckarhelle;49.4172209;8.7516355;30.0;Original OSM
Routenpunkt (Way);In der Neckarhelle;49.4172242;8.7514925;30.0;Original OSM
Routenpunkt (Way);In der Neckarhelle;49.4172372;8.75128748;30.0;Interpoliert
Routenpunkt (Way);In der Neckarhelle;49.4172502;8.75108246;30.0;Interpoliert
Routenpunkt (Way);In der Neckarhelle;49.4172632;8.75087744;30.0;Interpoliert
Routenpunkt (Way);In der Neckarhelle;49.4172762;8.750672419999999;30.0;Interpoliert
Routenpunkt (Way);In der Neckarhelle;49.4172892;8.7504674;30.0;Original OSM
Routenpunkt (Way);In der Neckarhelle;49.417294175;8.750278425;30.0;Interpoliert
Routenpunkt (Way);In der Neckarhelle;49.41729915;8.75008945;30.0;Interpoliert
Routenpunkt (Way);In der Neckarhelle;49.417304125;8.749900475;30.0;Interpoliert
Routenpunkt (Way);In der Neckarhelle;49.4173091;8.7497115;30.0;Original OSM
Routenpunkt (Way);In der Neckarhelle;49.41731915;8.7495069;30.0;Interpoliert
Haltestelle;Neckarhelle;49.4173292;8.7493023;;Bus Stop
Routenpunkt (Way);In der Neckarhelle;49.4173292;8.7493023;30.0;Original OSM
Routenpunkt (Way);In der Neckarhelle;49.4173328;8.749161366666666;30.0;Interpoliert
Routenpunkt (Way);In der Neckarhelle;49.4173364;8.749020433333333;30.0;Interpoliert
Routenpunkt (Way);In der Neckarhelle;49.41734;8.7488795;30.0;Original OSM
Routenpunkt (Way);In der Neckarhelle;49.41734674;8.74870988;30.0;Interpoliert
Routenpunkt (Way);In der Neckarhelle;49.41735348;8.74854026;30.0;Interpoliert
Routenpunkt (Way);In der Neckarhelle;49.41736022;8.74837064;30.0;Interpoliert
Routenpunkt (Way);In der Neckarhelle;49.41736696;8.74820102;30.0;Interpoliert
Haltestelle;Neckarhelle;49.4173737;8.7480314;;Bus Stop
Routenpunkt (Way);In der Neckarhelle;49.4173737;8.7480314;30.0;Original OSM
Routenpunkt (Way);In der Neckarhelle;49.41737846666667;8.747889566666666;30.0;Interpoliert
Routenpunkt (Way);In der Neckarhelle;49.41738323333333;8.747747733333334;30.0;Interpoliert
Routenpunkt (Way);In der Neckarhelle;49.417388;8.7476059;30.0;Original OSM
Routenpunkt (Way);In der Neckarhelle;49.417390483333335;8.747420766666666;30.0;Interpoliert
Routenpunkt (Way);In der Neckarhelle;49.41739296666667;8.747235633333334;30.0;Interpoliert
Routenpunkt (Way);In der Neckarhelle;49.41739545;8.7470505;30.0;Interpoliert
Routenpunkt (Way);In der Neckarhelle;49.41739793333333;8.746865366666666;30.0;Interpoliert
Routenpunkt (Way);In der Neckarhelle;49.417400416666666;8.746680233333334;30.0;Interpoliert
Routenpunkt (Way);In der Neckarhelle;49.4174029;8.7464951;30.0;Original OSM
Routenpunkt (Way);In der Neckarhelle;49.41740875;8.74634655;30.0;Interpoliert
Routenpunkt (Way);In der Neckarhelle;49.4174146;8.746198;30.0;Original OSM
Routenpunkt (Way);In der Neckarhelle;49.4174226;8.74608205;30.0;Interpoliert
Routenpunkt (Way);In der Neckarhelle;49.4174306;8.7459661;30.0;Original OSM
Routenpunkt (Way);In der Neckarhelle;49.417455;8.745773;30.0;Original OSM
Routenpunkt (Way);In der Neckarhelle;49.41748554285714;8.745576371428571;30.0;Interpoliert
Routenpunkt (Way);In der Neckarhelle;49.41751608571428;8.745379742857143;30.0;Interpoliert
Routenpunkt (Way);In der Neckarhelle;49.41754662857143;8.745183114285714;30.0;Interpoliert
Routenpunkt (Way);In der Neckarhelle;49.41757717142857;8.744986485714286;30.0;Interpoliert
Routenpunkt (Way);In der Neckarhelle;49.41760771428572;8.744789857142857;30.0;Interpoliert
Routenpunkt (Way);In der Neckarhelle;49.417638257142855;8.744593228571429;30.0;Interpoliert
Routenpunkt (Way);In der Neckarhelle;49.4176688;8.7443966;30.0;Original OSM
Routenpunkt (Way);In der Neckarhelle;49.4176721;8.7443315;30.0;Original OSM
Routenpunkt (Way);In der Neckarhelle;49.4176631;8.7442471;30.0;Original OSM
Routenpunkt (Way);In der Neckarhelle;49.4176484;8.7441715;30.0;Original OSM
Routenpunkt (Way);In der Neckarhelle;49.4176484;8.7441715;30.0;Original OSM
Routenpunkt (Way);In der Neckarhelle;49.4176143;8.7440913;30.0;Original OSM
Routenpunkt (Way);In der Neckarhelle;49.4175859;8.7440548;30.0;Original OSM
Routenpunkt (Way);In der Neckarhelle;49.417548;8.7440201;30.0;Original OSM
Haltestelle;Stiftsmühle;49.4174603;8.7439723;;Bus Stop
Routenpunkt (Way);In der Neckarhelle;49.4174603;8.7439723;30.0;Original OSM
Routenpunkt (Way);In der Neckarhelle;49.4173941;8.7439363;30.0;Original OSM
Routenpunkt (Way);In der Neckarhelle;49.41727636666667;8.7438725;30.0;Interpoliert
Routenpunkt (Way);In der Neckarhelle;49.41715863333334;8.743808699999999;30.0;Interpoliert
Routenpunkt (Way);In der Neckarhelle;49.4170409;8.7437449;30.0;Original OSM
Routenpunkt (Way);In der Neckarhelle;49.4170409;8.7437449;70.0;Original OSM
Routenpunkt (Way);In der Neckarhelle;49.41707551666667;8.743554733333333;70.0;Interpoliert
Routenpunkt (Way);In der Neckarhelle;49.41711013333334;8.743364566666667;70.0;Interpoliert
Routenpunkt (Way);In der Neckarhelle;49.417144750000006;8.743174400000001;70.0;Interpoliert
Routenpunkt (Way);In der Neckarhelle;49.417179366666666;8.742984233333333;70.0;Interpoliert
Routenpunkt (Way);In der Neckarhelle;49.41721398333333;8.742794066666667;70.0;Interpoliert
Routenpunkt (Way);In der Neckarhelle;49.4172486;8.7426039;70.0;Original OSM
Routenpunkt (Way);In der Neckarhelle;49.4172486;8.7426039;70.0;Original OSM
Routenpunkt (Way);In der Neckarhelle;49.41728167142857;8.7424244;70.0;Interpoliert
Routenpunkt (Way);In der Neckarhelle;49.41731474285714;8.742244900000001;70.0;Interpoliert
Routenpunkt (Way);In der Neckarhelle;49.41734781428571;8.742065400000001;70.0;Interpoliert
Routenpunkt (Way);In der Neckarhelle;49.41738088571429;8.7418859;70.0;Interpoliert
Routenpunkt (Way);In der Neckarhelle;49.417413957142855;8.7417064;70.0;Interpoliert
Routenpunkt (Way);In der Neckarhelle;49.41744702857143;8.7415269;70.0;Interpoliert
Routenpunkt (Way);In der Neckarhelle;49.4174801;8.7413474;70.0;Original OSM
Routenpunkt (Way);In der Neckarhelle;49.417514966666666;8.7411856;70.0;Interpoliert
Routenpunkt (Way);In der Neckarhelle;49.41754983333333;8.7410238;70.0;Interpoliert
Routenpunkt (Way);In der Neckarhelle;49.4175847;8.740862;70.0;Original OSM
Routenpunkt (Way);In der Neckarhelle;49.4176296;8.740671733333333;70.0;Interpoliert
Routenpunkt (Way);In der Neckarhelle;49.4176745;8.740481466666667;70.0;Interpoliert
Routenpunkt (Way);In der Neckarhelle;49.4177194;8.7402912;70.0;Original OSM
Routenpunkt (Way);In der Neckarhelle;49.4177527;8.740159133333334;70.0;Interpoliert
Routenpunkt (Way);In der Neckarhelle;49.417786;8.740027066666666;70.0;Interpoliert
Routenpunkt (Way);In der Neckarhelle;49.4178193;8.739895;70.0;Original OSM
Routenpunkt (Way);In der Neckarhelle;49.4178193;8.739895;70.0;Original OSM
Routenpunkt (Way);In der Neckarhelle;49.417869175;8.7397074;70.0;Interpoliert
Routenpunkt (Way);In der Neckarhelle;49.41791905;8.7395198;70.0;Interpoliert
Routenpunkt (Way);In der Neckarhelle;49.417968925;8.7393322;70.0;Interpoliert
Routenpunkt (Way);In der Neckarhelle;49.4180188;8.7391446;70.0;Original OSM
Routenpunkt (Way);In der Neckarhelle;49.4180188;8.7391446;70.0;Original OSM
Routenpunkt (Way);In der Neckarhelle;49.418073;8.73895642;70.0;Interpoliert
Routenpunkt (Way);In der Neckarhelle;49.4181272;8.738768239999999;70.0;Interpoliert
Routenpunkt (Way);In der Neckarhelle;49.4181814;8.73858006;70.0;Interpoliert
Routenpunkt (Way);In der Neckarhelle;49.4182356;8.73839188;70.0;Interpoliert
Routenpunkt (Way);In der Neckarhelle;49.4182898;8.7382037;70.0;Original OSM
Routenpunkt (Way);In der Neckarhelle;49.418345;8.73802384;70.0;Interpoliert
Routenpunkt (Way);In der Neckarhelle;49.4184002;8.73784398;70.0;Interpoliert
Routenpunkt (Way);In der Neckarhelle;49.4184554;8.73766412;70.0;Interpoliert
Routenpunkt (Way);In der Neckarhelle;49.418510600000005;8.737484259999999;70.0;Interpoliert
Routenpunkt (Way);In der Neckarhelle;49.4185658;8.7373044;70.0;Original OSM
Routenpunkt (Way);In der Neckarhelle;49.4186254;8.7371213;70.0;Interpoliert
Routenpunkt (Way);In der Neckarhelle;49.418685;8.7369382;70.0;Interpoliert
Routenpunkt (Way);In der Neckarhelle;49.4187446;8.7367551;70.0;Interpoliert
Routenpunkt (Way);In der Neckarhelle;49.4188042;8.736572;50.0;Original OSM
Routenpunkt (Way);In der Neckarhelle;49.4188042;8.736572;70.0;Original OSM
Routenpunkt (Way);In der Neckarhelle;49.4188515;8.736426766666668;50.0;Interpoliert
Routenpunkt (Way);In der Neckarhelle;49.4188988;8.736281533333333;50.0;Interpoliert
Routenpunkt (Way);In der Neckarhelle;49.4189461;8.7361363;50.0;Original OSM
Routenpunkt (Way);In der Neckarhelle;49.41899545;8.735990225;50.0;Interpoliert
Routenpunkt (Way);In der Neckarhelle;49.4190448;8.73584415;50.0;Interpoliert
Routenpunkt (Way);In der Neckarhelle;49.41909415;8.735698075;50.0;Interpoliert
Ampel;Ampel;49.4191435;8.735552;;Traffic Signal
Routenpunkt (Way);In der Neckarhelle;49.4191435;8.735552;50.0;Original OSM
Routenpunkt (Way);In der Neckarhelle;49.4191435;8.735552;50.0;Original OSM
Haltestelle;Stift Neuburg;49.4191718;8.7354568;;Bus Stop
Routenpunkt (Way);In der Neckarhelle;49.4191718;8.7354568;50.0;Original OSM
Haltestelle;Stift Neuburg;49.4192243;8.7353125;;Bus Stop
Routenpunkt (Way);In der Neckarhelle;49.4192243;8.7353125;50.0;Original OSM
Routenpunkt (Way);In der Neckarhelle;49.4192436;8.7352476;50.0;Original OSM
Routenpunkt (Way);In der Neckarhelle;49.41928195;8.7351251;50.0;Interpoliert
Routenpunkt (Way);In der Neckarhelle;49.4193203;8.7350026;50.0;Original OSM
Routenpunkt (Way);In der Neckarhelle;49.4193203;8.7350026;50.0;Original OSM
Routenpunkt (Way);In der Neckarhelle;49.4193703;8.7348211;50.0;Interpoliert
Routenpunkt (Way);In der Neckarhelle;49.4194203;8.7346396;50.0;Interpoliert
Routenpunkt (Way);In der Neckarhelle;49.4194703;8.7344581;50.0;Original OSM
Routenpunkt (Way);In der Neckarhelle;49.419511975;8.7342985;50.0;Interpoliert
Routenpunkt (Way);In der Neckarhelle;49.41955365;8.7341389;50.0;Interpoliert
Routenpunkt (Way);In der Neckarhelle;49.419595325;8.7339793;50.0;Interpoliert
Routenpunkt (Way);In der Neckarhelle;49.419637;8.7338197;50.0;Original OSM
Routenpunkt (Way);In der Neckarhelle;49.4196706;8.733678099999999;50.0;Interpoliert
Routenpunkt (Way);In der Neckarhelle;49.4197042;8.7335365;50.0;Original OSM
Routenpunkt (Way);In der Neckarhelle;49.4197516;8.73334365;50.0;Interpoliert
Routenpunkt (Way);In der Neckarhelle;49.419799;8.7331508;50.0;Original OSM
Routenpunkt (Way);In der Neckarhelle;49.41983685;8.73297765;50.0;Interpoliert
Routenpunkt (Way);In der Neckarhelle;49.4198747;8.7328045;50.0;Original OSM
Routenpunkt (Way);In der Neckarhelle;49.419904;8.732656850000001;50.0;Interpoliert
Routenpunkt (Way);In der Neckarhelle;49.4199333;8.7325092;50.0;Original OSM
Routenpunkt (Way);In der Neckarhelle;49.419959625;8.732358875000001;50.0;Interpoliert
Routenpunkt (Way);In der Neckarhelle;49.41998595;8.73220855;50.0;Interpoliert
Routenpunkt (Way);In der Neckarhelle;49.420012275;8.732058225;50.0;Interpoliert
Routenpunkt (Way);In der Neckarhelle;49.4200386;8.7319079;50.0;Original OSM
Routenpunkt (Way);In der Neckarhelle;49.4200634;8.73172735;50.0;Interpoliert
Routenpunkt (Way);In der Neckarhelle;49.4200882;8.7315468;50.0;Original OSM
Routenpunkt (Way);In der Neckarhelle;49.4201101;8.731364766666667;50.0;Interpoliert
Routenpunkt (Way);In der Neckarhelle;49.420132;8.731182733333332;50.0;Interpoliert
Routenpunkt (Way);In der Neckarhelle;49.4201539;8.7310007;50.0;Original OSM
Routenpunkt (Way);In der Neckarhelle;49.42016065;8.7308951;50.0;Interpoliert
Routenpunkt (Way);In der Neckarhelle;49.4201674;8.7307895;50.0;Original OSM
Routenpunkt (Way);In der Neckarhelle;49.4201716;8.7306685;50.0;Original OSM
Routenpunkt (Way);In der Neckarhelle;49.4201757;8.7305494;50.0;Original OSM
Routenpunkt (Way);In der Neckarhelle;49.420177;8.7303449;50.0;Original OSM
Haltestelle;Haarlass;49.4201718;8.7301766;;Bus Stop
Routenpunkt (Way);In der Neckarhelle;49.4201718;8.7301766;50.0;Original OSM
Routenpunkt (Way);In der Neckarhelle;49.4201667;8.7300197;50.0;Interpoliert
Routenpunkt (Way);In der Neckarhelle;49.4201616;8.729862800000001;50.0;Interpoliert
Routenpunkt (Way);In der Neckarhelle;49.4201565;8.7297059;50.0;Original OSM
Routenpunkt (Way);In der Neckarhelle;49.42014695;8.7295394;50.0;Interpoliert
Routenpunkt (Way);In der Neckarhelle;49.4201374;8.7293729;50.0;Original OSM
Routenpunkt (Way);In der Neckarhelle;49.4201259;8.7291934;50.0;Original OSM
Haltestelle;Haarlass;49.4201204;8.7291078;;Bus Stop
Routenpunkt (Way);In der Neckarhelle;49.4201204;8.7291078;50.0;Original OSM
Haltestelle;Haarlass;49.4201498;8.7291026;;Bus Stop
Routenpunkt (Way);In der Neckarhelle;49.4201122;8.7289806;50.0;Original OSM
Routenpunkt (Way);In der Neckarhelle;49.4201035;8.728877050000001;50.0;Interpoliert
Routenpunkt (Way);In der Neckarhelle;49.4200948;8.7287735;50.0;Original OSM
Routenpunkt (Way);In der Neckarhelle;49.4200825;8.72863575;50.0;Interpoliert
Routenpunkt (Way);In der Neckarhelle;49.4200702;8.728498;50.0;Original OSM
Routenpunkt (Way);In der Neckarhelle;49.4200586;8.7283743;50.0;Original OSM
Routenpunkt (Way);In der Neckarhelle;49.42004605;8.72825885;50.0;Interpoliert
Routenpunkt (Way);In der Neckarhelle;49.4200335;8.7281434;50.0;Original OSM
Routenpunkt (Way);In der Neckarhelle;49.42001665;8.727990349999999;50.0;Interpoliert
Routenpunkt (Way);In der Neckarhelle;49.4199998;8.7278373;50.0;Original OSM
Routenpunkt (Way);In der Neckarhelle;49.4199835;8.72770685;50.0;Interpoliert
Routenpunkt (Way);In der Neckarhelle;49.4199672;8.7275764;50.0;Original OSM
Routenpunkt (Way);In der Neckarhelle;49.4199672;8.7275764;50.0;Original OSM
Routenpunkt (Way);In der Neckarhelle;49.4199473;8.727442400000001;50.0;Interpoliert
Routenpunkt (Way);In der Neckarhelle;49.4199274;8.7273084;50.0;Original OSM
Routenpunkt (Way);In der Neckarhelle;49.41990275;8.727164250000001;50.0;Interpoliert
Routenpunkt (Way);In der Neckarhelle;49.4198781;8.7270201;50.0;Original OSM
Routenpunkt (Way);In der Neckarhelle;49.4198619;8.7269343;50.0;Original OSM
Routenpunkt (Way);In der Neckarhelle;49.4198458;8.726849;50.0;Original OSM
Routenpunkt (Way);In der Neckarhelle;49.4198063;8.7266664;50.0;Original OSM
Routenpunkt (Way);In der Neckarhelle;49.41976775;8.72650665;50.0;Interpoliert
Routenpunkt (Way);In der Neckarhelle;49.4197292;8.7263469;50.0;Original OSM
Routenpunkt (Way);In der Neckarhelle;49.41969363333333;8.726215466666666;50.0;Interpoliert
Routenpunkt (Way);In der Neckarhelle;49.41965806666667;8.726084033333333;50.0;Interpoliert
Routenpunkt (Way);In der Neckarhelle;49.4196225;8.7259526;50.0;Original OSM
Routenpunkt (Way);In der Neckarhelle;49.41959035;8.72584425;50.0;Interpoliert
Routenpunkt (Way);In der Neckarhelle;49.4195582;8.7257359;50.0;Original OSM
Routenpunkt (Way);In der Neckarhelle;49.4195023;8.7255548;50.0;Original OSM
Routenpunkt (Way);In der Neckarhelle;49.4194738;8.7254652;50.0;Original OSM
Routenpunkt (Way);In der Neckarhelle;49.4194538;8.7254055;50.0;Original OSM
Routenpunkt (Way);Ziegelhäuser Landstraße;49.4194144;8.7252973;50.0;Original OSM
Routenpunkt (Way);In der Neckarhelle;49.4194144;8.7252973;50.0;Original OSM
Routenpunkt (Way);Ziegelhäuser Landstraße;49.419367;8.7251872;50.0;Original OSM
Routenpunkt (Way);Ziegelhäuser Landstraße;49.4193452;8.7251403;50.0;Original OSM
Routenpunkt (Way);Ziegelhäuser Landstraße;49.4193055;8.725063;50.0;Original OSM
Routenpunkt (Way);Ziegelhäuser Landstraße;49.4192374;8.7249434;50.0;Original OSM
Routenpunkt (Way);Ziegelhäuser Landstraße;49.4192374;8.7249434;50.0;Original OSM
Routenpunkt (Way);Ziegelhäuser Landstraße;49.4191622;8.7248199;50.0;Original OSM
Routenpunkt (Way);Ziegelhäuser Landstraße;49.4191113;8.72473905;50.0;Interpoliert
Routenpunkt (Way);Ziegelhäuser Landstraße;49.4190604;8.7246582;50.0;Original OSM
Routenpunkt (Way);Ziegelhäuser Landstraße;49.41896805;8.7245266;50.0;Interpoliert
Routenpunkt (Way);Ziegelhäuser Landstraße;49.4188757;8.724395;50.0;Original OSM
Routenpunkt (Way);Ziegelhäuser Landstraße;49.418810050000005;8.724304;50.0;Interpoliert
Routenpunkt (Way);Ziegelhäuser Landstraße;49.4187444;8.724213;;Original OSM
Routenpunkt (Way);Ziegelhäuser Landstraße;49.4187444;8.724213;50.0;Original OSM
Routenpunkt (Way);Ziegelhäuser Landstraße;49.418661925;8.7240987;;Interpoliert
Routenpunkt (Way);Ziegelhäuser Landstraße;49.41857945;8.723984399999999;;Interpoliert
Routenpunkt (Way);Ziegelhäuser Landstraße;49.418496975;8.7238701;;Interpoliert
Routenpunkt (Way);Ziegelhäuser Landstraße;49.4184145;8.7237558;30.0;Original OSM
Routenpunkt (Way);Ziegelhäuser Landstraße;49.4184145;8.7237558;;Original OSM
Routenpunkt (Way);Ziegelhäuser Landstraße;49.41833043333333;8.723624;30.0;Interpoliert
Routenpunkt (Way);Ziegelhäuser Landstraße;49.418246366666665;8.7234922;30.0;Interpoliert
Routenpunkt (Way);Ziegelhäuser Landstraße;49.4181623;8.7233604;30.0;Original OSM
Routenpunkt (Way);Ziegelhäuser Landstraße;49.4180924;8.723232366666666;30.0;Interpoliert
Routenpunkt (Way);Ziegelhäuser Landstraße;49.4180225;8.723104333333334;30.0;Interpoliert
Routenpunkt (Way);Ziegelhäuser Landstraße;49.4179526;8.7229763;30.0;Original OSM
Routenpunkt (Way);Ziegelhäuser Landstraße;49.4178751;8.7228339;30.0;Interpoliert
Routenpunkt (Way);Ziegelhäuser Landstraße;49.4177976;8.7226915;30.0;Original OSM
Routenpunkt (Way);Ziegelhäuser Landstraße;49.41773095;8.72256795;30.0;Interpoliert
Routenpunkt (Way);Ziegelhäuser Landstraße;49.4176643;8.7224444;30.0;Original OSM
Routenpunkt (Way);Ziegelhäuser Landstraße;49.4175875;8.7222999;30.0;Original OSM
Routenpunkt (Way);Ziegelhäuser Landstraße;49.4175465;8.7222214;30.0;Original OSM
Routenpunkt (Way);Ziegelhäuser Landstraße;49.4175154;8.7221466;30.0;Original OSM
Routenpunkt (Way);Ziegelhäuser Landstraße;49.4175154;8.7221466;30.0;Original OSM
Routenpunkt (Way);Ziegelhäuser Landstraße;49.4174738;8.7220274;30.0;Original OSM
Routenpunkt (Way);Ziegelhäuser Landstraße;49.4174464;8.721932;30.0;Original OSM
Routenpunkt (Way);Ziegelhäuser Landstraße;49.4174073;8.721772099999999;30.0;Interpoliert
Routenpunkt (Way);Ziegelhäuser Landstraße;49.4173682;8.7216122;30.0;Original OSM
Routenpunkt (Way);Ziegelhäuser Landstraße;49.4173229;8.72142045;30.0;Interpoliert
Routenpunkt (Way);Ziegelhäuser Landstraße;49.4172776;8.7212287;30.0;Original OSM
Routenpunkt (Way);Ziegelhäuser Landstraße;49.4172585;8.7211343;30.0;Original OSM
Routenpunkt (Way);Ziegelhäuser Landstraße;49.41723035;8.72099475;30.0;Interpoliert
Routenpunkt (Way);Ziegelhäuser Landstraße;49.4172022;8.7208552;30.0;Original OSM
Routenpunkt (Way);Ziegelhäuser Landstraße;49.417169785714286;8.720679657142858;30.0;Interpoliert
Routenpunkt (Way);Ziegelhäuser Landstraße;49.417137371428566;8.720504114285715;30.0;Interpoliert
Routenpunkt (Way);Ziegelhäuser Landstraße;49.41710495714285;8.720328571428572;30.0;Interpoliert
Routenpunkt (Way);Ziegelhäuser Landstraße;49.41707254285714;8.720153028571428;30.0;Interpoliert
Routenpunkt (Way);Ziegelhäuser Landstraße;49.41704012857143;8.719977485714285;30.0;Interpoliert
Routenpunkt (Way);Ziegelhäuser Landstraße;49.41700771428571;8.719801942857142;30.0;Interpoliert
Routenpunkt (Way);Ziegelhäuser Landstraße;49.4169753;8.7196264;30.0;Original OSM
Routenpunkt (Way);Ziegelhäuser Landstraße;49.41693452;8.7194408;30.0;Interpoliert
Routenpunkt (Way);Ziegelhäuser Landstraße;49.41689374;8.7192552;30.0;Interpoliert
Routenpunkt (Way);Ziegelhäuser Landstraße;49.41685296;8.7190696;30.0;Interpoliert
Routenpunkt (Way);Ziegelhäuser Landstraße;49.41681218;8.718884;30.0;Interpoliert
Routenpunkt (Way);Ziegelhäuser Landstraße;49.4167714;8.7186984;30.0;Original OSM
Routenpunkt (Way);Ziegelhäuser Landstraße;49.416731775;8.71854935;30.0;Interpoliert
Routenpunkt (Way);Ziegelhäuser Landstraße;49.41669215;8.718400299999999;30.0;Interpoliert
Routenpunkt (Way);Ziegelhäuser Landstraße;49.416652525;8.71825125;30.0;Interpoliert
Routenpunkt (Way);Ziegelhäuser Landstraße;49.4166129;8.7181022;30.0;Original OSM
Routenpunkt (Way);Ziegelhäuser Landstraße;49.41656656666667;8.7179414;30.0;Interpoliert
Routenpunkt (Way);Ziegelhäuser Landstraße;49.41652023333333;8.7177806;30.0;Interpoliert
Routenpunkt (Way);Ziegelhäuser Landstraße;49.4164739;8.7176198;30.0;Original OSM
Routenpunkt (Way);Ziegelhäuser Landstraße;49.41644615;8.71752295;30.0;Interpoliert
Routenpunkt (Way);Ziegelhäuser Landstraße;49.4164184;8.7174261;30.0;Original OSM
Routenpunkt (Way);Ziegelhäuser Landstraße;49.41636423333333;8.7172453;30.0;Interpoliert
Routenpunkt (Way);Ziegelhäuser Landstraße;49.41631006666667;8.717064500000001;30.0;Interpoliert
Routenpunkt (Way);Ziegelhäuser Landstraße;49.4162559;8.7168837;30.0;Original OSM
Routenpunkt (Way);Ziegelhäuser Landstraße;49.4162455;8.7168476;30.0;Original OSM
Haltestelle;Hirschgasse;49.4162237;8.7167715;;Bus Stop
Routenpunkt (Way);Ziegelhäuser Landstraße;49.4162237;8.7167715;30.0;Original OSM
Routenpunkt (Way);Ziegelhäuser Landstraße;49.4162023;8.7166964;30.0;Original OSM
Routenpunkt (Way);Ziegelhäuser Landstraße;49.4162023;8.7166964;30.0;Original OSM
Routenpunkt (Way);Ziegelhäuser Landstraße;49.4161898;8.7166558;30.0;Original OSM
Routenpunkt (Way);Ziegelhäuser Landstraße;49.41615605;8.7165473;30.0;Interpoliert
Routenpunkt (Way);Ziegelhäuser Landstraße;49.4161223;8.7164388;30.0;Original OSM
Ampel;Ampel;49.4160654;8.7162726;;Traffic Signal
Routenpunkt (Way);Ziegelhäuser Landstraße;49.4160654;8.7162726;30.0;Original OSM
Routenpunkt (Way);Ziegelhäuser Landstraße;49.4160654;8.7162726;30.0;Original OSM
Routenpunkt (Way);Ziegelhäuser Landstraße;49.4160419;8.7161994;30.0;Original OSM
Routenpunkt (Way);Ziegelhäuser Landstraße;49.4160115;8.7161153;30.0;Original OSM
Haltestelle;Hirschgasse;49.4159846;8.7160389;;Bus Stop
Routenpunkt (Way);Ziegelhäuser Landstraße;49.4159846;8.7160389;30.0;Original OSM
Routenpunkt (Way);Ziegelhäuser Landstraße;49.4159226;8.7158628;30.0;Original OSM
Routenpunkt (Way);Ziegelhäuser Landstraße;49.415894300000005;8.71575775;30.0;Interpoliert
Routenpunkt (Way);Ziegelhäuser Landstraße;49.415866;8.7156527;30.0;Original OSM
Routenpunkt (Way);Ziegelhäuser Landstraße;49.4158271;8.7154717;30.0;Interpoliert
Routenpunkt (Way);Ziegelhäuser Landstraße;49.4157882;8.7152907;30.0;Original OSM
Routenpunkt (Way);Ziegelhäuser Landstraße;49.41574615;8.7150973;30.0;Interpoliert
Routenpunkt (Way);Ziegelhäuser Landstraße;49.4157041;8.7149039;30.0;Original OSM
Routenpunkt (Way);Ziegelhäuser Landstraße;49.4156869;8.71479085;30.0;Interpoliert
Routenpunkt (Way);Ziegelhäuser Landstraße;49.4156697;8.7146778;30.0;Original OSM
Routenpunkt (Way);Ziegelhäuser Landstraße;49.4156498;8.71449785;30.0;Interpoliert
Routenpunkt (Way);Ziegelhäuser Landstraße;49.4156299;8.7143179;30.0;Original OSM
Routenpunkt (Way);Ziegelhäuser Landstraße;49.4156165;8.714181199999999;30.0;Interpoliert
Routenpunkt (Way);Ziegelhäuser Landstraße;49.4156031;8.7140445;30.0;Original OSM
Routenpunkt (Way);Ziegelhäuser Landstraße;49.4155879;8.71388935;30.0;Interpoliert
Routenpunkt (Way);Ziegelhäuser Landstraße;49.4155727;8.713734200000001;30.0;Interpoliert
Routenpunkt (Way);Ziegelhäuser Landstraße;49.4155575;8.71357905;30.0;Interpoliert
Routenpunkt (Way);Ziegelhäuser Landstraße;49.4155423;8.7134239;30.0;Original OSM
Routenpunkt (Way);Ziegelhäuser Landstraße;49.4155423;8.7134239;30.0;Original OSM
Routenpunkt (Way);Ziegelhäuser Landstraße;49.41553016666666;8.7132637;30.0;Interpoliert
Routenpunkt (Way);Ziegelhäuser Landstraße;49.415518033333335;8.713103499999999;30.0;Interpoliert
Routenpunkt (Way);Ziegelhäuser Landstraße;49.4155059;8.7129433;30.0;Original OSM
Routenpunkt (Way);Ziegelhäuser Landstraße;49.4154958;8.7127468;30.0;Original OSM
Routenpunkt (Way);Ziegelhäuser Landstraße;49.415486533333336;8.7125614;30.0;Interpoliert
Routenpunkt (Way);Ziegelhäuser Landstraße;49.41547726666666;8.712375999999999;30.0;Interpoliert
Routenpunkt (Way);Ziegelhäuser Landstraße;49.415468;8.7121906;30.0;Original OSM
Routenpunkt (Way);Ziegelhäuser Landstraße;49.41546195;8.712069;30.0;Interpoliert
Routenpunkt (Way);Ziegelhäuser Landstraße;49.4154559;8.7119474;30.0;Original OSM
Routenpunkt (Way);Ziegelhäuser Landstraße;49.41544666;8.71176216;30.0;Interpoliert
Routenpunkt (Way);Ziegelhäuser Landstraße;49.41543742;8.711576919999999;30.0;Interpoliert
Routenpunkt (Way);Ziegelhäuser Landstraße;49.41542818;8.71139168;30.0;Interpoliert
Routenpunkt (Way);Ziegelhäuser Landstraße;49.41541894;8.71120644;30.0;Interpoliert
Routenpunkt (Way);Ziegelhäuser Landstraße;49.4154097;8.7110212;30.0;Original OSM
Routenpunkt (Way);Ziegelhäuser Landstraße;49.41539965;8.71083455;30.0;Interpoliert
Routenpunkt (Way);Ziegelhäuser Landstraße;49.4153896;8.7106479;30.0;Original OSM
Routenpunkt (Way);Ziegelhäuser Landstraße;49.415379;8.7104648;30.0;Original OSM
Routenpunkt (Way);Ziegelhäuser Landstraße;49.4153644;8.7102714;30.0;Original OSM
Routenpunkt (Way);Ziegelhäuser Landstraße;49.41535255;8.7101521;30.0;Interpoliert
Routenpunkt (Way);Ziegelhäuser Landstraße;49.4153407;8.7100328;30.0;Original OSM
Routenpunkt (Way);Ziegelhäuser Landstraße;49.41532065;8.70986965;30.0;Interpoliert
Routenpunkt (Way);Ziegelhäuser Landstraße;49.4153006;8.7097065;30.0;Original OSM
Routenpunkt (Way);Ziegelhäuser Landstraße;49.41528705;8.70959955;30.0;Interpoliert
Routenpunkt (Way);Neuenheimer Landstraße;49.4152735;8.7094926;30.0;Original OSM
Routenpunkt (Way);Ziegelhäuser Landstraße;49.4152735;8.7094926;30.0;Original OSM
Routenpunkt (Way);Neuenheimer Landstraße;49.4152626;8.709378650000001;30.0;Interpoliert
Ampel;Ampel;49.4152517;8.7092647;;Traffic Signal
Routenpunkt (Way);Neuenheimer Landstraße;49.4152517;8.7092647;30.0;Original OSM
Routenpunkt (Way);Neuenheimer Landstraße;49.4152464;8.7092132;30.0;Original OSM
Routenpunkt (Way);Neuenheimer Landstraße;49.4152464;8.7092132;30.0;Original OSM
Haltestelle;Alte Brücke Nord;49.4152385;8.7091077;;Bus Stop
Routenpunkt (Way);Neuenheimer Landstraße;49.4152385;8.7091077;30.0;Original OSM
Haltestelle;Alte Brücke Nord;49.4152241;8.7089281;;Bus Stop
Routenpunkt (Way);Neuenheimer Landstraße;49.4152241;8.7089281;30.0;Original OSM
Routenpunkt (Way);Neuenheimer Landstraße;49.41521114;8.70875382;30.0;Interpoliert
Routenpunkt (Way);Neuenheimer Landstraße;49.41519818;8.70857954;30.0;Interpoliert
Routenpunkt (Way);Neuenheimer Landstraße;49.41518522;8.70840526;30.0;Interpoliert
Routenpunkt (Way);Neuenheimer Landstraße;49.41517226;8.70823098;30.0;Interpoliert
Routenpunkt (Way);Neuenheimer Landstraße;49.4151593;8.7080567;30.0;Original OSM
Routenpunkt (Way);Neuenheimer Landstraße;49.41514558333333;8.7078726;30.0;Interpoliert
Routenpunkt (Way);Neuenheimer Landstraße;49.41513186666666;8.7076885;30.0;Interpoliert
Routenpunkt (Way);Neuenheimer Landstraße;49.41511815;8.707504400000001;30.0;Interpoliert
Routenpunkt (Way);Neuenheimer Landstraße;49.41510443333333;8.707320300000001;30.0;Interpoliert
Routenpunkt (Way);Neuenheimer Landstraße;49.41509071666666;8.7071362;30.0;Interpoliert
Routenpunkt (Way);Neuenheimer Landstraße;49.415077;8.7069521;30.0;Original OSM
Routenpunkt (Way);Neuenheimer Landstraße;49.4150643;8.706782;30.0;Original OSM
Routenpunkt (Way);Neuenheimer Landstraße;49.4150461;8.7065972;30.0;Original OSM
Routenpunkt (Way);Neuenheimer Landstraße;49.4150252;8.70646165;30.0;Interpoliert
Routenpunkt (Way);Neuenheimer Landstraße;49.4150043;8.7063261;30.0;Original OSM
Routenpunkt (Way);Neuenheimer Landstraße;49.4149767;8.706178600000001;30.0;Interpoliert
Ampel;Ampel;49.4149491;8.7060311;;Traffic Signal
Routenpunkt (Way);Neuenheimer Landstraße;49.4149491;8.7060311;30.0;Original OSM
Routenpunkt (Way);Neuenheimer Landstraße;49.41492695;8.70592255;30.0;Interpoliert
Routenpunkt (Way);Neuenheimer Landstraße;49.4149048;8.705814;30.0;Original OSM
Routenpunkt (Way);Neuenheimer Landstraße;49.4148739;8.7056444;30.0;Interpoliert
Routenpunkt (Way);Neuenheimer Landstraße;49.414843;8.7054748;30.0;Interpoliert
Routenpunkt (Way);Neuenheimer Landstraße;49.4148121;8.7053052;30.0;Original OSM
Routenpunkt (Way);Neuenheimer Landstraße;49.41478333333333;8.705147366666667;30.0;Interpoliert
Routenpunkt (Way);Neuenheimer Landstraße;49.414754566666666;8.704989533333332;30.0;Interpoliert
Routenpunkt (Way);Neuenheimer Landstraße;49.4147258;8.7048317;30.0;Original OSM
Routenpunkt (Way);Neuenheimer Landstraße;49.41470475;8.70468015;30.0;Interpoliert
Routenpunkt (Way);Neuenheimer Landstraße;49.4146837;8.7045286;30.0;Original OSM
Routenpunkt (Way);Neuenheimer Landstraße;49.4146636;8.7043418;30.0;Original OSM
Routenpunkt (Way);Neuenheimer Landstraße;49.4146474;8.704229250000001;30.0;Interpoliert
Routenpunkt (Way);Neuenheimer Landstraße;49.4146312;8.7041167;30.0;Original OSM
Routenpunkt (Way);Neuenheimer Landstraße;49.414600400000005;8.7039421;30.0;Interpoliert
Routenpunkt (Way);Neuenheimer Landstraße;49.4145696;8.7037675;30.0;Interpoliert
Routenpunkt (Way);Neuenheimer Landstraße;49.4145388;8.7035929;30.0;Original OSM
Routenpunkt (Way);Neuenheimer Landstraße;49.4145138;8.7034511;30.0;Original OSM
Routenpunkt (Way);Neuenheimer Landstraße;49.414481466666665;8.703256733333333;30.0;Interpoliert
Routenpunkt (Way);Neuenheimer Landstraße;49.414449133333335;8.703062366666668;30.0;Interpoliert
Routenpunkt (Way);Neuenheimer Landstraße;49.4144168;8.702868;30.0;Original OSM
Routenpunkt (Way);Neuenheimer Landstraße;49.4143789;8.7026924;30.0;Original OSM
Routenpunkt (Way);Neuenheimer Landstraße;49.4143789;8.7026924;30.0;Original OSM
Routenpunkt (Way);Neuenheimer Landstraße;49.414331833333335;8.702499466666668;30.0;Interpoliert
Routenpunkt (Way);Neuenheimer Landstraße;49.41428476666667;8.702306533333333;30.0;Interpoliert
Routenpunkt (Way);Neuenheimer Landstraße;49.4142377;8.7021136;30.0;Original OSM
Routenpunkt (Way);Neuenheimer Landstraße;49.41419555;8.701936100000001;30.0;Interpoliert
Routenpunkt (Way);Neuenheimer Landstraße;49.4141534;8.7017586;30.0;Original OSM
Routenpunkt (Way);Neuenheimer Landstraße;49.4141223;8.70162395;30.0;Interpoliert
Routenpunkt (Way);Neuenheimer Landstraße;49.4140912;8.7014893;30.0;Original OSM
Routenpunkt (Way);Neuenheimer Landstraße;49.4140706;8.7013901;30.0;Original OSM
Routenpunkt (Way);Neuenheimer Landstraße;49.4140468;8.7012505;30.0;Interpoliert
Routenpunkt (Way);Neuenheimer Landstraße;49.414023;8.7011109;30.0;Interpoliert
Routenpunkt (Way);Neuenheimer Landstraße;49.4139992;8.7009713;30.0;Original OSM
Routenpunkt (Way);Neuenheimer Landstraße;49.413985;8.7008778;30.0;Original OSM
Routenpunkt (Way);Neuenheimer Landstraße;49.413958066666666;8.700745966666666;30.0;Interpoliert
Routenpunkt (Way);Neuenheimer Landstraße;49.41393113333333;8.700614133333334;30.0;Interpoliert
Routenpunkt (Way);Neuenheimer Landstraße;49.4139042;8.7004823;30.0;Original OSM
Routenpunkt (Way);Neuenheimer Landstraße;49.41387245;8.700334775;30.0;Interpoliert
Routenpunkt (Way);Neuenheimer Landstraße;49.4138407;8.700187249999999;30.0;Interpoliert
Routenpunkt (Way);Neuenheimer Landstraße;49.41380895;8.700039725;30.0;Interpoliert
Routenpunkt (Way);Neuenheimer Landstraße;49.4137772;8.6998922;30.0;Original OSM
Routenpunkt (Way);Neuenheimer Landstraße;49.4137459;8.699710750000001;30.0;Interpoliert
Routenpunkt (Way);Neuenheimer Landstraße;49.4137146;8.6995293;30.0;Original OSM
Routenpunkt (Way);Neuenheimer Landstraße;49.41369445;8.6993585;30.0;Interpoliert
Routenpunkt (Way);Neuenheimer Landstraße;49.4136743;8.6991877;30.0;Interpoliert
Routenpunkt (Way);Neuenheimer Landstraße;49.41365415;8.6990169;30.0;Interpoliert
Routenpunkt (Way);Neuenheimer Landstraße;49.413634;8.6988461;30.0;Original OSM
Routenpunkt (Way);Neuenheimer Landstraße;49.413618;8.69870165;30.0;Interpoliert
Routenpunkt (Way);Neuenheimer Landstraße;49.413602;8.6985572;30.0;Original OSM
Routenpunkt (Way);Neuenheimer Landstraße;49.4135931;8.6984495;30.0;Original OSM
Routenpunkt (Way);Neuenheimer Landstraße;49.4135787;8.6982593;30.0;Original OSM
Routenpunkt (Way);Neuenheimer Landstraße;49.4135746;8.698122;30.0;Original OSM
Routenpunkt (Way);Neuenheimer Landstraße;49.4135731;8.6979679;30.0;Original OSM
Routenpunkt (Way);Neuenheimer Landstraße;49.41357475714286;8.697773557142858;30.0;Interpoliert
Routenpunkt (Way);Neuenheimer Landstraße;49.413576414285714;8.697579214285714;30.0;Interpoliert
Routenpunkt (Way);Neuenheimer Landstraße;49.413578071428574;8.697384871428572;30.0;Interpoliert
Routenpunkt (Way);Neuenheimer Landstraße;49.41357972857143;8.69719052857143;30.0;Interpoliert
Routenpunkt (Way);Neuenheimer Landstraße;49.41358138571429;8.696996185714287;30.0;Interpoliert
Routenpunkt (Way);Neuenheimer Landstraße;49.41358304285714;8.696801842857143;30.0;Interpoliert
Routenpunkt (Way);Neuenheimer Landstraße;49.4135847;8.6966075;30.0;Original OSM
Routenpunkt (Way);Neuenheimer Landstraße;49.41358595;8.69646985;30.0;Interpoliert
Routenpunkt (Way);Neuenheimer Landstraße;49.4135872;8.6963322;30.0;Original OSM
Routenpunkt (Way);Neuenheimer Landstraße;49.4135849;8.6962128;30.0;Original OSM
Routenpunkt (Way);Neuenheimer Landstraße;49.4135765;8.6961338;30.0;Original OSM
Routenpunkt (Way);Neuenheimer Landstraße;49.4135765;8.6961338;30.0;Original OSM
Routenpunkt (Way);Neuenheimer Landstraße;49.4135879;8.6961015;30.0;Original OSM
Routenpunkt (Way);Neuenheimer Landstraße;49.4135969;8.6960631;30.0;Original OSM
Routenpunkt (Way);Neuenheimer Landstraße;49.4135991;8.6960408;30.0;Original OSM
Routenpunkt (Way);Neuenheimer Landstraße;49.4135999;8.6960038;30.0;Original OSM
Routenpunkt (Way);Neuenheimer Landstraße;49.4136001;8.6958146;30.0;Interpoliert
Routenpunkt (Way);Neuenheimer Landstraße;49.4136003;8.6956254;30.0;Original OSM
Routenpunkt (Way);Neuenheimer Landstraße;49.4135989;8.6955307;30.0;Original OSM
Routenpunkt (Way);Neuenheimer Landstraße;49.4135968;8.6954944;30.0;Original OSM
Routenpunkt (Way);Neuenheimer Landstraße;49.4135871;8.6954467;30.0;Original OSM
Routenpunkt (Way);Neuenheimer Landstraße;49.4135871;8.6954467;30.0;Original OSM
Routenpunkt (Way);Neuenheimer Landstraße;49.4135927;8.6953193;30.0;Original OSM
Routenpunkt (Way);Neuenheimer Landstraße;49.4136012;8.6952171;30.0;Original OSM
Routenpunkt (Way);Neuenheimer Landstraße;49.4136128;8.6951168;30.0;Original OSM
Routenpunkt (Way);Neuenheimer Landstraße;49.41363744;8.694947059999999;30.0;Interpoliert
Routenpunkt (Way);Neuenheimer Landstraße;49.41366208;8.69477732;30.0;Interpoliert
Routenpunkt (Way);Neuenheimer Landstraße;49.41368672;8.69460758;30.0;Interpoliert
Routenpunkt (Way);Neuenheimer Landstraße;49.41371136;8.69443784;30.0;Interpoliert
Haltestelle;Bergstraße;49.4137668;8.6943285;;Bus Stop
Haltestelle;Bergstraße;49.413736;8.6942681;;Bus Stop
Routenpunkt (Way);Neuenheimer Landstraße;49.413736;8.6942681;30.0;Original OSM
Haltestelle;Bergstraße;49.4137459;8.6941915;;Bus Stop
Routenpunkt (Way);Neuenheimer Landstraße;49.4137459;8.6941915;30.0;Original OSM
Routenpunkt (Way);Neuenheimer Landstraße;49.4137459;8.6941915;30.0;Original OSM
Routenpunkt (Way);Neuenheimer Landstraße;49.41377306666667;8.694005200000001;30.0;Interpoliert
Routenpunkt (Way);Neuenheimer Landstraße;49.41380023333333;8.6938189;30.0;Interpoliert
Routenpunkt (Way);Neuenheimer Landstraße;49.4138274;8.6936326;30.0;Original OSM
Routenpunkt (Way);Neuenheimer Landstraße;49.4138487;8.6934689;30.0;Original OSM
Routenpunkt (Way);Neuenheimer Landstraße;49.4138487;8.6934689;30.0;Original OSM
Routenpunkt (Way);Neuenheimer Landstraße;49.4138602;8.6933912;30.0;Original OSM
Routenpunkt (Way);Neuenheimer Landstraße;49.4138627;8.6933271;30.0;Original OSM
Routenpunkt (Way);Brückenkopfstraße;49.4138627;8.6933271;30.0;Original OSM
Routenpunkt (Way);Brückenkopfstraße;49.4138646;8.6932662;30.0;Original OSM
Routenpunkt (Way);Brückenkopfstraße;49.4138657;8.6932158;30.0;Original OSM
Routenpunkt (Way);Brückenkopfstraße;49.4138651;8.693057;30.0;Original OSM
Routenpunkt (Way);Brückenkopfstraße;49.4138646;8.6929136;30.0;Original OSM
Routenpunkt (Way);Brückenkopfstraße;49.4138646;8.6927646;30.0;Interpoliert
Routenpunkt (Way);Brückenkopfstraße;49.4138646;8.6926156;30.0;Interpoliert
Routenpunkt (Way);Brückenkopfstraße;49.4138646;8.6924666;30.0;Original OSM
Routenpunkt (Way);Brückenkopfstraße;49.4138621;8.692423;30.0;Original OSM
Routenpunkt (Way);Brückenkopfstraße;49.4138499;8.6922388;30.0;Original OSM
Ampel;Ampel;49.4138488;8.692218;;Traffic Signal
Routenpunkt (Way);Brückenstraße;49.4138488;8.692218;30.0;Original OSM
Routenpunkt (Way);Brückenkopfstraße;49.4138488;8.692218;30.0;Original OSM
Routenpunkt (Way);Brückenstraße;49.4137681;8.6922215;50.0;Original OSM
Routenpunkt (Way);Brückenstraße;49.4137681;8.6922215;30.0;Original OSM
Routenpunkt (Way);Brückenstraße;49.4137302;8.6922145;50.0;Original OSM
Routenpunkt (Way);Brückenstraße;49.41365845;8.692201;50.0;Interpoliert
Routenpunkt (Way);Brückenstraße;49.4135867;8.6921875;50.0;Original OSM
Routenpunkt (Way);Brückenstraße;49.4135867;8.6921875;50.0;Original OSM
Routenpunkt (Way);Brückenstraße;49.4134871;8.6921876;50.0;Original OSM
Routenpunkt (Way);Theodor-Heuss-Brücke;49.4134871;8.6921876;50.0;Original OSM
Routenpunkt (Way);Theodor-Heuss-Brücke;49.41341145;8.6922013;50.0;Interpoliert
Routenpunkt (Way);Theodor-Heuss-Brücke;49.4133358;8.692215;50.0;Original OSM
Routenpunkt (Way);Unbekannt;49.4133358;8.692215;;Original OSM
Routenpunkt (Way);Unbekannt;49.4132661;8.692305;;Original OSM
Routenpunkt (Way);Unbekannt;49.41314092857143;8.692337714285713;;Interpoliert
Routenpunkt (Way);Unbekannt;49.41301575714286;8.692370428571428;;Interpoliert
Routenpunkt (Way);Unbekannt;49.41289058571429;8.692403142857142;;Interpoliert
Routenpunkt (Way);Unbekannt;49.41276541428572;8.692435857142856;;Interpoliert
Routenpunkt (Way);Unbekannt;49.41264024285714;8.69246857142857;;Interpoliert
Routenpunkt (Way);Unbekannt;49.41251507142857;8.692501285714284;;Interpoliert
Routenpunkt (Way);Unbekannt;49.4123899;8.692533999999998;;Interpoliert
Routenpunkt (Way);Unbekannt;49.41226472857143;8.692566714285714;;Interpoliert
Routenpunkt (Way);Unbekannt;49.41213955714286;8.692599428571429;;Interpoliert
Routenpunkt (Way);Unbekannt;49.412014385714286;8.692632142857143;;Interpoliert
Routenpunkt (Way);Unbekannt;49.41188921428572;8.692664857142857;;Interpoliert
Routenpunkt (Way);Unbekannt;49.41176404285714;8.692697571428571;;Interpoliert
Routenpunkt (Way);Unbekannt;49.41163887142857;8.692730285714285;;Interpoliert
Routenpunkt (Way);Unbekannt;49.4115137;8.692763;;Original OSM
Routenpunkt (Way);Unbekannt;49.4115137;8.692763;;Original OSM
Routenpunkt (Way);Unbekannt;49.4114952;8.6927625;;Original OSM
Routenpunkt (Way);Unbekannt;49.411456;8.6927654;;Original OSM
Routenpunkt (Way);Unbekannt;49.4114109;8.6927685;;Original OSM
Routenpunkt (Way);Unbekannt;49.4113646;8.6927647;;Original OSM
Routenpunkt (Way);Unbekannt;49.4113646;8.6927647;;Original OSM
Routenpunkt (Way);Unbekannt;49.4113127;8.6927574;;Original OSM
Routenpunkt (Way);Unbekannt;49.4112706;8.6927453;;Original OSM
Routenpunkt (Way);Unbekannt;49.4112706;8.6927453;;Original OSM
Routenpunkt (Way);Unbekannt;49.4112326;8.6927336;;Original OSM
Routenpunkt (Way);Unbekannt;49.4111969;8.6927296;;Original OSM
Routenpunkt (Way);Unbekannt;49.4111484;8.6927295;;Original OSM
Routenpunkt (Way);Unbekannt;49.4111251;8.6927303;;Original OSM
Routenpunkt (Way);Unbekannt;49.4110965;8.6927341;;Original OSM
Routenpunkt (Way);Unbekannt;49.4110627;8.6927422;;Original OSM
Routenpunkt (Way);Unbekannt;49.411027;8.6927545;;Original OSM
Routenpunkt (Way);Unbekannt;49.41091144;8.6928006;;Interpoliert
Routenpunkt (Way);Unbekannt;49.41079588;8.6928467;;Interpoliert
Routenpunkt (Way);Unbekannt;49.41068032;8.6928928;;Interpoliert
Routenpunkt (Way);Unbekannt;49.41056476;8.6929389;;Interpoliert
Routenpunkt (Way);Unbekannt;49.4104492;8.692985;;Original OSM
Routenpunkt (Way);Unbekannt;49.41038025;8.6930121;;Interpoliert
Routenpunkt (Way);Unbekannt;49.4103113;8.6930392;;Original OSM
Routenpunkt (Way);Unbekannt;49.4102827;8.6930484;;Original OSM
Routenpunkt (Way);Unbekannt;49.4102643;8.6930526;;Original OSM
Routenpunkt (Way);Unbekannt;49.4102571;8.6930513;;Original OSM
Routenpunkt (Way);Unbekannt;49.4102474;8.6930471;;Original OSM
Haltestelle;Bismarckplatz (Steig I);49.4102083;8.6930118;;Bus Stop
Routenpunkt (Way);Unbekannt;49.4102083;8.6930118;;Original OSM
Routenpunkt (Way);Unbekannt;49.4101512;8.6929542;;Original OSM
Routenpunkt (Way);Unbekannt;49.4101512;8.6929542;;Original OSM
Routenpunkt (Way);Unbekannt;49.4101313;8.6929419;;Original OSM
Routenpunkt (Way);Unbekannt;49.4101058;8.6929332;;Original OSM
Haltestelle;Bismarckplatz (Steig H);49.4099745;8.6929145;;Bus Stop
Routenpunkt (Way);Unbekannt;49.4099745;8.6929145;;Original OSM
Routenpunkt (Way);Unbekannt;49.4099745;8.6929145;;Original OSM
Routenpunkt (Way);Unbekannt;49.4098917;8.6929027;;Original OSM
Haltestelle;Bismarckplatz (Steig G);49.4098277;8.6928936;;Bus Stop
Routenpunkt (Way);Unbekannt;49.4098277;8.6928936;;Original OSM
Routenpunkt (Way);Unbekannt;49.4098277;8.6928936;;Original OSM
Routenpunkt (Way);Unbekannt;49.4097354;8.6928804;;Original OSM
Routenpunkt (Way);Unbekannt;49.4096902;8.6928617;;Original OSM
Routenpunkt (Way);Unbekannt;49.4096373;8.692823;;Original OSM
Routenpunkt (Way);Bismarckstraße;49.409553;8.692776;50.0;Original OSM
Routenpunkt (Way);Unbekannt;49.409553;8.692776;;Original OSM
Routenpunkt (Way);Bismarckstraße;49.4094903;8.6927617;50.0;Original OSM
Routenpunkt (Way);Bismarckstraße;49.4094376;8.692744;50.0;Original OSM
Routenpunkt (Way);Bismarckstraße;49.4093891;8.6927171;50.0;Original OSM
Ampel;Ampel;49.4093453;8.6926799;;Traffic Signal
Routenpunkt (Way);Bismarckstraße;49.4093453;8.6926799;50.0;Original OSM
Routenpunkt (Way);Bismarckstraße;49.4092821;8.6926211;50.0;Original OSM
Ampel;Ampel;49.4092056;8.6925549;;Traffic Signal
Routenpunkt (Way);Bismarckstraße;49.4092056;8.6925549;50.0;Original OSM
Routenpunkt (Way);Bismarckstraße;49.4092056;8.6925549;50.0;Original OSM
Routenpunkt (Way);Bismarckstraße;49.4091235;8.6924831;50.0;Original OSM
Routenpunkt (Way);Rohrbacher Straße;49.4091235;8.6924831;50.0;Original OSM
Routenpunkt (Way);Rohrbacher Straße;49.4090699;8.6924536;50.0;Original OSM
Routenpunkt (Way);Rohrbacher Straße;49.4089881;8.6924225;50.0;Original OSM
Routenpunkt (Way);Rohrbacher Straße;49.4089336;8.6923951;50.0;Original OSM
Routenpunkt (Way);Rohrbacher Straße;49.4089336;8.6923951;50.0;Original OSM
Routenpunkt (Way);Rohrbacher Straße;49.4088969;8.6923992;50.0;Original OSM
Ampel;Ampel;49.4088043;8.6924098;;Traffic Signal
Routenpunkt (Way);Rohrbacher Straße;49.4088043;8.6924098;50.0;Original OSM
Routenpunkt (Way);Rohrbacher Straße;49.4087147;8.69242;50.0;Original OSM
Routenpunkt (Way);Rohrbacher Straße;49.4086146;8.6924313;50.0;Original OSM
Routenpunkt (Way);Rohrbacher Straße;49.4085366;8.6924402;50.0;Original OSM
Routenpunkt (Way);Rohrbacher Straße;49.4085366;8.6924402;50.0;Original OSM
Ampel;Ampel;49.4084424;8.6924509;;Traffic Signal
Routenpunkt (Way);Rohrbacher Straße;49.4084424;8.6924509;50.0;Original OSM
Routenpunkt (Way);Rohrbacher Straße;49.4084424;8.6924509;50.0;Original OSM
Routenpunkt (Way);Rohrbacher Straße;49.40837105;8.69245905;50.0;Interpoliert
Routenpunkt (Way);Rohrbacher Straße;49.4082997;8.6924672;50.0;Original OSM
Routenpunkt (Way);Rohrbacher Straße;49.4082508;8.6924727;50.0;Original OSM
Routenpunkt (Way);Unbekannt;49.4082508;8.6924727;;Original OSM
Routenpunkt (Way);Unbekannt;49.4081646;8.692542;;Original OSM
Routenpunkt (Way);Unbekannt;49.4080416;8.6925933;;Original OSM
Routenpunkt (Way);Unbekannt;49.4079987;8.6925996;;Original OSM
Routenpunkt (Way);Unbekannt;49.4079735;8.6926033;;Original OSM
Routenpunkt (Way);Unbekannt;49.4078696;8.692618549999999;;Interpoliert
Routenpunkt (Way);Unbekannt;49.4077657;8.6926338;;Original OSM
Routenpunkt (Way);Unbekannt;49.4076857;8.6926473;;Original OSM
Routenpunkt (Way);Unbekannt;49.407629;8.6926959;;Original OSM
Routenpunkt (Way);Unbekannt;49.407629;8.6926959;;Original OSM
Routenpunkt (Way);Unbekannt;49.4075648;8.6927089;;Original OSM
Routenpunkt (Way);Unbekannt;49.4075537;8.6927097;;Original OSM
Routenpunkt (Way);Unbekannt;49.4075336;8.6927124;;Original OSM
Routenpunkt (Way);Unbekannt;49.4075261;8.6927129;;Original OSM
Routenpunkt (Way);Unbekannt;49.4075174;8.692713;;Original OSM
Routenpunkt (Way);Unbekannt;49.4075064;8.6927128;;Original OSM
Routenpunkt (Way);Unbekannt;49.4074923;8.6927118;;Original OSM
Routenpunkt (Way);Unbekannt;49.4074757;8.6927092;;Original OSM
Routenpunkt (Way);Unbekannt;49.4074607;8.6927057;;Original OSM
Routenpunkt (Way);Unbekannt;49.4074456;8.6927003;;Original OSM
Routenpunkt (Way);Unbekannt;49.4074319;8.6926946;;Original OSM
Routenpunkt (Way);Unbekannt;49.4074165;8.692687;;Original OSM
Routenpunkt (Way);Unbekannt;49.4074063;8.6926814;;Original OSM
Routenpunkt (Way);Unbekannt;49.4073942;8.6926742;;Original OSM
Routenpunkt (Way);Unbekannt;49.4073814;8.6926648;;Original OSM
Routenpunkt (Way);Unbekannt;49.4073704;8.6926556;;Original OSM
Routenpunkt (Way);Unbekannt;49.4073614;8.6926475;;Original OSM
Routenpunkt (Way);Unbekannt;49.4073497;8.6926354;;Original OSM
Routenpunkt (Way);Unbekannt;49.4073333;8.6926198;;Original OSM
Routenpunkt (Way);Unbekannt;49.4073256;8.6926095;;Original OSM
Routenpunkt (Way);Unbekannt;49.407307;8.6925837;;Original OSM
Routenpunkt (Way);Unbekannt;49.4072943;8.6925646;;Original OSM
Routenpunkt (Way);Unbekannt;49.4072803;8.6925428;;Original OSM
Routenpunkt (Way);Unbekannt;49.4072803;8.6925428;;Original OSM
Routenpunkt (Way);Unbekannt;49.4072666;8.6925092;;Original OSM
Routenpunkt (Way);Unbekannt;49.4072575;8.6924846;;Original OSM
Routenpunkt (Way);Unbekannt;49.4072514;8.6924576;;Original OSM
Routenpunkt (Way);Unbekannt;49.4072427;8.6924245;;Original OSM
Routenpunkt (Way);Unbekannt;49.407241;8.692413;;Original OSM
Routenpunkt (Way);Unbekannt;49.4072359;8.6923861;;Original OSM
Routenpunkt (Way);Unbekannt;49.4072448;8.6923375;;Original OSM
Routenpunkt (Way);Unbekannt;49.4072534;8.6923337;;Original OSM
Routenpunkt (Way);Unbekannt;49.4072612;8.6923303;;Original OSM
Routenpunkt (Way);Unbekannt;49.4072271;8.6923357;;Original OSM
Routenpunkt (Way);Unbekannt;49.40720905714286;8.6921438;;Interpoliert
Routenpunkt (Way);Unbekannt;49.4071936;8.692143333333332;;Interpoliert
Routenpunkt (Way);Unbekannt;49.4072262;8.692136228571428;;Interpoliert
Routenpunkt (Way);Unbekannt;49.407173314285714;8.691950100000001;;Interpoliert
Routenpunkt (Way);Unbekannt;49.4071601;8.691950966666667;;Interpoliert
Routenpunkt (Way);Unbekannt;49.4071912;8.691942157142858;;Interpoliert
Routenpunkt (Way);Unbekannt;49.40713757142857;8.691756400000001;;Interpoliert
Routenpunkt (Way);Unbekannt;49.4071266;8.6917586;;Original OSM
Routenpunkt (Way);Unbekannt;49.4071562;8.691748085714286;;Interpoliert
Routenpunkt (Way);Unbekannt;49.40709376666666;8.691585133333334;;Interpoliert
Routenpunkt (Way);Unbekannt;49.40710182857143;8.6915627;;Interpoliert
Routenpunkt (Way);Unbekannt;49.4071212;8.691554014285714;;Interpoliert
Routenpunkt (Way);Unbekannt;49.40706093333333;8.691411666666667;;Interpoliert
Routenpunkt (Way);Unbekannt;49.40706608571429;8.691369;;Interpoliert
Routenpunkt (Way);Unbekannt;49.4070862;8.691359942857142;;Interpoliert
Haltestelle;Seegarten;49.4070281;8.6912382;;Bus Stop
Routenpunkt (Way);Unbekannt;49.4070281;8.6912382;;Original OSM
Routenpunkt (Way);Unbekannt;49.40703034285714;8.691175300000001;;Interpoliert
Routenpunkt (Way);Unbekannt;49.4070512;8.691165871428572;;Interpoliert
Routenpunkt (Way);Unbekannt;49.40700115;8.69110125;;Interpoliert
Routenpunkt (Way);Unbekannt;49.4069946;8.6909816;;Original OSM
Routenpunkt (Way);Unbekannt;49.4069946;8.6909816;;Original OSM
Routenpunkt (Way);Unbekannt;49.407004;8.6909773;;Original OSM
Routenpunkt (Way);Unbekannt;49.4070162;8.6909718;;Original OSM
Routenpunkt (Way);Unbekannt;49.4069742;8.6909643;;Original OSM
Routenpunkt (Way);Unbekannt;49.40695113333334;8.690826733333333;;Interpoliert
Routenpunkt (Way);Unbekannt;49.406928066666666;8.690689166666665;;Interpoliert
Routenpunkt (Way);Unbekannt;49.406905;8.6905516;;Original OSM
Routenpunkt (Way);Unbekannt;49.406873275;8.69037315;;Interpoliert
Routenpunkt (Way);Unbekannt;49.40684155;8.6901947;;Interpoliert
Routenpunkt (Way);Unbekannt;49.406809825;8.69001625;;Interpoliert
Routenpunkt (Way);Unbekannt;49.4067781;8.6898378;;Original OSM
Routenpunkt (Way);Unbekannt;49.4067481;8.6896605;;Original OSM
Routenpunkt (Way);Unbekannt;49.4067382;8.6896023;;Original OSM
Routenpunkt (Way);Unbekannt;49.4067081;8.689430660000001;;Interpoliert
Routenpunkt (Way);Unbekannt;49.406678;8.68925902;;Interpoliert
Routenpunkt (Way);Unbekannt;49.4066479;8.68908738;;Interpoliert
Routenpunkt (Way);Unbekannt;49.4066178;8.688915739999999;;Interpoliert
Routenpunkt (Way);Unbekannt;49.4065877;8.6887441;;Original OSM
Routenpunkt (Way);Unbekannt;49.4065553;8.6885586375;;Interpoliert
Routenpunkt (Way);Unbekannt;49.4065229;8.688373174999999;;Interpoliert
Routenpunkt (Way);Unbekannt;49.4064905;8.6881877125;;Interpoliert
Routenpunkt (Way);Unbekannt;49.4064581;8.68800225;;Interpoliert
Routenpunkt (Way);Unbekannt;49.4064257;8.6878167875;;Interpoliert
Routenpunkt (Way);Unbekannt;49.406393300000005;8.687631325;;Interpoliert
Routenpunkt (Way);Unbekannt;49.4063609;8.687445862499999;;Interpoliert
Routenpunkt (Way);Unbekannt;49.4063285;8.6872604;;Original OSM
Routenpunkt (Way);Unbekannt;49.4063019;8.6871079;;Original OSM
Routenpunkt (Way);Unbekannt;49.4063019;8.6871079;;Original OSM
Routenpunkt (Way);Unbekannt;49.40628255;8.6869978;;Interpoliert
Routenpunkt (Way);Unbekannt;49.4062632;8.6868877;;Original OSM
Routenpunkt (Way);Stadtbücherei;49.4062805;8.6868796;;Original OSM
Routenpunkt (Way);Unbekannt;49.40623753333333;8.686741099999999;;Interpoliert
Routenpunkt (Way);Stadtbücherei;49.40625133333334;8.686714633333333;;Interpoliert
Routenpunkt (Way);Unbekannt;49.406211866666666;8.6865945;;Interpoliert
Routenpunkt (Way);Stadtbücherei;49.406222166666666;8.686549666666666;;Interpoliert
Routenpunkt (Way);Unbekannt;49.4061862;8.6864479;;Original OSM
Routenpunkt (Way);Stadtbücherei;49.406193;8.6863847;;Original OSM
Routenpunkt (Way);Unbekannt;49.4061595;8.6862986;;Original OSM
Routenpunkt (Way);Stadtbücherei;49.406159200000005;8.68620515;;Interpoliert
Haltestelle;Stadtbücherei;49.4061369;8.6861799;;Bus Stop
Routenpunkt (Way);Unbekannt;49.4061369;8.6861799;;Original OSM
Routenpunkt (Way);Unbekannt;49.4061183;8.6860883;;Original OSM
Routenpunkt (Way);Stadtbücherei;49.4061254;8.6860256;;Original OSM
Routenpunkt (Way);Unbekannt;49.4060995;8.6860015;;Original OSM
Routenpunkt (Way);Stadtbücherei;49.40610105;8.685921400000002;;Interpoliert
Routenpunkt (Way);Unbekannt;49.40607555;8.68590125;;Interpoliert
Routenpunkt (Way);Stadtbücherei;49.4060767;8.6858172;;Original OSM
Routenpunkt (Way);Unbekannt;49.4060516;8.685801;;Original OSM
Routenpunkt (Way);Unbekannt;49.4060385;8.6857478;;Original OSM
Routenpunkt (Way);Unbekannt;49.4060052;8.685611399999999;;Interpoliert
Routenpunkt (Way);Unbekannt;49.4059719;8.685475;;Interpoliert
Routenpunkt (Way);Unbekannt;49.4059386;8.6853386;;Original OSM
Routenpunkt (Way);Unbekannt;49.4059042;8.68519815;;Interpoliert
Routenpunkt (Way);Unbekannt;49.4058698;8.6850577;;Original OSM
Routenpunkt (Way);Unbekannt;49.4058547;8.6849959;;Original OSM
Routenpunkt (Way);Römerkreis;49.4058363;8.6849271;50.0;Original OSM
Routenpunkt (Way);Unbekannt;49.4058363;8.6849271;;Original OSM
Routenpunkt (Way);Römerkreis;49.4058404;8.6849177;50.0;Original OSM
Routenpunkt (Way);Römerkreis;49.4058528;8.6848877;50.0;Original OSM
Routenpunkt (Way);Römerkreis;49.4058758;8.6848299;50.0;Original OSM
Routenpunkt (Way);Römerkreis;49.4059208;8.6847147;50.0;Original OSM
Routenpunkt (Way);Römerkreis;49.4059208;8.6847147;50.0;Original OSM
Routenpunkt (Way);Römerkreis;49.4059026;8.6846464;50.0;Original OSM
Routenpunkt (Way);Römerkreis;49.4058676;8.6845278;50.0;Original OSM
Routenpunkt (Way);Römerkreis;49.4058392;8.6844336;50.0;Original OSM
Routenpunkt (Way);Römerkreis;49.4058001;8.684307;50.0;Original OSM
Routenpunkt (Way);Kurfürsten-Anlage;49.4058001;8.684307;50.0;Original OSM
Routenpunkt (Way);Kurfürsten-Anlage;49.405771;8.6842102;50.0;Original OSM
Routenpunkt (Way);Kurfürsten-Anlage;49.4057537;8.684153;50.0;Original OSM
Routenpunkt (Way);Kurfürsten-Anlage;49.4057348;8.6840886;50.0;Original OSM
Ampel;Ampel;49.4057186;8.6840293;;Traffic Signal
Routenpunkt (Way);Kurfürsten-Anlage;49.4057186;8.6840293;50.0;Original OSM
Routenpunkt (Way);Kurfürsten-Anlage;49.4056947;8.683919;50.0;Original OSM
Routenpunkt (Way);Kurfürsten-Anlage;49.4056947;8.683919;50.0;Original OSM
Routenpunkt (Way);Kurfürsten-Anlage;49.40565795;8.6837531;50.0;Interpoliert
Routenpunkt (Way);Kurfürsten-Anlage;49.4056212;8.6835872;50.0;Original OSM
Routenpunkt (Way);Kurfürsten-Anlage;49.4055943;8.6834375;50.0;Original OSM
Routenpunkt (Way);Kurfürsten-Anlage;49.405568566666666;8.683295033333334;50.0;Interpoliert
Routenpunkt (Way);Kurfürsten-Anlage;49.40554283333333;8.683152566666667;50.0;Interpoliert
Routenpunkt (Way);Kurfürsten-Anlage;49.4055171;8.6830101;50.0;Original OSM
Routenpunkt (Way);Stadtwerke;49.4055716;8.682942;;Original OSM
Haltestelle;Stadtwerke;49.4054932;8.682874;;Bus Stop
Routenpunkt (Way);Kurfürsten-Anlage;49.4054932;8.682874;50.0;Original OSM
Routenpunkt (Way);Stadtwerke;49.4055367;8.682742;;Original OSM
Routenpunkt (Way);Kurfürsten-Anlage;49.4054629;8.682705066666667;50.0;Interpoliert
Routenpunkt (Way);Kurfürsten-Anlage;49.405432600000005;8.682536133333333;50.0;Interpoliert
Routenpunkt (Way);Kurfürsten-Anlage;49.405402300000006;8.6823672;50.0;Interpoliert
Routenpunkt (Way);Kurfürsten-Anlage;49.405372;8.682198266666667;50.0;Interpoliert
Routenpunkt (Way);Kurfürsten-Anlage;49.4053417;8.682029333333332;50.0;Interpoliert
Routenpunkt (Way);Kurfürsten-Anlage;49.4053114;8.6818604;50.0;Original OSM
Routenpunkt (Way);Kurfürsten-Anlage;49.4052816;8.68169425;50.0;Interpoliert
Routenpunkt (Way);Kurfürsten-Anlage;49.4052518;8.6815281;50.0;Interpoliert
Routenpunkt (Way);Kurfürsten-Anlage;49.405222;8.68136195;50.0;Interpoliert
Ampel;Ampel;49.4051922;8.6811958;;Traffic Signal
Routenpunkt (Way);Kurfürsten-Anlage;49.4051922;8.6811958;50.0;Original OSM
Routenpunkt (Way);Kurfürsten-Anlage;49.4051922;8.6811958;50.0;Original OSM
Routenpunkt (Way);Kurfürsten-Anlage;49.4051717;8.6810935;50.0;Original OSM
Routenpunkt (Way);Kurfürsten-Anlage;49.4051606;8.6810287;50.0;Original OSM
Routenpunkt (Way);Kurfürsten-Anlage;49.4051606;8.6810287;50.0;Original OSM
Routenpunkt (Way);Kurfürsten-Anlage;49.405127066666665;8.680835966666667;50.0;Interpoliert
Routenpunkt (Way);Kurfürsten-Anlage;49.405093533333336;8.680643233333333;50.0;Interpoliert
Routenpunkt (Way);Kurfürsten-Anlage;49.405060000000006;8.6804505;50.0;Interpoliert
Routenpunkt (Way);Kurfürsten-Anlage;49.40502646666667;8.680257766666667;50.0;Interpoliert
Routenpunkt (Way);Kurfürsten-Anlage;49.40499293333333;8.680065033333333;50.0;Interpoliert
Routenpunkt (Way);Kurfürsten-Anlage;49.4049594;8.6798723;50.0;Original OSM
Routenpunkt (Way);Kurfürsten-Anlage;49.40493213333333;8.679710466666666;50.0;Interpoliert
Routenpunkt (Way);Kurfürsten-Anlage;49.40490486666667;8.679548633333333;50.0;Interpoliert
Routenpunkt (Way);Kurfürsten-Anlage;49.4048776;8.6793868;50.0;Original OSM
Routenpunkt (Way);Kurfürsten-Anlage;49.4048776;8.6793868;50.0;Original OSM
Routenpunkt (Way);Kurfürsten-Anlage;49.40485635;8.67926065;50.0;Interpoliert
Routenpunkt (Way);Kurfürsten-Anlage;49.4048351;8.6791345;50.0;Original OSM
Routenpunkt (Way);Kurfürsten-Anlage;49.4048046;8.67895365;50.0;Interpoliert
Routenpunkt (Way);Kurfürsten-Anlage;49.4047741;8.6787728;50.0;Original OSM
Routenpunkt (Way);Kurfürsten-Anlage;49.4047439;8.678593500000002;50.0;Interpoliert
Routenpunkt (Way);Kurfürsten-Anlage;49.4047137;8.6784142;50.0;Original OSM
Routenpunkt (Way);Kurfürsten-Anlage;49.4047137;8.6784142;50.0;Original OSM
Routenpunkt (Way);Kurfürsten-Anlage;49.4046835;8.6782344;50.0;Original OSM
Routenpunkt (Way);Kurfürsten-Anlage;49.4046835;8.6782344;50.0;Original OSM
Routenpunkt (Way);Kurfürsten-Anlage;49.4046499;8.6780351;50.0;Original OSM
Routenpunkt (Way);Kurfürsten-Anlage;49.4046372;8.67792745;50.0;Interpoliert
Routenpunkt (Way);Kurfürsten-Anlage;49.4046245;8.6778198;50.0;Original OSM
Routenpunkt (Way);Kurfürsten-Anlage;49.4046245;8.6778198;50.0;Original OSM
Routenpunkt (Way);Kurfürsten-Anlage;49.4046069;8.6776418;50.0;Original OSM
Routenpunkt (Way);Kurfürsten-Anlage;49.4046037;8.677557;50.0;Original OSM
Routenpunkt (Way);Kurfürsten-Anlage;49.4046057;8.6774862;50.0;Original OSM
Ampel;Ampel;49.4046103;8.6774377;;Traffic Signal
Routenpunkt (Way);Kurfürsten-Anlage;49.4046103;8.6774377;50.0;Original OSM
Routenpunkt (Way);Kurfürsten-Anlage;49.4046103;8.6774377;50.0;Original OSM
Routenpunkt (Way);Kurfürsten-Anlage;49.4046188;8.677333650000001;50.0;Interpoliert
Routenpunkt (Way);Kurfürsten-Anlage;49.4046273;8.6772296;50.0;Original OSM
Routenpunkt (Way);Kurfürsten-Anlage;49.4046273;8.6772296;50.0;Original OSM
Routenpunkt (Way);Kurfürsten-Anlage;49.4046236;8.6771329;50.0;Original OSM
Routenpunkt (Way);Kurfürsten-Anlage;49.4046236;8.6771329;50.0;Original OSM
Routenpunkt (Way);Kurfürsten-Anlage;49.4046177;8.6770975;50.0;Original OSM
Routenpunkt (Way);Kurfürsten-Anlage;49.4046041;8.6770484;50.0;Original OSM
Routenpunkt (Way);Kurfürsten-Anlage;49.4045884;8.6770108;50.0;Original OSM
Routenpunkt (Way);Lessingstraße;49.4045637;8.6769694;50.0;Original OSM
Routenpunkt (Way);Kurfürsten-Anlage;49.4045637;8.6769694;50.0;Original OSM
Routenpunkt (Way);Lessingstraße;49.4045127;8.6769945;50.0;Original OSM
Routenpunkt (Way);Lessingstraße;49.4044187;8.6770407;50.0;Original OSM
Haltestelle;Heidelberg Hauptbahnhof, L;49.4043675;8.6770645;;Bus Stop
Routenpunkt (Way);Lessingstraße;49.4043675;8.6770645;50.0;Original OSM
Ampel;Ampel;49.4042568;8.6771173;;Traffic Signal
Routenpunkt (Way);Lessingstraße;49.4042568;8.6771173;50.0;Original OSM
Routenpunkt (Way);Lessingstraße;49.4042197;8.6771349;50.0;Original OSM
Routenpunkt (Way);Lessingstraße;49.4042197;8.6771349;50.0;Original OSM
Routenpunkt (Way);Lessingstraße;49.4041291;8.6771864;50.0;Original OSM
Routenpunkt (Way);Lessingstraße;49.4041291;8.6771864;50.0;Original OSM
Routenpunkt (Way);Lessingstraße;49.40405715;8.677235249999999;50.0;Interpoliert
Routenpunkt (Way);Lessingstraße;49.4039852;8.6772841;50.0;Original OSM
Routenpunkt (Way);Lessingstraße;49.4038991;8.6773443;50.0;Original OSM
Routenpunkt (Way);Lessingstraße;49.4037922;8.67743695;50.0;Interpoliert
Routenpunkt (Way);Lessingstraße;49.4036853;8.6775296;50.0;Original OSM
Routenpunkt (Way);Lessingstraße;49.4036122;8.6776034;;Original OSM
Routenpunkt (Way);Lessingstraße;49.4036122;8.6776034;50.0;Original OSM
Routenpunkt (Way);Lessingstraße;49.4036062;8.6777342;;Original OSM
Routenpunkt (Way);Lessingstraße;49.4035663;8.6778691;;Original OSM
Routenpunkt (Way);Lessingstraße;49.4035663;8.6778691;50.0;Original OSM
Routenpunkt (Way);Lessingstraße;49.40347976666667;8.6779593;50.0;Interpoliert
Routenpunkt (Way);Lessingstraße;49.40339323333333;8.6780495;50.0;Interpoliert
Routenpunkt (Way);Lessingstraße;49.4033067;8.6781397;50.0;Original OSM
Routenpunkt (Way);Lessingstraße;49.4033067;8.6781397;50.0;Original OSM
Routenpunkt (Way);Lessingstraße;49.40321395;8.67828945;50.0;Interpoliert
Routenpunkt (Way);Lessingstraße;49.4031212;8.6784392;50.0;Original OSM
Routenpunkt (Way);Lessingstraße;49.403087;8.6784989;50.0;Original OSM
Routenpunkt (Way);Lessingstraße;49.403087;8.6784989;50.0;Original OSM
Routenpunkt (Way);Lessingstraße;49.40301805;8.67860485;50.0;Interpoliert
Routenpunkt (Way);Lessingstraße;49.4029491;8.6787108;50.0;Original OSM
Routenpunkt (Way);Lessingstraße;49.4028543;8.678856644444444;50.0;Interpoliert
Routenpunkt (Way);Lessingstraße;49.4027595;8.679002488888889;50.0;Interpoliert
Routenpunkt (Way);Lessingstraße;49.4026647;8.679148333333332;50.0;Interpoliert
Routenpunkt (Way);Lessingstraße;49.4025699;8.679294177777777;50.0;Interpoliert
Routenpunkt (Way);Lessingstraße;49.4024751;8.679440022222222;50.0;Interpoliert
Routenpunkt (Way);Lessingstraße;49.4023803;8.679585866666667;50.0;Interpoliert
Routenpunkt (Way);Lessingstraße;49.4022855;8.67973171111111;50.0;Interpoliert
Routenpunkt (Way);Lessingstraße;49.4021907;8.679877555555555;50.0;Interpoliert
Routenpunkt (Way);Lessingstraße;49.4020959;8.6800234;50.0;Original OSM
Routenpunkt (Way);Lessingstraße;49.4020537;8.6800866;50.0;Original OSM
Routenpunkt (Way);Lessingstraße;49.4020537;8.6800866;50.0;Original OSM
Routenpunkt (Way);Lessingstraße;49.4020054;8.6801614;50.0;Original OSM
Routenpunkt (Way);Lessingstraße;49.4019818;8.6801962;50.0;Original OSM
Routenpunkt (Way);Lessingstraße;49.4019818;8.6801962;50.0;Original OSM
Routenpunkt (Way);Lessingstraße;49.40194;8.6802756;50.0;Original OSM
Routenpunkt (Way);Speyerer Straße;49.40194;8.6802756;50.0;Original OSM
Routenpunkt (Way);Speyerer Straße;49.4018597;8.6801874;50.0;Original OSM
Routenpunkt (Way);Speyerer Straße;49.4018597;8.6801874;50.0;Original OSM
Ampel;Ampel;49.4018422;8.6801659;;Traffic Signal
Routenpunkt (Way);Speyerer Straße;49.4018422;8.6801659;50.0;Original OSM
Routenpunkt (Way);Speyerer Straße;49.4017563;8.680060000000001;50.0;Interpoliert
Routenpunkt (Way);Speyerer Straße;49.4016704;8.6799541;50.0;Interpoliert
Routenpunkt (Way);Speyerer Straße;49.4015845;8.6798482;50.0;Interpoliert
Routenpunkt (Way);Speyerer Straße;49.4014986;8.6797423;50.0;Interpoliert
Routenpunkt (Way);Speyerer Straße;49.4014127;8.6796364;50.0;Original OSM
Routenpunkt (Way);Speyerer Straße;49.4014127;8.6796364;50.0;Original OSM
Routenpunkt (Way);Speyerer Straße;49.4013566;8.6795693;50.0;Interpoliert
Routenpunkt (Way);Speyerer Straße;49.4013005;8.6795022;50.0;Original OSM
Routenpunkt (Way);Speyerer Straße;49.40119765;8.6793788;50.0;Interpoliert
Routenpunkt (Way);Speyerer Straße;49.4010948;8.6792554;50.0;Original OSM
Routenpunkt (Way);Speyerer Straße;49.4010948;8.6792554;50.0;Original OSM
Routenpunkt (Way);Speyerer Straße;49.400994100000005;8.67913445;50.0;Interpoliert
Routenpunkt (Way);Speyerer Straße;49.4008934;8.6790135;50.0;Original OSM
Routenpunkt (Way);Speyerer Straße;49.4008934;8.6790135;50.0;Original OSM
Routenpunkt (Way);Speyerer Straße;49.4008478;8.6789555;50.0;Original OSM
Routenpunkt (Way);Speyerer Straße;49.40077806666667;8.678868066666666;50.0;Interpoliert
Routenpunkt (Way);Speyerer Straße;49.40070833333333;8.678780633333334;50.0;Interpoliert
Routenpunkt (Way);Speyerer Straße;49.4006386;8.6786932;50.0;Original OSM
Routenpunkt (Way);Speyerer Straße;49.4005529;8.6785713;50.0;Interpoliert
Routenpunkt (Way);Speyerer Straße;49.4004672;8.6784494;50.0;Interpoliert
Routenpunkt (Way);Speyerer Straße;49.4003815;8.6783275;50.0;Original OSM
Routenpunkt (Way);Speyerer Straße;49.4003815;8.6783275;50.0;Original OSM
Routenpunkt (Way);Speyerer Straße;49.4003607;8.6782963;50.0;Original OSM
Routenpunkt (Way);Speyerer Straße;49.4003489;8.6782796;50.0;Original OSM
Routenpunkt (Way);Speyerer Straße;49.4003047;8.6782192;50.0;Original OSM
Routenpunkt (Way);Speyerer Straße;49.4003047;8.6782192;50.0;Original OSM
Routenpunkt (Way);Speyerer Straße;49.4002801;8.6781744;50.0;Original OSM
Routenpunkt (Way);Speyerer Straße;49.4002801;8.6781744;50.0;Original OSM
Ampel;Ampel;49.4002126;8.678052;;Traffic Signal
Routenpunkt (Way);Speyerer Straße;49.4002126;8.678052;50.0;Original OSM
Routenpunkt (Way);Speyerer Straße;49.4001858;8.6780035;50.0;Original OSM
Routenpunkt (Way);Speyerer Straße;49.40013795;8.6779016;50.0;Interpoliert
Routenpunkt (Way);Speyerer Straße;49.4000901;8.6777997;50.0;Original OSM
Routenpunkt (Way);Speyerer Straße;49.4000901;8.6777997;50.0;Original OSM
Routenpunkt (Way);Speyerer Straße;49.4000738;8.6777689;50.0;Original OSM
Routenpunkt (Way);Speyerer Straße;49.4000738;8.6777689;50.0;Original OSM
Routenpunkt (Way);Speyerer Straße;49.4000673;8.6777566;50.0;Original OSM
Routenpunkt (Way);Speyerer Straße;49.4000545;8.6777318;50.0;Original OSM
Routenpunkt (Way);Speyerer Straße;49.4000323;8.6776756;50.0;Original OSM
Routenpunkt (Way);Speyerer Straße;49.4000258;8.6776583;50.0;Original OSM
Routenpunkt (Way);Speyerer Straße;49.4000069;8.6776219;50.0;Original OSM
Routenpunkt (Way);Czernyring;49.3999627;8.6775229;50.0;Original OSM
Routenpunkt (Way);Speyerer Straße;49.3999627;8.6775229;50.0;Original OSM
Routenpunkt (Way);Czernyring;49.4000511;8.6773977;50.0;Original OSM
Routenpunkt (Way);Speyerer Straße;49.4000511;8.6773977;50.0;Original OSM
Routenpunkt (Way);Speyerer Straße;49.4000165;8.6773401;50.0;Original OSM
Routenpunkt (Way);Speyerer Straße;49.3999799;8.6772781;50.0;Original OSM
Routenpunkt (Way);Speyerer Straße;49.3999228;8.677173750000001;50.0;Interpoliert
Routenpunkt (Way);Speyerer Straße;49.3998657;8.6770694;50.0;Original OSM
Routenpunkt (Way);Speyerer Straße;49.3998657;8.6770694;50.0;Original OSM
Routenpunkt (Way);Speyerer Straße;49.3998185;8.6769812;50.0;Interpoliert
Routenpunkt (Way);Speyerer Straße;49.3997713;8.676893;50.0;Original OSM
Routenpunkt (Way);Speyerer Straße;49.3997713;8.676893;50.0;Original OSM
Routenpunkt (Way);Speyerer Straße;49.3997009;8.6767614;50.0;Interpoliert
Routenpunkt (Way);Speyerer Straße;49.3996305;8.676629799999999;50.0;Interpoliert
Haltestelle;Montpellierbrücke;49.3995601;8.6764982;;Bus Stop
Routenpunkt (Way);Speyerer Straße;49.3995601;8.6764982;50.0;Original OSM
Haltestelle;Montpellierbrücke;49.3996087;8.6764203;;Bus Stop
Routenpunkt (Way);Speyerer Straße;49.39948915;8.67636555;50.0;Interpoliert
Routenpunkt (Way);Speyerer Straße;49.3994182;8.6762329;50.0;Original OSM
Routenpunkt (Way);Speyerer Straße;49.3994182;8.6762329;50.0;Original OSM
Routenpunkt (Way);Speyerer Straße;49.39934173333333;8.676085166666667;50.0;Interpoliert
Routenpunkt (Way);Speyerer Straße;49.39926526666667;8.675937433333333;50.0;Interpoliert
Ampel;Ampel;49.3991888;8.6757897;;Traffic Signal
Routenpunkt (Way);Speyerer Straße;49.3991888;8.6757897;50.0;Original OSM
Routenpunkt (Way);Speyerer Straße;49.3991888;8.6757897;50.0;Original OSM
Routenpunkt (Way);Speyerer Straße;49.39913645;8.67568975;50.0;Interpoliert
Routenpunkt (Way);Speyerer Straße;49.3990841;8.6755898;50.0;Original OSM
Routenpunkt (Way);Speyerer Straße;49.3990841;8.6755898;50.0;Original OSM
Routenpunkt (Way);Speyerer Straße;49.3990101;8.6754407;50.0;Interpoliert
Routenpunkt (Way);Speyerer Straße;49.3989361;8.6752916;50.0;Original OSM
Routenpunkt (Way);Speyerer Straße;49.3989361;8.6752916;50.0;Original OSM
Routenpunkt (Way);Speyerer Straße;49.3988782;8.675172333333332;50.0;Interpoliert
Routenpunkt (Way);Speyerer Straße;49.3988203;8.675053066666667;50.0;Interpoliert
Routenpunkt (Way);Speyerer Straße;49.3987624;8.6749338;50.0;Original OSM
Routenpunkt (Way);Speyerer Straße;49.3987624;8.6749338;50.0;Original OSM
Routenpunkt (Way);Speyerer Straße;49.39867915;8.6747749;50.0;Interpoliert
Routenpunkt (Way);Speyerer Straße;49.3985959;8.674616;50.0;Original OSM
Routenpunkt (Way);Speyerer Straße;49.3985512;8.674530350000001;50.0;Interpoliert
Routenpunkt (Way);Speyerer Straße;49.3985065;8.6744447;50.0;Original OSM
Routenpunkt (Way);Speyerer Straße;49.3985065;8.6744447;50.0;Original OSM
Routenpunkt (Way);Speyerer Straße;49.39845390000001;8.674340950000001;50.0;Interpoliert
Routenpunkt (Way);Speyerer Straße;49.3984013;8.6742372;50.0;Original OSM
Routenpunkt (Way);Speyerer Straße;49.3983188;8.6740913;50.0;Original OSM
Routenpunkt (Way);Speyerer Straße;49.3982702;8.6739999;50.0;Interpoliert
Ampel;Ampel;49.3982216;8.6739085;;Traffic Signal
Routenpunkt (Way);Speyerer Straße;49.3982216;8.6739085;50.0;Original OSM
Routenpunkt (Way);Speyerer Straße;49.3982031;8.673874;50.0;Original OSM
Routenpunkt (Way);Speyerer Straße;49.3981487;8.6737791;50.0;Original OSM
Routenpunkt (Way);Speyerer Straße;49.3981089;8.6737037;50.0;Original OSM
Routenpunkt (Way);Langer Anger;49.3981089;8.6737037;;Original OSM
Routenpunkt (Way);Langer Anger;49.3981488;8.6736492;;Original OSM
Routenpunkt (Way);Langer Anger;49.3981488;8.6736492;;Original OSM
Ampel;Ampel;49.3981851;8.6735855;;Traffic Signal
Routenpunkt (Way);Langer Anger;49.3981851;8.6735855;;Original OSM
Routenpunkt (Way);Langer Anger;49.3981921;8.6735753;;Original OSM
Routenpunkt (Way);Langer Anger;49.3981921;8.6735753;30.0;Original OSM
Routenpunkt (Way);Langer Anger;49.3982686;8.673463533333333;30.0;Interpoliert
Routenpunkt (Way);Langer Anger;49.3983451;8.673351766666666;30.0;Interpoliert
Routenpunkt (Way);Langer Anger;49.3984216;8.67324;30.0;Original OSM
Routenpunkt (Way);Langer Anger;49.3984216;8.67324;30.0;Original OSM
Routenpunkt (Way);Langer Anger;49.3984533;8.6731989;30.0;Original OSM
Routenpunkt (Way);Langer Anger;49.3984977;8.6731414;30.0;Original OSM
Routenpunkt (Way);Langer Anger;49.3984977;8.6731414;30.0;Original OSM
Routenpunkt (Way);Langer Anger;49.398584166666666;8.672999033333333;30.0;Interpoliert
Routenpunkt (Way);Langer Anger;49.39867063333333;8.672856666666668;30.0;Interpoliert
Routenpunkt (Way);Langer Anger;49.3987571;8.6727143;30.0;Original OSM
Routenpunkt (Way);Langer Anger;49.39884412;8.67256788;30.0;Interpoliert
Routenpunkt (Way);Langer Anger;49.39893114;8.67242146;30.0;Interpoliert
Routenpunkt (Way);Langer Anger;49.39901816;8.67227504;30.0;Interpoliert
Routenpunkt (Way);Langer Anger;49.39910518;8.67212862;30.0;Interpoliert
Routenpunkt (Way);Langer Anger;49.3991922;8.6719822;30.0;Original OSM
Routenpunkt (Way);Langer Anger;49.3992297;8.6719237;30.0;Original OSM
Routenpunkt (Way);Langer Anger;49.3992332;8.6719178;30.0;Original OSM
Routenpunkt (Way);Langer Anger;49.3992332;8.6719178;30.0;Original OSM
Routenpunkt (Way);Langer Anger;49.39931745;8.671778100000001;30.0;Interpoliert
Routenpunkt (Way);Schwetzinger Terrasse;49.3993692;8.6717732;;Original OSM
Routenpunkt (Way);Schwetzinger Terrasse;49.399429600000005;8.6716722;;Interpoliert
Haltestelle;Schwetzinger Terrasse;49.3994017;8.6716384;;Bus Stop
Routenpunkt (Way);Langer Anger;49.3994017;8.6716384;30.0;Original OSM
Routenpunkt (Way);Schwetzinger Terrasse;49.39949;8.6715712;;Original OSM
Routenpunkt (Way);Langer Anger;49.3994884;8.67148945;30.0;Interpoliert
Routenpunkt (Way);Max-Jarecki-Straße;49.3995751;8.6713405;30.0;Original OSM
Routenpunkt (Way);Langer Anger;49.3995751;8.6713405;30.0;Original OSM
Routenpunkt (Way);Max-Jarecki-Straße;49.39968088333333;8.671412783333333;30.0;Interpoliert
Routenpunkt (Way);Max-Jarecki-Straße;49.39978666666666;8.671485066666666;30.0;Interpoliert
Routenpunkt (Way);Max-Jarecki-Straße;49.39989245;8.67155735;30.0;Interpoliert
Routenpunkt (Way);Max-Jarecki-Straße;49.399998233333335;8.671629633333334;30.0;Interpoliert
Routenpunkt (Way);Max-Jarecki-Straße;49.40010401666667;8.671701916666667;30.0;Interpoliert
Routenpunkt (Way);Max-Jarecki-Straße;49.4002098;8.6717742;30.0;Original OSM
Routenpunkt (Way);Max-Jarecki-Straße;49.400301633333335;8.6718347;30.0;Interpoliert
Routenpunkt (Way);Max-Jarecki-Straße;49.40039346666666;8.6718952;30.0;Interpoliert
Routenpunkt (Way);Max-Jarecki-Straße;49.4004853;8.6719557;30.0;Original OSM
Routenpunkt (Way);Max-Jarecki-Straße;49.4005564;8.672005949999999;30.0;Interpoliert
Routenpunkt (Way);Max-Jarecki-Straße;49.4006275;8.6720562;30.0;Original OSM
Routenpunkt (Way);Max-Jarecki-Straße;49.40072922;8.67212464;30.0;Interpoliert
Routenpunkt (Way);Max-Jarecki-Straße;49.40083094;8.67219308;30.0;Interpoliert
Routenpunkt (Way);Max-Jarecki-Straße;49.40093266;8.672261520000001;30.0;Interpoliert
Routenpunkt (Way);Max-Jarecki-Straße;49.40103438;8.67232996;30.0;Interpoliert
Routenpunkt (Way);Max-Jarecki-Straße;49.4011361;8.6723984;30.0;Original OSM
Routenpunkt (Way);Max-Jarecki-Straße;49.4011361;8.6723984;30.0;Original OSM
Routenpunkt (Way);Max-Jarecki-Straße;49.4012161;8.6724495;30.0;Original OSM
Routenpunkt (Way);Max-Jarecki-Straße;49.4012161;8.6724495;30.0;Original OSM
Routenpunkt (Way);Max-Jarecki-Straße;49.4012663;8.6724841;30.0;Original OSM
Routenpunkt (Way);Max-Jarecki-Straße;49.4012814;8.6724945;30.0;Original OSM
Routenpunkt (Way);Max-Jarecki-Straße;49.4012998;8.6725054;30.0;Original OSM
Routenpunkt (Way);Max-Jarecki-Straße;49.4012998;8.6725054;30.0;Original OSM
Routenpunkt (Way);Max-Jarecki-Straße;49.4013504;8.6725039;30.0;Original OSM
Routenpunkt (Way);Max-Jarecki-Straße;49.4014116;8.6725436;30.0;Original OSM
Routenpunkt (Way);Max-Jarecki-Straße;49.4014757;8.6725832;30.0;Original OSM
Routenpunkt (Way);Max-Jarecki-Straße;49.4015384;8.6726264;30.0;Original OSM
Routenpunkt (Way);Max-Jarecki-Straße;49.4015384;8.6726264;30.0;Original OSM
Routenpunkt (Way);Max-Jarecki-Straße;49.4016064;8.672671900000001;30.0;Interpoliert
Haltestelle;Hauptbahnhof Süd;49.4016744;8.6727174;;Bus Stop
Routenpunkt (Way);Max-Jarecki-Straße;49.4016744;8.6727174;30.0;Original OSM
Routenpunkt (Way);Max-Jarecki-Straße;49.4017921;8.6727898;30.0;Original OSM
Routenpunkt (Way);Max-Jarecki-Straße;49.4018582;8.6728314;30.0;Original OSM
Routenpunkt (Way);Max-Jarecki-Straße;49.4019054;8.6728642;30.0;Original OSM
Routenpunkt (Way);Max-Jarecki-Straße;49.4019388;8.6729279;30.0;Original OSM
Haltestelle;Heidelberg Hauptbahnhof Süd;49.4019555;8.6730302;;Bus Stop
Haltestelle;Heidelberg Hauptbahnhof (Steig L);49.4043518;8.6769361;;Bus Stop
Haltestelle;Fürstendamm;49.4280789;8.7494833;;Bus Stop
Haltestelle;Steinbacher Tal;49.4226183;8.7536938;;Bus Stop
Haltestelle;Langer Kirschbaum;49.4591411;8.7511879;;Bus Stop
Haltestelle;Wilhelmsfeld Rathaus;49.4656719;8.7608706;;Bus Stop
Haltestelle;Lampenhain, Abzweigung Bärsbach;49.4979146;8.7724218;;Bus Stop
Haltestelle;Altneudorf Steinachbrücke;49.4671613;8.8014767;;Bus Stop
