Typ;Type;Name;Latitude;Longitude;Tempolimit;Ankunft;Abfahrt;Block_ID;Betriebstage;Service_ID;Details;Altitude (m);Roadgrade (%);Surface;Highway_Type;OSM_Name;Fahrt_Nr;Bus_Umlauf_ID
Routenpunkt (Way);T;Kleyerstraße;49.858769;8.623554;50.0;07:00:00;07:00:00;;;;Original OSM;124.0;0.6;paving_stones;residential;Kleyerstraße;1;Kurs 6
Haltestelle;W;Darmstadt Kleyerstraße;49.858769;8.623554;50.0;07:00:00;07:00:00;Kein Umlauf;Mo,Di,Mi,Do,Fr;446.0;Original GTFS (Snap-Distanz 22m) | Auf Route gesnappt (22m);124.0;0.79;paving_stones;residential;Kleyerstraße;1;Kurs 6
Routenpunkt (Way);T;;49.85884;8.623547;50.0;;;;;;Interpoliert (15m);124.14;0.78;paving_stones;residential;Kleyerstraße;1;Kurs 6
Routenpunkt (Way);T;Kleyerstraße;49.858911;8.623541;50.0;;;;;;Interpoliert;124.25;0.9;paving_stones;residential;Kleyerstraße;1;Kurs 6
Routenpunkt (Way);T;;49.859011;8.623529;50.0;;;;;;Interpoliert (15m);124.33;1.05;paving_stones;residential;Kleyerstraße;1;Kurs 6
Routenpunkt (Way);T;Kleyerstraße;49.859112;8.623517;50.0;;;;;;Interpoliert;124.4;0.85;paving_stones;residential;Kleyerstraße;1;Kurs 6
Routenpunkt (Way);T;Kleyerstraße;49.859225;8.62348;50.0;;;;;;Interpoliert;124.5;0.73;paving_stones;residential;Kleyerstraße;1;Kurs 6
Routenpunkt (Way);T;Kleyerstraße;49.859339;8.623443;50.0;;;;;;Interpoliert;124.6;0.74;paving_stones;residential;Kleyerstraße;1;Kurs 6
Routenpunkt (Way);T;Kleyerstraße;49.859452;8.623405;50.0;;;;;;Interpoliert;124.7;0.79;paving_stones;residential;Kleyerstraße;1;Kurs 6
Routenpunkt (Way);T;Kleyerstraße;49.859566;8.623368;50.0;;;;;;Original OSM;124.8;0.8;paving_stones;residential;Kleyerstraße;1;Kurs 6
Routenpunkt (Way);T;Kleyerstraße;49.859671;8.623333;50.0;;;;;;Interpoliert;124.9;0.64;paving_stones;residential;Kleyerstraße;1;Kurs 6
Routenpunkt (Way);T;Kleyerstraße;49.859776;8.623299;50.0;;;;;;Interpoliert;125.0;0.49;paving_stones;residential;Kleyerstraße;1;Kurs 6
Routenpunkt (Way);T;Kleyerstraße;49.859882;8.623264;50.0;;;;;;Interpoliert;125.0;0.33;paving_stones;residential;Kleyerstraße;1;Kurs 6
Routenpunkt (Way);T;Kleyerstraße;49.859988;8.623229;50.0;;;;;;Interpoliert;125.0;0.17;paving_stones;residential;Kleyerstraße;1;Kurs 6
Routenpunkt (Way);T;Kleyerstraße;49.860093;8.623195;50.0;;;;;;Original OSM;125.0;0.0;paving_stones;residential;Kleyerstraße;1;Kurs 6
Routenpunkt (Way);T;Kleyerstraße;49.860209;8.623157;50.0;;;;;;Original OSM;125.0;0.0;paving_stones;residential;Kleyerstraße;1;Kurs 6
Haltestelle;W;Darmstadt von Taxis;49.860215;8.623155;50.0;07:00:00;07:00:00;Kein Umlauf;Mo,Di,Mi,Do,Fr;446.0;Original GTFS (Snap-Distanz 3m) | Auf Route gesnappt (3m);125.0;0.0;paving_stones;residential;Kleyerstraße;1;Kurs 6
Routenpunkt (Way);T;Rosa-Parks-Straße;49.860223;8.623089;50.0;;;;;;Original OSM;125.0;0.37;paving_stones;residential;Kleyerstraße;1;Kurs 6
Routenpunkt (Way);T;Rosa-Parks-Straße;49.860316;8.623058;50.0;;;;;;Interpoliert;125.0;0.65;paving_stones;residential;Kleyerstraße;1;Kurs 6
Routenpunkt (Way);T;Rosa-Parks-Straße;49.860413;8.62304;50.0;;;;;;Original OSM;125.2;0.95;paving_stones;residential;Kleyerstraße;1;Kurs 6
Routenpunkt (Way);T;Kleyerstraße;49.86054;8.623048;50.0;;;;;;Original OSM;125.4;1.25;paving_stones;residential;Kleyerstraße;1;Kurs 6
Routenpunkt (Way);T;;49.860658;8.623009;50.0;;;;;;Interpoliert (15m);125.6;1.53;paving_stones;residential;Kleyerstraße;1;Kurs 6
Routenpunkt (Way);T;Kleyerstraße;49.860777;8.62297;50.0;;;;;;Original OSM;125.8;1.44;paving_stones;residential;Kleyerstraße;1;Kurs 6
Routenpunkt (Way);T;;49.860902;8.622929;50.0;;;;;;Interpoliert (15m);126.0;1.44;paving_stones;residential;Kleyerstraße;1;Kurs 6
Routenpunkt (Way);T;Kleyerstraße;49.861027;8.622888;50.0;;;;;;Interpoliert;126.2;1.7;paving_stones;residential;Kleyerstraße;1;Kurs 6
Routenpunkt (Way);T;Kleyerstraße;49.861152;8.622847;50.0;;;;;;Interpoliert;126.4;1.97;paving_stones;residential;Kleyerstraße;1;Kurs 6
Routenpunkt (Way);T;Kleyerstraße;49.861277;8.622806;50.0;;;;;;Interpoliert;126.8;2.25;paving_stones;residential;Kleyerstraße;1;Kurs 6
Routenpunkt (Way);T;;49.861403;8.622772;50.0;;;;;;Interpoliert (15m);127.2;2.25;paving_stones;residential;Kleyerstraße;1;Kurs 6
Routenpunkt (Way);T;Kleyerstraße;49.861529;8.622739;50.0;;;;;;Original OSM;127.6;2.25;paving_stones;residential;Kleyerstraße;1;Kurs 6
Routenpunkt (Way);T;;49.861656;8.622723;50.0;;;;;;Interpoliert (15m);127.8;2.34;paving_stones;residential;Kleyerstraße;1;Kurs 6
Routenpunkt (Way);T;Kleyerstraße;49.861784;8.622708;50.0;;;;;;Original OSM;128.0;2.42;paving_stones;residential;Hilpertstraße;1;Kurs 6
Routenpunkt (Way);T;;49.861792;8.622836;50.0;;;;;;Interpoliert (15m);128.3;2.27;paving_stones;residential;Hilpertstraße;1;Kurs 6
Routenpunkt (Way);T;Hilpertstraße;49.8618;8.622965;50.0;;;;;;Original OSM;128.6;2.54;paving_stones;residential;Hilpertstraße;1;Kurs 6
Routenpunkt (Way);T;Hilpertstraße;49.86182;8.623169;50.0;;;;;;Interpoliert;128.9;2.82;paving_stones;residential;Hilpertstraße;1;Kurs 6
Routenpunkt (Way);T;Hilpertstraße;49.861836;8.623317;50.0;;;;;;Interpoliert;129.2;2.17;paving_stones;residential;Hilpertstraße;1;Kurs 6
Haltestelle;W;Darmstadt Hilpertstraße;49.861852;8.623465;50.0;07:02:00;07:02:00;Kein Umlauf;Mo,Di,Mi,Do,Fr;446.0;Original GTFS (Snap-Distanz 5m) | Auf Route gesnappt (7m);129.5;1.52;paving_stones;residential;Hilpertstraße;1;Kurs 6
Routenpunkt (Way);T;;49.861885;8.623605;50.0;;;;;;Interpoliert (15m);129.5;1.12;paving_stones;residential;Hilpertstraße;1;Kurs 6
Routenpunkt (Way);T;Hauptzollamt;49.861917;8.623746;50.0;;;;;;Original OSM;129.5;0.56;paving_stones;residential;Hilpertstraße;1;Kurs 6
Routenpunkt (Way);T;;49.861917;8.623901;50.0;;;;;;Interpoliert (15m);129.5;0.0;paving_stones;residential;Hilpertstraße;1;Kurs 6
Routenpunkt (Way);T;Hilpertstraße;49.861916;8.624056;50.0;;;;;;Original OSM;129.5;-0.15;paving_stones;residential;Hilpertstraße;1;Kurs 6
Routenpunkt (Way);T;Hilpertstraße;49.861938;8.624239;50.0;;;;;;Interpoliert;129.5;-0.38;paving_stones;residential;Hilpertstraße;1;Kurs 6
Routenpunkt (Way);T;Hilpertstraße;49.86196;8.624422;50.0;;;;;;Original OSM;129.4;-0.61;paving_stones;residential;Hilpertstraße;1;Kurs 6
Routenpunkt (Way);T;;49.861974;8.624541;50.0;;;;;;Interpoliert (15m);129.3;-0.87;paving_stones;residential;Hilpertstraße;1;Kurs 6
Routenpunkt (Way);T;Hilpertstraße;49.861988;8.62466;50.0;;;;;;Original OSM;129.2;-1.13;paving_stones;residential;Hilpertstraße;1;Kurs 6
Routenpunkt (Way);T;;49.862001;8.624765;50.0;;;;;;Interpoliert (15m);129.1;-0.98;paving_stones;residential;Hilpertstraße;1;Kurs 6
Routenpunkt (Way);T;Hilpertstraße;49.862015;8.624871;50.0;;;;;;Interpoliert;129.0;-1.03;paving_stones;residential;Hilpertstraße;1;Kurs 6
Routenpunkt (Way);T;;49.862041;8.625068;50.0;;;;;;Interpoliert (15m);129.0;-1.14;paving_stones;residential;Hilpertstraße;1;Kurs 6
Routenpunkt (Way);T;Hilpertstraße;49.862067;8.625266;50.0;;;;;;Original OSM;128.8;-1.22;paving_stones;residential;Hilpertstraße;1;Kurs 6
Routenpunkt (Way);T;;49.862089;8.625425;50.0;;;;;;Interpoliert (15m);128.6;-1.3;paving_stones;residential;Hilpertstraße;1;Kurs 6
Routenpunkt (Way);T;;49.862111;8.625584;50.0;;;;;;Interpoliert (15m);128.4;-1.81;paving_stones;residential;Hilpertstraße;1;Kurs 6
Routenpunkt (Way);T;Hilpertstraße;49.862134;8.625743;50.0;;;;;;Original OSM;128.2;-2.04;paving_stones;residential;Hilpertstraße;1;Kurs 6
Routenpunkt (Way);T;;49.862149;8.625851;50.0;;;;;;Interpoliert (15m);128.0;-2.07;paving_stones;residential;Hilpertstraße;1;Kurs 6
Routenpunkt (Way);T;Hilpertstraße;49.862165;8.625958;50.0;;;;;;Interpoliert;127.8;-2.09;paving_stones;residential;Hilpertstraße;1;Kurs 6
Routenpunkt (Way);T;Hilpertstraße;49.862187;8.626106;50.0;;;;;;Interpoliert;127.6;-2.03;paving_stones;residential;Hilpertstraße;1;Kurs 6
Routenpunkt (Way);T;Hilpertstraße;49.862209;8.626254;50.0;;;;;;Original OSM;127.4;-1.86;paving_stones;residential;Hilpertstraße;1;Kurs 6
Routenpunkt (Way);T;Hilpertstraße;49.862238;8.62645;50.0;;;;;;Original OSM;127.2;-1.35;asphalt;residential;Hilpertstraße;1;Kurs 6
Routenpunkt (Way);T;;49.862262;8.62661;50.0;;;;;;Interpoliert (15m);127.0;-0.99;asphalt;residential;Hilpertstraße;1;Kurs 6
Routenpunkt (Way);T;Hilpertstraße;49.862286;8.62677;50.0;;;;;;Original OSM;127.0;-0.4;asphalt;residential;Hilpertstraße;1;Kurs 6
Haltestelle;W;Darmstadt T-Online-Allee;49.862286;8.62677;50.0;;;Kein Umlauf;Mo,Di,Mi,Do,Fr;446.0;Original GTFS (Snap-Distanz 1m) | Auf Route gesnappt (1m);127.1;0.09;asphalt;residential;Hilpertstraße;1;Kurs 6
Routenpunkt (Way);A;Ampel;49.862315;8.626892;50.0;;;;;;Interpoliert (15m);127.2;0.59;asphalt;residential;Hilpertstraße;1;Kurs 6
Routenpunkt (Way);T;Hilpertstraße;49.862344;8.627014;50.0;;;;;;Original OSM;127.3;0.76;asphalt;residential;Hilpertstraße;1;Kurs 6
Routenpunkt (Way);T;;49.862449;8.627051;50.0;;;;;;Interpoliert (15m);127.4;0.93;asphalt;primary;Deutsche-Telekom-Allee;1;Kurs 6
Routenpunkt (Way);T;Deutsche-Telekom-Allee;49.862554;8.627088;50.0;;;;;;Interpoliert;127.5;0.89;asphalt;primary;Deutsche-Telekom-Allee;1;Kurs 6
Routenpunkt (Way);T;Deutsche-Telekom-Allee;49.862657;8.627054;50.0;;;;;;Interpoliert;127.6;0.83;asphalt;primary;Deutsche-Telekom-Allee;1;Kurs 6
Routenpunkt (Way);T;Deutsche-Telekom-Allee;49.862759;8.62702;50.0;;;;;;Original OSM;127.7;0.82;asphalt;primary;Deutsche-Telekom-Allee;1;Kurs 6
Routenpunkt (Way);T;;49.862872;8.626982;50.0;;;;;;Interpoliert (15m);127.8;0.89;asphalt;primary;Deutsche-Telekom-Allee;1;Kurs 6
Routenpunkt (Way);T;Deutsche-Telekom-Allee;49.862986;8.626944;50.0;;;;;;Interpoliert;127.9;0.72;asphalt;primary;Deutsche-Telekom-Allee;1;Kurs 6
Routenpunkt (Way);T;;49.863059;8.62692;50.0;;;;;;Interpoliert (15m);128.0;0.55;asphalt;primary;Deutsche-Telekom-Allee;1;Kurs 6
Routenpunkt (Way);T;Deutsche-Telekom-Allee;49.863132;8.626896;50.0;;;;;;Interpoliert;128.0;-0.05;asphalt;primary;Deutsche-Telekom-Allee;1;Kurs 6
Routenpunkt (Way);T;Deutsche-Telekom-Allee;49.863251;8.626856;50.0;;;;;;Interpoliert;128.0;-0.64;asphalt;primary;Deutsche-Telekom-Allee;1;Kurs 6
Routenpunkt (Way);T;Deutsche-Telekom-Allee;49.863371;8.626817;50.0;;;;;;Interpoliert;127.7;-1.33;asphalt;primary;Deutsche-Telekom-Allee;1;Kurs 6
Routenpunkt (Way);T;Deutsche-Telekom-Allee;49.86349;8.626777;50.0;;;;;;Interpoliert;127.4;-1.77;asphalt;primary;Deutsche-Telekom-Allee;1;Kurs 6
Routenpunkt (Way);T;Deutsche-Telekom-Allee;49.863609;8.626737;50.0;;;;;;Interpoliert;127.1;-2.21;asphalt;primary;Deutsche-Telekom-Allee;1;Kurs 6
Routenpunkt (Way);T;Deutsche-Telekom-Allee;49.863728;8.626698;50.0;;;;;;Interpoliert;126.8;-2.03;asphalt;primary;Deutsche-Telekom-Allee;1;Kurs 6
Routenpunkt (Way);T;Deutsche-Telekom-Allee;49.863848;8.626658;50.0;;;;;;Interpoliert;126.5;-1.85;asphalt;primary;Deutsche-Telekom-Allee;1;Kurs 6
Routenpunkt (Way);T;;49.863915;8.626636;50.0;;;;;;Interpoliert (15m);126.4;-1.66;asphalt;primary;Deutsche-Telekom-Allee;1;Kurs 6
Routenpunkt (Way);T;Deutsche-Telekom-Allee;49.863982;8.626614;50.0;;;;;;Original OSM;126.3;-1.48;asphalt;primary;Deutsche-Telekom-Allee;1;Kurs 6
Routenpunkt (Way);T;;49.864051;8.626591;50.0;;;;;;Interpoliert (15m);126.2;-1.2;asphalt;primary;Deutsche-Telekom-Allee;1;Kurs 6
Routenpunkt (Way);T;Deutsche-Telekom-Allee;49.86412;8.626568;50.0;;;;;;Original OSM;126.1;-0.41;asphalt;primary;Deutsche-Telekom-Allee;1;Kurs 6
Routenpunkt (Way);T;Deutsche-Telekom-Allee;49.864227;8.626532;50.0;;;;;;Interpoliert;126.0;0.38;asphalt;primary;Deutsche-Telekom-Allee;1;Kurs 6
Routenpunkt (Way);T;;49.864293;8.62651;50.0;;;;;;Interpoliert (15m);126.2;0.92;asphalt;primary;Deutsche-Telekom-Allee;1;Kurs 6
Routenpunkt (Way);T;Deutsche-Telekom-Allee;49.86436;8.626488;50.0;;;;;;Original OSM;126.4;1.54;asphalt;primary;Deutsche-Telekom-Allee;1;Kurs 6
Routenpunkt (Way);T;Deutsche-Telekom-Allee;49.864485;8.626447;50.0;;;;;;Interpoliert;126.6;2.08;asphalt;primary;Deutsche-Telekom-Allee;1;Kurs 6
Routenpunkt (Way);T;Deutsche-Telekom-Allee;49.86458;8.626415;50.0;;;;;;Interpoliert;126.8;1.55;asphalt;primary;Deutsche-Telekom-Allee;1;Kurs 6
Routenpunkt (Way);T;Deutsche-Telekom-Allee;49.864675;8.626383;50.0;;;;;;Original OSM;127.0;1.02;asphalt;primary;Deutsche-Telekom-Allee;1;Kurs 6
Routenpunkt (Way);T;Deutsche-Telekom-Allee;49.864806;8.62634;50.0;;;;;;Interpoliert;127.0;0.74;asphalt;primary;Deutsche-Telekom-Allee;1;Kurs 6
Routenpunkt (Way);T;Deutsche-Telekom-Allee;49.864937;8.626296;50.0;;;;;;Interpoliert;127.0;0.37;asphalt;primary;Deutsche-Telekom-Allee;1;Kurs 6
Routenpunkt (Way);T;Deutsche-Telekom-Allee;49.865068;8.626253;50.0;;;;;;Original OSM;127.0;0.0;asphalt;primary;Deutsche-Telekom-Allee;1;Kurs 6
Routenpunkt (Way);T;Deutsche-Telekom-Allee;49.86519;8.626211;50.0;;;;;;Interpoliert;127.0;0.0;asphalt;primary;Deutsche-Telekom-Allee;1;Kurs 6
Routenpunkt (Way);T;Deutsche-Telekom-Allee;49.865312;8.626169;50.0;;;;;;Interpoliert;127.0;0.29;asphalt;primary;Deutsche-Telekom-Allee;1;Kurs 6
Routenpunkt (Way);T;Deutsche-Telekom-Allee;49.865434;8.626128;50.0;;;;;;Interpoliert;127.0;0.68;asphalt;primary;Deutsche-Telekom-Allee;1;Kurs 6
Routenpunkt (Way);T;Deutsche-Telekom-Allee;49.865556;8.626086;50.0;;;;;;Interpoliert;127.2;1.08;asphalt;primary;Deutsche-Telekom-Allee;1;Kurs 6
Routenpunkt (Way);T;;49.865647;8.626069;50.0;;;;;;Interpoliert (15m);127.4;1.47;asphalt;primary;Deutsche-Telekom-Allee;1;Kurs 6
Routenpunkt (Way);T;;49.865737;8.626053;50.0;;;;;;Interpoliert (15m);127.6;1.82;asphalt;primary;Deutsche-Telekom-Allee;1;Kurs 6
Routenpunkt (Way);T;Deutsche-Telekom-Allee;49.865828;8.626036;50.0;;;;;;Original OSM;127.8;1.89;asphalt;primary;Deutsche-Telekom-Allee;1;Kurs 6
Routenpunkt (Way);T;;49.865929;8.626016;50.0;;;;;;Interpoliert (15m);128.0;1.84;asphalt;primary;Deutsche-Telekom-Allee;1;Kurs 6
Routenpunkt (Way);T;;49.86603;8.625995;50.0;;;;;;Interpoliert (15m);128.2;2.26;asphalt;primary;Deutsche-Telekom-Allee;1;Kurs 6
Routenpunkt (Way);T;Deutsche-Telekom-Allee;49.866132;8.625975;50.0;;;;;;Interpoliert;128.4;2.82;asphalt;primary;Deutsche-Telekom-Allee;1;Kurs 6
Routenpunkt (Way);T;Deutsche-Telekom-Allee;49.866262;8.625932;50.0;;;;;;Original OSM;129.0;3.42;asphalt;primary;Deutsche-Telekom-Allee;1;Kurs 6
Routenpunkt (Way);T;Deutsche-Telekom-Allee;49.866373;8.625894;50.0;;;;;;Interpoliert;129.6;3.54;asphalt;primary;Deutsche-Telekom-Allee;1;Kurs 6
Routenpunkt (Way);T;Deutsche-Telekom-Allee;49.866484;8.625857;50.0;;;;;;Interpoliert;130.2;3.66;asphalt;primary;Deutsche-Telekom-Allee;1;Kurs 6
Routenpunkt (Way);T;Deutsche-Telekom-Allee;49.866595;8.625819;50.0;;;;;;Interpoliert;130.5;3.52;asphalt;primary;Deutsche-Telekom-Allee;1;Kurs 6
Routenpunkt (Way);T;Deutsche-Telekom-Allee;49.866706;8.625782;50.0;;;;;;Interpoliert;130.8;3.23;asphalt;primary;Deutsche-Telekom-Allee;1;Kurs 6
Routenpunkt (Way);T;;49.866787;8.625786;50.0;;;;;;Interpoliert (15m);131.1;2.79;asphalt;primary;Deutsche-Telekom-Allee;1;Kurs 6
Routenpunkt (Way);T;Deutsche-Telekom-Allee;49.866868;8.625791;50.0;;;;;;Original OSM;131.4;2.83;asphalt;unclassified;Mina-Rees-Straße;1;Kurs 6
Routenpunkt (Way);A;Ampel;49.866897;8.625948;50.0;;;;;;Interpoliert (15m);131.7;3.0;asphalt;unclassified;Mina-Rees-Straße;1;Kurs 6
Routenpunkt (Way);T;Mina-Rees-Straße;49.866925;8.626106;30.0;;;;;;Interpoliert;132.0;2.12;asphalt;unclassified;Mina-Rees-Straße;1;Kurs 6
Routenpunkt (Way);T;;49.866954;8.626226;30.0;;;;;;Interpoliert (15m);132.3;1.29;asphalt;unclassified;Mina-Rees-Straße;1;Kurs 6
Routenpunkt (Way);T;Mina-Rees-Straße;49.866984;8.626346;30.0;;;;;;Original OSM;132.2;0.61;asphalt;unclassified;Mina-Rees-Straße;1;Kurs 6
Routenpunkt (Way);T;;49.866994;8.626509;30.0;;;;;;Interpoliert (15m);132.1;-0.18;asphalt;unclassified;Mina-Rees-Straße;1;Kurs 6
Routenpunkt (Way);T;Mina-Rees-Straße;49.867004;8.626672;30.0;;;;;;Original OSM;132.0;-1.23;asphalt;unclassified;Mina-Rees-Straße;1;Kurs 6
Routenpunkt (Way);T;Mina-Rees-Straße;49.867031;8.626872;30.0;;;;;;Interpoliert;131.8;-1.41;asphalt;unclassified;Mina-Rees-Straße;1;Kurs 6
Routenpunkt (Way);T;Mina-Rees-Straße;49.867051;8.62701;30.0;;;;;;Interpoliert;131.6;-1.54;asphalt;unclassified;Mina-Rees-Straße;1;Kurs 6
Routenpunkt (Way);T;Mina-Rees-Straße;49.86707;8.627147;30.0;;;;;;Original OSM;131.4;-1.66;asphalt;unclassified;Mina-Rees-Straße;1;Kurs 6
Routenpunkt (Way);T;Mina-Rees-Straße;49.867095;8.62733;30.0;;;;;;Interpoliert;131.2;-1.69;asphalt;unclassified;Mina-Rees-Straße;1;Kurs 6
Routenpunkt (Way);T;Mina-Rees-Straße;49.86712;8.627513;30.0;;;;;;Interpoliert;131.0;-1.59;asphalt;unclassified;Mina-Rees-Straße;1;Kurs 6
Routenpunkt (Way);T;;49.867145;8.627695;30.0;;;;;;Interpoliert (15m);130.8;-1.52;asphalt;unclassified;Mina-Rees-Straße;1;Kurs 6
Routenpunkt (Way);T;Mina-Rees-Straße;49.86717;8.627877;30.0;;;;;;Original OSM;130.6;-1.54;asphalt;unclassified;Mina-Rees-Straße;1;Kurs 6
Routenpunkt (Way);T;;49.867194;8.628047;30.0;;;;;;Interpoliert (15m);130.4;-1.52;asphalt;unclassified;Mina-Rees-Straße;1;Kurs 6
Routenpunkt (Way);T;Mina-Rees-Straße;49.867217;8.628217;30.0;;;;;;Interpoliert;130.2;-1.22;asphalt;unclassified;Mina-Rees-Straße;1;Kurs 6
Routenpunkt (Way);T;;49.867243;8.628411;30.0;;;;;;Interpoliert (15m);130.0;-0.92;asphalt;unclassified;Mina-Rees-Straße;1;Kurs 6
Routenpunkt (Way);T;;49.86727;8.628605;30.0;;;;;;Interpoliert (15m);130.0;-0.6;asphalt;unclassified;Mina-Rees-Straße;1;Kurs 6
Routenpunkt (Way);T;Mina-Rees-Straße;49.867296;8.628799;30.0;;;;;;Original OSM;130.0;-0.28;asphalt;unclassified;Mina-Rees-Straße;1;Kurs 6
Routenpunkt (Way);T;;49.867315;8.628941;30.0;;;;;;Interpoliert (15m);130.0;0.0;asphalt;unclassified;Mina-Rees-Straße;1;Kurs 6
Routenpunkt (Way);T;;49.867335;8.629083;30.0;;;;;;Interpoliert (15m);130.0;0.0;asphalt;unclassified;Mina-Rees-Straße;1;Kurs 6
Routenpunkt (Way);T;Mina-Rees-Straße;49.867354;8.629225;30.0;;;;;;Interpoliert;130.0;0.0;asphalt;unclassified;Mina-Rees-Straße;1;Kurs 6
Routenpunkt (Way);A;Ampel;49.867369;8.62934;30.0;;;;;;Interpoliert (15m);130.0;0.0;asphalt;unclassified;Mina-Rees-Straße;1;Kurs 6
Routenpunkt (Way);T;Mina-Rees-Straße;49.867385;8.629454;30.0;;;;;;Original OSM;130.0;0.0;asphalt;unclassified;Mina-Rees-Straße;1;Kurs 6
Routenpunkt (Way);T;;49.8674;8.629564;30.0;;;;;;Interpoliert (15m);130.0;0.0;asphalt;unclassified;Mina-Rees-Straße;1;Kurs 6
Routenpunkt (Way);T;Mina-Rees-Straße;49.867414;8.629673;30.0;;;;;;Original OSM;130.0;0.14;asphalt;primary;Am Kavalleriesand;1;Kurs 6
Routenpunkt (Way);T;Am Kavalleriesand;49.867306;8.62971;50.0;;;;;;Original OSM;130.0;0.29;asphalt;primary;Am Kavalleriesand;1;Kurs 6
Routenpunkt (Way);T;Am Kavalleriesand;49.867185;8.629755;50.0;;;;;;Interpoliert;130.1;0.45;asphalt;primary;Am Kavalleriesand;1;Kurs 6
Routenpunkt (Way);T;Am Kavalleriesand;49.867064;8.629801;50.0;;;;;;Original OSM;130.2;0.61;asphalt;primary;Am Kavalleriesand;1;Kurs 6
Routenpunkt (Way);T;Am Kavalleriesand;49.866956;8.629843;50.0;;;;;;Interpoliert;130.3;0.76;asphalt;primary;Am Kavalleriesand;1;Kurs 6
Routenpunkt (Way);T;;49.866856;8.629928;50.0;;;;;;Interpoliert (15m);130.4;0.78;asphalt;primary;Am Kavalleriesand;1;Kurs 6
Routenpunkt (Way);T;;49.866755;8.630013;50.0;;;;;;Interpoliert (15m);130.5;0.45;asphalt;primary;Stirnweg;1;Kurs 6
Routenpunkt (Way);T;Am Kavalleriesand;49.866654;8.630098;50.0;;;;;;Original OSM;130.6;0.11;asphalt;primary;Stirnweg;1;Kurs 6
Routenpunkt (Way);T;;49.866625;8.630244;50.0;;;;;;Interpoliert (15m);130.5;-0.23;asphalt;primary;Stirnweg;1;Kurs 6
Routenpunkt (Way);T;;49.866595;8.63039;50.0;;;;;;Interpoliert (15m);130.4;-0.58;asphalt;primary;Stirnweg;1;Kurs 6
Routenpunkt (Way);T;Stirnweg;49.866565;8.630535;50.0;;;;;;Interpoliert;130.3;-0.74;asphalt;primary;Stirnweg;1;Kurs 6
Routenpunkt (Way);T;Stirnweg;49.866579;8.630678;50.0;;;;;;Original OSM;130.2;-0.56;asphalt;primary;Stirnweg;1;Kurs 6
Routenpunkt (Way);T;Stirnweg;49.8666;8.630847;50.0;;;;;;Interpoliert;130.2;-0.38;asphalt;primary;Stirnweg;1;Kurs 6
Routenpunkt (Way);T;;49.866613;8.631021;50.0;;;;;;Interpoliert (15m);130.2;-0.19;asphalt;primary;Stirnweg;1;Kurs 6
Routenpunkt (Way);T;Stirnweg;49.866626;8.631194;50.0;;;;;;Original OSM;130.2;0.0;asphalt;primary;Stirnweg;1;Kurs 6
Haltestelle;W;Darmstadt Pfalzweg NHaardtring;49.866612;8.631327;50.0;;;Kein Umlauf;Mo,Di,Mi,Do,Fr;446.0;Original GTFS (Snap-Distanz 77m) | Auf Route gesnappt (77m);130.2;0.0;asphalt;primary;Haardtring;1;Kurs 6
Routenpunkt (Way);T;;49.866745;8.631335;50.0;;;;;;Interpoliert (15m);130.2;0.0;asphalt;primary;Haardtring;1;Kurs 6
Routenpunkt (Way);T;;49.866877;8.631342;50.0;;;;;;Interpoliert (15m);130.2;0.0;asphalt;primary;Haardtring;1;Kurs 6
Routenpunkt (Way);T;;49.86701;8.63135;50.0;;;;;;Interpoliert (15m);130.2;0.0;asphalt;primary;;1;Kurs 6
Routenpunkt (Way);T;;49.867142;8.631358;50.0;;;;;;Interpoliert (15m);130.2;0.0;asphalt;primary;;1;Kurs 6
Routenpunkt (Way);T;;49.867275;8.631365;50.0;;;;;;Interpoliert (15m);130.2;-0.27;asphalt;primary;;1;Kurs 6
Routenpunkt (Way);T;;49.867407;8.631373;50.0;;;;;;Interpoliert (15m);130.2;-0.54;asphalt;primary;;1;Kurs 6
Routenpunkt (Way);T;;49.86754;8.631381;50.0;;;;;;Interpoliert (15m);130.0;-0.81;asphalt;primary;;1;Kurs 6
Routenpunkt (Way);T;;49.867672;8.631388;50.0;;;;;;Interpoliert (15m);129.8;-1.08;asphalt;primary;;1;Kurs 6
Routenpunkt (Way);T;;49.867805;8.631396;50.0;;;;;;Interpoliert (15m);129.6;-1.36;asphalt;primary;;1;Kurs 6
Routenpunkt (Way);T;;49.867938;8.631404;50.0;;;;;;Interpoliert (15m);129.4;-1.36;asphalt;primary;;1;Kurs 6
Routenpunkt (Way);T;;49.86807;8.631411;50.0;;;;;;Interpoliert (15m);129.2;-1.08;asphalt;primary;;1;Kurs 6
Routenpunkt (Way);T;;49.868203;8.631419;50.0;;;;;;Interpoliert (15m);129.0;-0.81;asphalt;primary;;1;Kurs 6
Routenpunkt (Way);T;;49.868335;8.631427;50.0;;;;;;Interpoliert (15m);129.0;-0.54;asphalt;primary;;1;Kurs 6
Routenpunkt (Way);T;;49.868468;8.631434;50.0;;;;;;Interpoliert (15m);129.0;0.0;asphalt;primary;;1;Kurs 6
Routenpunkt (Way);T;;49.8686;8.631442;50.0;;;;;;Interpoliert (15m);129.0;0.54;asphalt;primary;;1;Kurs 6
Routenpunkt (Way);T;;49.868733;8.631449;50.0;;;;;;Interpoliert (15m);129.2;0.81;asphalt;primary;;1;Kurs 6
Routenpunkt (Way);T;;49.868865;8.631457;50.0;;;;;;Interpoliert (15m);129.4;1.08;asphalt;primary;;1;Kurs 6
Routenpunkt (Way);T;;49.868998;8.631465;50.0;;;;;;Interpoliert (15m);129.6;1.36;asphalt;primary;;1;Kurs 6
Routenpunkt (Way);T;;49.869131;8.631472;50.0;;;;;;Interpoliert (15m);129.8;1.36;asphalt;primary;;1;Kurs 6
Routenpunkt (Way);T;;49.869263;8.63148;50.0;;;;;;Interpoliert (15m);130.0;1.36;asphalt;primary;;1;Kurs 6
Routenpunkt (Way);T;;49.869396;8.631488;50.0;;;;;;Interpoliert (15m);130.2;1.36;asphalt;primary;;1;Kurs 6
Routenpunkt (Way);T;;49.869528;8.631495;50.0;;;;;;Interpoliert (15m);130.4;1.36;asphalt;primary;;1;Kurs 6
Routenpunkt (Way);T;;49.869661;8.631503;50.0;;;;;;Interpoliert (15m);130.6;1.36;asphalt;primary;;1;Kurs 6
Routenpunkt (Way);T;;49.869793;8.631511;50.0;;;;;;Interpoliert (15m);130.8;1.08;asphalt;primary;;1;Kurs 6
Routenpunkt (Way);T;;49.869926;8.631518;50.0;;;;;;Interpoliert (15m);131.0;0.81;asphalt;primary;;1;Kurs 6
Routenpunkt (Way);T;;49.870058;8.631526;50.0;;;;;;Interpoliert (15m);131.0;0.54;asphalt;primary;;1;Kurs 6
Routenpunkt (Way);T;;49.870191;8.631534;50.0;;;;;;Interpoliert (15m);131.0;0.27;asphalt;primary;;1;Kurs 6
Routenpunkt (Way);T;;49.870324;8.631541;50.0;;;;;;Interpoliert (15m);131.0;0.0;asphalt;primary;;1;Kurs 6
Routenpunkt (Way);T;;49.870456;8.631549;50.0;;;;;;Interpoliert (15m);131.0;0.0;asphalt;primary;;1;Kurs 6
Routenpunkt (Way);T;;49.870589;8.631557;50.0;;;;;;Interpoliert (15m);131.0;0.0;asphalt;primary;;1;Kurs 6
Routenpunkt (Way);T;;49.870721;8.631564;50.0;;;;;;Interpoliert (15m);131.0;0.0;asphalt;primary;;1;Kurs 6
Routenpunkt (Way);T;;49.870854;8.631572;50.0;;;;;;Interpoliert (15m);131.0;0.0;asphalt;primary;;1;Kurs 6
Routenpunkt (Way);T;;49.870986;8.63158;50.0;;;;;;Interpoliert (15m);131.0;0.27;paving_stones;service;Külpstraße;1;Kurs 6
Routenpunkt (Way);T;;49.871119;8.631587;50.0;;;;;;Interpoliert (15m);131.0;0.54;paving_stones;service;Külpstraße;1;Kurs 6
Routenpunkt (Way);T;;49.871251;8.631595;50.0;;;;;;Interpoliert (15m);131.2;0.81;paving_stones;service;Külpstraße;1;Kurs 6
Routenpunkt (Way);T;;49.871384;8.631602;50.0;;;;;;Interpoliert (15m);131.4;1.08;sett;service;Am Fürstenbahnhof;1;Kurs 6
Routenpunkt (Way);T;;49.871517;8.63161;50.0;;;;;;Interpoliert (15m);131.6;1.63;sett;service;Am Fürstenbahnhof;1;Kurs 6
Routenpunkt (Way);T;;49.871649;8.631618;50.0;;;;;;Interpoliert (15m);131.8;1.9;asphalt;pedestrian;Am Hauptbahnhof;1;Kurs 6
Routenpunkt (Way);T;;49.871782;8.631625;50.0;;;;;;Interpoliert (15m);132.2;2.17;asphalt;pedestrian;Am Hauptbahnhof;1;Kurs 6
Routenpunkt (Way);T;;49.871914;8.631633;50.0;;;;;;Interpoliert (15m);132.6;1.9;paving_stones;pedestrian;Am Hauptbahnhof;1;Kurs 6
Routenpunkt (Way);A;Am Hauptbahnhof (Ampel);49.872047;8.631641;50.0;;;;;;Original OSM;133.0;1.77;paving_stones;pedestrian;Am Hauptbahnhof;1;Kurs 6
Haltestelle;W;Darmstadt Hauptbahnhof Ost;49.872047;8.631641;50.0;07:10:00;07:10:00;Kein Umlauf;Mo,Di,Mi,Do,Fr;446.0;Original GTFS (Snap-Distanz 37m) | Auf Route gesnappt (37m);133.1;1.37;paving_stones;pedestrian;Am Hauptbahnhof;1;Kurs 6
Routenpunkt (Way);T;;49.871922;8.631685;50.0;;;;;;Interpoliert (15m);133.2;0.65;paving_stones;pedestrian;Am Hauptbahnhof;1;Kurs 6
Routenpunkt (Way);T;Am Hauptbahnhof;49.871798;8.63173;50.0;;;;;;Original OSM;133.3;-0.06;asphalt;pedestrian;Am Hauptbahnhof;1;Kurs 6
Routenpunkt (Way);T;;49.871718;8.631834;50.0;;;;;;Interpoliert (15m);133.2;-0.25;asphalt;pedestrian;Am Hauptbahnhof;1;Kurs 6
Routenpunkt (Way);T;Am Hauptbahnhof;49.871638;8.631939;50.0;;;;;;Interpoliert;133.1;-0.58;paving_stones;pedestrian;Am Hauptbahnhof;1;Kurs 6
Routenpunkt (Way);T;Am Hauptbahnhof;49.871554;8.632013;50.0;;;;;;Original OSM;133.0;-1.26;paving_stones;pedestrian;Am Hauptbahnhof;1;Kurs 6
Routenpunkt (Way);T;Am Hauptbahnhof;49.871471;8.632083;50.0;;;;;;Interpoliert;132.9;-1.62;paving_stones;pedestrian;Am Hauptbahnhof;1;Kurs 6
Routenpunkt (Way);T;;49.871384;8.632158;50.0;;;;;;Interpoliert (15m);132.6;-1.45;paving_stones;pedestrian;Am Hauptbahnhof;1;Kurs 6
Routenpunkt (Way);T;Am Hauptbahnhof;49.871296;8.632234;50.0;;;;;;Original OSM;132.3;-0.84;paving_stones;pedestrian;Am Hauptbahnhof;1;Kurs 6
Routenpunkt (Way);T;;49.871184;8.632328;50.0;;;;;;Interpoliert (15m);132.3;-0.17;paving_stones;pedestrian;Am Hauptbahnhof;1;Kurs 6
Routenpunkt (Way);T;Am Hauptbahnhof;49.871073;8.632422;50.0;;;;;;Interpoliert;132.6;0.85;paving_stones;pedestrian;Am Hauptbahnhof;1;Kurs 6
Routenpunkt (Way);T;Am Hauptbahnhof;49.870975;8.632506;50.0;;;;;;Interpoliert;132.9;1.86;paving_stones;pedestrian;Am Hauptbahnhof;1;Kurs 6
Routenpunkt (Way);T;Am Hauptbahnhof;49.870876;8.63259;50.0;;;;;;Interpoliert;133.2;2.3;paving_stones;pedestrian;Am Hauptbahnhof;1;Kurs 6
Routenpunkt (Way);T;Am Hauptbahnhof;49.870777;8.632674;50.0;;;;;;Interpoliert;133.5;2.6;paving_stones;pedestrian;Am Hauptbahnhof;1;Kurs 6
Routenpunkt (Way);T;Am Hauptbahnhof;49.870668;8.632766;50.0;;;;;;Original OSM;133.8;2.88;paving_stones;pedestrian;Am Hauptbahnhof;1;Kurs 6
Routenpunkt (Way);T;Am Hauptbahnhof;49.870561;8.632861;50.0;;;;;;Interpoliert;134.3;3.17;paving_stones;pedestrian;Am Hauptbahnhof;1;Kurs 6
Routenpunkt (Way);T;;49.87048;8.632994;50.0;;;;;;Interpoliert (15m);134.8;3.65;asphalt;busway;Am Hauptbahnhof;1;Kurs 6
Routenpunkt (Way);T;Am Hauptbahnhof;49.870399;8.633126;50.0;;;;;;Original OSM;135.3;3.59;asphalt;busway;Am Hauptbahnhof;1;Kurs 6
Routenpunkt (Way);A;Ampel;49.870399;8.633272;50.0;;;;;;Interpoliert (15m);135.8;2.87;asphalt;busway;Am Hauptbahnhof;1;Kurs 6
Routenpunkt (Way);T;;49.870399;8.633418;50.0;;;;;;Interpoliert (15m);136.0;2.1;asphalt;busway;Rheinstraße;1;Kurs 6
Routenpunkt (Way);T;Rheinstraße;49.870399;8.633564;50.0;;;;;;Interpoliert;136.0;1.34;asphalt;busway;Rheinstraße;1;Kurs 6
Routenpunkt (Way);T;Rheinstraße;49.870425;8.633749;50.0;;;;;;Interpoliert;136.0;0.38;asphalt;busway;Rheinstraße;1;Kurs 6
Routenpunkt (Way);T;Rheinstraße;49.87045;8.633933;50.0;;;;;;Original OSM;136.0;0.0;asphalt;busway;Rheinstraße;1;Kurs 6
Routenpunkt (Way);T;Rheinstraße;49.870477;8.634133;50.0;;;;;;Interpoliert;136.0;-0.27;asphalt;busway;Rheinstraße;1;Kurs 6
Routenpunkt (Way);T;Rheinstraße;49.870505;8.634333;50.0;;;;;;Interpoliert;136.0;-0.55;asphalt;busway;Rheinstraße;1;Kurs 6
Routenpunkt (Way);T;Rheinstraße;49.870533;8.634533;50.0;;;;;;Interpoliert;135.8;-0.82;asphalt;busway;Rheinstraße;1;Kurs 6
Routenpunkt (Way);T;Rheinstraße;49.87056;8.634733;50.0;;;;;;Interpoliert;135.6;-1.09;asphalt;busway;Rheinstraße;1;Kurs 6
Routenpunkt (Way);T;Rheinstraße;49.870588;8.634934;50.0;;;;;;Interpoliert;135.4;-1.09;asphalt;busway;Rheinstraße;1;Kurs 6
Routenpunkt (Way);T;Rheinstraße;49.870615;8.635134;50.0;;;;;;Interpoliert;135.2;-0.4;asphalt;busway;Rheinstraße;1;Kurs 6
Routenpunkt (Way);T;Rheinstraße;49.870643;8.635334;50.0;;;;;;Interpoliert;135.2;0.28;asphalt;busway;Rheinstraße;1;Kurs 6
Routenpunkt (Way);T;;49.870649;8.635468;50.0;;;;;;Interpoliert (15m);135.4;1.09;asphalt;busway;Rheinstraße;1;Kurs 6
Routenpunkt (Way);T;Rheinstraße;49.870655;8.635603;50.0;;;;;;Original OSM;135.6;1.68;asphalt;busway;Rheinstraße;1;Kurs 6
Haltestelle;W;Darmstadt Berliner Allee;49.870692;8.63569;50.0;;;Kein Umlauf;Mo,Di,Mi,Do,Fr;446.0;Original GTFS (Snap-Distanz 8m) | Auf Route gesnappt (8m);135.8;1.96;asphalt;busway;Rheinstraße;1;Kurs 6
Routenpunkt (Way);T;Berliner Allee;49.870683;8.635868;50.0;;;;;;Interpoliert;136.0;1.55;asphalt;busway;Rheinstraße;1;Kurs 6
Routenpunkt (Way);T;;49.870712;8.636057;50.0;;;;;;Interpoliert (15m);136.2;1.14;asphalt;busway;Rheinstraße;1;Kurs 6
Routenpunkt (Way);T;Berliner Allee;49.87074;8.636245;50.0;;;;;;Interpoliert;136.2;0.6;asphalt;busway;Rheinstraße;1;Kurs 6
Routenpunkt (Way);T;;49.870757;8.636381;50.0;;;;;;Interpoliert (15m);136.2;0.29;asphalt;busway;Rheinstraße;1;Kurs 6
Routenpunkt (Way);T;Berliner Allee;49.870774;8.636517;50.0;;;;;;Original OSM;136.2;0.0;asphalt;busway;Rheinstraße;1;Kurs 6
Routenpunkt (Way);T;;49.870806;8.636632;50.0;;;;;;Interpoliert (15m);136.2;0.0;asphalt;busway;Rheinstraße;1;Kurs 6
Routenpunkt (Way);T;Rheinstraße;49.870837;8.636746;50.0;;;;;;Interpoliert;136.2;0.0;asphalt;busway;Rheinstraße;1;Kurs 6
Routenpunkt (Way);T;Rheinstraße;49.870864;8.636941;50.0;;;;;;Interpoliert;136.2;0.0;asphalt;busway;Rheinstraße;1;Kurs 6
Routenpunkt (Way);T;Rheinstraße;49.870891;8.637136;50.0;;;;;;Interpoliert;136.2;0.0;asphalt;busway;Rheinstraße;1;Kurs 6
Routenpunkt (Way);T;Rheinstraße;49.870918;8.637331;50.0;;;;;;Interpoliert;136.2;0.0;asphalt;busway;Rheinstraße;1;Kurs 6
Routenpunkt (Way);T;Rheinstraße;49.870945;8.637526;50.0;;;;;;Interpoliert;136.2;0.28;asphalt;busway;Rheinstraße;1;Kurs 6
Routenpunkt (Way);T;Rheinstraße;49.870972;8.637722;50.0;;;;;;Interpoliert;136.2;0.56;asphalt;busway;Rheinstraße;1;Kurs 6
Routenpunkt (Way);T;Rheinstraße;49.870998;8.637917;50.0;;;;;;Interpoliert;136.4;0.84;asphalt;busway;Rheinstraße;1;Kurs 6
Routenpunkt (Way);T;Rheinstraße;49.871025;8.638112;50.0;;;;;;Interpoliert;136.6;0.98;asphalt;busway;Rheinstraße;1;Kurs 6
Routenpunkt (Way);T;Rheinstraße;49.871052;8.638307;50.0;;;;;;Interpoliert;136.8;0.84;asphalt;busway;Rheinstraße;1;Kurs 6
Routenpunkt (Way);T;Rheinstraße;49.871079;8.638502;50.0;;;;;;Interpoliert;136.9;0.42;asphalt;busway;;1;Kurs 6
Routenpunkt (Way);T;Rheinstraße;49.871106;8.638697;50.0;;;;;;Interpoliert;136.8;-0.0;asphalt;busway;;1;Kurs 6
Routenpunkt (Way);T;Rheinstraße;49.871133;8.638892;50.0;;;;;;Interpoliert;136.7;-0.14;asphalt;busway;;1;Kurs 6
Routenpunkt (Way);T;Rheinstraße;49.87116;8.639087;50.0;;;;;;Interpoliert;136.6;-0.14;asphalt;busway;;1;Kurs 6
Routenpunkt (Way);T;Rheinstraße;49.871186;8.639282;50.0;;;;;;Interpoliert;136.7;0.14;asphalt;busway;;1;Kurs 6
Routenpunkt (Way);T;Rheinstraße;49.871213;8.639477;50.0;;;;;;Interpoliert;136.8;0.42;asphalt;busway;Rheinstraße;1;Kurs 6
Routenpunkt (Way);T;Rheinstraße;49.87124;8.639672;50.0;;;;;;Original OSM;136.9;0.7;asphalt;busway;Rheinstraße;1;Kurs 6
Routenpunkt (Way);T;Rheinstraße;49.871267;8.639864;50.0;;;;;;Interpoliert;137.0;0.85;asphalt;busway;Rheinstraße;1;Kurs 6
Routenpunkt (Way);T;Rheinstraße;49.871293;8.640056;50.0;;;;;;Interpoliert;137.1;1.14;asphalt;busway;Rheinstraße;1;Kurs 6
Routenpunkt (Way);T;Rheinstraße;49.87132;8.640248;50.0;;;;;;Interpoliert;137.3;1.42;asphalt;busway;Rheinstraße;1;Kurs 6
Routenpunkt (Way);T;Rheinstraße;49.871346;8.64044;50.0;;;;;;Interpoliert;137.6;1.71;asphalt;busway;Rheinstraße;1;Kurs 6
Routenpunkt (Way);T;Rheinstraße;49.871372;8.640632;50.0;;;;;;Interpoliert;137.9;1.85;asphalt;busway;Rheinstraße;1;Kurs 6
Routenpunkt (Way);T;Rheinstraße;49.871399;8.640824;50.0;;;;;;Interpoliert;138.2;1.56;asphalt;busway;Rheinstraße;1;Kurs 6
Routenpunkt (Way);T;Rheinstraße;49.871425;8.641015;50.0;;;;;;Interpoliert;138.4;1.14;asphalt;busway;Rheinstraße;1;Kurs 6
Routenpunkt (Way);T;Rheinstraße;49.871452;8.641207;50.0;;;;;;Interpoliert;138.4;0.71;asphalt;busway;Rheinstraße;1;Kurs 6
Routenpunkt (Way);T;Rheinstraße;49.871478;8.641399;50.0;;;;;;Original OSM;138.4;0.28;asphalt;busway;Rheinstraße;1;Kurs 6
Routenpunkt (Way);T;;49.871501;8.641564;50.0;;;;;;Interpoliert (15m);138.4;0.17;asphalt;busway;Rheinstraße;1;Kurs 6
Routenpunkt (Way);T;Rheinstraße;49.871524;8.641729;50.0;;;;;;Original OSM;138.4;0.17;asphalt;busway;Rheinstraße;1;Kurs 6
Routenpunkt (Way);T;;49.871546;8.641887;50.0;;;;;;Interpoliert (15m);138.5;0.17;asphalt;busway;Rheinstraße;1;Kurs 6
Routenpunkt (Way);T;Rheinstraße;49.871568;8.642045;50.0;;;;;;Interpoliert;138.5;0.17;asphalt;busway;Rheinstraße;1;Kurs 6
Routenpunkt (Way);T;Rheinstraße;49.871594;8.642232;50.0;;;;;;Interpoliert;138.5;0.32;asphalt;busway;Rheinstraße;1;Kurs 6
Routenpunkt (Way);T;Rheinstraße;49.871619;8.64242;50.0;;;;;;Interpoliert;138.5;0.44;asphalt;busway;Rheinstraße;1;Kurs 6
Routenpunkt (Way);T;Rheinstraße;49.871645;8.642607;50.0;;;;;;Interpoliert;138.6;0.72;asphalt;busway;Rheinstraße;1;Kurs 6
Routenpunkt (Way);T;Rheinstraße;49.871671;8.642795;50.0;;;;;;Interpoliert;138.8;1.0;asphalt;busway;Rheinstraße;1;Kurs 6
Routenpunkt (Way);T;;49.871683;8.642993;50.0;;;;;;Interpoliert (15m);139.0;1.32;asphalt;busway;Rheinstraße;1;Kurs 6
Routenpunkt (Way);T;Rheinstraße;49.871696;8.64319;50.0;;;;;;Interpoliert;139.2;1.49;asphalt;busway;Rheinstraße;1;Kurs 6
Routenpunkt (Way);T;;49.871721;8.643361;50.0;;;;;;Interpoliert (15m);139.4;1.36;asphalt;busway;Rheinstraße;1;Kurs 6
Routenpunkt (Way);T;;49.871746;8.643531;50.0;;;;;;Interpoliert (15m);139.6;1.24;asphalt;busway;Rheinstraße;1;Kurs 6
Routenpunkt (Way);T;;49.871771;8.643701;50.0;;;;;;Interpoliert (15m);139.7;1.1;asphalt;busway;Rheinstraße;1;Kurs 6
Routenpunkt (Way);T;Rhein-/Neckarstraße;49.871796;8.643871;50.0;;;;;;Interpoliert;139.8;0.92;asphalt;busway;Rheinstraße;1;Kurs 6
Routenpunkt (Way);T;;49.871832;8.644064;50.0;;;;;;Interpoliert (15m);139.9;0.74;asphalt;busway;Rheinstraße;1;Kurs 6
Routenpunkt (Way);T;;49.871868;8.644257;50.0;;;;;;Interpoliert (15m);140.0;0.77;asphalt;busway;Rheinstraße;1;Kurs 6
Routenpunkt (Way);T;Rheinstraße;49.871904;8.64445;50.0;;;;;;Original OSM;140.1;0.76;asphalt;busway;Rheinstraße;1;Kurs 6
Haltestelle;W;Darmstadt Rhein-/Neckarstraße;49.871925;8.644589;50.0;;;Kein Umlauf;Mo,Di,Mi,Do,Fr;446.0;Original GTFS (Snap-Distanz 43m) | Auf Route gesnappt (43m);140.2;0.79;asphalt;busway;Rheinstraße;1;Kurs 6
Routenpunkt (Way);T;Rheinstraße;49.871955;8.644779;50.0;;;;;;Original OSM;140.3;0.48;asphalt;busway;Rheinstraße;1;Kurs 6
Routenpunkt (Way);T;;49.871979;8.644939;50.0;;;;;;Interpoliert (15m);140.4;0.19;asphalt;busway;Rheinstraße;1;Kurs 6
Routenpunkt (Way);T;Rheinstraße;49.872003;8.645099;50.0;;;;;;Interpoliert;140.3;-0.15;asphalt;busway;Rheinstraße;1;Kurs 6
Routenpunkt (Way);T;Rheinstraße;49.87203;8.645283;50.0;;;;;;Interpoliert;140.2;-0.44;asphalt;busway;Rheinstraße;1;Kurs 6
Routenpunkt (Way);T;Rheinstraße;49.872057;8.645468;50.0;;;;;;Interpoliert;140.1;-0.76;asphalt;busway;Rheinstraße;1;Kurs 6
Routenpunkt (Way);T;Rheinstraße;49.872084;8.645653;50.0;;;;;;Interpoliert;140.0;-0.15;asphalt;busway;Rheinstraße;1;Kurs 6
Routenpunkt (Way);T;Rheinstraße;49.872111;8.645837;50.0;;;;;;Interpoliert;139.9;0.29;asphalt;busway;Rheinstraße;1;Kurs 6
Routenpunkt (Way);T;Rheinstraße;49.872138;8.646022;50.0;;;;;;Interpoliert;140.2;0.74;asphalt;busway;Rheinstraße;1;Kurs 6
Routenpunkt (Way);T;Rheinstraße;49.872166;8.646207;50.0;;;;;;Interpoliert;140.4;1.18;asphalt;busway;Rheinstraße;1;Kurs 6
Routenpunkt (Way);T;Rheinstraße;49.872193;8.646391;50.0;;;;;;Interpoliert;140.6;1.47;asphalt;busway;Rheinstraße;1;Kurs 6
Routenpunkt (Way);T;Rheinstraße;49.87222;8.646576;50.0;;;;;;Interpoliert;140.8;1.46;asphalt;busway;Rheinstraße;1;Kurs 6
Routenpunkt (Way);T;Rheinstraße;49.872247;8.64676;50.0;;;;;;Original OSM;140.9;1.59;asphalt;busway;Rheinstraße;1;Kurs 6
Routenpunkt (Way);T;Rheinstraße;49.872274;8.646952;50.0;;;;;;Interpoliert;141.2;1.72;asphalt;busway;Rheinstraße;1;Kurs 6
Routenpunkt (Way);T;Rheinstraße;49.872302;8.647144;50.0;;;;;;Interpoliert;141.5;1.85;asphalt;busway;Rheinstraße;1;Kurs 6
Routenpunkt (Way);T;Rheinstraße;49.872329;8.647335;50.0;;;;;;Interpoliert;141.8;2.27;asphalt;busway;Rheinstraße;1;Kurs 6
Routenpunkt (Way);T;Rheinstraße;49.872357;8.647527;50.0;;;;;;Interpoliert;142.1;1.85;asphalt;busway;Rheinstraße;1;Kurs 6
Routenpunkt (Way);T;Rheinstraße;49.872384;8.647719;50.0;;;;;;Interpoliert;142.5;1.42;asphalt;busway;Rheinstraße;1;Kurs 6
Routenpunkt (Way);T;Rheinstraße;49.872412;8.64791;50.0;;;;;;Interpoliert;142.5;0.99;asphalt;busway;Rheinstraße;1;Kurs 6
Routenpunkt (Way);T;Rheinstraße;49.87244;8.648102;50.0;;;;;;Interpoliert;142.5;0.57;asphalt;busway;Rheinstraße;1;Kurs 6
Routenpunkt (Way);T;Rheinstraße;49.872467;8.648294;50.0;;;;;;Interpoliert;142.5;0.14;asphalt;busway;Rheinstraße;1;Kurs 6
Routenpunkt (Way);T;Rheinstraße;49.872495;8.648485;50.0;;;;;;Interpoliert;142.5;0.28;asphalt;busway;Rheinstraße;1;Kurs 6
Routenpunkt (Way);T;Rheinstraße;49.872522;8.648677;50.0;;;;;;Interpoliert;142.6;0.43;asphalt;busway;;1;Kurs 6
Routenpunkt (Way);T;Rheinstraße;49.87255;8.648869;30.0;;;;;;Interpoliert;142.7;0.57;asphalt;residential;Grafenstraße;1;Kurs 6
Routenpunkt (Way);A;Rheinstraße (Ampel);49.872577;8.64906;30.0;;;;;;Original OSM;142.8;1.02;asphalt;residential;Grafenstraße;1;Kurs 6
Routenpunkt (Way);T;Rheinstraße;49.872603;8.649246;30.0;;;;;;Interpoliert;142.9;1.17;asphalt;busway;Rheinstraße;1;Kurs 6
Routenpunkt (Way);T;Rheinstraße;49.872628;8.649431;30.0;;;;;;Interpoliert;143.2;1.32;asphalt;busway;Rheinstraße;1;Kurs 6
Routenpunkt (Way);T;Rheinstraße;49.872654;8.649616;30.0;;;;;;Interpoliert;143.4;1.47;asphalt;busway;Rheinstraße;1;Kurs 6
Routenpunkt (Way);T;Rheinstraße;49.872679;8.649801;30.0;;;;;;Interpoliert;143.6;1.72;asphalt;busway;Rheinstraße;1;Kurs 6
Routenpunkt (Way);T;Rheinstraße;49.872705;8.649986;30.0;;;;;;Interpoliert;143.8;1.48;asphalt;busway;Rheinstraße;1;Kurs 6
Routenpunkt (Way);T;;49.872722;8.650125;30.0;;;;;;Interpoliert (15m);144.0;1.35;asphalt;busway;Rheinstraße;1;Kurs 6
Routenpunkt (Way);T;Luisenplatz;49.872739;8.650264;30.0;;;;;;Original OSM;144.1;1.22;asphalt;unclassified;Luisenplatz;1;Kurs 6
Routenpunkt (Way);T;;49.872736;8.650429;30.0;;;;;;Interpoliert (15m);144.2;1.09;paving_stones;unclassified;Luisenplatz;1;Kurs 6
Routenpunkt (Way);T;Luisenplatz;49.872733;8.650595;30.0;;;;;;Original OSM;144.3;0.88;paving_stones;unclassified;Luisenplatz;1;Kurs 6
Routenpunkt (Way);T;Luisenplatz;49.872713;8.650768;30.0;;;;;;Interpoliert;144.4;0.68;paving_stones;unclassified;Luisenplatz;1;Kurs 6
Routenpunkt (Way);T;Luisenplatz;49.872695;8.650914;30.0;;;;;;Original OSM;144.5;0.52;paving_stones;unclassified;Luisenplatz;1;Kurs 6
Routenpunkt (Way);T;;49.87269;8.651114;30.0;;;;;;Interpoliert (15m);144.5;0.35;paving_stones;unclassified;Luisenplatz;1;Kurs 6
Routenpunkt (Way);T;Luisenplatz;49.872685;8.651314;30.0;;;;;;Original OSM;144.5;0.19;paving_stones;unclassified;Luisenplatz;1;Kurs 6
Haltestelle;W;Darmstadt Luisenplatz;49.872704;8.651351;30.0;07:17:00;07:17:00;Kein Umlauf;Mo,Di,Mi,Do,Fr;446.0;Original GTFS (Snap-Distanz 21m) | Auf Route gesnappt (21m);144.5;0.0;paving_stones;unclassified;Luisenplatz;1;Kurs 6
Routenpunkt (Way);T;Luisenplatz;49.872735;8.651549;30.0;;;;;;Original OSM;144.5;0.14;paving_stones;unclassified;Luisenplatz;1;Kurs 6
Routenpunkt (Way);T;;49.872804;8.651714;30.0;;;;;;Interpoliert (15m);144.5;0.43;paving_stones;unclassified;Luisenplatz;1;Kurs 6
Routenpunkt (Way);T;;49.872872;8.65188;30.0;;;;;;Interpoliert (15m);144.6;0.84;paving_stones;unclassified;Luisenplatz;1;Kurs 6
Routenpunkt (Way);T;Luisenplatz;49.872941;8.652045;30.0;;;;;;Original OSM;144.8;1.25;paving_stones;unclassified;Luisenplatz;1;Kurs 6
Routenpunkt (Way);T;;49.872963;8.652176;30.0;;;;;;Interpoliert (15m);145.0;1.54;asphalt;unclassified;Rheinstraße;1;Kurs 6
Routenpunkt (Way);T;Rheinstraße;49.872985;8.652306;30.0;;;;;;Interpoliert;145.2;1.69;asphalt;unclassified;Rheinstraße;1;Kurs 6
Routenpunkt (Way);T;Rheinstraße;49.873011;8.652495;30.0;;;;;;Interpoliert;145.4;1.69;asphalt;unclassified;Rheinstraße;1;Kurs 6
Routenpunkt (Way);T;Rheinstraße;49.873037;8.652684;30.0;;;;;;Interpoliert;145.6;1.57;asphalt;unclassified;Rheinstraße;1;Kurs 6
Routenpunkt (Way);T;Rheinstraße;49.873063;8.652872;30.0;;;;;;Interpoliert;145.8;1.49;asphalt;unclassified;Rheinstraße;1;Kurs 6
Routenpunkt (Way);T;Rheinstraße;49.873089;8.653061;30.0;;;;;;Interpoliert;146.0;1.54;asphalt;unclassified;Rheinstraße;1;Kurs 6
Routenpunkt (Way);T;;49.873097;8.653226;30.0;;;;;;Interpoliert (15m);146.2;1.59;asphalt;unclassified;Rheinstraße;1;Kurs 6
Routenpunkt (Way);T;;49.873106;8.653391;30.0;;;;;;Interpoliert (15m);146.4;2.13;asphalt;unclassified;Rheinstraße;1;Kurs 6
Routenpunkt (Way);T;Rheinstraße;49.873114;8.653557;30.0;;;;;;Original OSM;146.6;2.67;asphalt;unclassified;Rheinstraße;1;Kurs 6
Routenpunkt (Way);T;;49.873064;8.653706;30.0;;;;;;Interpoliert (15m);147.1;3.17;asphalt;unclassified;Rheinstraße;1;Kurs 6
Routenpunkt (Way);T;;49.873015;8.653854;30.0;;;;;;Interpoliert (15m);147.6;3.65;asphalt;unclassified;Rheinstraße;1;Kurs 6
Routenpunkt (Way);T;Rheinstraße;49.872965;8.654003;30.0;;;;;;Interpoliert;148.1;4.03;asphalt;unclassified;Rheinstraße;1;Kurs 6
Routenpunkt (Way);T;Rheinstraße;49.872898;8.654139;30.0;;;;;;Interpoliert;148.6;4.28;asphalt;unclassified;Rheinstraße;1;Kurs 6
Routenpunkt (Way);T;;49.872845;8.654271;30.0;;;;;;Interpoliert (15m);149.0;4.5;asphalt;unclassified;Rheinstraße;1;Kurs 6
Routenpunkt (Way);T;Rheinstraße;49.872792;8.654403;30.0;;;;;;Original OSM;149.6;4.73;asphalt;unclassified;Rheinstraße;1;Kurs 6
Routenpunkt (Way);T;;49.872796;8.654562;30.0;;;;;;Interpoliert (15m);150.2;4.88;paving_stones;unclassified;Marktplatz;1;Kurs 6
Routenpunkt (Way);T;Marktplatz;49.8728;8.65472;30.0;;;;;;Interpoliert;150.8;5.01;paving_stones;unclassified;Marktplatz;1;Kurs 6
Routenpunkt (Way);T;Marktplatz;49.872817;8.65489;30.0;;;;;;Original OSM;151.4;4.21;paving_stones;unclassified;Marktplatz;1;Kurs 6
Routenpunkt (Way);T;Marktplatz;49.872838;8.655085;30.0;;;;;;Interpoliert;152.0;3.16;paving_stones;unclassified;Marktplatz;1;Kurs 6
Routenpunkt (Way);T;Marktplatz;49.87286;8.655281;30.0;;;;;;Original OSM;152.2;2.1;paving_stones;unclassified;Marktplatz;1;Kurs 6
Haltestelle;W;Darmstadt Schloss;49.87286;8.655281;30.0;07:18:00;07:18:00;Kein Umlauf;Mo,Di,Mi,Do,Fr;446.0;Original GTFS (Snap-Distanz 3m) | Auf Route gesnappt (3m);152.4;0.96;paving_stones;unclassified;Marktplatz;1;Kurs 6
Routenpunkt (Way);T;Marktplatz;49.87286;8.655281;30.0;;;;;;Original OSM;152.3;-0.04;paving_stones;unclassified;Marktplatz;1;Kurs 6
Routenpunkt (Way);T;;49.872907;8.655436;30.0;;;;;;Interpoliert (15m);152.2;-0.75;sett;unclassified;Marktplatz;1;Kurs 6
Routenpunkt (Way);T;Schloss;49.872955;8.655591;30.0;;;;;;Original OSM;152.1;-1.46;sett;unclassified;Marktplatz;1;Kurs 6
Routenpunkt (Way);T;;49.872998;8.655775;30.0;;;;;;Interpoliert (15m);151.8;-2.17;sett;unclassified;Marktplatz;1;Kurs 6
Routenpunkt (Way);T;;49.873042;8.65596;30.0;;;;;;Interpoliert (15m);151.3;-2.84;sett;unclassified;Marktplatz;1;Kurs 6
Routenpunkt (Way);A;Marktplatz (Ampel);49.873085;8.656144;30.0;;;;;;Original OSM;150.8;-3.51;sett;busway;Schlossgraben;1;Kurs 6
Routenpunkt (Way);T;;49.873189;8.656191;30.0;;;;;;Interpoliert (15m);150.3;-3.92;sett;busway;Schlossgraben;1;Kurs 6
Routenpunkt (Way);T;;49.873293;8.656237;30.0;;;;;;Interpoliert (15m);149.8;-4.19;paving_stones;busway;Schlossgraben;1;Kurs 6
Routenpunkt (Way);T;Schlossgraben;49.873397;8.656284;30.0;;;;;;Original OSM;149.3;-3.76;paving_stones;busway;Schlossgraben;1;Kurs 6
Routenpunkt (Way);T;Schlossgraben;49.873486;8.656255;30.0;;;;;;Interpoliert;148.8;-3.22;paving_stones;busway;Schlossgraben;1;Kurs 6
Routenpunkt (Way);T;;49.87361;8.656215;30.0;;;;;;Interpoliert (15m);148.6;-2.39;paving_stones;busway;Schlossgraben;1;Kurs 6
Routenpunkt (Way);T;Schlossgraben;49.873734;8.656175;30.0;;;;;;Original OSM;148.4;-1.55;paving_stones;busway;Schlossgraben;1;Kurs 6
Routenpunkt (Way);T;;49.873827;8.656144;30.0;;;;;;Interpoliert (15m);148.4;-0.2;paving_stones;busway;Schlossgraben;1;Kurs 6
Routenpunkt (Way);T;;49.873921;8.656112;30.0;;;;;;Interpoliert (15m);148.4;0.45;paving_stones;busway;Schlossgraben;1;Kurs 6
Routenpunkt (Way);T;Schlossgraben;49.874015;8.656081;30.0;;;;;;Interpoliert;148.6;1.08;paving_stones;busway;Schlossgraben;1;Kurs 6
Routenpunkt (Way);T;Schlossgraben;49.874111;8.656048;30.0;;;;;;Interpoliert;148.8;1.43;paving_stones;busway;Schlossgraben;1;Kurs 6
Routenpunkt (Way);T;;49.874212;8.656003;30.0;;;;;;Interpoliert (15m);149.0;1.76;paving_stones;busway;;1;Kurs 6
Routenpunkt (Way);T;Schlossgraben;49.874313;8.655958;30.0;;;;;;Original OSM;149.2;1.71;paving_stones;busway;;1;Kurs 6
Routenpunkt (Way);T;;49.874415;8.655901;30.0;;;;;;Interpoliert (15m);149.4;1.78;paving_stones;busway;;1;Kurs 6
Routenpunkt (Way);T;Unbekannt;49.874518;8.655843;30.0;;;;;;Original OSM;149.6;1.88;paving_stones;busway;;1;Kurs 6
Routenpunkt (Way);T;;49.874543;8.655964;50.0;;;;;;Interpoliert (15m);149.8;1.54;asphalt;secondary;Alexanderstraße;1;Kurs 6
Routenpunkt (Way);T;Alexanderstraße;49.874569;8.656085;50.0;;;;;;Original OSM;150.0;1.21;asphalt;secondary;Alexanderstraße;1;Kurs 6
Routenpunkt (Way);T;;49.874586;8.656209;50.0;;;;;;Interpoliert (15m);150.0;0.88;asphalt;secondary;Alexanderstraße;1;Kurs 6
Routenpunkt (Way);T;Alexanderstraße;49.874603;8.656333;50.0;;;;;;Interpoliert;150.0;0.44;asphalt;secondary;Alexanderstraße;1;Kurs 6
Routenpunkt (Way);T;Alexanderstraße;49.874627;8.656509;50.0;;;;;;Interpoliert;150.0;0.0;asphalt;secondary;Alexanderstraße;1;Kurs 6
Routenpunkt (Way);T;;49.87465;8.656654;50.0;;;;;;Interpoliert (15m);150.0;0.0;asphalt;secondary;Alexanderstraße;1;Kurs 6
Routenpunkt (Way);T;Alexanderstraße;49.874673;8.656799;50.0;;;;;;Original OSM;150.0;0.21;asphalt;secondary;Alexanderstraße;1;Kurs 6
Routenpunkt (Way);T;;49.874701;8.656927;50.0;;;;;;Interpoliert (15m);150.0;0.39;asphalt;secondary;Alexanderstraße;1;Kurs 6
Routenpunkt (Way);T;Alexanderstraße;49.874729;8.657054;50.0;;;;;;Interpoliert;150.1;0.58;asphalt;secondary;Alexanderstraße;1;Kurs 6
Routenpunkt (Way);T;;49.874762;8.657195;50.0;;;;;;Interpoliert (15m);150.2;0.76;asphalt;secondary;Alexanderstraße;1;Kurs 6
Routenpunkt (Way);T;Alexanderstraße;49.874795;8.657337;50.0;;;;;;Original OSM;150.3;0.94;asphalt;secondary;Alexanderstraße;1;Kurs 6
Routenpunkt (Way);T;;49.874829;8.657482;50.0;;;;;;Interpoliert (15m);150.4;1.28;asphalt;secondary;Alexanderstraße;1;Kurs 6
Routenpunkt (Way);T;;49.874863;8.657626;50.0;;;;;;Interpoliert (15m);150.5;1.67;asphalt;secondary;Alexanderstraße;1;Kurs 6
Routenpunkt (Way);T;Alexanderstraße;49.874897;8.65777;50.0;;;;;;Interpoliert;150.8;2.35;asphalt;secondary;Alexanderstraße;1;Kurs 6
Routenpunkt (Way);T;Alexanderstraße;49.87494;8.657952;50.0;;;;;;Interpoliert;151.2;3.04;asphalt;secondary;Alexanderstraße;1;Kurs 6
Routenpunkt (Way);T;;49.874968;8.658073;50.0;;;;;;Interpoliert (15m);151.6;3.77;asphalt;secondary;Alexanderstraße;1;Kurs 6
Routenpunkt (Way);T;Alexanderstraße;49.874996;8.658194;50.0;;;;;;Original OSM;152.0;3.91;asphalt;secondary;Alexanderstraße;1;Kurs 6
Routenpunkt (Way);T;;49.875023;8.65831;50.0;;;;;;Interpoliert (15m);152.4;3.82;asphalt;secondary;Alexanderstraße;1;Kurs 6
Routenpunkt (Way);T;Alexanderstraße;49.87505;8.658425;50.0;;;;;;Original OSM;152.7;3.48;asphalt;secondary;Alexanderstraße;1;Kurs 6
Routenpunkt (Way);T;Alexanderstraße;49.875089;8.658583;50.0;;;;;;Original OSM;153.0;3.05;asphalt;secondary;Alexanderstraße;1;Kurs 6
Routenpunkt (Way);T;Alexanderstraße;49.875122;8.658734;50.0;;;;;;Original OSM;153.3;2.58;asphalt;secondary;Alexanderstraße;1;Kurs 6
Routenpunkt (Way);T;Alexanderstraße;49.875164;8.658913;50.0;;;;;;Interpoliert;153.6;2.14;asphalt;secondary;Alexanderstraße;1;Kurs 6
Routenpunkt (Way);T;Alexanderstraße;49.875206;8.659092;50.0;;;;;;Original OSM;153.9;1.65;asphalt;secondary;Alexanderstraße;1;Kurs 6
Routenpunkt (Way);T;;49.87523;8.659199;50.0;;;;;;Interpoliert (15m);154.0;1.46;asphalt;secondary;Alexanderstraße;1;Kurs 6
Routenpunkt (Way);T;Alexanderstraße;49.875255;8.659305;50.0;;;;;;Original OSM;154.0;1.36;asphalt;secondary;Alexanderstraße;1;Kurs 6
Routenpunkt (Way);T;;49.875305;8.659452;50.0;;;;;;Interpoliert (15m);154.2;1.26;asphalt;secondary;Alexanderstraße;1;Kurs 6
Routenpunkt (Way);T;;49.875355;8.659598;50.0;;;;;;Interpoliert (15m);154.4;1.32;asphalt;secondary;Alexanderstraße;1;Kurs 6
Routenpunkt (Way);T;Alexanderstraße;49.875406;8.659744;50.0;;;;;;Original OSM;154.6;1.62;asphalt;secondary;Alexanderstraße;1;Kurs 6
Routenpunkt (Way);T;;49.875472;8.659896;50.0;;;;;;Interpoliert (15m);154.8;1.66;asphalt;secondary;Alexanderstraße;1;Kurs 6
Routenpunkt (Way);T;Alexanderstraße;49.875538;8.660047;50.0;;;;;;Original OSM;155.0;1.58;asphalt;secondary;Alexanderstraße;1;Kurs 6
Routenpunkt (Way);T;Alexanderstraße;49.875595;8.660168;50.0;;;;;;Interpoliert;155.2;1.51;asphalt;secondary;Alexanderstraße;1;Kurs 6
Routenpunkt (Way);T;;49.875634;8.660254;50.0;;;;;;Interpoliert (15m);155.3;1.9;asphalt;secondary;Alexanderstraße;1;Kurs 6
Routenpunkt (Way);T;Alexanderstraße;49.875673;8.660341;50.0;;;;;;Original OSM;155.4;4.4;asphalt;secondary;Alexanderstraße;1;Kurs 6
Routenpunkt (Way);T;Alexanderstraße/TU;49.875769;8.660476;50.0;;;;;;Original OSM;155.9;4.48;asphalt;secondary;Alexanderstraße;1;Kurs 6
Haltestelle;W;Darmstadt Alexanderstraße/TU;49.875741;8.660502;50.0;07:20:00;07:20:00;Kein Umlauf;Mo,Di,Mi,Do,Fr;446.0;Original GTFS (Snap-Distanz 3m) | Auf Route gesnappt (3m);156.4;4.65;asphalt;secondary;Alexanderstraße;1;Kurs 6
Routenpunkt (Way);T;Alexanderstraße/TU;49.875834;8.66062;50.0;;;;;;Interpoliert;156.7;4.82;asphalt;secondary;Alexanderstraße;1;Kurs 6
Routenpunkt (Way);T;;49.875895;8.660787;50.0;;;;;;Interpoliert (15m);157.0;4.54;asphalt;secondary;Alexanderstraße;1;Kurs 6
Routenpunkt (Way);T;Alexanderstraße;49.875956;8.660955;50.0;;;;;;Original OSM;157.3;2.16;asphalt;secondary;Dieburger Straße;1;Kurs 6
Routenpunkt (Way);T;;49.876036;8.661111;50.0;;;;;;Interpoliert (15m);157.6;2.19;asphalt;secondary;Dieburger Straße;1;Kurs 6
Routenpunkt (Way);T;Dieburger Straße;49.876116;8.661268;50.0;;;;;;Interpoliert;157.9;2.57;asphalt;secondary;Dieburger Straße;1;Kurs 6
Routenpunkt (Way);T;Dieburger Straße;49.876184;8.661406;50.0;;;;;;Interpoliert;158.2;2.95;asphalt;secondary;Dieburger Straße;1;Kurs 6
Routenpunkt (Way);T;;49.87624;8.661512;50.0;;;;;;Interpoliert (15m);158.6;2.02;asphalt;secondary;Dieburger Straße;1;Kurs 6
Routenpunkt (Way);A;Dieburger Straße (Ampel);49.876296;8.661618;50.0;;;;;;Original OSM;159.0;1.09;asphalt;secondary;Dieburger Straße;1;Kurs 6
Routenpunkt (Way);T;;49.876366;8.661619;50.0;;;;;;Interpoliert (15m);158.8;0.3;asphalt;secondary;Heinheimer Straße;1;Kurs 6
Routenpunkt (Way);T;Heinheimer Straße;49.876437;8.66162;30.0;;;;;;Original OSM;158.6;-0.86;asphalt;secondary;Heinheimer Straße;1;Kurs 6
Routenpunkt (Way);T;Heinheimer Straße;49.876553;8.661591;30.0;;;;;;Interpoliert;158.4;-2.01;asphalt;secondary;Heinheimer Straße;1;Kurs 6
Routenpunkt (Way);T;Heinheimer Straße;49.876657;8.661569;30.0;;;;;;Interpoliert;158.2;-1.81;asphalt;secondary;Heinheimer Straße;1;Kurs 6
Routenpunkt (Way);T;Heinheimer Straße;49.876762;8.661547;30.0;;;;;;Interpoliert;158.0;-1.81;asphalt;secondary;Heinheimer Straße;1;Kurs 6
Routenpunkt (Way);T;Heinheimer Straße;49.876876;8.661523;30.0;;;;;;Original OSM;157.8;-2.78;asphalt;secondary;Heinheimer Straße;1;Kurs 6
Routenpunkt (Way);T;;49.876945;8.661507;30.0;;;;;;Interpoliert (15m);157.6;-3.12;asphalt;secondary;Heinheimer Straße;1;Kurs 6
Routenpunkt (Way);T;Heinheimer Straße;49.877015;8.66149;30.0;;;;;;Interpoliert;157.1;-3.47;asphalt;secondary;Heinheimer Straße;1;Kurs 6
Routenpunkt (Way);T;Heinheimer Straße;49.877145;8.66146;30.0;;;;;;Interpoliert;156.6;-3.57;asphalt;secondary;Heinheimer Straße;1;Kurs 6
Routenpunkt (Way);T;Heinheimer Straße;49.877275;8.661429;30.0;;;;;;Interpoliert;156.1;-3.47;asphalt;secondary;Heinheimer Straße;1;Kurs 6
Routenpunkt (Way);T;Heinheimer Straße;49.877405;8.661398;30.0;;;;;;Interpoliert;155.8;-2.6;asphalt;secondary;Heinheimer Straße;1;Kurs 6
Routenpunkt (Way);T;Heinheimer Straße;49.877535;8.661367;30.0;;;;;;Interpoliert;155.5;-2.39;asphalt;secondary;Heinheimer Straße;1;Kurs 6
Routenpunkt (Way);T;Heinheimer Straße;49.877664;8.661337;30.0;;;;;;Interpoliert;155.2;-1.87;asphalt;secondary;Heinheimer Straße;1;Kurs 6
Routenpunkt (Way);T;;49.877777;8.661342;30.0;;;;;;Interpoliert (15m);154.9;-1.62;asphalt;secondary;Heinheimer Straße;1;Kurs 6
Routenpunkt (Way);T;;49.87789;8.661348;30.0;;;;;;Interpoliert (15m);154.8;-1.39;asphalt;secondary;Heinheimer Straße;1;Kurs 6
Routenpunkt (Way);T;Heinheimer Straße;49.878003;8.661354;30.0;;;;;;Original OSM;154.7;-0.62;paving_stones;service;;1;Kurs 6
Routenpunkt (Way);T;;49.878061;8.661481;30.0;;;;;;Interpoliert (15m);154.6;-0.32;paving_stones;service;;1;Kurs 6
Routenpunkt (Way);A;Ampel;49.878119;8.661607;30.0;;;;;;Interpoliert (15m);154.8;-0.34;asphalt;secondary;Kranichsteiner Straße;1;Kurs 6
Routenpunkt (Way);T;Kranichsteiner Straße;49.878176;8.661734;30.0;;;;;;Original OSM;154.7;-0.18;asphalt;secondary;Kranichsteiner Straße;1;Kurs 6
Routenpunkt (Way);T;Kranichsteiner Straße;49.878248;8.661836;30.0;;;;;;Interpoliert;154.6;-0.27;asphalt;secondary;Kranichsteiner Straße;1;Kurs 6
Haltestelle;W;Darmstadt Kopernikusplatz;49.878248;8.661836;30.0;07:21:00;07:21:00;Kein Umlauf;Mo,Di,Mi,Do,Fr;446.0;Original GTFS (Snap-Distanz 6m) | Auf Route gesnappt (6m);154.5;-0.89;asphalt;secondary;Kranichsteiner Straße;1;Kurs 6
Routenpunkt (Way);T;;49.878307;8.661893;30.0;;;;;;Interpoliert (15m);154.4;-0.24;asphalt;secondary;Kranichsteiner Straße;1;Kurs 6
Routenpunkt (Way);T;Kopernikusplatz;49.878365;8.661951;30.0;;;;;;Original OSM;154.3;0.1;asphalt;secondary;Kranichsteiner Straße;1;Kurs 6
Routenpunkt (Way);T;;49.878445;8.662081;30.0;;;;;;Interpoliert (15m);154.6;0.29;asphalt;secondary;Kranichsteiner Straße;1;Kurs 6
Routenpunkt (Way);T;Kranichsteiner Straße;49.878524;8.662212;30.0;;;;;;Interpoliert;154.7;0.74;asphalt;secondary;Kranichsteiner Straße;1;Kurs 6
Routenpunkt (Way);T;Kranichsteiner Straße;49.878594;8.662311;30.0;;;;;;Interpoliert;154.8;1.13;asphalt;secondary;Kranichsteiner Straße;1;Kurs 6
Routenpunkt (Way);T;Kranichsteiner Straße;49.878664;8.66241;30.0;;;;;;Original OSM;154.9;1.21;asphalt;secondary;Kranichsteiner Straße;1;Kurs 6
Routenpunkt (Way);T;Kranichsteiner Straße;49.878759;8.662557;30.0;;;;;;Interpoliert;155.0;1.6;asphalt;secondary;Kranichsteiner Straße;1;Kurs 6
Routenpunkt (Way);T;Kranichsteiner Straße;49.878854;8.662703;30.0;;;;;;Original OSM;155.4;1.97;asphalt;secondary;Kranichsteiner Straße;1;Kurs 6
Routenpunkt (Way);T;Kranichsteiner Straße;49.878919;8.662816;30.0;;;;;;Interpoliert;155.7;2.19;asphalt;secondary;Kranichsteiner Straße;1;Kurs 6
Routenpunkt (Way);T;Kranichsteiner Straße;49.878985;8.662929;30.0;;;;;;Interpoliert;156.0;2.47;asphalt;secondary;Kranichsteiner Straße;1;Kurs 6
Routenpunkt (Way);T;;49.879074;8.663075;30.0;;;;;;Interpoliert (15m);156.3;1.78;asphalt;secondary;Kranichsteiner Straße;1;Kurs 6
Routenpunkt (Way);T;Kranichsteiner Straße;49.879163;8.663222;30.0;;;;;;Original OSM;156.6;1.08;asphalt;secondary;Kranichsteiner Straße;1;Kurs 6
Routenpunkt (Way);T;;49.879251;8.663347;30.0;;;;;;Interpoliert (15m);156.5;0.37;asphalt;secondary;Kranichsteiner Straße;1;Kurs 6
Routenpunkt (Way);T;Kranichsteiner Straße;49.879338;8.663472;30.0;;;;;;Interpoliert;156.4;-0.21;asphalt;secondary;Kranichsteiner Straße;1;Kurs 6
Routenpunkt (Way);T;Kranichsteiner Straße;49.879426;8.663586;30.0;;;;;;Original OSM;156.3;-0.79;asphalt;secondary;Kranichsteiner Straße;1;Kurs 6
Routenpunkt (Way);T;Kranichsteiner Straße;49.879517;8.663679;30.0;;;;;;Interpoliert;156.2;-0.47;asphalt;secondary;Kranichsteiner Straße;1;Kurs 6
Routenpunkt (Way);T;Kranichsteiner Straße;49.879607;8.663772;30.0;;;;;;Interpoliert;156.1;0.01;asphalt;secondary;Kranichsteiner Straße;1;Kurs 6
Routenpunkt (Way);T;Kranichsteiner Straße;49.879698;8.663866;30.0;;;;;;Interpoliert;156.2;0.56;asphalt;secondary;Kranichsteiner Straße;1;Kurs 6
Routenpunkt (Way);T;Kranichsteiner Straße;49.879788;8.663959;30.0;;;;;;Original OSM;156.4;1.11;asphalt;secondary;Kranichsteiner Straße;1;Kurs 6
Routenpunkt (Way);T;Kranichsteiner Straße;49.879864;8.664039;30.0;;;;;;Interpoliert;156.6;1.69;asphalt;secondary;Kranichsteiner Straße;1;Kurs 6
Routenpunkt (Way);T;Kranichsteiner Straße;49.879941;8.664119;30.0;;;;;;Interpoliert;156.8;1.93;asphalt;secondary;Kranichsteiner Straße;1;Kurs 6
Routenpunkt (Way);T;;49.880017;8.664188;30.0;;;;;;Interpoliert (15m);157.0;1.9;asphalt;secondary;Kranichsteiner Straße;1;Kurs 6
Routenpunkt (Way);T;Kranichsteiner Straße;49.880093;8.664256;30.0;;;;;;Original OSM;157.2;1.81;asphalt;secondary;Kranichsteiner Straße;1;Kurs 6
Routenpunkt (Way);T;;49.880197;8.664348;30.0;;;;;;Interpoliert (15m);157.4;2.05;asphalt;secondary;Kranichsteiner Straße;1;Kurs 6
Routenpunkt (Way);T;Taunusplatz;49.8803;8.664439;30.0;;;;;;Original OSM;157.6;2.09;asphalt;secondary;Kranichsteiner Straße;1;Kurs 6
Haltestelle;W;Darmstadt Taunusplatz;49.880348;8.664489;30.0;07:22:00;07:22:00;Kein Umlauf;Mo,Di,Mi,Do,Fr;446.0;Original GTFS (Snap-Distanz 2m) | Auf Route gesnappt (3m);157.8;1.0;asphalt;secondary;Kranichsteiner Straße;1;Kurs 6
Routenpunkt (Way);T;;49.880408;8.664569;30.0;;;;;;Interpoliert (15m);158.0;0.17;asphalt;secondary;Kranichsteiner Straße;1;Kurs 6
Routenpunkt (Way);T;Taunusplatz;49.880468;8.664649;30.0;;;;;;Original OSM;157.7;-0.66;asphalt;secondary;Kranichsteiner Straße;1;Kurs 6
Routenpunkt (Way);T;;49.88055;8.664744;30.0;;;;;;Interpoliert (15m);157.4;-1.71;asphalt;secondary;Kranichsteiner Straße;1;Kurs 6
Routenpunkt (Way);T;Kranichsteiner Straße;49.880632;8.664839;30.0;;;;;;Interpoliert;157.1;-2.58;asphalt;secondary;Kranichsteiner Straße;1;Kurs 6
Routenpunkt (Way);T;Kranichsteiner Straße;49.880741;8.664943;30.0;;;;;;Interpoliert;156.8;-2.49;asphalt;secondary;Kranichsteiner Straße;1;Kurs 6
Routenpunkt (Way);T;Kranichsteiner Straße;49.88085;8.665046;30.0;;;;;;Original OSM;156.5;-2.42;asphalt;secondary;Kranichsteiner Straße;1;Kurs 6
Routenpunkt (Way);T;Kranichsteiner Straße;49.880928;8.665122;30.0;;;;;;Original OSM;156.2;-2.3;asphalt;secondary;Kranichsteiner Straße;1;Kurs 6
Routenpunkt (Way);T;Kranichsteiner Straße;49.881031;8.66521;30.0;;;;;;Original OSM;155.9;-2.98;asphalt;secondary;Kranichsteiner Straße;1;Kurs 6
Routenpunkt (Way);T;Kranichsteiner Straße;49.881153;8.665284;30.0;;;;;;Interpoliert;155.6;-3.65;asphalt;secondary;Kranichsteiner Straße;1;Kurs 6
Routenpunkt (Way);T;Kranichsteiner Straße;49.881275;8.665357;30.0;;;;;;Interpoliert;154.8;-3.76;asphalt;secondary;Kranichsteiner Straße;1;Kurs 6
Routenpunkt (Way);T;Kranichsteiner Straße;49.881397;8.665431;30.0;;;;;;Interpoliert;154.0;-4.24;asphalt;secondary;Kranichsteiner Straße;1;Kurs 6
Routenpunkt (Way);T;Kranichsteiner Straße;49.881519;8.665504;30.0;;;;;;Interpoliert;153.5;-4.77;asphalt;secondary;Kranichsteiner Straße;1;Kurs 6
Routenpunkt (Way);T;;49.881608;8.665558;30.0;;;;;;Interpoliert (15m);153.0;-4.84;asphalt;secondary;Kranichsteiner Straße;1;Kurs 6
Routenpunkt (Way);A;Kranichsteiner Straße (Ampel);49.881697;8.665612;30.0;;;;;;Original OSM;152.5;-4.67;asphalt;secondary;Kranichsteiner Straße;1;Kurs 6
Routenpunkt (Way);T;;49.881769;8.665654;30.0;;;;;;Interpoliert (15m);152.0;-4.9;asphalt;secondary;Kranichsteiner Straße;1;Kurs 6
Routenpunkt (Way);T;Kranichsteiner Straße;49.881841;8.665695;50.0;;;;;;Original OSM;151.6;-4.88;asphalt;secondary;Kranichsteiner Straße;1;Kurs 6
Routenpunkt (Way);T;;49.881917;8.66573;50.0;;;;;;Interpoliert (15m);151.2;-4.7;asphalt;secondary;Kranichsteiner Straße;1;Kurs 6
Routenpunkt (Way);T;Kranichsteiner Straße;49.881992;8.665765;50.0;;;;;;Original OSM;150.8;-3.12;asphalt;secondary;Kranichsteiner Straße;1;Kurs 6
Haltestelle;W;Darmstadt Am Karlshof;49.882082;8.66581;50.0;07:23:00;07:23:00;Kein Umlauf;Mo,Di,Mi,Do,Fr;446.0;Original GTFS (Snap-Distanz 2m) | Auf Route gesnappt (2m);150.4;-1.78;asphalt;secondary;Kranichsteiner Straße;1;Kurs 6
Routenpunkt (Way);T;;49.882168;8.665834;50.0;;;;;;Interpoliert (15m);150.6;-0.6;asphalt;secondary;Kranichsteiner Straße;1;Kurs 6
Routenpunkt (Way);T;Am Karlshof (Bussteig Richtung Süd);49.882255;8.665859;50.0;;;;;;Original OSM;150.8;0.58;asphalt;secondary;Kranichsteiner Straße;1;Kurs 6
Routenpunkt (Way);T;;49.882376;8.665951;50.0;;;;;;Interpoliert (15m);151.0;1.62;asphalt;secondary;Kranichsteiner Straße;1;Kurs 6
Routenpunkt (Way);T;Kranichsteiner Straße;49.882498;8.666043;50.0;;;;;;Interpoliert;151.2;1.48;asphalt;secondary;Kranichsteiner Straße;1;Kurs 6
Routenpunkt (Way);T;;49.882621;8.666117;50.0;;;;;;Interpoliert (15m);151.4;1.25;asphalt;secondary;Kranichsteiner Straße;1;Kurs 6
Routenpunkt (Way);T;Kranichsteiner Straße;49.882745;8.666191;50.0;;;;;;Original OSM;151.6;1.17;asphalt;secondary;Kranichsteiner Straße;1;Kurs 6
Routenpunkt (Way);T;;49.882839;8.666249;50.0;;;;;;Interpoliert (15m);151.7;0.19;asphalt;secondary;Kranichsteiner Straße;1;Kurs 6
Routenpunkt (Way);T;;49.882933;8.666307;50.0;;;;;;Interpoliert (15m);151.8;-0.76;asphalt;secondary;Kranichsteiner Straße;1;Kurs 6
Routenpunkt (Way);T;Kranichsteiner Straße;49.883027;8.666364;50.0;;;;;;Interpoliert;151.4;-1.59;asphalt;secondary;Kranichsteiner Straße;1;Kurs 6
Routenpunkt (Way);T;Kranichsteiner Straße;49.883126;8.666427;50.0;;;;;;Interpoliert;151.0;-2.33;asphalt;secondary;Kranichsteiner Straße;1;Kurs 6
Routenpunkt (Way);T;;49.883215;8.666482;50.0;;;;;;Interpoliert (15m);150.7;-3.1;asphalt;secondary;Kranichsteiner Straße;1;Kurs 6
Routenpunkt (Way);T;Kranichsteiner Straße;49.883304;8.666538;50.0;;;;;;Original OSM;150.4;-2.98;asphalt;secondary;Kranichsteiner Straße;1;Kurs 6
Routenpunkt (Way);T;;49.883389;8.666589;50.0;;;;;;Interpoliert (15m);150.1;-2.86;asphalt;secondary;Kranichsteiner Straße;1;Kurs 6
Routenpunkt (Way);T;Kranichsteiner Straße;49.883474;8.66664;50.0;;;;;;Interpoliert;149.8;-2.75;asphalt;secondary;Kranichsteiner Straße;1;Kurs 6
Routenpunkt (Way);T;Kranichsteiner Straße;49.883566;8.666692;50.0;;;;;;Original OSM;149.5;-3.24;asphalt;secondary;Kranichsteiner Straße;1;Kurs 6
Routenpunkt (Way);T;Kranichsteiner Straße;49.883676;8.666763;50.0;;;;;;Interpoliert;149.2;-3.7;asphalt;secondary;Kranichsteiner Straße;1;Kurs 6
Routenpunkt (Way);T;Kranichsteiner Straße;49.883787;8.666835;50.0;;;;;;Interpoliert;148.5;-3.4;asphalt;secondary;Kranichsteiner Straße;1;Kurs 6
Routenpunkt (Way);T;Kranichsteiner Straße;49.883897;8.666907;50.0;;;;;;Interpoliert;147.8;-3.15;asphalt;secondary;Kranichsteiner Straße;1;Kurs 6
Routenpunkt (Way);T;Kranichsteiner Straße;49.884008;8.666979;50.0;;;;;;Interpoliert;147.6;-3.37;asphalt;secondary;Kranichsteiner Straße;1;Kurs 6
Routenpunkt (Way);T;Kranichsteiner Straße;49.884118;8.667051;50.0;;;;;;Original OSM;147.4;-2.99;asphalt;secondary;Kranichsteiner Straße;1;Kurs 6
Routenpunkt (Way);T;Kranichsteiner Straße;49.884215;8.667124;50.0;;;;;;Interpoliert;147.0;-2.43;asphalt;secondary;Kranichsteiner Straße;1;Kurs 6
Routenpunkt (Way);T;Kranichsteiner Straße;49.884312;8.667197;50.0;;;;;;Interpoliert;146.6;-2.61;asphalt;secondary;Kranichsteiner Straße;1;Kurs 6
Routenpunkt (Way);T;;49.884378;8.667249;50.0;;;;;;Interpoliert (15m);146.4;-2.77;asphalt;secondary;Kranichsteiner Straße;1;Kurs 6
Routenpunkt (Way);T;Kranichsteiner Straße;49.884443;8.667301;50.0;;;;;;Original OSM;146.2;-2.56;asphalt;secondary;Kranichsteiner Straße;1;Kurs 6
Routenpunkt (Way);T;;49.884496;8.667391;50.0;;;;;;Interpoliert (15m);146.0;-1.59;asphalt;secondary;Kranichsteiner Straße;1;Kurs 6
Routenpunkt (Way);T;Kranichsteiner Straße;49.884549;8.667481;50.0;;;;;;Interpoliert;145.8;-0.35;asphalt;secondary;Kranichsteiner Straße;1;Kurs 6
Routenpunkt (Way);T;Kranichsteiner Straße;49.884621;8.66763;50.0;;;;;;Interpoliert;146.0;0.58;asphalt;secondary;Kranichsteiner Straße;1;Kurs 6
Routenpunkt (Way);T;Kranichsteiner Straße;49.884693;8.667779;50.0;;;;;;Interpoliert;146.5;1.49;asphalt;secondary;Kranichsteiner Straße;1;Kurs 6
Routenpunkt (Way);T;Kranichsteiner Straße;49.884765;8.667928;50.0;;;;;;Interpoliert;146.8;2.4;asphalt;secondary;Kranichsteiner Straße;1;Kurs 6
Routenpunkt (Way);T;Kranichsteiner Straße;49.884837;8.668078;50.0;;;;;;Interpoliert;147.1;2.55;asphalt;secondary;Kranichsteiner Straße;1;Kurs 6
Routenpunkt (Way);T;Kranichsteiner Straße;49.884908;8.668227;50.0;;;;;;Interpoliert;147.4;1.95;asphalt;secondary;Kranichsteiner Straße;1;Kurs 6
Routenpunkt (Way);T;Kranichsteiner Straße;49.88498;8.668376;50.0;;;;;;Interpoliert;147.7;1.69;asphalt;secondary;Kranichsteiner Straße;1;Kurs 6
Routenpunkt (Way);T;Kranichsteiner Straße;49.885052;8.668526;50.0;;;;;;Original OSM;147.8;2.02;asphalt;secondary;Kranichsteiner Straße;1;Kurs 6
Routenpunkt (Way);T;Kranichsteiner Straße;49.885123;8.668619;50.0;;;;;;Interpoliert;147.9;2.4;asphalt;secondary;Kranichsteiner Straße;1;Kurs 6
Routenpunkt (Way);T;Kranichsteiner Straße;49.885194;8.668712;50.0;;;;;;Interpoliert;148.3;2.78;asphalt;secondary;Kranichsteiner Straße;1;Kurs 6
Routenpunkt (Way);T;;49.885269;8.668779;50.0;;;;;;Interpoliert (15m);148.7;2.79;asphalt;secondary;Kranichsteiner Straße;1;Kurs 6
Routenpunkt (Way);A;Kranichsteiner Straße (Ampel);49.885344;8.668846;50.0;;;;;;Original OSM;149.1;3.08;asphalt;secondary;Kranichsteiner Straße;1;Kurs 6
Routenpunkt (Way);T;;49.885327;8.669019;50.0;;;;;;Interpoliert (15m);149.2;2.78;asphalt;residential;Schwarzer Weg;1;Kurs 6
Routenpunkt (Way);T;;49.88531;8.669191;50.0;;;;;;Interpoliert (15m);149.5;2.43;asphalt;residential;Schwarzer Weg;1;Kurs 6
Routenpunkt (Way);T;;49.885293;8.669364;50.0;;;;;;Interpoliert (15m);149.8;1.6;asphalt;residential;Schwarzer Weg;1;Kurs 6
Haltestelle;W;Darmstadt Peter-Behrens-Straße;49.885276;8.669537;50.0;07:25:00;07:25:00;Kein Umlauf;Mo,Di,Mi,Do,Fr;446.0;Original GTFS (Snap-Distanz 48m) | Auf Route gesnappt (0m);150.1;1.92;asphalt;residential;Schwarzer Weg;1;Kurs 6
Routenpunkt (Way);T;Schwarzer Weg;49.885276;8.669537;30.0;;;;;;Original OSM;150.4;1.92;asphalt;residential;Schwarzer Weg;1;Kurs 6
Routenpunkt (Way);T;Schwarzer Weg;49.88528;8.669711;30.0;;;;;;Interpoliert;150.7;1.44;asphalt;residential;Schwarzer Weg;1;Kurs 6
Routenpunkt (Way);T;Schwarzer Weg;49.885285;8.669886;30.0;;;;;;Interpoliert;151.0;0.96;asphalt;residential;Schwarzer Weg;1;Kurs 6
Routenpunkt (Way);T;Schwarzer Weg;49.88529;8.67006;30.0;;;;;;Original OSM;151.0;1.13;asphalt;residential;Schwarzer Weg;1;Kurs 6
Routenpunkt (Way);T;;49.885307;8.670219;30.0;;;;;;Interpoliert (15m);151.0;0.85;asphalt;residential;Schwarzer Weg;1;Kurs 6
Routenpunkt (Way);T;Schwarzer Weg;49.885325;8.670377;30.0;;;;;;Original OSM;151.1;0.56;asphalt;residential;Schwarzer Weg;1;Kurs 6
Routenpunkt (Way);T;;49.885354;8.670514;30.0;;;;;;Interpoliert (15m);151.2;0.74;asphalt;residential;Schwarzer Weg;1;Kurs 6
Routenpunkt (Way);T;Schwarzer Weg;49.885384;8.670651;30.0;;;;;;Interpoliert;151.3;0.91;asphalt;residential;Schwarzer Weg;1;Kurs 6
Routenpunkt (Way);T;Schwarzer Weg;49.885424;8.670797;30.0;;;;;;Interpoliert;151.4;1.29;asphalt;residential;Schwarzer Weg;1;Kurs 6
Routenpunkt (Way);T;Schwarzer Weg;49.885464;8.670944;30.0;;;;;;Original OSM;151.5;1.66;asphalt;residential;Schwarzer Weg;1;Kurs 6
Routenpunkt (Way);T;Schwarzer Weg;49.885509;8.671132;30.0;;;;;;Interpoliert;151.9;2.02;asphalt;residential;Schwarzer Weg;1;Kurs 6
Routenpunkt (Way);T;Schwarzer Weg;49.885554;8.67132;30.0;;;;;;Interpoliert;152.3;2.69;asphalt;residential;Schwarzer Weg;1;Kurs 6
Routenpunkt (Way);T;Schwarzer Weg;49.8856;8.671508;30.0;;;;;;Original OSM;152.7;3.36;asphalt;residential;Schwarzer Weg;1;Kurs 6
Routenpunkt (Way);T;;49.885629;8.671632;30.0;;;;;;Interpoliert (15m);153.1;3.55;asphalt;residential;Schwarzer Weg;1;Kurs 6
Routenpunkt (Way);T;Schwarzer Weg;49.885658;8.671755;30.0;;;;;;Original OSM;153.5;3.49;asphalt;residential;Schwarzer Weg;1;Kurs 6
Routenpunkt (Way);T;;49.885684;8.671861;30.0;;;;;;Interpoliert (15m);153.8;3.28;asphalt;residential;Schwarzer Weg;1;Kurs 6
Routenpunkt (Way);T;Schwarzer Weg;49.885709;8.671967;30.0;;;;;;Interpoliert;154.0;2.78;asphalt;residential;Schwarzer Weg;1;Kurs 6
Routenpunkt (Way);T;;49.885745;8.672117;30.0;;;;;;Interpoliert (15m);154.2;2.41;asphalt;residential;Schwarzer Weg;1;Kurs 6
Routenpunkt (Way);T;Schwarzer Weg;49.885781;8.672268;30.0;;;;;;Original OSM;154.4;1.59;asphalt;residential;Schwarzer Weg;1;Kurs 6
Routenpunkt (Way);T;;49.885826;8.672407;30.0;;;;;;Interpoliert (15m);154.67;1.0;asphalt;residential;Schwarzer Weg;1;Kurs 6
Routenpunkt (Way);T;;49.885871;8.672547;30.0;;;;;;Interpoliert (15m);154.62;0.46;asphalt;residential;Schwarzer Weg;1;Kurs 6
Routenpunkt (Way);T;Schwarzer Weg;49.885916;8.672686;30.0;;;;;;Original OSM;154.57;0.14;asphalt;residential;Schwarzer Weg;1;Kurs 6
Haltestelle;W;Darmstadt Alfred-Messel-Weg;49.885945;8.672777;30.0;07:27:00;07:27:00;Kein Umlauf;Mo,Di,Mi,Do,Fr;446.0;Original GTFS (Snap-Distanz 3m) | Auf Route gesnappt (4m);154.5;-0.61;asphalt;residential;Schwarzer Weg;1;Kurs 6
Haltestelle;W;Darmstadt Alfred-Messel-Weg;49.885945;8.672777;30.0;07:41:00;07:41:00;Kein Umlauf;Mo,Di,Mi,Do,Fr;446.0;Original GTFS (Snap-Distanz 3m) | Auf Route gesnappt (4m);154.4;0.67;asphalt;residential;Schwarzer Weg;2;Kurs 6
Routenpunkt (Way);T;Alfred-Messel-Weg;49.885916;8.672686;30.0;;;;;;Interpoliert;154.5;0.62;asphalt;residential;Schwarzer Weg;2;Kurs 6
Routenpunkt (Way);T;;49.885871;8.672547;30.0;;;;;;Interpoliert (15m);154.57;0.57;asphalt;residential;Schwarzer Weg;2;Kurs 6
Routenpunkt (Way);T;;49.885826;8.672407;30.0;;;;;;Interpoliert (15m);154.62;0.11;asphalt;residential;Schwarzer Weg;2;Kurs 6
Routenpunkt (Way);T;Schwarzer Weg;49.885781;8.672268;30.0;;;;;;Original OSM;154.67;-0.51;asphalt;residential;Schwarzer Weg;2;Kurs 6
Routenpunkt (Way);T;;49.885745;8.672117;30.0;;;;;;Interpoliert (15m);154.4;-1.14;asphalt;residential;Schwarzer Weg;2;Kurs 6
Routenpunkt (Way);T;Schwarzer Weg;49.885709;8.671967;30.0;;;;;;Interpoliert;154.2;-1.73;asphalt;residential;Schwarzer Weg;2;Kurs 6
Routenpunkt (Way);T;;49.885684;8.671861;30.0;;;;;;Interpoliert (15m);154.0;-2.44;asphalt;residential;Schwarzer Weg;2;Kurs 6
Routenpunkt (Way);T;Schwarzer Weg;49.885658;8.671755;30.0;;;;;;Original OSM;153.8;-2.82;asphalt;residential;Schwarzer Weg;2;Kurs 6
Routenpunkt (Way);T;;49.885629;8.671632;30.0;;;;;;Interpoliert (15m);153.5;-3.03;asphalt;residential;Schwarzer Weg;2;Kurs 6
Routenpunkt (Way);T;Schwarzer Weg;49.8856;8.671508;30.0;;;;;;Original OSM;153.1;-3.09;asphalt;residential;Schwarzer Weg;2;Kurs 6
Routenpunkt (Way);T;Schwarzer Weg;49.885554;8.67132;30.0;;;;;;Interpoliert;152.7;-3.15;asphalt;residential;Schwarzer Weg;2;Kurs 6
Routenpunkt (Way);T;Schwarzer Weg;49.885509;8.671132;30.0;;;;;;Interpoliert;152.3;-3.22;asphalt;residential;Schwarzer Weg;2;Kurs 6
Routenpunkt (Way);T;Schwarzer Weg;49.885464;8.670944;30.0;;;;;;Original OSM;151.9;-2.55;asphalt;residential;Schwarzer Weg;2;Kurs 6
Routenpunkt (Way);T;Schwarzer Weg;49.885424;8.670797;30.0;;;;;;Interpoliert;151.5;-2.18;asphalt;residential;Schwarzer Weg;2;Kurs 6
Routenpunkt (Way);T;Schwarzer Weg;49.885384;8.670651;30.0;;;;;;Interpoliert;151.4;-1.82;asphalt;residential;Schwarzer Weg;2;Kurs 6
Routenpunkt (Way);T;;49.885354;8.670514;30.0;;;;;;Interpoliert (15m);151.3;-1.44;asphalt;residential;Schwarzer Weg;2;Kurs 6
Routenpunkt (Way);T;Schwarzer Weg;49.885325;8.670377;30.0;;;;;;Original OSM;151.2;-0.91;asphalt;residential;Schwarzer Weg;2;Kurs 6
Routenpunkt (Way);T;;49.885307;8.670219;30.0;;;;;;Interpoliert (15m);151.1;-0.73;asphalt;residential;Schwarzer Weg;2;Kurs 6
Routenpunkt (Way);T;Schwarzer Weg;49.88529;8.67006;30.0;;;;;;Original OSM;151.0;-0.54;asphalt;residential;Schwarzer Weg;2;Kurs 6
Routenpunkt (Way);T;Schwarzer Weg;49.885285;8.669886;30.0;;;;;;Interpoliert;151.0;-0.83;asphalt;residential;Schwarzer Weg;2;Kurs 6
Routenpunkt (Way);T;Schwarzer Weg;49.88528;8.669711;30.0;;;;;;Interpoliert;151.0;-0.65;asphalt;residential;Schwarzer Weg;2;Kurs 6
Routenpunkt (Way);T;Schwarzer Weg;49.885276;8.669537;30.0;;;;;;Original OSM;150.7;-1.04;asphalt;residential;Schwarzer Weg;2;Kurs 6
Haltestelle;W;Darmstadt Peter-Behrens-Straße;49.885276;8.669537;30.0;07:42:00;07:42:00;Kein Umlauf;Mo,Di,Mi,Do,Fr;446.0;Original GTFS (Snap-Distanz 0m) | Auf Route gesnappt (0m);150.4;-1.59;asphalt;residential;Schwarzer Weg;2;Kurs 6
Routenpunkt (Way);T;;49.885284;8.669387;30.0;;;;;;Interpoliert (15m);150.1;-2.19;asphalt;residential;Schwarzer Weg;2;Kurs 6
Routenpunkt (Way);T;Schwarzer Weg;49.885292;8.669237;30.0;;;;;;Original OSM;149.8;-2.31;asphalt;residential;Schwarzer Weg;2;Kurs 6
Routenpunkt (Way);T;;49.885279;8.669098;30.0;;;;;;Interpoliert (15m);149.5;-2.49;asphalt;residential;Schwarzer Weg;2;Kurs 6
Routenpunkt (Way);A;Schwarzer Weg (Ampel);49.885266;8.668959;30.0;;;;;;Interpoliert;149.2;-2.7;asphalt;residential;Schwarzer Weg;2;Kurs 6
Routenpunkt (Way);T;Schwarzer Weg;49.885266;8.668804;30.0;;;;;;Original OSM;149.1;-2.92;asphalt;residential;Schwarzer Weg;2;Kurs 6
Routenpunkt (Way);T;Kranichsteiner Straße;49.885194;8.668712;50.0;;;;;;Interpoliert;148.7;-3.1;asphalt;secondary;Kranichsteiner Straße;2;Kurs 6
Routenpunkt (Way);T;Kranichsteiner Straße;49.885123;8.668619;50.0;;;;;;Interpoliert;148.3;-2.65;asphalt;secondary;Kranichsteiner Straße;2;Kurs 6
Routenpunkt (Way);T;Kranichsteiner Straße;49.885052;8.668526;50.0;;;;;;Original OSM;147.9;-2.62;asphalt;secondary;Kranichsteiner Straße;2;Kurs 6
Routenpunkt (Way);T;Kranichsteiner Straße;49.88498;8.668376;50.0;;;;;;Interpoliert;147.8;-2.3;asphalt;secondary;Kranichsteiner Straße;2;Kurs 6
Routenpunkt (Way);T;Kranichsteiner Straße;49.884908;8.668227;50.0;;;;;;Interpoliert;147.7;-1.97;asphalt;secondary;Kranichsteiner Straße;2;Kurs 6
Routenpunkt (Way);T;Kranichsteiner Straße;49.884837;8.668078;50.0;;;;;;Interpoliert;147.4;-1.65;asphalt;secondary;Kranichsteiner Straße;2;Kurs 6
Routenpunkt (Way);T;Kranichsteiner Straße;49.884765;8.667928;50.0;;;;;;Interpoliert;147.1;-1.95;asphalt;secondary;Kranichsteiner Straße;2;Kurs 6
Routenpunkt (Way);T;Kranichsteiner Straße;49.884693;8.667779;50.0;;;;;;Interpoliert;146.8;-2.55;asphalt;secondary;Kranichsteiner Straße;2;Kurs 6
Routenpunkt (Way);T;Kranichsteiner Straße;49.884621;8.66763;50.0;;;;;;Interpoliert;146.5;-2.56;asphalt;secondary;Kranichsteiner Straße;2;Kurs 6
Routenpunkt (Way);T;Kranichsteiner Straße;49.884549;8.667481;50.0;;;;;;Interpoliert;146.0;-1.65;asphalt;secondary;Kranichsteiner Straße;2;Kurs 6
Routenpunkt (Way);T;;49.884496;8.667391;50.0;;;;;;Interpoliert (15m);145.8;-0.71;asphalt;secondary;Kranichsteiner Straße;2;Kurs 6
Routenpunkt (Way);T;Kranichsteiner Straße;49.884443;8.667301;50.0;;;;;;Original OSM;146.0;0.23;asphalt;secondary;Kranichsteiner Straße;2;Kurs 6
Routenpunkt (Way);T;;49.884378;8.667249;50.0;;;;;;Interpoliert (15m);146.2;1.31;asphalt;secondary;Kranichsteiner Straße;2;Kurs 6
Routenpunkt (Way);T;Kranichsteiner Straße;49.884312;8.667197;50.0;;;;;;Interpoliert;146.4;2.44;asphalt;secondary;Kranichsteiner Straße;2;Kurs 6
Routenpunkt (Way);T;Kranichsteiner Straße;49.884215;8.667124;50.0;;;;;;Interpoliert;146.6;2.58;asphalt;secondary;Kranichsteiner Straße;2;Kurs 6
Routenpunkt (Way);T;Kranichsteiner Straße;49.884118;8.667051;50.0;;;;;;Original OSM;147.0;2.39;asphalt;secondary;Kranichsteiner Straße;2;Kurs 6
Routenpunkt (Way);T;Kranichsteiner Straße;49.884008;8.666979;50.0;;;;;;Interpoliert;147.4;2.2;asphalt;secondary;Kranichsteiner Straße;2;Kurs 6
Routenpunkt (Way);T;Kranichsteiner Straße;49.883897;8.666907;50.0;;;;;;Interpoliert;147.6;2.92;asphalt;secondary;Kranichsteiner Straße;2;Kurs 6
Routenpunkt (Way);T;Kranichsteiner Straße;49.883787;8.666835;50.0;;;;;;Interpoliert;147.8;3.3;asphalt;secondary;Kranichsteiner Straße;2;Kurs 6
Routenpunkt (Way);T;Kranichsteiner Straße;49.883676;8.666763;50.0;;;;;;Interpoliert;148.5;3.25;asphalt;secondary;Kranichsteiner Straße;2;Kurs 6
Routenpunkt (Way);T;Kranichsteiner Straße;49.883566;8.666692;50.0;;;;;;Original OSM;149.2;3.55;asphalt;secondary;Kranichsteiner Straße;2;Kurs 6
Routenpunkt (Way);T;Kranichsteiner Straße;49.883474;8.66664;50.0;;;;;;Interpoliert;149.5;3.84;asphalt;secondary;Kranichsteiner Straße;2;Kurs 6
Routenpunkt (Way);T;;49.883389;8.666589;50.0;;;;;;Interpoliert (15m);149.8;3.35;asphalt;secondary;Kranichsteiner Straße;2;Kurs 6
Routenpunkt (Way);T;Kranichsteiner Straße;49.883303;8.666538;50.0;;;;;;Original OSM;150.1;2.86;asphalt;secondary;Kranichsteiner Straße;2;Kurs 6
Routenpunkt (Way);T;;49.883215;8.666482;50.0;;;;;;Interpoliert (15m);150.4;2.81;asphalt;secondary;Kranichsteiner Straße;2;Kurs 6
Routenpunkt (Way);T;Kranichsteiner Straße;49.883126;8.666427;50.0;;;;;;Interpoliert;150.7;2.93;asphalt;secondary;Kranichsteiner Straße;2;Kurs 6
Routenpunkt (Way);T;Kranichsteiner Straße;49.883027;8.666364;50.0;;;;;;Interpoliert;151.0;3.05;asphalt;secondary;Kranichsteiner Straße;2;Kurs 6
Routenpunkt (Way);T;;49.882933;8.666307;50.0;;;;;;Interpoliert (15m);151.4;2.31;asphalt;secondary;Kranichsteiner Straße;2;Kurs 6
Routenpunkt (Way);T;;49.882839;8.666249;50.0;;;;;;Interpoliert (15m);151.8;1.62;asphalt;secondary;Kranichsteiner Straße;2;Kurs 6
Routenpunkt (Way);T;Kranichsteiner Straße;49.882745;8.666191;50.0;;;;;;Original OSM;151.7;0.84;asphalt;secondary;Kranichsteiner Straße;2;Kurs 6
Routenpunkt (Way);T;;49.882621;8.666117;50.0;;;;;;Interpoliert (15m);151.6;-0.14;asphalt;secondary;Kranichsteiner Straße;2;Kurs 6
Routenpunkt (Way);T;Kranichsteiner Straße;49.882498;8.666043;50.0;;;;;;Interpoliert;151.4;-1.12;asphalt;secondary;Kranichsteiner Straße;2;Kurs 6
Routenpunkt (Way);T;;49.882376;8.665951;50.0;;;;;;Interpoliert (15m);151.2;-1.35;asphalt;secondary;Kranichsteiner Straße;2;Kurs 6
Routenpunkt (Way);T;Kranichsteiner Straße;49.882255;8.665859;50.0;;;;;;Original OSM;151.0;-1.62;asphalt;secondary;Kranichsteiner Straße;2;Kurs 6
Routenpunkt (Way);T;;49.882168;8.665834;50.0;;;;;;Interpoliert (15m);150.8;-1.35;asphalt;secondary;Kranichsteiner Straße;2;Kurs 6
Routenpunkt (Way);T;Kranichsteiner Straße;49.882082;8.66581;50.0;;;;;;Original OSM;150.6;-0.51;asphalt;secondary;Kranichsteiner Straße;2;Kurs 6
Haltestelle;W;Darmstadt Am Karlshof;49.882082;8.66581;50.0;07:44:00;07:44:00;Kein Umlauf;Mo,Di,Mi,Do,Fr;446.0;Original GTFS (Snap-Distanz 2m) | Auf Route gesnappt (2m);150.4;0.33;asphalt;secondary;Kranichsteiner Straße;2;Kurs 6
Routenpunkt (Way);T;Kranichsteiner Straße;49.881962;8.66575;50.0;;;;;;Interpoliert;150.8;1.67;asphalt;secondary;Kranichsteiner Straße;2;Kurs 6
Routenpunkt (Way);T;Kranichsteiner Straße;49.881841;8.665695;50.0;;;;;;Original OSM;151.2;3.02;asphalt;secondary;Kranichsteiner Straße;2;Kurs 6
Routenpunkt (Way);T;;49.881769;8.665654;50.0;;;;;;Interpoliert (15m);151.6;3.96;asphalt;secondary;Kranichsteiner Straße;2;Kurs 6
Routenpunkt (Way);A;Kranichsteiner Straße (Ampel);49.881697;8.665612;50.0;;;;;;Original OSM;152.0;4.33;asphalt;secondary;Kranichsteiner Straße;2;Kurs 6
Routenpunkt (Way);T;;49.881608;8.665558;50.0;;;;;;Interpoliert (15m);152.5;4.44;asphalt;secondary;Kranichsteiner Straße;2;Kurs 6
Routenpunkt (Way);T;Kranichsteiner Straße;49.881519;8.665504;30.0;;;;;;Interpoliert;153.0;4.19;asphalt;secondary;Kranichsteiner Straße;2;Kurs 6
Routenpunkt (Way);T;Kranichsteiner Straße;49.881397;8.665431;30.0;;;;;;Interpoliert;153.5;4.36;asphalt;secondary;Kranichsteiner Straße;2;Kurs 6
Routenpunkt (Way);T;Kranichsteiner Straße;49.881275;8.665357;30.0;;;;;;Interpoliert;154.0;4.51;asphalt;secondary;Kranichsteiner Straße;2;Kurs 6
Routenpunkt (Way);T;Kranichsteiner Straße;49.881153;8.665284;30.0;;;;;;Interpoliert;154.8;4.03;asphalt;secondary;Kranichsteiner Straße;2;Kurs 6
Routenpunkt (Way);T;Kranichsteiner Straße;49.881031;8.66521;30.0;;;;;;Original OSM;155.6;3.93;asphalt;secondary;Kranichsteiner Straße;2;Kurs 6
Routenpunkt (Way);T;Kranichsteiner Straße;49.880928;8.665122;30.0;;;;;;Original OSM;155.9;3.66;asphalt;secondary;Kranichsteiner Straße;2;Kurs 6
Routenpunkt (Way);T;Kranichsteiner Straße;49.88085;8.665046;30.0;;;;;;Original OSM;156.2;2.99;asphalt;secondary;Kranichsteiner Straße;2;Kurs 6
Routenpunkt (Way);T;Kranichsteiner Straße;49.880741;8.664943;30.0;;;;;;Interpoliert;156.5;2.42;asphalt;secondary;Kranichsteiner Straße;2;Kurs 6
Routenpunkt (Way);T;Kranichsteiner Straße;49.880632;8.664839;30.0;;;;;;Interpoliert;156.8;2.49;asphalt;secondary;Kranichsteiner Straße;2;Kurs 6
Routenpunkt (Way);T;;49.88055;8.664744;30.0;;;;;;Interpoliert (15m);157.1;2.58;asphalt;secondary;Kranichsteiner Straße;2;Kurs 6
Routenpunkt (Way);T;Kranichsteiner Straße;49.880468;8.664649;30.0;;;;;;Original OSM;157.4;2.84;asphalt;secondary;Kranichsteiner Straße;2;Kurs 6
Routenpunkt (Way);T;;49.880408;8.664569;30.0;;;;;;Interpoliert (15m);157.7;1.79;asphalt;secondary;Kranichsteiner Straße;2;Kurs 6
Haltestelle;W;Darmstadt Taunusplatz;49.880348;8.664489;30.0;07:45:00;07:45:00;Kein Umlauf;Mo,Di,Mi,Do,Fr;446.0;Original GTFS (Snap-Distanz 2m) | Auf Route gesnappt (3m);158.0;0.96;asphalt;secondary;Kranichsteiner Straße;2;Kurs 6
Routenpunkt (Way);T;Taunusplatz;49.8803;8.664439;30.0;;;;;;Interpoliert;157.8;0.13;asphalt;secondary;Kranichsteiner Straße;2;Kurs 6
Routenpunkt (Way);T;;49.880197;8.664348;30.0;;;;;;Interpoliert (15m);157.6;-0.96;asphalt;secondary;Kranichsteiner Straße;2;Kurs 6
Routenpunkt (Way);T;Kranichsteiner Straße;49.880093;8.664256;30.0;;;;;;Original OSM;157.4;-2.05;asphalt;secondary;Kranichsteiner Straße;2;Kurs 6
Routenpunkt (Way);T;;49.880017;8.664188;30.0;;;;;;Interpoliert (15m);157.2;-1.81;asphalt;secondary;Kranichsteiner Straße;2;Kurs 6
Routenpunkt (Way);T;Kranichsteiner Straße;49.879941;8.664119;30.0;;;;;;Interpoliert;157.0;-1.9;asphalt;secondary;Kranichsteiner Straße;2;Kurs 6
Routenpunkt (Way);T;Kranichsteiner Straße;49.879864;8.664039;30.0;;;;;;Interpoliert;156.8;-1.93;asphalt;secondary;Kranichsteiner Straße;2;Kurs 6
Routenpunkt (Way);T;Kranichsteiner Straße;49.879788;8.663959;30.0;;;;;;Original OSM;156.6;-1.85;asphalt;secondary;Kranichsteiner Straße;2;Kurs 6
Routenpunkt (Way);T;Kranichsteiner Straße;49.879698;8.663866;30.0;;;;;;Interpoliert;156.4;-1.61;asphalt;secondary;Kranichsteiner Straße;2;Kurs 6
Routenpunkt (Way);T;Kranichsteiner Straße;49.879607;8.663772;30.0;;;;;;Interpoliert;156.2;-1.05;asphalt;secondary;Kranichsteiner Straße;2;Kurs 6
Routenpunkt (Way);T;Kranichsteiner Straße;49.879517;8.663679;30.0;;;;;;Interpoliert;156.1;-0.51;asphalt;secondary;Kranichsteiner Straße;2;Kurs 6
Routenpunkt (Way);T;Kranichsteiner Straße;49.879426;8.663586;30.0;;;;;;Original OSM;156.2;-0.02;asphalt;secondary;Kranichsteiner Straße;2;Kurs 6
Routenpunkt (Way);T;Kranichsteiner Straße;49.879338;8.663472;30.0;;;;;;Interpoliert;156.3;0.46;asphalt;secondary;Kranichsteiner Straße;2;Kurs 6
Routenpunkt (Way);A;Ampel;49.879251;8.663347;30.0;;;;;;Interpoliert (15m);156.4;0.76;asphalt;secondary;Kranichsteiner Straße;2;Kurs 6
Routenpunkt (Way);T;Kranichsteiner Straße;49.879163;8.663222;30.0;;;;;;Original OSM;156.5;0.18;asphalt;secondary;Kranichsteiner Straße;2;Kurs 6
Routenpunkt (Way);T;;49.879074;8.663075;30.0;;;;;;Interpoliert (15m);156.6;-0.53;asphalt;secondary;Kranichsteiner Straße;2;Kurs 6
Routenpunkt (Way);T;Kranichsteiner Straße;49.878985;8.662929;30.0;;;;;;Interpoliert;156.3;-1.23;asphalt;secondary;Kranichsteiner Straße;2;Kurs 6
Routenpunkt (Way);T;Kranichsteiner Straße;49.878919;8.662816;30.0;;;;;;Interpoliert;156.0;-1.78;asphalt;secondary;Kranichsteiner Straße;2;Kurs 6
Routenpunkt (Way);T;Kranichsteiner Straße;49.878854;8.662703;30.0;;;;;;Original OSM;155.7;-2.46;asphalt;secondary;Kranichsteiner Straße;2;Kurs 6
Routenpunkt (Way);T;Kranichsteiner Straße;49.878759;8.662557;30.0;;;;;;Interpoliert;155.4;-2.23;asphalt;secondary;Kranichsteiner Straße;2;Kurs 6
Routenpunkt (Way);T;Kranichsteiner Straße;49.878664;8.66241;30.0;;;;;;Original OSM;155.0;-1.87;asphalt;secondary;Kranichsteiner Straße;2;Kurs 6
Routenpunkt (Way);T;Kranichsteiner Straße;49.878594;8.662311;30.0;;;;;;Interpoliert;154.9;-1.76;asphalt;secondary;Kranichsteiner Straße;2;Kurs 6
Routenpunkt (Way);T;Kranichsteiner Straße;49.878524;8.662212;30.0;;;;;;Interpoliert;154.8;-1.8;asphalt;secondary;Kranichsteiner Straße;2;Kurs 6
Routenpunkt (Way);T;;49.878439;8.662076;30.0;;;;;;Interpoliert (15m);154.5;-1.7;asphalt;secondary;Kranichsteiner Straße;2;Kurs 6
Routenpunkt (Way);T;Kranichsteiner Straße;49.878354;8.66194;30.0;;;;;;Original OSM;154.2;-1.32;asphalt;secondary;Kranichsteiner Straße;2;Kurs 6
Haltestelle;W;Darmstadt Kopernikusplatz;49.878248;8.661836;30.0;07:46:00;07:46:00;Kein Umlauf;Mo,Di,Mi,Do,Fr;446.0;Original GTFS (Snap-Distanz 6m) | Auf Route gesnappt (6m);153.9;-0.95;asphalt;secondary;Kranichsteiner Straße;2;Kurs 6
Routenpunkt (Way);T;Kranichsteiner Straße;49.878176;8.661734;30.0;;;;;;Original OSM;154.0;-0.33;asphalt;secondary;Kranichsteiner Straße;2;Kurs 6
Routenpunkt (Way);T;;49.878119;8.661607;30.0;;;;;;Interpoliert (15m);154.1;0.29;asphalt;secondary;Kranichsteiner Straße;2;Kurs 6
Routenpunkt (Way);T;;49.878061;8.661481;30.0;;;;;;Interpoliert (15m);154.2;1.36;paving_stones;service;;2;Kurs 6
Routenpunkt (Way);T;Kranichsteiner Straße;49.878003;8.661354;30.0;;;;;;Original OSM;154.3;1.34;paving_stones;service;;2;Kurs 6
Routenpunkt (Way);T;;49.87789;8.661348;30.0;;;;;;Interpoliert (15m);154.7;1.31;asphalt;secondary;Heinheimer Straße;2;Kurs 6
Routenpunkt (Way);A;Ampel;49.877777;8.661342;30.0;;;;;;Interpoliert (15m);154.8;1.55;asphalt;secondary;Heinheimer Straße;2;Kurs 6
Routenpunkt (Way);T;Heinheimer Straße;49.877664;8.661337;30.0;;;;;;Interpoliert;154.9;1.78;asphalt;secondary;Heinheimer Straße;2;Kurs 6
Routenpunkt (Way);T;Heinheimer Straße;49.877535;8.661367;30.0;;;;;;Interpoliert;155.2;1.55;asphalt;secondary;Heinheimer Straße;2;Kurs 6
Routenpunkt (Way);T;Heinheimer Straße;49.877405;8.661398;30.0;;;;;;Interpoliert;155.5;1.8;asphalt;secondary;Heinheimer Straße;2;Kurs 6
Routenpunkt (Way);T;Heinheimer Straße;49.877275;8.661429;30.0;;;;;;Interpoliert;155.8;2.33;asphalt;secondary;Heinheimer Straße;2;Kurs 6
Routenpunkt (Way);T;Heinheimer Straße;49.877145;8.66146;30.0;;;;;;Interpoliert;156.1;3.19;asphalt;secondary;Heinheimer Straße;2;Kurs 6
Routenpunkt (Way);T;Heinheimer Straße;49.877015;8.66149;30.0;;;;;;Interpoliert;156.6;4.06;asphalt;secondary;Heinheimer Straße;2;Kurs 6
Routenpunkt (Way);T;;49.876945;8.661507;30.0;;;;;;Interpoliert (15m);157.1;3.96;asphalt;secondary;Heinheimer Straße;2;Kurs 6
Routenpunkt (Way);T;Heinheimer Straße;49.876876;8.661523;30.0;;;;;;Original OSM;157.6;3.89;asphalt;secondary;Heinheimer Straße;2;Kurs 6
Routenpunkt (Way);T;Heinheimer Straße;49.876762;8.661547;30.0;;;;;;Interpoliert;157.8;3.55;asphalt;secondary;Heinheimer Straße;2;Kurs 6
Routenpunkt (Way);T;Heinheimer Straße;49.876657;8.661569;30.0;;;;;;Interpoliert;158.0;2.58;asphalt;secondary;Heinheimer Straße;2;Kurs 6
Routenpunkt (Way);T;Heinheimer Straße;49.876553;8.661591;30.0;;;;;;Interpoliert;158.2;1.81;asphalt;secondary;Heinheimer Straße;2;Kurs 6
Routenpunkt (Way);T;Heinheimer Straße;49.876437;8.66162;30.0;;;;;;Original OSM;158.4;2.01;asphalt;secondary;Heinheimer Straße;2;Kurs 6
Routenpunkt (Way);T;;49.876366;8.661619;30.0;;;;;;Interpoliert (15m);158.6;2.08;asphalt;secondary;Heinheimer Straße;2;Kurs 6
Routenpunkt (Way);T;Heinheimer Straße;49.876296;8.661618;30.0;;;;;;Original OSM;158.8;0.92;asphalt;secondary;Dieburger Straße;2;Kurs 6
Routenpunkt (Way);T;;49.87624;8.661512;30.0;;;;;;Interpoliert (15m);159.0;0.13;asphalt;secondary;Dieburger Straße;2;Kurs 6
Routenpunkt (Way);T;Dieburger Straße;49.876184;8.661406;50.0;;;;;;Interpoliert;158.6;-0.8;asphalt;secondary;Dieburger Straße;2;Kurs 6
Routenpunkt (Way);T;Dieburger Straße;49.876116;8.661268;50.0;;;;;;Interpoliert;158.3;-1.73;asphalt;secondary;Dieburger Straße;2;Kurs 6
Routenpunkt (Way);T;;49.876036;8.661111;50.0;;;;;;Interpoliert (15m);158.0;-2.54;asphalt;secondary;Dieburger Straße;2;Kurs 6
Routenpunkt (Way);T;Dieburger Straße;49.875956;8.660955;50.0;;;;;;Original OSM;157.7;-2.13;asphalt;secondary;Dieburger Straße;2;Kurs 6
Routenpunkt (Way);T;;49.875887;8.660778;50.0;;;;;;Interpoliert (15m);157.4;-2.19;asphalt;secondary;Alexanderstraße;2;Kurs 6
Routenpunkt (Way);T;Alexanderstraße;49.875819;8.660601;50.0;;;;;;Original OSM;157.1;-3.03;asphalt;secondary;Alexanderstraße;2;Kurs 6
Haltestelle;W;Darmstadt Alexanderstraße/TU;49.875741;8.660502;50.0;07:48:00;07:48:00;Kein Umlauf;Mo,Di,Mi,Do,Fr;446.0;Original GTFS (Snap-Distanz 3m) | Auf Route gesnappt (3m);156.8;-3.29;asphalt;secondary;Alexanderstraße;2;Kurs 6
Routenpunkt (Way);T;Alexanderstraße/TU;49.875778;8.660468;50.0;;;;;;Original OSM;156.5;-4.2;asphalt;secondary;Alexanderstraße;2;Kurs 6
Routenpunkt (Way);T;Alexanderstraße;49.875673;8.660341;50.0;;;;;;Original OSM;156.0;-4.06;asphalt;secondary;Alexanderstraße;2;Kurs 6
Routenpunkt (Way);T;;49.875634;8.660254;50.0;;;;;;Interpoliert (15m);155.5;-3.9;asphalt;secondary;Alexanderstraße;2;Kurs 6
Routenpunkt (Way);T;Alexanderstraße;49.875595;8.660168;50.0;;;;;;Interpoliert;155.4;-2.94;asphalt;secondary;Alexanderstraße;2;Kurs 6
Routenpunkt (Way);T;Alexanderstraße;49.875538;8.660047;50.0;;;;;;Original OSM;155.2;-2.57;asphalt;secondary;Alexanderstraße;2;Kurs 6
Routenpunkt (Way);T;;49.875472;8.659896;50.0;;;;;;Interpoliert (15m);155.0;-1.58;asphalt;secondary;Alexanderstraße;2;Kurs 6
Routenpunkt (Way);T;Alexanderstraße;49.875406;8.659744;50.0;;;;;;Original OSM;154.8;-1.66;asphalt;secondary;Alexanderstraße;2;Kurs 6
Routenpunkt (Way);T;;49.875355;8.659598;50.0;;;;;;Interpoliert (15m);154.6;-1.62;asphalt;secondary;Alexanderstraße;2;Kurs 6
Routenpunkt (Way);T;;49.875305;8.659452;50.0;;;;;;Interpoliert (15m);154.4;-1.81;asphalt;secondary;Alexanderstraße;2;Kurs 6
Routenpunkt (Way);T;Alexanderstraße;49.875255;8.659305;50.0;;;;;;Original OSM;154.2;-1.5;asphalt;secondary;Alexanderstraße;2;Kurs 6
Routenpunkt (Way);T;;49.87523;8.659199;50.0;;;;;;Interpoliert (15m);154.0;-1.31;asphalt;secondary;Alexanderstraße;2;Kurs 6
Routenpunkt (Way);T;Alexanderstraße;49.875206;8.659092;50.0;;;;;;Original OSM;154.0;-1.42;asphalt;secondary;Alexanderstraße;2;Kurs 6
Routenpunkt (Way);T;Alexanderstraße;49.875164;8.658913;50.0;;;;;;Interpoliert;153.9;-1.6;asphalt;secondary;Alexanderstraße;2;Kurs 6
Routenpunkt (Way);T;Alexanderstraße;49.875122;8.658734;50.0;;;;;;Original OSM;153.6;-1.6;asphalt;secondary;Alexanderstraße;2;Kurs 6
Routenpunkt (Way);T;Alexanderstraße;49.875089;8.658583;50.0;;;;;;Original OSM;153.3;-2.29;asphalt;secondary;Alexanderstraße;2;Kurs 6
Routenpunkt (Way);T;Alexanderstraße;49.87505;8.658425;50.0;;;;;;Original OSM;153.0;-2.82;asphalt;secondary;Alexanderstraße;2;Kurs 6
Routenpunkt (Way);T;;49.875023;8.65831;50.0;;;;;;Interpoliert (15m);152.7;-3.25;asphalt;secondary;Alexanderstraße;2;Kurs 6
Routenpunkt (Way);T;Alexanderstraße;49.874996;8.658194;50.0;;;;;;Original OSM;152.4;-3.59;asphalt;secondary;Alexanderstraße;2;Kurs 6
Routenpunkt (Way);T;;49.874968;8.658073;50.0;;;;;;Interpoliert (15m);152.0;-3.68;asphalt;secondary;Alexanderstraße;2;Kurs 6
Routenpunkt (Way);T;Alexanderstraße;49.87494;8.657952;50.0;;;;;;Interpoliert;151.6;-3.72;asphalt;secondary;Alexanderstraße;2;Kurs 6
Routenpunkt (Way);T;Alexanderstraße;49.874897;8.65777;50.0;;;;;;Interpoliert;151.2;-3.58;asphalt;secondary;Alexanderstraße;2;Kurs 6
Routenpunkt (Way);T;;49.874863;8.657626;50.0;;;;;;Interpoliert (15m);150.8;-2.9;asphalt;secondary;Alexanderstraße;2;Kurs 6
Routenpunkt (Way);T;;49.874829;8.657482;50.0;;;;;;Interpoliert (15m);150.5;-2.21;asphalt;secondary;Alexanderstraße;2;Kurs 6
Routenpunkt (Way);T;Alexanderstraße;49.874795;8.657337;50.0;;;;;;Original OSM;150.4;-1.82;asphalt;secondary;Alexanderstraße;2;Kurs 6
Routenpunkt (Way);T;;49.874762;8.657195;50.0;;;;;;Interpoliert (15m);150.3;-1.3;asphalt;secondary;Alexanderstraße;2;Kurs 6
Routenpunkt (Way);T;Alexanderstraße;49.874729;8.657054;50.0;;;;;;Interpoliert;150.2;-0.97;asphalt;secondary;Alexanderstraße;2;Kurs 6
Routenpunkt (Way);T;;49.874701;8.656927;50.0;;;;;;Interpoliert (15m);150.1;-0.79;asphalt;secondary;Alexanderstraße;2;Kurs 6
Routenpunkt (Way);T;Alexanderstraße;49.874673;8.656799;50.0;;;;;;Original OSM;150.0;-0.6;asphalt;secondary;Alexanderstraße;2;Kurs 6
Routenpunkt (Way);T;;49.87465;8.656654;50.0;;;;;;Interpoliert (15m);150.0;-0.42;asphalt;secondary;Alexanderstraße;2;Kurs 6
Routenpunkt (Way);T;Alexanderstraße;49.874627;8.656509;50.0;;;;;;Interpoliert;150.0;-0.21;asphalt;secondary;Alexanderstraße;2;Kurs 6
Routenpunkt (Way);T;Alexanderstraße;49.874603;8.656333;50.0;;;;;;Interpoliert;150.0;0.0;asphalt;secondary;Alexanderstraße;2;Kurs 6
Routenpunkt (Way);A;Ampel;49.874586;8.656209;50.0;;;;;;Interpoliert (15m);150.0;0.0;asphalt;secondary;Alexanderstraße;2;Kurs 6
Routenpunkt (Way);T;Alexanderstraße;49.874569;8.656085;50.0;;;;;;Original OSM;150.0;-0.44;asphalt;secondary;Alexanderstraße;2;Kurs 6
Routenpunkt (Way);T;;49.874543;8.655964;50.0;;;;;;Interpoliert (15m);150.0;-0.77;asphalt;secondary;Alexanderstraße;2;Kurs 6
Routenpunkt (Way);T;Unbekannt;49.874518;8.655843;50.0;;;;;;Interpoliert;149.8;-1.1;asphalt;busway;;2;Kurs 6
Routenpunkt (Way);T;;49.874415;8.655901;50.0;;;;;;Interpoliert (15m);149.6;-1.44;asphalt;busway;;2;Kurs 6
Routenpunkt (Way);T;Unbekannt;49.874313;8.655958;50.0;;;;;;Original OSM;149.4;-1.78;paving_stones;busway;;2;Kurs 6
Routenpunkt (Way);T;;49.874212;8.656003;50.0;;;;;;Interpoliert (15m);149.2;-1.71;paving_stones;busway;;2;Kurs 6
Routenpunkt (Way);T;Schlossgraben;49.874111;8.656048;50.0;;;;;;Interpoliert;149.0;-1.76;paving_stones;busway;Schlossgraben;2;Kurs 6
Routenpunkt (Way);T;Schlossgraben;49.874015;8.656081;50.0;;;;;;Interpoliert;148.8;-1.8;paving_stones;busway;Schlossgraben;2;Kurs 6
Routenpunkt (Way);T;;49.873921;8.656112;50.0;;;;;;Interpoliert (15m);148.6;-1.46;paving_stones;busway;Schlossgraben;2;Kurs 6
Routenpunkt (Way);T;;49.873827;8.656144;50.0;;;;;;Interpoliert (15m);148.4;-1.11;paving_stones;busway;Schlossgraben;2;Kurs 6
Routenpunkt (Way);T;Schlossgraben;49.873734;8.656175;50.0;;;;;;Original OSM;148.4;-0.46;paving_stones;busway;Schlossgraben;2;Kurs 6
Routenpunkt (Way);T;;49.87361;8.656215;50.0;;;;;;Interpoliert (15m);148.4;0.3;paving_stones;busway;Schlossgraben;2;Kurs 6
Routenpunkt (Way);T;Schlossgraben;49.873486;8.656255;50.0;;;;;;Interpoliert;148.6;1.51;paving_stones;busway;Schlossgraben;2;Kurs 6
Routenpunkt (Way);T;Schlossgraben;49.873397;8.656284;50.0;;;;;;Original OSM;148.8;2.34;paving_stones;busway;Schlossgraben;2;Kurs 6
Routenpunkt (Way);T;;49.873293;8.656237;50.0;;;;;;Interpoliert (15m);149.3;3.17;paving_stones;busway;Schlossgraben;2;Kurs 6
Routenpunkt (Way);T;;49.873189;8.656191;50.0;;;;;;Interpoliert (15m);149.8;3.6;sett;busway;Schlossgraben;2;Kurs 6
Routenpunkt (Way);T;Schlossgraben;49.873085;8.656144;50.0;;;;;;Original OSM;150.3;3.92;sett;busway;Schlossgraben;2;Kurs 6
Routenpunkt (Way);T;;49.873042;8.65596;30.0;;;;;;Interpoliert (15m);150.8;3.79;sett;unclassified;Marktplatz;2;Kurs 6
Routenpunkt (Way);T;;49.872998;8.655775;30.0;;;;;;Interpoliert (15m);151.3;3.45;sett;unclassified;Marktplatz;2;Kurs 6
Routenpunkt (Way);T;Schloss;49.872955;8.655591;30.0;;;;;;Original OSM;151.8;2.78;sett;unclassified;Marktplatz;2;Kurs 6
Routenpunkt (Way);T;;49.872907;8.655436;30.0;;;;;;Interpoliert (15m);152.1;2.07;sett;unclassified;Marktplatz;2;Kurs 6
Routenpunkt (Way);T;Marktplatz;49.87286;8.655281;30.0;;;;;;Original OSM;152.2;1.36;paving_stones;unclassified;Marktplatz;2;Kurs 6
Haltestelle;W;Darmstadt Schloss;49.87286;8.655281;30.0;07:50:00;07:50:00;Kein Umlauf;Mo,Di,Mi,Do,Fr;446.0;Original GTFS (Snap-Distanz 3m) | Auf Route gesnappt (3m);152.3;0.37;paving_stones;unclassified;Marktplatz;2;Kurs 6
Routenpunkt (Way);T;Marktplatz;49.87286;8.655281;30.0;;;;;;Original OSM;152.4;-0.4;paving_stones;unclassified;Marktplatz;2;Kurs 6
Routenpunkt (Way);T;Marktplatz;49.872838;8.655085;30.0;;;;;;Interpoliert;152.2;-1.53;paving_stones;unclassified;Marktplatz;2;Kurs 6
Routenpunkt (Way);T;Marktplatz;49.872817;8.65489;30.0;;;;;;Original OSM;152.0;-2.59;paving_stones;unclassified;Marktplatz;2;Kurs 6
Routenpunkt (Way);T;Marktplatz;49.8728;8.65472;30.0;;;;;;Interpoliert;151.4;-3.65;paving_stones;unclassified;Marktplatz;2;Kurs 6
Routenpunkt (Way);T;;49.872796;8.654562;30.0;;;;;;Interpoliert (15m);150.8;-4.45;paving_stones;unclassified;Marktplatz;2;Kurs 6
Routenpunkt (Way);T;Marktplatz;49.872792;8.654403;30.0;;;;;;Original OSM;150.2;-5.24;asphalt;unclassified;Rheinstraße;2;Kurs 6
Routenpunkt (Way);T;;49.872845;8.654271;30.0;;;;;;Interpoliert (15m);149.6;-4.92;asphalt;unclassified;Rheinstraße;2;Kurs 6
Routenpunkt (Way);T;Rheinstraße;49.872898;8.654139;30.0;;;;;;Interpoliert;149.0;-4.7;asphalt;unclassified;Rheinstraße;2;Kurs 6
Routenpunkt (Way);T;Rheinstraße;49.872965;8.654003;30.0;;;;;;Interpoliert;148.6;-4.47;asphalt;unclassified;Rheinstraße;2;Kurs 6
Routenpunkt (Way);T;;49.873015;8.653854;30.0;;;;;;Interpoliert (15m);148.1;-4.23;asphalt;unclassified;Rheinstraße;2;Kurs 6
Routenpunkt (Way);T;;49.873064;8.653706;30.0;;;;;;Interpoliert (15m);147.6;-3.99;asphalt;unclassified;Rheinstraße;2;Kurs 6
Routenpunkt (Way);T;Rheinstraße;49.873114;8.653557;30.0;;;;;;Original OSM;147.1;-3.68;asphalt;unclassified;Rheinstraße;2;Kurs 6
Routenpunkt (Way);T;;49.873106;8.653391;30.0;;;;;;Interpoliert (15m);146.6;-3.18;asphalt;unclassified;Rheinstraße;2;Kurs 6
Routenpunkt (Way);T;;49.873097;8.653226;30.0;;;;;;Interpoliert (15m);146.4;-2.64;asphalt;unclassified;Rheinstraße;2;Kurs 6
Routenpunkt (Way);T;Rheinstraße;49.873089;8.653061;30.0;;;;;;Interpoliert;146.2;-2.09;asphalt;unclassified;Rheinstraße;2;Kurs 6
Routenpunkt (Way);T;Rheinstraße;49.873063;8.652872;30.0;;;;;;Interpoliert;146.0;-1.54;asphalt;unclassified;Rheinstraße;2;Kurs 6
Routenpunkt (Way);T;Rheinstraße;49.873037;8.652684;30.0;;;;;;Interpoliert;145.8;-1.64;asphalt;unclassified;Rheinstraße;2;Kurs 6
Routenpunkt (Way);T;Rheinstraße;49.873011;8.652495;30.0;;;;;;Interpoliert;145.6;-1.62;asphalt;unclassified;Rheinstraße;2;Kurs 6
Routenpunkt (Way);T;Rheinstraße;49.872985;8.652306;30.0;;;;;;Interpoliert;145.3;-1.65;asphalt;unclassified;Rheinstraße;2;Kurs 6
Routenpunkt (Way);T;;49.872977;8.65213;30.0;;;;;;Interpoliert (15m);145.1;-1.67;asphalt;unclassified;Rheinstraße;2;Kurs 6
Routenpunkt (Way);T;;49.872969;8.651954;30.0;;;;;;Interpoliert (15m);144.9;-1.67;paving_stones;unclassified;Luisenplatz;2;Kurs 6
Routenpunkt (Way);T;Luisenplatz;49.87296;8.651778;30.0;;;;;;Original OSM;144.7;-1.38;paving_stones;unclassified;Luisenplatz;2;Kurs 6
Routenpunkt (Way);T;;49.872875;8.651636;30.0;;;;;;Interpoliert (15m);144.5;-1.06;paving_stones;unclassified;Luisenplatz;2;Kurs 6
Routenpunkt (Way);T;;49.872789;8.651494;30.0;;;;;;Interpoliert (15m);144.4;-0.75;paving_stones;unclassified;Luisenplatz;2;Kurs 6
Haltestelle;W;Darmstadt Luisenplatz;49.872704;8.651351;30.0;07:52:00;07:52:00;Kein Umlauf;Mo,Di,Mi,Do,Fr;446.0;Original GTFS (Snap-Distanz 21m) | Auf Route gesnappt (21m);144.4;-0.43;paving_stones;unclassified;Luisenplatz;2;Kurs 6
Routenpunkt (Way);T;Luisenplatz;49.872685;8.651314;30.0;;;;;;Original OSM;144.4;-0.14;paving_stones;unclassified;Luisenplatz;2;Kurs 6
Routenpunkt (Way);T;;49.87269;8.651114;30.0;;;;;;Interpoliert (15m);144.4;0.19;paving_stones;unclassified;Luisenplatz;2;Kurs 6
Routenpunkt (Way);T;Luisenplatz;49.872695;8.650914;30.0;;;;;;Original OSM;144.4;0.03;paving_stones;unclassified;Luisenplatz;2;Kurs 6
Routenpunkt (Way);T;Luisenplatz;49.872713;8.650768;30.0;;;;;;Interpoliert;144.5;-0.14;paving_stones;unclassified;Luisenplatz;2;Kurs 6
Routenpunkt (Way);T;Luisenplatz;49.872733;8.650595;30.0;;;;;;Original OSM;144.4;-0.31;paving_stones;unclassified;Luisenplatz;2;Kurs 6
Routenpunkt (Way);T;;49.872736;8.650429;30.0;;;;;;Interpoliert (15m);144.3;-0.5;paving_stones;unclassified;Luisenplatz;2;Kurs 6
Routenpunkt (Way);T;Luisenplatz;49.872739;8.650264;30.0;;;;;;Original OSM;144.2;-0.89;asphalt;unclassified;Luisenplatz;2;Kurs 6
Routenpunkt (Way);T;;49.872722;8.650125;30.0;;;;;;Interpoliert (15m);144.1;-1.03;asphalt;busway;Rheinstraße;2;Kurs 6
Routenpunkt (Way);T;Rheinstraße;49.872705;8.649986;30.0;;;;;;Interpoliert;144.0;-1.15;asphalt;busway;Rheinstraße;2;Kurs 6
Routenpunkt (Way);T;Rheinstraße;49.872679;8.649801;30.0;;;;;;Interpoliert;143.8;-1.28;asphalt;busway;Rheinstraße;2;Kurs 6
Routenpunkt (Way);T;Rheinstraße;49.872654;8.649616;30.0;;;;;;Interpoliert;143.6;-1.38;asphalt;busway;Rheinstraße;2;Kurs 6
Routenpunkt (Way);T;Rheinstraße;49.872628;8.649431;30.0;;;;;;Interpoliert;143.4;-1.62;asphalt;busway;Rheinstraße;2;Kurs 6
Routenpunkt (Way);T;Rheinstraße;49.872603;8.649246;30.0;;;;;;Interpoliert;143.2;-1.47;asphalt;busway;Rheinstraße;2;Kurs 6
Routenpunkt (Way);A;Rheinstraße (Ampel);49.872577;8.64906;30.0;;;;;;Original OSM;142.9;-1.32;asphalt;residential;Grafenstraße;2;Kurs 6
Routenpunkt (Way);T;Rheinstraße;49.87255;8.648869;30.0;;;;;;Interpoliert;142.8;-1.16;asphalt;residential;Grafenstraße;2;Kurs 6
Routenpunkt (Way);T;Rheinstraße;49.872522;8.648677;30.0;;;;;;Interpoliert;142.7;-1.01;asphalt;residential;;2;Kurs 6
Routenpunkt (Way);T;Rheinstraße;49.872495;8.648485;30.0;;;;;;Interpoliert;142.6;-0.57;asphalt;busway;Rheinstraße;2;Kurs 6
Routenpunkt (Way);T;Rheinstraße;49.872467;8.648294;30.0;;;;;;Interpoliert;142.5;-0.43;asphalt;busway;Rheinstraße;2;Kurs 6
Routenpunkt (Way);T;Rheinstraße;49.87244;8.648102;30.0;;;;;;Interpoliert;142.5;-0.28;asphalt;busway;Rheinstraße;2;Kurs 6
Routenpunkt (Way);T;Rheinstraße;49.872412;8.64791;30.0;;;;;;Interpoliert;142.5;-0.14;asphalt;busway;Rheinstraße;2;Kurs 6
Routenpunkt (Way);T;Rheinstraße;49.872384;8.647719;30.0;;;;;;Interpoliert;142.5;-0.57;asphalt;busway;Rheinstraße;2;Kurs 6
Routenpunkt (Way);T;Rheinstraße;49.872357;8.647527;30.0;;;;;;Interpoliert;142.5;-0.99;asphalt;busway;Rheinstraße;2;Kurs 6
Routenpunkt (Way);T;Rheinstraße;49.872329;8.647335;30.0;;;;;;Interpoliert;142.1;-1.42;asphalt;busway;Rheinstraße;2;Kurs 6
Routenpunkt (Way);T;Rheinstraße;49.872302;8.647144;30.0;;;;;;Interpoliert;141.8;-1.85;asphalt;busway;Rheinstraße;2;Kurs 6
Routenpunkt (Way);T;Rheinstraße;49.872274;8.646952;30.0;;;;;;Interpoliert;141.5;-2.29;asphalt;busway;Rheinstraße;2;Kurs 6
Routenpunkt (Way);T;Rheinstraße;49.872247;8.64676;30.0;;;;;;Original OSM;141.2;-1.87;asphalt;busway;Rheinstraße;2;Kurs 6
Routenpunkt (Way);T;Rheinstraße;49.87222;8.646576;30.0;;;;;;Interpoliert;140.9;-1.74;asphalt;busway;Rheinstraße;2;Kurs 6
Routenpunkt (Way);T;Rheinstraße;49.872193;8.646391;30.0;;;;;;Interpoliert;140.8;-1.61;asphalt;busway;Rheinstraße;2;Kurs 6
Routenpunkt (Way);T;Rheinstraße;49.872166;8.646207;30.0;;;;;;Interpoliert;140.6;-1.47;asphalt;busway;Rheinstraße;2;Kurs 6
Routenpunkt (Way);T;Rheinstraße;49.872138;8.646022;30.0;;;;;;Interpoliert;140.4;-1.47;asphalt;busway;Rheinstraße;2;Kurs 6
Routenpunkt (Way);T;Rheinstraße;49.872111;8.645837;30.0;;;;;;Interpoliert;140.2;-1.18;asphalt;busway;Rheinstraße;2;Kurs 6
Routenpunkt (Way);T;Rheinstraße;49.872084;8.645653;30.0;;;;;;Interpoliert;139.9;-0.74;asphalt;busway;Rheinstraße;2;Kurs 6
Routenpunkt (Way);T;Rheinstraße;49.872057;8.645468;30.0;;;;;;Interpoliert;140.0;-0.29;asphalt;busway;Rheinstraße;2;Kurs 6
Routenpunkt (Way);T;Rheinstraße;49.87203;8.645283;30.0;;;;;;Interpoliert;140.1;0.15;asphalt;busway;Rheinstraße;2;Kurs 6
Routenpunkt (Way);T;Rheinstraße;49.872003;8.645099;30.0;;;;;;Interpoliert;140.2;0.75;asphalt;busway;Rheinstraße;2;Kurs 6
Routenpunkt (Way);T;;49.871976;8.64492;30.0;;;;;;Interpoliert (15m);140.3;0.42;asphalt;busway;Rheinstraße;2;Kurs 6
Routenpunkt (Way);T;Rheinstraße;49.871949;8.644741;30.0;;;;;;Original OSM;140.4;0.13;asphalt;busway;Rheinstraße;2;Kurs 6
Haltestelle;W;Darmstadt Rhein-/Neckarstraße;49.871925;8.644589;30.0;;;Kein Umlauf;Mo,Di,Mi,Do,Fr;446.0;Original GTFS (Snap-Distanz 43m) | Auf Route gesnappt (43m);140.3;-0.17;asphalt;busway;Rheinstraße;2;Kurs 6
Routenpunkt (Way);T;Rheinstraße;49.871897;8.644404;30.0;;;;;;Original OSM;140.2;-0.48;asphalt;busway;Rheinstraße;2;Kurs 6
Routenpunkt (Way);T;;49.871863;8.644226;30.0;;;;;;Interpoliert (15m);140.1;-0.78;asphalt;busway;Rheinstraße;2;Kurs 6
Routenpunkt (Way);T;;49.87183;8.644049;30.0;;;;;;Interpoliert (15m);140.0;-0.76;asphalt;busway;Rheinstraße;2;Kurs 6
Routenpunkt (Way);T;Rheinstraße;49.871796;8.643871;30.0;;;;;;Original OSM;139.9;-0.77;asphalt;busway;Rheinstraße;2;Kurs 6
Routenpunkt (Way);T;;49.871771;8.643701;30.0;;;;;;Interpoliert (15m);139.8;-0.78;asphalt;busway;Rheinstraße;2;Kurs 6
Routenpunkt (Way);T;;49.871746;8.643531;30.0;;;;;;Interpoliert (15m);139.7;-0.95;asphalt;busway;Rheinstraße;2;Kurs 6
Routenpunkt (Way);T;;49.871721;8.643361;30.0;;;;;;Interpoliert (15m);139.6;-1.08;asphalt;busway;Rheinstraße;2;Kurs 6
Routenpunkt (Way);T;Rhein-/Neckarstraße;49.871696;8.64319;30.0;;;;;;Interpoliert;139.4;-1.2;asphalt;busway;Rheinstraße;2;Kurs 6
Routenpunkt (Way);T;;49.871683;8.642993;30.0;;;;;;Interpoliert (15m);139.2;-1.33;asphalt;busway;Rheinstraße;2;Kurs 6
Routenpunkt (Way);T;Rheinstraße;49.871671;8.642795;30.0;;;;;;Interpoliert;139.0;-1.46;asphalt;busway;Rheinstraße;2;Kurs 6
Routenpunkt (Way);T;Rheinstraße;49.871645;8.642607;30.0;;;;;;Interpoliert;138.8;-1.29;asphalt;busway;Rheinstraße;2;Kurs 6
Routenpunkt (Way);T;Rheinstraße;49.871619;8.64242;30.0;;;;;;Interpoliert;138.6;-1.01;asphalt;busway;Rheinstraße;2;Kurs 6
Routenpunkt (Way);T;Rheinstraße;49.871594;8.642232;30.0;;;;;;Interpoliert;138.5;-0.73;asphalt;busway;Rheinstraße;2;Kurs 6
Routenpunkt (Way);T;Rheinstraße;49.871568;8.642045;30.0;;;;;;Interpoliert;138.5;-0.44;asphalt;busway;Rheinstraße;2;Kurs 6
Routenpunkt (Way);T;;49.871546;8.641887;30.0;;;;;;Interpoliert (15m);138.5;-0.31;asphalt;busway;Rheinstraße;2;Kurs 6
Routenpunkt (Way);T;Rheinstraße;49.871524;8.641729;30.0;;;;;;Original OSM;138.5;-0.17;asphalt;busway;Rheinstraße;2;Kurs 6
Routenpunkt (Way);T;;49.871501;8.641564;30.0;;;;;;Interpoliert (15m);138.4;-0.17;asphalt;busway;Rheinstraße;2;Kurs 6
Routenpunkt (Way);T;Rheinstraße;49.871478;8.641399;30.0;;;;;;Original OSM;138.4;-0.17;asphalt;busway;Rheinstraße;2;Kurs 6
Routenpunkt (Way);T;Rheinstraße;49.871452;8.641207;30.0;;;;;;Interpoliert;138.4;-0.17;asphalt;busway;Rheinstraße;2;Kurs 6
Routenpunkt (Way);T;Rheinstraße;49.871425;8.641015;30.0;;;;;;Interpoliert;138.4;-0.28;asphalt;busway;Rheinstraße;2;Kurs 6
Routenpunkt (Way);T;Rheinstraße;49.871399;8.640824;30.0;;;;;;Interpoliert;138.4;-0.71;asphalt;busway;Rheinstraße;2;Kurs 6
Routenpunkt (Way);T;Rheinstraße;49.871372;8.640632;30.0;;;;;;Interpoliert;138.2;-1.14;asphalt;busway;Rheinstraße;2;Kurs 6
Routenpunkt (Way);T;Rheinstraße;49.871346;8.64044;30.0;;;;;;Interpoliert;137.9;-1.56;asphalt;busway;Rheinstraße;2;Kurs 6
Routenpunkt (Way);T;Rheinstraße;49.87132;8.640248;30.0;;;;;;Interpoliert;137.6;-1.85;asphalt;busway;Rheinstraße;2;Kurs 6
Routenpunkt (Way);T;Rheinstraße;49.871293;8.640056;30.0;;;;;;Interpoliert;137.3;-1.71;asphalt;busway;Rheinstraße;2;Kurs 6
Routenpunkt (Way);T;Rheinstraße;49.871267;8.639864;30.0;;;;;;Interpoliert;137.1;-1.42;asphalt;busway;Rheinstraße;2;Kurs 6
Routenpunkt (Way);T;Rheinstraße;49.87124;8.639672;30.0;;;;;;Original OSM;137.0;-1.13;asphalt;busway;Rheinstraße;2;Kurs 6
Routenpunkt (Way);T;Rheinstraße;49.871213;8.639477;30.0;;;;;;Interpoliert;136.9;-0.85;asphalt;busway;Rheinstraße;2;Kurs 6
Routenpunkt (Way);T;Rheinstraße;49.871186;8.639282;30.0;;;;;;Interpoliert;136.8;-0.7;asphalt;busway;;2;Kurs 6
Routenpunkt (Way);T;Rheinstraße;49.87116;8.639087;30.0;;;;;;Interpoliert;136.7;-0.42;asphalt;busway;;2;Kurs 6
Routenpunkt (Way);T;Rheinstraße;49.871133;8.638892;30.0;;;;;;Interpoliert;136.6;-0.14;asphalt;busway;;2;Kurs 6
Routenpunkt (Way);T;Rheinstraße;49.871106;8.638697;30.0;;;;;;Interpoliert;136.7;0.14;asphalt;busway;;2;Kurs 6
Routenpunkt (Way);T;Rheinstraße;49.871079;8.638502;30.0;;;;;;Interpoliert;136.8;0.14;asphalt;busway;;2;Kurs 6
Routenpunkt (Way);T;Rheinstraße;49.871052;8.638307;30.0;;;;;;Interpoliert;136.9;0.0;asphalt;busway;Rheinstraße;2;Kurs 6
Routenpunkt (Way);T;Rheinstraße;49.871025;8.638112;30.0;;;;;;Interpoliert;136.8;-0.42;asphalt;busway;Rheinstraße;2;Kurs 6
Routenpunkt (Way);T;Rheinstraße;49.870998;8.637917;30.0;;;;;;Interpoliert;136.6;-0.84;asphalt;busway;Rheinstraße;2;Kurs 6
Routenpunkt (Way);T;Rheinstraße;49.870972;8.637722;30.0;;;;;;Interpoliert;136.4;-0.98;asphalt;busway;Rheinstraße;2;Kurs 6
Routenpunkt (Way);T;Rheinstraße;49.870945;8.637526;30.0;;;;;;Interpoliert;136.2;-0.84;asphalt;busway;Rheinstraße;2;Kurs 6
Routenpunkt (Way);T;Rheinstraße;49.870918;8.637331;30.0;;;;;;Interpoliert;136.2;-0.56;asphalt;busway;Rheinstraße;2;Kurs 6
Routenpunkt (Way);T;Rheinstraße;49.870891;8.637136;30.0;;;;;;Interpoliert;136.2;-0.28;asphalt;busway;Rheinstraße;2;Kurs 6
Routenpunkt (Way);T;Rheinstraße;49.870864;8.636941;30.0;;;;;;Interpoliert;136.2;0.0;asphalt;busway;Rheinstraße;2;Kurs 6
Routenpunkt (Way);T;Rheinstraße;49.870837;8.636746;30.0;;;;;;Interpoliert;136.2;0.0;asphalt;busway;Rheinstraße;2;Kurs 6
Routenpunkt (Way);T;;49.870806;8.636632;30.0;;;;;;Interpoliert (15m);136.2;0.0;asphalt;busway;Rheinstraße;2;Kurs 6
Routenpunkt (Way);T;Rheinstraße;49.870774;8.636517;30.0;;;;;;Original OSM;136.2;0.0;asphalt;busway;Rheinstraße;2;Kurs 6
Routenpunkt (Way);T;;49.870757;8.636381;30.0;;;;;;Interpoliert (15m);136.2;0.0;asphalt;busway;Rheinstraße;2;Kurs 6
Routenpunkt (Way);T;Rheinstraße;49.87074;8.636245;30.0;;;;;;Original OSM;136.2;0.0;asphalt;busway;Rheinstraße;2;Kurs 6
Routenpunkt (Way);T;;49.870712;8.636042;30.0;;;;;;Interpoliert (15m);136.2;-0.37;asphalt;busway;Rheinstraße;2;Kurs 6
Routenpunkt (Way);T;Berliner Allee;49.870684;8.635838;30.0;;;;;;Interpoliert;136.2;-0.82;asphalt;busway;Rheinstraße;2;Kurs 6
Haltestelle;W;Darmstadt Berliner Allee;49.870692;8.63569;30.0;;;Kein Umlauf;Mo,Di,Mi,Do,Fr;446.0;Original GTFS (Snap-Distanz 8m) | Auf Route gesnappt (8m);136.0;-1.26;asphalt;busway;Rheinstraße;2;Kurs 6
Routenpunkt (Way);T;Berliner Allee;49.870647;8.635585;30.0;;;;;;Original OSM;135.8;-1.71;asphalt;busway;Rheinstraße;2;Kurs 6
Routenpunkt (Way);T;;49.870645;8.63546;30.0;;;;;;Interpoliert (15m);135.6;-1.98;asphalt;busway;Rheinstraße;2;Kurs 6
Routenpunkt (Way);T;Rheinstraße;49.870643;8.635334;30.0;;;;;;Interpoliert;135.4;-1.61;asphalt;busway;Rheinstraße;2;Kurs 6
Routenpunkt (Way);T;Rheinstraße;49.870615;8.635134;30.0;;;;;;Interpoliert;135.2;-0.89;asphalt;busway;Rheinstraße;2;Kurs 6
Routenpunkt (Way);T;Rheinstraße;49.870588;8.634934;30.0;;;;;;Interpoliert;135.2;-0.17;asphalt;busway;Rheinstraße;2;Kurs 6
Routenpunkt (Way);T;Rheinstraße;49.87056;8.634733;30.0;;;;;;Interpoliert;135.4;0.55;asphalt;busway;Rheinstraße;2;Kurs 6
Routenpunkt (Way);T;Rheinstraße;49.870533;8.634533;30.0;;;;;;Interpoliert;135.6;1.09;asphalt;busway;Rheinstraße;2;Kurs 6
Routenpunkt (Way);T;Rheinstraße;49.870505;8.634333;30.0;;;;;;Interpoliert;135.8;1.09;asphalt;busway;Rheinstraße;2;Kurs 6
Routenpunkt (Way);T;Rheinstraße;49.870477;8.634133;30.0;;;;;;Interpoliert;136.0;0.82;asphalt;busway;Rheinstraße;2;Kurs 6
Routenpunkt (Way);T;Rheinstraße;49.87045;8.633933;30.0;;;;;;Original OSM;136.0;0.55;asphalt;busway;Rheinstraße;2;Kurs 6
Routenpunkt (Way);T;Rheinstraße;49.870425;8.633749;30.0;;;;;;Interpoliert;136.0;0.27;asphalt;busway;Rheinstraße;2;Kurs 6
Routenpunkt (Way);T;Rheinstraße;49.870399;8.633564;30.0;;;;;;Interpoliert;136.0;0.0;asphalt;busway;Rheinstraße;2;Kurs 6
Routenpunkt (Way);T;;49.870399;8.633418;30.0;;;;;;Interpoliert (15m);136.0;-0.38;asphalt;busway;Rheinstraße;2;Kurs 6
Routenpunkt (Way);T;;49.870399;8.633272;30.0;;;;;;Interpoliert (15m);136.0;-1.15;asphalt;busway;Am Hauptbahnhof;2;Kurs 6
Routenpunkt (Way);T;Rheinstraße;49.870399;8.633126;30.0;;;;;;Original OSM;135.8;-1.91;asphalt;busway;Am Hauptbahnhof;2;Kurs 6
Routenpunkt (Way);T;;49.87048;8.632994;30.0;;;;;;Interpoliert (15m);135.3;-2.64;asphalt;busway;Am Hauptbahnhof;2;Kurs 6
Routenpunkt (Way);T;Am Hauptbahnhof;49.870561;8.632861;30.0;;;;;;Interpoliert;134.8;-3.36;paving_stones;pedestrian;Am Hauptbahnhof;2;Kurs 6
Routenpunkt (Way);T;Am Hauptbahnhof;49.870668;8.632766;30.0;;;;;;Original OSM;134.3;-3.46;paving_stones;pedestrian;Am Hauptbahnhof;2;Kurs 6
Routenpunkt (Way);T;Am Hauptbahnhof;49.870777;8.632674;30.0;;;;;;Interpoliert;133.8;-3.18;paving_stones;pedestrian;Am Hauptbahnhof;2;Kurs 6
Routenpunkt (Way);T;Am Hauptbahnhof;49.870876;8.63259;30.0;;;;;;Interpoliert;133.5;-2.89;paving_stones;pedestrian;Am Hauptbahnhof;2;Kurs 6
Routenpunkt (Way);T;Am Hauptbahnhof;49.870975;8.632506;30.0;;;;;;Interpoliert;133.2;-2.59;paving_stones;pedestrian;Am Hauptbahnhof;2;Kurs 6
Routenpunkt (Way);T;Am Hauptbahnhof;49.871073;8.632422;30.0;;;;;;Interpoliert;132.9;-2.29;paving_stones;pedestrian;Am Hauptbahnhof;2;Kurs 6
Routenpunkt (Way);T;;49.871184;8.632328;30.0;;;;;;Interpoliert (15m);132.6;-1.81;paving_stones;pedestrian;Am Hauptbahnhof;2;Kurs 6
Routenpunkt (Way);T;Am Hauptbahnhof;49.871296;8.632234;30.0;;;;;;Original OSM;132.3;-0.79;paving_stones;pedestrian;Am Hauptbahnhof;2;Kurs 6
Routenpunkt (Way);T;;49.871384;8.632158;30.0;;;;;;Interpoliert (15m);132.3;0.26;paving_stones;pedestrian;Am Hauptbahnhof;2;Kurs 6
Routenpunkt (Way);T;Am Hauptbahnhof;49.871471;8.632083;30.0;;;;;;Interpoliert;132.6;0.87;paving_stones;pedestrian;Am Hauptbahnhof;2;Kurs 6
Routenpunkt (Way);T;Am Hauptbahnhof;49.871554;8.632013;30.0;;;;;;Original OSM;132.9;1.78;paving_stones;pedestrian;Am Hauptbahnhof;2;Kurs 6
Routenpunkt (Way);T;Am Hauptbahnhof;49.871638;8.631939;30.0;;;;;;Interpoliert;133.0;2.25;paving_stones;pedestrian;Am Hauptbahnhof;2;Kurs 6
Routenpunkt (Way);T;;49.871727;8.631831;30.0;;;;;;Interpoliert (15m);133.3;2.17;asphalt;pedestrian;Am Hauptbahnhof;2;Kurs 6
Routenpunkt (Way);T;Am Hauptbahnhof;49.871816;8.631723;30.0;;;;;;Original OSM;133.6;1.6;asphalt;pedestrian;Am Hauptbahnhof;2;Kurs 6
Routenpunkt (Way);T;;49.871931;8.631682;30.0;;;;;;Interpoliert (15m);133.9;1.41;paving_stones;pedestrian;Am Hauptbahnhof;2;Kurs 6
Haltestelle;W;Darmstadt Hauptbahnhof Ost;49.872047;8.631641;30.0;07:59:00;07:59:00;Kein Umlauf;Mo,Di,Mi,Do,Fr;446.0;Original GTFS (Snap-Distanz 37m) | Auf Route gesnappt (37m);133.9;0.93;paving_stones;pedestrian;Am Hauptbahnhof;2;Kurs 6
Routenpunkt (Way);T;Am Hauptbahnhof;49.871937;8.631698;30.0;;;;;;Original OSM;133.9;0.01;paving_stones;pedestrian;Am Hauptbahnhof;2;Kurs 6
Routenpunkt (Way);T;;49.87183;8.631782;30.0;;;;;;Interpoliert (15m);133.9;-1.01;asphalt;pedestrian;Am Hauptbahnhof;2;Kurs 6
Routenpunkt (Way);T;Am Hauptbahnhof;49.871722;8.631865;30.0;;;;;;Original OSM;133.6;-1.56;paving_stones;pedestrian;Am Hauptbahnhof;2;Kurs 6
Routenpunkt (Way);T;Am Hauptbahnhof;49.871638;8.631939;30.0;;;;;;Interpoliert;133.3;-1.76;paving_stones;pedestrian;Am Hauptbahnhof;2;Kurs 6
Routenpunkt (Way);T;Am Hauptbahnhof;49.871554;8.632013;30.0;;;;;;Original OSM;133.0;-2.29;paving_stones;pedestrian;Am Hauptbahnhof;2;Kurs 6
Routenpunkt (Way);T;Am Hauptbahnhof;49.871471;8.632083;30.0;;;;;;Interpoliert;132.9;-2.38;paving_stones;pedestrian;Am Hauptbahnhof;2;Kurs 6
Routenpunkt (Way);T;;49.871384;8.632158;30.0;;;;;;Interpoliert (15m);132.6;-1.82;paving_stones;pedestrian;Am Hauptbahnhof;2;Kurs 6
Routenpunkt (Way);T;Am Hauptbahnhof;49.871296;8.632234;30.0;;;;;;Original OSM;132.3;-0.84;paving_stones;pedestrian;Am Hauptbahnhof;2;Kurs 6
Routenpunkt (Way);T;;49.871184;8.632328;30.0;;;;;;Interpoliert (15m);132.3;-0.17;paving_stones;pedestrian;Am Hauptbahnhof;2;Kurs 6
Routenpunkt (Way);T;Am Hauptbahnhof;49.871073;8.632422;30.0;;;;;;Interpoliert;132.6;0.85;paving_stones;pedestrian;Am Hauptbahnhof;2;Kurs 6
Routenpunkt (Way);T;Am Hauptbahnhof;49.870975;8.632506;30.0;;;;;;Interpoliert;132.9;1.86;paving_stones;pedestrian;Am Hauptbahnhof;2;Kurs 6
Routenpunkt (Way);T;Am Hauptbahnhof;49.870876;8.63259;30.0;;;;;;Interpoliert;133.2;2.3;paving_stones;pedestrian;Am Hauptbahnhof;2;Kurs 6
Routenpunkt (Way);T;Am Hauptbahnhof;49.870777;8.632674;30.0;;;;;;Interpoliert;133.5;2.31;paving_stones;pedestrian;Am Hauptbahnhof;2;Kurs 6
Routenpunkt (Way);T;Am Hauptbahnhof;49.870668;8.632766;30.0;;;;;;Original OSM;133.8;2.27;paving_stones;pedestrian;Am Hauptbahnhof;2;Kurs 6
Routenpunkt (Way);T;Am Hauptbahnhof;49.870561;8.632861;30.0;;;;;;Interpoliert;134.1;2.08;paving_stones;pedestrian;Am Hauptbahnhof;2;Kurs 6
Routenpunkt (Way);T;;49.870452;8.632953;30.0;;;;;;Interpoliert (15m);134.4;1.97;asphalt;busway;Am Hauptbahnhof;2;Kurs 6
Routenpunkt (Way);T;Am Hauptbahnhof;49.870344;8.633045;50.0;;;;;;Original OSM;134.6;1.35;asphalt;primary;Berliner Allee;2;Kurs 6
Routenpunkt (Way);T;;49.870249;8.633066;50.0;;;;;;Interpoliert (15m);134.8;0.73;asphalt;primary;Berliner Allee;2;Kurs 6
Routenpunkt (Way);A;Ampel;49.870153;8.633087;50.0;;;;;;Interpoliert (15m);134.7;0.11;asphalt;primary;Berliner Allee;2;Kurs 6
Routenpunkt (Way);T;Berliner Allee;49.870057;8.633108;50.0;;;;;;Interpoliert;134.6;-0.33;asphalt;primary;Berliner Allee;2;Kurs 6
Routenpunkt (Way);T;Berliner Allee;49.869961;8.633145;50.0;;;;;;Interpoliert;134.5;-0.89;asphalt;primary;Berliner Allee;2;Kurs 6
Routenpunkt (Way);T;Berliner Allee;49.869843;8.633191;50.0;;;;;;Original OSM;134.4;-0.89;asphalt;primary;Berliner Allee;2;Kurs 6
Routenpunkt (Way);T;;49.86975;8.633227;50.0;;;;;;Interpoliert (15m);134.3;-1.08;asphalt;primary;Berliner Allee;2;Kurs 6
Routenpunkt (Way);T;;49.869657;8.633263;50.0;;;;;;Interpoliert (15m);134.2;-1.25;asphalt;primary;Berliner Allee;2;Kurs 6
Routenpunkt (Way);T;Berliner Allee;49.869564;8.633299;50.0;;;;;;Original OSM;134.0;-1.27;asphalt;primary;Berliner Allee;2;Kurs 6
Routenpunkt (Way);T;;49.869464;8.633338;50.0;;;;;;Interpoliert (15m);133.8;-1.22;asphalt;primary;Berliner Allee;2;Kurs 6
Routenpunkt (Way);T;Berliner Allee;49.869363;8.633376;50.0;;;;;;Interpoliert;133.7;-1.18;asphalt;primary;Berliner Allee;2;Kurs 6
Routenpunkt (Way);T;Berliner Allee;49.869238;8.633424;50.0;;;;;;Interpoliert;133.6;-0.94;asphalt;primary;Berliner Allee;2;Kurs 6
Routenpunkt (Way);T;Berliner Allee;49.869113;8.633472;50.0;;;;;;Interpoliert;133.5;-0.75;asphalt;primary;Berliner Allee;2;Kurs 6
Routenpunkt (Way);T;Berliner Allee;49.868988;8.63352;50.0;;;;;;Original OSM;133.4;-0.74;asphalt;primary;Berliner Allee;2;Kurs 6
Routenpunkt (Way);T;Berliner Allee;49.86888;8.633561;50.0;;;;;;Interpoliert;133.3;-0.28;asphalt;primary;Berliner Allee;2;Kurs 6
Routenpunkt (Way);T;Berliner Allee;49.868772;8.633602;50.0;;;;;;Interpoliert;133.2;0.18;asphalt;primary;Berliner Allee;2;Kurs 6
Routenpunkt (Way);T;Berliner Allee;49.868663;8.633644;50.0;;;;;;Interpoliert;133.4;0.92;asphalt;primary;Berliner Allee;2;Kurs 6
Routenpunkt (Way);T;Berliner Allee;49.868555;8.633685;50.0;;;;;;Original OSM;133.6;1.68;asphalt;primary;Berliner Allee;2;Kurs 6
Routenpunkt (Way);T;Berliner Allee;49.868467;8.633721;50.0;;;;;;Interpoliert;133.9;2.31;asphalt;primary;Berliner Allee;2;Kurs 6
Routenpunkt (Way);T;Berliner Allee;49.86838;8.633757;50.0;;;;;;Interpoliert;134.2;2.47;asphalt;primary;Berliner Allee;2;Kurs 6
Routenpunkt (Way);T;;49.868267;8.633746;50.0;;;;;;Interpoliert (15m);134.5;1.99;asphalt;primary;Berliner Allee;2;Kurs 6
Routenpunkt (Way);A;Ampel;49.868154;8.633735;50.0;;;;;;Interpoliert (15m);134.8;1.25;asphalt;primary;Haardtring;2;Kurs 6
Routenpunkt (Way);T;Berliner Allee;49.86804;8.633724;50.0;;;;;;Original OSM;134.7;0.51;asphalt;primary;Haardtring;2;Kurs 6
Routenpunkt (Way);T;;49.867937;8.63361;50.0;;;;;;Interpoliert (15m);134.6;0.32;asphalt;primary;Haardtring;2;Kurs 6
Routenpunkt (Way);T;;49.867834;8.633497;50.0;;;;;;Interpoliert (15m);134.5;-0.34;asphalt;primary;Haardtring;2;Kurs 6
Routenpunkt (Way);T;Haardtring;49.867731;8.633383;50.0;;;;;;Original OSM;134.7;-0.33;asphalt;primary;Haardtring;2;Kurs 6
Routenpunkt (Way);T;Haardtring;49.867666;8.63327;50.0;;;;;;Interpoliert;134.6;-0.86;asphalt;primary;Haardtring;2;Kurs 6
Routenpunkt (Way);T;Haardtring;49.867583;8.633119;50.0;;;;;;Original OSM;134.5;-1.39;asphalt;primary;Haardtring;2;Kurs 6
Routenpunkt (Way);T;;49.867533;8.633022;50.0;;;;;;Interpoliert (15m);134.2;-2.1;asphalt;primary;Haardtring;2;Kurs 6
Routenpunkt (Way);T;Haardtring;49.867484;8.632925;50.0;;;;;;Original OSM;133.9;-2.34;asphalt;primary;Haardtring;2;Kurs 6
Routenpunkt (Way);T;Haardtring;49.867405;8.632772;50.0;;;;;;Interpoliert;133.6;-2.06;asphalt;primary;Haardtring;2;Kurs 6
Routenpunkt (Way);T;Haardtring;49.867325;8.632618;50.0;;;;;;Interpoliert;133.3;-1.21;asphalt;primary;Haardtring;2;Kurs 6
Routenpunkt (Way);T;Haardtring;49.867246;8.632465;50.0;;;;;;Original OSM;133.4;-0.71;asphalt;primary;Haardtring;2;Kurs 6
Routenpunkt (Way);T;Haardtring;49.867182;8.632342;50.0;;;;;;Interpoliert;133.5;-0.84;asphalt;primary;Haardtring;2;Kurs 6
Routenpunkt (Way);T;Haardtring;49.867117;8.632219;50.0;;;;;;Original OSM;133.4;-0.97;asphalt;primary;Haardtring;2;Kurs 6
Routenpunkt (Way);T;Haardtring;49.867035;8.632064;50.0;;;;;;Interpoliert;133.0;-2.13;asphalt;primary;Haardtring;2;Kurs 6
Routenpunkt (Way);T;Haardtring;49.866953;8.631909;50.0;;;;;;Interpoliert;132.6;-2.98;asphalt;primary;Haardtring;2;Kurs 6
Routenpunkt (Way);T;;49.866887;8.631779;50.0;;;;;;Interpoliert (15m);132.0;-3.48;asphalt;primary;Haardtring;2;Kurs 6
Routenpunkt (Way);T;;49.866821;8.631649;50.0;;;;;;Interpoliert (15m);131.6;-3.26;asphalt;primary;Haardtring;2;Kurs 6
Routenpunkt (Way);A;Ampel;49.866756;8.631519;50.0;;;;;;Interpoliert (15m);131.2;-3.0;asphalt;primary;Haardtring;2;Kurs 6
Routenpunkt (Way);T;Haardtring;49.86669;8.631389;50.0;;;;;;Original OSM;131.0;-2.29;asphalt;primary;Haardtring;2;Kurs 6
Routenpunkt (Way);T;;49.86666;8.631208;50.0;;;;;;Interpoliert (15m);130.8;-1.91;asphalt;primary;Stirnweg;2;Kurs 6
Routenpunkt (Way);T;;49.86663;8.631028;50.0;;;;;;Interpoliert (15m);130.6;-1.24;asphalt;primary;Stirnweg;2;Kurs 6
Routenpunkt (Way);T;Stirnweg;49.8666;8.630847;50.0;;;;;;Interpoliert;130.4;-0.9;asphalt;primary;Stirnweg;2;Kurs 6
Routenpunkt (Way);T;Stirnweg;49.866579;8.630678;50.0;;;;;;Original OSM;130.4;-0.78;asphalt;primary;Stirnweg;2;Kurs 6
Routenpunkt (Way);T;Stirnweg;49.866565;8.630535;50.0;;;;;;Interpoliert;130.4;-0.3;asphalt;primary;Stirnweg;2;Kurs 6
Routenpunkt (Way);T;;49.866595;8.63039;50.0;;;;;;Interpoliert (15m);130.3;0.18;asphalt;primary;Stirnweg;2;Kurs 6
Routenpunkt (Way);T;;49.866625;8.630244;50.0;;;;;;Interpoliert (15m);130.4;0.34;asphalt;primary;Stirnweg;2;Kurs 6
Routenpunkt (Way);T;Stirnweg;49.866654;8.630098;50.0;;;;;;Original OSM;130.5;0.18;asphalt;primary;Stirnweg;2;Kurs 6
Routenpunkt (Way);T;;49.866755;8.630013;50.0;;;;;;Interpoliert (15m);130.6;0.21;asphalt;primary;Stirnweg;2;Kurs 6
Routenpunkt (Way);T;;49.866856;8.629928;50.0;;;;;;Interpoliert (15m);130.5;-0.14;asphalt;primary;Am Kavalleriesand;2;Kurs 6
Routenpunkt (Way);T;Am Kavalleriesand;49.866956;8.629843;50.0;;;;;;Interpoliert;130.4;-0.46;asphalt;primary;Am Kavalleriesand;2;Kurs 6
Routenpunkt (Way);T;Am Kavalleriesand;49.867064;8.629801;50.0;;;;;;Original OSM;130.3;-0.76;asphalt;primary;Am Kavalleriesand;2;Kurs 6
Routenpunkt (Way);T;Am Kavalleriesand;49.867185;8.629755;50.0;;;;;;Interpoliert;130.2;-0.77;asphalt;primary;Am Kavalleriesand;2;Kurs 6
Routenpunkt (Way);T;Am Kavalleriesand;49.867306;8.62971;50.0;;;;;;Original OSM;130.1;-0.61;asphalt;primary;Am Kavalleriesand;2;Kurs 6
Routenpunkt (Way);T;Am Kavalleriesand;49.867414;8.629673;50.0;;;;;;Original OSM;130.0;-0.45;asphalt;primary;Am Kavalleriesand;2;Kurs 6
Routenpunkt (Way);T;;49.8674;8.629564;50.0;;;;;;Interpoliert (15m);130.0;-0.31;asphalt;unclassified;Mina-Rees-Straße;2;Kurs 6
Routenpunkt (Way);T;Mina-Rees-Straße;49.867385;8.629454;30.0;;;;;;Original OSM;130.0;-0.16;asphalt;unclassified;Mina-Rees-Straße;2;Kurs 6
Routenpunkt (Way);T;;49.867369;8.62934;30.0;;;;;;Interpoliert (15m);130.0;0.0;asphalt;unclassified;Mina-Rees-Straße;2;Kurs 6
Routenpunkt (Way);T;Mina-Rees-Straße;49.867354;8.629225;30.0;;;;;;Interpoliert;130.0;0.0;asphalt;unclassified;Mina-Rees-Straße;2;Kurs 6
Routenpunkt (Way);T;;49.867335;8.629083;30.0;;;;;;Interpoliert (15m);130.0;0.0;asphalt;unclassified;Mina-Rees-Straße;2;Kurs 6
Routenpunkt (Way);T;;49.867315;8.628941;30.0;;;;;;Interpoliert (15m);130.0;0.0;asphalt;unclassified;Mina-Rees-Straße;2;Kurs 6
Routenpunkt (Way);T;Mina-Rees-Straße;49.867296;8.628799;30.0;;;;;;Original OSM;130.0;0.0;asphalt;unclassified;Mina-Rees-Straße;2;Kurs 6
Routenpunkt (Way);T;;49.86727;8.628605;30.0;;;;;;Interpoliert (15m);130.0;0.0;asphalt;unclassified;Mina-Rees-Straße;2;Kurs 6
Routenpunkt (Way);T;;49.867243;8.628411;30.0;;;;;;Interpoliert (15m);130.0;0.32;asphalt;unclassified;Mina-Rees-Straße;2;Kurs 6
Routenpunkt (Way);T;Mina-Rees-Straße;49.867217;8.628217;30.0;;;;;;Interpoliert;130.0;0.64;asphalt;unclassified;Mina-Rees-Straße;2;Kurs 6
Routenpunkt (Way);T;;49.867194;8.628047;30.0;;;;;;Interpoliert (15m);130.2;0.94;asphalt;unclassified;Mina-Rees-Straße;2;Kurs 6
Routenpunkt (Way);T;Mina-Rees-Straße;49.86717;8.627877;30.0;;;;;;Original OSM;130.4;1.24;asphalt;unclassified;Mina-Rees-Straße;2;Kurs 6
Routenpunkt (Way);T;;49.867145;8.627695;30.0;;;;;;Interpoliert (15m);130.6;1.54;asphalt;unclassified;Mina-Rees-Straße;2;Kurs 6
Routenpunkt (Way);T;Mina-Rees-Straße;49.86712;8.627513;30.0;;;;;;Interpoliert;130.8;1.52;asphalt;unclassified;Mina-Rees-Straße;2;Kurs 6
Routenpunkt (Way);T;Mina-Rees-Straße;49.867095;8.62733;30.0;;;;;;Interpoliert;131.0;1.59;asphalt;unclassified;Mina-Rees-Straße;2;Kurs 6
Routenpunkt (Way);T;Mina-Rees-Straße;49.86707;8.627147;30.0;;;;;;Original OSM;131.2;1.69;asphalt;unclassified;Mina-Rees-Straße;2;Kurs 6
Routenpunkt (Way);T;Mina-Rees-Straße;49.867051;8.62701;30.0;;;;;;Interpoliert;131.4;1.66;asphalt;unclassified;Mina-Rees-Straße;2;Kurs 6
Routenpunkt (Way);T;Mina-Rees-Straße;49.867031;8.626872;30.0;;;;;;Interpoliert;131.6;1.67;asphalt;unclassified;Mina-Rees-Straße;2;Kurs 6
Routenpunkt (Way);T;Mina-Rees-Straße;49.867004;8.626672;30.0;;;;;;Original OSM;131.8;1.37;asphalt;unclassified;Mina-Rees-Straße;2;Kurs 6
Routenpunkt (Way);T;Mina-Rees-Straße;49.867005;8.626488;30.0;;;;;;Original OSM;132.0;1.14;asphalt;unclassified;Mina-Rees-Straße;2;Kurs 6
Haltestelle;W;Darmstadt Mina-Rees-Straße;49.867005;8.626488;30.0;08:03:00;08:03:00;Kein Umlauf;Mo,Di,Mi,Do,Fr;446.0;Original GTFS (Snap-Distanz 2m) | Auf Route gesnappt (2m);132.0;0.98;asphalt;unclassified;Mina-Rees-Straße;2;Kurs 6
Routenpunkt (Way);T;Mina-Rees-Straße;49.866981;8.62633;30.0;;;;;;Original OSM;132.1;0.94;asphalt;unclassified;Mina-Rees-Straße;2;Kurs 6
Routenpunkt (Way);T;;49.866953;8.626218;30.0;;;;;;Interpoliert (15m);132.2;0.12;asphalt;unclassified;Mina-Rees-Straße;2;Kurs 6
Routenpunkt (Way);T;Mina-Rees-Straße;49.866925;8.626106;30.0;;;;;;Interpoliert;132.3;-0.39;asphalt;unclassified;Mina-Rees-Straße;2;Kurs 6
Routenpunkt (Way);A;Ampel;49.866897;8.625948;30.0;;;;;;Interpoliert (15m);132.0;-1.22;asphalt;unclassified;Mina-Rees-Straße;2;Kurs 6
Routenpunkt (Way);T;Mina-Rees-Straße;49.866868;8.625791;30.0;;;;;;Original OSM;131.7;-2.12;asphalt;unclassified;Mina-Rees-Straße;2;Kurs 6
Routenpunkt (Way);T;;49.866787;8.625786;30.0;;;;;;Interpoliert (15m);131.4;-2.83;asphalt;primary;Deutsche-Telekom-Allee;2;Kurs 6
Routenpunkt (Way);T;Deutsche-Telekom-Allee;49.866706;8.625782;50.0;;;;;;Interpoliert;131.1;-2.79;asphalt;primary;Deutsche-Telekom-Allee;2;Kurs 6
Routenpunkt (Way);T;Deutsche-Telekom-Allee;49.866595;8.625819;50.0;;;;;;Interpoliert;130.8;-2.75;asphalt;primary;Deutsche-Telekom-Allee;2;Kurs 6
Routenpunkt (Way);T;Deutsche-Telekom-Allee;49.866484;8.625857;50.0;;;;;;Interpoliert;130.5;-3.04;asphalt;primary;Deutsche-Telekom-Allee;2;Kurs 6
Routenpunkt (Way);T;Deutsche-Telekom-Allee;49.866373;8.625894;50.0;;;;;;Interpoliert;130.2;-3.19;asphalt;primary;Deutsche-Telekom-Allee;2;Kurs 6
Routenpunkt (Way);T;Deutsche-Telekom-Allee;49.866262;8.625932;50.0;;;;;;Original OSM;129.6;-3.77;asphalt;primary;Deutsche-Telekom-Allee;2;Kurs 6
Routenpunkt (Way);T;Deutsche-Telekom-Allee;49.866132;8.625975;50.0;;;;;;Interpoliert;129.0;-3.64;asphalt;primary;Deutsche-Telekom-Allee;2;Kurs 6
Routenpunkt (Way);T;;49.86603;8.625995;50.0;;;;;;Interpoliert (15m);128.4;-3.52;asphalt;primary;Deutsche-Telekom-Allee;2;Kurs 6
Routenpunkt (Way);T;;49.865929;8.626016;50.0;;;;;;Interpoliert (15m);128.2;-2.96;asphalt;primary;Deutsche-Telekom-Allee;2;Kurs 6
Routenpunkt (Way);T;Deutsche-Telekom-Allee;49.865828;8.626036;50.0;;;;;;Original OSM;128.0;-2.55;asphalt;primary;Deutsche-Telekom-Allee;2;Kurs 6
Routenpunkt (Way);T;;49.865737;8.626053;50.0;;;;;;Interpoliert (15m);127.8;-1.89;asphalt;primary;Deutsche-Telekom-Allee;2;Kurs 6
Routenpunkt (Way);T;;49.865647;8.626069;50.0;;;;;;Interpoliert (15m);127.6;-1.82;asphalt;primary;Deutsche-Telekom-Allee;2;Kurs 6
Routenpunkt (Way);T;Deutsche-Telekom-Allee;49.865556;8.626086;50.0;;;;;;Interpoliert;127.4;-1.76;asphalt;primary;Deutsche-Telekom-Allee;2;Kurs 6
Routenpunkt (Way);T;Deutsche-Telekom-Allee;49.865434;8.626128;50.0;;;;;;Interpoliert;127.2;-1.37;asphalt;primary;Deutsche-Telekom-Allee;2;Kurs 6
Routenpunkt (Way);T;Deutsche-Telekom-Allee;49.865312;8.626169;50.0;;;;;;Interpoliert;127.0;-0.97;asphalt;primary;Deutsche-Telekom-Allee;2;Kurs 6
Routenpunkt (Way);T;Deutsche-Telekom-Allee;49.86519;8.626211;50.0;;;;;;Interpoliert;127.0;-0.58;asphalt;primary;Deutsche-Telekom-Allee;2;Kurs 6
Routenpunkt (Way);T;Deutsche-Telekom-Allee;49.865068;8.626253;50.0;;;;;;Original OSM;127.0;-0.29;asphalt;primary;Deutsche-Telekom-Allee;2;Kurs 6
Routenpunkt (Way);T;Deutsche-Telekom-Allee;49.864937;8.626296;50.0;;;;;;Interpoliert;127.0;0.0;asphalt;primary;Deutsche-Telekom-Allee;2;Kurs 6
Routenpunkt (Way);T;Deutsche-Telekom-Allee;49.864806;8.62634;50.0;;;;;;Interpoliert;127.0;0.0;asphalt;primary;Deutsche-Telekom-Allee;2;Kurs 6
Routenpunkt (Way);T;Deutsche-Telekom-Allee;49.864675;8.626383;50.0;;;;;;Original OSM;127.0;-0.37;asphalt;primary;Deutsche-Telekom-Allee;2;Kurs 6
Routenpunkt (Way);T;Deutsche-Telekom-Allee;49.86458;8.626415;50.0;;;;;;Interpoliert;127.0;-0.65;asphalt;primary;Deutsche-Telekom-Allee;2;Kurs 6
Routenpunkt (Way);T;Deutsche-Telekom-Allee;49.864485;8.626447;50.0;;;;;;Interpoliert;126.8;-1.18;asphalt;primary;Deutsche-Telekom-Allee;2;Kurs 6
Routenpunkt (Way);T;Deutsche-Telekom-Allee;49.86436;8.626488;50.0;;;;;;Original OSM;126.6;-1.71;asphalt;primary;Deutsche-Telekom-Allee;2;Kurs 6
Routenpunkt (Way);T;;49.864293;8.62651;50.0;;;;;;Interpoliert (15m);126.4;-2.04;asphalt;primary;Deutsche-Telekom-Allee;2;Kurs 6
Routenpunkt (Way);T;Deutsche-Telekom-Allee;49.864227;8.626532;50.0;;;;;;Interpoliert;126.2;-1.41;asphalt;primary;Deutsche-Telekom-Allee;2;Kurs 6
Routenpunkt (Way);T;Deutsche-Telekom-Allee;49.86412;8.626568;50.0;;;;;;Original OSM;126.0;-0.87;asphalt;primary;Deutsche-Telekom-Allee;2;Kurs 6
Routenpunkt (Way);T;;49.864051;8.626591;50.0;;;;;;Interpoliert (15m);126.1;-0.08;asphalt;primary;Deutsche-Telekom-Allee;2;Kurs 6
Routenpunkt (Way);T;Deutsche-Telekom-Allee;49.863982;8.626614;50.0;;;;;;Original OSM;126.2;0.71;asphalt;primary;Deutsche-Telekom-Allee;2;Kurs 6
Routenpunkt (Way);T;;49.863915;8.626636;50.0;;;;;;Interpoliert (15m);126.3;1.18;asphalt;primary;Deutsche-Telekom-Allee;2;Kurs 6
Routenpunkt (Way);T;Deutsche-Telekom-Allee;49.863848;8.626658;50.0;;;;;;Interpoliert;126.4;1.37;asphalt;primary;Deutsche-Telekom-Allee;2;Kurs 6
Routenpunkt (Way);T;Deutsche-Telekom-Allee;49.863728;8.626698;50.0;;;;;;Interpoliert;126.5;1.56;asphalt;primary;Deutsche-Telekom-Allee;2;Kurs 6
Routenpunkt (Way);T;Deutsche-Telekom-Allee;49.863609;8.626737;50.0;;;;;;Interpoliert;126.8;1.74;asphalt;primary;Deutsche-Telekom-Allee;2;Kurs 6
Routenpunkt (Way);T;Deutsche-Telekom-Allee;49.86349;8.626777;50.0;;;;;;Interpoliert;127.1;1.92;asphalt;primary;Deutsche-Telekom-Allee;2;Kurs 6
Routenpunkt (Way);T;Deutsche-Telekom-Allee;49.863371;8.626817;50.0;;;;;;Interpoliert;127.4;2.21;asphalt;primary;Deutsche-Telekom-Allee;2;Kurs 6
Routenpunkt (Way);T;Deutsche-Telekom-Allee;49.863251;8.626856;50.0;;;;;;Interpoliert;127.7;1.77;asphalt;primary;Deutsche-Telekom-Allee;2;Kurs 6
Routenpunkt (Way);T;Deutsche-Telekom-Allee;49.863132;8.626896;50.0;;;;;;Interpoliert;128.0;1.33;asphalt;primary;Deutsche-Telekom-Allee;2;Kurs 6
Routenpunkt (Way);T;;49.863059;8.62692;50.0;;;;;;Interpoliert (15m);128.0;0.73;asphalt;primary;Deutsche-Telekom-Allee;2;Kurs 6
Routenpunkt (Way);T;Deutsche-Telekom-Allee;49.862986;8.626944;50.0;;;;;;Original OSM;128.0;0.13;asphalt;primary;Deutsche-Telekom-Allee;2;Kurs 6
Routenpunkt (Way);T;;49.862872;8.626982;50.0;;;;;;Interpoliert (15m);127.9;-0.48;asphalt;primary;Deutsche-Telekom-Allee;2;Kurs 6
Routenpunkt (Way);T;Deutsche-Telekom-Allee;49.862759;8.62702;50.0;;;;;;Original OSM;127.8;-0.65;asphalt;primary;Deutsche-Telekom-Allee;2;Kurs 6
Routenpunkt (Way);T;Deutsche-Telekom-Allee;49.862657;8.627054;50.0;;;;;;Interpoliert;127.7;-0.81;asphalt;primary;Deutsche-Telekom-Allee;2;Kurs 6
Routenpunkt (Way);T;Deutsche-Telekom-Allee;49.862554;8.627088;50.0;;;;;;Interpoliert;127.6;-0.82;asphalt;primary;Deutsche-Telekom-Allee;2;Kurs 6
Routenpunkt (Way);A;Ampel;49.862446;8.62704;50.0;;;;;;Interpoliert (15m);127.5;-0.9;asphalt;primary;Deutsche-Telekom-Allee;2;Kurs 6
Routenpunkt (Way);T;Deutsche-Telekom-Allee;49.862339;8.626992;50.0;;;;;;Original OSM;127.4;-0.96;asphalt;residential;Hilpertstraße;2;Kurs 6
Routenpunkt (Way);T;;49.862312;8.626881;50.0;;;;;;Interpoliert (15m);127.3;-0.96;asphalt;residential;Hilpertstraße;2;Kurs 6
Haltestelle;W;Darmstadt T-Online-Allee;49.862286;8.62677;50.0;;;Kein Umlauf;Mo,Di,Mi,Do,Fr;446.0;Original GTFS (Snap-Distanz 1m) | Auf Route gesnappt (1m);127.2;-0.97;asphalt;residential;Hilpertstraße;2;Kurs 6
Routenpunkt (Way);T;;49.862262;8.62661;50.0;;;;;;Interpoliert (15m);127.1;-0.53;asphalt;residential;Hilpertstraße;2;Kurs 6
Routenpunkt (Way);T;Hilpertstraße;49.862238;8.62645;50.0;;;;;;Original OSM;127.0;0.07;asphalt;residential;Hilpertstraße;2;Kurs 6
Routenpunkt (Way);T;Hilpertstraße;49.862209;8.626254;50.0;;;;;;Original OSM;127.2;0.67;paving_stones;residential;Hilpertstraße;2;Kurs 6
Routenpunkt (Way);T;Hilpertstraße;49.862187;8.626106;50.0;;;;;;Interpoliert;127.4;1.35;paving_stones;residential;Hilpertstraße;2;Kurs 6
Routenpunkt (Way);T;Hilpertstraße;49.862165;8.625958;50.0;;;;;;Interpoliert;127.6;2.03;paving_stones;residential;Hilpertstraße;2;Kurs 6
Routenpunkt (Way);T;;49.862149;8.625851;50.0;;;;;;Interpoliert (15m);127.8;2.09;paving_stones;residential;Hilpertstraße;2;Kurs 6
Routenpunkt (Way);T;Hilpertstraße;49.862134;8.625743;50.0;;;;;;Original OSM;128.0;2.07;paving_stones;residential;Hilpertstraße;2;Kurs 6
Routenpunkt (Way);T;;49.862111;8.625584;50.0;;;;;;Interpoliert (15m);128.2;2.04;paving_stones;residential;Hilpertstraße;2;Kurs 6
Routenpunkt (Way);T;;49.862089;8.625425;50.0;;;;;;Interpoliert (15m);128.4;1.81;paving_stones;residential;Hilpertstraße;2;Kurs 6
Routenpunkt (Way);T;Hilpertstraße;49.862067;8.625266;50.0;;;;;;Original OSM;128.6;1.58;paving_stones;residential;Hilpertstraße;2;Kurs 6
Routenpunkt (Way);T;;49.862041;8.625068;50.0;;;;;;Interpoliert (15m);128.8;1.24;paving_stones;residential;Hilpertstraße;2;Kurs 6
Routenpunkt (Way);T;Hilpertstraße;49.862015;8.624871;50.0;;;;;;Interpoliert;129.0;1.16;paving_stones;residential;Hilpertstraße;2;Kurs 6
Routenpunkt (Way);T;;49.862001;8.624765;50.0;;;;;;Interpoliert (15m);129.0;1.04;paving_stones;residential;Hilpertstraße;2;Kurs 6
Routenpunkt (Way);T;Hilpertstraße;49.861988;8.62466;50.0;;;;;;Original OSM;129.1;1.0;paving_stones;residential;Hilpertstraße;2;Kurs 6
Routenpunkt (Way);T;;49.861974;8.624541;50.0;;;;;;Interpoliert (15m);129.2;0.87;paving_stones;residential;Hilpertstraße;2;Kurs 6
Routenpunkt (Way);T;Hilpertstraße;49.86196;8.624422;50.0;;;;;;Original OSM;129.3;1.02;paving_stones;residential;Hilpertstraße;2;Kurs 6
Routenpunkt (Way);T;Hilpertstraße;49.861938;8.624239;50.0;;;;;;Interpoliert;129.4;0.76;paving_stones;residential;Hilpertstraße;2;Kurs 6
Routenpunkt (Way);T;Hilpertstraße;49.861916;8.624056;50.0;;;;;;Original OSM;129.5;0.53;paving_stones;residential;Hilpertstraße;2;Kurs 6
Routenpunkt (Way);T;;49.861917;8.623901;50.0;;;;;;Interpoliert (15m);129.5;0.3;paving_stones;residential;Hilpertstraße;2;Kurs 6
Routenpunkt (Way);T;Hilpertstraße;49.861917;8.623746;50.0;;;;;;Original OSM;129.5;0.15;paving_stones;residential;Hilpertstraße;2;Kurs 6
Routenpunkt (Way);T;;49.861885;8.623605;50.0;;;;;;Interpoliert (15m);129.5;0.0;paving_stones;residential;Hilpertstraße;2;Kurs 6
Haltestelle;W;Darmstadt Hilpertstraße;49.861852;8.623465;50.0;08:05:00;08:05:00;Kein Umlauf;Mo,Di,Mi,Do,Fr;446.0;Original GTFS (Snap-Distanz 5m) | Auf Route gesnappt (7m);129.5;-0.56;paving_stones;residential;Hilpertstraße;2;Kurs 6
Routenpunkt (Way);T;Hilpertstraße;49.861836;8.623317;50.0;;;;;;Interpoliert;129.5;-0.96;paving_stones;residential;Hilpertstraße;2;Kurs 6
Routenpunkt (Way);T;Hilpertstraße;49.86182;8.623169;50.0;;;;;;Interpoliert;129.2;-1.61;paving_stones;residential;Hilpertstraße;2;Kurs 6
Routenpunkt (Way);T;Hilpertstraße;49.8618;8.622965;50.0;;;;;;Original OSM;128.9;-2.26;paving_stones;residential;Hilpertstraße;2;Kurs 6
Routenpunkt (Way);T;;49.861792;8.622836;50.0;;;;;;Interpoliert (15m);128.6;-2.68;paving_stones;residential;Hilpertstraße;2;Kurs 6
Routenpunkt (Way);T;Hilpertstraße;49.861784;8.622708;50.0;;;;;;Original OSM;128.3;-2.41;paving_stones;residential;Hilpertstraße;2;Kurs 6
Routenpunkt (Way);T;;49.861656;8.622723;50.0;;;;;;Interpoliert (15m);128.0;-2.28;paving_stones;residential;Kleyerstraße;2;Kurs 6
Routenpunkt (Way);T;Kleyerstraße;49.861529;8.622739;50.0;;;;;;Original OSM;127.8;-2.2;paving_stones;residential;Kleyerstraße;2;Kurs 6
Routenpunkt (Way);T;;49.861403;8.622772;50.0;;;;;;Interpoliert (15m);127.6;-2.11;paving_stones;residential;Kleyerstraße;2;Kurs 6
Routenpunkt (Way);T;Kleyerstraße;49.861277;8.622806;50.0;;;;;;Interpoliert;127.2;-2.25;paving_stones;residential;Kleyerstraße;2;Kurs 6
Routenpunkt (Way);T;Kleyerstraße;49.861152;8.622847;50.0;;;;;;Interpoliert;126.8;-2.25;paving_stones;residential;Kleyerstraße;2;Kurs 6
Routenpunkt (Way);T;Kleyerstraße;49.861027;8.622888;50.0;;;;;;Interpoliert;126.4;-2.25;paving_stones;residential;Kleyerstraße;2;Kurs 6
Routenpunkt (Way);T;;49.860902;8.622929;50.0;;;;;;Interpoliert (15m);126.2;-1.99;paving_stones;residential;Kleyerstraße;2;Kurs 6
Routenpunkt (Way);T;Kleyerstraße;49.860777;8.62297;50.0;;;;;;Original OSM;126.0;-1.72;paving_stones;residential;Kleyerstraße;2;Kurs 6
Routenpunkt (Way);T;;49.860658;8.623009;50.0;;;;;;Interpoliert (15m);125.8;-1.44;paving_stones;residential;Kleyerstraße;2;Kurs 6
Routenpunkt (Way);T;Kleyerstraße;49.86054;8.623048;50.0;;;;;;Original OSM;125.6;-1.53;paving_stones;residential;Kleyerstraße;2;Kurs 6
Routenpunkt (Way);T;Kleyerstraße;49.860413;8.62304;50.0;;;;;;Interpoliert;125.4;-1.6;paving_stones;residential;Kleyerstraße;2;Kurs 6
Routenpunkt (Way);T;Rosa-Parks-Straße;49.860316;8.623058;50.0;;;;;;Interpoliert;125.2;-1.3;paving_stones;residential;Kleyerstraße;2;Kurs 6
Routenpunkt (Way);T;Rosa-Parks-Straße;49.860221;8.623111;50.0;;;;;;Original OSM;125.0;-1.01;paving_stones;residential;Kleyerstraße;2;Kurs 6
Haltestelle;W;Darmstadt von Taxis;49.860215;8.623155;50.0;08:07:00;08:07:00;Kein Umlauf;Mo,Di,Mi,Do,Fr;446.0;Original GTFS (Snap-Distanz 3m) | Auf Route gesnappt (3m);125.0;-0.72;paving_stones;residential;Kleyerstraße;2;Kurs 6
Routenpunkt (Way);T;Kleyerstraße;49.860203;8.623159;50.0;;;;;;Original OSM;125.0;-0.36;paving_stones;residential;Kleyerstraße;2;Kurs 6
Routenpunkt (Way);T;Kleyerstraße;49.860093;8.623195;50.0;;;;;;Original OSM;125.0;0.0;paving_stones;residential;Kleyerstraße;2;Kurs 6
Routenpunkt (Way);T;Kleyerstraße;49.859988;8.623229;50.0;;;;;;Interpoliert;125.0;0.0;paving_stones;residential;Kleyerstraße;2;Kurs 6
Routenpunkt (Way);T;Kleyerstraße;49.859882;8.623264;50.0;;;;;;Interpoliert;125.0;0.0;paving_stones;residential;Kleyerstraße;2;Kurs 6
Routenpunkt (Way);T;Kleyerstraße;49.859776;8.623299;50.0;;;;;;Interpoliert;125.0;-0.17;paving_stones;residential;Kleyerstraße;2;Kurs 6
Routenpunkt (Way);T;Kleyerstraße;49.859671;8.623333;50.0;;;;;;Interpoliert;125.0;-0.32;paving_stones;residential;Kleyerstraße;2;Kurs 6
Routenpunkt (Way);T;Kleyerstraße;49.859566;8.623368;50.0;;;;;;Original OSM;124.9;-0.48;paving_stones;residential;Kleyerstraße;2;Kurs 6
Routenpunkt (Way);T;Kleyerstraße;49.859452;8.623405;50.0;;;;;;Interpoliert;124.8;-0.63;paving_stones;residential;Kleyerstraße;2;Kurs 6
Routenpunkt (Way);T;Kleyerstraße;49.859339;8.623443;50.0;;;;;;Interpoliert;124.7;-0.79;paving_stones;residential;Kleyerstraße;2;Kurs 6
Routenpunkt (Way);T;Kleyerstraße;49.859225;8.62348;50.0;;;;;;Interpoliert;124.6;-0.79;paving_stones;residential;Kleyerstraße;2;Kurs 6
Routenpunkt (Way);T;Kleyerstraße;49.859112;8.623517;50.0;;;;;;Interpoliert;124.5;-0.8;paving_stones;residential;Kleyerstraße;2;Kurs 6
Routenpunkt (Way);T;;49.859004;8.62353;50.0;;;;;;Interpoliert (15m);124.4;-0.78;paving_stones;residential;Kleyerstraße;2;Kurs 6
Routenpunkt (Way);T;Kleyerstraße;49.858895;8.623542;50.0;;;;;;Original OSM;124.3;-1.18;paving_stones;residential;Kleyerstraße;2;Kurs 6
Haltestelle;W;Darmstadt Kleyerstraße;49.858769;8.623554;50.0;08:08:00;08:08:00;Kein Umlauf;Mo,Di,Mi,Do,Fr;446.0;Original GTFS (Snap-Distanz 22m) | Auf Route gesnappt (22m);124.2;-1.36;paving_stones;residential;Kleyerstraße;2;Kurs 6
Routenpunkt (Way);T;Kleyerstraße;49.858765;8.623604;50.0;;;;;;Original OSM;124.1;-1.37;paving_stones;residential;Kleyerstraße;2;Kurs 6
Routenpunkt (Way);T;;49.858666;8.623658;50.0;;;;;;Interpoliert (15m);123.9;-1.4;paving_stones;residential;Kleyerstraße;2;Kurs 6
Routenpunkt (Way);T;Kleyerstraße;49.858566;8.623712;50.0;;;;;;Original OSM;123.8;-1.45;paving_stones;residential;Kleyerstraße;2;Kurs 6
Routenpunkt (Way);T;;49.858477;8.623753;50.0;;;;;;Interpoliert (15m);123.7;-1.09;asphalt;residential;Kleyerstraße;2;Kurs 6
Routenpunkt (Way);T;;49.858388;8.623794;50.0;;;;;;Interpoliert (15m);123.6;-0.92;asphalt;residential;Kleyerstraße;2;Kurs 6
Routenpunkt (Way);T;Kleyerstraße;49.858299;8.623836;50.0;;;;;;Interpoliert;123.5;-0.92;asphalt;residential;Kleyerstraße;2;Kurs 6
Routenpunkt (Way);T;Kleyerstraße;49.858198;8.623874;50.0;;;;;;Interpoliert;123.4;-0.9;asphalt;residential;Kleyerstraße;2;Kurs 6
Routenpunkt (Way);T;Kleyerstraße;49.858096;8.623912;50.0;;;;;;Original OSM;123.3;-0.88;asphalt;residential;Kleyerstraße;2;Kurs 6
Routenpunkt (Way);T;Kleyerstraße;49.857993;8.623945;50.0;;;;;;Interpoliert;123.2;-0.86;asphalt;residential;Kleyerstraße;2;Kurs 6
Routenpunkt (Way);T;Kleyerstraße;49.85789;8.623979;50.0;;;;;;Interpoliert;123.1;-0.68;asphalt;residential;Kleyerstraße;2;Kurs 6
Routenpunkt (Way);T;Kleyerstraße;49.857787;8.624012;50.0;;;;;;Original OSM;123.0;-0.51;asphalt;residential;Kleyerstraße;2;Kurs 6
Routenpunkt (Way);T;Kleyerstraße;49.85767;8.624051;50.0;;;;;;Interpoliert;123.0;-0.34;asphalt;residential;Kleyerstraße;2;Kurs 6
Routenpunkt (Way);T;Kleyerstraße;49.857554;8.62409;50.0;;;;;;Original OSM;123.0;-0.17;asphalt;residential;Kleyerstraße;2;Kurs 6
Routenpunkt (Way);T;Kleyerstraße;49.857432;8.62413;50.0;;;;;;Interpoliert;123.0;0.0;asphalt;residential;Kleyerstraße;2;Kurs 6
Routenpunkt (Way);T;Kleyerstraße;49.857309;8.62417;50.0;;;;;;Interpoliert;123.0;0.0;asphalt;residential;Kleyerstraße;2;Kurs 6
Routenpunkt (Way);T;Kleyerstraße;49.857186;8.624209;50.0;;;;;;Interpoliert;123.0;0.0;asphalt;residential;Kleyerstraße;2;Kurs 6
Routenpunkt (Way);T;Kleyerstraße;49.857064;8.624249;50.0;;;;;;Interpoliert;123.0;0.0;asphalt;residential;Kleyerstraße;2;Kurs 6
Routenpunkt (Way);T;Kleyerstraße;49.856941;8.624289;50.0;;;;;;Interpoliert;123.0;0.0;asphalt;residential;Kleyerstraße;2;Kurs 6
Routenpunkt (Way);T;Kleyerstraße;49.856819;8.624329;50.0;;;;;;Interpoliert;123.0;0.0;asphalt;residential;Kleyerstraße;2;Kurs 6
Routenpunkt (Way);T;Kleyerstraße;49.856696;8.624368;50.0;;;;;;Interpoliert;123.0;0.0;asphalt;residential;Kleyerstraße;2;Kurs 6
Routenpunkt (Way);T;Kleyerstraße;49.856573;8.624408;50.0;;;;;;Interpoliert;123.0;0.0;asphalt;residential;Kleyerstraße;2;Kurs 6
Routenpunkt (Way);T;Kleyerstraße;49.856451;8.624448;50.0;;;;;;Original OSM;123.0;0.0;asphalt;residential;Kleyerstraße;2;Kurs 6
Routenpunkt (Way);T;Kleyerstraße;49.856346;8.624481;50.0;;;;;;Interpoliert;123.0;0.0;asphalt;residential;Kleyerstraße;2;Kurs 6
Haltestelle;W;Darmstadt Mahatma-Gandhi-Str.;49.856346;8.624481;50.0;08:10:00;08:10:00;Kein Umlauf;Mo,Di,Mi,Do,Fr;446.0;Original GTFS (Snap-Distanz 14m) | Auf Route gesnappt (14m);123.0;0.0;asphalt;residential;Kleyerstraße;2;Kurs 6
Routenpunkt (Way);T;Kleyerstraße;49.856242;8.624514;50.0;;;;;;Interpoliert;123.0;0.0;asphalt;residential;Kleyerstraße;2;Kurs 6
Routenpunkt (Way);T;Kleyerstraße;49.856134;8.624521;50.0;;;;;;Original OSM;123.0;0.0;asphalt;residential;Mahatma-Gandhi-Straße;2;Kurs 6
Routenpunkt (Way);T;Mahatma-Gandhi-Straße;49.856106;8.624332;30.0;;;;;;Interpoliert;123.0;-0.2;asphalt;residential;Mahatma-Gandhi-Straße;2;Kurs 6
Routenpunkt (Way);T;Mahatma-Gandhi-Straße;49.856085;8.624195;30.0;;;;;;Interpoliert;123.0;-0.34;asphalt;residential;Mahatma-Gandhi-Straße;2;Kurs 6
Routenpunkt (Way);T;Mahatma-Gandhi-Straße;49.856065;8.624057;30.0;;;;;;Original OSM;122.9;-0.48;asphalt;residential;Mahatma-Gandhi-Straße;2;Kurs 6
Routenpunkt (Way);T;Mahatma-Gandhi-Straße;49.856037;8.623865;30.0;;;;;;Interpoliert;122.8;-0.62;asphalt;residential;Mahatma-Gandhi-Straße;2;Kurs 6
Routenpunkt (Way);T;Mahatma-Gandhi-Straße;49.85601;8.623673;30.0;;;;;;Interpoliert;122.7;-0.77;asphalt;residential;;2;Kurs 6
Routenpunkt (Way);T;Mahatma-Gandhi-Straße;49.855983;8.623481;30.0;;;;;;Interpoliert;122.6;-0.57;asphalt;residential;Mahatma-Gandhi-Straße;2;Kurs 6
Routenpunkt (Way);T;Mahatma-Gandhi-Straße;49.855955;8.623289;30.0;;;;;;Interpoliert;122.5;-0.43;asphalt;residential;Mahatma-Gandhi-Straße;2;Kurs 6
Routenpunkt (Way);T;Mahatma-Gandhi-Straße;49.855928;8.623097;30.0;;;;;;Interpoliert;122.5;-0.28;asphalt;residential;Mahatma-Gandhi-Straße;2;Kurs 6
Routenpunkt (Way);T;Mahatma-Gandhi-Straße;49.855901;8.622905;30.0;;;;;;Interpoliert;122.5;-0.14;asphalt;residential;Mahatma-Gandhi-Straße;2;Kurs 6
Routenpunkt (Way);T;Mahatma-Gandhi-Straße;49.855874;8.622713;30.0;;;;;;Interpoliert;122.5;0.43;asphalt;residential;Mahatma-Gandhi-Straße;2;Kurs 6
Routenpunkt (Way);T;Mahatma-Gandhi-Straße;49.855846;8.622522;30.0;;;;;;Interpoliert;122.5;0.99;asphalt;residential;Mahatma-Gandhi-Straße;2;Kurs 6
Routenpunkt (Way);T;Mahatma-Gandhi-Straße;49.855819;8.62233;30.0;;;;;;Interpoliert;122.8;1.59;asphalt;residential;Mahatma-Gandhi-Straße;2;Kurs 6
Routenpunkt (Way);T;Mahatma-Gandhi-Straße;49.855792;8.622138;30.0;;;;;;Original OSM;123.2;2.19;asphalt;residential;Mahatma-Gandhi-Straße;2;Kurs 6
Routenpunkt (Way);T;Mahatma-Gandhi-Straße;49.85576;8.621958;30.0;;;;;;Interpoliert;123.6;2.79;asphalt;residential;Mahatma-Gandhi-Straße;2;Kurs 6
Routenpunkt (Way);T;Mahatma-Gandhi-Straße;49.855729;8.621778;30.0;;;;;;Interpoliert;124.0;3.34;asphalt;residential;Mahatma-Gandhi-Straße;2;Kurs 6
Routenpunkt (Way);T;Mahatma-Gandhi-Straße;49.855698;8.621598;30.0;;;;;;Interpoliert;124.4;3.5;asphalt;residential;Mahatma-Gandhi-Straße;2;Kurs 6
Routenpunkt (Way);T;;49.855678;8.621487;30.0;;;;;;Interpoliert (15m);124.8;3.3;asphalt;residential;Mahatma-Gandhi-Straße;2;Kurs 6
Routenpunkt (Way);T;Mahatma-Gandhi-Straße;49.855659;8.621376;30.0;;;;;;Original OSM;125.1;2.97;asphalt;residential;Mahatma-Gandhi-Straße;2;Kurs 6
Routenpunkt (Way);T;Bergschneise;49.855527;8.621414;50.0;;;;;;Interpoliert;125.4;2.64;asphalt;residential;Mahatma-Gandhi-Straße;2;Kurs 6
Routenpunkt (Way);T;Bergschneise;49.855398;8.621472;50.0;;;;;;Interpoliert;125.6;1.53;paving_stones;unclassified;Bergschneise;2;Kurs 6
Routenpunkt (Way);T;Bergschneise;49.855269;8.62153;50.0;;;;;;Interpoliert;125.8;0.67;paving_stones;unclassified;Bergschneise;2;Kurs 6
Routenpunkt (Way);T;Bergschneise;49.855141;8.621589;50.0;;;;;;Interpoliert;125.7;0.13;paving_stones;unclassified;Bergschneise;2;Kurs 6
Routenpunkt (Way);T;Bergschneise;49.855012;8.621647;50.0;;;;;;Interpoliert;125.6;-0.27;paving_stones;unclassified;Bergschneise;2;Kurs 6
Routenpunkt (Way);T;Bergschneise;49.854884;8.621705;50.0;;;;;;Interpoliert;125.5;-0.54;paving_stones;unclassified;Bergschneise;2;Kurs 6
Routenpunkt (Way);T;Bergschneise;49.854755;8.621764;50.0;;;;;;Interpoliert;125.4;-0.4;paving_stones;unclassified;Bergschneise;2;Kurs 6
Routenpunkt (Way);T;Bergschneise;49.854626;8.621822;50.0;;;;;;Interpoliert;125.4;-0.27;paving_stones;unclassified;Bergschneise;2;Kurs 6
Routenpunkt (Way);T;Bergschneise;49.854498;8.62188;50.0;;;;;;Interpoliert;125.4;-0.13;paving_stones;unclassified;Bergschneise;2;Kurs 6
Routenpunkt (Way);T;Bergschneise;49.854369;8.621939;50.0;;;;;;Interpoliert;125.4;0.13;paving_stones;unclassified;Bergschneise;2;Kurs 6
Routenpunkt (Way);T;Bergschneise;49.854241;8.621997;50.0;;;;;;Interpoliert;125.4;0.31;paving_stones;unclassified;Bergschneise;2;Kurs 6
Routenpunkt (Way);T;Bergschneise;49.854112;8.622055;50.0;;;;;;Original OSM;125.5;0.49;paving_stones;unclassified;Bergschneise;2;Kurs 6
Routenpunkt (Way);T;Bergschneise;49.854016;8.622097;50.0;;;;;;Interpoliert;125.6;0.67;paving_stones;unclassified;Bergschneise;2;Kurs 6
Routenpunkt (Way);T;Bergschneise;49.853919;8.622139;50.0;;;;;;Interpoliert;125.7;0.9;paving_stones;unclassified;Bergschneise;2;Kurs 6
Routenpunkt (Way);T;Bergschneise;49.853822;8.622181;50.0;;;;;;Original OSM;125.8;0.77;paving_stones;unclassified;Bergschneise;2;Kurs 6
Routenpunkt (Way);T;;49.85375;8.622227;50.0;;;;;;Interpoliert (15m);125.9;0.33;paving_stones;unclassified;Bergschneise;2;Kurs 6
Routenpunkt (Way);T;Bergschneise;49.853678;8.622274;50.0;;;;;;Original OSM;125.9;-0.11;paving_stones;unclassified;Bergschneise;2;Kurs 6
Routenpunkt (Way);T;;49.853617;8.622327;50.0;;;;;;Interpoliert (15m);125.8;0.47;paving_stones;unclassified;Bergschneise;2;Kurs 6
Routenpunkt (Way);T;Bergschneise;49.853557;8.62238;50.0;;;;;;Original OSM;125.7;1.0;paving_stones;unclassified;Bergschneise;2;Kurs 6
Routenpunkt (Way);T;;49.8535;8.622446;50.0;;;;;;Interpoliert (15m);126.0;1.77;paving_stones;unclassified;Bergschneise;2;Kurs 6
Routenpunkt (Way);T;Bergschneise;49.853443;8.622512;50.0;;;;;;Original OSM;126.3;2.8;paving_stones;unclassified;Bergschneise;2;Kurs 6
Routenpunkt (Way);T;;49.853393;8.622588;50.0;;;;;;Interpoliert (15m);126.6;3.57;paving_stones;unclassified;Bergschneise;2;Kurs 6
Routenpunkt (Way);T;Bergschneise;49.853342;8.622663;50.0;;;;;;Original OSM;126.9;2.96;paving_stones;unclassified;Bergschneise;2;Kurs 6
Routenpunkt (Way);T;Bergschneise;49.853275;8.622789;50.0;;;;;;Original OSM;127.2;2.39;paving_stones;unclassified;Bergschneise;2;Kurs 6
Routenpunkt (Way);T;Bergschneise;49.853212;8.622949;50.0;;;;;;Original OSM;127.3;2.07;paving_stones;unclassified;Bergschneise;2;Kurs 6
Routenpunkt (Way);T;Bergschneise;49.853172;8.623076;50.0;;;;;;Original OSM;127.4;1.75;paving_stones;unclassified;Bergschneise;2;Kurs 6
Routenpunkt (Way);T;;49.853143;8.623193;50.0;;;;;;Interpoliert (15m);127.6;1.66;paving_stones;unclassified;Bergschneise;2;Kurs 6
Routenpunkt (Way);T;Bergschneise;49.853115;8.62331;50.0;;;;;;Original OSM;127.8;1.3;paving_stones;unclassified;Bergschneise;2;Kurs 6
Routenpunkt (Way);T;;49.853088;8.623435;50.0;;;;;;Interpoliert (15m);128.0;0.96;paving_stones;unclassified;Bergschneise;2;Kurs 6
Routenpunkt (Way);T;Bergschneise;49.853062;8.62356;50.0;;;;;;Interpoliert;127.9;0.37;paving_stones;unclassified;Bergschneise;2;Kurs 6
Routenpunkt (Way);T;Bergschneise;49.853024;8.623746;50.0;;;;;;Interpoliert;127.8;-0.21;paving_stones;unclassified;Bergschneise;2;Kurs 6
Routenpunkt (Way);T;Bergschneise;49.852985;8.623932;50.0;;;;;;Interpoliert;127.7;-0.78;paving_stones;unclassified;Bergschneise;2;Kurs 6
Routenpunkt (Way);T;Bergschneise;49.852946;8.624119;50.0;;;;;;Interpoliert;127.6;-0.38;paving_stones;unclassified;Bergschneise;2;Kurs 6
Routenpunkt (Way);T;Bergschneise;49.852907;8.624305;50.0;;;;;;Interpoliert;127.5;-0.05;paving_stones;unclassified;Bergschneise;2;Kurs 6
Routenpunkt (Way);T;;49.852869;8.624443;50.0;;;;;;Interpoliert (15m);127.6;-0.47;paving_stones;unclassified;Bergschneise;2;Kurs 6
Routenpunkt (Way);T;;49.852831;8.624581;50.0;;;;;;Interpoliert (15m);127.7;-1.1;paving_stones;unclassified;Bergschneise;2;Kurs 6
Routenpunkt (Way);T;Bergschneise;49.852794;8.624718;50.0;;;;;;Original OSM;127.4;-1.47;paving_stones;unclassified;Bergschneise;2;Kurs 6
Routenpunkt (Way);T;;49.852724;8.624711;50.0;;;;;;Interpoliert (15m);127.1;-2.08;paving_stones;unclassified;Bergschneise;2;Kurs 6
Routenpunkt (Way);T;Eschollbrücker Straße;49.852654;8.624703;50.0;;;;;;Interpoliert;126.9;-2.7;paving_stones;unclassified;Bergschneise;2;Kurs 6
Routenpunkt (Way);T;Eschollbrücker Straße;49.852567;8.624561;50.0;;;;;;Interpoliert;126.6;-2.57;paving_stones;unclassified;;2;Kurs 6
Routenpunkt (Way);T;Eschollbrücker Straße;49.85248;8.624419;50.0;;;;;;Interpoliert;126.3;-2.22;asphalt;secondary;Eschollbrücker Straße;2;Kurs 6
Routenpunkt (Way);T;Eschollbrücker Straße;49.852393;8.624277;50.0;;;;;;Interpoliert;126.0;-2.14;asphalt;secondary;Eschollbrücker Straße;2;Kurs 6
Routenpunkt (Way);T;Eschollbrücker Straße;49.852306;8.624136;50.0;;;;;;Interpoliert;125.7;-2.14;asphalt;secondary;Eschollbrücker Straße;2;Kurs 6
Routenpunkt (Way);T;Eschollbrücker Straße;49.85222;8.623994;50.0;;;;;;Interpoliert;125.4;-2.14;asphalt;secondary;Eschollbrücker Straße;2;Kurs 6
Routenpunkt (Way);T;Eschollbrücker Straße;49.852133;8.623852;50.0;;;;;;Interpoliert;125.1;-1.57;asphalt;secondary;Eschollbrücker Straße;2;Kurs 6
Routenpunkt (Way);T;Eschollbrücker Straße;49.852046;8.62371;50.0;;;;;;Interpoliert;124.8;-1.0;asphalt;secondary;Eschollbrücker Straße;2;Kurs 6
Routenpunkt (Way);T;Eschollbrücker Straße;49.851959;8.623568;50.0;;;;;;Interpoliert;124.9;-0.57;asphalt;secondary;Eschollbrücker Straße;2;Kurs 6
Routenpunkt (Way);T;Eschollbrücker Straße;49.851872;8.623427;50.0;;;;;;Interpoliert;125.0;-0.14;asphalt;secondary;Eschollbrücker Straße;2;Kurs 6
Routenpunkt (Way);T;Eschollbrücker Straße;49.851785;8.623285;50.0;;;;;;Interpoliert;125.0;1.0;asphalt;secondary;Eschollbrücker Straße;2;Kurs 6
Routenpunkt (Way);T;Eschollbrücker Straße;49.851698;8.623143;50.0;;;;;;Interpoliert;125.0;1.57;asphalt;secondary;Eschollbrücker Straße;2;Kurs 6
Routenpunkt (Way);T;Eschollbrücker Straße;49.851611;8.623001;50.0;;;;;;Interpoliert;125.5;2.14;asphalt;secondary;Eschollbrücker Straße;2;Kurs 6
Routenpunkt (Way);T;Eschollbrücker Straße;49.851524;8.622859;50.0;;;;;;Interpoliert;126.0;2.89;asphalt;secondary;Eschollbrücker Straße;2;Kurs 6
Routenpunkt (Way);T;Eschollbrücker Straße;49.851438;8.622718;50.0;;;;;;Original OSM;126.5;3.63;asphalt;secondary;Eschollbrücker Straße;2;Kurs 6
Routenpunkt (Way);T;Eschollbrücker Straße;49.851355;8.622582;50.0;;;;;;Interpoliert;127.0;3.67;asphalt;secondary;Eschollbrücker Straße;2;Kurs 6
Routenpunkt (Way);T;Eschollbrücker Straße;49.851272;8.622447;50.0;;;;;;Interpoliert;127.5;3.7;asphalt;secondary;Eschollbrücker Straße;2;Kurs 6
Routenpunkt (Way);T;Eschollbrücker Straße;49.851189;8.622311;50.0;;;;;;Interpoliert;128.0;3.83;asphalt;secondary;Eschollbrücker Straße;2;Kurs 6
Routenpunkt (Way);T;Eschollbrücker Straße;49.851106;8.622176;50.0;;;;;;Original OSM;128.5;3.43;asphalt;secondary;Eschollbrücker Straße;2;Kurs 6
Routenpunkt (Way);T;Eschollbrücker Straße;49.851033;8.622056;50.0;;;;;;Interpoliert;129.0;2.68;asphalt;secondary;Eschollbrücker Straße;2;Kurs 6
Routenpunkt (Way);T;Eschollbrücker Straße;49.85096;8.621936;50.0;;;;;;Interpoliert;129.2;1.93;asphalt;secondary;Eschollbrücker Straße;2;Kurs 6
Haltestelle;W;Darmstadt Fünfkirchner Straße VHbf;49.85096;8.621936;50.0;08:13:00;08:13:00;Kein Umlauf;Mo,Di,Mi,Do,Fr;446.0;Original GTFS (Snap-Distanz 1m) | Auf Route gesnappt (1m);129.7;1.19;asphalt;secondary;Eschollbrücker Straße;2;Kurs 6
Routenpunkt (Way);T;;49.850909;8.621852;50.0;;;;;;Interpoliert (15m);129.7;0.34;asphalt;secondary;Eschollbrücker Straße;2;Kurs 6
Routenpunkt (Way);T;Eschollbrücker Straße;49.850857;8.621768;50.0;;;;;;Original OSM;129.7;0.0;asphalt;secondary;Eschollbrücker Straße;2;Kurs 6
Routenpunkt (Way);T;;49.850799;8.621673;50.0;;;;;;Interpoliert (15m);129.7;0.0;asphalt;secondary;Eschollbrücker Straße;2;Kurs 6
Routenpunkt (Way);T;Eschollbrücker Straße;49.850742;8.621578;50.0;;;;;;Original OSM;129.7;-0.15;asphalt;secondary;Eschollbrücker Straße;2;Kurs 6
Routenpunkt (Way);T;Eschollbrücker Straße;49.850662;8.62145;50.0;;;;;;Original OSM;129.7;-0.29;asphalt;secondary;Eschollbrücker Straße;2;Kurs 6
Routenpunkt (Way);T;Eschollbrücker Straße;49.850578;8.621313;50.0;;;;;;Interpoliert;129.6;-0.44;asphalt;secondary;Eschollbrücker Straße;2;Kurs 6
Routenpunkt (Way);T;Eschollbrücker Straße;49.850493;8.621175;50.0;;;;;;Interpoliert;129.5;-0.29;asphalt;secondary;Eschollbrücker Straße;2;Kurs 6
Routenpunkt (Way);T;Eschollbrücker Straße;49.850408;8.621038;50.0;;;;;;Interpoliert;129.4;-0.59;asphalt;secondary;Eschollbrücker Straße;2;Kurs 6
Routenpunkt (Way);T;Eschollbrücker Straße;49.850323;8.620901;50.0;;;;;;Interpoliert;129.5;-0.73;asphalt;secondary;Eschollbrücker Straße;2;Kurs 6
Routenpunkt (Way);T;Eschollbrücker Straße;49.850239;8.620764;50.0;;;;;;Interpoliert;129.3;-0.88;asphalt;secondary;Eschollbrücker Straße;2;Kurs 6
Routenpunkt (Way);T;Eschollbrücker Straße;49.850154;8.620627;50.0;;;;;;Interpoliert;129.1;-1.03;asphalt;secondary;Eschollbrücker Straße;2;Kurs 6
Routenpunkt (Way);T;Eschollbrücker Straße;49.850069;8.620489;50.0;;;;;;Original OSM;128.9;-1.47;asphalt;secondary;Eschollbrücker Straße;2;Kurs 6
Routenpunkt (Way);T;Eschollbrücker Straße;49.849986;8.620353;50.0;;;;;;Interpoliert;128.7;-1.48;asphalt;secondary;Eschollbrücker Straße;2;Kurs 6
Routenpunkt (Way);T;Eschollbrücker Straße;49.849903;8.620216;50.0;;;;;;Interpoliert;128.5;-1.38;asphalt;secondary;Eschollbrücker Straße;2;Kurs 6
Routenpunkt (Way);T;Anne-Frank-Straße;49.84982;8.620079;30.0;;;;;;Original OSM;128.3;-1.23;asphalt;secondary;Eschollbrücker Straße;2;Kurs 6
Routenpunkt (Way);T;Anne-Frank-Straße;49.849733;8.620117;30.0;;;;;;Original OSM;128.2;-1.62;asphalt;unclassified;Anne-Frank-Straße;2;Kurs 6
Routenpunkt (Way);T;Anne-Frank-Straße;49.849609;8.620182;30.0;;;;;;Interpoliert;128.1;-2.07;asphalt;unclassified;Anne-Frank-Straße;2;Kurs 6
Routenpunkt (Way);T;Anne-Frank-Straße;49.849485;8.620246;30.0;;;;;;Interpoliert;127.6;-2.52;asphalt;unclassified;Anne-Frank-Straße;2;Kurs 6
Routenpunkt (Way);T;;49.849393;8.620291;30.0;;;;;;Interpoliert (15m);127.2;-3.07;asphalt;unclassified;Anne-Frank-Straße;2;Kurs 6
Routenpunkt (Way);T;Anne-Frank-Straße;49.849301;8.620336;30.0;;;;;;Original OSM;126.8;-3.69;asphalt;unclassified;Anne-Frank-Straße;2;Kurs 6
Routenpunkt (Way);T;;49.849209;8.620377;30.0;;;;;;Interpoliert (15m);126.4;-3.75;asphalt;unclassified;Anne-Frank-Straße;2;Kurs 6
Routenpunkt (Way);T;;49.849118;8.620417;30.0;;;;;;Interpoliert (15m);126.0;-3.76;asphalt;unclassified;Anne-Frank-Straße;2;Kurs 6
Routenpunkt (Way);T;Anne-Frank-Straße;49.849026;8.620457;30.0;;;;;;Original OSM;125.6;-3.77;asphalt;unclassified;Anne-Frank-Straße;2;Kurs 6
Routenpunkt (Way);T;;49.848934;8.620497;30.0;;;;;;Interpoliert (15m);125.2;-3.68;asphalt;unclassified;Anne-Frank-Straße;2;Kurs 6
Routenpunkt (Way);T;Anne-Frank-Straße;49.848842;8.620537;30.0;;;;;;Interpoliert;124.8;-3.7;asphalt;unclassified;Anne-Frank-Straße;2;Kurs 6
Routenpunkt (Way);T;Anne-Frank-Straße;49.848738;8.620583;30.0;;;;;;Original OSM;124.4;-2.94;asphalt;unclassified;Anne-Frank-Straße;2;Kurs 6
Routenpunkt (Way);T;Anne-Frank-Straße;49.848648;8.620623;30.0;;;;;;Interpoliert;124.0;-2.19;asphalt;unclassified;Anne-Frank-Straße;2;Kurs 6
Routenpunkt (Way);T;Anne-Frank-Straße;49.848558;8.620662;30.0;;;;;;Interpoliert;124.0;-1.43;asphalt;unclassified;Anne-Frank-Straße;2;Kurs 6
Routenpunkt (Way);T;Anne-Frank-Straße;49.848451;8.620709;30.0;;;;;;Original OSM;124.0;-0.77;asphalt;unclassified;Anne-Frank-Straße;2;Kurs 6
Routenpunkt (Way);T;Anne-Frank-Straße;49.848341;8.620757;30.0;;;;;;Original OSM;124.0;0.0;asphalt;unclassified;Anne-Frank-Straße;2;Kurs 6
Routenpunkt (Way);T;Anne-Frank-Straße;49.848237;8.620802;30.0;;;;;;Interpoliert;124.0;0.0;asphalt;unclassified;Anne-Frank-Straße;2;Kurs 6
Routenpunkt (Way);T;Anne-Frank-Straße;49.848132;8.620848;30.0;;;;;;Original OSM;124.0;0.0;asphalt;unclassified;Anne-Frank-Straße;2;Kurs 6
Routenpunkt (Way);T;;49.84806;8.62088;30.0;;;;;;Interpoliert (15m);124.0;0.0;asphalt;unclassified;Anne-Frank-Straße;2;Kurs 6
Routenpunkt (Way);T;Anne-Frank-Straße;49.847988;8.620911;30.0;;;;;;Original OSM;124.0;0.0;asphalt;unclassified;Anne-Frank-Straße;2;Kurs 6
Haltestelle;W;Darmstadt Anne-Frank-Straße;49.847974;8.620918;30.0;08:16:00;08:16:00;Kein Umlauf;Mo,Di,Mi,Do,Fr;446.0;Original GTFS (Snap-Distanz 3m) | Auf Route gesnappt (3m);124.0;0.0;asphalt;unclassified;Anne-Frank-Straße;2;Kurs 6
Routenpunkt (Way);T;Anne-Frank-Straße;49.847974;8.620918;30.0;08:19:00;08:19:00;;;;Original OSM;124.0;0.0;asphalt;unclassified;Anne-Frank-Straße;3;Kurs 6
Haltestelle;W;Darmstadt Anne-Frank-Straße;49.847974;8.620918;30.0;08:19:00;08:19:00;Kein Umlauf;Mo,Di,Mi,Do,Fr;446.0;Original GTFS (Snap-Distanz 3m) | Auf Route gesnappt (3m);124.0;-0.26;asphalt;unclassified;Anne-Frank-Straße;3;Kurs 6
Routenpunkt (Way);T;Anne-Frank-Straße;49.847966;8.620844;30.0;;;;;;Original OSM;124.0;-0.37;asphalt;unclassified;Anne-Frank-Straße;3;Kurs 6
Routenpunkt (Way);T;;49.84787;8.620925;30.0;;;;;;Interpoliert (15m);123.88;-0.5;asphalt;unclassified;Anne-Frank-Straße;3;Kurs 6
Routenpunkt (Way);T;Anne-Frank-Straße;49.847774;8.621006;30.0;;;;;;Original OSM;123.78;-0.68;asphalt;unclassified;Anne-Frank-Straße;3;Kurs 6
Routenpunkt (Way);T;Anne-Frank-Straße;49.847675;8.621049;30.0;;;;;;Interpoliert;123.7;-0.85;asphalt;unclassified;Anne-Frank-Straße;3;Kurs 6
Routenpunkt (Way);T;Anne-Frank-Straße;49.847576;8.621092;30.0;;;;;;Interpoliert;123.6;-0.79;asphalt;unclassified;Anne-Frank-Straße;3;Kurs 6
Routenpunkt (Way);T;Anne-Frank-Straße;49.847477;8.621135;30.0;;;;;;Original OSM;123.5;-0.78;asphalt;unclassified;Anne-Frank-Straße;3;Kurs 6
Routenpunkt (Way);T;Anne-Frank-Straße;49.847355;8.621188;30.0;;;;;;Original OSM;123.4;-0.84;asphalt;unclassified;Anne-Frank-Straße;3;Kurs 6
Routenpunkt (Way);T;Anne-Frank-Straße;49.847244;8.621237;30.0;;;;;;Interpoliert;123.3;-0.85;asphalt;unclassified;Anne-Frank-Straße;3;Kurs 6
Routenpunkt (Way);T;Anne-Frank-Straße;49.847156;8.621276;30.0;;;;;;Original OSM;123.2;-0.85;asphalt;unclassified;Anne-Frank-Straße;3;Kurs 6
Routenpunkt (Way);T;Anne-Frank-Straße;49.847058;8.621318;30.0;;;;;;Interpoliert;123.1;-0.71;asphalt;unclassified;Anne-Frank-Straße;3;Kurs 6
Routenpunkt (Way);T;Anne-Frank-Straße;49.84696;8.621361;30.0;;;;;;Original OSM;123.0;-0.55;asphalt;unclassified;Anne-Frank-Straße;3;Kurs 6
Routenpunkt (Way);T;Anne-Frank-Straße;49.84686;8.621405;30.0;;;;;;Original OSM;123.0;-0.35;asphalt;unclassified;Anne-Frank-Straße;3;Kurs 6
Routenpunkt (Way);T;Anne-Frank-Straße;49.846759;8.62145;30.0;;;;;;Original OSM;123.0;-0.18;asphalt;unclassified;Anne-Frank-Straße;3;Kurs 6
Routenpunkt (Way);T;Anne-Frank-Straße;49.846666;8.62149;30.0;;;;;;Interpoliert;123.0;0.0;asphalt;unclassified;Anne-Frank-Straße;3;Kurs 6
Routenpunkt (Way);T;Anne-Frank-Straße;49.846574;8.62153;30.0;;;;;;Interpoliert;123.0;0.0;asphalt;unclassified;Anne-Frank-Straße;3;Kurs 6
Routenpunkt (Way);T;;49.846477;8.621578;30.0;;;;;;Interpoliert (15m);123.0;0.32;asphalt;unclassified;Anne-Frank-Straße;3;Kurs 6
Routenpunkt (Way);T;Anne-Frank-Straße;49.84638;8.621625;30.0;;;;;;Original OSM;123.0;0.61;asphalt;unclassified;Anne-Frank-Straße;3;Kurs 6
Routenpunkt (Way);T;Klausenburger Straße;49.846346;8.621794;30.0;;;;;;Original OSM;123.2;0.9;paving_stones;unclassified;Klausenburger Straße;3;Kurs 6
Routenpunkt (Way);T;Klausenburger Straße;49.846382;8.621976;30.0;;;;;;Interpoliert;123.4;1.19;paving_stones;unclassified;Klausenburger Straße;3;Kurs 6
Routenpunkt (Way);T;Klausenburger Straße;49.846417;8.622159;30.0;;;;;;Interpoliert;123.6;1.49;paving_stones;unclassified;Klausenburger Straße;3;Kurs 6
Routenpunkt (Way);T;Klausenburger Straße;49.846453;8.622341;30.0;;;;;;Interpoliert;123.8;1.76;paving_stones;unclassified;Klausenburger Straße;3;Kurs 6
Routenpunkt (Way);T;Klausenburger Straße;49.846488;8.622524;30.0;;;;;;Interpoliert;124.0;1.96;paving_stones;unclassified;Klausenburger Straße;3;Kurs 6
Routenpunkt (Way);T;Klausenburger Straße;49.846524;8.622706;30.0;;;;;;Original OSM;124.4;2.17;paving_stones;unclassified;Klausenburger Straße;3;Kurs 6
Routenpunkt (Way);T;Klausenburger Straße;49.846556;8.622866;30.0;;;;;;Interpoliert;124.7;2.38;paving_stones;unclassified;Klausenburger Straße;3;Kurs 6
Routenpunkt (Way);T;Klausenburger Straße;49.846588;8.623025;30.0;;;;;;Interpoliert;125.0;2.59;paving_stones;unclassified;Klausenburger Straße;3;Kurs 6
Routenpunkt (Way);T;Klausenburger Straße;49.846621;8.623184;30.0;;;;;;Interpoliert;125.3;2.15;paving_stones;unclassified;Klausenburger Straße;3;Kurs 6
Routenpunkt (Way);T;Klausenburger Straße;49.846653;8.623343;30.0;;;;;;Original OSM;125.6;1.8;paving_stones;unclassified;Klausenburger Straße;3;Kurs 6
Routenpunkt (Way);T;;49.84669;8.623524;30.0;;;;;;Interpoliert (15m);125.7;1.56;paving_stones;unclassified;Klausenburger Straße;3;Kurs 6
Routenpunkt (Way);T;Klausenburger Straße;49.846728;8.623706;30.0;;;;;;Original OSM;125.8;1.58;paving_stones;unclassified;Klausenburger Straße;3;Kurs 6
Routenpunkt (Way);T;;49.846742;8.62381;30.0;;;;;;Interpoliert (15m);125.9;1.45;paving_stones;unclassified;Klausenburger Straße;3;Kurs 6
Routenpunkt (Way);T;Klausenburger Straße;49.846757;8.623914;30.0;;;;;;Interpoliert;126.1;1.31;paving_stones;unclassified;Klausenburger Straße;3;Kurs 6
Routenpunkt (Way);T;Klausenburger Straße;49.846785;8.624056;30.0;;;;;;Original OSM;126.3;1.45;paving_stones;unclassified;Klausenburger Straße;3;Kurs 6
Haltestelle;W;Darmstadt Klausenburger Straße;49.84678;8.624058;30.0;08:20:00;08:20:00;Kein Umlauf;Mo,Di,Mi,Do,Fr;446.0;Original GTFS (Snap-Distanz 3m) | Auf Route gesnappt (3m);126.3;1.32;paving_stones;unclassified;Klausenburger Straße;3;Kurs 6
Routenpunkt (Way);T;Klausenburger Straße;49.84683;8.624115;30.0;;;;;;Interpoliert;126.4;1.12;paving_stones;unclassified;Klausenburger Straße;3;Kurs 6
Routenpunkt (Way);T;Klausenburger Straße;49.846867;8.624315;30.0;;;;;;Original OSM;126.5;1.08;paving_stones;unclassified;Klausenburger Straße;3;Kurs 6
Routenpunkt (Way);T;Klausenburger Straße;49.846898;8.624479;30.0;;;;;;Interpoliert;126.7;1.4;paving_stones;unclassified;Klausenburger Straße;3;Kurs 6
Routenpunkt (Way);T;Klausenburger Straße;49.846929;8.624642;30.0;;;;;;Interpoliert;126.9;1.49;paving_stones;unclassified;Klausenburger Straße;3;Kurs 6
Routenpunkt (Way);T;Klausenburger Straße;49.84696;8.624806;30.0;;;;;;Original OSM;127.1;1.66;paving_stones;unclassified;Klausenburger Straße;3;Kurs 6
Routenpunkt (Way);T;Klausenburger Straße;49.847018;8.624926;30.0;;;;;;Original OSM;127.3;1.64;paving_stones;unclassified;Klausenburger Straße;3;Kurs 6
Routenpunkt (Way);T;Klausenburger Straße;49.847057;8.625096;30.0;;;;;;Interpoliert;127.5;1.69;paving_stones;unclassified;Klausenburger Straße;3;Kurs 6
Routenpunkt (Way);T;Klausenburger Straße;49.847096;8.625267;30.0;;;;;;Original OSM;127.7;1.73;paving_stones;unclassified;Klausenburger Straße;3;Kurs 6
Routenpunkt (Way);T;Klausenburger Straße;49.847114;8.625414;30.0;;;;;;Interpoliert;127.9;1.73;paving_stones;unclassified;Klausenburger Straße;3;Kurs 6
Routenpunkt (Way);T;Klausenburger Straße;49.847133;8.625561;30.0;;;;;;Interpoliert;128.1;1.73;paving_stones;unclassified;Klausenburger Straße;3;Kurs 6
Routenpunkt (Way);T;Klausenburger Straße;49.847151;8.625708;30.0;;;;;;Original OSM;128.3;1.73;paving_stones;unclassified;Klausenburger Straße;3;Kurs 6
Routenpunkt (Way);T;Klausenburger Straße;49.847176;8.625886;30.0;;;;;;Interpoliert;128.5;1.66;paving_stones;unclassified;Klausenburger Straße;3;Kurs 6
Routenpunkt (Way);T;Klausenburger Straße;49.847201;8.626065;30.0;;;;;;Interpoliert;128.7;1.6;paving_stones;unclassified;Klausenburger Straße;3;Kurs 6
Routenpunkt (Way);T;Klausenburger Straße;49.847225;8.626243;30.0;;;;;;Interpoliert;128.9;1.53;paving_stones;unclassified;Klausenburger Straße;3;Kurs 6
Routenpunkt (Way);T;Klausenburger Straße;49.84725;8.626421;30.0;;;;;;Interpoliert;129.1;1.51;paving_stones;unclassified;Klausenburger Straße;3;Kurs 6
Routenpunkt (Way);T;Klausenburger Straße;49.847275;8.626599;30.0;;;;;;Original OSM;129.3;1.35;paving_stones;unclassified;Klausenburger Straße;3;Kurs 6
Routenpunkt (Way);T;Klausenburger Straße;49.847301;8.626788;30.0;;;;;;Interpoliert;129.5;1.19;paving_stones;unclassified;Klausenburger Straße;3;Kurs 6
Routenpunkt (Way);T;Klausenburger Straße;49.847327;8.626976;30.0;;;;;;Interpoliert;129.6;1.03;paving_stones;unclassified;Klausenburger Straße;3;Kurs 6
Routenpunkt (Way);T;Klausenburger Straße;49.847353;8.627165;30.0;;;;;;Interpoliert;129.7;0.87;paving_stones;unclassified;Klausenburger Straße;3;Kurs 6
Routenpunkt (Way);T;Klausenburger Straße;49.847379;8.627353;30.0;;;;;;Interpoliert;129.8;0.73;paving_stones;unclassified;Klausenburger Straße;3;Kurs 6
Routenpunkt (Way);T;Klausenburger Straße;49.847405;8.627542;30.0;;;;;;Original OSM;129.9;0.59;paving_stones;unclassified;Klausenburger Straße;3;Kurs 6
Routenpunkt (Way);T;Klausenburger Straße;49.847423;8.627723;30.0;;;;;;Interpoliert;130.0;0.44;paving_stones;unclassified;Klausenburger Straße;3;Kurs 6
Routenpunkt (Way);T;Klausenburger Straße;49.847442;8.627905;30.0;;;;;;Original OSM;130.0;0.3;paving_stones;unclassified;Klausenburger Straße;3;Kurs 6
Routenpunkt (Way);T;Klausenburger Straße;49.847463;8.628094;30.0;;;;;;Interpoliert;130.0;0.15;paving_stones;unclassified;Klausenburger Straße;3;Kurs 6
Routenpunkt (Way);T;;49.847466;8.628204;30.0;;;;;;Interpoliert (15m);130.0;0.0;paving_stones;unclassified;Klausenburger Straße;3;Kurs 6
Routenpunkt (Way);T;Klausenburger Straße;49.847468;8.628314;30.0;;;;;;Original OSM;130.0;0.0;paving_stones;unclassified;Klausenburger Straße;3;Kurs 6
Haltestelle;W;Darmstadt Buchenlandweg;49.847478;8.628409;30.0;08:21:00;08:21:00;Kein Umlauf;Mo,Di,Mi,Do,Fr;446.0;Original GTFS (Snap-Distanz 2m) | Auf Route gesnappt (2m);130.0;0.0;paving_stones;unclassified;Klausenburger Straße;3;Kurs 6
Routenpunkt (Way);T;Buchenlandweg;49.847487;8.628506;30.0;;;;;;Interpoliert;130.0;0.0;paving_stones;unclassified;Klausenburger Straße;3;Kurs 6
Routenpunkt (Way);T;;49.847514;8.628621;30.0;;;;;;Interpoliert (15m);130.0;0.0;paving_stones;unclassified;Klausenburger Straße;3;Kurs 6
Routenpunkt (Way);T;Klausenburger Straße;49.847541;8.628735;30.0;;;;;;Interpoliert;130.0;0.0;paving_stones;unclassified;Klausenburger Straße;3;Kurs 6
Routenpunkt (Way);T;Klausenburger Straße;49.847565;8.628918;30.0;;;;;;Original OSM;130.0;0.0;paving_stones;unclassified;Klausenburger Straße;3;Kurs 6
Routenpunkt (Way);T;Pulverhäuserweg;49.847672;8.628882;30.0;;;;;;Original OSM;130.0;0.0;asphalt;residential;Pulverhäuserweg;3;Kurs 6
Routenpunkt (Way);T;Pulverhäuserweg;49.847789;8.628855;30.0;;;;;;Interpoliert;130.0;0.0;asphalt;residential;Pulverhäuserweg;3;Kurs 6
Routenpunkt (Way);T;Pulverhäuserweg;49.847906;8.628828;30.0;;;;;;Interpoliert;130.0;0.0;asphalt;residential;Pulverhäuserweg;3;Kurs 6
Routenpunkt (Way);T;Pulverhäuserweg;49.848022;8.628801;30.0;;;;;;Interpoliert;130.0;0.0;asphalt;residential;Pulverhäuserweg;3;Kurs 6
Routenpunkt (Way);T;Pulverhäuserweg;49.848139;8.628774;30.0;;;;;;Interpoliert;130.0;0.0;asphalt;residential;Pulverhäuserweg;3;Kurs 6
Routenpunkt (Way);T;Pulverhäuserweg;49.848255;8.628747;30.0;;;;;;Interpoliert;130.0;0.0;asphalt;residential;Pulverhäuserweg;3;Kurs 6
Routenpunkt (Way);T;Pulverhäuserweg;49.848372;8.62872;30.0;;;;;;Original OSM;130.0;0.0;asphalt;residential;Pulverhäuserweg;3;Kurs 6
Routenpunkt (Way);T;Pulverhäuserweg;49.848487;8.628694;30.0;;;;;;Interpoliert;130.0;0.0;asphalt;residential;Pulverhäuserweg;3;Kurs 6
Routenpunkt (Way);T;Pulverhäuserweg;49.848603;8.628667;30.0;;;;;;Interpoliert;130.0;0.22;asphalt;residential;Pulverhäuserweg;3;Kurs 6
Routenpunkt (Way);T;;49.848682;8.628649;30.0;;;;;;Interpoliert (15m);130.0;0.43;asphalt;residential;Pulverhäuserweg;3;Kurs 6
Routenpunkt (Way);T;Pulverhäuserweg;49.848762;8.62863;30.0;;;;;;Original OSM;130.1;0.64;asphalt;residential;Pulverhäuserweg;3;Kurs 6
Routenpunkt (Way);T;;49.848847;8.628611;30.0;;;;;;Interpoliert (15m);130.2;0.78;asphalt;residential;Pulverhäuserweg;3;Kurs 6
Routenpunkt (Way);T;Pulverhäuserweg;49.848932;8.628591;30.0;;;;;;Interpoliert;130.3;0.92;asphalt;residential;Pulverhäuserweg;3;Kurs 6
Routenpunkt (Way);T;Pulverhäuserweg;49.84906;8.628562;30.0;;;;;;Interpoliert;130.4;0.85;asphalt;residential;Pulverhäuserweg;3;Kurs 6
Routenpunkt (Way);T;Pulverhäuserweg;49.849187;8.628532;30.0;;;;;;Original OSM;130.5;0.8;asphalt;residential;Pulverhäuserweg;3;Kurs 6
Routenpunkt (Way);T;Pulverhäuserweg;49.849303;8.628506;30.0;;;;;;Interpoliert;130.6;0.73;asphalt;residential;Pulverhäuserweg;3;Kurs 6
Routenpunkt (Way);T;Pulverhäuserweg;49.849419;8.628479;30.0;;;;;;Original OSM;130.7;0.73;asphalt;residential;Pulverhäuserweg;3;Kurs 6
Routenpunkt (Way);T;Pulverhäuserweg;49.849543;8.62845;30.0;;;;;;Original OSM;130.8;0.73;asphalt;residential;Pulverhäuserweg;3;Kurs 6
Routenpunkt (Way);T;Pulverhäuserweg;49.849669;8.628421;30.0;;;;;;Interpoliert;130.9;0.58;asphalt;residential;Pulverhäuserweg;3;Kurs 6
Routenpunkt (Way);T;Pulverhäuserweg;49.849795;8.628392;30.0;;;;;;Interpoliert;131.0;0.43;asphalt;residential;Pulverhäuserweg;3;Kurs 6
Routenpunkt (Way);T;Pulverhäuserweg;49.84992;8.628363;30.0;;;;;;Interpoliert;131.0;0.28;asphalt;residential;Pulverhäuserweg;3;Kurs 6
Routenpunkt (Way);T;Pulverhäuserweg;49.850046;8.628334;30.0;;;;;;Interpoliert;131.0;0.14;asphalt;residential;Pulverhäuserweg;3;Kurs 6
Routenpunkt (Way);T;;49.850144;8.628321;30.0;;;;;;Interpoliert (15m);131.0;0.0;asphalt;residential;Pulverhäuserweg;3;Kurs 6
Routenpunkt (Way);T;;49.850241;8.628309;30.0;;;;;;Interpoliert (15m);131.0;0.0;asphalt;residential;Pulverhäuserweg;3;Kurs 6
Routenpunkt (Way);T;Pulverhäuserweg;49.850339;8.628296;30.0;;;;;;Original OSM;131.0;0.0;asphalt;residential;Pulverhäuserweg;3;Kurs 6
Routenpunkt (Way);T;;49.850469;8.628251;30.0;;;;;;Interpoliert (15m);131.0;0.0;asphalt;residential;Pulverhäuserweg;3;Kurs 6
Routenpunkt (Way);A;Pulverhäuserweg (Ampel);49.850599;8.628207;30.0;;;;;;Original OSM;131.0;0.0;asphalt;residential;Pulverhäuserweg;3;Kurs 6
Routenpunkt (Way);T;Pulverhäuserweg;49.850731;8.628176;30.0;;;;;;Original OSM;131.0;-0.22;asphalt;residential;Pulverhäuserweg;3;Kurs 6
Routenpunkt (Way);T;;49.850713;8.628055;30.0;;;;;;Interpoliert (15m);131.0;-0.22;asphalt;unclassified;Heimstättenweg;3;Kurs 6
Routenpunkt (Way);T;Heimstättenweg;49.850694;8.627933;30.0;;;;;;Original OSM;130.9;-0.42;asphalt;unclassified;Heimstättenweg;3;Kurs 6
Haltestelle;W;Darmstadt Pulverhäuserweg;49.850694;8.627933;30.0;08:23:00;08:23:00;Kein Umlauf;Mo,Di,Mi,Do,Fr;446.0;Original GTFS (Snap-Distanz 15m) | Auf Route gesnappt (15m);130.8;-0.57;asphalt;unclassified;Heimstättenweg;3;Kurs 6
Routenpunkt (Way);T;Heimstättenweg;49.850674;8.627794;30.0;;;;;;Original OSM;130.7;-0.71;asphalt;unclassified;Heimstättenweg;3;Kurs 6
Routenpunkt (Way);T;Heimstättenweg;49.850644;8.627609;30.0;;;;;;Interpoliert;130.6;-0.64;asphalt;unclassified;Heimstättenweg;3;Kurs 6
Routenpunkt (Way);T;Heimstättenweg;49.850615;8.627425;30.0;;;;;;Interpoliert;130.5;-0.78;asphalt;unclassified;Heimstättenweg;3;Kurs 6
Routenpunkt (Way);T;Heimstättenweg;49.850586;8.62724;30.0;;;;;;Interpoliert;130.4;-0.73;asphalt;unclassified;Heimstättenweg;3;Kurs 6
Routenpunkt (Way);T;Heimstättenweg;49.850556;8.627056;30.0;;;;;;Interpoliert;130.3;-0.73;asphalt;unclassified;Heimstättenweg;3;Kurs 6
Routenpunkt (Way);T;Heimstättenweg;49.850527;8.626871;30.0;;;;;;Original OSM;130.2;-0.83;asphalt;unclassified;Heimstättenweg;3;Kurs 6
Routenpunkt (Way);T;Heimstättenweg;49.850496;8.626676;30.0;;;;;;Interpoliert;130.1;-1.69;asphalt;unclassified;Heimstättenweg;3;Kurs 6
Routenpunkt (Way);T;;49.850479;8.626568;30.0;;;;;;Interpoliert (15m);130.0;-2.08;asphalt;unclassified;Heimstättenweg;3;Kurs 6
Routenpunkt (Way);T;Heimstättenweg;49.850462;8.626461;30.0;;;;;;Original OSM;129.6;-2.53;asphalt;unclassified;Heimstättenweg;3;Kurs 6
Routenpunkt (Way);T;Heimstättenweg;49.850431;8.626259;30.0;;;;;;Interpoliert;129.2;-2.99;asphalt;unclassified;Heimstättenweg;3;Kurs 6
Routenpunkt (Way);T;Heimstättenweg;49.850404;8.626076;30.0;;;;;;Interpoliert;128.8;-3.48;asphalt;unclassified;Heimstättenweg;3;Kurs 6
Routenpunkt (Way);T;Heimstättenweg;49.850377;8.625892;30.0;;;;;;Interpoliert;128.4;-3.21;asphalt;unclassified;Heimstättenweg;3;Kurs 6
Routenpunkt (Way);T;Heimstättenweg;49.85035;8.625709;30.0;;;;;;Interpoliert;127.9;-3.38;asphalt;unclassified;Heimstättenweg;3;Kurs 6
Routenpunkt (Way);T;Heimstättenweg;49.850323;8.625526;30.0;;;;;;Original OSM;127.4;-3.5;asphalt;unclassified;Heimstättenweg;3;Kurs 6
Routenpunkt (Way);T;Heimstättenweg;49.850293;8.625335;30.0;;;;;;Interpoliert;126.9;-3.61;asphalt;unclassified;Heimstättenweg;3;Kurs 6
Routenpunkt (Way);T;Heimstättenweg;49.850263;8.625143;30.0;;;;;;Interpoliert;126.4;-3.46;asphalt;unclassified;Heimstättenweg;3;Kurs 6
Routenpunkt (Way);T;Heimstättenweg;49.850233;8.624952;30.0;;;;;;Original OSM;125.9;-2.72;asphalt;unclassified;Heimstättenweg;3;Kurs 6
Routenpunkt (Way);T;Heimstättenweg;49.850205;8.624769;30.0;;;;;;Interpoliert;125.5;-2.01;asphalt;unclassified;Heimstättenweg;3;Kurs 6
Routenpunkt (Way);T;Heimstättenweg;49.850173;8.62457;30.0;;;;;;Original OSM;125.5;-1.3;asphalt;unclassified;Heimstättenweg;3;Kurs 6
Routenpunkt (Way);T;Heimstättenweg;49.850143;8.624386;30.0;;;;;;Interpoliert;125.5;-0.3;asphalt;unclassified;Heimstättenweg;3;Kurs 6
Routenpunkt (Way);T;Heimstättenweg;49.850116;8.624219;30.0;;;;;;Original OSM;125.5;0.29;asphalt;unclassified;Heimstättenweg;3;Kurs 6
Routenpunkt (Way);T;Heimstättenweg;49.850085;8.62403;30.0;;;;;;Interpoliert;125.7;0.29;asphalt;unclassified;Heimstättenweg;3;Kurs 6
Routenpunkt (Way);T;Heimstättenweg;49.850054;8.623841;30.0;;;;;;Original OSM;125.7;0.29;asphalt;unclassified;Heimstättenweg;3;Kurs 6
Routenpunkt (Way);T;Heimstättenweg;49.850024;8.623663;30.0;;;;;;Interpoliert;125.7;0.29;asphalt;unclassified;Heimstättenweg;3;Kurs 6
Routenpunkt (Way);T;;49.85;8.623538;30.0;;;;;;Interpoliert (15m);125.7;0.0;asphalt;unclassified;Heimstättenweg;3;Kurs 6
Routenpunkt (Way);T;Heimstättenweg;49.849976;8.623414;30.0;;;;;;Original OSM;125.7;-0.24;asphalt;unclassified;Heimstättenweg;3;Kurs 6
Routenpunkt (Way);T;;49.84995;8.623303;30.0;;;;;;Interpoliert (15m);125.7;-0.43;asphalt;unclassified;Heimstättenweg;3;Kurs 6
Routenpunkt (Way);T;Heimstättenweg;49.849924;8.623191;30.0;;;;;;Interpoliert;125.6;-0.58;asphalt;unclassified;Heimstättenweg;3;Kurs 6
Routenpunkt (Way);T;Heimstättenweg;49.849893;8.623052;30.0;;;;;;Original OSM;125.5;-0.74;asphalt;unclassified;Heimstättenweg;3;Kurs 6
Routenpunkt (Way);T;Heimstättenweg;49.849859;8.622881;30.0;;;;;;Interpoliert;125.4;-1.2;asphalt;unclassified;Heimstättenweg;3;Kurs 6
Routenpunkt (Way);T;Heimstättenweg;49.849826;8.622709;30.0;;;;;;Interpoliert;125.3;-0.97;asphalt;unclassified;Heimstättenweg;3;Kurs 6
Routenpunkt (Way);T;Heimstättenweg;49.849792;8.622538;30.0;;;;;;Interpoliert;125.0;-0.78;asphalt;unclassified;Heimstättenweg;3;Kurs 6
Routenpunkt (Way);T;Heimstättenweg;49.849758;8.622366;30.0;;;;;;Interpoliert;125.0;-0.62;asphalt;unclassified;Heimstättenweg;3;Kurs 6
Routenpunkt (Way);T;Heimstättenweg;49.849724;8.622195;30.0;;;;;;Original OSM;125.0;-0.47;asphalt;unclassified;Heimstättenweg;3;Kurs 6
Routenpunkt (Way);T;Heimstättenweg;49.849689;8.622026;30.0;;;;;;Interpoliert;125.0;0.0;asphalt;unclassified;Heimstättenweg;3;Kurs 6
Routenpunkt (Way);T;Heimstättenweg;49.849653;8.621857;30.0;;;;;;Interpoliert;125.0;0.0;asphalt;unclassified;Heimstättenweg;3;Kurs 6
Routenpunkt (Way);T;Heimstättenweg;49.849618;8.621687;30.0;;;;;;Interpoliert;125.0;0.0;asphalt;unclassified;Heimstättenweg;3;Kurs 6
Routenpunkt (Way);T;Heimstättenweg;49.849583;8.621518;30.0;;;;;;Interpoliert;125.0;0.49;asphalt;unclassified;Heimstättenweg;3;Kurs 6
Routenpunkt (Way);T;Heimstättenweg;49.849548;8.621349;30.0;;;;;;Original OSM;125.0;0.97;asphalt;unclassified;Heimstättenweg;3;Kurs 6
Routenpunkt (Way);T;;49.849518;8.621183;30.0;;;;;;Interpoliert (15m);125.3;0.97;asphalt;unclassified;Heimstättenweg;3;Kurs 6
Routenpunkt (Way);T;Heimstättenweg;49.849488;8.621017;30.0;;;;;;Original OSM;125.6;1.43;asphalt;unclassified;Heimstättenweg;3;Kurs 6
Haltestelle;W;Darmstadt Hannah-Arendt-Weg;49.849488;8.621017;30.0;08:24:00;08:24:00;Kein Umlauf;Mo,Di,Mi,Do,Fr;446.0;Original GTFS (Snap-Distanz 3m) | Auf Route gesnappt (3m);125.9;1.88;asphalt;unclassified;Heimstättenweg;3;Kurs 6
Routenpunkt (Way);T;Heimstättenweg;49.849456;8.62084;30.0;;;;;;Interpoliert;126.2;1.85;asphalt;unclassified;Heimstättenweg;3;Kurs 6
Routenpunkt (Way);T;Heimstättenweg;49.849425;8.620664;30.0;;;;;;Interpoliert;126.5;1.83;asphalt;unclassified;Heimstättenweg;3;Kurs 6
Routenpunkt (Way);T;Heimstättenweg;49.849393;8.620487;30.0;;;;;;Interpoliert;126.8;2.24;asphalt;unclassified;Heimstättenweg;3;Kurs 6
Routenpunkt (Way);T;Heimstättenweg;49.849362;8.62031;30.0;;;;;;Original OSM;127.1;2.2;asphalt;unclassified;Anne-Frank-Straße;3;Kurs 6
Routenpunkt (Way);T;Anne-Frank-Straße;49.849485;8.620246;30.0;;;;;;Interpoliert;127.4;2.29;asphalt;unclassified;Anne-Frank-Straße;3;Kurs 6
Routenpunkt (Way);T;Anne-Frank-Straße;49.849609;8.620182;30.0;;;;;;Interpoliert;127.7;2.03;asphalt;unclassified;Anne-Frank-Straße;3;Kurs 6
Routenpunkt (Way);T;Anne-Frank-Straße;49.849733;8.620117;30.0;;;;;;Original OSM;128.1;1.73;asphalt;unclassified;Anne-Frank-Straße;3;Kurs 6
Routenpunkt (Way);T;Anne-Frank-Straße;49.84982;8.620079;30.0;;;;;;Original OSM;128.2;1.61;asphalt;secondary;Eschollbrücker Straße;3;Kurs 6
Routenpunkt (Way);T;Eschollbrücker Straße;49.849903;8.620216;50.0;;;;;;Interpoliert;128.3;1.49;asphalt;secondary;Eschollbrücker Straße;3;Kurs 6
Routenpunkt (Way);T;Eschollbrücker Straße;49.849986;8.620353;50.0;;;;;;Interpoliert;128.5;1.23;asphalt;secondary;Eschollbrücker Straße;3;Kurs 6
Routenpunkt (Way);T;Eschollbrücker Straße;49.850069;8.620489;50.0;;;;;;Original OSM;128.7;1.33;asphalt;secondary;Eschollbrücker Straße;3;Kurs 6
Routenpunkt (Way);T;Eschollbrücker Straße;49.850154;8.620627;50.0;;;;;;Interpoliert;128.9;1.47;asphalt;secondary;Eschollbrücker Straße;3;Kurs 6
Routenpunkt (Way);T;Eschollbrücker Straße;49.850239;8.620764;50.0;;;;;;Interpoliert;129.1;1.47;asphalt;secondary;Eschollbrücker Straße;3;Kurs 6
Routenpunkt (Way);T;Eschollbrücker Straße;49.850323;8.620901;50.0;;;;;;Interpoliert;129.3;1.03;asphalt;secondary;Eschollbrücker Straße;3;Kurs 6
Routenpunkt (Way);T;Eschollbrücker Straße;49.850408;8.621038;50.0;;;;;;Interpoliert;129.5;0.88;asphalt;secondary;Eschollbrücker Straße;3;Kurs 6
Routenpunkt (Way);T;Eschollbrücker Straße;49.850493;8.621175;50.0;;;;;;Interpoliert;129.4;0.73;asphalt;secondary;Eschollbrücker Straße;3;Kurs 6
Routenpunkt (Way);T;Eschollbrücker Straße;49.850578;8.621313;50.0;;;;;;Interpoliert;129.5;0.6;asphalt;secondary;Eschollbrücker Straße;3;Kurs 6
Routenpunkt (Way);T;Eschollbrücker Straße;49.850662;8.62145;50.0;;;;;;Original OSM;129.6;0.3;asphalt;secondary;Eschollbrücker Straße;3;Kurs 6
Routenpunkt (Way);T;Eschollbrücker Straße;49.850742;8.621578;50.0;;;;;;Original OSM;129.7;0.45;asphalt;secondary;Eschollbrücker Straße;3;Kurs 6
Routenpunkt (Way);T;;49.850799;8.621673;50.0;;;;;;Interpoliert (15m);129.7;0.3;asphalt;secondary;Eschollbrücker Straße;3;Kurs 6
Routenpunkt (Way);T;Eschollbrücker Straße;49.850857;8.621768;50.0;;;;;;Original OSM;129.7;0.16;asphalt;secondary;Eschollbrücker Straße;3;Kurs 6
Routenpunkt (Way);T;;49.850909;8.621852;50.0;;;;;;Interpoliert (15m);129.7;0.0;asphalt;secondary;Eschollbrücker Straße;3;Kurs 6
Routenpunkt (Way);T;Eschollbrücker Straße;49.85096;8.621936;50.0;;;;;;Interpoliert;129.7;-0.85;asphalt;secondary;Eschollbrücker Straße;3;Kurs 6
Haltestelle;W;Darmstadt Fünfkirchner Straße VHbf;49.85096;8.621936;50.0;08:25:00;08:25:00;Kein Umlauf;Mo,Di,Mi,Do,Fr;446.0;Original GTFS (Snap-Distanz 1m) | Auf Route gesnappt (1m);129.7;-1.19;asphalt;secondary;Eschollbrücker Straße;3;Kurs 6
Routenpunkt (Way);T;Eschollbrücker Straße;49.851033;8.622056;50.0;;;;;;Interpoliert;129.2;-1.93;asphalt;secondary;Eschollbrücker Straße;3;Kurs 6
Routenpunkt (Way);T;Eschollbrücker Straße;49.851106;8.622176;50.0;;;;;;Original OSM;129.0;-2.68;asphalt;secondary;Eschollbrücker Straße;3;Kurs 6
Routenpunkt (Way);T;Eschollbrücker Straße;49.851189;8.622311;50.0;;;;;;Interpoliert;128.5;-3.43;asphalt;secondary;Eschollbrücker Straße;3;Kurs 6
Routenpunkt (Way);T;Eschollbrücker Straße;49.851272;8.622447;50.0;;;;;;Interpoliert;128.0;-3.32;asphalt;secondary;Eschollbrücker Straße;3;Kurs 6
Routenpunkt (Way);T;Eschollbrücker Straße;49.851355;8.622582;50.0;;;;;;Interpoliert;127.5;-3.7;asphalt;secondary;Eschollbrücker Straße;3;Kurs 6
Routenpunkt (Way);T;Eschollbrücker Straße;49.851438;8.622718;50.0;;;;;;Original OSM;127.0;-3.67;asphalt;secondary;Eschollbrücker Straße;3;Kurs 6
Routenpunkt (Way);T;Eschollbrücker Straße;49.851524;8.622859;50.0;;;;;;Interpoliert;126.5;-3.63;asphalt;secondary;Eschollbrücker Straße;3;Kurs 6
Routenpunkt (Way);T;Eschollbrücker Straße;49.851611;8.623001;50.0;;;;;;Interpoliert;126.0;-3.6;asphalt;secondary;Eschollbrücker Straße;3;Kurs 6
Routenpunkt (Way);T;Eschollbrücker Straße;49.851698;8.623143;50.0;;;;;;Interpoliert;125.5;-2.85;asphalt;secondary;Eschollbrücker Straße;3;Kurs 6
Routenpunkt (Way);T;Eschollbrücker Straße;49.851785;8.623285;50.0;;;;;;Interpoliert;125.0;-2.14;asphalt;secondary;Eschollbrücker Straße;3;Kurs 6
Routenpunkt (Way);T;Eschollbrücker Straße;49.851872;8.623427;50.0;;;;;;Interpoliert;125.0;-1.57;asphalt;secondary;Eschollbrücker Straße;3;Kurs 6
Routenpunkt (Way);T;Eschollbrücker Straße;49.851959;8.623568;50.0;;;;;;Interpoliert;125.0;-1.0;asphalt;secondary;Eschollbrücker Straße;3;Kurs 6
Routenpunkt (Way);T;Eschollbrücker Straße;49.852046;8.62371;50.0;;;;;;Interpoliert;124.9;0.14;asphalt;secondary;Eschollbrücker Straße;3;Kurs 6
Routenpunkt (Way);T;Eschollbrücker Straße;49.852133;8.623852;50.0;;;;;;Interpoliert;124.8;0.57;asphalt;secondary;Eschollbrücker Straße;3;Kurs 6
Routenpunkt (Way);T;Eschollbrücker Straße;49.85222;8.623994;50.0;;;;;;Interpoliert;125.1;1.0;asphalt;secondary;Eschollbrücker Straße;3;Kurs 6
Routenpunkt (Way);T;Eschollbrücker Straße;49.852306;8.624136;50.0;;;;;;Interpoliert;125.4;1.57;asphalt;secondary;Eschollbrücker Straße;3;Kurs 6
Routenpunkt (Way);T;Eschollbrücker Straße;49.852393;8.624277;50.0;;;;;;Interpoliert;125.7;2.14;asphalt;secondary;Eschollbrücker Straße;3;Kurs 6
Routenpunkt (Way);T;Eschollbrücker Straße;49.85248;8.624419;50.0;;;;;;Interpoliert;126.0;2.14;asphalt;secondary;Eschollbrücker Straße;3;Kurs 6
Routenpunkt (Way);T;Eschollbrücker Straße;49.852567;8.624561;50.0;;;;;;Interpoliert;126.3;2.14;asphalt;secondary;;3;Kurs 6
Routenpunkt (Way);T;Eschollbrücker Straße;49.852654;8.624703;50.0;;;;;;Interpoliert;126.6;2.19;paving_stones;unclassified;Bergschneise;3;Kurs 6
Routenpunkt (Way);T;Bergschneise;49.852755;8.624819;50.0;;;;;;Original OSM;126.9;2.48;paving_stones;unclassified;Bergschneise;3;Kurs 6
Routenpunkt (Way);T;;49.852794;8.624718;50.0;;;;;;Interpoliert (15m);127.1;2.55;paving_stones;unclassified;Bergschneise;3;Kurs 6
Routenpunkt (Way);T;Bergschneise;49.852832;8.624618;50.0;;;;;;Original OSM;127.4;1.96;paving_stones;unclassified;Bergschneise;3;Kurs 6
Routenpunkt (Way);T;;49.852869;8.624462;50.0;;;;;;Interpoliert (15m);127.7;1.39;paving_stones;unclassified;Bergschneise;3;Kurs 6
Routenpunkt (Way);T;Bergschneise;49.852907;8.624305;50.0;;;;;;Interpoliert;127.6;1.05;paving_stones;unclassified;Bergschneise;3;Kurs 6
Routenpunkt (Way);T;Bergschneise;49.852946;8.624119;50.0;;;;;;Interpoliert;127.5;0.48;paving_stones;unclassified;Bergschneise;3;Kurs 6
Routenpunkt (Way);T;Bergschneise;49.852985;8.623932;50.0;;;;;;Interpoliert;127.6;0.12;paving_stones;unclassified;Bergschneise;3;Kurs 6
Routenpunkt (Way);T;Bergschneise;49.853024;8.623746;50.0;;;;;;Interpoliert;127.7;0.5;paving_stones;unclassified;Bergschneise;3;Kurs 6
Routenpunkt (Way);T;Bergschneise;49.853062;8.62356;50.0;;;;;;Interpoliert;127.8;0.85;paving_stones;unclassified;Bergschneise;3;Kurs 6
Routenpunkt (Way);T;;49.853088;8.623435;50.0;;;;;;Interpoliert (15m);127.9;0.27;paving_stones;unclassified;Bergschneise;3;Kurs 6
Routenpunkt (Way);T;Bergschneise;49.853115;8.62331;50.0;;;;;;Original OSM;128.0;-0.32;paving_stones;unclassified;Bergschneise;3;Kurs 6
Routenpunkt (Way);T;;49.853143;8.623193;50.0;;;;;;Interpoliert (15m);127.8;-0.86;paving_stones;unclassified;Bergschneise;3;Kurs 6
Routenpunkt (Way);T;Bergschneise;49.853172;8.623076;50.0;;;;;;Original OSM;127.6;-1.22;paving_stones;unclassified;Bergschneise;3;Kurs 6
Routenpunkt (Way);T;Bergschneise;49.853212;8.622949;50.0;;;;;;Original OSM;127.4;-1.6;paving_stones;unclassified;Bergschneise;3;Kurs 6
Routenpunkt (Way);T;Bergschneise;49.853275;8.622789;50.0;;;;;;Original OSM;127.3;-1.93;paving_stones;unclassified;Bergschneise;3;Kurs 6
Routenpunkt (Way);T;Bergschneise;49.853342;8.622663;50.0;;;;;;Original OSM;127.2;-2.25;paving_stones;unclassified;Bergschneise;3;Kurs 6
Routenpunkt (Way);T;;49.853393;8.622588;50.0;;;;;;Interpoliert (15m);126.9;-2.61;paving_stones;unclassified;Bergschneise;3;Kurs 6
Routenpunkt (Way);T;Bergschneise;49.853443;8.622512;50.0;;;;;;Original OSM;126.6;-3.23;paving_stones;unclassified;Bergschneise;3;Kurs 6
Routenpunkt (Way);T;;49.8535;8.622446;50.0;;;;;;Interpoliert (15m);126.3;-3.83;paving_stones;unclassified;Bergschneise;3;Kurs 6
Routenpunkt (Way);T;Bergschneise;49.853557;8.62238;50.0;;;;;;Original OSM;126.0;-2.81;paving_stones;unclassified;Bergschneise;3;Kurs 6
Routenpunkt (Way);T;;49.853617;8.622327;50.0;;;;;;Interpoliert (15m);125.7;-1.81;paving_stones;unclassified;Bergschneise;3;Kurs 6
Routenpunkt (Way);T;Bergschneise;49.853678;8.622274;50.0;;;;;;Original OSM;125.8;-1.05;paving_stones;unclassified;Bergschneise;3;Kurs 6
Routenpunkt (Way);T;;49.85375;8.622227;50.0;;;;;;Interpoliert (15m);125.9;-0.47;paving_stones;unclassified;Bergschneise;3;Kurs 6
Routenpunkt (Way);T;Bergschneise;49.853822;8.622181;50.0;;;;;;Original OSM;125.9;0.13;paving_stones;unclassified;Bergschneise;3;Kurs 6
Routenpunkt (Way);T;Bergschneise;49.853919;8.622139;50.0;;;;;;Interpoliert;125.8;-0.31;paving_stones;unclassified;Bergschneise;3;Kurs 6
Routenpunkt (Way);T;Bergschneise;49.854016;8.622097;50.0;;;;;;Interpoliert;125.7;-0.67;paving_stones;unclassified;Bergschneise;3;Kurs 6
Routenpunkt (Way);T;Bergschneise;49.854112;8.622055;50.0;;;;;;Original OSM;125.6;-0.81;paving_stones;unclassified;Bergschneise;3;Kurs 6
Routenpunkt (Way);T;Bergschneise;49.854241;8.621997;50.0;;;;;;Interpoliert;125.5;-0.63;paving_stones;unclassified;Bergschneise;3;Kurs 6
Routenpunkt (Way);T;Bergschneise;49.854369;8.621939;50.0;;;;;;Interpoliert;125.4;-0.45;paving_stones;unclassified;Bergschneise;3;Kurs 6
Routenpunkt (Way);T;Bergschneise;49.854498;8.62188;50.0;;;;;;Interpoliert;125.4;-0.27;paving_stones;unclassified;Bergschneise;3;Kurs 6
Routenpunkt (Way);T;Bergschneise;49.854626;8.621822;50.0;;;;;;Interpoliert;125.4;-0.13;paving_stones;unclassified;Bergschneise;3;Kurs 6
Routenpunkt (Way);T;Bergschneise;49.854755;8.621764;50.0;;;;;;Interpoliert;125.4;0.13;paving_stones;unclassified;Bergschneise;3;Kurs 6
Routenpunkt (Way);T;Bergschneise;49.854884;8.621705;50.0;;;;;;Interpoliert;125.4;0.27;paving_stones;unclassified;Bergschneise;3;Kurs 6
Routenpunkt (Way);T;Bergschneise;49.855012;8.621647;50.0;;;;;;Interpoliert;125.5;0.4;paving_stones;unclassified;Bergschneise;3;Kurs 6
Routenpunkt (Way);T;Bergschneise;49.855141;8.621589;50.0;;;;;;Interpoliert;125.6;0.54;paving_stones;unclassified;Bergschneise;3;Kurs 6
Routenpunkt (Way);T;Bergschneise;49.855269;8.62153;50.0;;;;;;Interpoliert;125.7;0.27;paving_stones;unclassified;Bergschneise;3;Kurs 6
Routenpunkt (Way);T;Bergschneise;49.855398;8.621472;50.0;;;;;;Interpoliert;125.8;-0.13;paving_stones;unclassified;Bergschneise;3;Kurs 6
Routenpunkt (Way);T;Bergschneise;49.855527;8.621414;50.0;;;;;;Interpoliert;125.6;-1.0;asphalt;residential;Mahatma-Gandhi-Straße;3;Kurs 6
Routenpunkt (Way);T;Mahatma-Gandhi-Straße;49.855659;8.621376;30.0;;;;;;Original OSM;125.4;-1.86;asphalt;residential;Mahatma-Gandhi-Straße;3;Kurs 6
Routenpunkt (Way);T;;49.855678;8.621487;30.0;;;;;;Interpoliert (15m);125.1;-2.59;asphalt;residential;Mahatma-Gandhi-Straße;3;Kurs 6
Routenpunkt (Way);T;Mahatma-Gandhi-Straße;49.855698;8.621598;30.0;;;;;;Interpoliert;124.8;-2.92;asphalt;residential;Mahatma-Gandhi-Straße;3;Kurs 6
Routenpunkt (Way);T;Mahatma-Gandhi-Straße;49.855729;8.621778;30.0;;;;;;Interpoliert;124.4;-3.25;asphalt;residential;Mahatma-Gandhi-Straße;3;Kurs 6
Routenpunkt (Way);T;Mahatma-Gandhi-Straße;49.85576;8.621958;30.0;;;;;;Interpoliert;124.0;-3.09;asphalt;residential;Mahatma-Gandhi-Straße;3;Kurs 6
Routenpunkt (Way);T;Mahatma-Gandhi-Straße;49.855792;8.622138;30.0;;;;;;Original OSM;123.6;-2.93;asphalt;residential;Mahatma-Gandhi-Straße;3;Kurs 6
Routenpunkt (Way);T;Mahatma-Gandhi-Straße;49.855819;8.62233;30.0;;;;;;Interpoliert;123.2;-2.76;asphalt;residential;Mahatma-Gandhi-Straße;3;Kurs 6
Routenpunkt (Way);T;Mahatma-Gandhi-Straße;49.855846;8.622522;30.0;;;;;;Interpoliert;122.8;-2.16;asphalt;residential;Mahatma-Gandhi-Straße;3;Kurs 6
Routenpunkt (Way);T;Mahatma-Gandhi-Straße;49.855874;8.622713;30.0;;;;;;Interpoliert;122.5;-1.56;asphalt;residential;Mahatma-Gandhi-Straße;3;Kurs 6
Routenpunkt (Way);T;Mahatma-Gandhi-Straße;49.855901;8.622905;30.0;;;;;;Interpoliert;122.5;-0.99;asphalt;residential;Mahatma-Gandhi-Straße;3;Kurs 6
Routenpunkt (Way);T;Mahatma-Gandhi-Straße;49.855928;8.623097;30.0;;;;;;Interpoliert;122.5;-0.43;asphalt;residential;Mahatma-Gandhi-Straße;3;Kurs 6
Routenpunkt (Way);T;Mahatma-Gandhi-Straße;49.855955;8.623289;30.0;;;;;;Interpoliert;122.5;0.14;asphalt;residential;Mahatma-Gandhi-Straße;3;Kurs 6
Routenpunkt (Way);T;Mahatma-Gandhi-Straße;49.855983;8.623481;30.0;;;;;;Interpoliert;122.5;0.28;asphalt;residential;Mahatma-Gandhi-Straße;3;Kurs 6
Routenpunkt (Way);T;Mahatma-Gandhi-Straße;49.85601;8.623673;30.0;;;;;;Interpoliert;122.6;0.43;asphalt;residential;;3;Kurs 6
Routenpunkt (Way);T;Mahatma-Gandhi-Straße;49.856037;8.623865;30.0;;;;;;Interpoliert;122.7;0.62;asphalt;residential;Mahatma-Gandhi-Straße;3;Kurs 6
Routenpunkt (Way);T;Mahatma-Gandhi-Straße;49.856065;8.624057;30.0;;;;;;Original OSM;122.8;0.82;asphalt;residential;Mahatma-Gandhi-Straße;3;Kurs 6
Routenpunkt (Way);T;Mahatma-Gandhi-Straße;49.856085;8.624195;30.0;;;;;;Interpoliert;122.9;0.68;asphalt;residential;Mahatma-Gandhi-Straße;3;Kurs 6
Routenpunkt (Way);T;Mahatma-Gandhi-Straße;49.856106;8.624332;30.0;;;;;;Interpoliert;123.0;0.54;asphalt;residential;Mahatma-Gandhi-Straße;3;Kurs 6
Routenpunkt (Way);T;Mahatma-Gandhi-Straße;49.856134;8.624521;30.0;;;;;;Original OSM;123.0;0.4;asphalt;residential;Mahatma-Gandhi-Straße;3;Kurs 6
Routenpunkt (Way);T;Kleyerstraße;49.856242;8.624514;50.0;;;;;;Interpoliert;123.0;0.2;asphalt;residential;Kleyerstraße;3;Kurs 6
Routenpunkt (Way);T;Kleyerstraße;49.856346;8.624481;50.0;;;;;;Interpoliert;123.0;0.0;asphalt;residential;Kleyerstraße;3;Kurs 6
Haltestelle;W;Darmstadt Mahatma-Gandhi-Str.;49.856346;8.624481;50.0;08:28:00;08:28:00;Kein Umlauf;Mo,Di,Mi,Do,Fr;446.0;Original GTFS (Snap-Distanz 14m) | Auf Route gesnappt (14m);123.0;0.0;asphalt;residential;Kleyerstraße;3;Kurs 6
Routenpunkt (Way);T;Kleyerstraße;49.856451;8.624448;50.0;;;;;;Original OSM;123.0;0.0;asphalt;residential;Kleyerstraße;3;Kurs 6
Routenpunkt (Way);T;Kleyerstraße;49.856573;8.624408;50.0;;;;;;Interpoliert;123.0;0.0;asphalt;residential;Kleyerstraße;3;Kurs 6
Routenpunkt (Way);T;Kleyerstraße;49.856696;8.624368;50.0;;;;;;Interpoliert;123.0;0.0;asphalt;residential;Kleyerstraße;3;Kurs 6
Routenpunkt (Way);T;Kleyerstraße;49.856819;8.624329;50.0;;;;;;Interpoliert;123.0;0.0;asphalt;residential;Kleyerstraße;3;Kurs 6
Routenpunkt (Way);T;Kleyerstraße;49.856941;8.624289;50.0;;;;;;Interpoliert;123.0;0.0;asphalt;residential;Kleyerstraße;3;Kurs 6
Routenpunkt (Way);T;Kleyerstraße;49.857064;8.624249;50.0;;;;;;Interpoliert;123.0;0.0;asphalt;residential;Kleyerstraße;3;Kurs 6
Routenpunkt (Way);T;Kleyerstraße;49.857186;8.624209;50.0;;;;;;Interpoliert;123.0;0.0;asphalt;residential;Kleyerstraße;3;Kurs 6
Routenpunkt (Way);T;Kleyerstraße;49.857309;8.62417;50.0;;;;;;Interpoliert;123.0;0.0;asphalt;residential;Kleyerstraße;3;Kurs 6
Routenpunkt (Way);T;Kleyerstraße;49.857432;8.62413;50.0;;;;;;Interpoliert;123.0;0.0;asphalt;residential;Kleyerstraße;3;Kurs 6
Routenpunkt (Way);T;Kleyerstraße;49.857554;8.62409;50.0;;;;;;Original OSM;123.0;0.0;asphalt;residential;Kleyerstraße;3;Kurs 6
Routenpunkt (Way);T;Kleyerstraße;49.85767;8.624051;50.0;;;;;;Interpoliert;123.0;0.0;asphalt;residential;Kleyerstraße;3;Kurs 6
Routenpunkt (Way);T;Kleyerstraße;49.857787;8.624012;50.0;;;;;;Original OSM;123.0;0.17;asphalt;residential;Kleyerstraße;3;Kurs 6
Routenpunkt (Way);T;Kleyerstraße;49.85789;8.623979;50.0;;;;;;Interpoliert;123.0;0.34;asphalt;residential;Kleyerstraße;3;Kurs 6
Routenpunkt (Way);T;Kleyerstraße;49.857993;8.623945;50.0;;;;;;Interpoliert;123.1;0.51;asphalt;residential;Kleyerstraße;3;Kurs 6
Routenpunkt (Way);T;Kleyerstraße;49.858096;8.623912;50.0;;;;;;Original OSM;123.2;0.69;asphalt;residential;Kleyerstraße;3;Kurs 6
Routenpunkt (Way);T;Kleyerstraße;49.858198;8.623874;50.0;;;;;;Interpoliert;123.3;0.82;asphalt;residential;Kleyerstraße;3;Kurs 6
Routenpunkt (Way);T;Kleyerstraße;49.858299;8.623836;50.0;;;;;;Interpoliert;123.4;0.79;asphalt;residential;Kleyerstraße;3;Kurs 6
Routenpunkt (Way);T;;49.858426;8.623777;50.0;;;;;;Interpoliert (15m);123.5;0.78;asphalt;residential;Kleyerstraße;3;Kurs 6
Routenpunkt (Way);T;Kleyerstraße;49.858553;8.623718;50.0;;;;;;Original OSM;123.6;0.61;asphalt;residential;Kleyerstraße;3;Kurs 6
Haltestelle;W;Darmstadt Kleyerstraße;49.858657;8.623667;50.0;08:30:00;08:30:00;Kein Umlauf;Mo,Di,Mi,Do,Fr;446.0;Original GTFS (Snap-Distanz 23m) | Auf Route gesnappt (23m);123.7;0.61;paving_stones;residential;Kleyerstraße;3;Kurs 6
Routenpunkt (Way);T;Kleyerstraße;49.858657;8.623667;50.0;;;;;;Original OSM;123.8;0.89;paving_stones;residential;Kleyerstraße;3;Kurs 6
Routenpunkt (Way);T;Kleyerstraße;49.858758;8.623634;50.0;;;;;;Interpoliert;123.9;0.96;paving_stones;residential;Kleyerstraße;3;Kurs 6
Routenpunkt (Way);T;;49.858844;8.623605;50.0;;;;;;Interpoliert (15m);124.1;0.98;paving_stones;residential;Kleyerstraße;3;Kurs 6
Routenpunkt (Way);T;Kleyerstraße;49.858929;8.623577;50.0;;;;;;Original OSM;124.2;1.18;paving_stones;residential;Kleyerstraße;3;Kurs 6
Routenpunkt (Way);T;;49.859021;8.623547;50.0;;;;;;Interpoliert (15m);124.3;1.16;paving_stones;residential;Kleyerstraße;3;Kurs 6
Routenpunkt (Way);T;Kleyerstraße;49.859112;8.623517;50.0;;;;;;Interpoliert;124.4;0.9;paving_stones;residential;Kleyerstraße;3;Kurs 6
Routenpunkt (Way);T;Kleyerstraße;49.859225;8.62348;50.0;;;;;;Interpoliert;124.5;0.85;paving_stones;residential;Kleyerstraße;3;Kurs 6
Routenpunkt (Way);T;Kleyerstraße;49.859339;8.623443;50.0;;;;;;Interpoliert;124.6;0.81;paving_stones;residential;Kleyerstraße;3;Kurs 6
Routenpunkt (Way);T;Kleyerstraße;49.859452;8.623405;50.0;;;;;;Interpoliert;124.7;0.79;paving_stones;residential;Kleyerstraße;3;Kurs 6
Routenpunkt (Way);T;Kleyerstraße;49.859566;8.623368;50.0;;;;;;Original OSM;124.8;0.8;paving_stones;residential;Kleyerstraße;3;Kurs 6
Routenpunkt (Way);T;Kleyerstraße;49.859671;8.623333;50.0;;;;;;Interpoliert;124.9;0.64;paving_stones;residential;Kleyerstraße;3;Kurs 6
Routenpunkt (Way);T;Kleyerstraße;49.859776;8.623299;50.0;;;;;;Interpoliert;125.0;0.49;paving_stones;residential;Kleyerstraße;3;Kurs 6
Routenpunkt (Way);T;Kleyerstraße;49.859882;8.623264;50.0;;;;;;Interpoliert;125.0;0.33;paving_stones;residential;Kleyerstraße;3;Kurs 6
Routenpunkt (Way);T;Kleyerstraße;49.859988;8.623229;50.0;;;;;;Interpoliert;125.0;0.17;paving_stones;residential;Kleyerstraße;3;Kurs 6
Routenpunkt (Way);T;;49.860084;8.623223;50.0;;;;;;Interpoliert (15m);125.0;0.0;paving_stones;residential;Kleyerstraße;3;Kurs 6
Routenpunkt (Way);T;Kleyerstraße;49.86018;8.623216;50.0;;;;;;Original OSM;125.0;0.0;paving_stones;residential;Kleyerstraße;3;Kurs 6
Haltestelle;W;Darmstadt von Taxis;49.860215;8.623155;50.0;08:30:00;08:30:00;Kein Umlauf;Mo,Di,Mi,Do,Fr;446.0;Original GTFS (Snap-Distanz 3m) | Auf Route gesnappt (3m);125.0;0.0;paving_stones;residential;Kleyerstraße;3;Kurs 6
Routenpunkt (Way);T;Rosa-Parks-Straße;49.860315;8.623206;50.0;;;;;;Original OSM;125.0;0.52;paving_stones;residential;Kleyerstraße;3;Kurs 6
Routenpunkt (Way);T;;49.860372;8.623145;50.0;;;;;;Interpoliert (15m);125.0;0.84;paving_stones;residential;Kleyerstraße;3;Kurs 6
Routenpunkt (Way);T;Kleyerstraße;49.860428;8.623084;50.0;;;;;;Interpoliert;125.2;1.14;paving_stones;residential;Kleyerstraße;3;Kurs 6
Routenpunkt (Way);T;Kleyerstraße;49.86054;8.623048;50.0;;;;;;Original OSM;125.4;1.43;paving_stones;residential;Kleyerstraße;3;Kurs 6
Routenpunkt (Way);T;;49.860658;8.623009;50.0;;;;;;Interpoliert (15m);125.6;1.71;paving_stones;residential;Kleyerstraße;3;Kurs 6
Routenpunkt (Way);T;Kleyerstraße;49.860777;8.62297;50.0;;;;;;Original OSM;125.8;1.47;paving_stones;residential;Kleyerstraße;3;Kurs 6
Routenpunkt (Way);T;;49.860902;8.622929;50.0;;;;;;Interpoliert (15m);126.0;1.44;paving_stones;residential;Kleyerstraße;3;Kurs 6
Routenpunkt (Way);T;Kleyerstraße;49.861027;8.622888;50.0;;;;;;Interpoliert;126.2;1.7;paving_stones;residential;Kleyerstraße;3;Kurs 6
Routenpunkt (Way);T;Kleyerstraße;49.861152;8.622847;50.0;;;;;;Interpoliert;126.4;1.97;paving_stones;residential;Kleyerstraße;3;Kurs 6
Routenpunkt (Way);T;Kleyerstraße;49.861277;8.622806;50.0;;;;;;Interpoliert;126.8;2.25;paving_stones;residential;Kleyerstraße;3;Kurs 6
Routenpunkt (Way);T;;49.861403;8.622772;50.0;;;;;;Interpoliert (15m);127.2;2.25;paving_stones;residential;Kleyerstraße;3;Kurs 6
Routenpunkt (Way);T;Kleyerstraße;49.861529;8.622739;50.0;;;;;;Original OSM;127.6;2.25;paving_stones;residential;Kleyerstraße;3;Kurs 6
Routenpunkt (Way);T;;49.861656;8.622723;50.0;;;;;;Interpoliert (15m);127.8;2.34;paving_stones;residential;Kleyerstraße;3;Kurs 6
Routenpunkt (Way);T;Hilpertstraße;49.861784;8.622708;50.0;;;;;;Original OSM;128.0;2.42;paving_stones;residential;Hilpertstraße;3;Kurs 6
Routenpunkt (Way);T;;49.861792;8.622836;50.0;;;;;;Interpoliert (15m);128.3;2.27;paving_stones;residential;Hilpertstraße;3;Kurs 6
Routenpunkt (Way);T;Hilpertstraße;49.8618;8.622965;50.0;;;;;;Original OSM;128.6;2.54;paving_stones;residential;Hilpertstraße;3;Kurs 6
Routenpunkt (Way);T;Hilpertstraße;49.86182;8.623169;50.0;;;;;;Interpoliert;128.9;2.85;paving_stones;residential;Hilpertstraße;3;Kurs 6
Routenpunkt (Way);T;Hilpertstraße;49.861836;8.623317;50.0;;;;;;Interpoliert;129.2;2.39;paving_stones;residential;Hilpertstraße;3;Kurs 6
Routenpunkt (Way);T;;49.861817;8.623457;50.0;;;;;;Interpoliert (15m);129.5;1.75;paving_stones;residential;Hilpertstraße;3;Kurs 6
Routenpunkt (Way);T;Hauptzollamt;49.861799;8.623596;50.0;;;;;;Interpoliert;129.6;1.34;paving_stones;residential;Hilpertstraße;3;Kurs 6
Haltestelle;W;Darmstadt Hilpertstraße;49.861799;8.623596;50.0;08:32:00;08:32:00;Kein Umlauf;Mo,Di,Mi,Do,Fr;446.0;Original GTFS (Snap-Distanz 3m) | Auf Route gesnappt (3m);129.7;0.78;paving_stones;residential;Hilpertstraße;3;Kurs 6
Routenpunkt (Way);T;Hauptzollamt;49.861777;8.623601;50.0;;;;;;Interpoliert;129.7;0.2;paving_stones;residential;Hilpertstraße;3;Kurs 6
Routenpunkt (Way);T;Hilpertstraße;49.861821;8.623751;50.0;;;;;;Original OSM;129.7;-0.15;paving_stones;residential;Hilpertstraße;3;Kurs 6
Routenpunkt (Way);T;Hilpertstraße;49.861896;8.623876;50.0;;;;;;Interpoliert;129.7;-0.3;paving_stones;residential;Hilpertstraße;3;Kurs 6
Routenpunkt (Way);T;Hilpertstraße;49.861916;8.624056;50.0;;;;;;Original OSM;129.6;-0.45;paving_stones;residential;Hilpertstraße;3;Kurs 6
Routenpunkt (Way);T;Hilpertstraße;49.861938;8.624239;50.0;;;;;;Interpoliert;129.5;-0.68;paving_stones;residential;Hilpertstraße;3;Kurs 6
Routenpunkt (Way);T;Hilpertstraße;49.86196;8.624422;50.0;;;;;;Original OSM;129.4;-0.91;paving_stones;residential;Hilpertstraße;3;Kurs 6
Routenpunkt (Way);T;;49.861974;8.624541;50.0;;;;;;Interpoliert (15m);129.3;-1.02;paving_stones;residential;Hilpertstraße;3;Kurs 6
Routenpunkt (Way);T;Hilpertstraße;49.861988;8.62466;50.0;;;;;;Original OSM;129.2;-1.13;paving_stones;residential;Hilpertstraße;3;Kurs 6
Routenpunkt (Way);T;;49.862001;8.624765;50.0;;;;;;Interpoliert (15m);129.1;-0.98;paving_stones;residential;Hilpertstraße;3;Kurs 6
Routenpunkt (Way);T;Hilpertstraße;49.862015;8.624871;50.0;;;;;;Interpoliert;129.0;-1.03;paving_stones;residential;Hilpertstraße;3;Kurs 6
Routenpunkt (Way);T;;49.862041;8.625068;50.0;;;;;;Interpoliert (15m);129.0;-1.14;paving_stones;residential;Hilpertstraße;3;Kurs 6
Routenpunkt (Way);T;Hilpertstraße;49.862067;8.625266;50.0;;;;;;Original OSM;128.8;-1.22;paving_stones;residential;Hilpertstraße;3;Kurs 6
Routenpunkt (Way);T;;49.862089;8.625425;50.0;;;;;;Interpoliert (15m);128.6;-1.3;paving_stones;residential;Hilpertstraße;3;Kurs 6
Routenpunkt (Way);T;;49.862111;8.625584;50.0;;;;;;Interpoliert (15m);128.4;-1.81;paving_stones;residential;Hilpertstraße;3;Kurs 6
Routenpunkt (Way);T;Hilpertstraße;49.862134;8.625743;50.0;;;;;;Original OSM;128.2;-2.04;paving_stones;residential;Hilpertstraße;3;Kurs 6
Routenpunkt (Way);T;;49.862149;8.625851;50.0;;;;;;Interpoliert (15m);128.0;-2.07;paving_stones;residential;Hilpertstraße;3;Kurs 6
Routenpunkt (Way);T;Hilpertstraße;49.862165;8.625958;50.0;;;;;;Interpoliert;127.8;-2.09;paving_stones;residential;Hilpertstraße;3;Kurs 6
Routenpunkt (Way);T;Hilpertstraße;49.862187;8.626106;50.0;;;;;;Interpoliert;127.6;-2.03;paving_stones;residential;Hilpertstraße;3;Kurs 6
Routenpunkt (Way);T;Hilpertstraße;49.862209;8.626254;50.0;;;;;;Original OSM;127.4;-1.86;paving_stones;residential;Hilpertstraße;3;Kurs 6
Routenpunkt (Way);T;Hilpertstraße;49.862238;8.62645;50.0;;;;;;Original OSM;127.2;-1.35;asphalt;residential;Hilpertstraße;3;Kurs 6
Routenpunkt (Way);T;;49.862262;8.62661;50.0;;;;;;Interpoliert (15m);127.0;-0.99;asphalt;residential;Hilpertstraße;3;Kurs 6
Routenpunkt (Way);A;Hilpertstraße (Ampel);49.862286;8.62677;50.0;;;;;;Original OSM;127.0;-0.62;asphalt;residential;Hilpertstraße;3;Kurs 6
Haltestelle;W;Darmstadt T-Online-Allee;49.862286;8.62677;50.0;;;Kein Umlauf;Mo,Di,Mi,Do,Fr;446.0;Original GTFS (Snap-Distanz 1m) | Auf Route gesnappt (1m);127.0;-0.34;asphalt;residential;Hilpertstraße;3;Kurs 6
Routenpunkt (Way);T;;49.862312;8.626934;50.0;;;;;;Interpoliert (15m);127.0;0.0;asphalt;residential;Hilpertstraße;3;Kurs 6
Routenpunkt (Way);T;Hilpertstraße;49.862338;8.627098;50.0;;;;;;Original OSM;127.0;0.36;asphalt;residential;Hilpertstraße;3;Kurs 6
Routenpunkt (Way);T;;49.862363;8.627249;50.0;;;;;;Interpoliert (15m);127.0;0.72;asphalt;primary;Hilpertstraße;3;Kurs 6
Routenpunkt (Way);T;;49.862388;8.627399;50.0;;;;;;Interpoliert (15m);127.2;1.2;asphalt;primary;Hilpertstraße;3;Kurs 6
Routenpunkt (Way);T;Hilpertstraße;49.862413;8.627549;50.0;;;;;;Interpoliert;127.4;1.66;asphalt;primary;Hilpertstraße;3;Kurs 6
Routenpunkt (Way);T;Hilpertstraße;49.862441;8.627718;50.0;;;;;;Original OSM;127.7;2.11;asphalt;primary;Hilpertstraße;3;Kurs 6
Routenpunkt (Way);T;Hilpertstraße;49.862471;8.627895;50.0;;;;;;Interpoliert;128.0;2.34;paving_stones;primary;Hilpertstraße;3;Kurs 6
Routenpunkt (Way);T;Hilpertstraße;49.862501;8.628072;50.0;;;;;;Original OSM;128.3;2.57;paving_stones;primary;Hilpertstraße;3;Kurs 6
Routenpunkt (Way);T;Hilpertstraße;49.862526;8.628209;50.0;;;;;;Interpoliert;128.6;2.75;paving_stones;primary;Hilpertstraße;3;Kurs 6
Routenpunkt (Way);T;Hilpertstraße;49.862551;8.628347;50.0;;;;;;Interpoliert;128.9;2.95;paving_stones;primary;Hilpertstraße;3;Kurs 6
Routenpunkt (Way);T;;49.862573;8.628469;50.0;;;;;;Interpoliert (15m);129.2;2.88;paving_stones;primary;Hilpertstraße;3;Kurs 6
Routenpunkt (Way);T;Hilpertstraße;49.862596;8.628591;50.0;;;;;;Original OSM;129.5;2.29;paving_stones;primary;Hilpertstraße;3;Kurs 6
Routenpunkt (Way);T;;49.862621;8.628729;50.0;;;;;;Interpoliert (15m);129.7;1.71;paving_stones;primary;Hilpertstraße;3;Kurs 6
Routenpunkt (Way);T;Hilpertstraße;49.862646;8.628868;50.0;;;;;;Original OSM;129.7;0.85;paving_stones;primary;Hilpertstraße;3;Kurs 6
Routenpunkt (Way);T;Hilpertstraße;49.862673;8.629006;50.0;;;;;;Interpoliert;129.7;0.0;paving_stones;primary;Hilpertstraße;3;Kurs 6
Routenpunkt (Way);T;Hilpertstraße;49.8627;8.629144;50.0;;;;;;Interpoliert;129.6;-0.22;paving_stones;primary;Hilpertstraße;3;Kurs 6
Routenpunkt (Way);T;Hilpertstraße;49.862727;8.629282;50.0;;;;;;Original OSM;129.5;-0.08;paving_stones;primary;Hilpertstraße;3;Kurs 6
Routenpunkt (Way);T;Hilpertstraße;49.862763;8.629445;50.0;;;;;;Interpoliert;129.6;0.06;paving_stones;primary;Hilpertstraße;3;Kurs 6
Routenpunkt (Way);T;;49.862806;8.629626;50.0;;;;;;Interpoliert (15m);129.7;0.4;paving_stones;primary;Hilpertstraße;3;Kurs 6
Routenpunkt (Way);T;;49.862849;8.629807;50.0;;;;;;Interpoliert (15m);129.8;0.76;paving_stones;primary;Hilpertstraße;3;Kurs 6
Routenpunkt (Way);T;Hilpertstraße;49.862893;8.629988;50.0;;;;;;Original OSM;129.9;1.08;paving_stones;primary;Hilpertstraße;3;Kurs 6
Routenpunkt (Way);T;;49.862938;8.630146;50.0;;;;;;Interpoliert (15m);130.0;1.42;paving_stones;primary;Hilpertstraße;3;Kurs 6
Routenpunkt (Way);T;;49.862984;8.630303;50.0;;;;;;Interpoliert (15m);130.3;1.76;paving_stones;primary;Hilpertstraße;3;Kurs 6
Routenpunkt (Way);T;;49.863029;8.630461;50.0;;;;;;Interpoliert (15m);130.6;2.1;paving_stones;primary;Hilpertstraße;3;Kurs 6
Routenpunkt (Way);T;;49.863075;8.630619;50.0;;;;;;Interpoliert (15m);130.9;2.47;paving_stones;primary;Hilpertstraße;3;Kurs 6
Routenpunkt (Way);T;Hilpertstraße;49.86312;8.630776;50.0;;;;;;Original OSM;131.2;2.17;asphalt;primary;Hilpertstraße;3;Kurs 6
Routenpunkt (Way);A;Ampel;49.863183;8.630898;50.0;;;;;;Interpoliert (15m);131.5;1.51;asphalt;primary;Hilpertstraße;3;Kurs 6
Routenpunkt (Way);T;;49.863246;8.631019;50.0;;;;;;Interpoliert (15m);131.6;0.87;asphalt;primary;Hilpertstraße;3;Kurs 6
Routenpunkt (Way);T;Hilpertstraße;49.86331;8.631141;50.0;;;;;;Original OSM;131.5;0.23;asphalt;primary;Hilpertstraße;3;Kurs 6
Routenpunkt (Way);T;;49.863375;8.631293;50.0;;;;;;Interpoliert (15m);131.4;-0.46;asphalt;primary;Hilpertstraße;3;Kurs 6
Routenpunkt (Way);T;;49.86344;8.631444;50.0;;;;;;Interpoliert (15m);131.3;-0.94;asphalt;primary;Hilpertstraße;3;Kurs 6
Routenpunkt (Way);T;;49.863505;8.631596;50.0;;;;;;Interpoliert (15m);131.2;-1.07;asphalt;primary;Hilpertstraße;3;Kurs 6
Routenpunkt (Way);T;;49.86357;8.631747;50.0;;;;;;Interpoliert (15m);131.0;-1.49;asphalt;primary;Hilpertstraße;3;Kurs 6
Routenpunkt (Way);T;Hilpertstraße;49.863635;8.631899;50.0;;;;;;Original OSM;130.8;-1.91;asphalt;primary;Hilpertstraße;3;Kurs 6
Routenpunkt (Way);T;;49.863739;8.63201;50.0;;;;;;Interpoliert (15m);130.4;-2.32;asphalt;primary;Hilpertstraße;3;Kurs 6
Routenpunkt (Way);T;;49.863843;8.632121;50.0;;;;;;Interpoliert (15m);130.0;-2.58;asphalt;primary;Haardtring;3;Kurs 6
Routenpunkt (Way);T;Haardtring;49.863947;8.632233;50.0;;;;;;Interpoliert;129.6;-2.56;asphalt;primary;Haardtring;3;Kurs 6
Routenpunkt (Way);T;;49.864069;8.632178;50.0;;;;;;Interpoliert (15m);129.2;-2.26;asphalt;primary;Haardtring;3;Kurs 6
Routenpunkt (Way);T;Haardtring;49.864191;8.632123;50.0;;;;;;Original OSM;129.0;-1.96;asphalt;primary;Haardtring;3;Kurs 6
Routenpunkt (Way);T;;49.86432;8.632073;50.0;;;;;;Interpoliert (15m);128.8;-1.03;asphalt;primary;Haardtring;3;Kurs 6
Routenpunkt (Way);T;Haardtring;49.864449;8.632022;50.0;;;;;;Interpoliert;128.6;-0.18;asphalt;primary;Haardtring;3;Kurs 6
Routenpunkt (Way);T;Haardtring;49.864545;8.631988;50.0;;;;;;Original OSM;128.8;0.38;asphalt;primary;Haardtring;3;Kurs 6
Routenpunkt (Way);T;Haardtring;49.864673;8.631947;50.0;;;;;;Interpoliert;129.0;1.2;asphalt;primary;Haardtring;3;Kurs 6
Routenpunkt (Way);T;Haardtring;49.8648;8.631907;50.0;;;;;;Interpoliert;129.2;2.07;asphalt;primary;Haardtring;3;Kurs 6
Routenpunkt (Way);T;Haardtring;49.864928;8.631866;50.0;;;;;;Original OSM;129.6;1.85;asphalt;primary;Haardtring;3;Kurs 6
Routenpunkt (Way);T;Haardtring;49.865046;8.631829;50.0;;;;;;Interpoliert;130.0;1.73;asphalt;primary;Haardtring;3;Kurs 6
Routenpunkt (Way);T;Haardtring;49.865164;8.631792;50.0;;;;;;Interpoliert;130.1;1.6;asphalt;primary;Haardtring;3;Kurs 6
Routenpunkt (Way);T;Haardtring;49.865282;8.631755;50.0;;;;;;Interpoliert;130.2;1.2;asphalt;primary;Haardtring;3;Kurs 6
Routenpunkt (Way);T;Haardtring;49.8654;8.631718;50.0;;;;;;Interpoliert;130.3;0.75;asphalt;primary;Haardtring;3;Kurs 6
Routenpunkt (Way);T;Haardtring;49.865518;8.631681;50.0;;;;;;Interpoliert;130.4;0.08;asphalt;primary;Haardtring;3;Kurs 6
Routenpunkt (Way);T;Haardtring;49.865636;8.631644;50.0;;;;;;Original OSM;130.5;-0.59;asphalt;primary;Haardtring;3;Kurs 6
Routenpunkt (Way);T;;49.865739;8.631633;50.0;;;;;;Interpoliert (15m);130.2;-1.45;asphalt;primary;Haardtring;3;Kurs 6
Routenpunkt (Way);T;Haardtring;49.865843;8.631622;50.0;;;;;;Interpoliert;129.9;-2.01;asphalt;primary;Haardtring;3;Kurs 6
Haltestelle;W;Darmstadt Pfalzweg NHaardtring;49.865918;8.6316;50.0;;;Kein Umlauf;Mo,Di,Mi,Do,Fr;446.0;Original GTFS (Snap-Distanz 1m) | Auf Route gesnappt (3m);129.6;-2.29;asphalt;primary;Haardtring;3;Kurs 6
Routenpunkt (Way);T;;49.866051;8.631601;50.0;;;;;;Interpoliert (15m);129.3;-1.5;asphalt;primary;Haardtring;3;Kurs 6
Routenpunkt (Way);T;;49.866184;8.631602;50.0;;;;;;Interpoliert (15m);129.2;-0.71;asphalt;primary;Haardtring;3;Kurs 6
Routenpunkt (Way);T;;49.866317;8.631603;50.0;;;;;;Interpoliert (15m);129.4;0.27;asphalt;primary;Haardtring;3;Kurs 6
Routenpunkt (Way);A;Ampel;49.86645;8.631604;50.0;;;;;;Interpoliert (15m);129.6;0.94;asphalt;primary;Haardtring;3;Kurs 6
Routenpunkt (Way);T;;49.866584;8.631605;50.0;;;;;;Interpoliert (15m);129.8;1.35;asphalt;primary;Haardtring;3;Kurs 6
Routenpunkt (Way);T;;49.866717;8.631606;50.0;;;;;;Interpoliert (15m);130.0;1.08;asphalt;primary;Haardtring;3;Kurs 6
Routenpunkt (Way);T;;49.86685;8.631606;50.0;;;;;;Interpoliert (15m);130.2;0.81;asphalt;primary;Haardtring;3;Kurs 6
Routenpunkt (Way);T;;49.866983;8.631607;50.0;;;;;;Interpoliert (15m);130.2;0.54;asphalt;primary;Haardtring;3;Kurs 6
Routenpunkt (Way);T;;49.867117;8.631608;50.0;;;;;;Interpoliert (15m);130.2;0.27;asphalt;primary;;3;Kurs 6
Routenpunkt (Way);T;;49.86725;8.631609;50.0;;;;;;Interpoliert (15m);130.2;-0.27;asphalt;primary;;3;Kurs 6
Routenpunkt (Way);T;;49.867383;8.63161;50.0;;;;;;Interpoliert (15m);130.2;-0.54;asphalt;primary;;3;Kurs 6
Routenpunkt (Way);T;;49.867516;8.631611;50.0;;;;;;Interpoliert (15m);130.0;-0.81;asphalt;primary;;3;Kurs 6
Routenpunkt (Way);T;;49.86765;8.631612;50.0;;;;;;Interpoliert (15m);129.8;-1.08;asphalt;primary;;3;Kurs 6
Routenpunkt (Way);T;;49.867783;8.631613;50.0;;;;;;Interpoliert (15m);129.6;-1.35;asphalt;primary;;3;Kurs 6
Routenpunkt (Way);T;;49.867916;8.631614;50.0;;;;;;Interpoliert (15m);129.4;-1.35;asphalt;primary;;3;Kurs 6
Routenpunkt (Way);T;;49.868049;8.631614;50.0;;;;;;Interpoliert (15m);129.2;-1.08;asphalt;primary;;3;Kurs 6
Routenpunkt (Way);T;;49.868183;8.631615;50.0;;;;;;Interpoliert (15m);129.0;-0.81;asphalt;primary;;3;Kurs 6
Routenpunkt (Way);T;;49.868316;8.631616;50.0;;;;;;Interpoliert (15m);129.0;-0.54;asphalt;primary;;3;Kurs 6
Routenpunkt (Way);T;;49.868449;8.631617;50.0;;;;;;Interpoliert (15m);129.0;0.0;asphalt;primary;;3;Kurs 6
Routenpunkt (Way);T;;49.868582;8.631618;50.0;;;;;;Interpoliert (15m);129.0;0.54;asphalt;primary;;3;Kurs 6
Routenpunkt (Way);T;;49.868716;8.631619;50.0;;;;;;Interpoliert (15m);129.2;0.81;asphalt;primary;;3;Kurs 6
Routenpunkt (Way);T;;49.868849;8.63162;50.0;;;;;;Interpoliert (15m);129.4;1.08;asphalt;primary;;3;Kurs 6
Routenpunkt (Way);T;;49.868982;8.631621;50.0;;;;;;Interpoliert (15m);129.6;1.35;asphalt;primary;;3;Kurs 6
Routenpunkt (Way);T;;49.869115;8.631621;50.0;;;;;;Interpoliert (15m);129.8;1.35;asphalt;primary;;3;Kurs 6
Routenpunkt (Way);T;;49.869249;8.631622;50.0;;;;;;Interpoliert (15m);130.0;1.35;asphalt;primary;;3;Kurs 6
Routenpunkt (Way);T;;49.869382;8.631623;50.0;;;;;;Interpoliert (15m);130.2;1.35;asphalt;primary;;3;Kurs 6
Routenpunkt (Way);T;;49.869515;8.631624;50.0;;;;;;Interpoliert (15m);130.4;1.35;asphalt;primary;;3;Kurs 6
Routenpunkt (Way);T;;49.869648;8.631625;50.0;;;;;;Interpoliert (15m);130.6;1.35;asphalt;primary;;3;Kurs 6
Routenpunkt (Way);T;;49.869782;8.631626;50.0;;;;;;Interpoliert (15m);130.8;1.08;asphalt;primary;;3;Kurs 6
Routenpunkt (Way);T;;49.869915;8.631627;50.0;;;;;;Interpoliert (15m);131.0;0.81;asphalt;primary;;3;Kurs 6
Routenpunkt (Way);T;;49.870048;8.631628;50.0;;;;;;Interpoliert (15m);131.0;0.54;asphalt;primary;;3;Kurs 6
Routenpunkt (Way);T;;49.870181;8.631628;50.0;;;;;;Interpoliert (15m);131.0;0.27;asphalt;primary;;3;Kurs 6
Routenpunkt (Way);T;;49.870315;8.631629;50.0;;;;;;Interpoliert (15m);131.0;0.0;asphalt;primary;;3;Kurs 6
Routenpunkt (Way);T;;49.870448;8.63163;50.0;;;;;;Interpoliert (15m);131.0;0.0;asphalt;primary;;3;Kurs 6
Routenpunkt (Way);T;;49.870581;8.631631;50.0;;;;;;Interpoliert (15m);131.0;0.0;asphalt;primary;;3;Kurs 6
Routenpunkt (Way);T;;49.870714;8.631632;50.0;;;;;;Interpoliert (15m);131.0;0.0;asphalt;primary;;3;Kurs 6
Routenpunkt (Way);T;;49.870848;8.631633;50.0;;;;;;Interpoliert (15m);131.0;0.0;asphalt;primary;;3;Kurs 6
Routenpunkt (Way);T;;49.870981;8.631634;50.0;;;;;;Interpoliert (15m);131.0;0.27;paving_stones;service;Külpstraße;3;Kurs 6
Routenpunkt (Way);T;;49.871114;8.631635;50.0;;;;;;Interpoliert (15m);131.0;0.54;paving_stones;service;Külpstraße;3;Kurs 6
Routenpunkt (Way);T;;49.871247;8.631635;50.0;;;;;;Interpoliert (15m);131.2;0.81;paving_stones;service;Külpstraße;3;Kurs 6
Routenpunkt (Way);T;;49.871381;8.631636;50.0;;;;;;Interpoliert (15m);131.4;1.08;paving_stones;service;Külpstraße;3;Kurs 6
Routenpunkt (Way);T;;49.871514;8.631637;50.0;;;;;;Interpoliert (15m);131.6;1.62;sett;service;Am Fürstenbahnhof;3;Kurs 6
Routenpunkt (Way);T;;49.871647;8.631638;50.0;;;;;;Interpoliert (15m);131.8;1.89;asphalt;pedestrian;Am Hauptbahnhof;3;Kurs 6
Routenpunkt (Way);T;;49.87178;8.631639;50.0;;;;;;Interpoliert (15m);132.2;2.16;asphalt;pedestrian;Am Hauptbahnhof;3;Kurs 6
Routenpunkt (Way);T;;49.871914;8.63164;50.0;;;;;;Interpoliert (15m);132.6;1.89;paving_stones;pedestrian;Am Hauptbahnhof;3;Kurs 6
Routenpunkt (Way);A;Am Hauptbahnhof (Ampel);49.872047;8.631641;50.0;;;;;;Original OSM;133.0;1.76;paving_stones;pedestrian;Am Hauptbahnhof;3;Kurs 6
Haltestelle;W;Darmstadt Hauptbahnhof Ost;49.872047;8.631641;50.0;08:40:00;08:40:00;Kein Umlauf;Mo,Di,Mi,Do,Fr;446.0;Original GTFS (Snap-Distanz 37m) | Auf Route gesnappt (37m);133.1;1.36;paving_stones;pedestrian;Am Hauptbahnhof;3;Kurs 6
Routenpunkt (Way);T;;49.871922;8.631685;50.0;;;;;;Interpoliert (15m);133.2;0.65;paving_stones;pedestrian;Am Hauptbahnhof;3;Kurs 6
Routenpunkt (Way);T;Am Hauptbahnhof;49.871798;8.63173;50.0;;;;;;Original OSM;133.3;-0.06;asphalt;pedestrian;Am Hauptbahnhof;3;Kurs 6
Routenpunkt (Way);T;;49.871718;8.631834;50.0;;;;;;Interpoliert (15m);133.2;-0.25;asphalt;pedestrian;Am Hauptbahnhof;3;Kurs 6
Routenpunkt (Way);T;Am Hauptbahnhof;49.871638;8.631939;50.0;;;;;;Interpoliert;133.1;-0.58;paving_stones;pedestrian;Am Hauptbahnhof;3;Kurs 6
Routenpunkt (Way);T;Am Hauptbahnhof;49.871554;8.632013;50.0;;;;;;Original OSM;133.0;-1.26;paving_stones;pedestrian;Am Hauptbahnhof;3;Kurs 6
Routenpunkt (Way);T;Am Hauptbahnhof;49.871471;8.632083;50.0;;;;;;Interpoliert;132.9;-1.62;paving_stones;pedestrian;Am Hauptbahnhof;3;Kurs 6
Routenpunkt (Way);T;;49.871384;8.632158;50.0;;;;;;Interpoliert (15m);132.6;-1.45;paving_stones;pedestrian;Am Hauptbahnhof;3;Kurs 6
Routenpunkt (Way);T;Am Hauptbahnhof;49.871296;8.632234;50.0;;;;;;Original OSM;132.3;-0.84;paving_stones;pedestrian;Am Hauptbahnhof;3;Kurs 6
Routenpunkt (Way);T;;49.871184;8.632328;50.0;;;;;;Interpoliert (15m);132.3;-0.17;paving_stones;pedestrian;Am Hauptbahnhof;3;Kurs 6
Routenpunkt (Way);T;Am Hauptbahnhof;49.871073;8.632422;50.0;;;;;;Interpoliert;132.6;0.85;paving_stones;pedestrian;Am Hauptbahnhof;3;Kurs 6
Routenpunkt (Way);T;Am Hauptbahnhof;49.870975;8.632506;50.0;;;;;;Interpoliert;132.9;1.86;paving_stones;pedestrian;Am Hauptbahnhof;3;Kurs 6
Routenpunkt (Way);T;Am Hauptbahnhof;49.870876;8.63259;50.0;;;;;;Interpoliert;133.2;2.3;paving_stones;pedestrian;Am Hauptbahnhof;3;Kurs 6
Routenpunkt (Way);T;Am Hauptbahnhof;49.870777;8.632674;50.0;;;;;;Interpoliert;133.5;2.6;paving_stones;pedestrian;Am Hauptbahnhof;3;Kurs 6
Routenpunkt (Way);T;Am Hauptbahnhof;49.870668;8.632766;50.0;;;;;;Original OSM;133.8;2.88;paving_stones;pedestrian;Am Hauptbahnhof;3;Kurs 6
Routenpunkt (Way);T;Am Hauptbahnhof;49.870561;8.632861;50.0;;;;;;Interpoliert;134.3;3.17;paving_stones;pedestrian;Am Hauptbahnhof;3;Kurs 6
Routenpunkt (Way);T;;49.87048;8.632994;50.0;;;;;;Interpoliert (15m);134.8;3.65;asphalt;busway;Am Hauptbahnhof;3;Kurs 6
Routenpunkt (Way);T;Am Hauptbahnhof;49.870399;8.633126;50.0;;;;;;Original OSM;135.3;3.59;asphalt;busway;Am Hauptbahnhof;3;Kurs 6
Routenpunkt (Way);A;Ampel;49.870399;8.633272;50.0;;;;;;Interpoliert (15m);135.8;2.87;asphalt;busway;Am Hauptbahnhof;3;Kurs 6
Routenpunkt (Way);T;;49.870399;8.633418;50.0;;;;;;Interpoliert (15m);136.0;2.1;asphalt;busway;Rheinstraße;3;Kurs 6
Routenpunkt (Way);T;Rheinstraße;49.870399;8.633564;50.0;;;;;;Interpoliert;136.0;1.34;asphalt;busway;Rheinstraße;3;Kurs 6
Routenpunkt (Way);T;Rheinstraße;49.870425;8.633749;50.0;;;;;;Interpoliert;136.0;0.38;asphalt;busway;Rheinstraße;3;Kurs 6
Routenpunkt (Way);T;Rheinstraße;49.87045;8.633933;50.0;;;;;;Original OSM;136.0;0.0;asphalt;busway;Rheinstraße;3;Kurs 6
Routenpunkt (Way);T;Rheinstraße;49.870477;8.634133;50.0;;;;;;Interpoliert;136.0;-0.27;asphalt;busway;Rheinstraße;3;Kurs 6
Routenpunkt (Way);T;Rheinstraße;49.870505;8.634333;50.0;;;;;;Interpoliert;136.0;-0.55;asphalt;busway;Rheinstraße;3;Kurs 6
Routenpunkt (Way);T;Rheinstraße;49.870533;8.634533;50.0;;;;;;Interpoliert;135.8;-0.82;asphalt;busway;Rheinstraße;3;Kurs 6
Routenpunkt (Way);T;Rheinstraße;49.87056;8.634733;50.0;;;;;;Interpoliert;135.6;-1.09;asphalt;busway;Rheinstraße;3;Kurs 6
Routenpunkt (Way);T;Rheinstraße;49.870588;8.634934;50.0;;;;;;Interpoliert;135.4;-1.09;asphalt;busway;Rheinstraße;3;Kurs 6
Routenpunkt (Way);T;Rheinstraße;49.870615;8.635134;50.0;;;;;;Interpoliert;135.2;-0.4;asphalt;busway;Rheinstraße;3;Kurs 6
Routenpunkt (Way);T;Rheinstraße;49.870643;8.635334;50.0;;;;;;Interpoliert;135.2;0.28;asphalt;busway;Rheinstraße;3;Kurs 6
Routenpunkt (Way);T;;49.870649;8.635468;50.0;;;;;;Interpoliert (15m);135.4;1.09;asphalt;busway;Rheinstraße;3;Kurs 6
Routenpunkt (Way);T;Rheinstraße;49.870655;8.635603;50.0;;;;;;Original OSM;135.6;1.68;asphalt;busway;Rheinstraße;3;Kurs 6
Haltestelle;W;Darmstadt Berliner Allee;49.870692;8.63569;50.0;;;Kein Umlauf;Mo,Di,Mi,Do,Fr;446.0;Original GTFS (Snap-Distanz 8m) | Auf Route gesnappt (8m);135.8;1.96;asphalt;busway;Rheinstraße;3;Kurs 6
Routenpunkt (Way);T;Berliner Allee;49.870683;8.635868;50.0;;;;;;Interpoliert;136.0;1.55;asphalt;busway;Rheinstraße;3;Kurs 6
Routenpunkt (Way);T;;49.870712;8.636057;50.0;;;;;;Interpoliert (15m);136.2;1.14;asphalt;busway;Rheinstraße;3;Kurs 6
Routenpunkt (Way);T;Berliner Allee;49.87074;8.636245;50.0;;;;;;Interpoliert;136.2;0.6;asphalt;busway;Rheinstraße;3;Kurs 6
Routenpunkt (Way);T;;49.870757;8.636381;50.0;;;;;;Interpoliert (15m);136.2;0.29;asphalt;busway;Rheinstraße;3;Kurs 6
Routenpunkt (Way);T;Berliner Allee;49.870774;8.636517;50.0;;;;;;Original OSM;136.2;0.0;asphalt;busway;Rheinstraße;3;Kurs 6
Routenpunkt (Way);T;;49.870806;8.636632;50.0;;;;;;Interpoliert (15m);136.2;0.0;asphalt;busway;Rheinstraße;3;Kurs 6
Routenpunkt (Way);T;Rheinstraße;49.870837;8.636746;50.0;;;;;;Interpoliert;136.2;0.0;asphalt;busway;Rheinstraße;3;Kurs 6
Routenpunkt (Way);T;Rheinstraße;49.870864;8.636941;50.0;;;;;;Interpoliert;136.2;0.0;asphalt;busway;Rheinstraße;3;Kurs 6
Routenpunkt (Way);T;Rheinstraße;49.870891;8.637136;50.0;;;;;;Interpoliert;136.2;0.0;asphalt;busway;Rheinstraße;3;Kurs 6
Routenpunkt (Way);T;Rheinstraße;49.870918;8.637331;50.0;;;;;;Interpoliert;136.2;0.0;asphalt;busway;Rheinstraße;3;Kurs 6
Routenpunkt (Way);T;Rheinstraße;49.870945;8.637526;50.0;;;;;;Interpoliert;136.2;0.28;asphalt;busway;Rheinstraße;3;Kurs 6
Routenpunkt (Way);T;Rheinstraße;49.870972;8.637722;50.0;;;;;;Interpoliert;136.2;0.56;asphalt;busway;Rheinstraße;3;Kurs 6
Routenpunkt (Way);T;Rheinstraße;49.870998;8.637917;50.0;;;;;;Interpoliert;136.4;0.84;asphalt;busway;Rheinstraße;3;Kurs 6
Routenpunkt (Way);T;Rheinstraße;49.871025;8.638112;50.0;;;;;;Interpoliert;136.6;0.98;asphalt;busway;Rheinstraße;3;Kurs 6
Routenpunkt (Way);T;Rheinstraße;49.871052;8.638307;50.0;;;;;;Interpoliert;136.8;0.84;asphalt;busway;Rheinstraße;3;Kurs 6
Routenpunkt (Way);T;Rheinstraße;49.871079;8.638502;50.0;;;;;;Interpoliert;136.9;0.42;asphalt;busway;;3;Kurs 6
Routenpunkt (Way);T;Rheinstraße;49.871106;8.638697;50.0;;;;;;Interpoliert;136.8;-0.0;asphalt;busway;;3;Kurs 6
Routenpunkt (Way);T;Rheinstraße;49.871133;8.638892;50.0;;;;;;Interpoliert;136.7;-0.14;asphalt;busway;;3;Kurs 6
Routenpunkt (Way);T;Rheinstraße;49.87116;8.639087;50.0;;;;;;Interpoliert;136.6;-0.14;asphalt;busway;;3;Kurs 6
Routenpunkt (Way);T;Rheinstraße;49.871186;8.639282;50.0;;;;;;Interpoliert;136.7;0.14;asphalt;busway;;3;Kurs 6
Routenpunkt (Way);T;Rheinstraße;49.871213;8.639477;50.0;;;;;;Interpoliert;136.8;0.42;asphalt;busway;Rheinstraße;3;Kurs 6
Routenpunkt (Way);T;Rheinstraße;49.87124;8.639672;50.0;;;;;;Original OSM;136.9;0.7;asphalt;busway;Rheinstraße;3;Kurs 6
Routenpunkt (Way);T;Rheinstraße;49.871267;8.639864;50.0;;;;;;Interpoliert;137.0;0.85;asphalt;busway;Rheinstraße;3;Kurs 6
Routenpunkt (Way);T;Rheinstraße;49.871293;8.640056;50.0;;;;;;Interpoliert;137.1;1.14;asphalt;busway;Rheinstraße;3;Kurs 6
Routenpunkt (Way);T;Rheinstraße;49.87132;8.640248;50.0;;;;;;Interpoliert;137.3;1.42;asphalt;busway;Rheinstraße;3;Kurs 6
Routenpunkt (Way);T;Rheinstraße;49.871346;8.64044;50.0;;;;;;Interpoliert;137.6;1.71;asphalt;busway;Rheinstraße;3;Kurs 6
Routenpunkt (Way);T;Rheinstraße;49.871372;8.640632;50.0;;;;;;Interpoliert;137.9;1.85;asphalt;busway;Rheinstraße;3;Kurs 6
Routenpunkt (Way);T;Rheinstraße;49.871399;8.640824;50.0;;;;;;Interpoliert;138.2;1.56;asphalt;busway;Rheinstraße;3;Kurs 6
Routenpunkt (Way);T;Rheinstraße;49.871425;8.641015;50.0;;;;;;Interpoliert;138.4;1.14;asphalt;busway;Rheinstraße;3;Kurs 6
Routenpunkt (Way);T;Rheinstraße;49.871452;8.641207;50.0;;;;;;Interpoliert;138.4;0.71;asphalt;busway;Rheinstraße;3;Kurs 6
Routenpunkt (Way);T;Rheinstraße;49.871478;8.641399;50.0;;;;;;Original OSM;138.4;0.28;asphalt;busway;Rheinstraße;3;Kurs 6
Routenpunkt (Way);T;;49.871501;8.641564;50.0;;;;;;Interpoliert (15m);138.4;0.17;asphalt;busway;Rheinstraße;3;Kurs 6
Routenpunkt (Way);T;Rheinstraße;49.871524;8.641729;50.0;;;;;;Original OSM;138.4;0.17;asphalt;busway;Rheinstraße;3;Kurs 6
Routenpunkt (Way);T;;49.871546;8.641887;50.0;;;;;;Interpoliert (15m);138.5;0.17;asphalt;busway;Rheinstraße;3;Kurs 6
Routenpunkt (Way);T;Rheinstraße;49.871568;8.642045;50.0;;;;;;Interpoliert;138.5;0.17;asphalt;busway;Rheinstraße;3;Kurs 6
Routenpunkt (Way);T;Rheinstraße;49.871594;8.642232;50.0;;;;;;Interpoliert;138.5;0.32;asphalt;busway;Rheinstraße;3;Kurs 6
Routenpunkt (Way);T;Rheinstraße;49.871619;8.64242;50.0;;;;;;Interpoliert;138.5;0.44;asphalt;busway;Rheinstraße;3;Kurs 6
Routenpunkt (Way);T;Rheinstraße;49.871645;8.642607;50.0;;;;;;Interpoliert;138.6;0.72;asphalt;busway;Rheinstraße;3;Kurs 6
Routenpunkt (Way);T;Rheinstraße;49.871671;8.642795;50.0;;;;;;Interpoliert;138.8;1.0;asphalt;busway;Rheinstraße;3;Kurs 6
Routenpunkt (Way);T;;49.871683;8.642993;50.0;;;;;;Interpoliert (15m);139.0;1.32;asphalt;busway;Rheinstraße;3;Kurs 6
Routenpunkt (Way);T;Rheinstraße;49.871696;8.64319;50.0;;;;;;Interpoliert;139.2;1.49;asphalt;busway;Rheinstraße;3;Kurs 6
Routenpunkt (Way);T;;49.871721;8.643361;50.0;;;;;;Interpoliert (15m);139.4;1.36;asphalt;busway;Rheinstraße;3;Kurs 6
Routenpunkt (Way);T;;49.871746;8.643531;50.0;;;;;;Interpoliert (15m);139.6;1.24;asphalt;busway;Rheinstraße;3;Kurs 6
Routenpunkt (Way);T;;49.871771;8.643701;50.0;;;;;;Interpoliert (15m);139.7;1.1;asphalt;busway;Rheinstraße;3;Kurs 6
Routenpunkt (Way);T;Rhein-/Neckarstraße;49.871796;8.643871;50.0;;;;;;Interpoliert;139.8;0.92;asphalt;busway;Rheinstraße;3;Kurs 6
Routenpunkt (Way);T;;49.871832;8.644064;50.0;;;;;;Interpoliert (15m);139.9;0.74;asphalt;busway;Rheinstraße;3;Kurs 6
Routenpunkt (Way);T;;49.871868;8.644257;50.0;;;;;;Interpoliert (15m);140.0;0.77;asphalt;busway;Rheinstraße;3;Kurs 6
Routenpunkt (Way);T;Rheinstraße;49.871904;8.64445;50.0;;;;;;Original OSM;140.1;0.76;asphalt;busway;Rheinstraße;3;Kurs 6
Haltestelle;W;Darmstadt Rhein-/Neckarstraße;49.871925;8.644589;50.0;;;Kein Umlauf;Mo,Di,Mi,Do,Fr;446.0;Original GTFS (Snap-Distanz 43m) | Auf Route gesnappt (43m);140.2;0.79;asphalt;busway;Rheinstraße;3;Kurs 6
Routenpunkt (Way);T;Rheinstraße;49.871955;8.644779;50.0;;;;;;Original OSM;140.3;0.48;asphalt;busway;Rheinstraße;3;Kurs 6
Routenpunkt (Way);T;;49.871979;8.644939;50.0;;;;;;Interpoliert (15m);140.4;0.19;asphalt;busway;Rheinstraße;3;Kurs 6
Routenpunkt (Way);T;Rheinstraße;49.872003;8.645099;50.0;;;;;;Interpoliert;140.3;-0.15;asphalt;busway;Rheinstraße;3;Kurs 6
Routenpunkt (Way);T;Rheinstraße;49.87203;8.645283;50.0;;;;;;Interpoliert;140.2;-0.44;asphalt;busway;Rheinstraße;3;Kurs 6
Routenpunkt (Way);T;Rheinstraße;49.872057;8.645468;50.0;;;;;;Interpoliert;140.1;-0.76;asphalt;busway;Rheinstraße;3;Kurs 6
Routenpunkt (Way);T;Rheinstraße;49.872084;8.645653;50.0;;;;;;Interpoliert;140.0;-0.15;asphalt;busway;Rheinstraße;3;Kurs 6
Routenpunkt (Way);T;Rheinstraße;49.872111;8.645837;50.0;;;;;;Interpoliert;139.9;0.29;asphalt;busway;Rheinstraße;3;Kurs 6
Routenpunkt (Way);T;Rheinstraße;49.872138;8.646022;50.0;;;;;;Interpoliert;140.2;0.74;asphalt;busway;Rheinstraße;3;Kurs 6
Routenpunkt (Way);T;Rheinstraße;49.872166;8.646207;50.0;;;;;;Interpoliert;140.4;1.18;asphalt;busway;Rheinstraße;3;Kurs 6
Routenpunkt (Way);T;Rheinstraße;49.872193;8.646391;50.0;;;;;;Interpoliert;140.6;1.47;asphalt;busway;Rheinstraße;3;Kurs 6
Routenpunkt (Way);T;Rheinstraße;49.87222;8.646576;50.0;;;;;;Interpoliert;140.8;1.46;asphalt;busway;Rheinstraße;3;Kurs 6
Routenpunkt (Way);T;Rheinstraße;49.872247;8.64676;50.0;;;;;;Original OSM;140.9;1.59;asphalt;busway;Rheinstraße;3;Kurs 6
Routenpunkt (Way);T;Rheinstraße;49.872274;8.646952;50.0;;;;;;Interpoliert;141.2;1.72;asphalt;busway;Rheinstraße;3;Kurs 6
Routenpunkt (Way);T;Rheinstraße;49.872302;8.647144;50.0;;;;;;Interpoliert;141.5;1.85;asphalt;busway;Rheinstraße;3;Kurs 6
Routenpunkt (Way);T;Rheinstraße;49.872329;8.647335;50.0;;;;;;Interpoliert;141.8;2.27;asphalt;busway;Rheinstraße;3;Kurs 6
Routenpunkt (Way);T;Rheinstraße;49.872357;8.647527;50.0;;;;;;Interpoliert;142.1;1.85;asphalt;busway;Rheinstraße;3;Kurs 6
Routenpunkt (Way);T;Rheinstraße;49.872384;8.647719;50.0;;;;;;Interpoliert;142.5;1.42;asphalt;busway;Rheinstraße;3;Kurs 6
Routenpunkt (Way);T;Rheinstraße;49.872412;8.64791;50.0;;;;;;Interpoliert;142.5;0.99;asphalt;busway;Rheinstraße;3;Kurs 6
Routenpunkt (Way);T;Rheinstraße;49.87244;8.648102;50.0;;;;;;Interpoliert;142.5;0.57;asphalt;busway;Rheinstraße;3;Kurs 6
Routenpunkt (Way);T;Rheinstraße;49.872467;8.648294;50.0;;;;;;Interpoliert;142.5;0.14;asphalt;busway;Rheinstraße;3;Kurs 6
Routenpunkt (Way);T;Rheinstraße;49.872495;8.648485;50.0;;;;;;Interpoliert;142.5;0.28;asphalt;busway;Rheinstraße;3;Kurs 6
Routenpunkt (Way);T;Rheinstraße;49.872522;8.648677;50.0;;;;;;Interpoliert;142.6;0.43;asphalt;busway;;3;Kurs 6
Routenpunkt (Way);T;Rheinstraße;49.87255;8.648869;30.0;;;;;;Interpoliert;142.7;0.57;asphalt;residential;Grafenstraße;3;Kurs 6
Routenpunkt (Way);A;Rheinstraße (Ampel);49.872577;8.64906;30.0;;;;;;Original OSM;142.8;1.02;asphalt;residential;Grafenstraße;3;Kurs 6
Routenpunkt (Way);T;Rheinstraße;49.872603;8.649246;30.0;;;;;;Interpoliert;142.9;1.17;asphalt;busway;Rheinstraße;3;Kurs 6
Routenpunkt (Way);T;Rheinstraße;49.872628;8.649431;30.0;;;;;;Interpoliert;143.2;1.32;asphalt;busway;Rheinstraße;3;Kurs 6
Routenpunkt (Way);T;Rheinstraße;49.872654;8.649616;30.0;;;;;;Interpoliert;143.4;1.47;asphalt;busway;Rheinstraße;3;Kurs 6
Routenpunkt (Way);T;Rheinstraße;49.872679;8.649801;30.0;;;;;;Interpoliert;143.6;1.72;asphalt;busway;Rheinstraße;3;Kurs 6
Routenpunkt (Way);T;Rheinstraße;49.872705;8.649986;30.0;;;;;;Interpoliert;143.8;1.48;asphalt;busway;Rheinstraße;3;Kurs 6
Routenpunkt (Way);T;;49.872722;8.650125;30.0;;;;;;Interpoliert (15m);144.0;1.35;asphalt;busway;Rheinstraße;3;Kurs 6
Routenpunkt (Way);T;Luisenplatz;49.872739;8.650264;30.0;;;;;;Original OSM;144.1;1.22;asphalt;unclassified;Luisenplatz;3;Kurs 6
Routenpunkt (Way);T;;49.872736;8.650429;30.0;;;;;;Interpoliert (15m);144.2;1.09;paving_stones;unclassified;Luisenplatz;3;Kurs 6
Routenpunkt (Way);T;Luisenplatz;49.872733;8.650595;30.0;;;;;;Original OSM;144.3;0.88;paving_stones;unclassified;Luisenplatz;3;Kurs 6
Routenpunkt (Way);T;Luisenplatz;49.872713;8.650768;30.0;;;;;;Interpoliert;144.4;0.68;paving_stones;unclassified;Luisenplatz;3;Kurs 6
Routenpunkt (Way);T;Luisenplatz;49.872695;8.650914;30.0;;;;;;Original OSM;144.5;0.52;paving_stones;unclassified;Luisenplatz;3;Kurs 6
Routenpunkt (Way);T;;49.87269;8.651114;30.0;;;;;;Interpoliert (15m);144.5;0.35;paving_stones;unclassified;Luisenplatz;3;Kurs 6
Routenpunkt (Way);T;Luisenplatz;49.872685;8.651314;30.0;;;;;;Original OSM;144.5;0.19;paving_stones;unclassified;Luisenplatz;3;Kurs 6
Haltestelle;W;Darmstadt Luisenplatz;49.872704;8.651351;30.0;08:47:00;08:47:00;Kein Umlauf;Mo,Di,Mi,Do,Fr;446.0;Original GTFS (Snap-Distanz 21m) | Auf Route gesnappt (21m);144.5;0.0;paving_stones;unclassified;Luisenplatz;3;Kurs 6
Routenpunkt (Way);T;Luisenplatz;49.872735;8.651549;30.0;;;;;;Original OSM;144.5;0.14;paving_stones;unclassified;Luisenplatz;3;Kurs 6
Routenpunkt (Way);T;;49.872804;8.651714;30.0;;;;;;Interpoliert (15m);144.5;0.43;paving_stones;unclassified;Luisenplatz;3;Kurs 6
Routenpunkt (Way);T;;49.872872;8.65188;30.0;;;;;;Interpoliert (15m);144.6;0.84;paving_stones;unclassified;Luisenplatz;3;Kurs 6
Routenpunkt (Way);T;Luisenplatz;49.872941;8.652045;30.0;;;;;;Original OSM;144.8;1.25;paving_stones;unclassified;Luisenplatz;3;Kurs 6
Routenpunkt (Way);T;;49.872963;8.652176;30.0;;;;;;Interpoliert (15m);145.0;1.54;asphalt;unclassified;Rheinstraße;3;Kurs 6
Routenpunkt (Way);T;Rheinstraße;49.872985;8.652306;30.0;;;;;;Interpoliert;145.2;1.69;asphalt;unclassified;Rheinstraße;3;Kurs 6
Routenpunkt (Way);T;Rheinstraße;49.873011;8.652495;30.0;;;;;;Interpoliert;145.4;1.69;asphalt;unclassified;Rheinstraße;3;Kurs 6
Routenpunkt (Way);T;Rheinstraße;49.873037;8.652684;30.0;;;;;;Interpoliert;145.6;1.57;asphalt;unclassified;Rheinstraße;3;Kurs 6
Routenpunkt (Way);T;Rheinstraße;49.873063;8.652872;30.0;;;;;;Interpoliert;145.8;1.49;asphalt;unclassified;Rheinstraße;3;Kurs 6
Routenpunkt (Way);T;Rheinstraße;49.873089;8.653061;30.0;;;;;;Interpoliert;146.0;1.54;asphalt;unclassified;Rheinstraße;3;Kurs 6
Routenpunkt (Way);T;;49.873097;8.653226;30.0;;;;;;Interpoliert (15m);146.2;1.59;asphalt;unclassified;Rheinstraße;3;Kurs 6
Routenpunkt (Way);T;;49.873106;8.653391;30.0;;;;;;Interpoliert (15m);146.4;2.13;asphalt;unclassified;Rheinstraße;3;Kurs 6
Routenpunkt (Way);T;Rheinstraße;49.873114;8.653557;30.0;;;;;;Original OSM;146.6;2.67;asphalt;unclassified;Rheinstraße;3;Kurs 6
Routenpunkt (Way);T;;49.873064;8.653706;30.0;;;;;;Interpoliert (15m);147.1;3.17;asphalt;unclassified;Rheinstraße;3;Kurs 6
Routenpunkt (Way);T;;49.873015;8.653854;30.0;;;;;;Interpoliert (15m);147.6;3.65;asphalt;unclassified;Rheinstraße;3;Kurs 6
Routenpunkt (Way);T;Rheinstraße;49.872965;8.654003;30.0;;;;;;Interpoliert;148.1;4.03;asphalt;unclassified;Rheinstraße;3;Kurs 6
Routenpunkt (Way);T;Rheinstraße;49.872898;8.654139;30.0;;;;;;Interpoliert;148.6;4.28;asphalt;unclassified;Rheinstraße;3;Kurs 6
Routenpunkt (Way);T;;49.872845;8.654271;30.0;;;;;;Interpoliert (15m);149.0;4.5;asphalt;unclassified;Rheinstraße;3;Kurs 6
Routenpunkt (Way);T;Rheinstraße;49.872792;8.654403;30.0;;;;;;Original OSM;149.6;4.73;asphalt;unclassified;Rheinstraße;3;Kurs 6
Routenpunkt (Way);T;;49.872796;8.654562;30.0;;;;;;Interpoliert (15m);150.2;4.88;paving_stones;unclassified;Marktplatz;3;Kurs 6
Routenpunkt (Way);T;Marktplatz;49.8728;8.65472;30.0;;;;;;Interpoliert;150.8;5.01;paving_stones;unclassified;Marktplatz;3;Kurs 6
Routenpunkt (Way);T;Marktplatz;49.872817;8.65489;30.0;;;;;;Original OSM;151.4;4.21;paving_stones;unclassified;Marktplatz;3;Kurs 6
Routenpunkt (Way);T;Marktplatz;49.872838;8.655085;30.0;;;;;;Interpoliert;152.0;3.16;paving_stones;unclassified;Marktplatz;3;Kurs 6
Routenpunkt (Way);T;Marktplatz;49.87286;8.655281;30.0;;;;;;Original OSM;152.2;2.1;paving_stones;unclassified;Marktplatz;3;Kurs 6
Haltestelle;W;Darmstadt Schloss;49.87286;8.655281;30.0;08:48:00;08:48:00;Kein Umlauf;Mo,Di,Mi,Do,Fr;446.0;Original GTFS (Snap-Distanz 3m) | Auf Route gesnappt (3m);152.4;0.96;paving_stones;unclassified;Marktplatz;3;Kurs 6
Routenpunkt (Way);T;Marktplatz;49.87286;8.655281;30.0;;;;;;Original OSM;152.3;-0.04;paving_stones;unclassified;Marktplatz;3;Kurs 6
Routenpunkt (Way);T;;49.872907;8.655436;30.0;;;;;;Interpoliert (15m);152.2;-0.75;sett;unclassified;Marktplatz;3;Kurs 6
Routenpunkt (Way);T;Schloss;49.872955;8.655591;30.0;;;;;;Original OSM;152.1;-1.46;sett;unclassified;Marktplatz;3;Kurs 6
Routenpunkt (Way);T;;49.872998;8.655775;30.0;;;;;;Interpoliert (15m);151.8;-2.17;sett;unclassified;Marktplatz;3;Kurs 6
Routenpunkt (Way);T;;49.873042;8.65596;30.0;;;;;;Interpoliert (15m);151.3;-2.84;sett;unclassified;Marktplatz;3;Kurs 6
Routenpunkt (Way);A;Marktplatz (Ampel);49.873085;8.656144;30.0;;;;;;Original OSM;150.8;-3.51;sett;busway;Schlossgraben;3;Kurs 6
Routenpunkt (Way);T;;49.873189;8.656191;30.0;;;;;;Interpoliert (15m);150.3;-3.92;sett;busway;Schlossgraben;3;Kurs 6
Routenpunkt (Way);T;;49.873293;8.656237;30.0;;;;;;Interpoliert (15m);149.8;-4.19;paving_stones;busway;Schlossgraben;3;Kurs 6
Routenpunkt (Way);T;Schlossgraben;49.873397;8.656284;30.0;;;;;;Original OSM;149.3;-3.76;paving_stones;busway;Schlossgraben;3;Kurs 6
Routenpunkt (Way);T;Schlossgraben;49.873486;8.656255;30.0;;;;;;Interpoliert;148.8;-3.22;paving_stones;busway;Schlossgraben;3;Kurs 6
Routenpunkt (Way);T;;49.87361;8.656215;30.0;;;;;;Interpoliert (15m);148.6;-2.39;paving_stones;busway;Schlossgraben;3;Kurs 6
Routenpunkt (Way);T;Schlossgraben;49.873734;8.656175;30.0;;;;;;Original OSM;148.4;-1.55;paving_stones;busway;Schlossgraben;3;Kurs 6
Routenpunkt (Way);T;;49.873827;8.656144;30.0;;;;;;Interpoliert (15m);148.4;-0.2;paving_stones;busway;Schlossgraben;3;Kurs 6
Routenpunkt (Way);T;;49.873921;8.656112;30.0;;;;;;Interpoliert (15m);148.4;0.45;paving_stones;busway;Schlossgraben;3;Kurs 6
Routenpunkt (Way);T;Schlossgraben;49.874015;8.656081;30.0;;;;;;Interpoliert;148.6;1.08;paving_stones;busway;Schlossgraben;3;Kurs 6
Routenpunkt (Way);T;Schlossgraben;49.874111;8.656048;30.0;;;;;;Interpoliert;148.8;1.43;paving_stones;busway;Schlossgraben;3;Kurs 6
Routenpunkt (Way);T;;49.874212;8.656003;30.0;;;;;;Interpoliert (15m);149.0;1.76;paving_stones;busway;;3;Kurs 6
Routenpunkt (Way);T;Schlossgraben;49.874313;8.655958;30.0;;;;;;Original OSM;149.2;1.71;paving_stones;busway;;3;Kurs 6
Routenpunkt (Way);T;;49.874415;8.655901;30.0;;;;;;Interpoliert (15m);149.4;1.78;paving_stones;busway;;3;Kurs 6
Routenpunkt (Way);T;Unbekannt;49.874518;8.655843;30.0;;;;;;Original OSM;149.6;1.88;paving_stones;busway;;3;Kurs 6
Routenpunkt (Way);T;;49.874543;8.655964;50.0;;;;;;Interpoliert (15m);149.8;1.54;asphalt;secondary;Alexanderstraße;3;Kurs 6
Routenpunkt (Way);T;Alexanderstraße;49.874569;8.656085;50.0;;;;;;Original OSM;150.0;1.21;asphalt;secondary;Alexanderstraße;3;Kurs 6
Routenpunkt (Way);T;;49.874586;8.656209;50.0;;;;;;Interpoliert (15m);150.0;0.88;asphalt;secondary;Alexanderstraße;3;Kurs 6
Routenpunkt (Way);T;Alexanderstraße;49.874603;8.656333;50.0;;;;;;Interpoliert;150.0;0.44;asphalt;secondary;Alexanderstraße;3;Kurs 6
Routenpunkt (Way);T;Alexanderstraße;49.874627;8.656509;50.0;;;;;;Interpoliert;150.0;0.0;asphalt;secondary;Alexanderstraße;3;Kurs 6
Routenpunkt (Way);T;;49.87465;8.656654;50.0;;;;;;Interpoliert (15m);150.0;0.0;asphalt;secondary;Alexanderstraße;3;Kurs 6
Routenpunkt (Way);T;Alexanderstraße;49.874673;8.656799;50.0;;;;;;Original OSM;150.0;0.21;asphalt;secondary;Alexanderstraße;3;Kurs 6
Routenpunkt (Way);T;;49.874701;8.656927;50.0;;;;;;Interpoliert (15m);150.0;0.39;asphalt;secondary;Alexanderstraße;3;Kurs 6
Routenpunkt (Way);T;Alexanderstraße;49.874729;8.657054;50.0;;;;;;Interpoliert;150.1;0.58;asphalt;secondary;Alexanderstraße;3;Kurs 6
Routenpunkt (Way);T;;49.874762;8.657195;50.0;;;;;;Interpoliert (15m);150.2;0.76;asphalt;secondary;Alexanderstraße;3;Kurs 6
Routenpunkt (Way);T;Alexanderstraße;49.874795;8.657337;50.0;;;;;;Original OSM;150.3;0.94;asphalt;secondary;Alexanderstraße;3;Kurs 6
Routenpunkt (Way);T;;49.874829;8.657482;50.0;;;;;;Interpoliert (15m);150.4;1.28;asphalt;secondary;Alexanderstraße;3;Kurs 6
Routenpunkt (Way);T;;49.874863;8.657626;50.0;;;;;;Interpoliert (15m);150.5;1.67;asphalt;secondary;Alexanderstraße;3;Kurs 6
Routenpunkt (Way);T;Alexanderstraße;49.874897;8.65777;50.0;;;;;;Interpoliert;150.8;2.35;asphalt;secondary;Alexanderstraße;3;Kurs 6
Routenpunkt (Way);T;Alexanderstraße;49.87494;8.657952;50.0;;;;;;Interpoliert;151.2;3.04;asphalt;secondary;Alexanderstraße;3;Kurs 6
Routenpunkt (Way);T;;49.874968;8.658073;50.0;;;;;;Interpoliert (15m);151.6;3.77;asphalt;secondary;Alexanderstraße;3;Kurs 6
Routenpunkt (Way);T;Alexanderstraße;49.874996;8.658194;50.0;;;;;;Original OSM;152.0;3.91;asphalt;secondary;Alexanderstraße;3;Kurs 6
Routenpunkt (Way);T;;49.875023;8.65831;50.0;;;;;;Interpoliert (15m);152.4;3.82;asphalt;secondary;Alexanderstraße;3;Kurs 6
Routenpunkt (Way);T;Alexanderstraße;49.87505;8.658425;50.0;;;;;;Original OSM;152.7;3.48;asphalt;secondary;Alexanderstraße;3;Kurs 6
Routenpunkt (Way);T;Alexanderstraße;49.875089;8.658583;50.0;;;;;;Original OSM;153.0;3.05;asphalt;secondary;Alexanderstraße;3;Kurs 6
Routenpunkt (Way);T;Alexanderstraße;49.875122;8.658734;50.0;;;;;;Original OSM;153.3;2.58;asphalt;secondary;Alexanderstraße;3;Kurs 6
Routenpunkt (Way);T;Alexanderstraße;49.875164;8.658913;50.0;;;;;;Interpoliert;153.6;2.14;asphalt;secondary;Alexanderstraße;3;Kurs 6
Routenpunkt (Way);T;Alexanderstraße;49.875206;8.659092;50.0;;;;;;Original OSM;153.9;1.65;asphalt;secondary;Alexanderstraße;3;Kurs 6
Routenpunkt (Way);T;;49.87523;8.659199;50.0;;;;;;Interpoliert (15m);154.0;1.46;asphalt;secondary;Alexanderstraße;3;Kurs 6
Routenpunkt (Way);T;Alexanderstraße;49.875255;8.659305;50.0;;;;;;Original OSM;154.0;1.36;asphalt;secondary;Alexanderstraße;3;Kurs 6
Routenpunkt (Way);T;;49.875305;8.659452;50.0;;;;;;Interpoliert (15m);154.2;1.26;asphalt;secondary;Alexanderstraße;3;Kurs 6
Routenpunkt (Way);T;;49.875355;8.659598;50.0;;;;;;Interpoliert (15m);154.4;1.32;asphalt;secondary;Alexanderstraße;3;Kurs 6
Routenpunkt (Way);T;Alexanderstraße;49.875406;8.659744;50.0;;;;;;Original OSM;154.6;1.62;asphalt;secondary;Alexanderstraße;3;Kurs 6
Routenpunkt (Way);T;;49.875472;8.659896;50.0;;;;;;Interpoliert (15m);154.8;1.66;asphalt;secondary;Alexanderstraße;3;Kurs 6
Routenpunkt (Way);T;Alexanderstraße;49.875538;8.660047;50.0;;;;;;Original OSM;155.0;1.58;asphalt;secondary;Alexanderstraße;3;Kurs 6
Routenpunkt (Way);T;Alexanderstraße;49.875595;8.660168;50.0;;;;;;Interpoliert;155.2;1.51;asphalt;secondary;Alexanderstraße;3;Kurs 6
Routenpunkt (Way);T;;49.875634;8.660254;50.0;;;;;;Interpoliert (15m);155.3;1.9;asphalt;secondary;Alexanderstraße;3;Kurs 6
Routenpunkt (Way);T;Alexanderstraße;49.875673;8.660341;50.0;;;;;;Original OSM;155.4;4.4;asphalt;secondary;Alexanderstraße;3;Kurs 6
Routenpunkt (Way);T;Alexanderstraße/TU;49.875769;8.660476;50.0;;;;;;Original OSM;155.9;4.48;asphalt;secondary;Alexanderstraße;3;Kurs 6
Haltestelle;W;Darmstadt Alexanderstraße/TU;49.875741;8.660502;50.0;08:50:00;08:50:00;Kein Umlauf;Mo,Di,Mi,Do,Fr;446.0;Original GTFS (Snap-Distanz 3m) | Auf Route gesnappt (3m);156.4;4.65;asphalt;secondary;Alexanderstraße;3;Kurs 6
Routenpunkt (Way);T;Alexanderstraße/TU;49.875834;8.66062;50.0;;;;;;Interpoliert;156.7;4.82;asphalt;secondary;Alexanderstraße;3;Kurs 6
Routenpunkt (Way);T;;49.875895;8.660787;50.0;;;;;;Interpoliert (15m);157.0;4.54;asphalt;secondary;Alexanderstraße;3;Kurs 6
Routenpunkt (Way);T;Alexanderstraße;49.875956;8.660955;50.0;;;;;;Original OSM;157.3;2.16;asphalt;secondary;Dieburger Straße;3;Kurs 6
Routenpunkt (Way);T;;49.876036;8.661111;50.0;;;;;;Interpoliert (15m);157.6;2.19;asphalt;secondary;Dieburger Straße;3;Kurs 6
Routenpunkt (Way);T;Dieburger Straße;49.876116;8.661268;50.0;;;;;;Interpoliert;157.9;2.57;asphalt;secondary;Dieburger Straße;3;Kurs 6
Routenpunkt (Way);T;Dieburger Straße;49.876184;8.661406;50.0;;;;;;Interpoliert;158.2;2.95;asphalt;secondary;Dieburger Straße;3;Kurs 6
Routenpunkt (Way);T;;49.87624;8.661512;50.0;;;;;;Interpoliert (15m);158.6;2.02;asphalt;secondary;Dieburger Straße;3;Kurs 6
Routenpunkt (Way);A;Dieburger Straße (Ampel);49.876296;8.661618;50.0;;;;;;Original OSM;159.0;1.09;asphalt;secondary;Dieburger Straße;3;Kurs 6
Routenpunkt (Way);T;;49.876366;8.661619;50.0;;;;;;Interpoliert (15m);158.8;0.3;asphalt;secondary;Heinheimer Straße;3;Kurs 6
Routenpunkt (Way);T;Heinheimer Straße;49.876437;8.66162;30.0;;;;;;Original OSM;158.6;-0.86;asphalt;secondary;Heinheimer Straße;3;Kurs 6
Routenpunkt (Way);T;Heinheimer Straße;49.876553;8.661591;30.0;;;;;;Interpoliert;158.4;-2.01;asphalt;secondary;Heinheimer Straße;3;Kurs 6
Routenpunkt (Way);T;Heinheimer Straße;49.876657;8.661569;30.0;;;;;;Interpoliert;158.2;-1.81;asphalt;secondary;Heinheimer Straße;3;Kurs 6
Routenpunkt (Way);T;Heinheimer Straße;49.876762;8.661547;30.0;;;;;;Interpoliert;158.0;-1.81;asphalt;secondary;Heinheimer Straße;3;Kurs 6
Routenpunkt (Way);T;Heinheimer Straße;49.876876;8.661523;30.0;;;;;;Original OSM;157.8;-2.78;asphalt;secondary;Heinheimer Straße;3;Kurs 6
Routenpunkt (Way);T;;49.876945;8.661507;30.0;;;;;;Interpoliert (15m);157.6;-3.12;asphalt;secondary;Heinheimer Straße;3;Kurs 6
Routenpunkt (Way);T;Heinheimer Straße;49.877015;8.66149;30.0;;;;;;Interpoliert;157.1;-3.47;asphalt;secondary;Heinheimer Straße;3;Kurs 6
Routenpunkt (Way);T;Heinheimer Straße;49.877145;8.66146;30.0;;;;;;Interpoliert;156.6;-3.57;asphalt;secondary;Heinheimer Straße;3;Kurs 6
Routenpunkt (Way);T;Heinheimer Straße;49.877275;8.661429;30.0;;;;;;Interpoliert;156.1;-3.47;asphalt;secondary;Heinheimer Straße;3;Kurs 6
Routenpunkt (Way);T;Heinheimer Straße;49.877405;8.661398;30.0;;;;;;Interpoliert;155.8;-2.6;asphalt;secondary;Heinheimer Straße;3;Kurs 6
Routenpunkt (Way);T;Heinheimer Straße;49.877535;8.661367;30.0;;;;;;Interpoliert;155.5;-2.39;asphalt;secondary;Heinheimer Straße;3;Kurs 6
Routenpunkt (Way);T;Heinheimer Straße;49.877664;8.661337;30.0;;;;;;Interpoliert;155.2;-1.87;asphalt;secondary;Heinheimer Straße;3;Kurs 6
Routenpunkt (Way);T;;49.877777;8.661342;30.0;;;;;;Interpoliert (15m);154.9;-1.62;asphalt;secondary;Heinheimer Straße;3;Kurs 6
Routenpunkt (Way);T;;49.87789;8.661348;30.0;;;;;;Interpoliert (15m);154.8;-1.39;asphalt;secondary;Heinheimer Straße;3;Kurs 6
Routenpunkt (Way);T;Heinheimer Straße;49.878003;8.661354;30.0;;;;;;Original OSM;154.7;-0.62;paving_stones;service;;3;Kurs 6
Routenpunkt (Way);T;;49.878061;8.661481;30.0;;;;;;Interpoliert (15m);154.6;-0.32;paving_stones;service;;3;Kurs 6
Routenpunkt (Way);A;Ampel;49.878119;8.661607;30.0;;;;;;Interpoliert (15m);154.8;-0.34;asphalt;secondary;Kranichsteiner Straße;3;Kurs 6
Routenpunkt (Way);T;Kranichsteiner Straße;49.878176;8.661734;30.0;;;;;;Original OSM;154.7;-0.18;asphalt;secondary;Kranichsteiner Straße;3;Kurs 6
Routenpunkt (Way);T;Kranichsteiner Straße;49.878248;8.661836;30.0;;;;;;Interpoliert;154.6;-0.27;asphalt;secondary;Kranichsteiner Straße;3;Kurs 6
Haltestelle;W;Darmstadt Kopernikusplatz;49.878248;8.661836;30.0;08:51:00;08:51:00;Kein Umlauf;Mo,Di,Mi,Do,Fr;446.0;Original GTFS (Snap-Distanz 6m) | Auf Route gesnappt (6m);154.5;-0.89;asphalt;secondary;Kranichsteiner Straße;3;Kurs 6
Routenpunkt (Way);T;;49.878307;8.661893;30.0;;;;;;Interpoliert (15m);154.4;-0.24;asphalt;secondary;Kranichsteiner Straße;3;Kurs 6
Routenpunkt (Way);T;Kopernikusplatz;49.878365;8.661951;30.0;;;;;;Original OSM;154.3;0.1;asphalt;secondary;Kranichsteiner Straße;3;Kurs 6
Routenpunkt (Way);T;;49.878445;8.662081;30.0;;;;;;Interpoliert (15m);154.6;0.29;asphalt;secondary;Kranichsteiner Straße;3;Kurs 6
Routenpunkt (Way);T;Kranichsteiner Straße;49.878524;8.662212;30.0;;;;;;Interpoliert;154.7;0.74;asphalt;secondary;Kranichsteiner Straße;3;Kurs 6
Routenpunkt (Way);T;Kranichsteiner Straße;49.878594;8.662311;30.0;;;;;;Interpoliert;154.8;1.13;asphalt;secondary;Kranichsteiner Straße;3;Kurs 6
Routenpunkt (Way);T;Kranichsteiner Straße;49.878664;8.66241;30.0;;;;;;Original OSM;154.9;1.21;asphalt;secondary;Kranichsteiner Straße;3;Kurs 6
Routenpunkt (Way);T;Kranichsteiner Straße;49.878759;8.662557;30.0;;;;;;Interpoliert;155.0;1.6;asphalt;secondary;Kranichsteiner Straße;3;Kurs 6
Routenpunkt (Way);T;Kranichsteiner Straße;49.878854;8.662703;30.0;;;;;;Original OSM;155.4;1.97;asphalt;secondary;Kranichsteiner Straße;3;Kurs 6
Routenpunkt (Way);T;Kranichsteiner Straße;49.878919;8.662816;30.0;;;;;;Interpoliert;155.7;2.19;asphalt;secondary;Kranichsteiner Straße;3;Kurs 6
Routenpunkt (Way);T;Kranichsteiner Straße;49.878985;8.662929;30.0;;;;;;Interpoliert;156.0;2.47;asphalt;secondary;Kranichsteiner Straße;3;Kurs 6
Routenpunkt (Way);T;;49.879074;8.663075;30.0;;;;;;Interpoliert (15m);156.3;1.78;asphalt;secondary;Kranichsteiner Straße;3;Kurs 6
Routenpunkt (Way);T;Kranichsteiner Straße;49.879163;8.663222;30.0;;;;;;Original OSM;156.6;1.08;asphalt;secondary;Kranichsteiner Straße;3;Kurs 6
Routenpunkt (Way);T;;49.879251;8.663347;30.0;;;;;;Interpoliert (15m);156.5;0.37;asphalt;secondary;Kranichsteiner Straße;3;Kurs 6
Routenpunkt (Way);T;Kranichsteiner Straße;49.879338;8.663472;30.0;;;;;;Interpoliert;156.4;-0.21;asphalt;secondary;Kranichsteiner Straße;3;Kurs 6
Routenpunkt (Way);T;Kranichsteiner Straße;49.879426;8.663586;30.0;;;;;;Original OSM;156.3;-0.79;asphalt;secondary;Kranichsteiner Straße;3;Kurs 6
Routenpunkt (Way);T;Kranichsteiner Straße;49.879517;8.663679;30.0;;;;;;Interpoliert;156.2;-0.47;asphalt;secondary;Kranichsteiner Straße;3;Kurs 6
Routenpunkt (Way);T;Kranichsteiner Straße;49.879607;8.663772;30.0;;;;;;Interpoliert;156.1;0.01;asphalt;secondary;Kranichsteiner Straße;3;Kurs 6
Routenpunkt (Way);T;Kranichsteiner Straße;49.879698;8.663866;30.0;;;;;;Interpoliert;156.2;0.56;asphalt;secondary;Kranichsteiner Straße;3;Kurs 6
Routenpunkt (Way);T;Kranichsteiner Straße;49.879788;8.663959;30.0;;;;;;Original OSM;156.4;1.11;asphalt;secondary;Kranichsteiner Straße;3;Kurs 6
Routenpunkt (Way);T;Kranichsteiner Straße;49.879864;8.664039;30.0;;;;;;Interpoliert;156.6;1.69;asphalt;secondary;Kranichsteiner Straße;3;Kurs 6
Routenpunkt (Way);T;Kranichsteiner Straße;49.879941;8.664119;30.0;;;;;;Interpoliert;156.8;1.93;asphalt;secondary;Kranichsteiner Straße;3;Kurs 6
Routenpunkt (Way);T;;49.880017;8.664188;30.0;;;;;;Interpoliert (15m);157.0;1.9;asphalt;secondary;Kranichsteiner Straße;3;Kurs 6
Routenpunkt (Way);T;Kranichsteiner Straße;49.880093;8.664256;30.0;;;;;;Original OSM;157.2;1.81;asphalt;secondary;Kranichsteiner Straße;3;Kurs 6
Routenpunkt (Way);T;;49.880197;8.664348;30.0;;;;;;Interpoliert (15m);157.4;2.05;asphalt;secondary;Kranichsteiner Straße;3;Kurs 6
Routenpunkt (Way);T;Taunusplatz;49.8803;8.664439;30.0;;;;;;Original OSM;157.6;2.09;asphalt;secondary;Kranichsteiner Straße;3;Kurs 6
Haltestelle;W;Darmstadt Taunusplatz;49.880348;8.664489;30.0;08:52:00;08:52:00;Kein Umlauf;Mo,Di,Mi,Do,Fr;446.0;Original GTFS (Snap-Distanz 2m) | Auf Route gesnappt (3m);157.8;1.0;asphalt;secondary;Kranichsteiner Straße;3;Kurs 6
Routenpunkt (Way);T;;49.880408;8.664569;30.0;;;;;;Interpoliert (15m);158.0;0.17;asphalt;secondary;Kranichsteiner Straße;3;Kurs 6
Routenpunkt (Way);T;Taunusplatz;49.880468;8.664649;30.0;;;;;;Original OSM;157.7;-0.66;asphalt;secondary;Kranichsteiner Straße;3;Kurs 6
Routenpunkt (Way);T;;49.88055;8.664744;30.0;;;;;;Interpoliert (15m);157.4;-1.71;asphalt;secondary;Kranichsteiner Straße;3;Kurs 6
Routenpunkt (Way);T;Kranichsteiner Straße;49.880632;8.664839;30.0;;;;;;Interpoliert;157.1;-2.58;asphalt;secondary;Kranichsteiner Straße;3;Kurs 6
Routenpunkt (Way);T;Kranichsteiner Straße;49.880741;8.664943;30.0;;;;;;Interpoliert;156.8;-2.49;asphalt;secondary;Kranichsteiner Straße;3;Kurs 6
Routenpunkt (Way);T;Kranichsteiner Straße;49.88085;8.665046;30.0;;;;;;Original OSM;156.5;-2.42;asphalt;secondary;Kranichsteiner Straße;3;Kurs 6
Routenpunkt (Way);T;Kranichsteiner Straße;49.880928;8.665122;30.0;;;;;;Original OSM;156.2;-2.3;asphalt;secondary;Kranichsteiner Straße;3;Kurs 6
Routenpunkt (Way);T;Kranichsteiner Straße;49.881031;8.66521;30.0;;;;;;Original OSM;155.9;-2.98;asphalt;secondary;Kranichsteiner Straße;3;Kurs 6
Routenpunkt (Way);T;Kranichsteiner Straße;49.881153;8.665284;30.0;;;;;;Interpoliert;155.6;-3.65;asphalt;secondary;Kranichsteiner Straße;3;Kurs 6
Routenpunkt (Way);T;Kranichsteiner Straße;49.881275;8.665357;30.0;;;;;;Interpoliert;154.8;-3.76;asphalt;secondary;Kranichsteiner Straße;3;Kurs 6
Routenpunkt (Way);T;Kranichsteiner Straße;49.881397;8.665431;30.0;;;;;;Interpoliert;154.0;-4.24;asphalt;secondary;Kranichsteiner Straße;3;Kurs 6
Routenpunkt (Way);T;Kranichsteiner Straße;49.881519;8.665504;30.0;;;;;;Interpoliert;153.5;-4.77;asphalt;secondary;Kranichsteiner Straße;3;Kurs 6
Routenpunkt (Way);T;;49.881608;8.665558;30.0;;;;;;Interpoliert (15m);153.0;-4.84;asphalt;secondary;Kranichsteiner Straße;3;Kurs 6
Routenpunkt (Way);A;Kranichsteiner Straße (Ampel);49.881697;8.665612;30.0;;;;;;Original OSM;152.5;-4.67;asphalt;secondary;Kranichsteiner Straße;3;Kurs 6
Routenpunkt (Way);T;;49.881769;8.665654;30.0;;;;;;Interpoliert (15m);152.0;-4.9;asphalt;secondary;Kranichsteiner Straße;3;Kurs 6
Routenpunkt (Way);T;Kranichsteiner Straße;49.881841;8.665695;50.0;;;;;;Original OSM;151.6;-4.88;asphalt;secondary;Kranichsteiner Straße;3;Kurs 6
Routenpunkt (Way);T;;49.881917;8.66573;50.0;;;;;;Interpoliert (15m);151.2;-4.7;asphalt;secondary;Kranichsteiner Straße;3;Kurs 6
Routenpunkt (Way);T;Kranichsteiner Straße;49.881992;8.665765;50.0;;;;;;Original OSM;150.8;-3.12;asphalt;secondary;Kranichsteiner Straße;3;Kurs 6
Haltestelle;W;Darmstadt Am Karlshof;49.882082;8.66581;50.0;08:53:00;08:53:00;Kein Umlauf;Mo,Di,Mi,Do,Fr;446.0;Original GTFS (Snap-Distanz 2m) | Auf Route gesnappt (2m);150.4;-1.78;asphalt;secondary;Kranichsteiner Straße;3;Kurs 6
Routenpunkt (Way);T;;49.882168;8.665834;50.0;;;;;;Interpoliert (15m);150.6;-0.6;asphalt;secondary;Kranichsteiner Straße;3;Kurs 6
Routenpunkt (Way);T;Am Karlshof (Bussteig Richtung Süd);49.882255;8.665859;50.0;;;;;;Original OSM;150.8;0.58;asphalt;secondary;Kranichsteiner Straße;3;Kurs 6
Routenpunkt (Way);T;;49.882376;8.665951;50.0;;;;;;Interpoliert (15m);151.0;1.62;asphalt;secondary;Kranichsteiner Straße;3;Kurs 6
Routenpunkt (Way);T;Kranichsteiner Straße;49.882498;8.666043;50.0;;;;;;Interpoliert;151.2;1.48;asphalt;secondary;Kranichsteiner Straße;3;Kurs 6
Routenpunkt (Way);T;;49.882621;8.666117;50.0;;;;;;Interpoliert (15m);151.4;1.25;asphalt;secondary;Kranichsteiner Straße;3;Kurs 6
Routenpunkt (Way);T;Kranichsteiner Straße;49.882745;8.666191;50.0;;;;;;Original OSM;151.6;1.17;asphalt;secondary;Kranichsteiner Straße;3;Kurs 6
Routenpunkt (Way);T;;49.882839;8.666249;50.0;;;;;;Interpoliert (15m);151.7;0.19;asphalt;secondary;Kranichsteiner Straße;3;Kurs 6
Routenpunkt (Way);T;;49.882933;8.666307;50.0;;;;;;Interpoliert (15m);151.8;-0.76;asphalt;secondary;Kranichsteiner Straße;3;Kurs 6
Routenpunkt (Way);T;Kranichsteiner Straße;49.883027;8.666364;50.0;;;;;;Interpoliert;151.4;-1.59;asphalt;secondary;Kranichsteiner Straße;3;Kurs 6
Routenpunkt (Way);T;Kranichsteiner Straße;49.883126;8.666427;50.0;;;;;;Interpoliert;151.0;-2.33;asphalt;secondary;Kranichsteiner Straße;3;Kurs 6
Routenpunkt (Way);T;;49.883215;8.666482;50.0;;;;;;Interpoliert (15m);150.7;-3.1;asphalt;secondary;Kranichsteiner Straße;3;Kurs 6
Routenpunkt (Way);T;Kranichsteiner Straße;49.883304;8.666538;50.0;;;;;;Original OSM;150.4;-2.98;asphalt;secondary;Kranichsteiner Straße;3;Kurs 6
Routenpunkt (Way);T;;49.883389;8.666589;50.0;;;;;;Interpoliert (15m);150.1;-2.86;asphalt;secondary;Kranichsteiner Straße;3;Kurs 6
Routenpunkt (Way);T;Kranichsteiner Straße;49.883474;8.66664;50.0;;;;;;Interpoliert;149.8;-2.75;asphalt;secondary;Kranichsteiner Straße;3;Kurs 6
Routenpunkt (Way);T;Kranichsteiner Straße;49.883566;8.666692;50.0;;;;;;Original OSM;149.5;-3.24;asphalt;secondary;Kranichsteiner Straße;3;Kurs 6
Routenpunkt (Way);T;Kranichsteiner Straße;49.883676;8.666763;50.0;;;;;;Interpoliert;149.2;-3.7;asphalt;secondary;Kranichsteiner Straße;3;Kurs 6
Routenpunkt (Way);T;Kranichsteiner Straße;49.883787;8.666835;50.0;;;;;;Interpoliert;148.5;-3.4;asphalt;secondary;Kranichsteiner Straße;3;Kurs 6
Routenpunkt (Way);T;Kranichsteiner Straße;49.883897;8.666907;50.0;;;;;;Interpoliert;147.8;-3.15;asphalt;secondary;Kranichsteiner Straße;3;Kurs 6
Routenpunkt (Way);T;Kranichsteiner Straße;49.884008;8.666979;50.0;;;;;;Interpoliert;147.6;-3.37;asphalt;secondary;Kranichsteiner Straße;3;Kurs 6
Routenpunkt (Way);T;Kranichsteiner Straße;49.884118;8.667051;50.0;;;;;;Original OSM;147.4;-2.99;asphalt;secondary;Kranichsteiner Straße;3;Kurs 6
Routenpunkt (Way);T;Kranichsteiner Straße;49.884215;8.667124;50.0;;;;;;Interpoliert;147.0;-2.43;asphalt;secondary;Kranichsteiner Straße;3;Kurs 6
Routenpunkt (Way);T;Kranichsteiner Straße;49.884312;8.667197;50.0;;;;;;Interpoliert;146.6;-2.61;asphalt;secondary;Kranichsteiner Straße;3;Kurs 6
Routenpunkt (Way);T;;49.884378;8.667249;50.0;;;;;;Interpoliert (15m);146.4;-2.77;asphalt;secondary;Kranichsteiner Straße;3;Kurs 6
Routenpunkt (Way);T;Kranichsteiner Straße;49.884443;8.667301;50.0;;;;;;Original OSM;146.2;-2.56;asphalt;secondary;Kranichsteiner Straße;3;Kurs 6
Routenpunkt (Way);T;;49.884496;8.667391;50.0;;;;;;Interpoliert (15m);146.0;-1.59;asphalt;secondary;Kranichsteiner Straße;3;Kurs 6
Routenpunkt (Way);T;Kranichsteiner Straße;49.884549;8.667481;50.0;;;;;;Interpoliert;145.8;-0.35;asphalt;secondary;Kranichsteiner Straße;3;Kurs 6
Routenpunkt (Way);T;Kranichsteiner Straße;49.884621;8.66763;50.0;;;;;;Interpoliert;146.0;0.58;asphalt;secondary;Kranichsteiner Straße;3;Kurs 6
Routenpunkt (Way);T;Kranichsteiner Straße;49.884693;8.667779;50.0;;;;;;Interpoliert;146.5;1.49;asphalt;secondary;Kranichsteiner Straße;3;Kurs 6
Routenpunkt (Way);T;Kranichsteiner Straße;49.884765;8.667928;50.0;;;;;;Interpoliert;146.8;2.4;asphalt;secondary;Kranichsteiner Straße;3;Kurs 6
Routenpunkt (Way);T;Kranichsteiner Straße;49.884837;8.668078;50.0;;;;;;Interpoliert;147.1;2.55;asphalt;secondary;Kranichsteiner Straße;3;Kurs 6
Routenpunkt (Way);T;Kranichsteiner Straße;49.884908;8.668227;50.0;;;;;;Interpoliert;147.4;1.95;asphalt;secondary;Kranichsteiner Straße;3;Kurs 6
Routenpunkt (Way);T;Kranichsteiner Straße;49.88498;8.668376;50.0;;;;;;Interpoliert;147.7;1.69;asphalt;secondary;Kranichsteiner Straße;3;Kurs 6
Routenpunkt (Way);T;Kranichsteiner Straße;49.885052;8.668526;50.0;;;;;;Original OSM;147.8;2.02;asphalt;secondary;Kranichsteiner Straße;3;Kurs 6
Routenpunkt (Way);T;Kranichsteiner Straße;49.885123;8.668619;50.0;;;;;;Interpoliert;147.9;2.4;asphalt;secondary;Kranichsteiner Straße;3;Kurs 6
Routenpunkt (Way);T;Kranichsteiner Straße;49.885194;8.668712;50.0;;;;;;Interpoliert;148.3;2.78;asphalt;secondary;Kranichsteiner Straße;3;Kurs 6
Routenpunkt (Way);T;;49.885269;8.668779;50.0;;;;;;Interpoliert (15m);148.7;2.79;asphalt;secondary;Kranichsteiner Straße;3;Kurs 6
Routenpunkt (Way);A;Kranichsteiner Straße (Ampel);49.885344;8.668846;50.0;;;;;;Original OSM;149.1;3.08;asphalt;secondary;Kranichsteiner Straße;3;Kurs 6
Routenpunkt (Way);T;;49.885327;8.669019;50.0;;;;;;Interpoliert (15m);149.2;2.78;asphalt;residential;Schwarzer Weg;3;Kurs 6
Routenpunkt (Way);T;;49.88531;8.669191;50.0;;;;;;Interpoliert (15m);149.5;2.43;asphalt;residential;Schwarzer Weg;3;Kurs 6
Routenpunkt (Way);T;;49.885293;8.669364;50.0;;;;;;Interpoliert (15m);149.8;1.6;asphalt;residential;Schwarzer Weg;3;Kurs 6
Haltestelle;W;Darmstadt Peter-Behrens-Straße;49.885276;8.669537;50.0;08:55:00;08:55:00;Kein Umlauf;Mo,Di,Mi,Do,Fr;446.0;Original GTFS (Snap-Distanz 48m) | Auf Route gesnappt (0m);150.1;1.92;asphalt;residential;Schwarzer Weg;3;Kurs 6
Routenpunkt (Way);T;Schwarzer Weg;49.885276;8.669537;30.0;;;;;;Original OSM;150.4;1.92;asphalt;residential;Schwarzer Weg;3;Kurs 6
Routenpunkt (Way);T;Schwarzer Weg;49.88528;8.669711;30.0;;;;;;Interpoliert;150.7;1.44;asphalt;residential;Schwarzer Weg;3;Kurs 6
Routenpunkt (Way);T;Schwarzer Weg;49.885285;8.669886;30.0;;;;;;Interpoliert;151.0;0.96;asphalt;residential;Schwarzer Weg;3;Kurs 6
Routenpunkt (Way);T;Schwarzer Weg;49.88529;8.67006;30.0;;;;;;Original OSM;151.0;1.13;asphalt;residential;Schwarzer Weg;3;Kurs 6
Routenpunkt (Way);T;;49.885307;8.670219;30.0;;;;;;Interpoliert (15m);151.0;0.85;asphalt;residential;Schwarzer Weg;3;Kurs 6
Routenpunkt (Way);T;Schwarzer Weg;49.885325;8.670377;30.0;;;;;;Original OSM;151.1;0.56;asphalt;residential;Schwarzer Weg;3;Kurs 6
Routenpunkt (Way);T;;49.885354;8.670514;30.0;;;;;;Interpoliert (15m);151.2;0.74;asphalt;residential;Schwarzer Weg;3;Kurs 6
Routenpunkt (Way);T;Schwarzer Weg;49.885384;8.670651;30.0;;;;;;Interpoliert;151.3;0.91;asphalt;residential;Schwarzer Weg;3;Kurs 6
Routenpunkt (Way);T;Schwarzer Weg;49.885424;8.670797;30.0;;;;;;Interpoliert;151.4;1.29;asphalt;residential;Schwarzer Weg;3;Kurs 6
Routenpunkt (Way);T;Schwarzer Weg;49.885464;8.670944;30.0;;;;;;Original OSM;151.5;1.66;asphalt;residential;Schwarzer Weg;3;Kurs 6
Routenpunkt (Way);T;Schwarzer Weg;49.885509;8.671132;30.0;;;;;;Interpoliert;151.9;2.02;asphalt;residential;Schwarzer Weg;3;Kurs 6
Routenpunkt (Way);T;Schwarzer Weg;49.885554;8.67132;30.0;;;;;;Interpoliert;152.3;2.69;asphalt;residential;Schwarzer Weg;3;Kurs 6
Routenpunkt (Way);T;Schwarzer Weg;49.8856;8.671508;30.0;;;;;;Original OSM;152.7;3.36;asphalt;residential;Schwarzer Weg;3;Kurs 6
Routenpunkt (Way);T;;49.885629;8.671632;30.0;;;;;;Interpoliert (15m);153.1;3.55;asphalt;residential;Schwarzer Weg;3;Kurs 6
Routenpunkt (Way);T;Schwarzer Weg;49.885658;8.671755;30.0;;;;;;Original OSM;153.5;3.49;asphalt;residential;Schwarzer Weg;3;Kurs 6
Routenpunkt (Way);T;;49.885684;8.671861;30.0;;;;;;Interpoliert (15m);153.8;3.28;asphalt;residential;Schwarzer Weg;3;Kurs 6
Routenpunkt (Way);T;Schwarzer Weg;49.885709;8.671967;30.0;;;;;;Interpoliert;154.0;2.78;asphalt;residential;Schwarzer Weg;3;Kurs 6
Routenpunkt (Way);T;;49.885745;8.672117;30.0;;;;;;Interpoliert (15m);154.2;2.41;asphalt;residential;Schwarzer Weg;3;Kurs 6
Routenpunkt (Way);T;Schwarzer Weg;49.885781;8.672268;30.0;;;;;;Original OSM;154.4;1.59;asphalt;residential;Schwarzer Weg;3;Kurs 6
Routenpunkt (Way);T;;49.885826;8.672407;30.0;;;;;;Interpoliert (15m);154.67;1.0;asphalt;residential;Schwarzer Weg;3;Kurs 6
Routenpunkt (Way);T;;49.885871;8.672547;30.0;;;;;;Interpoliert (15m);154.62;0.46;asphalt;residential;Schwarzer Weg;3;Kurs 6
Routenpunkt (Way);T;Schwarzer Weg;49.885916;8.672686;30.0;;;;;;Original OSM;154.57;0.14;asphalt;residential;Schwarzer Weg;3;Kurs 6
Haltestelle;W;Darmstadt Alfred-Messel-Weg;49.885945;8.672777;30.0;08:57:00;08:57:00;Kein Umlauf;Mo,Di,Mi,Do,Fr;446.0;Original GTFS (Snap-Distanz 3m) | Auf Route gesnappt (4m);154.5;-0.61;asphalt;residential;Schwarzer Weg;3;Kurs 6
Haltestelle;W;Darmstadt Alfred-Messel-Weg;49.885945;8.672777;30.0;09:11:00;09:11:00;Kein Umlauf;Mo,Di,Mi,Do,Fr;446.0;Original GTFS (Snap-Distanz 3m) | Auf Route gesnappt (4m);154.4;0.67;asphalt;residential;Schwarzer Weg;4;Kurs 6
Routenpunkt (Way);T;Alfred-Messel-Weg;49.885916;8.672686;30.0;;;;;;Interpoliert;154.5;0.62;asphalt;residential;Schwarzer Weg;4;Kurs 6
Routenpunkt (Way);T;;49.885871;8.672547;30.0;;;;;;Interpoliert (15m);154.57;0.57;asphalt;residential;Schwarzer Weg;4;Kurs 6
Routenpunkt (Way);T;;49.885826;8.672407;30.0;;;;;;Interpoliert (15m);154.62;0.11;asphalt;residential;Schwarzer Weg;4;Kurs 6
Routenpunkt (Way);T;Schwarzer Weg;49.885781;8.672268;30.0;;;;;;Original OSM;154.67;-0.51;asphalt;residential;Schwarzer Weg;4;Kurs 6
Routenpunkt (Way);T;;49.885745;8.672117;30.0;;;;;;Interpoliert (15m);154.4;-1.14;asphalt;residential;Schwarzer Weg;4;Kurs 6
Routenpunkt (Way);T;Schwarzer Weg;49.885709;8.671967;30.0;;;;;;Interpoliert;154.2;-1.73;asphalt;residential;Schwarzer Weg;4;Kurs 6
Routenpunkt (Way);T;;49.885684;8.671861;30.0;;;;;;Interpoliert (15m);154.0;-2.44;asphalt;residential;Schwarzer Weg;4;Kurs 6
Routenpunkt (Way);T;Schwarzer Weg;49.885658;8.671755;30.0;;;;;;Original OSM;153.8;-2.82;asphalt;residential;Schwarzer Weg;4;Kurs 6
Routenpunkt (Way);T;;49.885629;8.671632;30.0;;;;;;Interpoliert (15m);153.5;-3.03;asphalt;residential;Schwarzer Weg;4;Kurs 6
Routenpunkt (Way);T;Schwarzer Weg;49.8856;8.671508;30.0;;;;;;Original OSM;153.1;-3.09;asphalt;residential;Schwarzer Weg;4;Kurs 6
Routenpunkt (Way);T;Schwarzer Weg;49.885554;8.67132;30.0;;;;;;Interpoliert;152.7;-3.15;asphalt;residential;Schwarzer Weg;4;Kurs 6
Routenpunkt (Way);T;Schwarzer Weg;49.885509;8.671132;30.0;;;;;;Interpoliert;152.3;-3.22;asphalt;residential;Schwarzer Weg;4;Kurs 6
Routenpunkt (Way);T;Schwarzer Weg;49.885464;8.670944;30.0;;;;;;Original OSM;151.9;-2.55;asphalt;residential;Schwarzer Weg;4;Kurs 6
Routenpunkt (Way);T;Schwarzer Weg;49.885424;8.670797;30.0;;;;;;Interpoliert;151.5;-2.18;asphalt;residential;Schwarzer Weg;4;Kurs 6
Routenpunkt (Way);T;Schwarzer Weg;49.885384;8.670651;30.0;;;;;;Interpoliert;151.4;-1.82;asphalt;residential;Schwarzer Weg;4;Kurs 6
Routenpunkt (Way);T;;49.885354;8.670514;30.0;;;;;;Interpoliert (15m);151.3;-1.44;asphalt;residential;Schwarzer Weg;4;Kurs 6
Routenpunkt (Way);T;Schwarzer Weg;49.885325;8.670377;30.0;;;;;;Original OSM;151.2;-0.91;asphalt;residential;Schwarzer Weg;4;Kurs 6
Routenpunkt (Way);T;;49.885307;8.670219;30.0;;;;;;Interpoliert (15m);151.1;-0.73;asphalt;residential;Schwarzer Weg;4;Kurs 6
Routenpunkt (Way);T;Schwarzer Weg;49.88529;8.67006;30.0;;;;;;Original OSM;151.0;-0.54;asphalt;residential;Schwarzer Weg;4;Kurs 6
Routenpunkt (Way);T;Schwarzer Weg;49.885285;8.669886;30.0;;;;;;Interpoliert;151.0;-0.83;asphalt;residential;Schwarzer Weg;4;Kurs 6
Routenpunkt (Way);T;Schwarzer Weg;49.88528;8.669711;30.0;;;;;;Interpoliert;151.0;-0.65;asphalt;residential;Schwarzer Weg;4;Kurs 6
Routenpunkt (Way);T;Schwarzer Weg;49.885276;8.669537;30.0;;;;;;Original OSM;150.7;-1.04;asphalt;residential;Schwarzer Weg;4;Kurs 6
Haltestelle;W;Darmstadt Peter-Behrens-Straße;49.885276;8.669537;30.0;09:12:00;09:12:00;Kein Umlauf;Mo,Di,Mi,Do,Fr;446.0;Original GTFS (Snap-Distanz 0m) | Auf Route gesnappt (0m);150.4;-1.59;asphalt;residential;Schwarzer Weg;4;Kurs 6
Routenpunkt (Way);T;;49.885284;8.669387;30.0;;;;;;Interpoliert (15m);150.1;-2.19;asphalt;residential;Schwarzer Weg;4;Kurs 6
Routenpunkt (Way);T;Schwarzer Weg;49.885292;8.669237;30.0;;;;;;Original OSM;149.8;-2.31;asphalt;residential;Schwarzer Weg;4;Kurs 6
Routenpunkt (Way);T;;49.885279;8.669098;30.0;;;;;;Interpoliert (15m);149.5;-2.49;asphalt;residential;Schwarzer Weg;4;Kurs 6
Routenpunkt (Way);A;Schwarzer Weg (Ampel);49.885266;8.668959;30.0;;;;;;Interpoliert;149.2;-2.7;asphalt;residential;Schwarzer Weg;4;Kurs 6
Routenpunkt (Way);T;Schwarzer Weg;49.885266;8.668804;30.0;;;;;;Original OSM;149.1;-2.92;asphalt;residential;Schwarzer Weg;4;Kurs 6
Routenpunkt (Way);T;Kranichsteiner Straße;49.885194;8.668712;50.0;;;;;;Interpoliert;148.7;-3.1;asphalt;secondary;Kranichsteiner Straße;4;Kurs 6
Routenpunkt (Way);T;Kranichsteiner Straße;49.885123;8.668619;50.0;;;;;;Interpoliert;148.3;-2.65;asphalt;secondary;Kranichsteiner Straße;4;Kurs 6
Routenpunkt (Way);T;Kranichsteiner Straße;49.885052;8.668526;50.0;;;;;;Original OSM;147.9;-2.62;asphalt;secondary;Kranichsteiner Straße;4;Kurs 6
Routenpunkt (Way);T;Kranichsteiner Straße;49.88498;8.668376;50.0;;;;;;Interpoliert;147.8;-2.3;asphalt;secondary;Kranichsteiner Straße;4;Kurs 6
Routenpunkt (Way);T;Kranichsteiner Straße;49.884908;8.668227;50.0;;;;;;Interpoliert;147.7;-1.97;asphalt;secondary;Kranichsteiner Straße;4;Kurs 6
Routenpunkt (Way);T;Kranichsteiner Straße;49.884837;8.668078;50.0;;;;;;Interpoliert;147.4;-1.65;asphalt;secondary;Kranichsteiner Straße;4;Kurs 6
Routenpunkt (Way);T;Kranichsteiner Straße;49.884765;8.667928;50.0;;;;;;Interpoliert;147.1;-1.95;asphalt;secondary;Kranichsteiner Straße;4;Kurs 6
Routenpunkt (Way);T;Kranichsteiner Straße;49.884693;8.667779;50.0;;;;;;Interpoliert;146.8;-2.55;asphalt;secondary;Kranichsteiner Straße;4;Kurs 6
Routenpunkt (Way);T;Kranichsteiner Straße;49.884621;8.66763;50.0;;;;;;Interpoliert;146.5;-2.56;asphalt;secondary;Kranichsteiner Straße;4;Kurs 6
Routenpunkt (Way);T;Kranichsteiner Straße;49.884549;8.667481;50.0;;;;;;Interpoliert;146.0;-1.65;asphalt;secondary;Kranichsteiner Straße;4;Kurs 6
Routenpunkt (Way);T;;49.884496;8.667391;50.0;;;;;;Interpoliert (15m);145.8;-0.71;asphalt;secondary;Kranichsteiner Straße;4;Kurs 6
Routenpunkt (Way);T;Kranichsteiner Straße;49.884443;8.667301;50.0;;;;;;Original OSM;146.0;0.23;asphalt;secondary;Kranichsteiner Straße;4;Kurs 6
Routenpunkt (Way);T;;49.884378;8.667249;50.0;;;;;;Interpoliert (15m);146.2;1.31;asphalt;secondary;Kranichsteiner Straße;4;Kurs 6
Routenpunkt (Way);T;Kranichsteiner Straße;49.884312;8.667197;50.0;;;;;;Interpoliert;146.4;2.44;asphalt;secondary;Kranichsteiner Straße;4;Kurs 6
Routenpunkt (Way);T;Kranichsteiner Straße;49.884215;8.667124;50.0;;;;;;Interpoliert;146.6;2.58;asphalt;secondary;Kranichsteiner Straße;4;Kurs 6
Routenpunkt (Way);T;Kranichsteiner Straße;49.884118;8.667051;50.0;;;;;;Original OSM;147.0;2.39;asphalt;secondary;Kranichsteiner Straße;4;Kurs 6
Routenpunkt (Way);T;Kranichsteiner Straße;49.884008;8.666979;50.0;;;;;;Interpoliert;147.4;2.2;asphalt;secondary;Kranichsteiner Straße;4;Kurs 6
Routenpunkt (Way);T;Kranichsteiner Straße;49.883897;8.666907;50.0;;;;;;Interpoliert;147.6;2.92;asphalt;secondary;Kranichsteiner Straße;4;Kurs 6
Routenpunkt (Way);T;Kranichsteiner Straße;49.883787;8.666835;50.0;;;;;;Interpoliert;147.8;3.3;asphalt;secondary;Kranichsteiner Straße;4;Kurs 6
Routenpunkt (Way);T;Kranichsteiner Straße;49.883676;8.666763;50.0;;;;;;Interpoliert;148.5;3.25;asphalt;secondary;Kranichsteiner Straße;4;Kurs 6
Routenpunkt (Way);T;Kranichsteiner Straße;49.883566;8.666692;50.0;;;;;;Original OSM;149.2;3.55;asphalt;secondary;Kranichsteiner Straße;4;Kurs 6
Routenpunkt (Way);T;Kranichsteiner Straße;49.883474;8.66664;50.0;;;;;;Interpoliert;149.5;3.84;asphalt;secondary;Kranichsteiner Straße;4;Kurs 6
Routenpunkt (Way);T;;49.883389;8.666589;50.0;;;;;;Interpoliert (15m);149.8;3.35;asphalt;secondary;Kranichsteiner Straße;4;Kurs 6
Routenpunkt (Way);T;Kranichsteiner Straße;49.883303;8.666538;50.0;;;;;;Original OSM;150.1;2.86;asphalt;secondary;Kranichsteiner Straße;4;Kurs 6
Routenpunkt (Way);T;;49.883215;8.666482;50.0;;;;;;Interpoliert (15m);150.4;2.81;asphalt;secondary;Kranichsteiner Straße;4;Kurs 6
Routenpunkt (Way);T;Kranichsteiner Straße;49.883126;8.666427;50.0;;;;;;Interpoliert;150.7;2.93;asphalt;secondary;Kranichsteiner Straße;4;Kurs 6
Routenpunkt (Way);T;Kranichsteiner Straße;49.883027;8.666364;50.0;;;;;;Interpoliert;151.0;3.05;asphalt;secondary;Kranichsteiner Straße;4;Kurs 6
Routenpunkt (Way);T;;49.882933;8.666307;50.0;;;;;;Interpoliert (15m);151.4;2.31;asphalt;secondary;Kranichsteiner Straße;4;Kurs 6
Routenpunkt (Way);T;;49.882839;8.666249;50.0;;;;;;Interpoliert (15m);151.8;1.62;asphalt;secondary;Kranichsteiner Straße;4;Kurs 6
Routenpunkt (Way);T;Kranichsteiner Straße;49.882745;8.666191;50.0;;;;;;Original OSM;151.7;0.84;asphalt;secondary;Kranichsteiner Straße;4;Kurs 6
Routenpunkt (Way);T;;49.882621;8.666117;50.0;;;;;;Interpoliert (15m);151.6;-0.14;asphalt;secondary;Kranichsteiner Straße;4;Kurs 6
Routenpunkt (Way);T;Kranichsteiner Straße;49.882498;8.666043;50.0;;;;;;Interpoliert;151.4;-1.12;asphalt;secondary;Kranichsteiner Straße;4;Kurs 6
Routenpunkt (Way);T;;49.882376;8.665951;50.0;;;;;;Interpoliert (15m);151.2;-1.35;asphalt;secondary;Kranichsteiner Straße;4;Kurs 6
Routenpunkt (Way);T;Kranichsteiner Straße;49.882255;8.665859;50.0;;;;;;Original OSM;151.0;-1.62;asphalt;secondary;Kranichsteiner Straße;4;Kurs 6
Routenpunkt (Way);T;;49.882168;8.665834;50.0;;;;;;Interpoliert (15m);150.8;-1.35;asphalt;secondary;Kranichsteiner Straße;4;Kurs 6
Routenpunkt (Way);T;Kranichsteiner Straße;49.882082;8.66581;50.0;;;;;;Original OSM;150.6;-0.51;asphalt;secondary;Kranichsteiner Straße;4;Kurs 6
Haltestelle;W;Darmstadt Am Karlshof;49.882082;8.66581;50.0;09:14:00;09:14:00;Kein Umlauf;Mo,Di,Mi,Do,Fr;446.0;Original GTFS (Snap-Distanz 2m) | Auf Route gesnappt (2m);150.4;0.33;asphalt;secondary;Kranichsteiner Straße;4;Kurs 6
Routenpunkt (Way);T;Kranichsteiner Straße;49.881962;8.66575;50.0;;;;;;Interpoliert;150.8;1.67;asphalt;secondary;Kranichsteiner Straße;4;Kurs 6
Routenpunkt (Way);T;Kranichsteiner Straße;49.881841;8.665695;50.0;;;;;;Original OSM;151.2;3.02;asphalt;secondary;Kranichsteiner Straße;4;Kurs 6
Routenpunkt (Way);T;;49.881769;8.665654;50.0;;;;;;Interpoliert (15m);151.6;3.96;asphalt;secondary;Kranichsteiner Straße;4;Kurs 6
Routenpunkt (Way);A;Kranichsteiner Straße (Ampel);49.881697;8.665612;50.0;;;;;;Original OSM;152.0;4.33;asphalt;secondary;Kranichsteiner Straße;4;Kurs 6
Routenpunkt (Way);T;;49.881608;8.665558;50.0;;;;;;Interpoliert (15m);152.5;4.44;asphalt;secondary;Kranichsteiner Straße;4;Kurs 6
Routenpunkt (Way);T;Kranichsteiner Straße;49.881519;8.665504;30.0;;;;;;Interpoliert;153.0;4.19;asphalt;secondary;Kranichsteiner Straße;4;Kurs 6
Routenpunkt (Way);T;Kranichsteiner Straße;49.881397;8.665431;30.0;;;;;;Interpoliert;153.5;4.36;asphalt;secondary;Kranichsteiner Straße;4;Kurs 6
Routenpunkt (Way);T;Kranichsteiner Straße;49.881275;8.665357;30.0;;;;;;Interpoliert;154.0;4.51;asphalt;secondary;Kranichsteiner Straße;4;Kurs 6
Routenpunkt (Way);T;Kranichsteiner Straße;49.881153;8.665284;30.0;;;;;;Interpoliert;154.8;4.03;asphalt;secondary;Kranichsteiner Straße;4;Kurs 6
Routenpunkt (Way);T;Kranichsteiner Straße;49.881031;8.66521;30.0;;;;;;Original OSM;155.6;3.93;asphalt;secondary;Kranichsteiner Straße;4;Kurs 6
Routenpunkt (Way);T;Kranichsteiner Straße;49.880928;8.665122;30.0;;;;;;Original OSM;155.9;3.66;asphalt;secondary;Kranichsteiner Straße;4;Kurs 6
Routenpunkt (Way);T;Kranichsteiner Straße;49.88085;8.665046;30.0;;;;;;Original OSM;156.2;2.99;asphalt;secondary;Kranichsteiner Straße;4;Kurs 6
Routenpunkt (Way);T;Kranichsteiner Straße;49.880741;8.664943;30.0;;;;;;Interpoliert;156.5;2.42;asphalt;secondary;Kranichsteiner Straße;4;Kurs 6
Routenpunkt (Way);T;Kranichsteiner Straße;49.880632;8.664839;30.0;;;;;;Interpoliert;156.8;2.49;asphalt;secondary;Kranichsteiner Straße;4;Kurs 6
Routenpunkt (Way);T;;49.88055;8.664744;30.0;;;;;;Interpoliert (15m);157.1;2.58;asphalt;secondary;Kranichsteiner Straße;4;Kurs 6
Routenpunkt (Way);T;Kranichsteiner Straße;49.880468;8.664649;30.0;;;;;;Original OSM;157.4;2.84;asphalt;secondary;Kranichsteiner Straße;4;Kurs 6
Routenpunkt (Way);T;;49.880408;8.664569;30.0;;;;;;Interpoliert (15m);157.7;1.79;asphalt;secondary;Kranichsteiner Straße;4;Kurs 6
Haltestelle;W;Darmstadt Taunusplatz;49.880348;8.664489;30.0;09:15:00;09:15:00;Kein Umlauf;Mo,Di,Mi,Do,Fr;446.0;Original GTFS (Snap-Distanz 2m) | Auf Route gesnappt (3m);158.0;0.96;asphalt;secondary;Kranichsteiner Straße;4;Kurs 6
Routenpunkt (Way);T;Taunusplatz;49.8803;8.664439;30.0;;;;;;Interpoliert;157.8;0.13;asphalt;secondary;Kranichsteiner Straße;4;Kurs 6
Routenpunkt (Way);T;;49.880197;8.664348;30.0;;;;;;Interpoliert (15m);157.6;-0.96;asphalt;secondary;Kranichsteiner Straße;4;Kurs 6
Routenpunkt (Way);T;Kranichsteiner Straße;49.880093;8.664256;30.0;;;;;;Original OSM;157.4;-2.05;asphalt;secondary;Kranichsteiner Straße;4;Kurs 6
Routenpunkt (Way);T;;49.880017;8.664188;30.0;;;;;;Interpoliert (15m);157.2;-1.81;asphalt;secondary;Kranichsteiner Straße;4;Kurs 6
Routenpunkt (Way);T;Kranichsteiner Straße;49.879941;8.664119;30.0;;;;;;Interpoliert;157.0;-1.9;asphalt;secondary;Kranichsteiner Straße;4;Kurs 6
Routenpunkt (Way);T;Kranichsteiner Straße;49.879864;8.664039;30.0;;;;;;Interpoliert;156.8;-1.93;asphalt;secondary;Kranichsteiner Straße;4;Kurs 6
Routenpunkt (Way);T;Kranichsteiner Straße;49.879788;8.663959;30.0;;;;;;Original OSM;156.6;-1.85;asphalt;secondary;Kranichsteiner Straße;4;Kurs 6
Routenpunkt (Way);T;Kranichsteiner Straße;49.879698;8.663866;30.0;;;;;;Interpoliert;156.4;-1.61;asphalt;secondary;Kranichsteiner Straße;4;Kurs 6
Routenpunkt (Way);T;Kranichsteiner Straße;49.879607;8.663772;30.0;;;;;;Interpoliert;156.2;-1.05;asphalt;secondary;Kranichsteiner Straße;4;Kurs 6
Routenpunkt (Way);T;Kranichsteiner Straße;49.879517;8.663679;30.0;;;;;;Interpoliert;156.1;-0.51;asphalt;secondary;Kranichsteiner Straße;4;Kurs 6
Routenpunkt (Way);T;Kranichsteiner Straße;49.879426;8.663586;30.0;;;;;;Original OSM;156.2;-0.02;asphalt;secondary;Kranichsteiner Straße;4;Kurs 6
Routenpunkt (Way);T;Kranichsteiner Straße;49.879338;8.663472;30.0;;;;;;Interpoliert;156.3;0.46;asphalt;secondary;Kranichsteiner Straße;4;Kurs 6
Routenpunkt (Way);A;Ampel;49.879251;8.663347;30.0;;;;;;Interpoliert (15m);156.4;0.76;asphalt;secondary;Kranichsteiner Straße;4;Kurs 6
Routenpunkt (Way);T;Kranichsteiner Straße;49.879163;8.663222;30.0;;;;;;Original OSM;156.5;0.18;asphalt;secondary;Kranichsteiner Straße;4;Kurs 6
Routenpunkt (Way);T;;49.879074;8.663075;30.0;;;;;;Interpoliert (15m);156.6;-0.53;asphalt;secondary;Kranichsteiner Straße;4;Kurs 6
Routenpunkt (Way);T;Kranichsteiner Straße;49.878985;8.662929;30.0;;;;;;Interpoliert;156.3;-1.23;asphalt;secondary;Kranichsteiner Straße;4;Kurs 6
Routenpunkt (Way);T;Kranichsteiner Straße;49.878919;8.662816;30.0;;;;;;Interpoliert;156.0;-1.78;asphalt;secondary;Kranichsteiner Straße;4;Kurs 6
Routenpunkt (Way);T;Kranichsteiner Straße;49.878854;8.662703;30.0;;;;;;Original OSM;155.7;-2.46;asphalt;secondary;Kranichsteiner Straße;4;Kurs 6
Routenpunkt (Way);T;Kranichsteiner Straße;49.878759;8.662557;30.0;;;;;;Interpoliert;155.4;-2.23;asphalt;secondary;Kranichsteiner Straße;4;Kurs 6
Routenpunkt (Way);T;Kranichsteiner Straße;49.878664;8.66241;30.0;;;;;;Original OSM;155.0;-1.87;asphalt;secondary;Kranichsteiner Straße;4;Kurs 6
Routenpunkt (Way);T;Kranichsteiner Straße;49.878594;8.662311;30.0;;;;;;Interpoliert;154.9;-1.76;asphalt;secondary;Kranichsteiner Straße;4;Kurs 6
Routenpunkt (Way);T;Kranichsteiner Straße;49.878524;8.662212;30.0;;;;;;Interpoliert;154.8;-1.8;asphalt;secondary;Kranichsteiner Straße;4;Kurs 6
Routenpunkt (Way);T;;49.878439;8.662076;30.0;;;;;;Interpoliert (15m);154.5;-1.7;asphalt;secondary;Kranichsteiner Straße;4;Kurs 6
Routenpunkt (Way);T;Kranichsteiner Straße;49.878354;8.66194;30.0;;;;;;Original OSM;154.2;-1.32;asphalt;secondary;Kranichsteiner Straße;4;Kurs 6
Haltestelle;W;Darmstadt Kopernikusplatz;49.878248;8.661836;30.0;09:16:00;09:16:00;Kein Umlauf;Mo,Di,Mi,Do,Fr;446.0;Original GTFS (Snap-Distanz 6m) | Auf Route gesnappt (6m);153.9;-0.95;asphalt;secondary;Kranichsteiner Straße;4;Kurs 6
Routenpunkt (Way);T;Kranichsteiner Straße;49.878176;8.661734;30.0;;;;;;Original OSM;154.0;-0.33;asphalt;secondary;Kranichsteiner Straße;4;Kurs 6
Routenpunkt (Way);T;;49.878119;8.661607;30.0;;;;;;Interpoliert (15m);154.1;0.29;asphalt;secondary;Kranichsteiner Straße;4;Kurs 6
Routenpunkt (Way);T;;49.878061;8.661481;30.0;;;;;;Interpoliert (15m);154.2;1.36;paving_stones;service;;4;Kurs 6
Routenpunkt (Way);T;Kranichsteiner Straße;49.878003;8.661354;30.0;;;;;;Original OSM;154.3;1.34;paving_stones;service;;4;Kurs 6
Routenpunkt (Way);T;;49.87789;8.661348;30.0;;;;;;Interpoliert (15m);154.7;1.31;asphalt;secondary;Heinheimer Straße;4;Kurs 6
Routenpunkt (Way);A;Ampel;49.877777;8.661342;30.0;;;;;;Interpoliert (15m);154.8;1.55;asphalt;secondary;Heinheimer Straße;4;Kurs 6
Routenpunkt (Way);T;Heinheimer Straße;49.877664;8.661337;30.0;;;;;;Interpoliert;154.9;1.78;asphalt;secondary;Heinheimer Straße;4;Kurs 6
Routenpunkt (Way);T;Heinheimer Straße;49.877535;8.661367;30.0;;;;;;Interpoliert;155.2;1.55;asphalt;secondary;Heinheimer Straße;4;Kurs 6
Routenpunkt (Way);T;Heinheimer Straße;49.877405;8.661398;30.0;;;;;;Interpoliert;155.5;1.8;asphalt;secondary;Heinheimer Straße;4;Kurs 6
Routenpunkt (Way);T;Heinheimer Straße;49.877275;8.661429;30.0;;;;;;Interpoliert;155.8;2.33;asphalt;secondary;Heinheimer Straße;4;Kurs 6
Routenpunkt (Way);T;Heinheimer Straße;49.877145;8.66146;30.0;;;;;;Interpoliert;156.1;3.19;asphalt;secondary;Heinheimer Straße;4;Kurs 6
Routenpunkt (Way);T;Heinheimer Straße;49.877015;8.66149;30.0;;;;;;Interpoliert;156.6;4.06;asphalt;secondary;Heinheimer Straße;4;Kurs 6
Routenpunkt (Way);T;;49.876945;8.661507;30.0;;;;;;Interpoliert (15m);157.1;3.96;asphalt;secondary;Heinheimer Straße;4;Kurs 6
Routenpunkt (Way);T;Heinheimer Straße;49.876876;8.661523;30.0;;;;;;Original OSM;157.6;3.89;asphalt;secondary;Heinheimer Straße;4;Kurs 6
Routenpunkt (Way);T;Heinheimer Straße;49.876762;8.661547;30.0;;;;;;Interpoliert;157.8;3.55;asphalt;secondary;Heinheimer Straße;4;Kurs 6
Routenpunkt (Way);T;Heinheimer Straße;49.876657;8.661569;30.0;;;;;;Interpoliert;158.0;2.58;asphalt;secondary;Heinheimer Straße;4;Kurs 6
Routenpunkt (Way);T;Heinheimer Straße;49.876553;8.661591;30.0;;;;;;Interpoliert;158.2;1.81;asphalt;secondary;Heinheimer Straße;4;Kurs 6
Routenpunkt (Way);T;Heinheimer Straße;49.876437;8.66162;30.0;;;;;;Original OSM;158.4;2.01;asphalt;secondary;Heinheimer Straße;4;Kurs 6
Routenpunkt (Way);T;;49.876366;8.661619;30.0;;;;;;Interpoliert (15m);158.6;2.08;asphalt;secondary;Heinheimer Straße;4;Kurs 6
Routenpunkt (Way);T;Heinheimer Straße;49.876296;8.661618;30.0;;;;;;Original OSM;158.8;0.92;asphalt;secondary;Dieburger Straße;4;Kurs 6
Routenpunkt (Way);T;;49.87624;8.661512;30.0;;;;;;Interpoliert (15m);159.0;0.13;asphalt;secondary;Dieburger Straße;4;Kurs 6
Routenpunkt (Way);T;Dieburger Straße;49.876184;8.661406;50.0;;;;;;Interpoliert;158.6;-0.8;asphalt;secondary;Dieburger Straße;4;Kurs 6
Routenpunkt (Way);T;Dieburger Straße;49.876116;8.661268;50.0;;;;;;Interpoliert;158.3;-1.73;asphalt;secondary;Dieburger Straße;4;Kurs 6
Routenpunkt (Way);T;;49.876036;8.661111;50.0;;;;;;Interpoliert (15m);158.0;-2.54;asphalt;secondary;Dieburger Straße;4;Kurs 6
Routenpunkt (Way);T;Dieburger Straße;49.875956;8.660955;50.0;;;;;;Original OSM;157.7;-2.13;asphalt;secondary;Dieburger Straße;4;Kurs 6
Routenpunkt (Way);T;;49.875887;8.660778;50.0;;;;;;Interpoliert (15m);157.4;-2.19;asphalt;secondary;Alexanderstraße;4;Kurs 6
Routenpunkt (Way);T;Alexanderstraße;49.875819;8.660601;50.0;;;;;;Original OSM;157.1;-3.03;asphalt;secondary;Alexanderstraße;4;Kurs 6
Haltestelle;W;Darmstadt Alexanderstraße/TU;49.875741;8.660502;50.0;09:18:00;09:18:00;Kein Umlauf;Mo,Di,Mi,Do,Fr;446.0;Original GTFS (Snap-Distanz 3m) | Auf Route gesnappt (3m);156.8;-3.29;asphalt;secondary;Alexanderstraße;4;Kurs 6
Routenpunkt (Way);T;Alexanderstraße/TU;49.875778;8.660468;50.0;;;;;;Original OSM;156.5;-4.2;asphalt;secondary;Alexanderstraße;4;Kurs 6
Routenpunkt (Way);T;Alexanderstraße;49.875673;8.660341;50.0;;;;;;Original OSM;156.0;-4.06;asphalt;secondary;Alexanderstraße;4;Kurs 6
Routenpunkt (Way);T;;49.875634;8.660254;50.0;;;;;;Interpoliert (15m);155.5;-3.9;asphalt;secondary;Alexanderstraße;4;Kurs 6
Routenpunkt (Way);T;Alexanderstraße;49.875595;8.660168;50.0;;;;;;Interpoliert;155.4;-2.94;asphalt;secondary;Alexanderstraße;4;Kurs 6
Routenpunkt (Way);T;Alexanderstraße;49.875538;8.660047;50.0;;;;;;Original OSM;155.2;-2.57;asphalt;secondary;Alexanderstraße;4;Kurs 6
Routenpunkt (Way);T;;49.875472;8.659896;50.0;;;;;;Interpoliert (15m);155.0;-1.58;asphalt;secondary;Alexanderstraße;4;Kurs 6
Routenpunkt (Way);T;Alexanderstraße;49.875406;8.659744;50.0;;;;;;Original OSM;154.8;-1.66;asphalt;secondary;Alexanderstraße;4;Kurs 6
Routenpunkt (Way);T;;49.875355;8.659598;50.0;;;;;;Interpoliert (15m);154.6;-1.62;asphalt;secondary;Alexanderstraße;4;Kurs 6
Routenpunkt (Way);T;;49.875305;8.659452;50.0;;;;;;Interpoliert (15m);154.4;-1.81;asphalt;secondary;Alexanderstraße;4;Kurs 6
Routenpunkt (Way);T;Alexanderstraße;49.875255;8.659305;50.0;;;;;;Original OSM;154.2;-1.5;asphalt;secondary;Alexanderstraße;4;Kurs 6
Routenpunkt (Way);T;;49.87523;8.659199;50.0;;;;;;Interpoliert (15m);154.0;-1.31;asphalt;secondary;Alexanderstraße;4;Kurs 6
Routenpunkt (Way);T;Alexanderstraße;49.875206;8.659092;50.0;;;;;;Original OSM;154.0;-1.42;asphalt;secondary;Alexanderstraße;4;Kurs 6
Routenpunkt (Way);T;Alexanderstraße;49.875164;8.658913;50.0;;;;;;Interpoliert;153.9;-1.6;asphalt;secondary;Alexanderstraße;4;Kurs 6
Routenpunkt (Way);T;Alexanderstraße;49.875122;8.658734;50.0;;;;;;Original OSM;153.6;-1.6;asphalt;secondary;Alexanderstraße;4;Kurs 6
Routenpunkt (Way);T;Alexanderstraße;49.875089;8.658583;50.0;;;;;;Original OSM;153.3;-2.29;asphalt;secondary;Alexanderstraße;4;Kurs 6
Routenpunkt (Way);T;Alexanderstraße;49.87505;8.658425;50.0;;;;;;Original OSM;153.0;-2.82;asphalt;secondary;Alexanderstraße;4;Kurs 6
Routenpunkt (Way);T;;49.875023;8.65831;50.0;;;;;;Interpoliert (15m);152.7;-3.25;asphalt;secondary;Alexanderstraße;4;Kurs 6
Routenpunkt (Way);T;Alexanderstraße;49.874996;8.658194;50.0;;;;;;Original OSM;152.4;-3.59;asphalt;secondary;Alexanderstraße;4;Kurs 6
Routenpunkt (Way);T;;49.874968;8.658073;50.0;;;;;;Interpoliert (15m);152.0;-3.68;asphalt;secondary;Alexanderstraße;4;Kurs 6
Routenpunkt (Way);T;Alexanderstraße;49.87494;8.657952;50.0;;;;;;Interpoliert;151.6;-3.72;asphalt;secondary;Alexanderstraße;4;Kurs 6
Routenpunkt (Way);T;Alexanderstraße;49.874897;8.65777;50.0;;;;;;Interpoliert;151.2;-3.58;asphalt;secondary;Alexanderstraße;4;Kurs 6
Routenpunkt (Way);T;;49.874863;8.657626;50.0;;;;;;Interpoliert (15m);150.8;-2.9;asphalt;secondary;Alexanderstraße;4;Kurs 6
Routenpunkt (Way);T;;49.874829;8.657482;50.0;;;;;;Interpoliert (15m);150.5;-2.21;asphalt;secondary;Alexanderstraße;4;Kurs 6
Routenpunkt (Way);T;Alexanderstraße;49.874795;8.657337;50.0;;;;;;Original OSM;150.4;-1.82;asphalt;secondary;Alexanderstraße;4;Kurs 6
Routenpunkt (Way);T;;49.874762;8.657195;50.0;;;;;;Interpoliert (15m);150.3;-1.3;asphalt;secondary;Alexanderstraße;4;Kurs 6
Routenpunkt (Way);T;Alexanderstraße;49.874729;8.657054;50.0;;;;;;Interpoliert;150.2;-0.97;asphalt;secondary;Alexanderstraße;4;Kurs 6
Routenpunkt (Way);T;;49.874701;8.656927;50.0;;;;;;Interpoliert (15m);150.1;-0.79;asphalt;secondary;Alexanderstraße;4;Kurs 6
Routenpunkt (Way);T;Alexanderstraße;49.874673;8.656799;50.0;;;;;;Original OSM;150.0;-0.6;asphalt;secondary;Alexanderstraße;4;Kurs 6
Routenpunkt (Way);T;;49.87465;8.656654;50.0;;;;;;Interpoliert (15m);150.0;-0.42;asphalt;secondary;Alexanderstraße;4;Kurs 6
Routenpunkt (Way);T;Alexanderstraße;49.874627;8.656509;50.0;;;;;;Interpoliert;150.0;-0.21;asphalt;secondary;Alexanderstraße;4;Kurs 6
Routenpunkt (Way);T;Alexanderstraße;49.874603;8.656333;50.0;;;;;;Interpoliert;150.0;0.0;asphalt;secondary;Alexanderstraße;4;Kurs 6
Routenpunkt (Way);A;Ampel;49.874586;8.656209;50.0;;;;;;Interpoliert (15m);150.0;0.0;asphalt;secondary;Alexanderstraße;4;Kurs 6
Routenpunkt (Way);T;Alexanderstraße;49.874569;8.656085;50.0;;;;;;Original OSM;150.0;-0.44;asphalt;secondary;Alexanderstraße;4;Kurs 6
Routenpunkt (Way);T;;49.874543;8.655964;50.0;;;;;;Interpoliert (15m);150.0;-0.77;asphalt;secondary;Alexanderstraße;4;Kurs 6
Routenpunkt (Way);T;Unbekannt;49.874518;8.655843;50.0;;;;;;Interpoliert;149.8;-1.1;asphalt;busway;;4;Kurs 6
Routenpunkt (Way);T;;49.874415;8.655901;50.0;;;;;;Interpoliert (15m);149.6;-1.44;asphalt;busway;;4;Kurs 6
Routenpunkt (Way);T;Unbekannt;49.874313;8.655958;50.0;;;;;;Original OSM;149.4;-1.78;paving_stones;busway;;4;Kurs 6
Routenpunkt (Way);T;;49.874212;8.656003;50.0;;;;;;Interpoliert (15m);149.2;-1.71;paving_stones;busway;;4;Kurs 6
Routenpunkt (Way);T;Schlossgraben;49.874111;8.656048;50.0;;;;;;Interpoliert;149.0;-1.76;paving_stones;busway;Schlossgraben;4;Kurs 6
Routenpunkt (Way);T;Schlossgraben;49.874015;8.656081;50.0;;;;;;Interpoliert;148.8;-1.8;paving_stones;busway;Schlossgraben;4;Kurs 6
Routenpunkt (Way);T;;49.873921;8.656112;50.0;;;;;;Interpoliert (15m);148.6;-1.46;paving_stones;busway;Schlossgraben;4;Kurs 6
Routenpunkt (Way);T;;49.873827;8.656144;50.0;;;;;;Interpoliert (15m);148.4;-1.11;paving_stones;busway;Schlossgraben;4;Kurs 6
Routenpunkt (Way);T;Schlossgraben;49.873734;8.656175;50.0;;;;;;Original OSM;148.4;-0.46;paving_stones;busway;Schlossgraben;4;Kurs 6
Routenpunkt (Way);T;;49.87361;8.656215;50.0;;;;;;Interpoliert (15m);148.4;0.3;paving_stones;busway;Schlossgraben;4;Kurs 6
Routenpunkt (Way);T;Schlossgraben;49.873486;8.656255;50.0;;;;;;Interpoliert;148.6;1.51;paving_stones;busway;Schlossgraben;4;Kurs 6
Routenpunkt (Way);T;Schlossgraben;49.873397;8.656284;50.0;;;;;;Original OSM;148.8;2.34;paving_stones;busway;Schlossgraben;4;Kurs 6
Routenpunkt (Way);T;;49.873293;8.656237;50.0;;;;;;Interpoliert (15m);149.3;3.17;paving_stones;busway;Schlossgraben;4;Kurs 6
Routenpunkt (Way);T;;49.873189;8.656191;50.0;;;;;;Interpoliert (15m);149.8;3.6;sett;busway;Schlossgraben;4;Kurs 6
Routenpunkt (Way);T;Schlossgraben;49.873085;8.656144;50.0;;;;;;Original OSM;150.3;3.92;sett;busway;Schlossgraben;4;Kurs 6
Routenpunkt (Way);T;;49.873042;8.65596;30.0;;;;;;Interpoliert (15m);150.8;3.79;sett;unclassified;Marktplatz;4;Kurs 6
Routenpunkt (Way);T;;49.872998;8.655775;30.0;;;;;;Interpoliert (15m);151.3;3.45;sett;unclassified;Marktplatz;4;Kurs 6
Routenpunkt (Way);T;Schloss;49.872955;8.655591;30.0;;;;;;Original OSM;151.8;2.78;sett;unclassified;Marktplatz;4;Kurs 6
Routenpunkt (Way);T;;49.872907;8.655436;30.0;;;;;;Interpoliert (15m);152.1;2.07;sett;unclassified;Marktplatz;4;Kurs 6
Routenpunkt (Way);T;Marktplatz;49.87286;8.655281;30.0;;;;;;Original OSM;152.2;1.36;paving_stones;unclassified;Marktplatz;4;Kurs 6
Haltestelle;W;Darmstadt Schloss;49.87286;8.655281;30.0;09:20:00;09:20:00;Kein Umlauf;Mo,Di,Mi,Do,Fr;446.0;Original GTFS (Snap-Distanz 3m) | Auf Route gesnappt (3m);152.3;0.37;paving_stones;unclassified;Marktplatz;4;Kurs 6
Routenpunkt (Way);T;Marktplatz;49.87286;8.655281;30.0;;;;;;Original OSM;152.4;-0.4;paving_stones;unclassified;Marktplatz;4;Kurs 6
Routenpunkt (Way);T;Marktplatz;49.872838;8.655085;30.0;;;;;;Interpoliert;152.2;-1.53;paving_stones;unclassified;Marktplatz;4;Kurs 6
Routenpunkt (Way);T;Marktplatz;49.872817;8.65489;30.0;;;;;;Original OSM;152.0;-2.59;paving_stones;unclassified;Marktplatz;4;Kurs 6
Routenpunkt (Way);T;Marktplatz;49.8728;8.65472;30.0;;;;;;Interpoliert;151.4;-3.65;paving_stones;unclassified;Marktplatz;4;Kurs 6
Routenpunkt (Way);T;;49.872796;8.654562;30.0;;;;;;Interpoliert (15m);150.8;-4.45;paving_stones;unclassified;Marktplatz;4;Kurs 6
Routenpunkt (Way);T;Marktplatz;49.872792;8.654403;30.0;;;;;;Original OSM;150.2;-5.24;asphalt;unclassified;Rheinstraße;4;Kurs 6
Routenpunkt (Way);T;;49.872845;8.654271;30.0;;;;;;Interpoliert (15m);149.6;-4.92;asphalt;unclassified;Rheinstraße;4;Kurs 6
Routenpunkt (Way);T;Rheinstraße;49.872898;8.654139;30.0;;;;;;Interpoliert;149.0;-4.7;asphalt;unclassified;Rheinstraße;4;Kurs 6
Routenpunkt (Way);T;Rheinstraße;49.872965;8.654003;30.0;;;;;;Interpoliert;148.6;-4.47;asphalt;unclassified;Rheinstraße;4;Kurs 6
Routenpunkt (Way);T;;49.873015;8.653854;30.0;;;;;;Interpoliert (15m);148.1;-4.23;asphalt;unclassified;Rheinstraße;4;Kurs 6
Routenpunkt (Way);T;;49.873064;8.653706;30.0;;;;;;Interpoliert (15m);147.6;-3.99;asphalt;unclassified;Rheinstraße;4;Kurs 6
Routenpunkt (Way);T;Rheinstraße;49.873114;8.653557;30.0;;;;;;Original OSM;147.1;-3.68;asphalt;unclassified;Rheinstraße;4;Kurs 6
Routenpunkt (Way);T;;49.873106;8.653391;30.0;;;;;;Interpoliert (15m);146.6;-3.18;asphalt;unclassified;Rheinstraße;4;Kurs 6
Routenpunkt (Way);T;;49.873097;8.653226;30.0;;;;;;Interpoliert (15m);146.4;-2.64;asphalt;unclassified;Rheinstraße;4;Kurs 6
Routenpunkt (Way);T;Rheinstraße;49.873089;8.653061;30.0;;;;;;Interpoliert;146.2;-2.09;asphalt;unclassified;Rheinstraße;4;Kurs 6
Routenpunkt (Way);T;Rheinstraße;49.873063;8.652872;30.0;;;;;;Interpoliert;146.0;-1.54;asphalt;unclassified;Rheinstraße;4;Kurs 6
Routenpunkt (Way);T;Rheinstraße;49.873037;8.652684;30.0;;;;;;Interpoliert;145.8;-1.64;asphalt;unclassified;Rheinstraße;4;Kurs 6
Routenpunkt (Way);T;Rheinstraße;49.873011;8.652495;30.0;;;;;;Interpoliert;145.6;-1.62;asphalt;unclassified;Rheinstraße;4;Kurs 6
Routenpunkt (Way);T;Rheinstraße;49.872985;8.652306;30.0;;;;;;Interpoliert;145.3;-1.65;asphalt;unclassified;Rheinstraße;4;Kurs 6
Routenpunkt (Way);T;;49.872977;8.65213;30.0;;;;;;Interpoliert (15m);145.1;-1.67;asphalt;unclassified;Rheinstraße;4;Kurs 6
Routenpunkt (Way);T;;49.872969;8.651954;30.0;;;;;;Interpoliert (15m);144.9;-1.67;paving_stones;unclassified;Luisenplatz;4;Kurs 6
Routenpunkt (Way);T;Luisenplatz;49.87296;8.651778;30.0;;;;;;Original OSM;144.7;-1.38;paving_stones;unclassified;Luisenplatz;4;Kurs 6
Routenpunkt (Way);T;;49.872875;8.651636;30.0;;;;;;Interpoliert (15m);144.5;-1.06;paving_stones;unclassified;Luisenplatz;4;Kurs 6
Routenpunkt (Way);T;;49.872789;8.651494;30.0;;;;;;Interpoliert (15m);144.4;-0.75;paving_stones;unclassified;Luisenplatz;4;Kurs 6
Haltestelle;W;Darmstadt Luisenplatz;49.872704;8.651351;30.0;09:22:00;09:22:00;Kein Umlauf;Mo,Di,Mi,Do,Fr;446.0;Original GTFS (Snap-Distanz 21m) | Auf Route gesnappt (21m);144.4;-0.43;paving_stones;unclassified;Luisenplatz;4;Kurs 6
Routenpunkt (Way);T;Luisenplatz;49.872685;8.651314;30.0;;;;;;Original OSM;144.4;-0.14;paving_stones;unclassified;Luisenplatz;4;Kurs 6
Routenpunkt (Way);T;;49.87269;8.651114;30.0;;;;;;Interpoliert (15m);144.4;0.19;paving_stones;unclassified;Luisenplatz;4;Kurs 6
Routenpunkt (Way);T;Luisenplatz;49.872695;8.650914;30.0;;;;;;Original OSM;144.4;0.03;paving_stones;unclassified;Luisenplatz;4;Kurs 6
Routenpunkt (Way);T;Luisenplatz;49.872713;8.650768;30.0;;;;;;Interpoliert;144.5;-0.14;paving_stones;unclassified;Luisenplatz;4;Kurs 6
Routenpunkt (Way);T;Luisenplatz;49.872733;8.650595;30.0;;;;;;Original OSM;144.4;-0.31;paving_stones;unclassified;Luisenplatz;4;Kurs 6
Routenpunkt (Way);T;;49.872736;8.650429;30.0;;;;;;Interpoliert (15m);144.3;-0.5;paving_stones;unclassified;Luisenplatz;4;Kurs 6
Routenpunkt (Way);T;Luisenplatz;49.872739;8.650264;30.0;;;;;;Original OSM;144.2;-0.89;asphalt;unclassified;Luisenplatz;4;Kurs 6
Routenpunkt (Way);T;;49.872722;8.650125;30.0;;;;;;Interpoliert (15m);144.1;-1.03;asphalt;busway;Rheinstraße;4;Kurs 6
Routenpunkt (Way);T;Rheinstraße;49.872705;8.649986;30.0;;;;;;Interpoliert;144.0;-1.15;asphalt;busway;Rheinstraße;4;Kurs 6
Routenpunkt (Way);T;Rheinstraße;49.872679;8.649801;30.0;;;;;;Interpoliert;143.8;-1.28;asphalt;busway;Rheinstraße;4;Kurs 6
Routenpunkt (Way);T;Rheinstraße;49.872654;8.649616;30.0;;;;;;Interpoliert;143.6;-1.38;asphalt;busway;Rheinstraße;4;Kurs 6
Routenpunkt (Way);T;Rheinstraße;49.872628;8.649431;30.0;;;;;;Interpoliert;143.4;-1.62;asphalt;busway;Rheinstraße;4;Kurs 6
Routenpunkt (Way);T;Rheinstraße;49.872603;8.649246;30.0;;;;;;Interpoliert;143.2;-1.47;asphalt;busway;Rheinstraße;4;Kurs 6
Routenpunkt (Way);A;Rheinstraße (Ampel);49.872577;8.64906;30.0;;;;;;Original OSM;142.9;-1.32;asphalt;residential;Grafenstraße;4;Kurs 6
Routenpunkt (Way);T;Rheinstraße;49.87255;8.648869;30.0;;;;;;Interpoliert;142.8;-1.16;asphalt;residential;Grafenstraße;4;Kurs 6
Routenpunkt (Way);T;Rheinstraße;49.872522;8.648677;30.0;;;;;;Interpoliert;142.7;-1.01;asphalt;residential;;4;Kurs 6
Routenpunkt (Way);T;Rheinstraße;49.872495;8.648485;30.0;;;;;;Interpoliert;142.6;-0.57;asphalt;busway;Rheinstraße;4;Kurs 6
Routenpunkt (Way);T;Rheinstraße;49.872467;8.648294;30.0;;;;;;Interpoliert;142.5;-0.43;asphalt;busway;Rheinstraße;4;Kurs 6
Routenpunkt (Way);T;Rheinstraße;49.87244;8.648102;30.0;;;;;;Interpoliert;142.5;-0.28;asphalt;busway;Rheinstraße;4;Kurs 6
Routenpunkt (Way);T;Rheinstraße;49.872412;8.64791;30.0;;;;;;Interpoliert;142.5;-0.14;asphalt;busway;Rheinstraße;4;Kurs 6
Routenpunkt (Way);T;Rheinstraße;49.872384;8.647719;30.0;;;;;;Interpoliert;142.5;-0.57;asphalt;busway;Rheinstraße;4;Kurs 6
Routenpunkt (Way);T;Rheinstraße;49.872357;8.647527;30.0;;;;;;Interpoliert;142.5;-0.99;asphalt;busway;Rheinstraße;4;Kurs 6
Routenpunkt (Way);T;Rheinstraße;49.872329;8.647335;30.0;;;;;;Interpoliert;142.1;-1.42;asphalt;busway;Rheinstraße;4;Kurs 6
Routenpunkt (Way);T;Rheinstraße;49.872302;8.647144;30.0;;;;;;Interpoliert;141.8;-1.85;asphalt;busway;Rheinstraße;4;Kurs 6
Routenpunkt (Way);T;Rheinstraße;49.872274;8.646952;30.0;;;;;;Interpoliert;141.5;-2.29;asphalt;busway;Rheinstraße;4;Kurs 6
Routenpunkt (Way);T;Rheinstraße;49.872247;8.64676;30.0;;;;;;Original OSM;141.2;-1.87;asphalt;busway;Rheinstraße;4;Kurs 6
Routenpunkt (Way);T;Rheinstraße;49.87222;8.646576;30.0;;;;;;Interpoliert;140.9;-1.74;asphalt;busway;Rheinstraße;4;Kurs 6
Routenpunkt (Way);T;Rheinstraße;49.872193;8.646391;30.0;;;;;;Interpoliert;140.8;-1.61;asphalt;busway;Rheinstraße;4;Kurs 6
Routenpunkt (Way);T;Rheinstraße;49.872166;8.646207;30.0;;;;;;Interpoliert;140.6;-1.47;asphalt;busway;Rheinstraße;4;Kurs 6
Routenpunkt (Way);T;Rheinstraße;49.872138;8.646022;30.0;;;;;;Interpoliert;140.4;-1.47;asphalt;busway;Rheinstraße;4;Kurs 6
Routenpunkt (Way);T;Rheinstraße;49.872111;8.645837;30.0;;;;;;Interpoliert;140.2;-1.18;asphalt;busway;Rheinstraße;4;Kurs 6
Routenpunkt (Way);T;Rheinstraße;49.872084;8.645653;30.0;;;;;;Interpoliert;139.9;-0.74;asphalt;busway;Rheinstraße;4;Kurs 6
Routenpunkt (Way);T;Rheinstraße;49.872057;8.645468;30.0;;;;;;Interpoliert;140.0;-0.29;asphalt;busway;Rheinstraße;4;Kurs 6
Routenpunkt (Way);T;Rheinstraße;49.87203;8.645283;30.0;;;;;;Interpoliert;140.1;0.15;asphalt;busway;Rheinstraße;4;Kurs 6
Routenpunkt (Way);T;Rheinstraße;49.872003;8.645099;30.0;;;;;;Interpoliert;140.2;0.75;asphalt;busway;Rheinstraße;4;Kurs 6
Routenpunkt (Way);T;;49.871976;8.64492;30.0;;;;;;Interpoliert (15m);140.3;0.42;asphalt;busway;Rheinstraße;4;Kurs 6
Routenpunkt (Way);T;Rheinstraße;49.871949;8.644741;30.0;;;;;;Original OSM;140.4;0.13;asphalt;busway;Rheinstraße;4;Kurs 6
Haltestelle;W;Darmstadt Rhein-/Neckarstraße;49.871925;8.644589;30.0;;;Kein Umlauf;Mo,Di,Mi,Do,Fr;446.0;Original GTFS (Snap-Distanz 43m) | Auf Route gesnappt (43m);140.3;-0.17;asphalt;busway;Rheinstraße;4;Kurs 6
Routenpunkt (Way);T;Rheinstraße;49.871897;8.644404;30.0;;;;;;Original OSM;140.2;-0.48;asphalt;busway;Rheinstraße;4;Kurs 6
Routenpunkt (Way);T;;49.871863;8.644226;30.0;;;;;;Interpoliert (15m);140.1;-0.78;asphalt;busway;Rheinstraße;4;Kurs 6
Routenpunkt (Way);T;;49.87183;8.644049;30.0;;;;;;Interpoliert (15m);140.0;-0.76;asphalt;busway;Rheinstraße;4;Kurs 6
Routenpunkt (Way);T;Rheinstraße;49.871796;8.643871;30.0;;;;;;Original OSM;139.9;-0.77;asphalt;busway;Rheinstraße;4;Kurs 6
Routenpunkt (Way);T;;49.871771;8.643701;30.0;;;;;;Interpoliert (15m);139.8;-0.78;asphalt;busway;Rheinstraße;4;Kurs 6
Routenpunkt (Way);T;;49.871746;8.643531;30.0;;;;;;Interpoliert (15m);139.7;-0.95;asphalt;busway;Rheinstraße;4;Kurs 6
Routenpunkt (Way);T;;49.871721;8.643361;30.0;;;;;;Interpoliert (15m);139.6;-1.08;asphalt;busway;Rheinstraße;4;Kurs 6
Routenpunkt (Way);T;Rhein-/Neckarstraße;49.871696;8.64319;30.0;;;;;;Interpoliert;139.4;-1.2;asphalt;busway;Rheinstraße;4;Kurs 6
Routenpunkt (Way);T;;49.871683;8.642993;30.0;;;;;;Interpoliert (15m);139.2;-1.33;asphalt;busway;Rheinstraße;4;Kurs 6
Routenpunkt (Way);T;Rheinstraße;49.871671;8.642795;30.0;;;;;;Interpoliert;139.0;-1.46;asphalt;busway;Rheinstraße;4;Kurs 6
Routenpunkt (Way);T;Rheinstraße;49.871645;8.642607;30.0;;;;;;Interpoliert;138.8;-1.29;asphalt;busway;Rheinstraße;4;Kurs 6
Routenpunkt (Way);T;Rheinstraße;49.871619;8.64242;30.0;;;;;;Interpoliert;138.6;-1.01;asphalt;busway;Rheinstraße;4;Kurs 6
Routenpunkt (Way);T;Rheinstraße;49.871594;8.642232;30.0;;;;;;Interpoliert;138.5;-0.73;asphalt;busway;Rheinstraße;4;Kurs 6
Routenpunkt (Way);T;Rheinstraße;49.871568;8.642045;30.0;;;;;;Interpoliert;138.5;-0.44;asphalt;busway;Rheinstraße;4;Kurs 6
Routenpunkt (Way);T;;49.871546;8.641887;30.0;;;;;;Interpoliert (15m);138.5;-0.31;asphalt;busway;Rheinstraße;4;Kurs 6
Routenpunkt (Way);T;Rheinstraße;49.871524;8.641729;30.0;;;;;;Original OSM;138.5;-0.17;asphalt;busway;Rheinstraße;4;Kurs 6
Routenpunkt (Way);T;;49.871501;8.641564;30.0;;;;;;Interpoliert (15m);138.4;-0.17;asphalt;busway;Rheinstraße;4;Kurs 6
Routenpunkt (Way);T;Rheinstraße;49.871478;8.641399;30.0;;;;;;Original OSM;138.4;-0.17;asphalt;busway;Rheinstraße;4;Kurs 6
Routenpunkt (Way);T;Rheinstraße;49.871452;8.641207;30.0;;;;;;Interpoliert;138.4;-0.17;asphalt;busway;Rheinstraße;4;Kurs 6
Routenpunkt (Way);T;Rheinstraße;49.871425;8.641015;30.0;;;;;;Interpoliert;138.4;-0.28;asphalt;busway;Rheinstraße;4;Kurs 6
Routenpunkt (Way);T;Rheinstraße;49.871399;8.640824;30.0;;;;;;Interpoliert;138.4;-0.71;asphalt;busway;Rheinstraße;4;Kurs 6
Routenpunkt (Way);T;Rheinstraße;49.871372;8.640632;30.0;;;;;;Interpoliert;138.2;-1.14;asphalt;busway;Rheinstraße;4;Kurs 6
Routenpunkt (Way);T;Rheinstraße;49.871346;8.64044;30.0;;;;;;Interpoliert;137.9;-1.56;asphalt;busway;Rheinstraße;4;Kurs 6
Routenpunkt (Way);T;Rheinstraße;49.87132;8.640248;30.0;;;;;;Interpoliert;137.6;-1.85;asphalt;busway;Rheinstraße;4;Kurs 6
Routenpunkt (Way);T;Rheinstraße;49.871293;8.640056;30.0;;;;;;Interpoliert;137.3;-1.71;asphalt;busway;Rheinstraße;4;Kurs 6
Routenpunkt (Way);T;Rheinstraße;49.871267;8.639864;30.0;;;;;;Interpoliert;137.1;-1.42;asphalt;busway;Rheinstraße;4;Kurs 6
Routenpunkt (Way);T;Rheinstraße;49.87124;8.639672;30.0;;;;;;Original OSM;137.0;-1.13;asphalt;busway;Rheinstraße;4;Kurs 6
Routenpunkt (Way);T;Rheinstraße;49.871213;8.639477;30.0;;;;;;Interpoliert;136.9;-0.85;asphalt;busway;Rheinstraße;4;Kurs 6
Routenpunkt (Way);T;Rheinstraße;49.871186;8.639282;30.0;;;;;;Interpoliert;136.8;-0.7;asphalt;busway;;4;Kurs 6
Routenpunkt (Way);T;Rheinstraße;49.87116;8.639087;30.0;;;;;;Interpoliert;136.7;-0.42;asphalt;busway;;4;Kurs 6
Routenpunkt (Way);T;Rheinstraße;49.871133;8.638892;30.0;;;;;;Interpoliert;136.6;-0.14;asphalt;busway;;4;Kurs 6
Routenpunkt (Way);T;Rheinstraße;49.871106;8.638697;30.0;;;;;;Interpoliert;136.7;0.14;asphalt;busway;;4;Kurs 6
Routenpunkt (Way);T;Rheinstraße;49.871079;8.638502;30.0;;;;;;Interpoliert;136.8;0.14;asphalt;busway;;4;Kurs 6
Routenpunkt (Way);T;Rheinstraße;49.871052;8.638307;30.0;;;;;;Interpoliert;136.9;0.0;asphalt;busway;Rheinstraße;4;Kurs 6
Routenpunkt (Way);T;Rheinstraße;49.871025;8.638112;30.0;;;;;;Interpoliert;136.8;-0.42;asphalt;busway;Rheinstraße;4;Kurs 6
Routenpunkt (Way);T;Rheinstraße;49.870998;8.637917;30.0;;;;;;Interpoliert;136.6;-0.84;asphalt;busway;Rheinstraße;4;Kurs 6
Routenpunkt (Way);T;Rheinstraße;49.870972;8.637722;30.0;;;;;;Interpoliert;136.4;-0.98;asphalt;busway;Rheinstraße;4;Kurs 6
Routenpunkt (Way);T;Rheinstraße;49.870945;8.637526;30.0;;;;;;Interpoliert;136.2;-0.84;asphalt;busway;Rheinstraße;4;Kurs 6
Routenpunkt (Way);T;Rheinstraße;49.870918;8.637331;30.0;;;;;;Interpoliert;136.2;-0.56;asphalt;busway;Rheinstraße;4;Kurs 6
Routenpunkt (Way);T;Rheinstraße;49.870891;8.637136;30.0;;;;;;Interpoliert;136.2;-0.28;asphalt;busway;Rheinstraße;4;Kurs 6
Routenpunkt (Way);T;Rheinstraße;49.870864;8.636941;30.0;;;;;;Interpoliert;136.2;0.0;asphalt;busway;Rheinstraße;4;Kurs 6
Routenpunkt (Way);T;Rheinstraße;49.870837;8.636746;30.0;;;;;;Interpoliert;136.2;0.0;asphalt;busway;Rheinstraße;4;Kurs 6
Routenpunkt (Way);T;;49.870806;8.636632;30.0;;;;;;Interpoliert (15m);136.2;0.0;asphalt;busway;Rheinstraße;4;Kurs 6
Routenpunkt (Way);T;Rheinstraße;49.870774;8.636517;30.0;;;;;;Original OSM;136.2;0.0;asphalt;busway;Rheinstraße;4;Kurs 6
Routenpunkt (Way);T;;49.870757;8.636381;30.0;;;;;;Interpoliert (15m);136.2;0.0;asphalt;busway;Rheinstraße;4;Kurs 6
Routenpunkt (Way);T;Rheinstraße;49.87074;8.636245;30.0;;;;;;Original OSM;136.2;0.0;asphalt;busway;Rheinstraße;4;Kurs 6
Routenpunkt (Way);T;;49.870712;8.636042;30.0;;;;;;Interpoliert (15m);136.2;-0.37;asphalt;busway;Rheinstraße;4;Kurs 6
Routenpunkt (Way);T;Berliner Allee;49.870684;8.635838;30.0;;;;;;Interpoliert;136.2;-0.82;asphalt;busway;Rheinstraße;4;Kurs 6
Haltestelle;W;Darmstadt Berliner Allee;49.870692;8.63569;30.0;;;Kein Umlauf;Mo,Di,Mi,Do,Fr;446.0;Original GTFS (Snap-Distanz 8m) | Auf Route gesnappt (8m);136.0;-1.26;asphalt;busway;Rheinstraße;4;Kurs 6
Routenpunkt (Way);T;Berliner Allee;49.870647;8.635585;30.0;;;;;;Original OSM;135.8;-1.71;asphalt;busway;Rheinstraße;4;Kurs 6
Routenpunkt (Way);T;;49.870645;8.63546;30.0;;;;;;Interpoliert (15m);135.6;-1.98;asphalt;busway;Rheinstraße;4;Kurs 6
Routenpunkt (Way);T;Rheinstraße;49.870643;8.635334;30.0;;;;;;Interpoliert;135.4;-1.61;asphalt;busway;Rheinstraße;4;Kurs 6
Routenpunkt (Way);T;Rheinstraße;49.870615;8.635134;30.0;;;;;;Interpoliert;135.2;-0.89;asphalt;busway;Rheinstraße;4;Kurs 6
Routenpunkt (Way);T;Rheinstraße;49.870588;8.634934;30.0;;;;;;Interpoliert;135.2;-0.17;asphalt;busway;Rheinstraße;4;Kurs 6
Routenpunkt (Way);T;Rheinstraße;49.87056;8.634733;30.0;;;;;;Interpoliert;135.4;0.55;asphalt;busway;Rheinstraße;4;Kurs 6
Routenpunkt (Way);T;Rheinstraße;49.870533;8.634533;30.0;;;;;;Interpoliert;135.6;1.09;asphalt;busway;Rheinstraße;4;Kurs 6
Routenpunkt (Way);T;Rheinstraße;49.870505;8.634333;30.0;;;;;;Interpoliert;135.8;1.09;asphalt;busway;Rheinstraße;4;Kurs 6
Routenpunkt (Way);T;Rheinstraße;49.870477;8.634133;30.0;;;;;;Interpoliert;136.0;0.82;asphalt;busway;Rheinstraße;4;Kurs 6
Routenpunkt (Way);T;Rheinstraße;49.87045;8.633933;30.0;;;;;;Original OSM;136.0;0.55;asphalt;busway;Rheinstraße;4;Kurs 6
Routenpunkt (Way);T;Rheinstraße;49.870425;8.633749;30.0;;;;;;Interpoliert;136.0;0.27;asphalt;busway;Rheinstraße;4;Kurs 6
Routenpunkt (Way);T;Rheinstraße;49.870399;8.633564;30.0;;;;;;Interpoliert;136.0;0.0;asphalt;busway;Rheinstraße;4;Kurs 6
Routenpunkt (Way);T;;49.870399;8.633418;30.0;;;;;;Interpoliert (15m);136.0;-0.38;asphalt;busway;Rheinstraße;4;Kurs 6
Routenpunkt (Way);T;;49.870399;8.633272;30.0;;;;;;Interpoliert (15m);136.0;-1.15;asphalt;busway;Am Hauptbahnhof;4;Kurs 6
Routenpunkt (Way);T;Rheinstraße;49.870399;8.633126;30.0;;;;;;Original OSM;135.8;-1.91;asphalt;busway;Am Hauptbahnhof;4;Kurs 6
Routenpunkt (Way);T;;49.87048;8.632994;30.0;;;;;;Interpoliert (15m);135.3;-2.64;asphalt;busway;Am Hauptbahnhof;4;Kurs 6
Routenpunkt (Way);T;Am Hauptbahnhof;49.870561;8.632861;30.0;;;;;;Interpoliert;134.8;-3.36;paving_stones;pedestrian;Am Hauptbahnhof;4;Kurs 6
Routenpunkt (Way);T;Am Hauptbahnhof;49.870668;8.632766;30.0;;;;;;Original OSM;134.3;-3.46;paving_stones;pedestrian;Am Hauptbahnhof;4;Kurs 6
Routenpunkt (Way);T;Am Hauptbahnhof;49.870777;8.632674;30.0;;;;;;Interpoliert;133.8;-3.18;paving_stones;pedestrian;Am Hauptbahnhof;4;Kurs 6
Routenpunkt (Way);T;Am Hauptbahnhof;49.870876;8.63259;30.0;;;;;;Interpoliert;133.5;-2.89;paving_stones;pedestrian;Am Hauptbahnhof;4;Kurs 6
Routenpunkt (Way);T;Am Hauptbahnhof;49.870975;8.632506;30.0;;;;;;Interpoliert;133.2;-2.59;paving_stones;pedestrian;Am Hauptbahnhof;4;Kurs 6
Routenpunkt (Way);T;Am Hauptbahnhof;49.871073;8.632422;30.0;;;;;;Interpoliert;132.9;-2.29;paving_stones;pedestrian;Am Hauptbahnhof;4;Kurs 6
Routenpunkt (Way);T;;49.871184;8.632328;30.0;;;;;;Interpoliert (15m);132.6;-1.81;paving_stones;pedestrian;Am Hauptbahnhof;4;Kurs 6
Routenpunkt (Way);T;Am Hauptbahnhof;49.871296;8.632234;30.0;;;;;;Original OSM;132.3;-0.79;paving_stones;pedestrian;Am Hauptbahnhof;4;Kurs 6
Routenpunkt (Way);T;;49.871384;8.632158;30.0;;;;;;Interpoliert (15m);132.3;0.26;paving_stones;pedestrian;Am Hauptbahnhof;4;Kurs 6
Routenpunkt (Way);T;Am Hauptbahnhof;49.871471;8.632083;30.0;;;;;;Interpoliert;132.6;0.87;paving_stones;pedestrian;Am Hauptbahnhof;4;Kurs 6
Routenpunkt (Way);T;Am Hauptbahnhof;49.871554;8.632013;30.0;;;;;;Original OSM;132.9;1.78;paving_stones;pedestrian;Am Hauptbahnhof;4;Kurs 6
Routenpunkt (Way);T;Am Hauptbahnhof;49.871638;8.631939;30.0;;;;;;Interpoliert;133.0;2.25;paving_stones;pedestrian;Am Hauptbahnhof;4;Kurs 6
Routenpunkt (Way);T;;49.871727;8.631831;30.0;;;;;;Interpoliert (15m);133.3;2.17;asphalt;pedestrian;Am Hauptbahnhof;4;Kurs 6
Routenpunkt (Way);T;Am Hauptbahnhof;49.871816;8.631723;30.0;;;;;;Original OSM;133.6;1.6;asphalt;pedestrian;Am Hauptbahnhof;4;Kurs 6
Routenpunkt (Way);T;;49.871931;8.631682;30.0;;;;;;Interpoliert (15m);133.9;1.41;paving_stones;pedestrian;Am Hauptbahnhof;4;Kurs 6
Haltestelle;W;Darmstadt Hauptbahnhof Ost;49.872047;8.631641;30.0;09:29:00;09:29:00;Kein Umlauf;Mo,Di,Mi,Do,Fr;446.0;Original GTFS (Snap-Distanz 37m) | Auf Route gesnappt (37m);133.9;0.93;paving_stones;pedestrian;Am Hauptbahnhof;4;Kurs 6
Routenpunkt (Way);T;Am Hauptbahnhof;49.871937;8.631698;30.0;;;;;;Original OSM;133.9;0.01;paving_stones;pedestrian;Am Hauptbahnhof;4;Kurs 6
Routenpunkt (Way);T;;49.87183;8.631782;30.0;;;;;;Interpoliert (15m);133.9;-1.01;asphalt;pedestrian;Am Hauptbahnhof;4;Kurs 6
Routenpunkt (Way);T;Am Hauptbahnhof;49.871722;8.631865;30.0;;;;;;Original OSM;133.6;-1.56;paving_stones;pedestrian;Am Hauptbahnhof;4;Kurs 6
Routenpunkt (Way);T;Am Hauptbahnhof;49.871638;8.631939;30.0;;;;;;Interpoliert;133.3;-1.76;paving_stones;pedestrian;Am Hauptbahnhof;4;Kurs 6
Routenpunkt (Way);T;Am Hauptbahnhof;49.871554;8.632013;30.0;;;;;;Original OSM;133.0;-2.29;paving_stones;pedestrian;Am Hauptbahnhof;4;Kurs 6
Routenpunkt (Way);T;Am Hauptbahnhof;49.871471;8.632083;30.0;;;;;;Interpoliert;132.9;-2.38;paving_stones;pedestrian;Am Hauptbahnhof;4;Kurs 6
Routenpunkt (Way);T;;49.871384;8.632158;30.0;;;;;;Interpoliert (15m);132.6;-1.82;paving_stones;pedestrian;Am Hauptbahnhof;4;Kurs 6
Routenpunkt (Way);T;Am Hauptbahnhof;49.871296;8.632234;30.0;;;;;;Original OSM;132.3;-0.84;paving_stones;pedestrian;Am Hauptbahnhof;4;Kurs 6
Routenpunkt (Way);T;;49.871184;8.632328;30.0;;;;;;Interpoliert (15m);132.3;-0.17;paving_stones;pedestrian;Am Hauptbahnhof;4;Kurs 6
Routenpunkt (Way);T;Am Hauptbahnhof;49.871073;8.632422;30.0;;;;;;Interpoliert;132.6;0.85;paving_stones;pedestrian;Am Hauptbahnhof;4;Kurs 6
Routenpunkt (Way);T;Am Hauptbahnhof;49.870975;8.632506;30.0;;;;;;Interpoliert;132.9;1.86;paving_stones;pedestrian;Am Hauptbahnhof;4;Kurs 6
Routenpunkt (Way);T;Am Hauptbahnhof;49.870876;8.63259;30.0;;;;;;Interpoliert;133.2;2.3;paving_stones;pedestrian;Am Hauptbahnhof;4;Kurs 6
Routenpunkt (Way);T;Am Hauptbahnhof;49.870777;8.632674;30.0;;;;;;Interpoliert;133.5;2.31;paving_stones;pedestrian;Am Hauptbahnhof;4;Kurs 6
Routenpunkt (Way);T;Am Hauptbahnhof;49.870668;8.632766;30.0;;;;;;Original OSM;133.8;2.27;paving_stones;pedestrian;Am Hauptbahnhof;4;Kurs 6
Routenpunkt (Way);T;Am Hauptbahnhof;49.870561;8.632861;30.0;;;;;;Interpoliert;134.1;2.08;paving_stones;pedestrian;Am Hauptbahnhof;4;Kurs 6
Routenpunkt (Way);T;;49.870452;8.632953;30.0;;;;;;Interpoliert (15m);134.4;1.97;asphalt;busway;Am Hauptbahnhof;4;Kurs 6
Routenpunkt (Way);T;Am Hauptbahnhof;49.870344;8.633045;50.0;;;;;;Original OSM;134.6;1.35;asphalt;primary;Berliner Allee;4;Kurs 6
Routenpunkt (Way);T;;49.870249;8.633066;50.0;;;;;;Interpoliert (15m);134.8;0.73;asphalt;primary;Berliner Allee;4;Kurs 6
Routenpunkt (Way);A;Ampel;49.870153;8.633087;50.0;;;;;;Interpoliert (15m);134.7;0.11;asphalt;primary;Berliner Allee;4;Kurs 6
Routenpunkt (Way);T;Berliner Allee;49.870057;8.633108;50.0;;;;;;Interpoliert;134.6;-0.33;asphalt;primary;Berliner Allee;4;Kurs 6
Routenpunkt (Way);T;Berliner Allee;49.869961;8.633145;50.0;;;;;;Interpoliert;134.5;-0.89;asphalt;primary;Berliner Allee;4;Kurs 6
Routenpunkt (Way);T;Berliner Allee;49.869843;8.633191;50.0;;;;;;Original OSM;134.4;-0.89;asphalt;primary;Berliner Allee;4;Kurs 6
Routenpunkt (Way);T;;49.86975;8.633227;50.0;;;;;;Interpoliert (15m);134.3;-1.08;asphalt;primary;Berliner Allee;4;Kurs 6
Routenpunkt (Way);T;;49.869657;8.633263;50.0;;;;;;Interpoliert (15m);134.2;-1.25;asphalt;primary;Berliner Allee;4;Kurs 6
Routenpunkt (Way);T;Berliner Allee;49.869564;8.633299;50.0;;;;;;Original OSM;134.0;-1.27;asphalt;primary;Berliner Allee;4;Kurs 6
Routenpunkt (Way);T;;49.869464;8.633338;50.0;;;;;;Interpoliert (15m);133.8;-1.22;asphalt;primary;Berliner Allee;4;Kurs 6
Routenpunkt (Way);T;Berliner Allee;49.869363;8.633376;50.0;;;;;;Interpoliert;133.7;-1.18;asphalt;primary;Berliner Allee;4;Kurs 6
Routenpunkt (Way);T;Berliner Allee;49.869238;8.633424;50.0;;;;;;Interpoliert;133.6;-0.94;asphalt;primary;Berliner Allee;4;Kurs 6
Routenpunkt (Way);T;Berliner Allee;49.869113;8.633472;50.0;;;;;;Interpoliert;133.5;-0.75;asphalt;primary;Berliner Allee;4;Kurs 6
Routenpunkt (Way);T;Berliner Allee;49.868988;8.63352;50.0;;;;;;Original OSM;133.4;-0.74;asphalt;primary;Berliner Allee;4;Kurs 6
Routenpunkt (Way);T;Berliner Allee;49.86888;8.633561;50.0;;;;;;Interpoliert;133.3;-0.28;asphalt;primary;Berliner Allee;4;Kurs 6
Routenpunkt (Way);T;Berliner Allee;49.868772;8.633602;50.0;;;;;;Interpoliert;133.2;0.18;asphalt;primary;Berliner Allee;4;Kurs 6
Routenpunkt (Way);T;Berliner Allee;49.868663;8.633644;50.0;;;;;;Interpoliert;133.4;0.92;asphalt;primary;Berliner Allee;4;Kurs 6
Routenpunkt (Way);T;Berliner Allee;49.868555;8.633685;50.0;;;;;;Original OSM;133.6;1.68;asphalt;primary;Berliner Allee;4;Kurs 6
Routenpunkt (Way);T;Berliner Allee;49.868467;8.633721;50.0;;;;;;Interpoliert;133.9;2.31;asphalt;primary;Berliner Allee;4;Kurs 6
Routenpunkt (Way);T;Berliner Allee;49.86838;8.633757;50.0;;;;;;Interpoliert;134.2;2.47;asphalt;primary;Berliner Allee;4;Kurs 6
Routenpunkt (Way);T;;49.868267;8.633746;50.0;;;;;;Interpoliert (15m);134.5;1.99;asphalt;primary;Berliner Allee;4;Kurs 6
Routenpunkt (Way);A;Ampel;49.868154;8.633735;50.0;;;;;;Interpoliert (15m);134.8;1.25;asphalt;primary;Haardtring;4;Kurs 6
Routenpunkt (Way);T;Berliner Allee;49.86804;8.633724;50.0;;;;;;Original OSM;134.7;0.51;asphalt;primary;Haardtring;4;Kurs 6
Routenpunkt (Way);T;;49.867937;8.63361;50.0;;;;;;Interpoliert (15m);134.6;0.32;asphalt;primary;Haardtring;4;Kurs 6
Routenpunkt (Way);T;;49.867834;8.633497;50.0;;;;;;Interpoliert (15m);134.5;-0.34;asphalt;primary;Haardtring;4;Kurs 6
Routenpunkt (Way);T;Haardtring;49.867731;8.633383;50.0;;;;;;Original OSM;134.7;-0.33;asphalt;primary;Haardtring;4;Kurs 6
Routenpunkt (Way);T;Haardtring;49.867666;8.63327;50.0;;;;;;Interpoliert;134.6;-0.86;asphalt;primary;Haardtring;4;Kurs 6
Routenpunkt (Way);T;Haardtring;49.867583;8.633119;50.0;;;;;;Original OSM;134.5;-1.39;asphalt;primary;Haardtring;4;Kurs 6
Routenpunkt (Way);T;;49.867533;8.633022;50.0;;;;;;Interpoliert (15m);134.2;-2.1;asphalt;primary;Haardtring;4;Kurs 6
Routenpunkt (Way);T;Haardtring;49.867484;8.632925;50.0;;;;;;Original OSM;133.9;-2.34;asphalt;primary;Haardtring;4;Kurs 6
Routenpunkt (Way);T;Haardtring;49.867405;8.632772;50.0;;;;;;Interpoliert;133.6;-2.06;asphalt;primary;Haardtring;4;Kurs 6
Routenpunkt (Way);T;Haardtring;49.867325;8.632618;50.0;;;;;;Interpoliert;133.3;-1.21;asphalt;primary;Haardtring;4;Kurs 6
Routenpunkt (Way);T;Haardtring;49.867246;8.632465;50.0;;;;;;Original OSM;133.4;-0.71;asphalt;primary;Haardtring;4;Kurs 6
Routenpunkt (Way);T;Haardtring;49.867182;8.632342;50.0;;;;;;Interpoliert;133.5;-0.84;asphalt;primary;Haardtring;4;Kurs 6
Routenpunkt (Way);T;Haardtring;49.867117;8.632219;50.0;;;;;;Original OSM;133.4;-0.97;asphalt;primary;Haardtring;4;Kurs 6
Routenpunkt (Way);T;Haardtring;49.867035;8.632064;50.0;;;;;;Interpoliert;133.0;-2.13;asphalt;primary;Haardtring;4;Kurs 6
Routenpunkt (Way);T;Haardtring;49.866953;8.631909;50.0;;;;;;Interpoliert;132.6;-2.98;asphalt;primary;Haardtring;4;Kurs 6
Routenpunkt (Way);T;;49.866887;8.631779;50.0;;;;;;Interpoliert (15m);132.0;-3.48;asphalt;primary;Haardtring;4;Kurs 6
Routenpunkt (Way);T;;49.866821;8.631649;50.0;;;;;;Interpoliert (15m);131.6;-3.26;asphalt;primary;Haardtring;4;Kurs 6
Routenpunkt (Way);A;Ampel;49.866756;8.631519;50.0;;;;;;Interpoliert (15m);131.2;-3.0;asphalt;primary;Haardtring;4;Kurs 6
Routenpunkt (Way);T;Haardtring;49.86669;8.631389;50.0;;;;;;Original OSM;131.0;-2.29;asphalt;primary;Haardtring;4;Kurs 6
Routenpunkt (Way);T;;49.86666;8.631208;50.0;;;;;;Interpoliert (15m);130.8;-1.91;asphalt;primary;Stirnweg;4;Kurs 6
Routenpunkt (Way);T;;49.86663;8.631028;50.0;;;;;;Interpoliert (15m);130.6;-1.24;asphalt;primary;Stirnweg;4;Kurs 6
Routenpunkt (Way);T;Stirnweg;49.8666;8.630847;50.0;;;;;;Interpoliert;130.4;-0.9;asphalt;primary;Stirnweg;4;Kurs 6
Routenpunkt (Way);T;Stirnweg;49.866579;8.630678;50.0;;;;;;Original OSM;130.4;-0.78;asphalt;primary;Stirnweg;4;Kurs 6
Routenpunkt (Way);T;Stirnweg;49.866565;8.630535;50.0;;;;;;Interpoliert;130.4;-0.3;asphalt;primary;Stirnweg;4;Kurs 6
Routenpunkt (Way);T;;49.866595;8.63039;50.0;;;;;;Interpoliert (15m);130.3;0.18;asphalt;primary;Stirnweg;4;Kurs 6
Routenpunkt (Way);T;;49.866625;8.630244;50.0;;;;;;Interpoliert (15m);130.4;0.34;asphalt;primary;Stirnweg;4;Kurs 6
Routenpunkt (Way);T;Stirnweg;49.866654;8.630098;50.0;;;;;;Original OSM;130.5;0.18;asphalt;primary;Stirnweg;4;Kurs 6
Routenpunkt (Way);T;;49.866755;8.630013;50.0;;;;;;Interpoliert (15m);130.6;0.21;asphalt;primary;Stirnweg;4;Kurs 6
Routenpunkt (Way);T;;49.866856;8.629928;50.0;;;;;;Interpoliert (15m);130.5;-0.14;asphalt;primary;Am Kavalleriesand;4;Kurs 6
Routenpunkt (Way);T;Am Kavalleriesand;49.866956;8.629843;50.0;;;;;;Interpoliert;130.4;-0.46;asphalt;primary;Am Kavalleriesand;4;Kurs 6
Routenpunkt (Way);T;Am Kavalleriesand;49.867064;8.629801;50.0;;;;;;Original OSM;130.3;-0.76;asphalt;primary;Am Kavalleriesand;4;Kurs 6
Routenpunkt (Way);T;Am Kavalleriesand;49.867185;8.629755;50.0;;;;;;Interpoliert;130.2;-0.77;asphalt;primary;Am Kavalleriesand;4;Kurs 6
Routenpunkt (Way);T;Am Kavalleriesand;49.867306;8.62971;50.0;;;;;;Original OSM;130.1;-0.61;asphalt;primary;Am Kavalleriesand;4;Kurs 6
Routenpunkt (Way);T;Am Kavalleriesand;49.867414;8.629673;50.0;;;;;;Original OSM;130.0;-0.45;asphalt;primary;Am Kavalleriesand;4;Kurs 6
Routenpunkt (Way);T;;49.8674;8.629564;50.0;;;;;;Interpoliert (15m);130.0;-0.31;asphalt;unclassified;Mina-Rees-Straße;4;Kurs 6
Routenpunkt (Way);T;Mina-Rees-Straße;49.867385;8.629454;30.0;;;;;;Original OSM;130.0;-0.16;asphalt;unclassified;Mina-Rees-Straße;4;Kurs 6
Routenpunkt (Way);T;;49.867369;8.62934;30.0;;;;;;Interpoliert (15m);130.0;0.0;asphalt;unclassified;Mina-Rees-Straße;4;Kurs 6
Routenpunkt (Way);T;Mina-Rees-Straße;49.867354;8.629225;30.0;;;;;;Interpoliert;130.0;0.0;asphalt;unclassified;Mina-Rees-Straße;4;Kurs 6
Routenpunkt (Way);T;;49.867335;8.629083;30.0;;;;;;Interpoliert (15m);130.0;0.0;asphalt;unclassified;Mina-Rees-Straße;4;Kurs 6
Routenpunkt (Way);T;;49.867315;8.628941;30.0;;;;;;Interpoliert (15m);130.0;0.0;asphalt;unclassified;Mina-Rees-Straße;4;Kurs 6
Routenpunkt (Way);T;Mina-Rees-Straße;49.867296;8.628799;30.0;;;;;;Original OSM;130.0;0.0;asphalt;unclassified;Mina-Rees-Straße;4;Kurs 6
Routenpunkt (Way);T;;49.86727;8.628605;30.0;;;;;;Interpoliert (15m);130.0;0.0;asphalt;unclassified;Mina-Rees-Straße;4;Kurs 6
Routenpunkt (Way);T;;49.867243;8.628411;30.0;;;;;;Interpoliert (15m);130.0;0.32;asphalt;unclassified;Mina-Rees-Straße;4;Kurs 6
Routenpunkt (Way);T;Mina-Rees-Straße;49.867217;8.628217;30.0;;;;;;Interpoliert;130.0;0.64;asphalt;unclassified;Mina-Rees-Straße;4;Kurs 6
Routenpunkt (Way);T;;49.867194;8.628047;30.0;;;;;;Interpoliert (15m);130.2;0.94;asphalt;unclassified;Mina-Rees-Straße;4;Kurs 6
Routenpunkt (Way);T;Mina-Rees-Straße;49.86717;8.627877;30.0;;;;;;Original OSM;130.4;1.24;asphalt;unclassified;Mina-Rees-Straße;4;Kurs 6
Routenpunkt (Way);T;;49.867145;8.627695;30.0;;;;;;Interpoliert (15m);130.6;1.54;asphalt;unclassified;Mina-Rees-Straße;4;Kurs 6
Routenpunkt (Way);T;Mina-Rees-Straße;49.86712;8.627513;30.0;;;;;;Interpoliert;130.8;1.52;asphalt;unclassified;Mina-Rees-Straße;4;Kurs 6
Routenpunkt (Way);T;Mina-Rees-Straße;49.867095;8.62733;30.0;;;;;;Interpoliert;131.0;1.59;asphalt;unclassified;Mina-Rees-Straße;4;Kurs 6
Routenpunkt (Way);T;Mina-Rees-Straße;49.86707;8.627147;30.0;;;;;;Original OSM;131.2;1.69;asphalt;unclassified;Mina-Rees-Straße;4;Kurs 6
Routenpunkt (Way);T;Mina-Rees-Straße;49.867051;8.62701;30.0;;;;;;Interpoliert;131.4;1.66;asphalt;unclassified;Mina-Rees-Straße;4;Kurs 6
Routenpunkt (Way);T;Mina-Rees-Straße;49.867031;8.626872;30.0;;;;;;Interpoliert;131.6;1.67;asphalt;unclassified;Mina-Rees-Straße;4;Kurs 6
Routenpunkt (Way);T;Mina-Rees-Straße;49.867004;8.626672;30.0;;;;;;Original OSM;131.8;1.37;asphalt;unclassified;Mina-Rees-Straße;4;Kurs 6
Routenpunkt (Way);T;Mina-Rees-Straße;49.867005;8.626488;30.0;;;;;;Original OSM;132.0;1.14;asphalt;unclassified;Mina-Rees-Straße;4;Kurs 6
Haltestelle;W;Darmstadt Mina-Rees-Straße;49.867005;8.626488;30.0;09:33:00;09:33:00;Kein Umlauf;Mo,Di,Mi,Do,Fr;446.0;Original GTFS (Snap-Distanz 2m) | Auf Route gesnappt (2m);132.0;0.98;asphalt;unclassified;Mina-Rees-Straße;4;Kurs 6
Routenpunkt (Way);T;Mina-Rees-Straße;49.866981;8.62633;30.0;;;;;;Original OSM;132.1;0.94;asphalt;unclassified;Mina-Rees-Straße;4;Kurs 6
Routenpunkt (Way);T;;49.866953;8.626218;30.0;;;;;;Interpoliert (15m);132.2;0.12;asphalt;unclassified;Mina-Rees-Straße;4;Kurs 6
Routenpunkt (Way);T;Mina-Rees-Straße;49.866925;8.626106;30.0;;;;;;Interpoliert;132.3;-0.39;asphalt;unclassified;Mina-Rees-Straße;4;Kurs 6
Routenpunkt (Way);A;Ampel;49.866897;8.625948;30.0;;;;;;Interpoliert (15m);132.0;-1.22;asphalt;unclassified;Mina-Rees-Straße;4;Kurs 6
Routenpunkt (Way);T;Mina-Rees-Straße;49.866868;8.625791;30.0;;;;;;Original OSM;131.7;-2.12;asphalt;unclassified;Mina-Rees-Straße;4;Kurs 6
Routenpunkt (Way);T;;49.866787;8.625786;30.0;;;;;;Interpoliert (15m);131.4;-2.83;asphalt;primary;Deutsche-Telekom-Allee;4;Kurs 6
Routenpunkt (Way);T;Deutsche-Telekom-Allee;49.866706;8.625782;50.0;;;;;;Interpoliert;131.1;-2.79;asphalt;primary;Deutsche-Telekom-Allee;4;Kurs 6
Routenpunkt (Way);T;Deutsche-Telekom-Allee;49.866595;8.625819;50.0;;;;;;Interpoliert;130.8;-2.75;asphalt;primary;Deutsche-Telekom-Allee;4;Kurs 6
Routenpunkt (Way);T;Deutsche-Telekom-Allee;49.866484;8.625857;50.0;;;;;;Interpoliert;130.5;-3.04;asphalt;primary;Deutsche-Telekom-Allee;4;Kurs 6
Routenpunkt (Way);T;Deutsche-Telekom-Allee;49.866373;8.625894;50.0;;;;;;Interpoliert;130.2;-3.19;asphalt;primary;Deutsche-Telekom-Allee;4;Kurs 6
Routenpunkt (Way);T;Deutsche-Telekom-Allee;49.866262;8.625932;50.0;;;;;;Original OSM;129.6;-3.77;asphalt;primary;Deutsche-Telekom-Allee;4;Kurs 6
Routenpunkt (Way);T;Deutsche-Telekom-Allee;49.866132;8.625975;50.0;;;;;;Interpoliert;129.0;-3.64;asphalt;primary;Deutsche-Telekom-Allee;4;Kurs 6
Routenpunkt (Way);T;;49.86603;8.625995;50.0;;;;;;Interpoliert (15m);128.4;-3.52;asphalt;primary;Deutsche-Telekom-Allee;4;Kurs 6
Routenpunkt (Way);T;;49.865929;8.626016;50.0;;;;;;Interpoliert (15m);128.2;-2.96;asphalt;primary;Deutsche-Telekom-Allee;4;Kurs 6
Routenpunkt (Way);T;Deutsche-Telekom-Allee;49.865828;8.626036;50.0;;;;;;Original OSM;128.0;-2.55;asphalt;primary;Deutsche-Telekom-Allee;4;Kurs 6
Routenpunkt (Way);T;;49.865737;8.626053;50.0;;;;;;Interpoliert (15m);127.8;-1.89;asphalt;primary;Deutsche-Telekom-Allee;4;Kurs 6
Routenpunkt (Way);T;;49.865647;8.626069;50.0;;;;;;Interpoliert (15m);127.6;-1.82;asphalt;primary;Deutsche-Telekom-Allee;4;Kurs 6
Routenpunkt (Way);T;Deutsche-Telekom-Allee;49.865556;8.626086;50.0;;;;;;Interpoliert;127.4;-1.76;asphalt;primary;Deutsche-Telekom-Allee;4;Kurs 6
Routenpunkt (Way);T;Deutsche-Telekom-Allee;49.865434;8.626128;50.0;;;;;;Interpoliert;127.2;-1.37;asphalt;primary;Deutsche-Telekom-Allee;4;Kurs 6
Routenpunkt (Way);T;Deutsche-Telekom-Allee;49.865312;8.626169;50.0;;;;;;Interpoliert;127.0;-0.97;asphalt;primary;Deutsche-Telekom-Allee;4;Kurs 6
Routenpunkt (Way);T;Deutsche-Telekom-Allee;49.86519;8.626211;50.0;;;;;;Interpoliert;127.0;-0.58;asphalt;primary;Deutsche-Telekom-Allee;4;Kurs 6
Routenpunkt (Way);T;Deutsche-Telekom-Allee;49.865068;8.626253;50.0;;;;;;Original OSM;127.0;-0.29;asphalt;primary;Deutsche-Telekom-Allee;4;Kurs 6
Routenpunkt (Way);T;Deutsche-Telekom-Allee;49.864937;8.626296;50.0;;;;;;Interpoliert;127.0;0.0;asphalt;primary;Deutsche-Telekom-Allee;4;Kurs 6
Routenpunkt (Way);T;Deutsche-Telekom-Allee;49.864806;8.62634;50.0;;;;;;Interpoliert;127.0;0.0;asphalt;primary;Deutsche-Telekom-Allee;4;Kurs 6
Routenpunkt (Way);T;Deutsche-Telekom-Allee;49.864675;8.626383;50.0;;;;;;Original OSM;127.0;-0.37;asphalt;primary;Deutsche-Telekom-Allee;4;Kurs 6
Routenpunkt (Way);T;Deutsche-Telekom-Allee;49.86458;8.626415;50.0;;;;;;Interpoliert;127.0;-0.65;asphalt;primary;Deutsche-Telekom-Allee;4;Kurs 6
Routenpunkt (Way);T;Deutsche-Telekom-Allee;49.864485;8.626447;50.0;;;;;;Interpoliert;126.8;-1.18;asphalt;primary;Deutsche-Telekom-Allee;4;Kurs 6
Routenpunkt (Way);T;Deutsche-Telekom-Allee;49.86436;8.626488;50.0;;;;;;Original OSM;126.6;-1.71;asphalt;primary;Deutsche-Telekom-Allee;4;Kurs 6
Routenpunkt (Way);T;;49.864293;8.62651;50.0;;;;;;Interpoliert (15m);126.4;-2.04;asphalt;primary;Deutsche-Telekom-Allee;4;Kurs 6
Routenpunkt (Way);T;Deutsche-Telekom-Allee;49.864227;8.626532;50.0;;;;;;Interpoliert;126.2;-1.41;asphalt;primary;Deutsche-Telekom-Allee;4;Kurs 6
Routenpunkt (Way);T;Deutsche-Telekom-Allee;49.86412;8.626568;50.0;;;;;;Original OSM;126.0;-0.87;asphalt;primary;Deutsche-Telekom-Allee;4;Kurs 6
Routenpunkt (Way);T;;49.864051;8.626591;50.0;;;;;;Interpoliert (15m);126.1;-0.08;asphalt;primary;Deutsche-Telekom-Allee;4;Kurs 6
Routenpunkt (Way);T;Deutsche-Telekom-Allee;49.863982;8.626614;50.0;;;;;;Original OSM;126.2;0.71;asphalt;primary;Deutsche-Telekom-Allee;4;Kurs 6
Routenpunkt (Way);T;;49.863915;8.626636;50.0;;;;;;Interpoliert (15m);126.3;1.18;asphalt;primary;Deutsche-Telekom-Allee;4;Kurs 6
Routenpunkt (Way);T;Deutsche-Telekom-Allee;49.863848;8.626658;50.0;;;;;;Interpoliert;126.4;1.37;asphalt;primary;Deutsche-Telekom-Allee;4;Kurs 6
Routenpunkt (Way);T;Deutsche-Telekom-Allee;49.863728;8.626698;50.0;;;;;;Interpoliert;126.5;1.56;asphalt;primary;Deutsche-Telekom-Allee;4;Kurs 6
Routenpunkt (Way);T;Deutsche-Telekom-Allee;49.863609;8.626737;50.0;;;;;;Interpoliert;126.8;1.74;asphalt;primary;Deutsche-Telekom-Allee;4;Kurs 6
Routenpunkt (Way);T;Deutsche-Telekom-Allee;49.86349;8.626777;50.0;;;;;;Interpoliert;127.1;1.92;asphalt;primary;Deutsche-Telekom-Allee;4;Kurs 6
Routenpunkt (Way);T;Deutsche-Telekom-Allee;49.863371;8.626817;50.0;;;;;;Interpoliert;127.4;2.21;asphalt;primary;Deutsche-Telekom-Allee;4;Kurs 6
Routenpunkt (Way);T;Deutsche-Telekom-Allee;49.863251;8.626856;50.0;;;;;;Interpoliert;127.7;1.77;asphalt;primary;Deutsche-Telekom-Allee;4;Kurs 6
Routenpunkt (Way);T;Deutsche-Telekom-Allee;49.863132;8.626896;50.0;;;;;;Interpoliert;128.0;1.33;asphalt;primary;Deutsche-Telekom-Allee;4;Kurs 6
Routenpunkt (Way);T;;49.863059;8.62692;50.0;;;;;;Interpoliert (15m);128.0;0.73;asphalt;primary;Deutsche-Telekom-Allee;4;Kurs 6
Routenpunkt (Way);T;Deutsche-Telekom-Allee;49.862986;8.626944;50.0;;;;;;Original OSM;128.0;0.13;asphalt;primary;Deutsche-Telekom-Allee;4;Kurs 6
Routenpunkt (Way);T;;49.862872;8.626982;50.0;;;;;;Interpoliert (15m);127.9;-0.48;asphalt;primary;Deutsche-Telekom-Allee;4;Kurs 6
Routenpunkt (Way);T;Deutsche-Telekom-Allee;49.862759;8.62702;50.0;;;;;;Original OSM;127.8;-0.65;asphalt;primary;Deutsche-Telekom-Allee;4;Kurs 6
Routenpunkt (Way);T;Deutsche-Telekom-Allee;49.862657;8.627054;50.0;;;;;;Interpoliert;127.7;-0.81;asphalt;primary;Deutsche-Telekom-Allee;4;Kurs 6
Routenpunkt (Way);T;Deutsche-Telekom-Allee;49.862554;8.627088;50.0;;;;;;Interpoliert;127.6;-0.82;asphalt;primary;Deutsche-Telekom-Allee;4;Kurs 6
Routenpunkt (Way);A;Ampel;49.862446;8.62704;50.0;;;;;;Interpoliert (15m);127.5;-0.9;asphalt;primary;Deutsche-Telekom-Allee;4;Kurs 6
Routenpunkt (Way);T;Deutsche-Telekom-Allee;49.862339;8.626992;50.0;;;;;;Original OSM;127.4;-0.96;asphalt;residential;Hilpertstraße;4;Kurs 6
Routenpunkt (Way);T;;49.862312;8.626881;50.0;;;;;;Interpoliert (15m);127.3;-0.96;asphalt;residential;Hilpertstraße;4;Kurs 6
Haltestelle;W;Darmstadt T-Online-Allee;49.862286;8.62677;50.0;;;Kein Umlauf;Mo,Di,Mi,Do,Fr;446.0;Original GTFS (Snap-Distanz 1m) | Auf Route gesnappt (1m);127.2;-0.97;asphalt;residential;Hilpertstraße;4;Kurs 6
Routenpunkt (Way);T;;49.862262;8.62661;50.0;;;;;;Interpoliert (15m);127.1;-0.53;asphalt;residential;Hilpertstraße;4;Kurs 6
Routenpunkt (Way);T;Hilpertstraße;49.862238;8.62645;50.0;;;;;;Original OSM;127.0;0.07;asphalt;residential;Hilpertstraße;4;Kurs 6
Routenpunkt (Way);T;Hilpertstraße;49.862209;8.626254;50.0;;;;;;Original OSM;127.2;0.67;paving_stones;residential;Hilpertstraße;4;Kurs 6
Routenpunkt (Way);T;Hilpertstraße;49.862187;8.626106;50.0;;;;;;Interpoliert;127.4;1.35;paving_stones;residential;Hilpertstraße;4;Kurs 6
Routenpunkt (Way);T;Hilpertstraße;49.862165;8.625958;50.0;;;;;;Interpoliert;127.6;2.03;paving_stones;residential;Hilpertstraße;4;Kurs 6
Routenpunkt (Way);T;;49.862149;8.625851;50.0;;;;;;Interpoliert (15m);127.8;2.09;paving_stones;residential;Hilpertstraße;4;Kurs 6
Routenpunkt (Way);T;Hilpertstraße;49.862134;8.625743;50.0;;;;;;Original OSM;128.0;2.07;paving_stones;residential;Hilpertstraße;4;Kurs 6
Routenpunkt (Way);T;;49.862111;8.625584;50.0;;;;;;Interpoliert (15m);128.2;2.04;paving_stones;residential;Hilpertstraße;4;Kurs 6
Routenpunkt (Way);T;;49.862089;8.625425;50.0;;;;;;Interpoliert (15m);128.4;1.81;paving_stones;residential;Hilpertstraße;4;Kurs 6
Routenpunkt (Way);T;Hilpertstraße;49.862067;8.625266;50.0;;;;;;Original OSM;128.6;1.58;paving_stones;residential;Hilpertstraße;4;Kurs 6
Routenpunkt (Way);T;;49.862041;8.625068;50.0;;;;;;Interpoliert (15m);128.8;1.24;paving_stones;residential;Hilpertstraße;4;Kurs 6
Routenpunkt (Way);T;Hilpertstraße;49.862015;8.624871;50.0;;;;;;Interpoliert;129.0;1.16;paving_stones;residential;Hilpertstraße;4;Kurs 6
Routenpunkt (Way);T;;49.862001;8.624765;50.0;;;;;;Interpoliert (15m);129.0;1.04;paving_stones;residential;Hilpertstraße;4;Kurs 6
Routenpunkt (Way);T;Hilpertstraße;49.861988;8.62466;50.0;;;;;;Original OSM;129.1;1.0;paving_stones;residential;Hilpertstraße;4;Kurs 6
Routenpunkt (Way);T;;49.861974;8.624541;50.0;;;;;;Interpoliert (15m);129.2;0.87;paving_stones;residential;Hilpertstraße;4;Kurs 6
Routenpunkt (Way);T;Hilpertstraße;49.86196;8.624422;50.0;;;;;;Original OSM;129.3;1.02;paving_stones;residential;Hilpertstraße;4;Kurs 6
Routenpunkt (Way);T;Hilpertstraße;49.861938;8.624239;50.0;;;;;;Interpoliert;129.4;0.76;paving_stones;residential;Hilpertstraße;4;Kurs 6
Routenpunkt (Way);T;Hilpertstraße;49.861916;8.624056;50.0;;;;;;Original OSM;129.5;0.53;paving_stones;residential;Hilpertstraße;4;Kurs 6
Routenpunkt (Way);T;;49.861917;8.623901;50.0;;;;;;Interpoliert (15m);129.5;0.3;paving_stones;residential;Hilpertstraße;4;Kurs 6
Routenpunkt (Way);T;Hilpertstraße;49.861917;8.623746;50.0;;;;;;Original OSM;129.5;0.15;paving_stones;residential;Hilpertstraße;4;Kurs 6
Routenpunkt (Way);T;;49.861885;8.623605;50.0;;;;;;Interpoliert (15m);129.5;0.0;paving_stones;residential;Hilpertstraße;4;Kurs 6
Haltestelle;W;Darmstadt Hilpertstraße;49.861852;8.623465;50.0;09:35:00;09:35:00;Kein Umlauf;Mo,Di,Mi,Do,Fr;446.0;Original GTFS (Snap-Distanz 5m) | Auf Route gesnappt (7m);129.5;-0.56;paving_stones;residential;Hilpertstraße;4;Kurs 6
Routenpunkt (Way);T;Hilpertstraße;49.861836;8.623317;50.0;;;;;;Interpoliert;129.5;-0.96;paving_stones;residential;Hilpertstraße;4;Kurs 6
Routenpunkt (Way);T;Hilpertstraße;49.86182;8.623169;50.0;;;;;;Interpoliert;129.2;-1.61;paving_stones;residential;Hilpertstraße;4;Kurs 6
Routenpunkt (Way);T;Hilpertstraße;49.8618;8.622965;50.0;;;;;;Original OSM;128.9;-2.26;paving_stones;residential;Hilpertstraße;4;Kurs 6
Routenpunkt (Way);T;;49.861792;8.622836;50.0;;;;;;Interpoliert (15m);128.6;-2.68;paving_stones;residential;Hilpertstraße;4;Kurs 6
Routenpunkt (Way);T;Hilpertstraße;49.861784;8.622708;50.0;;;;;;Original OSM;128.3;-2.41;paving_stones;residential;Hilpertstraße;4;Kurs 6
Routenpunkt (Way);T;;49.861656;8.622723;50.0;;;;;;Interpoliert (15m);128.0;-2.28;paving_stones;residential;Kleyerstraße;4;Kurs 6
Routenpunkt (Way);T;Kleyerstraße;49.861529;8.622739;50.0;;;;;;Original OSM;127.8;-2.2;paving_stones;residential;Kleyerstraße;4;Kurs 6
Routenpunkt (Way);T;;49.861403;8.622772;50.0;;;;;;Interpoliert (15m);127.6;-2.11;paving_stones;residential;Kleyerstraße;4;Kurs 6
Routenpunkt (Way);T;Kleyerstraße;49.861277;8.622806;50.0;;;;;;Interpoliert;127.2;-2.25;paving_stones;residential;Kleyerstraße;4;Kurs 6
Routenpunkt (Way);T;Kleyerstraße;49.861152;8.622847;50.0;;;;;;Interpoliert;126.8;-2.25;paving_stones;residential;Kleyerstraße;4;Kurs 6
Routenpunkt (Way);T;Kleyerstraße;49.861027;8.622888;50.0;;;;;;Interpoliert;126.4;-2.25;paving_stones;residential;Kleyerstraße;4;Kurs 6
Routenpunkt (Way);T;;49.860902;8.622929;50.0;;;;;;Interpoliert (15m);126.2;-1.99;paving_stones;residential;Kleyerstraße;4;Kurs 6
Routenpunkt (Way);T;Kleyerstraße;49.860777;8.62297;50.0;;;;;;Original OSM;126.0;-1.72;paving_stones;residential;Kleyerstraße;4;Kurs 6
Routenpunkt (Way);T;;49.860658;8.623009;50.0;;;;;;Interpoliert (15m);125.8;-1.44;paving_stones;residential;Kleyerstraße;4;Kurs 6
Routenpunkt (Way);T;Kleyerstraße;49.86054;8.623048;50.0;;;;;;Original OSM;125.6;-1.53;paving_stones;residential;Kleyerstraße;4;Kurs 6
Routenpunkt (Way);T;Kleyerstraße;49.860413;8.62304;50.0;;;;;;Interpoliert;125.4;-1.6;paving_stones;residential;Kleyerstraße;4;Kurs 6
Routenpunkt (Way);T;Rosa-Parks-Straße;49.860316;8.623058;50.0;;;;;;Interpoliert;125.2;-1.3;paving_stones;residential;Kleyerstraße;4;Kurs 6
Routenpunkt (Way);T;Rosa-Parks-Straße;49.860221;8.623111;50.0;;;;;;Original OSM;125.0;-1.01;paving_stones;residential;Kleyerstraße;4;Kurs 6
Haltestelle;W;Darmstadt von Taxis;49.860215;8.623155;50.0;09:37:00;09:37:00;Kein Umlauf;Mo,Di,Mi,Do,Fr;446.0;Original GTFS (Snap-Distanz 3m) | Auf Route gesnappt (3m);125.0;-0.72;paving_stones;residential;Kleyerstraße;4;Kurs 6
Routenpunkt (Way);T;Kleyerstraße;49.860203;8.623159;50.0;;;;;;Original OSM;125.0;-0.36;paving_stones;residential;Kleyerstraße;4;Kurs 6
Routenpunkt (Way);T;Kleyerstraße;49.860093;8.623195;50.0;;;;;;Original OSM;125.0;0.0;paving_stones;residential;Kleyerstraße;4;Kurs 6
Routenpunkt (Way);T;Kleyerstraße;49.859988;8.623229;50.0;;;;;;Interpoliert;125.0;0.0;paving_stones;residential;Kleyerstraße;4;Kurs 6
Routenpunkt (Way);T;Kleyerstraße;49.859882;8.623264;50.0;;;;;;Interpoliert;125.0;0.0;paving_stones;residential;Kleyerstraße;4;Kurs 6
Routenpunkt (Way);T;Kleyerstraße;49.859776;8.623299;50.0;;;;;;Interpoliert;125.0;-0.17;paving_stones;residential;Kleyerstraße;4;Kurs 6
Routenpunkt (Way);T;Kleyerstraße;49.859671;8.623333;50.0;;;;;;Interpoliert;125.0;-0.32;paving_stones;residential;Kleyerstraße;4;Kurs 6
Routenpunkt (Way);T;Kleyerstraße;49.859566;8.623368;50.0;;;;;;Original OSM;124.9;-0.48;paving_stones;residential;Kleyerstraße;4;Kurs 6
Routenpunkt (Way);T;Kleyerstraße;49.859452;8.623405;50.0;;;;;;Interpoliert;124.8;-0.63;paving_stones;residential;Kleyerstraße;4;Kurs 6
Routenpunkt (Way);T;Kleyerstraße;49.859339;8.623443;50.0;;;;;;Interpoliert;124.7;-0.7;paving_stones;residential;Kleyerstraße;4;Kurs 6
Routenpunkt (Way);T;Kleyerstraße;49.859225;8.62348;50.0;;;;;;Interpoliert;124.6;-0.63;paving_stones;residential;Kleyerstraße;4;Kurs 6
Routenpunkt (Way);T;Kleyerstraße;49.859112;8.623517;50.0;;;;;;Interpoliert;124.56;-0.59;paving_stones;residential;Kleyerstraße;4;Kurs 6
Routenpunkt (Way);T;;49.859004;8.62353;50.0;;;;;;Interpoliert (15m);124.5;-0.57;paving_stones;residential;Kleyerstraße;4;Kurs 6
Routenpunkt (Way);T;Kleyerstraße;49.858895;8.623542;50.0;;;;;;Original OSM;124.43;-0.52;paving_stones;residential;Kleyerstraße;4;Kurs 6
Haltestelle;W;Darmstadt Kleyerstraße;49.858769;8.623554;50.0;09:38:00;09:38:00;Kein Umlauf;Mo,Di,Mi,Do,Fr;446.0;Original GTFS (Snap-Distanz 22m) | Auf Route gesnappt (22m);124.33;-0.58;paving_stones;residential;Kleyerstraße;4;Kurs 6
Routenpunkt (Way);T;Kleyerstraße;49.858769;8.623554;50.0;09:45:00;09:45:00;;;;Original OSM;124.0;0.6;paving_stones;residential;Kleyerstraße;5;Kurs 6
Haltestelle;W;Darmstadt Kleyerstraße;49.858769;8.623554;50.0;09:45:00;09:45:00;Kein Umlauf;Mo,Di,Mi,Do,Fr;446.0;Original GTFS (Snap-Distanz 22m) | Auf Route gesnappt (22m);124.0;0.79;paving_stones;residential;Kleyerstraße;5;Kurs 6
Routenpunkt (Way);T;;49.85884;8.623547;50.0;;;;;;Interpoliert (15m);124.14;0.78;paving_stones;residential;Kleyerstraße;5;Kurs 6
Routenpunkt (Way);T;Kleyerstraße;49.858911;8.623541;50.0;;;;;;Interpoliert;124.25;0.9;paving_stones;residential;Kleyerstraße;5;Kurs 6
Routenpunkt (Way);T;;49.859011;8.623529;50.0;;;;;;Interpoliert (15m);124.33;1.05;paving_stones;residential;Kleyerstraße;5;Kurs 6
Routenpunkt (Way);T;Kleyerstraße;49.859112;8.623517;50.0;;;;;;Interpoliert;124.4;0.85;paving_stones;residential;Kleyerstraße;5;Kurs 6
Routenpunkt (Way);T;Kleyerstraße;49.859225;8.62348;50.0;;;;;;Interpoliert;124.5;0.73;paving_stones;residential;Kleyerstraße;5;Kurs 6
Routenpunkt (Way);T;Kleyerstraße;49.859339;8.623443;50.0;;;;;;Interpoliert;124.6;0.74;paving_stones;residential;Kleyerstraße;5;Kurs 6
Routenpunkt (Way);T;Kleyerstraße;49.859452;8.623405;50.0;;;;;;Interpoliert;124.7;0.79;paving_stones;residential;Kleyerstraße;5;Kurs 6
Routenpunkt (Way);T;Kleyerstraße;49.859566;8.623368;50.0;;;;;;Original OSM;124.8;0.8;paving_stones;residential;Kleyerstraße;5;Kurs 6
Routenpunkt (Way);T;Kleyerstraße;49.859671;8.623333;50.0;;;;;;Interpoliert;124.9;0.64;paving_stones;residential;Kleyerstraße;5;Kurs 6
Routenpunkt (Way);T;Kleyerstraße;49.859776;8.623299;50.0;;;;;;Interpoliert;125.0;0.49;paving_stones;residential;Kleyerstraße;5;Kurs 6
Routenpunkt (Way);T;Kleyerstraße;49.859882;8.623264;50.0;;;;;;Interpoliert;125.0;0.33;paving_stones;residential;Kleyerstraße;5;Kurs 6
Routenpunkt (Way);T;Kleyerstraße;49.859988;8.623229;50.0;;;;;;Interpoliert;125.0;0.17;paving_stones;residential;Kleyerstraße;5;Kurs 6
Routenpunkt (Way);T;Kleyerstraße;49.860093;8.623195;50.0;;;;;;Original OSM;125.0;0.0;paving_stones;residential;Kleyerstraße;5;Kurs 6
Routenpunkt (Way);T;Kleyerstraße;49.860209;8.623157;50.0;;;;;;Original OSM;125.0;0.0;paving_stones;residential;Kleyerstraße;5;Kurs 6
Haltestelle;W;Darmstadt von Taxis;49.860215;8.623155;50.0;09:45:00;09:45:00;Kein Umlauf;Mo,Di,Mi,Do,Fr;446.0;Original GTFS (Snap-Distanz 3m) | Auf Route gesnappt (3m);125.0;0.0;paving_stones;residential;Kleyerstraße;5;Kurs 6
Routenpunkt (Way);T;Rosa-Parks-Straße;49.860223;8.623089;50.0;;;;;;Original OSM;125.0;0.37;paving_stones;residential;Kleyerstraße;5;Kurs 6
Routenpunkt (Way);T;Rosa-Parks-Straße;49.860316;8.623058;50.0;;;;;;Interpoliert;125.0;0.65;paving_stones;residential;Kleyerstraße;5;Kurs 6
Routenpunkt (Way);T;Rosa-Parks-Straße;49.860413;8.62304;50.0;;;;;;Original OSM;125.2;0.95;paving_stones;residential;Kleyerstraße;5;Kurs 6
Routenpunkt (Way);T;Kleyerstraße;49.86054;8.623048;50.0;;;;;;Original OSM;125.4;1.25;paving_stones;residential;Kleyerstraße;5;Kurs 6
Routenpunkt (Way);T;;49.860658;8.623009;50.0;;;;;;Interpoliert (15m);125.6;1.53;paving_stones;residential;Kleyerstraße;5;Kurs 6
Routenpunkt (Way);T;Kleyerstraße;49.860777;8.62297;50.0;;;;;;Original OSM;125.8;1.44;paving_stones;residential;Kleyerstraße;5;Kurs 6
Routenpunkt (Way);T;;49.860902;8.622929;50.0;;;;;;Interpoliert (15m);126.0;1.44;paving_stones;residential;Kleyerstraße;5;Kurs 6
Routenpunkt (Way);T;Kleyerstraße;49.861027;8.622888;50.0;;;;;;Interpoliert;126.2;1.7;paving_stones;residential;Kleyerstraße;5;Kurs 6
Routenpunkt (Way);T;Kleyerstraße;49.861152;8.622847;50.0;;;;;;Interpoliert;126.4;1.97;paving_stones;residential;Kleyerstraße;5;Kurs 6
Routenpunkt (Way);T;Kleyerstraße;49.861277;8.622806;50.0;;;;;;Interpoliert;126.8;2.25;paving_stones;residential;Kleyerstraße;5;Kurs 6
Routenpunkt (Way);T;;49.861403;8.622772;50.0;;;;;;Interpoliert (15m);127.2;2.25;paving_stones;residential;Kleyerstraße;5;Kurs 6
Routenpunkt (Way);T;Kleyerstraße;49.861529;8.622739;50.0;;;;;;Original OSM;127.6;2.25;paving_stones;residential;Kleyerstraße;5;Kurs 6
Routenpunkt (Way);T;;49.861656;8.622723;50.0;;;;;;Interpoliert (15m);127.8;2.34;paving_stones;residential;Kleyerstraße;5;Kurs 6
Routenpunkt (Way);T;Kleyerstraße;49.861784;8.622708;50.0;;;;;;Original OSM;128.0;2.42;paving_stones;residential;Hilpertstraße;5;Kurs 6
Routenpunkt (Way);T;;49.861792;8.622836;50.0;;;;;;Interpoliert (15m);128.3;2.27;paving_stones;residential;Hilpertstraße;5;Kurs 6
Routenpunkt (Way);T;Hilpertstraße;49.8618;8.622965;50.0;;;;;;Original OSM;128.6;2.54;paving_stones;residential;Hilpertstraße;5;Kurs 6
Routenpunkt (Way);T;Hilpertstraße;49.86182;8.623169;50.0;;;;;;Interpoliert;128.9;2.82;paving_stones;residential;Hilpertstraße;5;Kurs 6
Routenpunkt (Way);T;Hilpertstraße;49.861836;8.623317;50.0;;;;;;Interpoliert;129.2;2.17;paving_stones;residential;Hilpertstraße;5;Kurs 6
Haltestelle;W;Darmstadt Hilpertstraße;49.861852;8.623465;50.0;09:47:00;09:47:00;Kein Umlauf;Mo,Di,Mi,Do,Fr;446.0;Original GTFS (Snap-Distanz 5m) | Auf Route gesnappt (7m);129.5;1.52;paving_stones;residential;Hilpertstraße;5;Kurs 6
Routenpunkt (Way);T;;49.861885;8.623605;50.0;;;;;;Interpoliert (15m);129.5;1.12;paving_stones;residential;Hilpertstraße;5;Kurs 6
Routenpunkt (Way);T;Hauptzollamt;49.861917;8.623746;50.0;;;;;;Original OSM;129.5;0.56;paving_stones;residential;Hilpertstraße;5;Kurs 6
Routenpunkt (Way);T;;49.861917;8.623901;50.0;;;;;;Interpoliert (15m);129.5;0.0;paving_stones;residential;Hilpertstraße;5;Kurs 6
Routenpunkt (Way);T;Hilpertstraße;49.861916;8.624056;50.0;;;;;;Original OSM;129.5;-0.15;paving_stones;residential;Hilpertstraße;5;Kurs 6
Routenpunkt (Way);T;Hilpertstraße;49.861938;8.624239;50.0;;;;;;Interpoliert;129.5;-0.38;paving_stones;residential;Hilpertstraße;5;Kurs 6
Routenpunkt (Way);T;Hilpertstraße;49.86196;8.624422;50.0;;;;;;Original OSM;129.4;-0.61;paving_stones;residential;Hilpertstraße;5;Kurs 6
Routenpunkt (Way);T;;49.861974;8.624541;50.0;;;;;;Interpoliert (15m);129.3;-0.87;paving_stones;residential;Hilpertstraße;5;Kurs 6
Routenpunkt (Way);T;Hilpertstraße;49.861988;8.62466;50.0;;;;;;Original OSM;129.2;-1.13;paving_stones;residential;Hilpertstraße;5;Kurs 6
Routenpunkt (Way);T;;49.862001;8.624765;50.0;;;;;;Interpoliert (15m);129.1;-0.98;paving_stones;residential;Hilpertstraße;5;Kurs 6
Routenpunkt (Way);T;Hilpertstraße;49.862015;8.624871;50.0;;;;;;Interpoliert;129.0;-1.03;paving_stones;residential;Hilpertstraße;5;Kurs 6
Routenpunkt (Way);T;;49.862041;8.625068;50.0;;;;;;Interpoliert (15m);129.0;-1.14;paving_stones;residential;Hilpertstraße;5;Kurs 6
Routenpunkt (Way);T;Hilpertstraße;49.862067;8.625266;50.0;;;;;;Original OSM;128.8;-1.22;paving_stones;residential;Hilpertstraße;5;Kurs 6
Routenpunkt (Way);T;;49.862089;8.625425;50.0;;;;;;Interpoliert (15m);128.6;-1.3;paving_stones;residential;Hilpertstraße;5;Kurs 6
Routenpunkt (Way);T;;49.862111;8.625584;50.0;;;;;;Interpoliert (15m);128.4;-1.81;paving_stones;residential;Hilpertstraße;5;Kurs 6
Routenpunkt (Way);T;Hilpertstraße;49.862134;8.625743;50.0;;;;;;Original OSM;128.2;-2.04;paving_stones;residential;Hilpertstraße;5;Kurs 6
Routenpunkt (Way);T;;49.862149;8.625851;50.0;;;;;;Interpoliert (15m);128.0;-2.07;paving_stones;residential;Hilpertstraße;5;Kurs 6
Routenpunkt (Way);T;Hilpertstraße;49.862165;8.625958;50.0;;;;;;Interpoliert;127.8;-2.09;paving_stones;residential;Hilpertstraße;5;Kurs 6
Routenpunkt (Way);T;Hilpertstraße;49.862187;8.626106;50.0;;;;;;Interpoliert;127.6;-2.03;paving_stones;residential;Hilpertstraße;5;Kurs 6
Routenpunkt (Way);T;Hilpertstraße;49.862209;8.626254;50.0;;;;;;Original OSM;127.4;-1.86;paving_stones;residential;Hilpertstraße;5;Kurs 6
Routenpunkt (Way);T;Hilpertstraße;49.862238;8.62645;50.0;;;;;;Original OSM;127.2;-1.35;asphalt;residential;Hilpertstraße;5;Kurs 6
Routenpunkt (Way);T;;49.862262;8.62661;50.0;;;;;;Interpoliert (15m);127.0;-0.99;asphalt;residential;Hilpertstraße;5;Kurs 6
Routenpunkt (Way);T;Hilpertstraße;49.862286;8.62677;50.0;;;;;;Original OSM;127.0;-0.4;asphalt;residential;Hilpertstraße;5;Kurs 6
Haltestelle;W;Darmstadt T-Online-Allee;49.862286;8.62677;50.0;;;Kein Umlauf;Mo,Di,Mi,Do,Fr;446.0;Original GTFS (Snap-Distanz 1m) | Auf Route gesnappt (1m);127.1;0.09;asphalt;residential;Hilpertstraße;5;Kurs 6
Routenpunkt (Way);A;Ampel;49.862315;8.626892;50.0;;;;;;Interpoliert (15m);127.2;0.59;asphalt;residential;Hilpertstraße;5;Kurs 6
Routenpunkt (Way);T;Hilpertstraße;49.862344;8.627014;50.0;;;;;;Original OSM;127.3;0.76;asphalt;residential;Hilpertstraße;5;Kurs 6
Routenpunkt (Way);T;;49.862449;8.627051;50.0;;;;;;Interpoliert (15m);127.4;0.93;asphalt;primary;Deutsche-Telekom-Allee;5;Kurs 6
Routenpunkt (Way);T;Deutsche-Telekom-Allee;49.862554;8.627088;50.0;;;;;;Interpoliert;127.5;0.89;asphalt;primary;Deutsche-Telekom-Allee;5;Kurs 6
Routenpunkt (Way);T;Deutsche-Telekom-Allee;49.862657;8.627054;50.0;;;;;;Interpoliert;127.6;0.83;asphalt;primary;Deutsche-Telekom-Allee;5;Kurs 6
Routenpunkt (Way);T;Deutsche-Telekom-Allee;49.862759;8.62702;50.0;;;;;;Original OSM;127.7;0.82;asphalt;primary;Deutsche-Telekom-Allee;5;Kurs 6
Routenpunkt (Way);T;;49.862872;8.626982;50.0;;;;;;Interpoliert (15m);127.8;0.89;asphalt;primary;Deutsche-Telekom-Allee;5;Kurs 6
Routenpunkt (Way);T;Deutsche-Telekom-Allee;49.862986;8.626944;50.0;;;;;;Interpoliert;127.9;0.72;asphalt;primary;Deutsche-Telekom-Allee;5;Kurs 6
Routenpunkt (Way);T;;49.863059;8.62692;50.0;;;;;;Interpoliert (15m);128.0;0.55;asphalt;primary;Deutsche-Telekom-Allee;5;Kurs 6
Routenpunkt (Way);T;Deutsche-Telekom-Allee;49.863132;8.626896;50.0;;;;;;Interpoliert;128.0;-0.05;asphalt;primary;Deutsche-Telekom-Allee;5;Kurs 6
Routenpunkt (Way);T;Deutsche-Telekom-Allee;49.863251;8.626856;50.0;;;;;;Interpoliert;128.0;-0.64;asphalt;primary;Deutsche-Telekom-Allee;5;Kurs 6
Routenpunkt (Way);T;Deutsche-Telekom-Allee;49.863371;8.626817;50.0;;;;;;Interpoliert;127.7;-1.33;asphalt;primary;Deutsche-Telekom-Allee;5;Kurs 6
Routenpunkt (Way);T;Deutsche-Telekom-Allee;49.86349;8.626777;50.0;;;;;;Interpoliert;127.4;-1.77;asphalt;primary;Deutsche-Telekom-Allee;5;Kurs 6
Routenpunkt (Way);T;Deutsche-Telekom-Allee;49.863609;8.626737;50.0;;;;;;Interpoliert;127.1;-2.21;asphalt;primary;Deutsche-Telekom-Allee;5;Kurs 6
Routenpunkt (Way);T;Deutsche-Telekom-Allee;49.863728;8.626698;50.0;;;;;;Interpoliert;126.8;-2.03;asphalt;primary;Deutsche-Telekom-Allee;5;Kurs 6
Routenpunkt (Way);T;Deutsche-Telekom-Allee;49.863848;8.626658;50.0;;;;;;Interpoliert;126.5;-1.85;asphalt;primary;Deutsche-Telekom-Allee;5;Kurs 6
Routenpunkt (Way);T;;49.863915;8.626636;50.0;;;;;;Interpoliert (15m);126.4;-1.66;asphalt;primary;Deutsche-Telekom-Allee;5;Kurs 6
Routenpunkt (Way);T;Deutsche-Telekom-Allee;49.863982;8.626614;50.0;;;;;;Original OSM;126.3;-1.48;asphalt;primary;Deutsche-Telekom-Allee;5;Kurs 6
Routenpunkt (Way);T;;49.864051;8.626591;50.0;;;;;;Interpoliert (15m);126.2;-1.2;asphalt;primary;Deutsche-Telekom-Allee;5;Kurs 6
Routenpunkt (Way);T;Deutsche-Telekom-Allee;49.86412;8.626568;50.0;;;;;;Original OSM;126.1;-0.41;asphalt;primary;Deutsche-Telekom-Allee;5;Kurs 6
Routenpunkt (Way);T;Deutsche-Telekom-Allee;49.864227;8.626532;50.0;;;;;;Interpoliert;126.0;0.38;asphalt;primary;Deutsche-Telekom-Allee;5;Kurs 6
Routenpunkt (Way);T;;49.864293;8.62651;50.0;;;;;;Interpoliert (15m);126.2;0.92;asphalt;primary;Deutsche-Telekom-Allee;5;Kurs 6
Routenpunkt (Way);T;Deutsche-Telekom-Allee;49.86436;8.626488;50.0;;;;;;Original OSM;126.4;1.54;asphalt;primary;Deutsche-Telekom-Allee;5;Kurs 6
Routenpunkt (Way);T;Deutsche-Telekom-Allee;49.864485;8.626447;50.0;;;;;;Interpoliert;126.6;2.08;asphalt;primary;Deutsche-Telekom-Allee;5;Kurs 6
Routenpunkt (Way);T;Deutsche-Telekom-Allee;49.86458;8.626415;50.0;;;;;;Interpoliert;126.8;1.55;asphalt;primary;Deutsche-Telekom-Allee;5;Kurs 6
Routenpunkt (Way);T;Deutsche-Telekom-Allee;49.864675;8.626383;50.0;;;;;;Original OSM;127.0;1.02;asphalt;primary;Deutsche-Telekom-Allee;5;Kurs 6
Routenpunkt (Way);T;Deutsche-Telekom-Allee;49.864806;8.62634;50.0;;;;;;Interpoliert;127.0;0.74;asphalt;primary;Deutsche-Telekom-Allee;5;Kurs 6
Routenpunkt (Way);T;Deutsche-Telekom-Allee;49.864937;8.626296;50.0;;;;;;Interpoliert;127.0;0.37;asphalt;primary;Deutsche-Telekom-Allee;5;Kurs 6
Routenpunkt (Way);T;Deutsche-Telekom-Allee;49.865068;8.626253;50.0;;;;;;Original OSM;127.0;0.0;asphalt;primary;Deutsche-Telekom-Allee;5;Kurs 6
Routenpunkt (Way);T;Deutsche-Telekom-Allee;49.86519;8.626211;50.0;;;;;;Interpoliert;127.0;0.0;asphalt;primary;Deutsche-Telekom-Allee;5;Kurs 6
Routenpunkt (Way);T;Deutsche-Telekom-Allee;49.865312;8.626169;50.0;;;;;;Interpoliert;127.0;0.29;asphalt;primary;Deutsche-Telekom-Allee;5;Kurs 6
Routenpunkt (Way);T;Deutsche-Telekom-Allee;49.865434;8.626128;50.0;;;;;;Interpoliert;127.0;0.68;asphalt;primary;Deutsche-Telekom-Allee;5;Kurs 6
Routenpunkt (Way);T;Deutsche-Telekom-Allee;49.865556;8.626086;50.0;;;;;;Interpoliert;127.2;1.08;asphalt;primary;Deutsche-Telekom-Allee;5;Kurs 6
Routenpunkt (Way);T;;49.865647;8.626069;50.0;;;;;;Interpoliert (15m);127.4;1.47;asphalt;primary;Deutsche-Telekom-Allee;5;Kurs 6
Routenpunkt (Way);T;;49.865737;8.626053;50.0;;;;;;Interpoliert (15m);127.6;1.82;asphalt;primary;Deutsche-Telekom-Allee;5;Kurs 6
Routenpunkt (Way);T;Deutsche-Telekom-Allee;49.865828;8.626036;50.0;;;;;;Original OSM;127.8;1.89;asphalt;primary;Deutsche-Telekom-Allee;5;Kurs 6
Routenpunkt (Way);T;;49.865929;8.626016;50.0;;;;;;Interpoliert (15m);128.0;1.84;asphalt;primary;Deutsche-Telekom-Allee;5;Kurs 6
Routenpunkt (Way);T;;49.86603;8.625995;50.0;;;;;;Interpoliert (15m);128.2;2.26;asphalt;primary;Deutsche-Telekom-Allee;5;Kurs 6
Routenpunkt (Way);T;Deutsche-Telekom-Allee;49.866132;8.625975;50.0;;;;;;Interpoliert;128.4;2.82;asphalt;primary;Deutsche-Telekom-Allee;5;Kurs 6
Routenpunkt (Way);T;Deutsche-Telekom-Allee;49.866262;8.625932;50.0;;;;;;Original OSM;129.0;3.42;asphalt;primary;Deutsche-Telekom-Allee;5;Kurs 6
Routenpunkt (Way);T;Deutsche-Telekom-Allee;49.866373;8.625894;50.0;;;;;;Interpoliert;129.6;3.54;asphalt;primary;Deutsche-Telekom-Allee;5;Kurs 6
Routenpunkt (Way);T;Deutsche-Telekom-Allee;49.866484;8.625857;50.0;;;;;;Interpoliert;130.2;3.66;asphalt;primary;Deutsche-Telekom-Allee;5;Kurs 6
Routenpunkt (Way);T;Deutsche-Telekom-Allee;49.866595;8.625819;50.0;;;;;;Interpoliert;130.5;3.52;asphalt;primary;Deutsche-Telekom-Allee;5;Kurs 6
Routenpunkt (Way);T;Deutsche-Telekom-Allee;49.866706;8.625782;50.0;;;;;;Interpoliert;130.8;3.23;asphalt;primary;Deutsche-Telekom-Allee;5;Kurs 6
Routenpunkt (Way);T;;49.866787;8.625786;50.0;;;;;;Interpoliert (15m);131.1;2.79;asphalt;primary;Deutsche-Telekom-Allee;5;Kurs 6
Routenpunkt (Way);T;Deutsche-Telekom-Allee;49.866868;8.625791;50.0;;;;;;Original OSM;131.4;2.83;asphalt;unclassified;Mina-Rees-Straße;5;Kurs 6
Routenpunkt (Way);A;Ampel;49.866897;8.625948;50.0;;;;;;Interpoliert (15m);131.7;3.0;asphalt;unclassified;Mina-Rees-Straße;5;Kurs 6
Routenpunkt (Way);T;Mina-Rees-Straße;49.866925;8.626106;30.0;;;;;;Interpoliert;132.0;2.12;asphalt;unclassified;Mina-Rees-Straße;5;Kurs 6
Routenpunkt (Way);T;;49.866954;8.626226;30.0;;;;;;Interpoliert (15m);132.3;1.29;asphalt;unclassified;Mina-Rees-Straße;5;Kurs 6
Routenpunkt (Way);T;Mina-Rees-Straße;49.866984;8.626346;30.0;;;;;;Original OSM;132.2;0.61;asphalt;unclassified;Mina-Rees-Straße;5;Kurs 6
Routenpunkt (Way);T;;49.866994;8.626509;30.0;;;;;;Interpoliert (15m);132.1;-0.18;asphalt;unclassified;Mina-Rees-Straße;5;Kurs 6
Routenpunkt (Way);T;Mina-Rees-Straße;49.867004;8.626672;30.0;;;;;;Original OSM;132.0;-1.23;asphalt;unclassified;Mina-Rees-Straße;5;Kurs 6
Routenpunkt (Way);T;Mina-Rees-Straße;49.867031;8.626872;30.0;;;;;;Interpoliert;131.8;-1.41;asphalt;unclassified;Mina-Rees-Straße;5;Kurs 6
Routenpunkt (Way);T;Mina-Rees-Straße;49.867051;8.62701;30.0;;;;;;Interpoliert;131.6;-1.54;asphalt;unclassified;Mina-Rees-Straße;5;Kurs 6
Routenpunkt (Way);T;Mina-Rees-Straße;49.86707;8.627147;30.0;;;;;;Original OSM;131.4;-1.66;asphalt;unclassified;Mina-Rees-Straße;5;Kurs 6
Routenpunkt (Way);T;Mina-Rees-Straße;49.867095;8.62733;30.0;;;;;;Interpoliert;131.2;-1.69;asphalt;unclassified;Mina-Rees-Straße;5;Kurs 6
Routenpunkt (Way);T;Mina-Rees-Straße;49.86712;8.627513;30.0;;;;;;Interpoliert;131.0;-1.59;asphalt;unclassified;Mina-Rees-Straße;5;Kurs 6
Routenpunkt (Way);T;;49.867145;8.627695;30.0;;;;;;Interpoliert (15m);130.8;-1.52;asphalt;unclassified;Mina-Rees-Straße;5;Kurs 6
Routenpunkt (Way);T;Mina-Rees-Straße;49.86717;8.627877;30.0;;;;;;Original OSM;130.6;-1.54;asphalt;unclassified;Mina-Rees-Straße;5;Kurs 6
Routenpunkt (Way);T;;49.867194;8.628047;30.0;;;;;;Interpoliert (15m);130.4;-1.52;asphalt;unclassified;Mina-Rees-Straße;5;Kurs 6
Routenpunkt (Way);T;Mina-Rees-Straße;49.867217;8.628217;30.0;;;;;;Interpoliert;130.2;-1.22;asphalt;unclassified;Mina-Rees-Straße;5;Kurs 6
Routenpunkt (Way);T;;49.867243;8.628411;30.0;;;;;;Interpoliert (15m);130.0;-0.92;asphalt;unclassified;Mina-Rees-Straße;5;Kurs 6
Routenpunkt (Way);T;;49.86727;8.628605;30.0;;;;;;Interpoliert (15m);130.0;-0.6;asphalt;unclassified;Mina-Rees-Straße;5;Kurs 6
Routenpunkt (Way);T;Mina-Rees-Straße;49.867296;8.628799;30.0;;;;;;Original OSM;130.0;-0.28;asphalt;unclassified;Mina-Rees-Straße;5;Kurs 6
Routenpunkt (Way);T;;49.867315;8.628941;30.0;;;;;;Interpoliert (15m);130.0;0.0;asphalt;unclassified;Mina-Rees-Straße;5;Kurs 6
Routenpunkt (Way);T;;49.867335;8.629083;30.0;;;;;;Interpoliert (15m);130.0;0.0;asphalt;unclassified;Mina-Rees-Straße;5;Kurs 6
Routenpunkt (Way);T;Mina-Rees-Straße;49.867354;8.629225;30.0;;;;;;Interpoliert;130.0;0.0;asphalt;unclassified;Mina-Rees-Straße;5;Kurs 6
Routenpunkt (Way);A;Ampel;49.867369;8.62934;30.0;;;;;;Interpoliert (15m);130.0;0.0;asphalt;unclassified;Mina-Rees-Straße;5;Kurs 6
Routenpunkt (Way);T;Mina-Rees-Straße;49.867385;8.629454;30.0;;;;;;Original OSM;130.0;0.0;asphalt;unclassified;Mina-Rees-Straße;5;Kurs 6
Routenpunkt (Way);T;;49.8674;8.629564;30.0;;;;;;Interpoliert (15m);130.0;0.0;asphalt;unclassified;Mina-Rees-Straße;5;Kurs 6
Routenpunkt (Way);T;Mina-Rees-Straße;49.867414;8.629673;30.0;;;;;;Original OSM;130.0;0.14;asphalt;primary;Am Kavalleriesand;5;Kurs 6
Routenpunkt (Way);T;Am Kavalleriesand;49.867306;8.62971;50.0;;;;;;Original OSM;130.0;0.29;asphalt;primary;Am Kavalleriesand;5;Kurs 6
Routenpunkt (Way);T;Am Kavalleriesand;49.867185;8.629755;50.0;;;;;;Interpoliert;130.1;0.45;asphalt;primary;Am Kavalleriesand;5;Kurs 6
Routenpunkt (Way);T;Am Kavalleriesand;49.867064;8.629801;50.0;;;;;;Original OSM;130.2;0.61;asphalt;primary;Am Kavalleriesand;5;Kurs 6
Routenpunkt (Way);T;Am Kavalleriesand;49.866956;8.629843;50.0;;;;;;Interpoliert;130.3;0.76;asphalt;primary;Am Kavalleriesand;5;Kurs 6
Routenpunkt (Way);T;;49.866856;8.629928;50.0;;;;;;Interpoliert (15m);130.4;0.78;asphalt;primary;Am Kavalleriesand;5;Kurs 6
Routenpunkt (Way);T;;49.866755;8.630013;50.0;;;;;;Interpoliert (15m);130.5;0.45;asphalt;primary;Stirnweg;5;Kurs 6
Routenpunkt (Way);T;Am Kavalleriesand;49.866654;8.630098;50.0;;;;;;Original OSM;130.6;0.11;asphalt;primary;Stirnweg;5;Kurs 6
Routenpunkt (Way);T;;49.866625;8.630244;50.0;;;;;;Interpoliert (15m);130.5;-0.23;asphalt;primary;Stirnweg;5;Kurs 6
Routenpunkt (Way);T;;49.866595;8.63039;50.0;;;;;;Interpoliert (15m);130.4;-0.58;asphalt;primary;Stirnweg;5;Kurs 6
Routenpunkt (Way);T;Stirnweg;49.866565;8.630535;50.0;;;;;;Interpoliert;130.3;-0.74;asphalt;primary;Stirnweg;5;Kurs 6
Routenpunkt (Way);T;Stirnweg;49.866579;8.630678;50.0;;;;;;Original OSM;130.2;-0.56;asphalt;primary;Stirnweg;5;Kurs 6
Routenpunkt (Way);T;Stirnweg;49.8666;8.630847;50.0;;;;;;Interpoliert;130.2;-0.38;asphalt;primary;Stirnweg;5;Kurs 6
Routenpunkt (Way);T;;49.866613;8.631021;50.0;;;;;;Interpoliert (15m);130.2;-0.19;asphalt;primary;Stirnweg;5;Kurs 6
Routenpunkt (Way);T;Stirnweg;49.866626;8.631194;50.0;;;;;;Original OSM;130.2;0.0;asphalt;primary;Stirnweg;5;Kurs 6
Haltestelle;W;Darmstadt Pfalzweg NHaardtring;49.866612;8.631327;50.0;;;Kein Umlauf;Mo,Di,Mi,Do,Fr;446.0;Original GTFS (Snap-Distanz 77m) | Auf Route gesnappt (77m);130.2;0.0;asphalt;primary;Haardtring;5;Kurs 6
Routenpunkt (Way);T;;49.866745;8.631335;50.0;;;;;;Interpoliert (15m);130.2;0.0;asphalt;primary;Haardtring;5;Kurs 6
Routenpunkt (Way);T;;49.866877;8.631342;50.0;;;;;;Interpoliert (15m);130.2;0.0;asphalt;primary;Haardtring;5;Kurs 6
Routenpunkt (Way);T;;49.86701;8.63135;50.0;;;;;;Interpoliert (15m);130.2;0.0;asphalt;primary;;5;Kurs 6
Routenpunkt (Way);T;;49.867142;8.631358;50.0;;;;;;Interpoliert (15m);130.2;0.0;asphalt;primary;;5;Kurs 6
Routenpunkt (Way);T;;49.867275;8.631365;50.0;;;;;;Interpoliert (15m);130.2;-0.27;asphalt;primary;;5;Kurs 6
Routenpunkt (Way);T;;49.867407;8.631373;50.0;;;;;;Interpoliert (15m);130.2;-0.54;asphalt;primary;;5;Kurs 6
Routenpunkt (Way);T;;49.86754;8.631381;50.0;;;;;;Interpoliert (15m);130.0;-0.81;asphalt;primary;;5;Kurs 6
Routenpunkt (Way);T;;49.867672;8.631388;50.0;;;;;;Interpoliert (15m);129.8;-1.08;asphalt;primary;;5;Kurs 6
Routenpunkt (Way);T;;49.867805;8.631396;50.0;;;;;;Interpoliert (15m);129.6;-1.36;asphalt;primary;;5;Kurs 6
Routenpunkt (Way);T;;49.867938;8.631404;50.0;;;;;;Interpoliert (15m);129.4;-1.36;asphalt;primary;;5;Kurs 6
Routenpunkt (Way);T;;49.86807;8.631411;50.0;;;;;;Interpoliert (15m);129.2;-1.08;asphalt;primary;;5;Kurs 6
Routenpunkt (Way);T;;49.868203;8.631419;50.0;;;;;;Interpoliert (15m);129.0;-0.81;asphalt;primary;;5;Kurs 6
Routenpunkt (Way);T;;49.868335;8.631427;50.0;;;;;;Interpoliert (15m);129.0;-0.54;asphalt;primary;;5;Kurs 6
Routenpunkt (Way);T;;49.868468;8.631434;50.0;;;;;;Interpoliert (15m);129.0;0.0;asphalt;primary;;5;Kurs 6
Routenpunkt (Way);T;;49.8686;8.631442;50.0;;;;;;Interpoliert (15m);129.0;0.54;asphalt;primary;;5;Kurs 6
Routenpunkt (Way);T;;49.868733;8.631449;50.0;;;;;;Interpoliert (15m);129.2;0.81;asphalt;primary;;5;Kurs 6
Routenpunkt (Way);T;;49.868865;8.631457;50.0;;;;;;Interpoliert (15m);129.4;1.08;asphalt;primary;;5;Kurs 6
Routenpunkt (Way);T;;49.868998;8.631465;50.0;;;;;;Interpoliert (15m);129.6;1.36;asphalt;primary;;5;Kurs 6
Routenpunkt (Way);T;;49.869131;8.631472;50.0;;;;;;Interpoliert (15m);129.8;1.36;asphalt;primary;;5;Kurs 6
Routenpunkt (Way);T;;49.869263;8.63148;50.0;;;;;;Interpoliert (15m);130.0;1.36;asphalt;primary;;5;Kurs 6
Routenpunkt (Way);T;;49.869396;8.631488;50.0;;;;;;Interpoliert (15m);130.2;1.36;asphalt;primary;;5;Kurs 6
Routenpunkt (Way);T;;49.869528;8.631495;50.0;;;;;;Interpoliert (15m);130.4;1.36;asphalt;primary;;5;Kurs 6
Routenpunkt (Way);T;;49.869661;8.631503;50.0;;;;;;Interpoliert (15m);130.6;1.36;asphalt;primary;;5;Kurs 6
Routenpunkt (Way);T;;49.869793;8.631511;50.0;;;;;;Interpoliert (15m);130.8;1.08;asphalt;primary;;5;Kurs 6
Routenpunkt (Way);T;;49.869926;8.631518;50.0;;;;;;Interpoliert (15m);131.0;0.81;asphalt;primary;;5;Kurs 6
Routenpunkt (Way);T;;49.870058;8.631526;50.0;;;;;;Interpoliert (15m);131.0;0.54;asphalt;primary;;5;Kurs 6
Routenpunkt (Way);T;;49.870191;8.631534;50.0;;;;;;Interpoliert (15m);131.0;0.27;asphalt;primary;;5;Kurs 6
Routenpunkt (Way);T;;49.870324;8.631541;50.0;;;;;;Interpoliert (15m);131.0;0.0;asphalt;primary;;5;Kurs 6
Routenpunkt (Way);T;;49.870456;8.631549;50.0;;;;;;Interpoliert (15m);131.0;0.0;asphalt;primary;;5;Kurs 6
Routenpunkt (Way);T;;49.870589;8.631557;50.0;;;;;;Interpoliert (15m);131.0;0.0;asphalt;primary;;5;Kurs 6
Routenpunkt (Way);T;;49.870721;8.631564;50.0;;;;;;Interpoliert (15m);131.0;0.0;asphalt;primary;;5;Kurs 6
Routenpunkt (Way);T;;49.870854;8.631572;50.0;;;;;;Interpoliert (15m);131.0;0.0;asphalt;primary;;5;Kurs 6
Routenpunkt (Way);T;;49.870986;8.63158;50.0;;;;;;Interpoliert (15m);131.0;0.27;paving_stones;service;Külpstraße;5;Kurs 6
Routenpunkt (Way);T;;49.871119;8.631587;50.0;;;;;;Interpoliert (15m);131.0;0.54;paving_stones;service;Külpstraße;5;Kurs 6
Routenpunkt (Way);T;;49.871251;8.631595;50.0;;;;;;Interpoliert (15m);131.2;0.81;paving_stones;service;Külpstraße;5;Kurs 6
Routenpunkt (Way);T;;49.871384;8.631602;50.0;;;;;;Interpoliert (15m);131.4;1.08;sett;service;Am Fürstenbahnhof;5;Kurs 6
Routenpunkt (Way);T;;49.871517;8.63161;50.0;;;;;;Interpoliert (15m);131.6;1.63;sett;service;Am Fürstenbahnhof;5;Kurs 6
Routenpunkt (Way);T;;49.871649;8.631618;50.0;;;;;;Interpoliert (15m);131.8;1.9;asphalt;pedestrian;Am Hauptbahnhof;5;Kurs 6
Routenpunkt (Way);T;;49.871782;8.631625;50.0;;;;;;Interpoliert (15m);132.2;2.17;asphalt;pedestrian;Am Hauptbahnhof;5;Kurs 6
Routenpunkt (Way);T;;49.871914;8.631633;50.0;;;;;;Interpoliert (15m);132.6;1.9;paving_stones;pedestrian;Am Hauptbahnhof;5;Kurs 6
Routenpunkt (Way);A;Am Hauptbahnhof (Ampel);49.872047;8.631641;50.0;;;;;;Original OSM;133.0;1.77;paving_stones;pedestrian;Am Hauptbahnhof;5;Kurs 6
Haltestelle;W;Darmstadt Hauptbahnhof Ost;49.872047;8.631641;50.0;09:55:00;09:55:00;Kein Umlauf;Mo,Di,Mi,Do,Fr;446.0;Original GTFS (Snap-Distanz 37m) | Auf Route gesnappt (37m);133.1;1.37;paving_stones;pedestrian;Am Hauptbahnhof;5;Kurs 6
Routenpunkt (Way);T;;49.871922;8.631685;50.0;;;;;;Interpoliert (15m);133.2;0.65;paving_stones;pedestrian;Am Hauptbahnhof;5;Kurs 6
Routenpunkt (Way);T;Am Hauptbahnhof;49.871798;8.63173;50.0;;;;;;Original OSM;133.3;-0.06;asphalt;pedestrian;Am Hauptbahnhof;5;Kurs 6
Routenpunkt (Way);T;;49.871718;8.631834;50.0;;;;;;Interpoliert (15m);133.2;-0.25;asphalt;pedestrian;Am Hauptbahnhof;5;Kurs 6
Routenpunkt (Way);T;Am Hauptbahnhof;49.871638;8.631939;50.0;;;;;;Interpoliert;133.1;-0.58;paving_stones;pedestrian;Am Hauptbahnhof;5;Kurs 6
Routenpunkt (Way);T;Am Hauptbahnhof;49.871554;8.632013;50.0;;;;;;Original OSM;133.0;-1.26;paving_stones;pedestrian;Am Hauptbahnhof;5;Kurs 6
Routenpunkt (Way);T;Am Hauptbahnhof;49.871471;8.632083;50.0;;;;;;Interpoliert;132.9;-1.62;paving_stones;pedestrian;Am Hauptbahnhof;5;Kurs 6
Routenpunkt (Way);T;;49.871384;8.632158;50.0;;;;;;Interpoliert (15m);132.6;-1.45;paving_stones;pedestrian;Am Hauptbahnhof;5;Kurs 6
Routenpunkt (Way);T;Am Hauptbahnhof;49.871296;8.632234;50.0;;;;;;Original OSM;132.3;-0.84;paving_stones;pedestrian;Am Hauptbahnhof;5;Kurs 6
Routenpunkt (Way);T;;49.871184;8.632328;50.0;;;;;;Interpoliert (15m);132.3;-0.17;paving_stones;pedestrian;Am Hauptbahnhof;5;Kurs 6
Routenpunkt (Way);T;Am Hauptbahnhof;49.871073;8.632422;50.0;;;;;;Interpoliert;132.6;0.85;paving_stones;pedestrian;Am Hauptbahnhof;5;Kurs 6
Routenpunkt (Way);T;Am Hauptbahnhof;49.870975;8.632506;50.0;;;;;;Interpoliert;132.9;1.86;paving_stones;pedestrian;Am Hauptbahnhof;5;Kurs 6
Routenpunkt (Way);T;Am Hauptbahnhof;49.870876;8.63259;50.0;;;;;;Interpoliert;133.2;2.3;paving_stones;pedestrian;Am Hauptbahnhof;5;Kurs 6
Routenpunkt (Way);T;Am Hauptbahnhof;49.870777;8.632674;50.0;;;;;;Interpoliert;133.5;2.6;paving_stones;pedestrian;Am Hauptbahnhof;5;Kurs 6
Routenpunkt (Way);T;Am Hauptbahnhof;49.870668;8.632766;50.0;;;;;;Original OSM;133.8;2.88;paving_stones;pedestrian;Am Hauptbahnhof;5;Kurs 6
Routenpunkt (Way);T;Am Hauptbahnhof;49.870561;8.632861;50.0;;;;;;Interpoliert;134.3;3.17;paving_stones;pedestrian;Am Hauptbahnhof;5;Kurs 6
Routenpunkt (Way);T;;49.87048;8.632994;50.0;;;;;;Interpoliert (15m);134.8;3.65;asphalt;busway;Am Hauptbahnhof;5;Kurs 6
Routenpunkt (Way);T;Am Hauptbahnhof;49.870399;8.633126;50.0;;;;;;Original OSM;135.3;3.59;asphalt;busway;Am Hauptbahnhof;5;Kurs 6
Routenpunkt (Way);A;Ampel;49.870399;8.633272;50.0;;;;;;Interpoliert (15m);135.8;2.87;asphalt;busway;Am Hauptbahnhof;5;Kurs 6
Routenpunkt (Way);T;;49.870399;8.633418;50.0;;;;;;Interpoliert (15m);136.0;2.1;asphalt;busway;Rheinstraße;5;Kurs 6
Routenpunkt (Way);T;Rheinstraße;49.870399;8.633564;50.0;;;;;;Interpoliert;136.0;1.34;asphalt;busway;Rheinstraße;5;Kurs 6
Routenpunkt (Way);T;Rheinstraße;49.870425;8.633749;50.0;;;;;;Interpoliert;136.0;0.38;asphalt;busway;Rheinstraße;5;Kurs 6
Routenpunkt (Way);T;Rheinstraße;49.87045;8.633933;50.0;;;;;;Original OSM;136.0;0.0;asphalt;busway;Rheinstraße;5;Kurs 6
Routenpunkt (Way);T;Rheinstraße;49.870477;8.634133;50.0;;;;;;Interpoliert;136.0;-0.27;asphalt;busway;Rheinstraße;5;Kurs 6
Routenpunkt (Way);T;Rheinstraße;49.870505;8.634333;50.0;;;;;;Interpoliert;136.0;-0.55;asphalt;busway;Rheinstraße;5;Kurs 6
Routenpunkt (Way);T;Rheinstraße;49.870533;8.634533;50.0;;;;;;Interpoliert;135.8;-0.82;asphalt;busway;Rheinstraße;5;Kurs 6
Routenpunkt (Way);T;Rheinstraße;49.87056;8.634733;50.0;;;;;;Interpoliert;135.6;-1.09;asphalt;busway;Rheinstraße;5;Kurs 6
Routenpunkt (Way);T;Rheinstraße;49.870588;8.634934;50.0;;;;;;Interpoliert;135.4;-1.09;asphalt;busway;Rheinstraße;5;Kurs 6
Routenpunkt (Way);T;Rheinstraße;49.870615;8.635134;50.0;;;;;;Interpoliert;135.2;-0.4;asphalt;busway;Rheinstraße;5;Kurs 6
Routenpunkt (Way);T;Rheinstraße;49.870643;8.635334;50.0;;;;;;Interpoliert;135.2;0.28;asphalt;busway;Rheinstraße;5;Kurs 6
Routenpunkt (Way);T;;49.870649;8.635468;50.0;;;;;;Interpoliert (15m);135.4;1.09;asphalt;busway;Rheinstraße;5;Kurs 6
Routenpunkt (Way);T;Rheinstraße;49.870655;8.635603;50.0;;;;;;Original OSM;135.6;1.68;asphalt;busway;Rheinstraße;5;Kurs 6
Haltestelle;W;Darmstadt Berliner Allee;49.870692;8.63569;50.0;;;Kein Umlauf;Mo,Di,Mi,Do,Fr;446.0;Original GTFS (Snap-Distanz 8m) | Auf Route gesnappt (8m);135.8;1.96;asphalt;busway;Rheinstraße;5;Kurs 6
Routenpunkt (Way);T;Berliner Allee;49.870683;8.635868;50.0;;;;;;Interpoliert;136.0;1.55;asphalt;busway;Rheinstraße;5;Kurs 6
Routenpunkt (Way);T;;49.870712;8.636057;50.0;;;;;;Interpoliert (15m);136.2;1.14;asphalt;busway;Rheinstraße;5;Kurs 6
Routenpunkt (Way);T;Berliner Allee;49.87074;8.636245;50.0;;;;;;Interpoliert;136.2;0.6;asphalt;busway;Rheinstraße;5;Kurs 6
Routenpunkt (Way);T;;49.870757;8.636381;50.0;;;;;;Interpoliert (15m);136.2;0.29;asphalt;busway;Rheinstraße;5;Kurs 6
Routenpunkt (Way);T;Berliner Allee;49.870774;8.636517;50.0;;;;;;Original OSM;136.2;0.0;asphalt;busway;Rheinstraße;5;Kurs 6
Routenpunkt (Way);T;;49.870806;8.636632;50.0;;;;;;Interpoliert (15m);136.2;0.0;asphalt;busway;Rheinstraße;5;Kurs 6
Routenpunkt (Way);T;Rheinstraße;49.870837;8.636746;50.0;;;;;;Interpoliert;136.2;0.0;asphalt;busway;Rheinstraße;5;Kurs 6
Routenpunkt (Way);T;Rheinstraße;49.870864;8.636941;50.0;;;;;;Interpoliert;136.2;0.0;asphalt;busway;Rheinstraße;5;Kurs 6
Routenpunkt (Way);T;Rheinstraße;49.870891;8.637136;50.0;;;;;;Interpoliert;136.2;0.0;asphalt;busway;Rheinstraße;5;Kurs 6
Routenpunkt (Way);T;Rheinstraße;49.870918;8.637331;50.0;;;;;;Interpoliert;136.2;0.0;asphalt;busway;Rheinstraße;5;Kurs 6
Routenpunkt (Way);T;Rheinstraße;49.870945;8.637526;50.0;;;;;;Interpoliert;136.2;0.28;asphalt;busway;Rheinstraße;5;Kurs 6
Routenpunkt (Way);T;Rheinstraße;49.870972;8.637722;50.0;;;;;;Interpoliert;136.2;0.56;asphalt;busway;Rheinstraße;5;Kurs 6
Routenpunkt (Way);T;Rheinstraße;49.870998;8.637917;50.0;;;;;;Interpoliert;136.4;0.84;asphalt;busway;Rheinstraße;5;Kurs 6
Routenpunkt (Way);T;Rheinstraße;49.871025;8.638112;50.0;;;;;;Interpoliert;136.6;0.98;asphalt;busway;Rheinstraße;5;Kurs 6
Routenpunkt (Way);T;Rheinstraße;49.871052;8.638307;50.0;;;;;;Interpoliert;136.8;0.84;asphalt;busway;Rheinstraße;5;Kurs 6
Routenpunkt (Way);T;Rheinstraße;49.871079;8.638502;50.0;;;;;;Interpoliert;136.9;0.42;asphalt;busway;;5;Kurs 6
Routenpunkt (Way);T;Rheinstraße;49.871106;8.638697;50.0;;;;;;Interpoliert;136.8;-0.0;asphalt;busway;;5;Kurs 6
Routenpunkt (Way);T;Rheinstraße;49.871133;8.638892;50.0;;;;;;Interpoliert;136.7;-0.14;asphalt;busway;;5;Kurs 6
Routenpunkt (Way);T;Rheinstraße;49.87116;8.639087;50.0;;;;;;Interpoliert;136.6;-0.14;asphalt;busway;;5;Kurs 6
Routenpunkt (Way);T;Rheinstraße;49.871186;8.639282;50.0;;;;;;Interpoliert;136.7;0.14;asphalt;busway;;5;Kurs 6
Routenpunkt (Way);T;Rheinstraße;49.871213;8.639477;50.0;;;;;;Interpoliert;136.8;0.42;asphalt;busway;Rheinstraße;5;Kurs 6
Routenpunkt (Way);T;Rheinstraße;49.87124;8.639672;50.0;;;;;;Original OSM;136.9;0.7;asphalt;busway;Rheinstraße;5;Kurs 6
Routenpunkt (Way);T;Rheinstraße;49.871267;8.639864;50.0;;;;;;Interpoliert;137.0;0.85;asphalt;busway;Rheinstraße;5;Kurs 6
Routenpunkt (Way);T;Rheinstraße;49.871293;8.640056;50.0;;;;;;Interpoliert;137.1;1.14;asphalt;busway;Rheinstraße;5;Kurs 6
Routenpunkt (Way);T;Rheinstraße;49.87132;8.640248;50.0;;;;;;Interpoliert;137.3;1.42;asphalt;busway;Rheinstraße;5;Kurs 6
Routenpunkt (Way);T;Rheinstraße;49.871346;8.64044;50.0;;;;;;Interpoliert;137.6;1.71;asphalt;busway;Rheinstraße;5;Kurs 6
Routenpunkt (Way);T;Rheinstraße;49.871372;8.640632;50.0;;;;;;Interpoliert;137.9;1.85;asphalt;busway;Rheinstraße;5;Kurs 6
Routenpunkt (Way);T;Rheinstraße;49.871399;8.640824;50.0;;;;;;Interpoliert;138.2;1.56;asphalt;busway;Rheinstraße;5;Kurs 6
Routenpunkt (Way);T;Rheinstraße;49.871425;8.641015;50.0;;;;;;Interpoliert;138.4;1.14;asphalt;busway;Rheinstraße;5;Kurs 6
Routenpunkt (Way);T;Rheinstraße;49.871452;8.641207;50.0;;;;;;Interpoliert;138.4;0.71;asphalt;busway;Rheinstraße;5;Kurs 6
Routenpunkt (Way);T;Rheinstraße;49.871478;8.641399;50.0;;;;;;Original OSM;138.4;0.28;asphalt;busway;Rheinstraße;5;Kurs 6
Routenpunkt (Way);T;;49.871501;8.641564;50.0;;;;;;Interpoliert (15m);138.4;0.17;asphalt;busway;Rheinstraße;5;Kurs 6
Routenpunkt (Way);T;Rheinstraße;49.871524;8.641729;50.0;;;;;;Original OSM;138.4;0.17;asphalt;busway;Rheinstraße;5;Kurs 6
Routenpunkt (Way);T;;49.871546;8.641887;50.0;;;;;;Interpoliert (15m);138.5;0.17;asphalt;busway;Rheinstraße;5;Kurs 6
Routenpunkt (Way);T;Rheinstraße;49.871568;8.642045;50.0;;;;;;Interpoliert;138.5;0.17;asphalt;busway;Rheinstraße;5;Kurs 6
Routenpunkt (Way);T;Rheinstraße;49.871594;8.642232;50.0;;;;;;Interpoliert;138.5;0.32;asphalt;busway;Rheinstraße;5;Kurs 6
Routenpunkt (Way);T;Rheinstraße;49.871619;8.64242;50.0;;;;;;Interpoliert;138.5;0.44;asphalt;busway;Rheinstraße;5;Kurs 6
Routenpunkt (Way);T;Rheinstraße;49.871645;8.642607;50.0;;;;;;Interpoliert;138.6;0.72;asphalt;busway;Rheinstraße;5;Kurs 6
Routenpunkt (Way);T;Rheinstraße;49.871671;8.642795;50.0;;;;;;Interpoliert;138.8;1.0;asphalt;busway;Rheinstraße;5;Kurs 6
Routenpunkt (Way);T;;49.871683;8.642993;50.0;;;;;;Interpoliert (15m);139.0;1.32;asphalt;busway;Rheinstraße;5;Kurs 6
Routenpunkt (Way);T;Rheinstraße;49.871696;8.64319;50.0;;;;;;Interpoliert;139.2;1.49;asphalt;busway;Rheinstraße;5;Kurs 6
Routenpunkt (Way);T;;49.871721;8.643361;50.0;;;;;;Interpoliert (15m);139.4;1.36;asphalt;busway;Rheinstraße;5;Kurs 6
Routenpunkt (Way);T;;49.871746;8.643531;50.0;;;;;;Interpoliert (15m);139.6;1.24;asphalt;busway;Rheinstraße;5;Kurs 6
Routenpunkt (Way);T;;49.871771;8.643701;50.0;;;;;;Interpoliert (15m);139.7;1.1;asphalt;busway;Rheinstraße;5;Kurs 6
Routenpunkt (Way);T;Rhein-/Neckarstraße;49.871796;8.643871;50.0;;;;;;Interpoliert;139.8;0.92;asphalt;busway;Rheinstraße;5;Kurs 6
Routenpunkt (Way);T;;49.871832;8.644064;50.0;;;;;;Interpoliert (15m);139.9;0.74;asphalt;busway;Rheinstraße;5;Kurs 6
Routenpunkt (Way);T;;49.871868;8.644257;50.0;;;;;;Interpoliert (15m);140.0;0.77;asphalt;busway;Rheinstraße;5;Kurs 6
Routenpunkt (Way);T;Rheinstraße;49.871904;8.64445;50.0;;;;;;Original OSM;140.1;0.76;asphalt;busway;Rheinstraße;5;Kurs 6
Haltestelle;W;Darmstadt Rhein-/Neckarstraße;49.871925;8.644589;50.0;;;Kein Umlauf;Mo,Di,Mi,Do,Fr;446.0;Original GTFS (Snap-Distanz 43m) | Auf Route gesnappt (43m);140.2;0.79;asphalt;busway;Rheinstraße;5;Kurs 6
Routenpunkt (Way);T;Rheinstraße;49.871955;8.644779;50.0;;;;;;Original OSM;140.3;0.48;asphalt;busway;Rheinstraße;5;Kurs 6
Routenpunkt (Way);T;;49.871979;8.644939;50.0;;;;;;Interpoliert (15m);140.4;0.19;asphalt;busway;Rheinstraße;5;Kurs 6
Routenpunkt (Way);T;Rheinstraße;49.872003;8.645099;50.0;;;;;;Interpoliert;140.3;-0.15;asphalt;busway;Rheinstraße;5;Kurs 6
Routenpunkt (Way);T;Rheinstraße;49.87203;8.645283;50.0;;;;;;Interpoliert;140.2;-0.44;asphalt;busway;Rheinstraße;5;Kurs 6
Routenpunkt (Way);T;Rheinstraße;49.872057;8.645468;50.0;;;;;;Interpoliert;140.1;-0.76;asphalt;busway;Rheinstraße;5;Kurs 6
Routenpunkt (Way);T;Rheinstraße;49.872084;8.645653;50.0;;;;;;Interpoliert;140.0;-0.15;asphalt;busway;Rheinstraße;5;Kurs 6
Routenpunkt (Way);T;Rheinstraße;49.872111;8.645837;50.0;;;;;;Interpoliert;139.9;0.29;asphalt;busway;Rheinstraße;5;Kurs 6
Routenpunkt (Way);T;Rheinstraße;49.872138;8.646022;50.0;;;;;;Interpoliert;140.2;0.74;asphalt;busway;Rheinstraße;5;Kurs 6
Routenpunkt (Way);T;Rheinstraße;49.872166;8.646207;50.0;;;;;;Interpoliert;140.4;1.18;asphalt;busway;Rheinstraße;5;Kurs 6
Routenpunkt (Way);T;Rheinstraße;49.872193;8.646391;50.0;;;;;;Interpoliert;140.6;1.47;asphalt;busway;Rheinstraße;5;Kurs 6
Routenpunkt (Way);T;Rheinstraße;49.87222;8.646576;50.0;;;;;;Interpoliert;140.8;1.46;asphalt;busway;Rheinstraße;5;Kurs 6
Routenpunkt (Way);T;Rheinstraße;49.872247;8.64676;50.0;;;;;;Original OSM;140.9;1.59;asphalt;busway;Rheinstraße;5;Kurs 6
Routenpunkt (Way);T;Rheinstraße;49.872274;8.646952;50.0;;;;;;Interpoliert;141.2;1.72;asphalt;busway;Rheinstraße;5;Kurs 6
Routenpunkt (Way);T;Rheinstraße;49.872302;8.647144;50.0;;;;;;Interpoliert;141.5;1.85;asphalt;busway;Rheinstraße;5;Kurs 6
Routenpunkt (Way);T;Rheinstraße;49.872329;8.647335;50.0;;;;;;Interpoliert;141.8;2.27;asphalt;busway;Rheinstraße;5;Kurs 6
Routenpunkt (Way);T;Rheinstraße;49.872357;8.647527;50.0;;;;;;Interpoliert;142.1;1.85;asphalt;busway;Rheinstraße;5;Kurs 6
Routenpunkt (Way);T;Rheinstraße;49.872384;8.647719;50.0;;;;;;Interpoliert;142.5;1.42;asphalt;busway;Rheinstraße;5;Kurs 6
Routenpunkt (Way);T;Rheinstraße;49.872412;8.64791;50.0;;;;;;Interpoliert;142.5;0.99;asphalt;busway;Rheinstraße;5;Kurs 6
Routenpunkt (Way);T;Rheinstraße;49.87244;8.648102;50.0;;;;;;Interpoliert;142.5;0.57;asphalt;busway;Rheinstraße;5;Kurs 6
Routenpunkt (Way);T;Rheinstraße;49.872467;8.648294;50.0;;;;;;Interpoliert;142.5;0.14;asphalt;busway;Rheinstraße;5;Kurs 6
Routenpunkt (Way);T;Rheinstraße;49.872495;8.648485;50.0;;;;;;Interpoliert;142.5;0.28;asphalt;busway;Rheinstraße;5;Kurs 6
Routenpunkt (Way);T;Rheinstraße;49.872522;8.648677;50.0;;;;;;Interpoliert;142.6;0.43;asphalt;busway;;5;Kurs 6
Routenpunkt (Way);T;Rheinstraße;49.87255;8.648869;30.0;;;;;;Interpoliert;142.7;0.57;asphalt;residential;Grafenstraße;5;Kurs 6
Routenpunkt (Way);A;Rheinstraße (Ampel);49.872577;8.64906;30.0;;;;;;Original OSM;142.8;1.02;asphalt;residential;Grafenstraße;5;Kurs 6
Routenpunkt (Way);T;Rheinstraße;49.872603;8.649246;30.0;;;;;;Interpoliert;142.9;1.17;asphalt;busway;Rheinstraße;5;Kurs 6
Routenpunkt (Way);T;Rheinstraße;49.872628;8.649431;30.0;;;;;;Interpoliert;143.2;1.32;asphalt;busway;Rheinstraße;5;Kurs 6
Routenpunkt (Way);T;Rheinstraße;49.872654;8.649616;30.0;;;;;;Interpoliert;143.4;1.47;asphalt;busway;Rheinstraße;5;Kurs 6
Routenpunkt (Way);T;Rheinstraße;49.872679;8.649801;30.0;;;;;;Interpoliert;143.6;1.72;asphalt;busway;Rheinstraße;5;Kurs 6
Routenpunkt (Way);T;Rheinstraße;49.872705;8.649986;30.0;;;;;;Interpoliert;143.8;1.48;asphalt;busway;Rheinstraße;5;Kurs 6
Routenpunkt (Way);T;;49.872722;8.650125;30.0;;;;;;Interpoliert (15m);144.0;1.35;asphalt;busway;Rheinstraße;5;Kurs 6
Routenpunkt (Way);T;Luisenplatz;49.872739;8.650264;30.0;;;;;;Original OSM;144.1;1.22;asphalt;unclassified;Luisenplatz;5;Kurs 6
Routenpunkt (Way);T;;49.872736;8.650429;30.0;;;;;;Interpoliert (15m);144.2;1.09;paving_stones;unclassified;Luisenplatz;5;Kurs 6
Routenpunkt (Way);T;Luisenplatz;49.872733;8.650595;30.0;;;;;;Original OSM;144.3;0.88;paving_stones;unclassified;Luisenplatz;5;Kurs 6
Routenpunkt (Way);T;Luisenplatz;49.872713;8.650768;30.0;;;;;;Interpoliert;144.4;0.68;paving_stones;unclassified;Luisenplatz;5;Kurs 6
Routenpunkt (Way);T;Luisenplatz;49.872695;8.650914;30.0;;;;;;Original OSM;144.5;0.52;paving_stones;unclassified;Luisenplatz;5;Kurs 6
Routenpunkt (Way);T;;49.87269;8.651114;30.0;;;;;;Interpoliert (15m);144.5;0.35;paving_stones;unclassified;Luisenplatz;5;Kurs 6
Routenpunkt (Way);T;Luisenplatz;49.872685;8.651314;30.0;;;;;;Original OSM;144.5;0.19;paving_stones;unclassified;Luisenplatz;5;Kurs 6
Haltestelle;W;Darmstadt Luisenplatz;49.872704;8.651351;30.0;10:02:00;10:02:00;Kein Umlauf;Mo,Di,Mi,Do,Fr;446.0;Original GTFS (Snap-Distanz 21m) | Auf Route gesnappt (21m);144.5;0.0;paving_stones;unclassified;Luisenplatz;5;Kurs 6
Routenpunkt (Way);T;Luisenplatz;49.872735;8.651549;30.0;;;;;;Original OSM;144.5;0.14;paving_stones;unclassified;Luisenplatz;5;Kurs 6
Routenpunkt (Way);T;;49.872804;8.651714;30.0;;;;;;Interpoliert (15m);144.5;0.43;paving_stones;unclassified;Luisenplatz;5;Kurs 6
Routenpunkt (Way);T;;49.872872;8.65188;30.0;;;;;;Interpoliert (15m);144.6;0.84;paving_stones;unclassified;Luisenplatz;5;Kurs 6
Routenpunkt (Way);T;Luisenplatz;49.872941;8.652045;30.0;;;;;;Original OSM;144.8;1.25;paving_stones;unclassified;Luisenplatz;5;Kurs 6
Routenpunkt (Way);T;;49.872963;8.652176;30.0;;;;;;Interpoliert (15m);145.0;1.54;asphalt;unclassified;Rheinstraße;5;Kurs 6
Routenpunkt (Way);T;Rheinstraße;49.872985;8.652306;30.0;;;;;;Interpoliert;145.2;1.69;asphalt;unclassified;Rheinstraße;5;Kurs 6
Routenpunkt (Way);T;Rheinstraße;49.873011;8.652495;30.0;;;;;;Interpoliert;145.4;1.69;asphalt;unclassified;Rheinstraße;5;Kurs 6
Routenpunkt (Way);T;Rheinstraße;49.873037;8.652684;30.0;;;;;;Interpoliert;145.6;1.57;asphalt;unclassified;Rheinstraße;5;Kurs 6
Routenpunkt (Way);T;Rheinstraße;49.873063;8.652872;30.0;;;;;;Interpoliert;145.8;1.49;asphalt;unclassified;Rheinstraße;5;Kurs 6
Routenpunkt (Way);T;Rheinstraße;49.873089;8.653061;30.0;;;;;;Interpoliert;146.0;1.54;asphalt;unclassified;Rheinstraße;5;Kurs 6
Routenpunkt (Way);T;;49.873097;8.653226;30.0;;;;;;Interpoliert (15m);146.2;1.59;asphalt;unclassified;Rheinstraße;5;Kurs 6
Routenpunkt (Way);T;;49.873106;8.653391;30.0;;;;;;Interpoliert (15m);146.4;2.13;asphalt;unclassified;Rheinstraße;5;Kurs 6
Routenpunkt (Way);T;Rheinstraße;49.873114;8.653557;30.0;;;;;;Original OSM;146.6;2.67;asphalt;unclassified;Rheinstraße;5;Kurs 6
Routenpunkt (Way);T;;49.873064;8.653706;30.0;;;;;;Interpoliert (15m);147.1;3.17;asphalt;unclassified;Rheinstraße;5;Kurs 6
Routenpunkt (Way);T;;49.873015;8.653854;30.0;;;;;;Interpoliert (15m);147.6;3.65;asphalt;unclassified;Rheinstraße;5;Kurs 6
Routenpunkt (Way);T;Rheinstraße;49.872965;8.654003;30.0;;;;;;Interpoliert;148.1;4.03;asphalt;unclassified;Rheinstraße;5;Kurs 6
Routenpunkt (Way);T;Rheinstraße;49.872898;8.654139;30.0;;;;;;Interpoliert;148.6;4.28;asphalt;unclassified;Rheinstraße;5;Kurs 6
Routenpunkt (Way);T;;49.872845;8.654271;30.0;;;;;;Interpoliert (15m);149.0;4.5;asphalt;unclassified;Rheinstraße;5;Kurs 6
Routenpunkt (Way);T;Rheinstraße;49.872792;8.654403;30.0;;;;;;Original OSM;149.6;4.73;asphalt;unclassified;Rheinstraße;5;Kurs 6
Routenpunkt (Way);T;;49.872796;8.654562;30.0;;;;;;Interpoliert (15m);150.2;4.88;paving_stones;unclassified;Marktplatz;5;Kurs 6
Routenpunkt (Way);T;Marktplatz;49.8728;8.65472;30.0;;;;;;Interpoliert;150.8;5.01;paving_stones;unclassified;Marktplatz;5;Kurs 6
Routenpunkt (Way);T;Marktplatz;49.872817;8.65489;30.0;;;;;;Original OSM;151.4;4.21;paving_stones;unclassified;Marktplatz;5;Kurs 6
Routenpunkt (Way);T;Marktplatz;49.872838;8.655085;30.0;;;;;;Interpoliert;152.0;3.16;paving_stones;unclassified;Marktplatz;5;Kurs 6
Routenpunkt (Way);T;Marktplatz;49.87286;8.655281;30.0;;;;;;Original OSM;152.2;2.1;paving_stones;unclassified;Marktplatz;5;Kurs 6
Haltestelle;W;Darmstadt Schloss;49.87286;8.655281;30.0;10:03:00;10:03:00;Kein Umlauf;Mo,Di,Mi,Do,Fr;446.0;Original GTFS (Snap-Distanz 3m) | Auf Route gesnappt (3m);152.4;0.96;paving_stones;unclassified;Marktplatz;5;Kurs 6
Routenpunkt (Way);T;Marktplatz;49.87286;8.655281;30.0;;;;;;Original OSM;152.3;-0.04;paving_stones;unclassified;Marktplatz;5;Kurs 6
Routenpunkt (Way);T;;49.872907;8.655436;30.0;;;;;;Interpoliert (15m);152.2;-0.75;sett;unclassified;Marktplatz;5;Kurs 6
Routenpunkt (Way);T;Schloss;49.872955;8.655591;30.0;;;;;;Original OSM;152.1;-1.46;sett;unclassified;Marktplatz;5;Kurs 6
Routenpunkt (Way);T;;49.872998;8.655775;30.0;;;;;;Interpoliert (15m);151.8;-2.17;sett;unclassified;Marktplatz;5;Kurs 6
Routenpunkt (Way);T;;49.873042;8.65596;30.0;;;;;;Interpoliert (15m);151.3;-2.84;sett;unclassified;Marktplatz;5;Kurs 6
Routenpunkt (Way);A;Marktplatz (Ampel);49.873085;8.656144;30.0;;;;;;Original OSM;150.8;-3.51;sett;busway;Schlossgraben;5;Kurs 6
Routenpunkt (Way);T;;49.873189;8.656191;30.0;;;;;;Interpoliert (15m);150.3;-3.92;sett;busway;Schlossgraben;5;Kurs 6
Routenpunkt (Way);T;;49.873293;8.656237;30.0;;;;;;Interpoliert (15m);149.8;-4.19;paving_stones;busway;Schlossgraben;5;Kurs 6
Routenpunkt (Way);T;Schlossgraben;49.873397;8.656284;30.0;;;;;;Original OSM;149.3;-3.76;paving_stones;busway;Schlossgraben;5;Kurs 6
Routenpunkt (Way);T;Schlossgraben;49.873486;8.656255;30.0;;;;;;Interpoliert;148.8;-3.22;paving_stones;busway;Schlossgraben;5;Kurs 6
Routenpunkt (Way);T;;49.87361;8.656215;30.0;;;;;;Interpoliert (15m);148.6;-2.39;paving_stones;busway;Schlossgraben;5;Kurs 6
Routenpunkt (Way);T;Schlossgraben;49.873734;8.656175;30.0;;;;;;Original OSM;148.4;-1.55;paving_stones;busway;Schlossgraben;5;Kurs 6
Routenpunkt (Way);T;;49.873827;8.656144;30.0;;;;;;Interpoliert (15m);148.4;-0.2;paving_stones;busway;Schlossgraben;5;Kurs 6
Routenpunkt (Way);T;;49.873921;8.656112;30.0;;;;;;Interpoliert (15m);148.4;0.45;paving_stones;busway;Schlossgraben;5;Kurs 6
Routenpunkt (Way);T;Schlossgraben;49.874015;8.656081;30.0;;;;;;Interpoliert;148.6;1.08;paving_stones;busway;Schlossgraben;5;Kurs 6
Routenpunkt (Way);T;Schlossgraben;49.874111;8.656048;30.0;;;;;;Interpoliert;148.8;1.43;paving_stones;busway;Schlossgraben;5;Kurs 6
Routenpunkt (Way);T;;49.874212;8.656003;30.0;;;;;;Interpoliert (15m);149.0;1.76;paving_stones;busway;;5;Kurs 6
Routenpunkt (Way);T;Schlossgraben;49.874313;8.655958;30.0;;;;;;Original OSM;149.2;1.71;paving_stones;busway;;5;Kurs 6
Routenpunkt (Way);T;;49.874415;8.655901;30.0;;;;;;Interpoliert (15m);149.4;1.78;paving_stones;busway;;5;Kurs 6
Routenpunkt (Way);T;Unbekannt;49.874518;8.655843;30.0;;;;;;Original OSM;149.6;1.88;paving_stones;busway;;5;Kurs 6
Routenpunkt (Way);T;;49.874543;8.655964;50.0;;;;;;Interpoliert (15m);149.8;1.54;asphalt;secondary;Alexanderstraße;5;Kurs 6
Routenpunkt (Way);T;Alexanderstraße;49.874569;8.656085;50.0;;;;;;Original OSM;150.0;1.21;asphalt;secondary;Alexanderstraße;5;Kurs 6
Routenpunkt (Way);T;;49.874586;8.656209;50.0;;;;;;Interpoliert (15m);150.0;0.88;asphalt;secondary;Alexanderstraße;5;Kurs 6
Routenpunkt (Way);T;Alexanderstraße;49.874603;8.656333;50.0;;;;;;Interpoliert;150.0;0.44;asphalt;secondary;Alexanderstraße;5;Kurs 6
Routenpunkt (Way);T;Alexanderstraße;49.874627;8.656509;50.0;;;;;;Interpoliert;150.0;0.0;asphalt;secondary;Alexanderstraße;5;Kurs 6
Routenpunkt (Way);T;;49.87465;8.656654;50.0;;;;;;Interpoliert (15m);150.0;0.0;asphalt;secondary;Alexanderstraße;5;Kurs 6
Routenpunkt (Way);T;Alexanderstraße;49.874673;8.656799;50.0;;;;;;Original OSM;150.0;0.21;asphalt;secondary;Alexanderstraße;5;Kurs 6
Routenpunkt (Way);T;;49.874701;8.656927;50.0;;;;;;Interpoliert (15m);150.0;0.39;asphalt;secondary;Alexanderstraße;5;Kurs 6
Routenpunkt (Way);T;Alexanderstraße;49.874729;8.657054;50.0;;;;;;Interpoliert;150.1;0.58;asphalt;secondary;Alexanderstraße;5;Kurs 6
Routenpunkt (Way);T;;49.874762;8.657195;50.0;;;;;;Interpoliert (15m);150.2;0.76;asphalt;secondary;Alexanderstraße;5;Kurs 6
Routenpunkt (Way);T;Alexanderstraße;49.874795;8.657337;50.0;;;;;;Original OSM;150.3;0.94;asphalt;secondary;Alexanderstraße;5;Kurs 6
Routenpunkt (Way);T;;49.874829;8.657482;50.0;;;;;;Interpoliert (15m);150.4;1.28;asphalt;secondary;Alexanderstraße;5;Kurs 6
Routenpunkt (Way);T;;49.874863;8.657626;50.0;;;;;;Interpoliert (15m);150.5;1.67;asphalt;secondary;Alexanderstraße;5;Kurs 6
Routenpunkt (Way);T;Alexanderstraße;49.874897;8.65777;50.0;;;;;;Interpoliert;150.8;2.35;asphalt;secondary;Alexanderstraße;5;Kurs 6
Routenpunkt (Way);T;Alexanderstraße;49.87494;8.657952;50.0;;;;;;Interpoliert;151.2;3.04;asphalt;secondary;Alexanderstraße;5;Kurs 6
Routenpunkt (Way);T;;49.874968;8.658073;50.0;;;;;;Interpoliert (15m);151.6;3.77;asphalt;secondary;Alexanderstraße;5;Kurs 6
Routenpunkt (Way);T;Alexanderstraße;49.874996;8.658194;50.0;;;;;;Original OSM;152.0;3.91;asphalt;secondary;Alexanderstraße;5;Kurs 6
Routenpunkt (Way);T;;49.875023;8.65831;50.0;;;;;;Interpoliert (15m);152.4;3.82;asphalt;secondary;Alexanderstraße;5;Kurs 6
Routenpunkt (Way);T;Alexanderstraße;49.87505;8.658425;50.0;;;;;;Original OSM;152.7;3.48;asphalt;secondary;Alexanderstraße;5;Kurs 6
Routenpunkt (Way);T;Alexanderstraße;49.875089;8.658583;50.0;;;;;;Original OSM;153.0;3.05;asphalt;secondary;Alexanderstraße;5;Kurs 6
Routenpunkt (Way);T;Alexanderstraße;49.875122;8.658734;50.0;;;;;;Original OSM;153.3;2.58;asphalt;secondary;Alexanderstraße;5;Kurs 6
Routenpunkt (Way);T;Alexanderstraße;49.875164;8.658913;50.0;;;;;;Interpoliert;153.6;2.14;asphalt;secondary;Alexanderstraße;5;Kurs 6
Routenpunkt (Way);T;Alexanderstraße;49.875206;8.659092;50.0;;;;;;Original OSM;153.9;1.65;asphalt;secondary;Alexanderstraße;5;Kurs 6
Routenpunkt (Way);T;;49.87523;8.659199;50.0;;;;;;Interpoliert (15m);154.0;1.46;asphalt;secondary;Alexanderstraße;5;Kurs 6
Routenpunkt (Way);T;Alexanderstraße;49.875255;8.659305;50.0;;;;;;Original OSM;154.0;1.36;asphalt;secondary;Alexanderstraße;5;Kurs 6
Routenpunkt (Way);T;;49.875305;8.659452;50.0;;;;;;Interpoliert (15m);154.2;1.26;asphalt;secondary;Alexanderstraße;5;Kurs 6
Routenpunkt (Way);T;;49.875355;8.659598;50.0;;;;;;Interpoliert (15m);154.4;1.32;asphalt;secondary;Alexanderstraße;5;Kurs 6
Routenpunkt (Way);T;Alexanderstraße;49.875406;8.659744;50.0;;;;;;Original OSM;154.6;1.62;asphalt;secondary;Alexanderstraße;5;Kurs 6
Routenpunkt (Way);T;;49.875472;8.659896;50.0;;;;;;Interpoliert (15m);154.8;1.66;asphalt;secondary;Alexanderstraße;5;Kurs 6
Routenpunkt (Way);T;Alexanderstraße;49.875538;8.660047;50.0;;;;;;Original OSM;155.0;1.58;asphalt;secondary;Alexanderstraße;5;Kurs 6
Routenpunkt (Way);T;Alexanderstraße;49.875595;8.660168;50.0;;;;;;Interpoliert;155.2;1.51;asphalt;secondary;Alexanderstraße;5;Kurs 6
Routenpunkt (Way);T;;49.875634;8.660254;50.0;;;;;;Interpoliert (15m);155.3;1.9;asphalt;secondary;Alexanderstraße;5;Kurs 6
Routenpunkt (Way);T;Alexanderstraße;49.875673;8.660341;50.0;;;;;;Original OSM;155.4;4.4;asphalt;secondary;Alexanderstraße;5;Kurs 6
Routenpunkt (Way);T;Alexanderstraße/TU;49.875769;8.660476;50.0;;;;;;Original OSM;155.9;4.48;asphalt;secondary;Alexanderstraße;5;Kurs 6
Haltestelle;W;Darmstadt Alexanderstraße/TU;49.875741;8.660502;50.0;10:05:00;10:05:00;Kein Umlauf;Mo,Di,Mi,Do,Fr;446.0;Original GTFS (Snap-Distanz 3m) | Auf Route gesnappt (3m);156.4;4.65;asphalt;secondary;Alexanderstraße;5;Kurs 6
Routenpunkt (Way);T;Alexanderstraße/TU;49.875834;8.66062;50.0;;;;;;Interpoliert;156.7;4.82;asphalt;secondary;Alexanderstraße;5;Kurs 6
Routenpunkt (Way);T;;49.875895;8.660787;50.0;;;;;;Interpoliert (15m);157.0;4.54;asphalt;secondary;Alexanderstraße;5;Kurs 6
Routenpunkt (Way);T;Alexanderstraße;49.875956;8.660955;50.0;;;;;;Original OSM;157.3;2.16;asphalt;secondary;Dieburger Straße;5;Kurs 6
Routenpunkt (Way);T;;49.876036;8.661111;50.0;;;;;;Interpoliert (15m);157.6;2.19;asphalt;secondary;Dieburger Straße;5;Kurs 6
Routenpunkt (Way);T;Dieburger Straße;49.876116;8.661268;50.0;;;;;;Interpoliert;157.9;2.57;asphalt;secondary;Dieburger Straße;5;Kurs 6
Routenpunkt (Way);T;Dieburger Straße;49.876184;8.661406;50.0;;;;;;Interpoliert;158.2;2.95;asphalt;secondary;Dieburger Straße;5;Kurs 6
Routenpunkt (Way);T;;49.87624;8.661512;50.0;;;;;;Interpoliert (15m);158.6;2.02;asphalt;secondary;Dieburger Straße;5;Kurs 6
Routenpunkt (Way);A;Dieburger Straße (Ampel);49.876296;8.661618;50.0;;;;;;Original OSM;159.0;1.09;asphalt;secondary;Dieburger Straße;5;Kurs 6
Routenpunkt (Way);T;;49.876366;8.661619;50.0;;;;;;Interpoliert (15m);158.8;0.3;asphalt;secondary;Heinheimer Straße;5;Kurs 6
Routenpunkt (Way);T;Heinheimer Straße;49.876437;8.66162;30.0;;;;;;Original OSM;158.6;-0.86;asphalt;secondary;Heinheimer Straße;5;Kurs 6
Routenpunkt (Way);T;Heinheimer Straße;49.876553;8.661591;30.0;;;;;;Interpoliert;158.4;-2.01;asphalt;secondary;Heinheimer Straße;5;Kurs 6
Routenpunkt (Way);T;Heinheimer Straße;49.876657;8.661569;30.0;;;;;;Interpoliert;158.2;-1.81;asphalt;secondary;Heinheimer Straße;5;Kurs 6
Routenpunkt (Way);T;Heinheimer Straße;49.876762;8.661547;30.0;;;;;;Interpoliert;158.0;-1.81;asphalt;secondary;Heinheimer Straße;5;Kurs 6
Routenpunkt (Way);T;Heinheimer Straße;49.876876;8.661523;30.0;;;;;;Original OSM;157.8;-2.78;asphalt;secondary;Heinheimer Straße;5;Kurs 6
Routenpunkt (Way);T;;49.876945;8.661507;30.0;;;;;;Interpoliert (15m);157.6;-3.12;asphalt;secondary;Heinheimer Straße;5;Kurs 6
Routenpunkt (Way);T;Heinheimer Straße;49.877015;8.66149;30.0;;;;;;Interpoliert;157.1;-3.47;asphalt;secondary;Heinheimer Straße;5;Kurs 6
Routenpunkt (Way);T;Heinheimer Straße;49.877145;8.66146;30.0;;;;;;Interpoliert;156.6;-3.57;asphalt;secondary;Heinheimer Straße;5;Kurs 6
Routenpunkt (Way);T;Heinheimer Straße;49.877275;8.661429;30.0;;;;;;Interpoliert;156.1;-3.47;asphalt;secondary;Heinheimer Straße;5;Kurs 6
Routenpunkt (Way);T;Heinheimer Straße;49.877405;8.661398;30.0;;;;;;Interpoliert;155.8;-2.6;asphalt;secondary;Heinheimer Straße;5;Kurs 6
Routenpunkt (Way);T;Heinheimer Straße;49.877535;8.661367;30.0;;;;;;Interpoliert;155.5;-2.39;asphalt;secondary;Heinheimer Straße;5;Kurs 6
Routenpunkt (Way);T;Heinheimer Straße;49.877664;8.661337;30.0;;;;;;Interpoliert;155.2;-1.87;asphalt;secondary;Heinheimer Straße;5;Kurs 6
Routenpunkt (Way);T;;49.877777;8.661342;30.0;;;;;;Interpoliert (15m);154.9;-1.62;asphalt;secondary;Heinheimer Straße;5;Kurs 6
Routenpunkt (Way);T;;49.87789;8.661348;30.0;;;;;;Interpoliert (15m);154.8;-1.39;asphalt;secondary;Heinheimer Straße;5;Kurs 6
Routenpunkt (Way);T;Heinheimer Straße;49.878003;8.661354;30.0;;;;;;Original OSM;154.7;-0.62;paving_stones;service;;5;Kurs 6
Routenpunkt (Way);T;;49.878061;8.661481;30.0;;;;;;Interpoliert (15m);154.6;-0.32;paving_stones;service;;5;Kurs 6
Routenpunkt (Way);A;Ampel;49.878119;8.661607;30.0;;;;;;Interpoliert (15m);154.8;-0.34;asphalt;secondary;Kranichsteiner Straße;5;Kurs 6
Routenpunkt (Way);T;Kranichsteiner Straße;49.878176;8.661734;30.0;;;;;;Original OSM;154.7;-0.18;asphalt;secondary;Kranichsteiner Straße;5;Kurs 6
Routenpunkt (Way);T;Kranichsteiner Straße;49.878248;8.661836;30.0;;;;;;Interpoliert;154.6;-0.27;asphalt;secondary;Kranichsteiner Straße;5;Kurs 6
Haltestelle;W;Darmstadt Kopernikusplatz;49.878248;8.661836;30.0;10:06:00;10:06:00;Kein Umlauf;Mo,Di,Mi,Do,Fr;446.0;Original GTFS (Snap-Distanz 6m) | Auf Route gesnappt (6m);154.5;-0.89;asphalt;secondary;Kranichsteiner Straße;5;Kurs 6
Routenpunkt (Way);T;;49.878307;8.661893;30.0;;;;;;Interpoliert (15m);154.4;-0.24;asphalt;secondary;Kranichsteiner Straße;5;Kurs 6
Routenpunkt (Way);T;Kopernikusplatz;49.878365;8.661951;30.0;;;;;;Original OSM;154.3;0.1;asphalt;secondary;Kranichsteiner Straße;5;Kurs 6
Routenpunkt (Way);T;;49.878445;8.662081;30.0;;;;;;Interpoliert (15m);154.6;0.29;asphalt;secondary;Kranichsteiner Straße;5;Kurs 6
Routenpunkt (Way);T;Kranichsteiner Straße;49.878524;8.662212;30.0;;;;;;Interpoliert;154.7;0.74;asphalt;secondary;Kranichsteiner Straße;5;Kurs 6
Routenpunkt (Way);T;Kranichsteiner Straße;49.878594;8.662311;30.0;;;;;;Interpoliert;154.8;1.13;asphalt;secondary;Kranichsteiner Straße;5;Kurs 6
Routenpunkt (Way);T;Kranichsteiner Straße;49.878664;8.66241;30.0;;;;;;Original OSM;154.9;1.21;asphalt;secondary;Kranichsteiner Straße;5;Kurs 6
Routenpunkt (Way);T;Kranichsteiner Straße;49.878759;8.662557;30.0;;;;;;Interpoliert;155.0;1.6;asphalt;secondary;Kranichsteiner Straße;5;Kurs 6
Routenpunkt (Way);T;Kranichsteiner Straße;49.878854;8.662703;30.0;;;;;;Original OSM;155.4;1.97;asphalt;secondary;Kranichsteiner Straße;5;Kurs 6
Routenpunkt (Way);T;Kranichsteiner Straße;49.878919;8.662816;30.0;;;;;;Interpoliert;155.7;2.19;asphalt;secondary;Kranichsteiner Straße;5;Kurs 6
Routenpunkt (Way);T;Kranichsteiner Straße;49.878985;8.662929;30.0;;;;;;Interpoliert;156.0;2.47;asphalt;secondary;Kranichsteiner Straße;5;Kurs 6
Routenpunkt (Way);T;;49.879074;8.663075;30.0;;;;;;Interpoliert (15m);156.3;1.78;asphalt;secondary;Kranichsteiner Straße;5;Kurs 6
Routenpunkt (Way);T;Kranichsteiner Straße;49.879163;8.663222;30.0;;;;;;Original OSM;156.6;1.08;asphalt;secondary;Kranichsteiner Straße;5;Kurs 6
Routenpunkt (Way);T;;49.879251;8.663347;30.0;;;;;;Interpoliert (15m);156.5;0.37;asphalt;secondary;Kranichsteiner Straße;5;Kurs 6
Routenpunkt (Way);T;Kranichsteiner Straße;49.879338;8.663472;30.0;;;;;;Interpoliert;156.4;-0.21;asphalt;secondary;Kranichsteiner Straße;5;Kurs 6
Routenpunkt (Way);T;Kranichsteiner Straße;49.879426;8.663586;30.0;;;;;;Original OSM;156.3;-0.79;asphalt;secondary;Kranichsteiner Straße;5;Kurs 6
Routenpunkt (Way);T;Kranichsteiner Straße;49.879517;8.663679;30.0;;;;;;Interpoliert;156.2;-0.47;asphalt;secondary;Kranichsteiner Straße;5;Kurs 6
Routenpunkt (Way);T;Kranichsteiner Straße;49.879607;8.663772;30.0;;;;;;Interpoliert;156.1;0.01;asphalt;secondary;Kranichsteiner Straße;5;Kurs 6
Routenpunkt (Way);T;Kranichsteiner Straße;49.879698;8.663866;30.0;;;;;;Interpoliert;156.2;0.56;asphalt;secondary;Kranichsteiner Straße;5;Kurs 6
Routenpunkt (Way);T;Kranichsteiner Straße;49.879788;8.663959;30.0;;;;;;Original OSM;156.4;1.11;asphalt;secondary;Kranichsteiner Straße;5;Kurs 6
Routenpunkt (Way);T;Kranichsteiner Straße;49.879864;8.664039;30.0;;;;;;Interpoliert;156.6;1.69;asphalt;secondary;Kranichsteiner Straße;5;Kurs 6
Routenpunkt (Way);T;Kranichsteiner Straße;49.879941;8.664119;30.0;;;;;;Interpoliert;156.8;1.93;asphalt;secondary;Kranichsteiner Straße;5;Kurs 6
Routenpunkt (Way);T;;49.880017;8.664188;30.0;;;;;;Interpoliert (15m);157.0;1.9;asphalt;secondary;Kranichsteiner Straße;5;Kurs 6
Routenpunkt (Way);T;Kranichsteiner Straße;49.880093;8.664256;30.0;;;;;;Original OSM;157.2;1.81;asphalt;secondary;Kranichsteiner Straße;5;Kurs 6
Routenpunkt (Way);T;;49.880197;8.664348;30.0;;;;;;Interpoliert (15m);157.4;2.05;asphalt;secondary;Kranichsteiner Straße;5;Kurs 6
Routenpunkt (Way);T;Taunusplatz;49.8803;8.664439;30.0;;;;;;Original OSM;157.6;2.09;asphalt;secondary;Kranichsteiner Straße;5;Kurs 6
Haltestelle;W;Darmstadt Taunusplatz;49.880348;8.664489;30.0;10:07:00;10:07:00;Kein Umlauf;Mo,Di,Mi,Do,Fr;446.0;Original GTFS (Snap-Distanz 2m) | Auf Route gesnappt (3m);157.8;1.0;asphalt;secondary;Kranichsteiner Straße;5;Kurs 6
Routenpunkt (Way);T;;49.880408;8.664569;30.0;;;;;;Interpoliert (15m);158.0;0.17;asphalt;secondary;Kranichsteiner Straße;5;Kurs 6
Routenpunkt (Way);T;Taunusplatz;49.880468;8.664649;30.0;;;;;;Original OSM;157.7;-0.66;asphalt;secondary;Kranichsteiner Straße;5;Kurs 6
Routenpunkt (Way);T;;49.88055;8.664744;30.0;;;;;;Interpoliert (15m);157.4;-1.71;asphalt;secondary;Kranichsteiner Straße;5;Kurs 6
Routenpunkt (Way);T;Kranichsteiner Straße;49.880632;8.664839;30.0;;;;;;Interpoliert;157.1;-2.58;asphalt;secondary;Kranichsteiner Straße;5;Kurs 6
Routenpunkt (Way);T;Kranichsteiner Straße;49.880741;8.664943;30.0;;;;;;Interpoliert;156.8;-2.49;asphalt;secondary;Kranichsteiner Straße;5;Kurs 6
Routenpunkt (Way);T;Kranichsteiner Straße;49.88085;8.665046;30.0;;;;;;Original OSM;156.5;-2.42;asphalt;secondary;Kranichsteiner Straße;5;Kurs 6
Routenpunkt (Way);T;Kranichsteiner Straße;49.880928;8.665122;30.0;;;;;;Original OSM;156.2;-2.3;asphalt;secondary;Kranichsteiner Straße;5;Kurs 6
Routenpunkt (Way);T;Kranichsteiner Straße;49.881031;8.66521;30.0;;;;;;Original OSM;155.9;-2.98;asphalt;secondary;Kranichsteiner Straße;5;Kurs 6
Routenpunkt (Way);T;Kranichsteiner Straße;49.881153;8.665284;30.0;;;;;;Interpoliert;155.6;-3.65;asphalt;secondary;Kranichsteiner Straße;5;Kurs 6
Routenpunkt (Way);T;Kranichsteiner Straße;49.881275;8.665357;30.0;;;;;;Interpoliert;154.8;-3.76;asphalt;secondary;Kranichsteiner Straße;5;Kurs 6
Routenpunkt (Way);T;Kranichsteiner Straße;49.881397;8.665431;30.0;;;;;;Interpoliert;154.0;-4.24;asphalt;secondary;Kranichsteiner Straße;5;Kurs 6
Routenpunkt (Way);T;Kranichsteiner Straße;49.881519;8.665504;30.0;;;;;;Interpoliert;153.5;-4.77;asphalt;secondary;Kranichsteiner Straße;5;Kurs 6
Routenpunkt (Way);T;;49.881608;8.665558;30.0;;;;;;Interpoliert (15m);153.0;-4.84;asphalt;secondary;Kranichsteiner Straße;5;Kurs 6
Routenpunkt (Way);A;Kranichsteiner Straße (Ampel);49.881697;8.665612;30.0;;;;;;Original OSM;152.5;-4.67;asphalt;secondary;Kranichsteiner Straße;5;Kurs 6
Routenpunkt (Way);T;;49.881769;8.665654;30.0;;;;;;Interpoliert (15m);152.0;-4.9;asphalt;secondary;Kranichsteiner Straße;5;Kurs 6
Routenpunkt (Way);T;Kranichsteiner Straße;49.881841;8.665695;50.0;;;;;;Original OSM;151.6;-4.88;asphalt;secondary;Kranichsteiner Straße;5;Kurs 6
Routenpunkt (Way);T;;49.881917;8.66573;50.0;;;;;;Interpoliert (15m);151.2;-4.7;asphalt;secondary;Kranichsteiner Straße;5;Kurs 6
Routenpunkt (Way);T;Kranichsteiner Straße;49.881992;8.665765;50.0;;;;;;Original OSM;150.8;-3.12;asphalt;secondary;Kranichsteiner Straße;5;Kurs 6
Haltestelle;W;Darmstadt Am Karlshof;49.882082;8.66581;50.0;10:08:00;10:08:00;Kein Umlauf;Mo,Di,Mi,Do,Fr;446.0;Original GTFS (Snap-Distanz 2m) | Auf Route gesnappt (2m);150.4;-1.78;asphalt;secondary;Kranichsteiner Straße;5;Kurs 6
Routenpunkt (Way);T;;49.882168;8.665834;50.0;;;;;;Interpoliert (15m);150.6;-0.6;asphalt;secondary;Kranichsteiner Straße;5;Kurs 6
Routenpunkt (Way);T;Am Karlshof (Bussteig Richtung Süd);49.882255;8.665859;50.0;;;;;;Original OSM;150.8;0.58;asphalt;secondary;Kranichsteiner Straße;5;Kurs 6
Routenpunkt (Way);T;;49.882376;8.665951;50.0;;;;;;Interpoliert (15m);151.0;1.62;asphalt;secondary;Kranichsteiner Straße;5;Kurs 6
Routenpunkt (Way);T;Kranichsteiner Straße;49.882498;8.666043;50.0;;;;;;Interpoliert;151.2;1.48;asphalt;secondary;Kranichsteiner Straße;5;Kurs 6
Routenpunkt (Way);T;;49.882621;8.666117;50.0;;;;;;Interpoliert (15m);151.4;1.25;asphalt;secondary;Kranichsteiner Straße;5;Kurs 6
Routenpunkt (Way);T;Kranichsteiner Straße;49.882745;8.666191;50.0;;;;;;Original OSM;151.6;1.17;asphalt;secondary;Kranichsteiner Straße;5;Kurs 6
Routenpunkt (Way);T;;49.882839;8.666249;50.0;;;;;;Interpoliert (15m);151.7;0.19;asphalt;secondary;Kranichsteiner Straße;5;Kurs 6
Routenpunkt (Way);T;;49.882933;8.666307;50.0;;;;;;Interpoliert (15m);151.8;-0.76;asphalt;secondary;Kranichsteiner Straße;5;Kurs 6
Routenpunkt (Way);T;Kranichsteiner Straße;49.883027;8.666364;50.0;;;;;;Interpoliert;151.4;-1.59;asphalt;secondary;Kranichsteiner Straße;5;Kurs 6
Routenpunkt (Way);T;Kranichsteiner Straße;49.883126;8.666427;50.0;;;;;;Interpoliert;151.0;-2.33;asphalt;secondary;Kranichsteiner Straße;5;Kurs 6
Routenpunkt (Way);T;;49.883215;8.666482;50.0;;;;;;Interpoliert (15m);150.7;-3.1;asphalt;secondary;Kranichsteiner Straße;5;Kurs 6
Routenpunkt (Way);T;Kranichsteiner Straße;49.883304;8.666538;50.0;;;;;;Original OSM;150.4;-2.98;asphalt;secondary;Kranichsteiner Straße;5;Kurs 6
Routenpunkt (Way);T;;49.883389;8.666589;50.0;;;;;;Interpoliert (15m);150.1;-2.86;asphalt;secondary;Kranichsteiner Straße;5;Kurs 6
Routenpunkt (Way);T;Kranichsteiner Straße;49.883474;8.66664;50.0;;;;;;Interpoliert;149.8;-2.75;asphalt;secondary;Kranichsteiner Straße;5;Kurs 6
Routenpunkt (Way);T;Kranichsteiner Straße;49.883566;8.666692;50.0;;;;;;Original OSM;149.5;-3.24;asphalt;secondary;Kranichsteiner Straße;5;Kurs 6
Routenpunkt (Way);T;Kranichsteiner Straße;49.883676;8.666763;50.0;;;;;;Interpoliert;149.2;-3.7;asphalt;secondary;Kranichsteiner Straße;5;Kurs 6
Routenpunkt (Way);T;Kranichsteiner Straße;49.883787;8.666835;50.0;;;;;;Interpoliert;148.5;-3.4;asphalt;secondary;Kranichsteiner Straße;5;Kurs 6
Routenpunkt (Way);T;Kranichsteiner Straße;49.883897;8.666907;50.0;;;;;;Interpoliert;147.8;-3.15;asphalt;secondary;Kranichsteiner Straße;5;Kurs 6
Routenpunkt (Way);T;Kranichsteiner Straße;49.884008;8.666979;50.0;;;;;;Interpoliert;147.6;-3.37;asphalt;secondary;Kranichsteiner Straße;5;Kurs 6
Routenpunkt (Way);T;Kranichsteiner Straße;49.884118;8.667051;50.0;;;;;;Original OSM;147.4;-2.99;asphalt;secondary;Kranichsteiner Straße;5;Kurs 6
Routenpunkt (Way);T;Kranichsteiner Straße;49.884215;8.667124;50.0;;;;;;Interpoliert;147.0;-2.43;asphalt;secondary;Kranichsteiner Straße;5;Kurs 6
Routenpunkt (Way);T;Kranichsteiner Straße;49.884312;8.667197;50.0;;;;;;Interpoliert;146.6;-2.61;asphalt;secondary;Kranichsteiner Straße;5;Kurs 6
Routenpunkt (Way);T;;49.884378;8.667249;50.0;;;;;;Interpoliert (15m);146.4;-2.77;asphalt;secondary;Kranichsteiner Straße;5;Kurs 6
Routenpunkt (Way);T;Kranichsteiner Straße;49.884443;8.667301;50.0;;;;;;Original OSM;146.2;-2.56;asphalt;secondary;Kranichsteiner Straße;5;Kurs 6
Routenpunkt (Way);T;;49.884496;8.667391;50.0;;;;;;Interpoliert (15m);146.0;-1.59;asphalt;secondary;Kranichsteiner Straße;5;Kurs 6
Routenpunkt (Way);T;Kranichsteiner Straße;49.884549;8.667481;50.0;;;;;;Interpoliert;145.8;-0.35;asphalt;secondary;Kranichsteiner Straße;5;Kurs 6
Routenpunkt (Way);T;Kranichsteiner Straße;49.884621;8.66763;50.0;;;;;;Interpoliert;146.0;0.58;asphalt;secondary;Kranichsteiner Straße;5;Kurs 6
Routenpunkt (Way);T;Kranichsteiner Straße;49.884693;8.667779;50.0;;;;;;Interpoliert;146.5;1.49;asphalt;secondary;Kranichsteiner Straße;5;Kurs 6
Routenpunkt (Way);T;Kranichsteiner Straße;49.884765;8.667928;50.0;;;;;;Interpoliert;146.8;2.4;asphalt;secondary;Kranichsteiner Straße;5;Kurs 6
Routenpunkt (Way);T;Kranichsteiner Straße;49.884837;8.668078;50.0;;;;;;Interpoliert;147.1;2.55;asphalt;secondary;Kranichsteiner Straße;5;Kurs 6
Routenpunkt (Way);T;Kranichsteiner Straße;49.884908;8.668227;50.0;;;;;;Interpoliert;147.4;1.95;asphalt;secondary;Kranichsteiner Straße;5;Kurs 6
Routenpunkt (Way);T;Kranichsteiner Straße;49.88498;8.668376;50.0;;;;;;Interpoliert;147.7;1.69;asphalt;secondary;Kranichsteiner Straße;5;Kurs 6
Routenpunkt (Way);T;Kranichsteiner Straße;49.885052;8.668526;50.0;;;;;;Original OSM;147.8;2.02;asphalt;secondary;Kranichsteiner Straße;5;Kurs 6
Routenpunkt (Way);T;Kranichsteiner Straße;49.885123;8.668619;50.0;;;;;;Interpoliert;147.9;2.4;asphalt;secondary;Kranichsteiner Straße;5;Kurs 6
Routenpunkt (Way);T;Kranichsteiner Straße;49.885194;8.668712;50.0;;;;;;Interpoliert;148.3;2.78;asphalt;secondary;Kranichsteiner Straße;5;Kurs 6
Routenpunkt (Way);T;;49.885269;8.668779;50.0;;;;;;Interpoliert (15m);148.7;2.79;asphalt;secondary;Kranichsteiner Straße;5;Kurs 6
Routenpunkt (Way);A;Kranichsteiner Straße (Ampel);49.885344;8.668846;50.0;;;;;;Original OSM;149.1;3.08;asphalt;secondary;Kranichsteiner Straße;5;Kurs 6
Routenpunkt (Way);T;;49.885327;8.669019;50.0;;;;;;Interpoliert (15m);149.2;2.78;asphalt;residential;Schwarzer Weg;5;Kurs 6
Routenpunkt (Way);T;;49.88531;8.669191;50.0;;;;;;Interpoliert (15m);149.5;2.43;asphalt;residential;Schwarzer Weg;5;Kurs 6
Routenpunkt (Way);T;;49.885293;8.669364;50.0;;;;;;Interpoliert (15m);149.8;1.6;asphalt;residential;Schwarzer Weg;5;Kurs 6
Haltestelle;W;Darmstadt Peter-Behrens-Straße;49.885276;8.669537;50.0;10:10:00;10:10:00;Kein Umlauf;Mo,Di,Mi,Do,Fr;446.0;Original GTFS (Snap-Distanz 48m) | Auf Route gesnappt (0m);150.1;1.92;asphalt;residential;Schwarzer Weg;5;Kurs 6
Routenpunkt (Way);T;Schwarzer Weg;49.885276;8.669537;30.0;;;;;;Original OSM;150.4;1.92;asphalt;residential;Schwarzer Weg;5;Kurs 6
Routenpunkt (Way);T;Schwarzer Weg;49.88528;8.669711;30.0;;;;;;Interpoliert;150.7;1.44;asphalt;residential;Schwarzer Weg;5;Kurs 6
Routenpunkt (Way);T;Schwarzer Weg;49.885285;8.669886;30.0;;;;;;Interpoliert;151.0;0.96;asphalt;residential;Schwarzer Weg;5;Kurs 6
Routenpunkt (Way);T;Schwarzer Weg;49.88529;8.67006;30.0;;;;;;Original OSM;151.0;1.13;asphalt;residential;Schwarzer Weg;5;Kurs 6
Routenpunkt (Way);T;;49.885307;8.670219;30.0;;;;;;Interpoliert (15m);151.0;0.85;asphalt;residential;Schwarzer Weg;5;Kurs 6
Routenpunkt (Way);T;Schwarzer Weg;49.885325;8.670377;30.0;;;;;;Original OSM;151.1;0.56;asphalt;residential;Schwarzer Weg;5;Kurs 6
Routenpunkt (Way);T;;49.885354;8.670514;30.0;;;;;;Interpoliert (15m);151.2;0.74;asphalt;residential;Schwarzer Weg;5;Kurs 6
Routenpunkt (Way);T;Schwarzer Weg;49.885384;8.670651;30.0;;;;;;Interpoliert;151.3;0.91;asphalt;residential;Schwarzer Weg;5;Kurs 6
Routenpunkt (Way);T;Schwarzer Weg;49.885424;8.670797;30.0;;;;;;Interpoliert;151.4;1.29;asphalt;residential;Schwarzer Weg;5;Kurs 6
Routenpunkt (Way);T;Schwarzer Weg;49.885464;8.670944;30.0;;;;;;Original OSM;151.5;1.66;asphalt;residential;Schwarzer Weg;5;Kurs 6
Routenpunkt (Way);T;Schwarzer Weg;49.885509;8.671132;30.0;;;;;;Interpoliert;151.9;2.02;asphalt;residential;Schwarzer Weg;5;Kurs 6
Routenpunkt (Way);T;Schwarzer Weg;49.885554;8.67132;30.0;;;;;;Interpoliert;152.3;2.69;asphalt;residential;Schwarzer Weg;5;Kurs 6
Routenpunkt (Way);T;Schwarzer Weg;49.8856;8.671508;30.0;;;;;;Original OSM;152.7;3.36;asphalt;residential;Schwarzer Weg;5;Kurs 6
Routenpunkt (Way);T;;49.885629;8.671632;30.0;;;;;;Interpoliert (15m);153.1;3.55;asphalt;residential;Schwarzer Weg;5;Kurs 6
Routenpunkt (Way);T;Schwarzer Weg;49.885658;8.671755;30.0;;;;;;Original OSM;153.5;3.49;asphalt;residential;Schwarzer Weg;5;Kurs 6
Routenpunkt (Way);T;;49.885684;8.671861;30.0;;;;;;Interpoliert (15m);153.8;3.28;asphalt;residential;Schwarzer Weg;5;Kurs 6
Routenpunkt (Way);T;Schwarzer Weg;49.885709;8.671967;30.0;;;;;;Interpoliert;154.0;2.78;asphalt;residential;Schwarzer Weg;5;Kurs 6
Routenpunkt (Way);T;;49.885745;8.672117;30.0;;;;;;Interpoliert (15m);154.2;2.41;asphalt;residential;Schwarzer Weg;5;Kurs 6
Routenpunkt (Way);T;Schwarzer Weg;49.885781;8.672268;30.0;;;;;;Original OSM;154.4;1.59;asphalt;residential;Schwarzer Weg;5;Kurs 6
Routenpunkt (Way);T;;49.885826;8.672407;30.0;;;;;;Interpoliert (15m);154.67;1.0;asphalt;residential;Schwarzer Weg;5;Kurs 6
Routenpunkt (Way);T;;49.885871;8.672547;30.0;;;;;;Interpoliert (15m);154.62;0.46;asphalt;residential;Schwarzer Weg;5;Kurs 6
Routenpunkt (Way);T;Schwarzer Weg;49.885916;8.672686;30.0;;;;;;Original OSM;154.57;0.14;asphalt;residential;Schwarzer Weg;5;Kurs 6
Haltestelle;W;Darmstadt Alfred-Messel-Weg;49.885945;8.672777;30.0;10:12:00;10:12:00;Kein Umlauf;Mo,Di,Mi,Do,Fr;446.0;Original GTFS (Snap-Distanz 3m) | Auf Route gesnappt (4m);154.5;-0.61;asphalt;residential;Schwarzer Weg;5;Kurs 6
Haltestelle;W;Darmstadt Alfred-Messel-Weg;49.885945;8.672777;30.0;10:26:00;10:26:00;Kein Umlauf;Mo,Di,Mi,Do,Fr;446.0;Original GTFS (Snap-Distanz 3m) | Auf Route gesnappt (4m);154.4;0.67;asphalt;residential;Schwarzer Weg;6;Kurs 6
Routenpunkt (Way);T;Alfred-Messel-Weg;49.885916;8.672686;30.0;;;;;;Interpoliert;154.5;0.62;asphalt;residential;Schwarzer Weg;6;Kurs 6
Routenpunkt (Way);T;;49.885871;8.672547;30.0;;;;;;Interpoliert (15m);154.57;0.57;asphalt;residential;Schwarzer Weg;6;Kurs 6
Routenpunkt (Way);T;;49.885826;8.672407;30.0;;;;;;Interpoliert (15m);154.62;0.11;asphalt;residential;Schwarzer Weg;6;Kurs 6
Routenpunkt (Way);T;Schwarzer Weg;49.885781;8.672268;30.0;;;;;;Original OSM;154.67;-0.51;asphalt;residential;Schwarzer Weg;6;Kurs 6
Routenpunkt (Way);T;;49.885745;8.672117;30.0;;;;;;Interpoliert (15m);154.4;-1.14;asphalt;residential;Schwarzer Weg;6;Kurs 6
Routenpunkt (Way);T;Schwarzer Weg;49.885709;8.671967;30.0;;;;;;Interpoliert;154.2;-1.73;asphalt;residential;Schwarzer Weg;6;Kurs 6
Routenpunkt (Way);T;;49.885684;8.671861;30.0;;;;;;Interpoliert (15m);154.0;-2.44;asphalt;residential;Schwarzer Weg;6;Kurs 6
Routenpunkt (Way);T;Schwarzer Weg;49.885658;8.671755;30.0;;;;;;Original OSM;153.8;-2.82;asphalt;residential;Schwarzer Weg;6;Kurs 6
Routenpunkt (Way);T;;49.885629;8.671632;30.0;;;;;;Interpoliert (15m);153.5;-3.03;asphalt;residential;Schwarzer Weg;6;Kurs 6
Routenpunkt (Way);T;Schwarzer Weg;49.8856;8.671508;30.0;;;;;;Original OSM;153.1;-3.09;asphalt;residential;Schwarzer Weg;6;Kurs 6
Routenpunkt (Way);T;Schwarzer Weg;49.885554;8.67132;30.0;;;;;;Interpoliert;152.7;-3.15;asphalt;residential;Schwarzer Weg;6;Kurs 6
Routenpunkt (Way);T;Schwarzer Weg;49.885509;8.671132;30.0;;;;;;Interpoliert;152.3;-3.22;asphalt;residential;Schwarzer Weg;6;Kurs 6
Routenpunkt (Way);T;Schwarzer Weg;49.885464;8.670944;30.0;;;;;;Original OSM;151.9;-2.55;asphalt;residential;Schwarzer Weg;6;Kurs 6
Routenpunkt (Way);T;Schwarzer Weg;49.885424;8.670797;30.0;;;;;;Interpoliert;151.5;-2.18;asphalt;residential;Schwarzer Weg;6;Kurs 6
Routenpunkt (Way);T;Schwarzer Weg;49.885384;8.670651;30.0;;;;;;Interpoliert;151.4;-1.82;asphalt;residential;Schwarzer Weg;6;Kurs 6
Routenpunkt (Way);T;;49.885354;8.670514;30.0;;;;;;Interpoliert (15m);151.3;-1.44;asphalt;residential;Schwarzer Weg;6;Kurs 6
Routenpunkt (Way);T;Schwarzer Weg;49.885325;8.670377;30.0;;;;;;Original OSM;151.2;-0.91;asphalt;residential;Schwarzer Weg;6;Kurs 6
Routenpunkt (Way);T;;49.885307;8.670219;30.0;;;;;;Interpoliert (15m);151.1;-0.73;asphalt;residential;Schwarzer Weg;6;Kurs 6
Routenpunkt (Way);T;Schwarzer Weg;49.88529;8.67006;30.0;;;;;;Original OSM;151.0;-0.54;asphalt;residential;Schwarzer Weg;6;Kurs 6
Routenpunkt (Way);T;Schwarzer Weg;49.885285;8.669886;30.0;;;;;;Interpoliert;151.0;-0.83;asphalt;residential;Schwarzer Weg;6;Kurs 6
Routenpunkt (Way);T;Schwarzer Weg;49.88528;8.669711;30.0;;;;;;Interpoliert;151.0;-0.65;asphalt;residential;Schwarzer Weg;6;Kurs 6
Routenpunkt (Way);T;Schwarzer Weg;49.885276;8.669537;30.0;;;;;;Original OSM;150.7;-1.04;asphalt;residential;Schwarzer Weg;6;Kurs 6
Haltestelle;W;Darmstadt Peter-Behrens-Straße;49.885276;8.669537;30.0;10:27:00;10:27:00;Kein Umlauf;Mo,Di,Mi,Do,Fr;446.0;Original GTFS (Snap-Distanz 0m) | Auf Route gesnappt (0m);150.4;-1.59;asphalt;residential;Schwarzer Weg;6;Kurs 6
Routenpunkt (Way);T;;49.885284;8.669387;30.0;;;;;;Interpoliert (15m);150.1;-2.19;asphalt;residential;Schwarzer Weg;6;Kurs 6
Routenpunkt (Way);T;Schwarzer Weg;49.885292;8.669237;30.0;;;;;;Original OSM;149.8;-2.31;asphalt;residential;Schwarzer Weg;6;Kurs 6
Routenpunkt (Way);T;;49.885279;8.669098;30.0;;;;;;Interpoliert (15m);149.5;-2.49;asphalt;residential;Schwarzer Weg;6;Kurs 6
Routenpunkt (Way);A;Schwarzer Weg (Ampel);49.885266;8.668959;30.0;;;;;;Interpoliert;149.2;-2.7;asphalt;residential;Schwarzer Weg;6;Kurs 6
Routenpunkt (Way);T;Schwarzer Weg;49.885266;8.668804;30.0;;;;;;Original OSM;149.1;-2.92;asphalt;residential;Schwarzer Weg;6;Kurs 6
Routenpunkt (Way);T;Kranichsteiner Straße;49.885194;8.668712;50.0;;;;;;Interpoliert;148.7;-3.1;asphalt;secondary;Kranichsteiner Straße;6;Kurs 6
Routenpunkt (Way);T;Kranichsteiner Straße;49.885123;8.668619;50.0;;;;;;Interpoliert;148.3;-2.65;asphalt;secondary;Kranichsteiner Straße;6;Kurs 6
Routenpunkt (Way);T;Kranichsteiner Straße;49.885052;8.668526;50.0;;;;;;Original OSM;147.9;-2.62;asphalt;secondary;Kranichsteiner Straße;6;Kurs 6
Routenpunkt (Way);T;Kranichsteiner Straße;49.88498;8.668376;50.0;;;;;;Interpoliert;147.8;-2.3;asphalt;secondary;Kranichsteiner Straße;6;Kurs 6
Routenpunkt (Way);T;Kranichsteiner Straße;49.884908;8.668227;50.0;;;;;;Interpoliert;147.7;-1.97;asphalt;secondary;Kranichsteiner Straße;6;Kurs 6
Routenpunkt (Way);T;Kranichsteiner Straße;49.884837;8.668078;50.0;;;;;;Interpoliert;147.4;-1.65;asphalt;secondary;Kranichsteiner Straße;6;Kurs 6
Routenpunkt (Way);T;Kranichsteiner Straße;49.884765;8.667928;50.0;;;;;;Interpoliert;147.1;-1.95;asphalt;secondary;Kranichsteiner Straße;6;Kurs 6
Routenpunkt (Way);T;Kranichsteiner Straße;49.884693;8.667779;50.0;;;;;;Interpoliert;146.8;-2.55;asphalt;secondary;Kranichsteiner Straße;6;Kurs 6
Routenpunkt (Way);T;Kranichsteiner Straße;49.884621;8.66763;50.0;;;;;;Interpoliert;146.5;-2.56;asphalt;secondary;Kranichsteiner Straße;6;Kurs 6
Routenpunkt (Way);T;Kranichsteiner Straße;49.884549;8.667481;50.0;;;;;;Interpoliert;146.0;-1.65;asphalt;secondary;Kranichsteiner Straße;6;Kurs 6
Routenpunkt (Way);T;;49.884496;8.667391;50.0;;;;;;Interpoliert (15m);145.8;-0.71;asphalt;secondary;Kranichsteiner Straße;6;Kurs 6
Routenpunkt (Way);T;Kranichsteiner Straße;49.884443;8.667301;50.0;;;;;;Original OSM;146.0;0.23;asphalt;secondary;Kranichsteiner Straße;6;Kurs 6
Routenpunkt (Way);T;;49.884378;8.667249;50.0;;;;;;Interpoliert (15m);146.2;1.31;asphalt;secondary;Kranichsteiner Straße;6;Kurs 6
Routenpunkt (Way);T;Kranichsteiner Straße;49.884312;8.667197;50.0;;;;;;Interpoliert;146.4;2.44;asphalt;secondary;Kranichsteiner Straße;6;Kurs 6
Routenpunkt (Way);T;Kranichsteiner Straße;49.884215;8.667124;50.0;;;;;;Interpoliert;146.6;2.58;asphalt;secondary;Kranichsteiner Straße;6;Kurs 6
Routenpunkt (Way);T;Kranichsteiner Straße;49.884118;8.667051;50.0;;;;;;Original OSM;147.0;2.39;asphalt;secondary;Kranichsteiner Straße;6;Kurs 6
Routenpunkt (Way);T;Kranichsteiner Straße;49.884008;8.666979;50.0;;;;;;Interpoliert;147.4;2.2;asphalt;secondary;Kranichsteiner Straße;6;Kurs 6
Routenpunkt (Way);T;Kranichsteiner Straße;49.883897;8.666907;50.0;;;;;;Interpoliert;147.6;2.92;asphalt;secondary;Kranichsteiner Straße;6;Kurs 6
Routenpunkt (Way);T;Kranichsteiner Straße;49.883787;8.666835;50.0;;;;;;Interpoliert;147.8;3.3;asphalt;secondary;Kranichsteiner Straße;6;Kurs 6
Routenpunkt (Way);T;Kranichsteiner Straße;49.883676;8.666763;50.0;;;;;;Interpoliert;148.5;3.25;asphalt;secondary;Kranichsteiner Straße;6;Kurs 6
Routenpunkt (Way);T;Kranichsteiner Straße;49.883566;8.666692;50.0;;;;;;Original OSM;149.2;3.55;asphalt;secondary;Kranichsteiner Straße;6;Kurs 6
Routenpunkt (Way);T;Kranichsteiner Straße;49.883474;8.66664;50.0;;;;;;Interpoliert;149.5;3.84;asphalt;secondary;Kranichsteiner Straße;6;Kurs 6
Routenpunkt (Way);T;;49.883389;8.666589;50.0;;;;;;Interpoliert (15m);149.8;3.35;asphalt;secondary;Kranichsteiner Straße;6;Kurs 6
Routenpunkt (Way);T;Kranichsteiner Straße;49.883303;8.666538;50.0;;;;;;Original OSM;150.1;2.86;asphalt;secondary;Kranichsteiner Straße;6;Kurs 6
Routenpunkt (Way);T;;49.883215;8.666482;50.0;;;;;;Interpoliert (15m);150.4;2.81;asphalt;secondary;Kranichsteiner Straße;6;Kurs 6
Routenpunkt (Way);T;Kranichsteiner Straße;49.883126;8.666427;50.0;;;;;;Interpoliert;150.7;2.93;asphalt;secondary;Kranichsteiner Straße;6;Kurs 6
Routenpunkt (Way);T;Kranichsteiner Straße;49.883027;8.666364;50.0;;;;;;Interpoliert;151.0;3.05;asphalt;secondary;Kranichsteiner Straße;6;Kurs 6
Routenpunkt (Way);T;;49.882933;8.666307;50.0;;;;;;Interpoliert (15m);151.4;2.31;asphalt;secondary;Kranichsteiner Straße;6;Kurs 6
Routenpunkt (Way);T;;49.882839;8.666249;50.0;;;;;;Interpoliert (15m);151.8;1.62;asphalt;secondary;Kranichsteiner Straße;6;Kurs 6
Routenpunkt (Way);T;Kranichsteiner Straße;49.882745;8.666191;50.0;;;;;;Original OSM;151.7;0.84;asphalt;secondary;Kranichsteiner Straße;6;Kurs 6
Routenpunkt (Way);T;;49.882621;8.666117;50.0;;;;;;Interpoliert (15m);151.6;-0.14;asphalt;secondary;Kranichsteiner Straße;6;Kurs 6
Routenpunkt (Way);T;Kranichsteiner Straße;49.882498;8.666043;50.0;;;;;;Interpoliert;151.4;-1.12;asphalt;secondary;Kranichsteiner Straße;6;Kurs 6
Routenpunkt (Way);T;;49.882376;8.665951;50.0;;;;;;Interpoliert (15m);151.2;-1.35;asphalt;secondary;Kranichsteiner Straße;6;Kurs 6
Routenpunkt (Way);T;Kranichsteiner Straße;49.882255;8.665859;50.0;;;;;;Original OSM;151.0;-1.62;asphalt;secondary;Kranichsteiner Straße;6;Kurs 6
Routenpunkt (Way);T;;49.882168;8.665834;50.0;;;;;;Interpoliert (15m);150.8;-1.35;asphalt;secondary;Kranichsteiner Straße;6;Kurs 6
Routenpunkt (Way);T;Kranichsteiner Straße;49.882082;8.66581;50.0;;;;;;Original OSM;150.6;-0.51;asphalt;secondary;Kranichsteiner Straße;6;Kurs 6
Haltestelle;W;Darmstadt Am Karlshof;49.882082;8.66581;50.0;10:29:00;10:29:00;Kein Umlauf;Mo,Di,Mi,Do,Fr;446.0;Original GTFS (Snap-Distanz 2m) | Auf Route gesnappt (2m);150.4;0.33;asphalt;secondary;Kranichsteiner Straße;6;Kurs 6
Routenpunkt (Way);T;Kranichsteiner Straße;49.881962;8.66575;50.0;;;;;;Interpoliert;150.8;1.67;asphalt;secondary;Kranichsteiner Straße;6;Kurs 6
Routenpunkt (Way);T;Kranichsteiner Straße;49.881841;8.665695;50.0;;;;;;Original OSM;151.2;3.02;asphalt;secondary;Kranichsteiner Straße;6;Kurs 6
Routenpunkt (Way);T;;49.881769;8.665654;50.0;;;;;;Interpoliert (15m);151.6;3.96;asphalt;secondary;Kranichsteiner Straße;6;Kurs 6
Routenpunkt (Way);A;Kranichsteiner Straße (Ampel);49.881697;8.665612;50.0;;;;;;Original OSM;152.0;4.33;asphalt;secondary;Kranichsteiner Straße;6;Kurs 6
Routenpunkt (Way);T;;49.881608;8.665558;50.0;;;;;;Interpoliert (15m);152.5;4.44;asphalt;secondary;Kranichsteiner Straße;6;Kurs 6
Routenpunkt (Way);T;Kranichsteiner Straße;49.881519;8.665504;30.0;;;;;;Interpoliert;153.0;4.19;asphalt;secondary;Kranichsteiner Straße;6;Kurs 6
Routenpunkt (Way);T;Kranichsteiner Straße;49.881397;8.665431;30.0;;;;;;Interpoliert;153.5;4.36;asphalt;secondary;Kranichsteiner Straße;6;Kurs 6
Routenpunkt (Way);T;Kranichsteiner Straße;49.881275;8.665357;30.0;;;;;;Interpoliert;154.0;4.51;asphalt;secondary;Kranichsteiner Straße;6;Kurs 6
Routenpunkt (Way);T;Kranichsteiner Straße;49.881153;8.665284;30.0;;;;;;Interpoliert;154.8;4.03;asphalt;secondary;Kranichsteiner Straße;6;Kurs 6
Routenpunkt (Way);T;Kranichsteiner Straße;49.881031;8.66521;30.0;;;;;;Original OSM;155.6;3.93;asphalt;secondary;Kranichsteiner Straße;6;Kurs 6
Routenpunkt (Way);T;Kranichsteiner Straße;49.880928;8.665122;30.0;;;;;;Original OSM;155.9;3.66;asphalt;secondary;Kranichsteiner Straße;6;Kurs 6
Routenpunkt (Way);T;Kranichsteiner Straße;49.88085;8.665046;30.0;;;;;;Original OSM;156.2;2.99;asphalt;secondary;Kranichsteiner Straße;6;Kurs 6
Routenpunkt (Way);T;Kranichsteiner Straße;49.880741;8.664943;30.0;;;;;;Interpoliert;156.5;2.42;asphalt;secondary;Kranichsteiner Straße;6;Kurs 6
Routenpunkt (Way);T;Kranichsteiner Straße;49.880632;8.664839;30.0;;;;;;Interpoliert;156.8;2.49;asphalt;secondary;Kranichsteiner Straße;6;Kurs 6
Routenpunkt (Way);T;;49.88055;8.664744;30.0;;;;;;Interpoliert (15m);157.1;2.58;asphalt;secondary;Kranichsteiner Straße;6;Kurs 6
Routenpunkt (Way);T;Kranichsteiner Straße;49.880468;8.664649;30.0;;;;;;Original OSM;157.4;2.84;asphalt;secondary;Kranichsteiner Straße;6;Kurs 6
Routenpunkt (Way);T;;49.880408;8.664569;30.0;;;;;;Interpoliert (15m);157.7;1.79;asphalt;secondary;Kranichsteiner Straße;6;Kurs 6
Haltestelle;W;Darmstadt Taunusplatz;49.880348;8.664489;30.0;10:30:00;10:30:00;Kein Umlauf;Mo,Di,Mi,Do,Fr;446.0;Original GTFS (Snap-Distanz 2m) | Auf Route gesnappt (3m);158.0;0.96;asphalt;secondary;Kranichsteiner Straße;6;Kurs 6
Routenpunkt (Way);T;Taunusplatz;49.8803;8.664439;30.0;;;;;;Interpoliert;157.8;0.13;asphalt;secondary;Kranichsteiner Straße;6;Kurs 6
Routenpunkt (Way);T;;49.880197;8.664348;30.0;;;;;;Interpoliert (15m);157.6;-0.96;asphalt;secondary;Kranichsteiner Straße;6;Kurs 6
Routenpunkt (Way);T;Kranichsteiner Straße;49.880093;8.664256;30.0;;;;;;Original OSM;157.4;-2.05;asphalt;secondary;Kranichsteiner Straße;6;Kurs 6
Routenpunkt (Way);T;;49.880017;8.664188;30.0;;;;;;Interpoliert (15m);157.2;-1.81;asphalt;secondary;Kranichsteiner Straße;6;Kurs 6
Routenpunkt (Way);T;Kranichsteiner Straße;49.879941;8.664119;30.0;;;;;;Interpoliert;157.0;-1.9;asphalt;secondary;Kranichsteiner Straße;6;Kurs 6
Routenpunkt (Way);T;Kranichsteiner Straße;49.879864;8.664039;30.0;;;;;;Interpoliert;156.8;-1.93;asphalt;secondary;Kranichsteiner Straße;6;Kurs 6
Routenpunkt (Way);T;Kranichsteiner Straße;49.879788;8.663959;30.0;;;;;;Original OSM;156.6;-1.85;asphalt;secondary;Kranichsteiner Straße;6;Kurs 6
Routenpunkt (Way);T;Kranichsteiner Straße;49.879698;8.663866;30.0;;;;;;Interpoliert;156.4;-1.61;asphalt;secondary;Kranichsteiner Straße;6;Kurs 6
Routenpunkt (Way);T;Kranichsteiner Straße;49.879607;8.663772;30.0;;;;;;Interpoliert;156.2;-1.05;asphalt;secondary;Kranichsteiner Straße;6;Kurs 6
Routenpunkt (Way);T;Kranichsteiner Straße;49.879517;8.663679;30.0;;;;;;Interpoliert;156.1;-0.51;asphalt;secondary;Kranichsteiner Straße;6;Kurs 6
Routenpunkt (Way);T;Kranichsteiner Straße;49.879426;8.663586;30.0;;;;;;Original OSM;156.2;-0.02;asphalt;secondary;Kranichsteiner Straße;6;Kurs 6
Routenpunkt (Way);T;Kranichsteiner Straße;49.879338;8.663472;30.0;;;;;;Interpoliert;156.3;0.46;asphalt;secondary;Kranichsteiner Straße;6;Kurs 6
Routenpunkt (Way);A;Ampel;49.879251;8.663347;30.0;;;;;;Interpoliert (15m);156.4;0.76;asphalt;secondary;Kranichsteiner Straße;6;Kurs 6
Routenpunkt (Way);T;Kranichsteiner Straße;49.879163;8.663222;30.0;;;;;;Original OSM;156.5;0.18;asphalt;secondary;Kranichsteiner Straße;6;Kurs 6
Routenpunkt (Way);T;;49.879074;8.663075;30.0;;;;;;Interpoliert (15m);156.6;-0.53;asphalt;secondary;Kranichsteiner Straße;6;Kurs 6
Routenpunkt (Way);T;Kranichsteiner Straße;49.878985;8.662929;30.0;;;;;;Interpoliert;156.3;-1.23;asphalt;secondary;Kranichsteiner Straße;6;Kurs 6
Routenpunkt (Way);T;Kranichsteiner Straße;49.878919;8.662816;30.0;;;;;;Interpoliert;156.0;-1.78;asphalt;secondary;Kranichsteiner Straße;6;Kurs 6
Routenpunkt (Way);T;Kranichsteiner Straße;49.878854;8.662703;30.0;;;;;;Original OSM;155.7;-2.46;asphalt;secondary;Kranichsteiner Straße;6;Kurs 6
Routenpunkt (Way);T;Kranichsteiner Straße;49.878759;8.662557;30.0;;;;;;Interpoliert;155.4;-2.23;asphalt;secondary;Kranichsteiner Straße;6;Kurs 6
Routenpunkt (Way);T;Kranichsteiner Straße;49.878664;8.66241;30.0;;;;;;Original OSM;155.0;-1.87;asphalt;secondary;Kranichsteiner Straße;6;Kurs 6
Routenpunkt (Way);T;Kranichsteiner Straße;49.878594;8.662311;30.0;;;;;;Interpoliert;154.9;-1.76;asphalt;secondary;Kranichsteiner Straße;6;Kurs 6
Routenpunkt (Way);T;Kranichsteiner Straße;49.878524;8.662212;30.0;;;;;;Interpoliert;154.8;-1.8;asphalt;secondary;Kranichsteiner Straße;6;Kurs 6
Routenpunkt (Way);T;;49.878439;8.662076;30.0;;;;;;Interpoliert (15m);154.5;-1.7;asphalt;secondary;Kranichsteiner Straße;6;Kurs 6
Routenpunkt (Way);T;Kranichsteiner Straße;49.878354;8.66194;30.0;;;;;;Original OSM;154.2;-1.32;asphalt;secondary;Kranichsteiner Straße;6;Kurs 6
Haltestelle;W;Darmstadt Kopernikusplatz;49.878248;8.661836;30.0;10:31:00;10:31:00;Kein Umlauf;Mo,Di,Mi,Do,Fr;446.0;Original GTFS (Snap-Distanz 6m) | Auf Route gesnappt (6m);153.9;-0.95;asphalt;secondary;Kranichsteiner Straße;6;Kurs 6
Routenpunkt (Way);T;Kranichsteiner Straße;49.878176;8.661734;30.0;;;;;;Original OSM;154.0;-0.33;asphalt;secondary;Kranichsteiner Straße;6;Kurs 6
Routenpunkt (Way);T;;49.878119;8.661607;30.0;;;;;;Interpoliert (15m);154.1;0.29;asphalt;secondary;Kranichsteiner Straße;6;Kurs 6
Routenpunkt (Way);T;;49.878061;8.661481;30.0;;;;;;Interpoliert (15m);154.2;1.36;paving_stones;service;;6;Kurs 6
Routenpunkt (Way);T;Kranichsteiner Straße;49.878003;8.661354;30.0;;;;;;Original OSM;154.3;1.34;paving_stones;service;;6;Kurs 6
Routenpunkt (Way);T;;49.87789;8.661348;30.0;;;;;;Interpoliert (15m);154.7;1.31;asphalt;secondary;Heinheimer Straße;6;Kurs 6
Routenpunkt (Way);A;Ampel;49.877777;8.661342;30.0;;;;;;Interpoliert (15m);154.8;1.55;asphalt;secondary;Heinheimer Straße;6;Kurs 6
Routenpunkt (Way);T;Heinheimer Straße;49.877664;8.661337;30.0;;;;;;Interpoliert;154.9;1.78;asphalt;secondary;Heinheimer Straße;6;Kurs 6
Routenpunkt (Way);T;Heinheimer Straße;49.877535;8.661367;30.0;;;;;;Interpoliert;155.2;1.55;asphalt;secondary;Heinheimer Straße;6;Kurs 6
Routenpunkt (Way);T;Heinheimer Straße;49.877405;8.661398;30.0;;;;;;Interpoliert;155.5;1.8;asphalt;secondary;Heinheimer Straße;6;Kurs 6
Routenpunkt (Way);T;Heinheimer Straße;49.877275;8.661429;30.0;;;;;;Interpoliert;155.8;2.33;asphalt;secondary;Heinheimer Straße;6;Kurs 6
Routenpunkt (Way);T;Heinheimer Straße;49.877145;8.66146;30.0;;;;;;Interpoliert;156.1;3.19;asphalt;secondary;Heinheimer Straße;6;Kurs 6
Routenpunkt (Way);T;Heinheimer Straße;49.877015;8.66149;30.0;;;;;;Interpoliert;156.6;4.06;asphalt;secondary;Heinheimer Straße;6;Kurs 6
Routenpunkt (Way);T;;49.876945;8.661507;30.0;;;;;;Interpoliert (15m);157.1;3.96;asphalt;secondary;Heinheimer Straße;6;Kurs 6
Routenpunkt (Way);T;Heinheimer Straße;49.876876;8.661523;30.0;;;;;;Original OSM;157.6;3.89;asphalt;secondary;Heinheimer Straße;6;Kurs 6
Routenpunkt (Way);T;Heinheimer Straße;49.876762;8.661547;30.0;;;;;;Interpoliert;157.8;3.55;asphalt;secondary;Heinheimer Straße;6;Kurs 6
Routenpunkt (Way);T;Heinheimer Straße;49.876657;8.661569;30.0;;;;;;Interpoliert;158.0;2.58;asphalt;secondary;Heinheimer Straße;6;Kurs 6
Routenpunkt (Way);T;Heinheimer Straße;49.876553;8.661591;30.0;;;;;;Interpoliert;158.2;1.81;asphalt;secondary;Heinheimer Straße;6;Kurs 6
Routenpunkt (Way);T;Heinheimer Straße;49.876437;8.66162;30.0;;;;;;Original OSM;158.4;2.01;asphalt;secondary;Heinheimer Straße;6;Kurs 6
Routenpunkt (Way);T;;49.876366;8.661619;30.0;;;;;;Interpoliert (15m);158.6;2.08;asphalt;secondary;Heinheimer Straße;6;Kurs 6
Routenpunkt (Way);T;Heinheimer Straße;49.876296;8.661618;30.0;;;;;;Original OSM;158.8;0.92;asphalt;secondary;Dieburger Straße;6;Kurs 6
Routenpunkt (Way);T;;49.87624;8.661512;30.0;;;;;;Interpoliert (15m);159.0;0.13;asphalt;secondary;Dieburger Straße;6;Kurs 6
Routenpunkt (Way);T;Dieburger Straße;49.876184;8.661406;50.0;;;;;;Interpoliert;158.6;-0.8;asphalt;secondary;Dieburger Straße;6;Kurs 6
Routenpunkt (Way);T;Dieburger Straße;49.876116;8.661268;50.0;;;;;;Interpoliert;158.3;-1.73;asphalt;secondary;Dieburger Straße;6;Kurs 6
Routenpunkt (Way);T;;49.876036;8.661111;50.0;;;;;;Interpoliert (15m);158.0;-2.54;asphalt;secondary;Dieburger Straße;6;Kurs 6
Routenpunkt (Way);T;Dieburger Straße;49.875956;8.660955;50.0;;;;;;Original OSM;157.7;-2.13;asphalt;secondary;Dieburger Straße;6;Kurs 6
Routenpunkt (Way);T;;49.875887;8.660778;50.0;;;;;;Interpoliert (15m);157.4;-2.19;asphalt;secondary;Alexanderstraße;6;Kurs 6
Routenpunkt (Way);T;Alexanderstraße;49.875819;8.660601;50.0;;;;;;Original OSM;157.1;-3.03;asphalt;secondary;Alexanderstraße;6;Kurs 6
Haltestelle;W;Darmstadt Alexanderstraße/TU;49.875741;8.660502;50.0;10:33:00;10:33:00;Kein Umlauf;Mo,Di,Mi,Do,Fr;446.0;Original GTFS (Snap-Distanz 3m) | Auf Route gesnappt (3m);156.8;-3.29;asphalt;secondary;Alexanderstraße;6;Kurs 6
Routenpunkt (Way);T;Alexanderstraße/TU;49.875778;8.660468;50.0;;;;;;Original OSM;156.5;-4.2;asphalt;secondary;Alexanderstraße;6;Kurs 6
Routenpunkt (Way);T;Alexanderstraße;49.875673;8.660341;50.0;;;;;;Original OSM;156.0;-4.06;asphalt;secondary;Alexanderstraße;6;Kurs 6
Routenpunkt (Way);T;;49.875634;8.660254;50.0;;;;;;Interpoliert (15m);155.5;-3.9;asphalt;secondary;Alexanderstraße;6;Kurs 6
Routenpunkt (Way);T;Alexanderstraße;49.875595;8.660168;50.0;;;;;;Interpoliert;155.4;-2.94;asphalt;secondary;Alexanderstraße;6;Kurs 6
Routenpunkt (Way);T;Alexanderstraße;49.875538;8.660047;50.0;;;;;;Original OSM;155.2;-2.57;asphalt;secondary;Alexanderstraße;6;Kurs 6
Routenpunkt (Way);T;;49.875472;8.659896;50.0;;;;;;Interpoliert (15m);155.0;-1.58;asphalt;secondary;Alexanderstraße;6;Kurs 6
Routenpunkt (Way);T;Alexanderstraße;49.875406;8.659744;50.0;;;;;;Original OSM;154.8;-1.66;asphalt;secondary;Alexanderstraße;6;Kurs 6
Routenpunkt (Way);T;;49.875355;8.659598;50.0;;;;;;Interpoliert (15m);154.6;-1.62;asphalt;secondary;Alexanderstraße;6;Kurs 6
Routenpunkt (Way);T;;49.875305;8.659452;50.0;;;;;;Interpoliert (15m);154.4;-1.81;asphalt;secondary;Alexanderstraße;6;Kurs 6
Routenpunkt (Way);T;Alexanderstraße;49.875255;8.659305;50.0;;;;;;Original OSM;154.2;-1.5;asphalt;secondary;Alexanderstraße;6;Kurs 6
Routenpunkt (Way);T;;49.87523;8.659199;50.0;;;;;;Interpoliert (15m);154.0;-1.31;asphalt;secondary;Alexanderstraße;6;Kurs 6
Routenpunkt (Way);T;Alexanderstraße;49.875206;8.659092;50.0;;;;;;Original OSM;154.0;-1.42;asphalt;secondary;Alexanderstraße;6;Kurs 6
Routenpunkt (Way);T;Alexanderstraße;49.875164;8.658913;50.0;;;;;;Interpoliert;153.9;-1.6;asphalt;secondary;Alexanderstraße;6;Kurs 6
Routenpunkt (Way);T;Alexanderstraße;49.875122;8.658734;50.0;;;;;;Original OSM;153.6;-1.6;asphalt;secondary;Alexanderstraße;6;Kurs 6
Routenpunkt (Way);T;Alexanderstraße;49.875089;8.658583;50.0;;;;;;Original OSM;153.3;-2.29;asphalt;secondary;Alexanderstraße;6;Kurs 6
Routenpunkt (Way);T;Alexanderstraße;49.87505;8.658425;50.0;;;;;;Original OSM;153.0;-2.82;asphalt;secondary;Alexanderstraße;6;Kurs 6
Routenpunkt (Way);T;;49.875023;8.65831;50.0;;;;;;Interpoliert (15m);152.7;-3.25;asphalt;secondary;Alexanderstraße;6;Kurs 6
Routenpunkt (Way);T;Alexanderstraße;49.874996;8.658194;50.0;;;;;;Original OSM;152.4;-3.59;asphalt;secondary;Alexanderstraße;6;Kurs 6
Routenpunkt (Way);T;;49.874968;8.658073;50.0;;;;;;Interpoliert (15m);152.0;-3.68;asphalt;secondary;Alexanderstraße;6;Kurs 6
Routenpunkt (Way);T;Alexanderstraße;49.87494;8.657952;50.0;;;;;;Interpoliert;151.6;-3.72;asphalt;secondary;Alexanderstraße;6;Kurs 6
Routenpunkt (Way);T;Alexanderstraße;49.874897;8.65777;50.0;;;;;;Interpoliert;151.2;-3.58;asphalt;secondary;Alexanderstraße;6;Kurs 6
Routenpunkt (Way);T;;49.874863;8.657626;50.0;;;;;;Interpoliert (15m);150.8;-2.9;asphalt;secondary;Alexanderstraße;6;Kurs 6
Routenpunkt (Way);T;;49.874829;8.657482;50.0;;;;;;Interpoliert (15m);150.5;-2.21;asphalt;secondary;Alexanderstraße;6;Kurs 6
Routenpunkt (Way);T;Alexanderstraße;49.874795;8.657337;50.0;;;;;;Original OSM;150.4;-1.82;asphalt;secondary;Alexanderstraße;6;Kurs 6
Routenpunkt (Way);T;;49.874762;8.657195;50.0;;;;;;Interpoliert (15m);150.3;-1.3;asphalt;secondary;Alexanderstraße;6;Kurs 6
Routenpunkt (Way);T;Alexanderstraße;49.874729;8.657054;50.0;;;;;;Interpoliert;150.2;-0.97;asphalt;secondary;Alexanderstraße;6;Kurs 6
Routenpunkt (Way);T;;49.874701;8.656927;50.0;;;;;;Interpoliert (15m);150.1;-0.79;asphalt;secondary;Alexanderstraße;6;Kurs 6
Routenpunkt (Way);T;Alexanderstraße;49.874673;8.656799;50.0;;;;;;Original OSM;150.0;-0.6;asphalt;secondary;Alexanderstraße;6;Kurs 6
Routenpunkt (Way);T;;49.87465;8.656654;50.0;;;;;;Interpoliert (15m);150.0;-0.42;asphalt;secondary;Alexanderstraße;6;Kurs 6
Routenpunkt (Way);T;Alexanderstraße;49.874627;8.656509;50.0;;;;;;Interpoliert;150.0;-0.21;asphalt;secondary;Alexanderstraße;6;Kurs 6
Routenpunkt (Way);T;Alexanderstraße;49.874603;8.656333;50.0;;;;;;Interpoliert;150.0;0.0;asphalt;secondary;Alexanderstraße;6;Kurs 6
Routenpunkt (Way);A;Ampel;49.874586;8.656209;50.0;;;;;;Interpoliert (15m);150.0;0.0;asphalt;secondary;Alexanderstraße;6;Kurs 6
Routenpunkt (Way);T;Alexanderstraße;49.874569;8.656085;50.0;;;;;;Original OSM;150.0;-0.44;asphalt;secondary;Alexanderstraße;6;Kurs 6
Routenpunkt (Way);T;;49.874543;8.655964;50.0;;;;;;Interpoliert (15m);150.0;-0.77;asphalt;secondary;Alexanderstraße;6;Kurs 6
Routenpunkt (Way);T;Unbekannt;49.874518;8.655843;50.0;;;;;;Interpoliert;149.8;-1.1;asphalt;busway;;6;Kurs 6
Routenpunkt (Way);T;;49.874415;8.655901;50.0;;;;;;Interpoliert (15m);149.6;-1.44;asphalt;busway;;6;Kurs 6
Routenpunkt (Way);T;Unbekannt;49.874313;8.655958;50.0;;;;;;Original OSM;149.4;-1.78;paving_stones;busway;;6;Kurs 6
Routenpunkt (Way);T;;49.874212;8.656003;50.0;;;;;;Interpoliert (15m);149.2;-1.71;paving_stones;busway;;6;Kurs 6
Routenpunkt (Way);T;Schlossgraben;49.874111;8.656048;50.0;;;;;;Interpoliert;149.0;-1.76;paving_stones;busway;Schlossgraben;6;Kurs 6
Routenpunkt (Way);T;Schlossgraben;49.874015;8.656081;50.0;;;;;;Interpoliert;148.8;-1.8;paving_stones;busway;Schlossgraben;6;Kurs 6
Routenpunkt (Way);T;;49.873921;8.656112;50.0;;;;;;Interpoliert (15m);148.6;-1.46;paving_stones;busway;Schlossgraben;6;Kurs 6
Routenpunkt (Way);T;;49.873827;8.656144;50.0;;;;;;Interpoliert (15m);148.4;-1.11;paving_stones;busway;Schlossgraben;6;Kurs 6
Routenpunkt (Way);T;Schlossgraben;49.873734;8.656175;50.0;;;;;;Original OSM;148.4;-0.46;paving_stones;busway;Schlossgraben;6;Kurs 6
Routenpunkt (Way);T;;49.87361;8.656215;50.0;;;;;;Interpoliert (15m);148.4;0.3;paving_stones;busway;Schlossgraben;6;Kurs 6
Routenpunkt (Way);T;Schlossgraben;49.873486;8.656255;50.0;;;;;;Interpoliert;148.6;1.51;paving_stones;busway;Schlossgraben;6;Kurs 6
Routenpunkt (Way);T;Schlossgraben;49.873397;8.656284;50.0;;;;;;Original OSM;148.8;2.34;paving_stones;busway;Schlossgraben;6;Kurs 6
Routenpunkt (Way);T;;49.873293;8.656237;50.0;;;;;;Interpoliert (15m);149.3;3.17;paving_stones;busway;Schlossgraben;6;Kurs 6
Routenpunkt (Way);T;;49.873189;8.656191;50.0;;;;;;Interpoliert (15m);149.8;3.6;sett;busway;Schlossgraben;6;Kurs 6
Routenpunkt (Way);T;Schlossgraben;49.873085;8.656144;50.0;;;;;;Original OSM;150.3;3.92;sett;busway;Schlossgraben;6;Kurs 6
Routenpunkt (Way);T;;49.873042;8.65596;30.0;;;;;;Interpoliert (15m);150.8;3.79;sett;unclassified;Marktplatz;6;Kurs 6
Routenpunkt (Way);T;;49.872998;8.655775;30.0;;;;;;Interpoliert (15m);151.3;3.45;sett;unclassified;Marktplatz;6;Kurs 6
Routenpunkt (Way);T;Schloss;49.872955;8.655591;30.0;;;;;;Original OSM;151.8;2.78;sett;unclassified;Marktplatz;6;Kurs 6
Routenpunkt (Way);T;;49.872907;8.655436;30.0;;;;;;Interpoliert (15m);152.1;2.07;sett;unclassified;Marktplatz;6;Kurs 6
Routenpunkt (Way);T;Marktplatz;49.87286;8.655281;30.0;;;;;;Original OSM;152.2;1.36;paving_stones;unclassified;Marktplatz;6;Kurs 6
Haltestelle;W;Darmstadt Schloss;49.87286;8.655281;30.0;10:35:00;10:35:00;Kein Umlauf;Mo,Di,Mi,Do,Fr;446.0;Original GTFS (Snap-Distanz 3m) | Auf Route gesnappt (3m);152.3;0.37;paving_stones;unclassified;Marktplatz;6;Kurs 6
Routenpunkt (Way);T;Marktplatz;49.87286;8.655281;30.0;;;;;;Original OSM;152.4;-0.4;paving_stones;unclassified;Marktplatz;6;Kurs 6
Routenpunkt (Way);T;Marktplatz;49.872838;8.655085;30.0;;;;;;Interpoliert;152.2;-1.53;paving_stones;unclassified;Marktplatz;6;Kurs 6
Routenpunkt (Way);T;Marktplatz;49.872817;8.65489;30.0;;;;;;Original OSM;152.0;-2.59;paving_stones;unclassified;Marktplatz;6;Kurs 6
Routenpunkt (Way);T;Marktplatz;49.8728;8.65472;30.0;;;;;;Interpoliert;151.4;-3.65;paving_stones;unclassified;Marktplatz;6;Kurs 6
Routenpunkt (Way);T;;49.872796;8.654562;30.0;;;;;;Interpoliert (15m);150.8;-4.45;paving_stones;unclassified;Marktplatz;6;Kurs 6
Routenpunkt (Way);T;Marktplatz;49.872792;8.654403;30.0;;;;;;Original OSM;150.2;-5.24;asphalt;unclassified;Rheinstraße;6;Kurs 6
Routenpunkt (Way);T;;49.872845;8.654271;30.0;;;;;;Interpoliert (15m);149.6;-4.92;asphalt;unclassified;Rheinstraße;6;Kurs 6
Routenpunkt (Way);T;Rheinstraße;49.872898;8.654139;30.0;;;;;;Interpoliert;149.0;-4.7;asphalt;unclassified;Rheinstraße;6;Kurs 6
Routenpunkt (Way);T;Rheinstraße;49.872965;8.654003;30.0;;;;;;Interpoliert;148.6;-4.47;asphalt;unclassified;Rheinstraße;6;Kurs 6
Routenpunkt (Way);T;;49.873015;8.653854;30.0;;;;;;Interpoliert (15m);148.1;-4.23;asphalt;unclassified;Rheinstraße;6;Kurs 6
Routenpunkt (Way);T;;49.873064;8.653706;30.0;;;;;;Interpoliert (15m);147.6;-3.99;asphalt;unclassified;Rheinstraße;6;Kurs 6
Routenpunkt (Way);T;Rheinstraße;49.873114;8.653557;30.0;;;;;;Original OSM;147.1;-3.68;asphalt;unclassified;Rheinstraße;6;Kurs 6
Routenpunkt (Way);T;;49.873106;8.653391;30.0;;;;;;Interpoliert (15m);146.6;-3.18;asphalt;unclassified;Rheinstraße;6;Kurs 6
Routenpunkt (Way);T;;49.873097;8.653226;30.0;;;;;;Interpoliert (15m);146.4;-2.64;asphalt;unclassified;Rheinstraße;6;Kurs 6
Routenpunkt (Way);T;Rheinstraße;49.873089;8.653061;30.0;;;;;;Interpoliert;146.2;-2.09;asphalt;unclassified;Rheinstraße;6;Kurs 6
Routenpunkt (Way);T;Rheinstraße;49.873063;8.652872;30.0;;;;;;Interpoliert;146.0;-1.54;asphalt;unclassified;Rheinstraße;6;Kurs 6
Routenpunkt (Way);T;Rheinstraße;49.873037;8.652684;30.0;;;;;;Interpoliert;145.8;-1.64;asphalt;unclassified;Rheinstraße;6;Kurs 6
Routenpunkt (Way);T;Rheinstraße;49.873011;8.652495;30.0;;;;;;Interpoliert;145.6;-1.62;asphalt;unclassified;Rheinstraße;6;Kurs 6
Routenpunkt (Way);T;Rheinstraße;49.872985;8.652306;30.0;;;;;;Interpoliert;145.3;-1.65;asphalt;unclassified;Rheinstraße;6;Kurs 6
Routenpunkt (Way);T;;49.872977;8.65213;30.0;;;;;;Interpoliert (15m);145.1;-1.67;asphalt;unclassified;Rheinstraße;6;Kurs 6
Routenpunkt (Way);T;;49.872969;8.651954;30.0;;;;;;Interpoliert (15m);144.9;-1.67;paving_stones;unclassified;Luisenplatz;6;Kurs 6
Routenpunkt (Way);T;Luisenplatz;49.87296;8.651778;30.0;;;;;;Original OSM;144.7;-1.38;paving_stones;unclassified;Luisenplatz;6;Kurs 6
Routenpunkt (Way);T;;49.872875;8.651636;30.0;;;;;;Interpoliert (15m);144.5;-1.06;paving_stones;unclassified;Luisenplatz;6;Kurs 6
Routenpunkt (Way);T;;49.872789;8.651494;30.0;;;;;;Interpoliert (15m);144.4;-0.75;paving_stones;unclassified;Luisenplatz;6;Kurs 6
Haltestelle;W;Darmstadt Luisenplatz;49.872704;8.651351;30.0;10:37:00;10:37:00;Kein Umlauf;Mo,Di,Mi,Do,Fr;446.0;Original GTFS (Snap-Distanz 21m) | Auf Route gesnappt (21m);144.4;-0.43;paving_stones;unclassified;Luisenplatz;6;Kurs 6
Routenpunkt (Way);T;Luisenplatz;49.872685;8.651314;30.0;;;;;;Original OSM;144.4;-0.14;paving_stones;unclassified;Luisenplatz;6;Kurs 6
Routenpunkt (Way);T;;49.87269;8.651114;30.0;;;;;;Interpoliert (15m);144.4;0.19;paving_stones;unclassified;Luisenplatz;6;Kurs 6
Routenpunkt (Way);T;Luisenplatz;49.872695;8.650914;30.0;;;;;;Original OSM;144.4;0.03;paving_stones;unclassified;Luisenplatz;6;Kurs 6
Routenpunkt (Way);T;Luisenplatz;49.872713;8.650768;30.0;;;;;;Interpoliert;144.5;-0.14;paving_stones;unclassified;Luisenplatz;6;Kurs 6
Routenpunkt (Way);T;Luisenplatz;49.872733;8.650595;30.0;;;;;;Original OSM;144.4;-0.31;paving_stones;unclassified;Luisenplatz;6;Kurs 6
Routenpunkt (Way);T;;49.872736;8.650429;30.0;;;;;;Interpoliert (15m);144.3;-0.5;paving_stones;unclassified;Luisenplatz;6;Kurs 6
Routenpunkt (Way);T;Luisenplatz;49.872739;8.650264;30.0;;;;;;Original OSM;144.2;-0.89;asphalt;unclassified;Luisenplatz;6;Kurs 6
Routenpunkt (Way);T;;49.872722;8.650125;30.0;;;;;;Interpoliert (15m);144.1;-1.03;asphalt;busway;Rheinstraße;6;Kurs 6
Routenpunkt (Way);T;Rheinstraße;49.872705;8.649986;30.0;;;;;;Interpoliert;144.0;-1.15;asphalt;busway;Rheinstraße;6;Kurs 6
Routenpunkt (Way);T;Rheinstraße;49.872679;8.649801;30.0;;;;;;Interpoliert;143.8;-1.28;asphalt;busway;Rheinstraße;6;Kurs 6
Routenpunkt (Way);T;Rheinstraße;49.872654;8.649616;30.0;;;;;;Interpoliert;143.6;-1.38;asphalt;busway;Rheinstraße;6;Kurs 6
Routenpunkt (Way);T;Rheinstraße;49.872628;8.649431;30.0;;;;;;Interpoliert;143.4;-1.62;asphalt;busway;Rheinstraße;6;Kurs 6
Routenpunkt (Way);T;Rheinstraße;49.872603;8.649246;30.0;;;;;;Interpoliert;143.2;-1.47;asphalt;busway;Rheinstraße;6;Kurs 6
Routenpunkt (Way);A;Rheinstraße (Ampel);49.872577;8.64906;30.0;;;;;;Original OSM;142.9;-1.32;asphalt;residential;Grafenstraße;6;Kurs 6
Routenpunkt (Way);T;Rheinstraße;49.87255;8.648869;30.0;;;;;;Interpoliert;142.8;-1.16;asphalt;residential;Grafenstraße;6;Kurs 6
Routenpunkt (Way);T;Rheinstraße;49.872522;8.648677;30.0;;;;;;Interpoliert;142.7;-1.01;asphalt;residential;;6;Kurs 6
Routenpunkt (Way);T;Rheinstraße;49.872495;8.648485;30.0;;;;;;Interpoliert;142.6;-0.57;asphalt;busway;Rheinstraße;6;Kurs 6
Routenpunkt (Way);T;Rheinstraße;49.872467;8.648294;30.0;;;;;;Interpoliert;142.5;-0.43;asphalt;busway;Rheinstraße;6;Kurs 6
Routenpunkt (Way);T;Rheinstraße;49.87244;8.648102;30.0;;;;;;Interpoliert;142.5;-0.28;asphalt;busway;Rheinstraße;6;Kurs 6
Routenpunkt (Way);T;Rheinstraße;49.872412;8.64791;30.0;;;;;;Interpoliert;142.5;-0.14;asphalt;busway;Rheinstraße;6;Kurs 6
Routenpunkt (Way);T;Rheinstraße;49.872384;8.647719;30.0;;;;;;Interpoliert;142.5;-0.57;asphalt;busway;Rheinstraße;6;Kurs 6
Routenpunkt (Way);T;Rheinstraße;49.872357;8.647527;30.0;;;;;;Interpoliert;142.5;-0.99;asphalt;busway;Rheinstraße;6;Kurs 6
Routenpunkt (Way);T;Rheinstraße;49.872329;8.647335;30.0;;;;;;Interpoliert;142.1;-1.42;asphalt;busway;Rheinstraße;6;Kurs 6
Routenpunkt (Way);T;Rheinstraße;49.872302;8.647144;30.0;;;;;;Interpoliert;141.8;-1.85;asphalt;busway;Rheinstraße;6;Kurs 6
Routenpunkt (Way);T;Rheinstraße;49.872274;8.646952;30.0;;;;;;Interpoliert;141.5;-2.29;asphalt;busway;Rheinstraße;6;Kurs 6
Routenpunkt (Way);T;Rheinstraße;49.872247;8.64676;30.0;;;;;;Original OSM;141.2;-1.87;asphalt;busway;Rheinstraße;6;Kurs 6
Routenpunkt (Way);T;Rheinstraße;49.87222;8.646576;30.0;;;;;;Interpoliert;140.9;-1.74;asphalt;busway;Rheinstraße;6;Kurs 6
Routenpunkt (Way);T;Rheinstraße;49.872193;8.646391;30.0;;;;;;Interpoliert;140.8;-1.61;asphalt;busway;Rheinstraße;6;Kurs 6
Routenpunkt (Way);T;Rheinstraße;49.872166;8.646207;30.0;;;;;;Interpoliert;140.6;-1.47;asphalt;busway;Rheinstraße;6;Kurs 6
Routenpunkt (Way);T;Rheinstraße;49.872138;8.646022;30.0;;;;;;Interpoliert;140.4;-1.47;asphalt;busway;Rheinstraße;6;Kurs 6
Routenpunkt (Way);T;Rheinstraße;49.872111;8.645837;30.0;;;;;;Interpoliert;140.2;-1.18;asphalt;busway;Rheinstraße;6;Kurs 6
Routenpunkt (Way);T;Rheinstraße;49.872084;8.645653;30.0;;;;;;Interpoliert;139.9;-0.74;asphalt;busway;Rheinstraße;6;Kurs 6
Routenpunkt (Way);T;Rheinstraße;49.872057;8.645468;30.0;;;;;;Interpoliert;140.0;-0.29;asphalt;busway;Rheinstraße;6;Kurs 6
Routenpunkt (Way);T;Rheinstraße;49.87203;8.645283;30.0;;;;;;Interpoliert;140.1;0.15;asphalt;busway;Rheinstraße;6;Kurs 6
Routenpunkt (Way);T;Rheinstraße;49.872003;8.645099;30.0;;;;;;Interpoliert;140.2;0.75;asphalt;busway;Rheinstraße;6;Kurs 6
Routenpunkt (Way);T;;49.871976;8.64492;30.0;;;;;;Interpoliert (15m);140.3;0.42;asphalt;busway;Rheinstraße;6;Kurs 6
Routenpunkt (Way);T;Rheinstraße;49.871949;8.644741;30.0;;;;;;Original OSM;140.4;0.13;asphalt;busway;Rheinstraße;6;Kurs 6
Haltestelle;W;Darmstadt Rhein-/Neckarstraße;49.871925;8.644589;30.0;;;Kein Umlauf;Mo,Di,Mi,Do,Fr;446.0;Original GTFS (Snap-Distanz 43m) | Auf Route gesnappt (43m);140.3;-0.17;asphalt;busway;Rheinstraße;6;Kurs 6
Routenpunkt (Way);T;Rheinstraße;49.871897;8.644404;30.0;;;;;;Original OSM;140.2;-0.48;asphalt;busway;Rheinstraße;6;Kurs 6
Routenpunkt (Way);T;;49.871863;8.644226;30.0;;;;;;Interpoliert (15m);140.1;-0.78;asphalt;busway;Rheinstraße;6;Kurs 6
Routenpunkt (Way);T;;49.87183;8.644049;30.0;;;;;;Interpoliert (15m);140.0;-0.76;asphalt;busway;Rheinstraße;6;Kurs 6
Routenpunkt (Way);T;Rheinstraße;49.871796;8.643871;30.0;;;;;;Original OSM;139.9;-0.77;asphalt;busway;Rheinstraße;6;Kurs 6
Routenpunkt (Way);T;;49.871771;8.643701;30.0;;;;;;Interpoliert (15m);139.8;-0.78;asphalt;busway;Rheinstraße;6;Kurs 6
Routenpunkt (Way);T;;49.871746;8.643531;30.0;;;;;;Interpoliert (15m);139.7;-0.95;asphalt;busway;Rheinstraße;6;Kurs 6
Routenpunkt (Way);T;;49.871721;8.643361;30.0;;;;;;Interpoliert (15m);139.6;-1.08;asphalt;busway;Rheinstraße;6;Kurs 6
Routenpunkt (Way);T;Rhein-/Neckarstraße;49.871696;8.64319;30.0;;;;;;Interpoliert;139.4;-1.2;asphalt;busway;Rheinstraße;6;Kurs 6
Routenpunkt (Way);T;;49.871683;8.642993;30.0;;;;;;Interpoliert (15m);139.2;-1.33;asphalt;busway;Rheinstraße;6;Kurs 6
Routenpunkt (Way);T;Rheinstraße;49.871671;8.642795;30.0;;;;;;Interpoliert;139.0;-1.46;asphalt;busway;Rheinstraße;6;Kurs 6
Routenpunkt (Way);T;Rheinstraße;49.871645;8.642607;30.0;;;;;;Interpoliert;138.8;-1.29;asphalt;busway;Rheinstraße;6;Kurs 6
Routenpunkt (Way);T;Rheinstraße;49.871619;8.64242;30.0;;;;;;Interpoliert;138.6;-1.01;asphalt;busway;Rheinstraße;6;Kurs 6
Routenpunkt (Way);T;Rheinstraße;49.871594;8.642232;30.0;;;;;;Interpoliert;138.5;-0.73;asphalt;busway;Rheinstraße;6;Kurs 6
Routenpunkt (Way);T;Rheinstraße;49.871568;8.642045;30.0;;;;;;Interpoliert;138.5;-0.44;asphalt;busway;Rheinstraße;6;Kurs 6
Routenpunkt (Way);T;;49.871546;8.641887;30.0;;;;;;Interpoliert (15m);138.5;-0.31;asphalt;busway;Rheinstraße;6;Kurs 6
Routenpunkt (Way);T;Rheinstraße;49.871524;8.641729;30.0;;;;;;Original OSM;138.5;-0.17;asphalt;busway;Rheinstraße;6;Kurs 6
Routenpunkt (Way);T;;49.871501;8.641564;30.0;;;;;;Interpoliert (15m);138.4;-0.17;asphalt;busway;Rheinstraße;6;Kurs 6
Routenpunkt (Way);T;Rheinstraße;49.871478;8.641399;30.0;;;;;;Original OSM;138.4;-0.17;asphalt;busway;Rheinstraße;6;Kurs 6
Routenpunkt (Way);T;Rheinstraße;49.871452;8.641207;30.0;;;;;;Interpoliert;138.4;-0.17;asphalt;busway;Rheinstraße;6;Kurs 6
Routenpunkt (Way);T;Rheinstraße;49.871425;8.641015;30.0;;;;;;Interpoliert;138.4;-0.28;asphalt;busway;Rheinstraße;6;Kurs 6
Routenpunkt (Way);T;Rheinstraße;49.871399;8.640824;30.0;;;;;;Interpoliert;138.4;-0.71;asphalt;busway;Rheinstraße;6;Kurs 6
Routenpunkt (Way);T;Rheinstraße;49.871372;8.640632;30.0;;;;;;Interpoliert;138.2;-1.14;asphalt;busway;Rheinstraße;6;Kurs 6
Routenpunkt (Way);T;Rheinstraße;49.871346;8.64044;30.0;;;;;;Interpoliert;137.9;-1.56;asphalt;busway;Rheinstraße;6;Kurs 6
Routenpunkt (Way);T;Rheinstraße;49.87132;8.640248;30.0;;;;;;Interpoliert;137.6;-1.85;asphalt;busway;Rheinstraße;6;Kurs 6
Routenpunkt (Way);T;Rheinstraße;49.871293;8.640056;30.0;;;;;;Interpoliert;137.3;-1.71;asphalt;busway;Rheinstraße;6;Kurs 6
Routenpunkt (Way);T;Rheinstraße;49.871267;8.639864;30.0;;;;;;Interpoliert;137.1;-1.42;asphalt;busway;Rheinstraße;6;Kurs 6
Routenpunkt (Way);T;Rheinstraße;49.87124;8.639672;30.0;;;;;;Original OSM;137.0;-1.13;asphalt;busway;Rheinstraße;6;Kurs 6
Routenpunkt (Way);T;Rheinstraße;49.871213;8.639477;30.0;;;;;;Interpoliert;136.9;-0.85;asphalt;busway;Rheinstraße;6;Kurs 6
Routenpunkt (Way);T;Rheinstraße;49.871186;8.639282;30.0;;;;;;Interpoliert;136.8;-0.7;asphalt;busway;;6;Kurs 6
Routenpunkt (Way);T;Rheinstraße;49.87116;8.639087;30.0;;;;;;Interpoliert;136.7;-0.42;asphalt;busway;;6;Kurs 6
Routenpunkt (Way);T;Rheinstraße;49.871133;8.638892;30.0;;;;;;Interpoliert;136.6;-0.14;asphalt;busway;;6;Kurs 6
Routenpunkt (Way);T;Rheinstraße;49.871106;8.638697;30.0;;;;;;Interpoliert;136.7;0.14;asphalt;busway;;6;Kurs 6
Routenpunkt (Way);T;Rheinstraße;49.871079;8.638502;30.0;;;;;;Interpoliert;136.8;0.14;asphalt;busway;;6;Kurs 6
Routenpunkt (Way);T;Rheinstraße;49.871052;8.638307;30.0;;;;;;Interpoliert;136.9;0.0;asphalt;busway;Rheinstraße;6;Kurs 6
Routenpunkt (Way);T;Rheinstraße;49.871025;8.638112;30.0;;;;;;Interpoliert;136.8;-0.42;asphalt;busway;Rheinstraße;6;Kurs 6
Routenpunkt (Way);T;Rheinstraße;49.870998;8.637917;30.0;;;;;;Interpoliert;136.6;-0.84;asphalt;busway;Rheinstraße;6;Kurs 6
Routenpunkt (Way);T;Rheinstraße;49.870972;8.637722;30.0;;;;;;Interpoliert;136.4;-0.98;asphalt;busway;Rheinstraße;6;Kurs 6
Routenpunkt (Way);T;Rheinstraße;49.870945;8.637526;30.0;;;;;;Interpoliert;136.2;-0.84;asphalt;busway;Rheinstraße;6;Kurs 6
Routenpunkt (Way);T;Rheinstraße;49.870918;8.637331;30.0;;;;;;Interpoliert;136.2;-0.56;asphalt;busway;Rheinstraße;6;Kurs 6
Routenpunkt (Way);T;Rheinstraße;49.870891;8.637136;30.0;;;;;;Interpoliert;136.2;-0.28;asphalt;busway;Rheinstraße;6;Kurs 6
Routenpunkt (Way);T;Rheinstraße;49.870864;8.636941;30.0;;;;;;Interpoliert;136.2;0.0;asphalt;busway;Rheinstraße;6;Kurs 6
Routenpunkt (Way);T;Rheinstraße;49.870837;8.636746;30.0;;;;;;Interpoliert;136.2;0.0;asphalt;busway;Rheinstraße;6;Kurs 6
Routenpunkt (Way);T;;49.870806;8.636632;30.0;;;;;;Interpoliert (15m);136.2;0.0;asphalt;busway;Rheinstraße;6;Kurs 6
Routenpunkt (Way);T;Rheinstraße;49.870774;8.636517;30.0;;;;;;Original OSM;136.2;0.0;asphalt;busway;Rheinstraße;6;Kurs 6
Routenpunkt (Way);T;;49.870757;8.636381;30.0;;;;;;Interpoliert (15m);136.2;0.0;asphalt;busway;Rheinstraße;6;Kurs 6
Routenpunkt (Way);T;Rheinstraße;49.87074;8.636245;30.0;;;;;;Original OSM;136.2;0.0;asphalt;busway;Rheinstraße;6;Kurs 6
Routenpunkt (Way);T;;49.870712;8.636042;30.0;;;;;;Interpoliert (15m);136.2;-0.37;asphalt;busway;Rheinstraße;6;Kurs 6
Routenpunkt (Way);T;Berliner Allee;49.870684;8.635838;30.0;;;;;;Interpoliert;136.2;-0.82;asphalt;busway;Rheinstraße;6;Kurs 6
Haltestelle;W;Darmstadt Berliner Allee;49.870692;8.63569;30.0;;;Kein Umlauf;Mo,Di,Mi,Do,Fr;446.0;Original GTFS (Snap-Distanz 8m) | Auf Route gesnappt (8m);136.0;-1.26;asphalt;busway;Rheinstraße;6;Kurs 6
Routenpunkt (Way);T;Berliner Allee;49.870647;8.635585;30.0;;;;;;Original OSM;135.8;-1.71;asphalt;busway;Rheinstraße;6;Kurs 6
Routenpunkt (Way);T;;49.870645;8.63546;30.0;;;;;;Interpoliert (15m);135.6;-1.98;asphalt;busway;Rheinstraße;6;Kurs 6
Routenpunkt (Way);T;Rheinstraße;49.870643;8.635334;30.0;;;;;;Interpoliert;135.4;-1.61;asphalt;busway;Rheinstraße;6;Kurs 6
Routenpunkt (Way);T;Rheinstraße;49.870615;8.635134;30.0;;;;;;Interpoliert;135.2;-0.89;asphalt;busway;Rheinstraße;6;Kurs 6
Routenpunkt (Way);T;Rheinstraße;49.870588;8.634934;30.0;;;;;;Interpoliert;135.2;-0.17;asphalt;busway;Rheinstraße;6;Kurs 6
Routenpunkt (Way);T;Rheinstraße;49.87056;8.634733;30.0;;;;;;Interpoliert;135.4;0.55;asphalt;busway;Rheinstraße;6;Kurs 6
Routenpunkt (Way);T;Rheinstraße;49.870533;8.634533;30.0;;;;;;Interpoliert;135.6;1.09;asphalt;busway;Rheinstraße;6;Kurs 6
Routenpunkt (Way);T;Rheinstraße;49.870505;8.634333;30.0;;;;;;Interpoliert;135.8;1.09;asphalt;busway;Rheinstraße;6;Kurs 6
Routenpunkt (Way);T;Rheinstraße;49.870477;8.634133;30.0;;;;;;Interpoliert;136.0;0.82;asphalt;busway;Rheinstraße;6;Kurs 6
Routenpunkt (Way);T;Rheinstraße;49.87045;8.633933;30.0;;;;;;Original OSM;136.0;0.55;asphalt;busway;Rheinstraße;6;Kurs 6
Routenpunkt (Way);T;Rheinstraße;49.870425;8.633749;30.0;;;;;;Interpoliert;136.0;0.27;asphalt;busway;Rheinstraße;6;Kurs 6
Routenpunkt (Way);T;Rheinstraße;49.870399;8.633564;30.0;;;;;;Interpoliert;136.0;0.0;asphalt;busway;Rheinstraße;6;Kurs 6
Routenpunkt (Way);T;;49.870399;8.633418;30.0;;;;;;Interpoliert (15m);136.0;-0.38;asphalt;busway;Rheinstraße;6;Kurs 6
Routenpunkt (Way);T;;49.870399;8.633272;30.0;;;;;;Interpoliert (15m);136.0;-1.15;asphalt;busway;Am Hauptbahnhof;6;Kurs 6
Routenpunkt (Way);T;Rheinstraße;49.870399;8.633126;30.0;;;;;;Original OSM;135.8;-1.91;asphalt;busway;Am Hauptbahnhof;6;Kurs 6
Routenpunkt (Way);T;;49.87048;8.632994;30.0;;;;;;Interpoliert (15m);135.3;-2.64;asphalt;busway;Am Hauptbahnhof;6;Kurs 6
Routenpunkt (Way);T;Am Hauptbahnhof;49.870561;8.632861;30.0;;;;;;Interpoliert;134.8;-3.36;paving_stones;pedestrian;Am Hauptbahnhof;6;Kurs 6
Routenpunkt (Way);T;Am Hauptbahnhof;49.870668;8.632766;30.0;;;;;;Original OSM;134.3;-3.46;paving_stones;pedestrian;Am Hauptbahnhof;6;Kurs 6
Routenpunkt (Way);T;Am Hauptbahnhof;49.870777;8.632674;30.0;;;;;;Interpoliert;133.8;-3.18;paving_stones;pedestrian;Am Hauptbahnhof;6;Kurs 6
Routenpunkt (Way);T;Am Hauptbahnhof;49.870876;8.63259;30.0;;;;;;Interpoliert;133.5;-2.89;paving_stones;pedestrian;Am Hauptbahnhof;6;Kurs 6
Routenpunkt (Way);T;Am Hauptbahnhof;49.870975;8.632506;30.0;;;;;;Interpoliert;133.2;-2.59;paving_stones;pedestrian;Am Hauptbahnhof;6;Kurs 6
Routenpunkt (Way);T;Am Hauptbahnhof;49.871073;8.632422;30.0;;;;;;Interpoliert;132.9;-2.29;paving_stones;pedestrian;Am Hauptbahnhof;6;Kurs 6
Routenpunkt (Way);T;;49.871184;8.632328;30.0;;;;;;Interpoliert (15m);132.6;-1.81;paving_stones;pedestrian;Am Hauptbahnhof;6;Kurs 6
Routenpunkt (Way);T;Am Hauptbahnhof;49.871296;8.632234;30.0;;;;;;Original OSM;132.3;-0.79;paving_stones;pedestrian;Am Hauptbahnhof;6;Kurs 6
Routenpunkt (Way);T;;49.871384;8.632158;30.0;;;;;;Interpoliert (15m);132.3;0.26;paving_stones;pedestrian;Am Hauptbahnhof;6;Kurs 6
Routenpunkt (Way);T;Am Hauptbahnhof;49.871471;8.632083;30.0;;;;;;Interpoliert;132.6;0.87;paving_stones;pedestrian;Am Hauptbahnhof;6;Kurs 6
Routenpunkt (Way);T;Am Hauptbahnhof;49.871554;8.632013;30.0;;;;;;Original OSM;132.9;1.78;paving_stones;pedestrian;Am Hauptbahnhof;6;Kurs 6
Routenpunkt (Way);T;Am Hauptbahnhof;49.871638;8.631939;30.0;;;;;;Interpoliert;133.0;2.25;paving_stones;pedestrian;Am Hauptbahnhof;6;Kurs 6
Routenpunkt (Way);T;;49.871727;8.631831;30.0;;;;;;Interpoliert (15m);133.3;2.17;asphalt;pedestrian;Am Hauptbahnhof;6;Kurs 6
Routenpunkt (Way);T;Am Hauptbahnhof;49.871816;8.631723;30.0;;;;;;Original OSM;133.6;1.6;asphalt;pedestrian;Am Hauptbahnhof;6;Kurs 6
Routenpunkt (Way);T;;49.871931;8.631682;30.0;;;;;;Interpoliert (15m);133.9;1.41;paving_stones;pedestrian;Am Hauptbahnhof;6;Kurs 6
Haltestelle;W;Darmstadt Hauptbahnhof Ost;49.872047;8.631641;30.0;10:44:00;10:44:00;Kein Umlauf;Mo,Di,Mi,Do,Fr;446.0;Original GTFS (Snap-Distanz 37m) | Auf Route gesnappt (37m);133.9;0.93;paving_stones;pedestrian;Am Hauptbahnhof;6;Kurs 6
Routenpunkt (Way);T;Am Hauptbahnhof;49.871937;8.631698;30.0;;;;;;Original OSM;133.9;0.01;paving_stones;pedestrian;Am Hauptbahnhof;6;Kurs 6
Routenpunkt (Way);T;;49.87183;8.631782;30.0;;;;;;Interpoliert (15m);133.9;-1.01;asphalt;pedestrian;Am Hauptbahnhof;6;Kurs 6
Routenpunkt (Way);T;Am Hauptbahnhof;49.871722;8.631865;30.0;;;;;;Original OSM;133.6;-1.56;paving_stones;pedestrian;Am Hauptbahnhof;6;Kurs 6
Routenpunkt (Way);T;Am Hauptbahnhof;49.871638;8.631939;30.0;;;;;;Interpoliert;133.3;-1.76;paving_stones;pedestrian;Am Hauptbahnhof;6;Kurs 6
Routenpunkt (Way);T;Am Hauptbahnhof;49.871554;8.632013;30.0;;;;;;Original OSM;133.0;-2.29;paving_stones;pedestrian;Am Hauptbahnhof;6;Kurs 6
Routenpunkt (Way);T;Am Hauptbahnhof;49.871471;8.632083;30.0;;;;;;Interpoliert;132.9;-2.38;paving_stones;pedestrian;Am Hauptbahnhof;6;Kurs 6
Routenpunkt (Way);T;;49.871384;8.632158;30.0;;;;;;Interpoliert (15m);132.6;-1.82;paving_stones;pedestrian;Am Hauptbahnhof;6;Kurs 6
Routenpunkt (Way);T;Am Hauptbahnhof;49.871296;8.632234;30.0;;;;;;Original OSM;132.3;-0.84;paving_stones;pedestrian;Am Hauptbahnhof;6;Kurs 6
Routenpunkt (Way);T;;49.871184;8.632328;30.0;;;;;;Interpoliert (15m);132.3;-0.17;paving_stones;pedestrian;Am Hauptbahnhof;6;Kurs 6
Routenpunkt (Way);T;Am Hauptbahnhof;49.871073;8.632422;30.0;;;;;;Interpoliert;132.6;0.85;paving_stones;pedestrian;Am Hauptbahnhof;6;Kurs 6
Routenpunkt (Way);T;Am Hauptbahnhof;49.870975;8.632506;30.0;;;;;;Interpoliert;132.9;1.86;paving_stones;pedestrian;Am Hauptbahnhof;6;Kurs 6
Routenpunkt (Way);T;Am Hauptbahnhof;49.870876;8.63259;30.0;;;;;;Interpoliert;133.2;2.3;paving_stones;pedestrian;Am Hauptbahnhof;6;Kurs 6
Routenpunkt (Way);T;Am Hauptbahnhof;49.870777;8.632674;30.0;;;;;;Interpoliert;133.5;2.31;paving_stones;pedestrian;Am Hauptbahnhof;6;Kurs 6
Routenpunkt (Way);T;Am Hauptbahnhof;49.870668;8.632766;30.0;;;;;;Original OSM;133.8;2.27;paving_stones;pedestrian;Am Hauptbahnhof;6;Kurs 6
Routenpunkt (Way);T;Am Hauptbahnhof;49.870561;8.632861;30.0;;;;;;Interpoliert;134.1;2.08;paving_stones;pedestrian;Am Hauptbahnhof;6;Kurs 6
Routenpunkt (Way);T;;49.870452;8.632953;30.0;;;;;;Interpoliert (15m);134.4;1.97;asphalt;busway;Am Hauptbahnhof;6;Kurs 6
Routenpunkt (Way);T;Am Hauptbahnhof;49.870344;8.633045;50.0;;;;;;Original OSM;134.6;1.35;asphalt;primary;Berliner Allee;6;Kurs 6
Routenpunkt (Way);T;;49.870249;8.633066;50.0;;;;;;Interpoliert (15m);134.8;0.73;asphalt;primary;Berliner Allee;6;Kurs 6
Routenpunkt (Way);A;Ampel;49.870153;8.633087;50.0;;;;;;Interpoliert (15m);134.7;0.11;asphalt;primary;Berliner Allee;6;Kurs 6
Routenpunkt (Way);T;Berliner Allee;49.870057;8.633108;50.0;;;;;;Interpoliert;134.6;-0.33;asphalt;primary;Berliner Allee;6;Kurs 6
Routenpunkt (Way);T;Berliner Allee;49.869961;8.633145;50.0;;;;;;Interpoliert;134.5;-0.89;asphalt;primary;Berliner Allee;6;Kurs 6
Routenpunkt (Way);T;Berliner Allee;49.869843;8.633191;50.0;;;;;;Original OSM;134.4;-0.89;asphalt;primary;Berliner Allee;6;Kurs 6
Routenpunkt (Way);T;;49.86975;8.633227;50.0;;;;;;Interpoliert (15m);134.3;-1.08;asphalt;primary;Berliner Allee;6;Kurs 6
Routenpunkt (Way);T;;49.869657;8.633263;50.0;;;;;;Interpoliert (15m);134.2;-1.25;asphalt;primary;Berliner Allee;6;Kurs 6
Routenpunkt (Way);T;Berliner Allee;49.869564;8.633299;50.0;;;;;;Original OSM;134.0;-1.27;asphalt;primary;Berliner Allee;6;Kurs 6
Routenpunkt (Way);T;;49.869464;8.633338;50.0;;;;;;Interpoliert (15m);133.8;-1.22;asphalt;primary;Berliner Allee;6;Kurs 6
Routenpunkt (Way);T;Berliner Allee;49.869363;8.633376;50.0;;;;;;Interpoliert;133.7;-1.18;asphalt;primary;Berliner Allee;6;Kurs 6
Routenpunkt (Way);T;Berliner Allee;49.869238;8.633424;50.0;;;;;;Interpoliert;133.6;-0.94;asphalt;primary;Berliner Allee;6;Kurs 6
Routenpunkt (Way);T;Berliner Allee;49.869113;8.633472;50.0;;;;;;Interpoliert;133.5;-0.75;asphalt;primary;Berliner Allee;6;Kurs 6
Routenpunkt (Way);T;Berliner Allee;49.868988;8.63352;50.0;;;;;;Original OSM;133.4;-0.74;asphalt;primary;Berliner Allee;6;Kurs 6
Routenpunkt (Way);T;Berliner Allee;49.86888;8.633561;50.0;;;;;;Interpoliert;133.3;-0.28;asphalt;primary;Berliner Allee;6;Kurs 6
Routenpunkt (Way);T;Berliner Allee;49.868772;8.633602;50.0;;;;;;Interpoliert;133.2;0.18;asphalt;primary;Berliner Allee;6;Kurs 6
Routenpunkt (Way);T;Berliner Allee;49.868663;8.633644;50.0;;;;;;Interpoliert;133.4;0.92;asphalt;primary;Berliner Allee;6;Kurs 6
Routenpunkt (Way);T;Berliner Allee;49.868555;8.633685;50.0;;;;;;Original OSM;133.6;1.68;asphalt;primary;Berliner Allee;6;Kurs 6
Routenpunkt (Way);T;Berliner Allee;49.868467;8.633721;50.0;;;;;;Interpoliert;133.9;2.31;asphalt;primary;Berliner Allee;6;Kurs 6
Routenpunkt (Way);T;Berliner Allee;49.86838;8.633757;50.0;;;;;;Interpoliert;134.2;2.47;asphalt;primary;Berliner Allee;6;Kurs 6
Routenpunkt (Way);T;;49.868267;8.633746;50.0;;;;;;Interpoliert (15m);134.5;1.99;asphalt;primary;Berliner Allee;6;Kurs 6
Routenpunkt (Way);A;Ampel;49.868154;8.633735;50.0;;;;;;Interpoliert (15m);134.8;1.25;asphalt;primary;Haardtring;6;Kurs 6
Routenpunkt (Way);T;Berliner Allee;49.86804;8.633724;50.0;;;;;;Original OSM;134.7;0.51;asphalt;primary;Haardtring;6;Kurs 6
Routenpunkt (Way);T;;49.867937;8.63361;50.0;;;;;;Interpoliert (15m);134.6;0.32;asphalt;primary;Haardtring;6;Kurs 6
Routenpunkt (Way);T;;49.867834;8.633497;50.0;;;;;;Interpoliert (15m);134.5;-0.34;asphalt;primary;Haardtring;6;Kurs 6
Routenpunkt (Way);T;Haardtring;49.867731;8.633383;50.0;;;;;;Original OSM;134.7;-0.33;asphalt;primary;Haardtring;6;Kurs 6
Routenpunkt (Way);T;Haardtring;49.867666;8.63327;50.0;;;;;;Interpoliert;134.6;-0.86;asphalt;primary;Haardtring;6;Kurs 6
Routenpunkt (Way);T;Haardtring;49.867583;8.633119;50.0;;;;;;Original OSM;134.5;-1.39;asphalt;primary;Haardtring;6;Kurs 6
Routenpunkt (Way);T;;49.867533;8.633022;50.0;;;;;;Interpoliert (15m);134.2;-2.1;asphalt;primary;Haardtring;6;Kurs 6
Routenpunkt (Way);T;Haardtring;49.867484;8.632925;50.0;;;;;;Original OSM;133.9;-2.34;asphalt;primary;Haardtring;6;Kurs 6
Routenpunkt (Way);T;Haardtring;49.867405;8.632772;50.0;;;;;;Interpoliert;133.6;-2.06;asphalt;primary;Haardtring;6;Kurs 6
Routenpunkt (Way);T;Haardtring;49.867325;8.632618;50.0;;;;;;Interpoliert;133.3;-1.21;asphalt;primary;Haardtring;6;Kurs 6
Routenpunkt (Way);T;Haardtring;49.867246;8.632465;50.0;;;;;;Original OSM;133.4;-0.71;asphalt;primary;Haardtring;6;Kurs 6
Routenpunkt (Way);T;Haardtring;49.867182;8.632342;50.0;;;;;;Interpoliert;133.5;-0.84;asphalt;primary;Haardtring;6;Kurs 6
Routenpunkt (Way);T;Haardtring;49.867117;8.632219;50.0;;;;;;Original OSM;133.4;-0.97;asphalt;primary;Haardtring;6;Kurs 6
Routenpunkt (Way);T;Haardtring;49.867035;8.632064;50.0;;;;;;Interpoliert;133.0;-2.13;asphalt;primary;Haardtring;6;Kurs 6
Routenpunkt (Way);T;Haardtring;49.866953;8.631909;50.0;;;;;;Interpoliert;132.6;-2.98;asphalt;primary;Haardtring;6;Kurs 6
Routenpunkt (Way);T;;49.866887;8.631779;50.0;;;;;;Interpoliert (15m);132.0;-3.48;asphalt;primary;Haardtring;6;Kurs 6
Routenpunkt (Way);T;;49.866821;8.631649;50.0;;;;;;Interpoliert (15m);131.6;-3.26;asphalt;primary;Haardtring;6;Kurs 6
Routenpunkt (Way);A;Ampel;49.866756;8.631519;50.0;;;;;;Interpoliert (15m);131.2;-3.0;asphalt;primary;Haardtring;6;Kurs 6
Routenpunkt (Way);T;Haardtring;49.86669;8.631389;50.0;;;;;;Original OSM;131.0;-2.29;asphalt;primary;Haardtring;6;Kurs 6
Routenpunkt (Way);T;;49.86666;8.631208;50.0;;;;;;Interpoliert (15m);130.8;-1.91;asphalt;primary;Stirnweg;6;Kurs 6
Routenpunkt (Way);T;;49.86663;8.631028;50.0;;;;;;Interpoliert (15m);130.6;-1.24;asphalt;primary;Stirnweg;6;Kurs 6
Routenpunkt (Way);T;Stirnweg;49.8666;8.630847;50.0;;;;;;Interpoliert;130.4;-0.9;asphalt;primary;Stirnweg;6;Kurs 6
Routenpunkt (Way);T;Stirnweg;49.866579;8.630678;50.0;;;;;;Original OSM;130.4;-0.78;asphalt;primary;Stirnweg;6;Kurs 6
Routenpunkt (Way);T;Stirnweg;49.866565;8.630535;50.0;;;;;;Interpoliert;130.4;-0.3;asphalt;primary;Stirnweg;6;Kurs 6
Routenpunkt (Way);T;;49.866595;8.63039;50.0;;;;;;Interpoliert (15m);130.3;0.18;asphalt;primary;Stirnweg;6;Kurs 6
Routenpunkt (Way);T;;49.866625;8.630244;50.0;;;;;;Interpoliert (15m);130.4;0.34;asphalt;primary;Stirnweg;6;Kurs 6
Routenpunkt (Way);T;Stirnweg;49.866654;8.630098;50.0;;;;;;Original OSM;130.5;0.18;asphalt;primary;Stirnweg;6;Kurs 6
Routenpunkt (Way);T;;49.866755;8.630013;50.0;;;;;;Interpoliert (15m);130.6;0.21;asphalt;primary;Stirnweg;6;Kurs 6
Routenpunkt (Way);T;;49.866856;8.629928;50.0;;;;;;Interpoliert (15m);130.5;-0.14;asphalt;primary;Am Kavalleriesand;6;Kurs 6
Routenpunkt (Way);T;Am Kavalleriesand;49.866956;8.629843;50.0;;;;;;Interpoliert;130.4;-0.46;asphalt;primary;Am Kavalleriesand;6;Kurs 6
Routenpunkt (Way);T;Am Kavalleriesand;49.867064;8.629801;50.0;;;;;;Original OSM;130.3;-0.76;asphalt;primary;Am Kavalleriesand;6;Kurs 6
Routenpunkt (Way);T;Am Kavalleriesand;49.867185;8.629755;50.0;;;;;;Interpoliert;130.2;-0.77;asphalt;primary;Am Kavalleriesand;6;Kurs 6
Routenpunkt (Way);T;Am Kavalleriesand;49.867306;8.62971;50.0;;;;;;Original OSM;130.1;-0.61;asphalt;primary;Am Kavalleriesand;6;Kurs 6
Routenpunkt (Way);T;Am Kavalleriesand;49.867414;8.629673;50.0;;;;;;Original OSM;130.0;-0.45;asphalt;primary;Am Kavalleriesand;6;Kurs 6
Routenpunkt (Way);T;;49.8674;8.629564;50.0;;;;;;Interpoliert (15m);130.0;-0.31;asphalt;unclassified;Mina-Rees-Straße;6;Kurs 6
Routenpunkt (Way);T;Mina-Rees-Straße;49.867385;8.629454;30.0;;;;;;Original OSM;130.0;-0.16;asphalt;unclassified;Mina-Rees-Straße;6;Kurs 6
Routenpunkt (Way);T;;49.867369;8.62934;30.0;;;;;;Interpoliert (15m);130.0;0.0;asphalt;unclassified;Mina-Rees-Straße;6;Kurs 6
Routenpunkt (Way);T;Mina-Rees-Straße;49.867354;8.629225;30.0;;;;;;Interpoliert;130.0;0.0;asphalt;unclassified;Mina-Rees-Straße;6;Kurs 6
Routenpunkt (Way);T;;49.867335;8.629083;30.0;;;;;;Interpoliert (15m);130.0;0.0;asphalt;unclassified;Mina-Rees-Straße;6;Kurs 6
Routenpunkt (Way);T;;49.867315;8.628941;30.0;;;;;;Interpoliert (15m);130.0;0.0;asphalt;unclassified;Mina-Rees-Straße;6;Kurs 6
Routenpunkt (Way);T;Mina-Rees-Straße;49.867296;8.628799;30.0;;;;;;Original OSM;130.0;0.0;asphalt;unclassified;Mina-Rees-Straße;6;Kurs 6
Routenpunkt (Way);T;;49.86727;8.628605;30.0;;;;;;Interpoliert (15m);130.0;0.0;asphalt;unclassified;Mina-Rees-Straße;6;Kurs 6
Routenpunkt (Way);T;;49.867243;8.628411;30.0;;;;;;Interpoliert (15m);130.0;0.32;asphalt;unclassified;Mina-Rees-Straße;6;Kurs 6
Routenpunkt (Way);T;Mina-Rees-Straße;49.867217;8.628217;30.0;;;;;;Interpoliert;130.0;0.64;asphalt;unclassified;Mina-Rees-Straße;6;Kurs 6
Routenpunkt (Way);T;;49.867194;8.628047;30.0;;;;;;Interpoliert (15m);130.2;0.94;asphalt;unclassified;Mina-Rees-Straße;6;Kurs 6
Routenpunkt (Way);T;Mina-Rees-Straße;49.86717;8.627877;30.0;;;;;;Original OSM;130.4;1.24;asphalt;unclassified;Mina-Rees-Straße;6;Kurs 6
Routenpunkt (Way);T;;49.867145;8.627695;30.0;;;;;;Interpoliert (15m);130.6;1.54;asphalt;unclassified;Mina-Rees-Straße;6;Kurs 6
Routenpunkt (Way);T;Mina-Rees-Straße;49.86712;8.627513;30.0;;;;;;Interpoliert;130.8;1.52;asphalt;unclassified;Mina-Rees-Straße;6;Kurs 6
Routenpunkt (Way);T;Mina-Rees-Straße;49.867095;8.62733;30.0;;;;;;Interpoliert;131.0;1.59;asphalt;unclassified;Mina-Rees-Straße;6;Kurs 6
Routenpunkt (Way);T;Mina-Rees-Straße;49.86707;8.627147;30.0;;;;;;Original OSM;131.2;1.69;asphalt;unclassified;Mina-Rees-Straße;6;Kurs 6
Routenpunkt (Way);T;Mina-Rees-Straße;49.867051;8.62701;30.0;;;;;;Interpoliert;131.4;1.66;asphalt;unclassified;Mina-Rees-Straße;6;Kurs 6
Routenpunkt (Way);T;Mina-Rees-Straße;49.867031;8.626872;30.0;;;;;;Interpoliert;131.6;1.67;asphalt;unclassified;Mina-Rees-Straße;6;Kurs 6
Routenpunkt (Way);T;Mina-Rees-Straße;49.867004;8.626672;30.0;;;;;;Original OSM;131.8;1.37;asphalt;unclassified;Mina-Rees-Straße;6;Kurs 6
Routenpunkt (Way);T;Mina-Rees-Straße;49.867005;8.626488;30.0;;;;;;Original OSM;132.0;1.14;asphalt;unclassified;Mina-Rees-Straße;6;Kurs 6
Haltestelle;W;Darmstadt Mina-Rees-Straße;49.867005;8.626488;30.0;10:48:00;10:48:00;Kein Umlauf;Mo,Di,Mi,Do,Fr;446.0;Original GTFS (Snap-Distanz 2m) | Auf Route gesnappt (2m);132.0;0.98;asphalt;unclassified;Mina-Rees-Straße;6;Kurs 6
Routenpunkt (Way);T;Mina-Rees-Straße;49.866981;8.62633;30.0;;;;;;Original OSM;132.1;0.94;asphalt;unclassified;Mina-Rees-Straße;6;Kurs 6
Routenpunkt (Way);T;;49.866953;8.626218;30.0;;;;;;Interpoliert (15m);132.2;0.12;asphalt;unclassified;Mina-Rees-Straße;6;Kurs 6
Routenpunkt (Way);T;Mina-Rees-Straße;49.866925;8.626106;30.0;;;;;;Interpoliert;132.3;-0.39;asphalt;unclassified;Mina-Rees-Straße;6;Kurs 6
Routenpunkt (Way);A;Ampel;49.866897;8.625948;30.0;;;;;;Interpoliert (15m);132.0;-1.22;asphalt;unclassified;Mina-Rees-Straße;6;Kurs 6
Routenpunkt (Way);T;Mina-Rees-Straße;49.866868;8.625791;30.0;;;;;;Original OSM;131.7;-2.12;asphalt;unclassified;Mina-Rees-Straße;6;Kurs 6
Routenpunkt (Way);T;;49.866787;8.625786;30.0;;;;;;Interpoliert (15m);131.4;-2.83;asphalt;primary;Deutsche-Telekom-Allee;6;Kurs 6
Routenpunkt (Way);T;Deutsche-Telekom-Allee;49.866706;8.625782;50.0;;;;;;Interpoliert;131.1;-2.79;asphalt;primary;Deutsche-Telekom-Allee;6;Kurs 6
Routenpunkt (Way);T;Deutsche-Telekom-Allee;49.866595;8.625819;50.0;;;;;;Interpoliert;130.8;-2.75;asphalt;primary;Deutsche-Telekom-Allee;6;Kurs 6
Routenpunkt (Way);T;Deutsche-Telekom-Allee;49.866484;8.625857;50.0;;;;;;Interpoliert;130.5;-3.04;asphalt;primary;Deutsche-Telekom-Allee;6;Kurs 6
Routenpunkt (Way);T;Deutsche-Telekom-Allee;49.866373;8.625894;50.0;;;;;;Interpoliert;130.2;-3.19;asphalt;primary;Deutsche-Telekom-Allee;6;Kurs 6
Routenpunkt (Way);T;Deutsche-Telekom-Allee;49.866262;8.625932;50.0;;;;;;Original OSM;129.6;-3.77;asphalt;primary;Deutsche-Telekom-Allee;6;Kurs 6
Routenpunkt (Way);T;Deutsche-Telekom-Allee;49.866132;8.625975;50.0;;;;;;Interpoliert;129.0;-3.64;asphalt;primary;Deutsche-Telekom-Allee;6;Kurs 6
Routenpunkt (Way);T;;49.86603;8.625995;50.0;;;;;;Interpoliert (15m);128.4;-3.52;asphalt;primary;Deutsche-Telekom-Allee;6;Kurs 6
Routenpunkt (Way);T;;49.865929;8.626016;50.0;;;;;;Interpoliert (15m);128.2;-2.96;asphalt;primary;Deutsche-Telekom-Allee;6;Kurs 6
Routenpunkt (Way);T;Deutsche-Telekom-Allee;49.865828;8.626036;50.0;;;;;;Original OSM;128.0;-2.55;asphalt;primary;Deutsche-Telekom-Allee;6;Kurs 6
Routenpunkt (Way);T;;49.865737;8.626053;50.0;;;;;;Interpoliert (15m);127.8;-1.89;asphalt;primary;Deutsche-Telekom-Allee;6;Kurs 6
Routenpunkt (Way);T;;49.865647;8.626069;50.0;;;;;;Interpoliert (15m);127.6;-1.82;asphalt;primary;Deutsche-Telekom-Allee;6;Kurs 6
Routenpunkt (Way);T;Deutsche-Telekom-Allee;49.865556;8.626086;50.0;;;;;;Interpoliert;127.4;-1.76;asphalt;primary;Deutsche-Telekom-Allee;6;Kurs 6
Routenpunkt (Way);T;Deutsche-Telekom-Allee;49.865434;8.626128;50.0;;;;;;Interpoliert;127.2;-1.37;asphalt;primary;Deutsche-Telekom-Allee;6;Kurs 6
Routenpunkt (Way);T;Deutsche-Telekom-Allee;49.865312;8.626169;50.0;;;;;;Interpoliert;127.0;-0.97;asphalt;primary;Deutsche-Telekom-Allee;6;Kurs 6
Routenpunkt (Way);T;Deutsche-Telekom-Allee;49.86519;8.626211;50.0;;;;;;Interpoliert;127.0;-0.58;asphalt;primary;Deutsche-Telekom-Allee;6;Kurs 6
Routenpunkt (Way);T;Deutsche-Telekom-Allee;49.865068;8.626253;50.0;;;;;;Original OSM;127.0;-0.29;asphalt;primary;Deutsche-Telekom-Allee;6;Kurs 6
Routenpunkt (Way);T;Deutsche-Telekom-Allee;49.864937;8.626296;50.0;;;;;;Interpoliert;127.0;0.0;asphalt;primary;Deutsche-Telekom-Allee;6;Kurs 6
Routenpunkt (Way);T;Deutsche-Telekom-Allee;49.864806;8.62634;50.0;;;;;;Interpoliert;127.0;0.0;asphalt;primary;Deutsche-Telekom-Allee;6;Kurs 6
Routenpunkt (Way);T;Deutsche-Telekom-Allee;49.864675;8.626383;50.0;;;;;;Original OSM;127.0;-0.37;asphalt;primary;Deutsche-Telekom-Allee;6;Kurs 6
Routenpunkt (Way);T;Deutsche-Telekom-Allee;49.86458;8.626415;50.0;;;;;;Interpoliert;127.0;-0.65;asphalt;primary;Deutsche-Telekom-Allee;6;Kurs 6
Routenpunkt (Way);T;Deutsche-Telekom-Allee;49.864485;8.626447;50.0;;;;;;Interpoliert;126.8;-1.18;asphalt;primary;Deutsche-Telekom-Allee;6;Kurs 6
Routenpunkt (Way);T;Deutsche-Telekom-Allee;49.86436;8.626488;50.0;;;;;;Original OSM;126.6;-1.71;asphalt;primary;Deutsche-Telekom-Allee;6;Kurs 6
Routenpunkt (Way);T;;49.864293;8.62651;50.0;;;;;;Interpoliert (15m);126.4;-2.04;asphalt;primary;Deutsche-Telekom-Allee;6;Kurs 6
Routenpunkt (Way);T;Deutsche-Telekom-Allee;49.864227;8.626532;50.0;;;;;;Interpoliert;126.2;-1.41;asphalt;primary;Deutsche-Telekom-Allee;6;Kurs 6
Routenpunkt (Way);T;Deutsche-Telekom-Allee;49.86412;8.626568;50.0;;;;;;Original OSM;126.0;-0.87;asphalt;primary;Deutsche-Telekom-Allee;6;Kurs 6
Routenpunkt (Way);T;;49.864051;8.626591;50.0;;;;;;Interpoliert (15m);126.1;-0.08;asphalt;primary;Deutsche-Telekom-Allee;6;Kurs 6
Routenpunkt (Way);T;Deutsche-Telekom-Allee;49.863982;8.626614;50.0;;;;;;Original OSM;126.2;0.71;asphalt;primary;Deutsche-Telekom-Allee;6;Kurs 6
Routenpunkt (Way);T;;49.863915;8.626636;50.0;;;;;;Interpoliert (15m);126.3;1.18;asphalt;primary;Deutsche-Telekom-Allee;6;Kurs 6
Routenpunkt (Way);T;Deutsche-Telekom-Allee;49.863848;8.626658;50.0;;;;;;Interpoliert;126.4;1.37;asphalt;primary;Deutsche-Telekom-Allee;6;Kurs 6
Routenpunkt (Way);T;Deutsche-Telekom-Allee;49.863728;8.626698;50.0;;;;;;Interpoliert;126.5;1.56;asphalt;primary;Deutsche-Telekom-Allee;6;Kurs 6
Routenpunkt (Way);T;Deutsche-Telekom-Allee;49.863609;8.626737;50.0;;;;;;Interpoliert;126.8;1.74;asphalt;primary;Deutsche-Telekom-Allee;6;Kurs 6
Routenpunkt (Way);T;Deutsche-Telekom-Allee;49.86349;8.626777;50.0;;;;;;Interpoliert;127.1;1.92;asphalt;primary;Deutsche-Telekom-Allee;6;Kurs 6
Routenpunkt (Way);T;Deutsche-Telekom-Allee;49.863371;8.626817;50.0;;;;;;Interpoliert;127.4;2.21;asphalt;primary;Deutsche-Telekom-Allee;6;Kurs 6
Routenpunkt (Way);T;Deutsche-Telekom-Allee;49.863251;8.626856;50.0;;;;;;Interpoliert;127.7;1.77;asphalt;primary;Deutsche-Telekom-Allee;6;Kurs 6
Routenpunkt (Way);T;Deutsche-Telekom-Allee;49.863132;8.626896;50.0;;;;;;Interpoliert;128.0;1.33;asphalt;primary;Deutsche-Telekom-Allee;6;Kurs 6
Routenpunkt (Way);T;;49.863059;8.62692;50.0;;;;;;Interpoliert (15m);128.0;0.73;asphalt;primary;Deutsche-Telekom-Allee;6;Kurs 6
Routenpunkt (Way);T;Deutsche-Telekom-Allee;49.862986;8.626944;50.0;;;;;;Original OSM;128.0;0.13;asphalt;primary;Deutsche-Telekom-Allee;6;Kurs 6
Routenpunkt (Way);T;;49.862872;8.626982;50.0;;;;;;Interpoliert (15m);127.9;-0.48;asphalt;primary;Deutsche-Telekom-Allee;6;Kurs 6
Routenpunkt (Way);T;Deutsche-Telekom-Allee;49.862759;8.62702;50.0;;;;;;Original OSM;127.8;-0.65;asphalt;primary;Deutsche-Telekom-Allee;6;Kurs 6
Routenpunkt (Way);T;Deutsche-Telekom-Allee;49.862657;8.627054;50.0;;;;;;Interpoliert;127.7;-0.81;asphalt;primary;Deutsche-Telekom-Allee;6;Kurs 6
Routenpunkt (Way);T;Deutsche-Telekom-Allee;49.862554;8.627088;50.0;;;;;;Interpoliert;127.6;-0.82;asphalt;primary;Deutsche-Telekom-Allee;6;Kurs 6
Routenpunkt (Way);A;Ampel;49.862446;8.62704;50.0;;;;;;Interpoliert (15m);127.5;-0.9;asphalt;primary;Deutsche-Telekom-Allee;6;Kurs 6
Routenpunkt (Way);T;Deutsche-Telekom-Allee;49.862339;8.626992;50.0;;;;;;Original OSM;127.4;-0.96;asphalt;residential;Hilpertstraße;6;Kurs 6
Routenpunkt (Way);T;;49.862312;8.626881;50.0;;;;;;Interpoliert (15m);127.3;-0.96;asphalt;residential;Hilpertstraße;6;Kurs 6
Haltestelle;W;Darmstadt T-Online-Allee;49.862286;8.62677;50.0;;;Kein Umlauf;Mo,Di,Mi,Do,Fr;446.0;Original GTFS (Snap-Distanz 1m) | Auf Route gesnappt (1m);127.2;-0.97;asphalt;residential;Hilpertstraße;6;Kurs 6
Routenpunkt (Way);T;;49.862262;8.62661;50.0;;;;;;Interpoliert (15m);127.1;-0.53;asphalt;residential;Hilpertstraße;6;Kurs 6
Routenpunkt (Way);T;Hilpertstraße;49.862238;8.62645;50.0;;;;;;Original OSM;127.0;0.07;asphalt;residential;Hilpertstraße;6;Kurs 6
Routenpunkt (Way);T;Hilpertstraße;49.862209;8.626254;50.0;;;;;;Original OSM;127.2;0.67;paving_stones;residential;Hilpertstraße;6;Kurs 6
Routenpunkt (Way);T;Hilpertstraße;49.862187;8.626106;50.0;;;;;;Interpoliert;127.4;1.35;paving_stones;residential;Hilpertstraße;6;Kurs 6
Routenpunkt (Way);T;Hilpertstraße;49.862165;8.625958;50.0;;;;;;Interpoliert;127.6;2.03;paving_stones;residential;Hilpertstraße;6;Kurs 6
Routenpunkt (Way);T;;49.862149;8.625851;50.0;;;;;;Interpoliert (15m);127.8;2.09;paving_stones;residential;Hilpertstraße;6;Kurs 6
Routenpunkt (Way);T;Hilpertstraße;49.862134;8.625743;50.0;;;;;;Original OSM;128.0;2.07;paving_stones;residential;Hilpertstraße;6;Kurs 6
Routenpunkt (Way);T;;49.862111;8.625584;50.0;;;;;;Interpoliert (15m);128.2;2.04;paving_stones;residential;Hilpertstraße;6;Kurs 6
Routenpunkt (Way);T;;49.862089;8.625425;50.0;;;;;;Interpoliert (15m);128.4;1.81;paving_stones;residential;Hilpertstraße;6;Kurs 6
Routenpunkt (Way);T;Hilpertstraße;49.862067;8.625266;50.0;;;;;;Original OSM;128.6;1.58;paving_stones;residential;Hilpertstraße;6;Kurs 6
Routenpunkt (Way);T;;49.862041;8.625068;50.0;;;;;;Interpoliert (15m);128.8;1.24;paving_stones;residential;Hilpertstraße;6;Kurs 6
Routenpunkt (Way);T;Hilpertstraße;49.862015;8.624871;50.0;;;;;;Interpoliert;129.0;1.16;paving_stones;residential;Hilpertstraße;6;Kurs 6
Routenpunkt (Way);T;;49.862001;8.624765;50.0;;;;;;Interpoliert (15m);129.0;1.04;paving_stones;residential;Hilpertstraße;6;Kurs 6
Routenpunkt (Way);T;Hilpertstraße;49.861988;8.62466;50.0;;;;;;Original OSM;129.1;1.0;paving_stones;residential;Hilpertstraße;6;Kurs 6
Routenpunkt (Way);T;;49.861974;8.624541;50.0;;;;;;Interpoliert (15m);129.2;0.87;paving_stones;residential;Hilpertstraße;6;Kurs 6
Routenpunkt (Way);T;Hilpertstraße;49.86196;8.624422;50.0;;;;;;Original OSM;129.3;1.02;paving_stones;residential;Hilpertstraße;6;Kurs 6
Routenpunkt (Way);T;Hilpertstraße;49.861938;8.624239;50.0;;;;;;Interpoliert;129.4;0.76;paving_stones;residential;Hilpertstraße;6;Kurs 6
Routenpunkt (Way);T;Hilpertstraße;49.861916;8.624056;50.0;;;;;;Original OSM;129.5;0.53;paving_stones;residential;Hilpertstraße;6;Kurs 6
Routenpunkt (Way);T;;49.861917;8.623901;50.0;;;;;;Interpoliert (15m);129.5;0.3;paving_stones;residential;Hilpertstraße;6;Kurs 6
Routenpunkt (Way);T;Hilpertstraße;49.861917;8.623746;50.0;;;;;;Original OSM;129.5;0.15;paving_stones;residential;Hilpertstraße;6;Kurs 6
Routenpunkt (Way);T;;49.861885;8.623605;50.0;;;;;;Interpoliert (15m);129.5;0.0;paving_stones;residential;Hilpertstraße;6;Kurs 6
Haltestelle;W;Darmstadt Hilpertstraße;49.861852;8.623465;50.0;10:50:00;10:50:00;Kein Umlauf;Mo,Di,Mi,Do,Fr;446.0;Original GTFS (Snap-Distanz 5m) | Auf Route gesnappt (7m);129.5;-0.56;paving_stones;residential;Hilpertstraße;6;Kurs 6
Routenpunkt (Way);T;Hilpertstraße;49.861836;8.623317;50.0;;;;;;Interpoliert;129.5;-0.96;paving_stones;residential;Hilpertstraße;6;Kurs 6
Routenpunkt (Way);T;Hilpertstraße;49.86182;8.623169;50.0;;;;;;Interpoliert;129.2;-1.61;paving_stones;residential;Hilpertstraße;6;Kurs 6
Routenpunkt (Way);T;Hilpertstraße;49.8618;8.622965;50.0;;;;;;Original OSM;128.9;-2.26;paving_stones;residential;Hilpertstraße;6;Kurs 6
Routenpunkt (Way);T;;49.861792;8.622836;50.0;;;;;;Interpoliert (15m);128.6;-2.68;paving_stones;residential;Hilpertstraße;6;Kurs 6
Routenpunkt (Way);T;Hilpertstraße;49.861784;8.622708;50.0;;;;;;Original OSM;128.3;-2.41;paving_stones;residential;Hilpertstraße;6;Kurs 6
Routenpunkt (Way);T;;49.861656;8.622723;50.0;;;;;;Interpoliert (15m);128.0;-2.28;paving_stones;residential;Kleyerstraße;6;Kurs 6
Routenpunkt (Way);T;Kleyerstraße;49.861529;8.622739;50.0;;;;;;Original OSM;127.8;-2.2;paving_stones;residential;Kleyerstraße;6;Kurs 6
Routenpunkt (Way);T;;49.861403;8.622772;50.0;;;;;;Interpoliert (15m);127.6;-2.11;paving_stones;residential;Kleyerstraße;6;Kurs 6
Routenpunkt (Way);T;Kleyerstraße;49.861277;8.622806;50.0;;;;;;Interpoliert;127.2;-2.25;paving_stones;residential;Kleyerstraße;6;Kurs 6
Routenpunkt (Way);T;Kleyerstraße;49.861152;8.622847;50.0;;;;;;Interpoliert;126.8;-2.25;paving_stones;residential;Kleyerstraße;6;Kurs 6
Routenpunkt (Way);T;Kleyerstraße;49.861027;8.622888;50.0;;;;;;Interpoliert;126.4;-2.25;paving_stones;residential;Kleyerstraße;6;Kurs 6
Routenpunkt (Way);T;;49.860902;8.622929;50.0;;;;;;Interpoliert (15m);126.2;-1.99;paving_stones;residential;Kleyerstraße;6;Kurs 6
Routenpunkt (Way);T;Kleyerstraße;49.860777;8.62297;50.0;;;;;;Original OSM;126.0;-1.72;paving_stones;residential;Kleyerstraße;6;Kurs 6
Routenpunkt (Way);T;;49.860658;8.623009;50.0;;;;;;Interpoliert (15m);125.8;-1.44;paving_stones;residential;Kleyerstraße;6;Kurs 6
Routenpunkt (Way);T;Kleyerstraße;49.86054;8.623048;50.0;;;;;;Original OSM;125.6;-1.53;paving_stones;residential;Kleyerstraße;6;Kurs 6
Routenpunkt (Way);T;Kleyerstraße;49.860413;8.62304;50.0;;;;;;Interpoliert;125.4;-1.6;paving_stones;residential;Kleyerstraße;6;Kurs 6
Routenpunkt (Way);T;Rosa-Parks-Straße;49.860316;8.623058;50.0;;;;;;Interpoliert;125.2;-1.3;paving_stones;residential;Kleyerstraße;6;Kurs 6
Routenpunkt (Way);T;Rosa-Parks-Straße;49.860221;8.623111;50.0;;;;;;Original OSM;125.0;-1.01;paving_stones;residential;Kleyerstraße;6;Kurs 6
Haltestelle;W;Darmstadt von Taxis;49.860215;8.623155;50.0;10:52:00;10:52:00;Kein Umlauf;Mo,Di,Mi,Do,Fr;446.0;Original GTFS (Snap-Distanz 3m) | Auf Route gesnappt (3m);125.0;-0.72;paving_stones;residential;Kleyerstraße;6;Kurs 6
Routenpunkt (Way);T;Kleyerstraße;49.860203;8.623159;50.0;;;;;;Original OSM;125.0;-0.36;paving_stones;residential;Kleyerstraße;6;Kurs 6
Routenpunkt (Way);T;Kleyerstraße;49.860093;8.623195;50.0;;;;;;Original OSM;125.0;0.0;paving_stones;residential;Kleyerstraße;6;Kurs 6
Routenpunkt (Way);T;Kleyerstraße;49.859988;8.623229;50.0;;;;;;Interpoliert;125.0;0.0;paving_stones;residential;Kleyerstraße;6;Kurs 6
Routenpunkt (Way);T;Kleyerstraße;49.859882;8.623264;50.0;;;;;;Interpoliert;125.0;0.0;paving_stones;residential;Kleyerstraße;6;Kurs 6
Routenpunkt (Way);T;Kleyerstraße;49.859776;8.623299;50.0;;;;;;Interpoliert;125.0;-0.17;paving_stones;residential;Kleyerstraße;6;Kurs 6
Routenpunkt (Way);T;Kleyerstraße;49.859671;8.623333;50.0;;;;;;Interpoliert;125.0;-0.32;paving_stones;residential;Kleyerstraße;6;Kurs 6
Routenpunkt (Way);T;Kleyerstraße;49.859566;8.623368;50.0;;;;;;Original OSM;124.9;-0.48;paving_stones;residential;Kleyerstraße;6;Kurs 6
Routenpunkt (Way);T;Kleyerstraße;49.859452;8.623405;50.0;;;;;;Interpoliert;124.8;-0.63;paving_stones;residential;Kleyerstraße;6;Kurs 6
Routenpunkt (Way);T;Kleyerstraße;49.859339;8.623443;50.0;;;;;;Interpoliert;124.7;-0.7;paving_stones;residential;Kleyerstraße;6;Kurs 6
Routenpunkt (Way);T;Kleyerstraße;49.859225;8.62348;50.0;;;;;;Interpoliert;124.6;-0.63;paving_stones;residential;Kleyerstraße;6;Kurs 6
Routenpunkt (Way);T;Kleyerstraße;49.859112;8.623517;50.0;;;;;;Interpoliert;124.56;-0.59;paving_stones;residential;Kleyerstraße;6;Kurs 6
Routenpunkt (Way);T;;49.859004;8.62353;50.0;;;;;;Interpoliert (15m);124.5;-0.57;paving_stones;residential;Kleyerstraße;6;Kurs 6
Routenpunkt (Way);T;Kleyerstraße;49.858895;8.623542;50.0;;;;;;Original OSM;124.43;-0.52;paving_stones;residential;Kleyerstraße;6;Kurs 6
Haltestelle;W;Darmstadt Kleyerstraße;49.858769;8.623554;50.0;10:53:00;10:53:00;Kein Umlauf;Mo,Di,Mi,Do,Fr;446.0;Original GTFS (Snap-Distanz 22m) | Auf Route gesnappt (22m);124.33;-0.58;paving_stones;residential;Kleyerstraße;6;Kurs 6
Routenpunkt (Way);T;Kleyerstraße;49.858769;8.623554;50.0;11:00:00;11:00:00;;;;Original OSM;124.0;0.6;paving_stones;residential;Kleyerstraße;7;Kurs 6
Haltestelle;W;Darmstadt Kleyerstraße;49.858769;8.623554;50.0;11:00:00;11:00:00;Kein Umlauf;Mo,Di,Mi,Do,Fr;446.0;Original GTFS (Snap-Distanz 22m) | Auf Route gesnappt (22m);124.0;0.79;paving_stones;residential;Kleyerstraße;7;Kurs 6
Routenpunkt (Way);T;;49.85884;8.623547;50.0;;;;;;Interpoliert (15m);124.14;0.78;paving_stones;residential;Kleyerstraße;7;Kurs 6
Routenpunkt (Way);T;Kleyerstraße;49.858911;8.623541;50.0;;;;;;Interpoliert;124.25;0.9;paving_stones;residential;Kleyerstraße;7;Kurs 6
Routenpunkt (Way);T;;49.859011;8.623529;50.0;;;;;;Interpoliert (15m);124.33;1.05;paving_stones;residential;Kleyerstraße;7;Kurs 6
Routenpunkt (Way);T;Kleyerstraße;49.859112;8.623517;50.0;;;;;;Interpoliert;124.4;0.85;paving_stones;residential;Kleyerstraße;7;Kurs 6
Routenpunkt (Way);T;Kleyerstraße;49.859225;8.62348;50.0;;;;;;Interpoliert;124.5;0.73;paving_stones;residential;Kleyerstraße;7;Kurs 6
Routenpunkt (Way);T;Kleyerstraße;49.859339;8.623443;50.0;;;;;;Interpoliert;124.6;0.74;paving_stones;residential;Kleyerstraße;7;Kurs 6
Routenpunkt (Way);T;Kleyerstraße;49.859452;8.623405;50.0;;;;;;Interpoliert;124.7;0.79;paving_stones;residential;Kleyerstraße;7;Kurs 6
Routenpunkt (Way);T;Kleyerstraße;49.859566;8.623368;50.0;;;;;;Original OSM;124.8;0.8;paving_stones;residential;Kleyerstraße;7;Kurs 6
Routenpunkt (Way);T;Kleyerstraße;49.859671;8.623333;50.0;;;;;;Interpoliert;124.9;0.64;paving_stones;residential;Kleyerstraße;7;Kurs 6
Routenpunkt (Way);T;Kleyerstraße;49.859776;8.623299;50.0;;;;;;Interpoliert;125.0;0.49;paving_stones;residential;Kleyerstraße;7;Kurs 6
Routenpunkt (Way);T;Kleyerstraße;49.859882;8.623264;50.0;;;;;;Interpoliert;125.0;0.33;paving_stones;residential;Kleyerstraße;7;Kurs 6
Routenpunkt (Way);T;Kleyerstraße;49.859988;8.623229;50.0;;;;;;Interpoliert;125.0;0.17;paving_stones;residential;Kleyerstraße;7;Kurs 6
Routenpunkt (Way);T;Kleyerstraße;49.860093;8.623195;50.0;;;;;;Original OSM;125.0;0.0;paving_stones;residential;Kleyerstraße;7;Kurs 6
Routenpunkt (Way);T;Kleyerstraße;49.860209;8.623157;50.0;;;;;;Original OSM;125.0;0.0;paving_stones;residential;Kleyerstraße;7;Kurs 6
Haltestelle;W;Darmstadt von Taxis;49.860215;8.623155;50.0;11:00:00;11:00:00;Kein Umlauf;Mo,Di,Mi,Do,Fr;446.0;Original GTFS (Snap-Distanz 3m) | Auf Route gesnappt (3m);125.0;0.0;paving_stones;residential;Kleyerstraße;7;Kurs 6
Routenpunkt (Way);T;Rosa-Parks-Straße;49.860223;8.623089;50.0;;;;;;Original OSM;125.0;0.37;paving_stones;residential;Kleyerstraße;7;Kurs 6
Routenpunkt (Way);T;Rosa-Parks-Straße;49.860316;8.623058;50.0;;;;;;Interpoliert;125.0;0.65;paving_stones;residential;Kleyerstraße;7;Kurs 6
Routenpunkt (Way);T;Rosa-Parks-Straße;49.860413;8.62304;50.0;;;;;;Original OSM;125.2;0.95;paving_stones;residential;Kleyerstraße;7;Kurs 6
Routenpunkt (Way);T;Kleyerstraße;49.86054;8.623048;50.0;;;;;;Original OSM;125.4;1.25;paving_stones;residential;Kleyerstraße;7;Kurs 6
Routenpunkt (Way);T;;49.860658;8.623009;50.0;;;;;;Interpoliert (15m);125.6;1.53;paving_stones;residential;Kleyerstraße;7;Kurs 6
Routenpunkt (Way);T;Kleyerstraße;49.860777;8.62297;50.0;;;;;;Original OSM;125.8;1.44;paving_stones;residential;Kleyerstraße;7;Kurs 6
Routenpunkt (Way);T;;49.860902;8.622929;50.0;;;;;;Interpoliert (15m);126.0;1.44;paving_stones;residential;Kleyerstraße;7;Kurs 6
Routenpunkt (Way);T;Kleyerstraße;49.861027;8.622888;50.0;;;;;;Interpoliert;126.2;1.7;paving_stones;residential;Kleyerstraße;7;Kurs 6
Routenpunkt (Way);T;Kleyerstraße;49.861152;8.622847;50.0;;;;;;Interpoliert;126.4;1.97;paving_stones;residential;Kleyerstraße;7;Kurs 6
Routenpunkt (Way);T;Kleyerstraße;49.861277;8.622806;50.0;;;;;;Interpoliert;126.8;2.25;paving_stones;residential;Kleyerstraße;7;Kurs 6
Routenpunkt (Way);T;;49.861403;8.622772;50.0;;;;;;Interpoliert (15m);127.2;2.25;paving_stones;residential;Kleyerstraße;7;Kurs 6
Routenpunkt (Way);T;Kleyerstraße;49.861529;8.622739;50.0;;;;;;Original OSM;127.6;2.25;paving_stones;residential;Kleyerstraße;7;Kurs 6
Routenpunkt (Way);T;;49.861656;8.622723;50.0;;;;;;Interpoliert (15m);127.8;2.34;paving_stones;residential;Kleyerstraße;7;Kurs 6
Routenpunkt (Way);T;Kleyerstraße;49.861784;8.622708;50.0;;;;;;Original OSM;128.0;2.42;paving_stones;residential;Hilpertstraße;7;Kurs 6
Routenpunkt (Way);T;;49.861792;8.622836;50.0;;;;;;Interpoliert (15m);128.3;2.27;paving_stones;residential;Hilpertstraße;7;Kurs 6
Routenpunkt (Way);T;Hilpertstraße;49.8618;8.622965;50.0;;;;;;Original OSM;128.6;2.54;paving_stones;residential;Hilpertstraße;7;Kurs 6
Routenpunkt (Way);T;Hilpertstraße;49.86182;8.623169;50.0;;;;;;Interpoliert;128.9;2.82;paving_stones;residential;Hilpertstraße;7;Kurs 6
Routenpunkt (Way);T;Hilpertstraße;49.861836;8.623317;50.0;;;;;;Interpoliert;129.2;2.17;paving_stones;residential;Hilpertstraße;7;Kurs 6
Haltestelle;W;Darmstadt Hilpertstraße;49.861852;8.623465;50.0;11:02:00;11:02:00;Kein Umlauf;Mo,Di,Mi,Do,Fr;446.0;Original GTFS (Snap-Distanz 5m) | Auf Route gesnappt (7m);129.5;1.52;paving_stones;residential;Hilpertstraße;7;Kurs 6
Routenpunkt (Way);T;;49.861885;8.623605;50.0;;;;;;Interpoliert (15m);129.5;1.12;paving_stones;residential;Hilpertstraße;7;Kurs 6
Routenpunkt (Way);T;Hauptzollamt;49.861917;8.623746;50.0;;;;;;Original OSM;129.5;0.56;paving_stones;residential;Hilpertstraße;7;Kurs 6
Routenpunkt (Way);T;;49.861917;8.623901;50.0;;;;;;Interpoliert (15m);129.5;0.0;paving_stones;residential;Hilpertstraße;7;Kurs 6
Routenpunkt (Way);T;Hilpertstraße;49.861916;8.624056;50.0;;;;;;Original OSM;129.5;-0.15;paving_stones;residential;Hilpertstraße;7;Kurs 6
Routenpunkt (Way);T;Hilpertstraße;49.861938;8.624239;50.0;;;;;;Interpoliert;129.5;-0.38;paving_stones;residential;Hilpertstraße;7;Kurs 6
Routenpunkt (Way);T;Hilpertstraße;49.86196;8.624422;50.0;;;;;;Original OSM;129.4;-0.61;paving_stones;residential;Hilpertstraße;7;Kurs 6
Routenpunkt (Way);T;;49.861974;8.624541;50.0;;;;;;Interpoliert (15m);129.3;-0.87;paving_stones;residential;Hilpertstraße;7;Kurs 6
Routenpunkt (Way);T;Hilpertstraße;49.861988;8.62466;50.0;;;;;;Original OSM;129.2;-1.13;paving_stones;residential;Hilpertstraße;7;Kurs 6
Routenpunkt (Way);T;;49.862001;8.624765;50.0;;;;;;Interpoliert (15m);129.1;-0.98;paving_stones;residential;Hilpertstraße;7;Kurs 6
Routenpunkt (Way);T;Hilpertstraße;49.862015;8.624871;50.0;;;;;;Interpoliert;129.0;-1.03;paving_stones;residential;Hilpertstraße;7;Kurs 6
Routenpunkt (Way);T;;49.862041;8.625068;50.0;;;;;;Interpoliert (15m);129.0;-1.14;paving_stones;residential;Hilpertstraße;7;Kurs 6
Routenpunkt (Way);T;Hilpertstraße;49.862067;8.625266;50.0;;;;;;Original OSM;128.8;-1.22;paving_stones;residential;Hilpertstraße;7;Kurs 6
Routenpunkt (Way);T;;49.862089;8.625425;50.0;;;;;;Interpoliert (15m);128.6;-1.3;paving_stones;residential;Hilpertstraße;7;Kurs 6
Routenpunkt (Way);T;;49.862111;8.625584;50.0;;;;;;Interpoliert (15m);128.4;-1.81;paving_stones;residential;Hilpertstraße;7;Kurs 6
Routenpunkt (Way);T;Hilpertstraße;49.862134;8.625743;50.0;;;;;;Original OSM;128.2;-2.04;paving_stones;residential;Hilpertstraße;7;Kurs 6
Routenpunkt (Way);T;;49.862149;8.625851;50.0;;;;;;Interpoliert (15m);128.0;-2.07;paving_stones;residential;Hilpertstraße;7;Kurs 6
Routenpunkt (Way);T;Hilpertstraße;49.862165;8.625958;50.0;;;;;;Interpoliert;127.8;-2.09;paving_stones;residential;Hilpertstraße;7;Kurs 6
Routenpunkt (Way);T;Hilpertstraße;49.862187;8.626106;50.0;;;;;;Interpoliert;127.6;-2.03;paving_stones;residential;Hilpertstraße;7;Kurs 6
Routenpunkt (Way);T;Hilpertstraße;49.862209;8.626254;50.0;;;;;;Original OSM;127.4;-1.86;paving_stones;residential;Hilpertstraße;7;Kurs 6
Routenpunkt (Way);T;Hilpertstraße;49.862238;8.62645;50.0;;;;;;Original OSM;127.2;-1.35;asphalt;residential;Hilpertstraße;7;Kurs 6
Routenpunkt (Way);T;;49.862262;8.62661;50.0;;;;;;Interpoliert (15m);127.0;-0.99;asphalt;residential;Hilpertstraße;7;Kurs 6
Routenpunkt (Way);T;Hilpertstraße;49.862286;8.62677;50.0;;;;;;Original OSM;127.0;-0.4;asphalt;residential;Hilpertstraße;7;Kurs 6
Haltestelle;W;Darmstadt T-Online-Allee;49.862286;8.62677;50.0;;;Kein Umlauf;Mo,Di,Mi,Do,Fr;446.0;Original GTFS (Snap-Distanz 1m) | Auf Route gesnappt (1m);127.1;0.09;asphalt;residential;Hilpertstraße;7;Kurs 6
Routenpunkt (Way);A;Ampel;49.862315;8.626892;50.0;;;;;;Interpoliert (15m);127.2;0.59;asphalt;residential;Hilpertstraße;7;Kurs 6
Routenpunkt (Way);T;Hilpertstraße;49.862344;8.627014;50.0;;;;;;Original OSM;127.3;0.76;asphalt;residential;Hilpertstraße;7;Kurs 6
Routenpunkt (Way);T;;49.862449;8.627051;50.0;;;;;;Interpoliert (15m);127.4;0.93;asphalt;primary;Deutsche-Telekom-Allee;7;Kurs 6
Routenpunkt (Way);T;Deutsche-Telekom-Allee;49.862554;8.627088;50.0;;;;;;Interpoliert;127.5;0.89;asphalt;primary;Deutsche-Telekom-Allee;7;Kurs 6
Routenpunkt (Way);T;Deutsche-Telekom-Allee;49.862657;8.627054;50.0;;;;;;Interpoliert;127.6;0.83;asphalt;primary;Deutsche-Telekom-Allee;7;Kurs 6
Routenpunkt (Way);T;Deutsche-Telekom-Allee;49.862759;8.62702;50.0;;;;;;Original OSM;127.7;0.82;asphalt;primary;Deutsche-Telekom-Allee;7;Kurs 6
Routenpunkt (Way);T;;49.862872;8.626982;50.0;;;;;;Interpoliert (15m);127.8;0.89;asphalt;primary;Deutsche-Telekom-Allee;7;Kurs 6
Routenpunkt (Way);T;Deutsche-Telekom-Allee;49.862986;8.626944;50.0;;;;;;Interpoliert;127.9;0.72;asphalt;primary;Deutsche-Telekom-Allee;7;Kurs 6
Routenpunkt (Way);T;;49.863059;8.62692;50.0;;;;;;Interpoliert (15m);128.0;0.55;asphalt;primary;Deutsche-Telekom-Allee;7;Kurs 6
Routenpunkt (Way);T;Deutsche-Telekom-Allee;49.863132;8.626896;50.0;;;;;;Interpoliert;128.0;-0.05;asphalt;primary;Deutsche-Telekom-Allee;7;Kurs 6
Routenpunkt (Way);T;Deutsche-Telekom-Allee;49.863251;8.626856;50.0;;;;;;Interpoliert;128.0;-0.64;asphalt;primary;Deutsche-Telekom-Allee;7;Kurs 6
Routenpunkt (Way);T;Deutsche-Telekom-Allee;49.863371;8.626817;50.0;;;;;;Interpoliert;127.7;-1.33;asphalt;primary;Deutsche-Telekom-Allee;7;Kurs 6
Routenpunkt (Way);T;Deutsche-Telekom-Allee;49.86349;8.626777;50.0;;;;;;Interpoliert;127.4;-1.77;asphalt;primary;Deutsche-Telekom-Allee;7;Kurs 6
Routenpunkt (Way);T;Deutsche-Telekom-Allee;49.863609;8.626737;50.0;;;;;;Interpoliert;127.1;-2.21;asphalt;primary;Deutsche-Telekom-Allee;7;Kurs 6
Routenpunkt (Way);T;Deutsche-Telekom-Allee;49.863728;8.626698;50.0;;;;;;Interpoliert;126.8;-2.03;asphalt;primary;Deutsche-Telekom-Allee;7;Kurs 6
Routenpunkt (Way);T;Deutsche-Telekom-Allee;49.863848;8.626658;50.0;;;;;;Interpoliert;126.5;-1.85;asphalt;primary;Deutsche-Telekom-Allee;7;Kurs 6
Routenpunkt (Way);T;;49.863915;8.626636;50.0;;;;;;Interpoliert (15m);126.4;-1.66;asphalt;primary;Deutsche-Telekom-Allee;7;Kurs 6
Routenpunkt (Way);T;Deutsche-Telekom-Allee;49.863982;8.626614;50.0;;;;;;Original OSM;126.3;-1.48;asphalt;primary;Deutsche-Telekom-Allee;7;Kurs 6
Routenpunkt (Way);T;;49.864051;8.626591;50.0;;;;;;Interpoliert (15m);126.2;-1.2;asphalt;primary;Deutsche-Telekom-Allee;7;Kurs 6
Routenpunkt (Way);T;Deutsche-Telekom-Allee;49.86412;8.626568;50.0;;;;;;Original OSM;126.1;-0.41;asphalt;primary;Deutsche-Telekom-Allee;7;Kurs 6
Routenpunkt (Way);T;Deutsche-Telekom-Allee;49.864227;8.626532;50.0;;;;;;Interpoliert;126.0;0.38;asphalt;primary;Deutsche-Telekom-Allee;7;Kurs 6
Routenpunkt (Way);T;;49.864293;8.62651;50.0;;;;;;Interpoliert (15m);126.2;0.92;asphalt;primary;Deutsche-Telekom-Allee;7;Kurs 6
Routenpunkt (Way);T;Deutsche-Telekom-Allee;49.86436;8.626488;50.0;;;;;;Original OSM;126.4;1.54;asphalt;primary;Deutsche-Telekom-Allee;7;Kurs 6
Routenpunkt (Way);T;Deutsche-Telekom-Allee;49.864485;8.626447;50.0;;;;;;Interpoliert;126.6;2.08;asphalt;primary;Deutsche-Telekom-Allee;7;Kurs 6
Routenpunkt (Way);T;Deutsche-Telekom-Allee;49.86458;8.626415;50.0;;;;;;Interpoliert;126.8;1.55;asphalt;primary;Deutsche-Telekom-Allee;7;Kurs 6
Routenpunkt (Way);T;Deutsche-Telekom-Allee;49.864675;8.626383;50.0;;;;;;Original OSM;127.0;1.02;asphalt;primary;Deutsche-Telekom-Allee;7;Kurs 6
Routenpunkt (Way);T;Deutsche-Telekom-Allee;49.864806;8.62634;50.0;;;;;;Interpoliert;127.0;0.74;asphalt;primary;Deutsche-Telekom-Allee;7;Kurs 6
Routenpunkt (Way);T;Deutsche-Telekom-Allee;49.864937;8.626296;50.0;;;;;;Interpoliert;127.0;0.37;asphalt;primary;Deutsche-Telekom-Allee;7;Kurs 6
Routenpunkt (Way);T;Deutsche-Telekom-Allee;49.865068;8.626253;50.0;;;;;;Original OSM;127.0;0.0;asphalt;primary;Deutsche-Telekom-Allee;7;Kurs 6
Routenpunkt (Way);T;Deutsche-Telekom-Allee;49.86519;8.626211;50.0;;;;;;Interpoliert;127.0;0.0;asphalt;primary;Deutsche-Telekom-Allee;7;Kurs 6
Routenpunkt (Way);T;Deutsche-Telekom-Allee;49.865312;8.626169;50.0;;;;;;Interpoliert;127.0;0.29;asphalt;primary;Deutsche-Telekom-Allee;7;Kurs 6
Routenpunkt (Way);T;Deutsche-Telekom-Allee;49.865434;8.626128;50.0;;;;;;Interpoliert;127.0;0.68;asphalt;primary;Deutsche-Telekom-Allee;7;Kurs 6
Routenpunkt (Way);T;Deutsche-Telekom-Allee;49.865556;8.626086;50.0;;;;;;Interpoliert;127.2;1.08;asphalt;primary;Deutsche-Telekom-Allee;7;Kurs 6
Routenpunkt (Way);T;;49.865647;8.626069;50.0;;;;;;Interpoliert (15m);127.4;1.47;asphalt;primary;Deutsche-Telekom-Allee;7;Kurs 6
Routenpunkt (Way);T;;49.865737;8.626053;50.0;;;;;;Interpoliert (15m);127.6;1.82;asphalt;primary;Deutsche-Telekom-Allee;7;Kurs 6
Routenpunkt (Way);T;Deutsche-Telekom-Allee;49.865828;8.626036;50.0;;;;;;Original OSM;127.8;1.89;asphalt;primary;Deutsche-Telekom-Allee;7;Kurs 6
Routenpunkt (Way);T;;49.865929;8.626016;50.0;;;;;;Interpoliert (15m);128.0;1.84;asphalt;primary;Deutsche-Telekom-Allee;7;Kurs 6
Routenpunkt (Way);T;;49.86603;8.625995;50.0;;;;;;Interpoliert (15m);128.2;2.26;asphalt;primary;Deutsche-Telekom-Allee;7;Kurs 6
Routenpunkt (Way);T;Deutsche-Telekom-Allee;49.866132;8.625975;50.0;;;;;;Interpoliert;128.4;2.82;asphalt;primary;Deutsche-Telekom-Allee;7;Kurs 6
Routenpunkt (Way);T;Deutsche-Telekom-Allee;49.866262;8.625932;50.0;;;;;;Original OSM;129.0;3.42;asphalt;primary;Deutsche-Telekom-Allee;7;Kurs 6
Routenpunkt (Way);T;Deutsche-Telekom-Allee;49.866373;8.625894;50.0;;;;;;Interpoliert;129.6;3.54;asphalt;primary;Deutsche-Telekom-Allee;7;Kurs 6
Routenpunkt (Way);T;Deutsche-Telekom-Allee;49.866484;8.625857;50.0;;;;;;Interpoliert;130.2;3.66;asphalt;primary;Deutsche-Telekom-Allee;7;Kurs 6
Routenpunkt (Way);T;Deutsche-Telekom-Allee;49.866595;8.625819;50.0;;;;;;Interpoliert;130.5;3.52;asphalt;primary;Deutsche-Telekom-Allee;7;Kurs 6
Routenpunkt (Way);T;Deutsche-Telekom-Allee;49.866706;8.625782;50.0;;;;;;Interpoliert;130.8;3.23;asphalt;primary;Deutsche-Telekom-Allee;7;Kurs 6
Routenpunkt (Way);T;;49.866787;8.625786;50.0;;;;;;Interpoliert (15m);131.1;2.79;asphalt;primary;Deutsche-Telekom-Allee;7;Kurs 6
Routenpunkt (Way);T;Deutsche-Telekom-Allee;49.866868;8.625791;50.0;;;;;;Original OSM;131.4;2.83;asphalt;unclassified;Mina-Rees-Straße;7;Kurs 6
Routenpunkt (Way);A;Ampel;49.866897;8.625948;50.0;;;;;;Interpoliert (15m);131.7;3.0;asphalt;unclassified;Mina-Rees-Straße;7;Kurs 6
Routenpunkt (Way);T;Mina-Rees-Straße;49.866925;8.626106;30.0;;;;;;Interpoliert;132.0;2.12;asphalt;unclassified;Mina-Rees-Straße;7;Kurs 6
Routenpunkt (Way);T;;49.866954;8.626226;30.0;;;;;;Interpoliert (15m);132.3;1.29;asphalt;unclassified;Mina-Rees-Straße;7;Kurs 6
Routenpunkt (Way);T;Mina-Rees-Straße;49.866984;8.626346;30.0;;;;;;Original OSM;132.2;0.61;asphalt;unclassified;Mina-Rees-Straße;7;Kurs 6
Routenpunkt (Way);T;;49.866994;8.626509;30.0;;;;;;Interpoliert (15m);132.1;-0.18;asphalt;unclassified;Mina-Rees-Straße;7;Kurs 6
Routenpunkt (Way);T;Mina-Rees-Straße;49.867004;8.626672;30.0;;;;;;Original OSM;132.0;-1.23;asphalt;unclassified;Mina-Rees-Straße;7;Kurs 6
Routenpunkt (Way);T;Mina-Rees-Straße;49.867031;8.626872;30.0;;;;;;Interpoliert;131.8;-1.41;asphalt;unclassified;Mina-Rees-Straße;7;Kurs 6
Routenpunkt (Way);T;Mina-Rees-Straße;49.867051;8.62701;30.0;;;;;;Interpoliert;131.6;-1.54;asphalt;unclassified;Mina-Rees-Straße;7;Kurs 6
Routenpunkt (Way);T;Mina-Rees-Straße;49.86707;8.627147;30.0;;;;;;Original OSM;131.4;-1.66;asphalt;unclassified;Mina-Rees-Straße;7;Kurs 6
Routenpunkt (Way);T;Mina-Rees-Straße;49.867095;8.62733;30.0;;;;;;Interpoliert;131.2;-1.69;asphalt;unclassified;Mina-Rees-Straße;7;Kurs 6
Routenpunkt (Way);T;Mina-Rees-Straße;49.86712;8.627513;30.0;;;;;;Interpoliert;131.0;-1.59;asphalt;unclassified;Mina-Rees-Straße;7;Kurs 6
Routenpunkt (Way);T;;49.867145;8.627695;30.0;;;;;;Interpoliert (15m);130.8;-1.52;asphalt;unclassified;Mina-Rees-Straße;7;Kurs 6
Routenpunkt (Way);T;Mina-Rees-Straße;49.86717;8.627877;30.0;;;;;;Original OSM;130.6;-1.54;asphalt;unclassified;Mina-Rees-Straße;7;Kurs 6
Routenpunkt (Way);T;;49.867194;8.628047;30.0;;;;;;Interpoliert (15m);130.4;-1.52;asphalt;unclassified;Mina-Rees-Straße;7;Kurs 6
Routenpunkt (Way);T;Mina-Rees-Straße;49.867217;8.628217;30.0;;;;;;Interpoliert;130.2;-1.22;asphalt;unclassified;Mina-Rees-Straße;7;Kurs 6
Routenpunkt (Way);T;;49.867243;8.628411;30.0;;;;;;Interpoliert (15m);130.0;-0.92;asphalt;unclassified;Mina-Rees-Straße;7;Kurs 6
Routenpunkt (Way);T;;49.86727;8.628605;30.0;;;;;;Interpoliert (15m);130.0;-0.6;asphalt;unclassified;Mina-Rees-Straße;7;Kurs 6
Routenpunkt (Way);T;Mina-Rees-Straße;49.867296;8.628799;30.0;;;;;;Original OSM;130.0;-0.28;asphalt;unclassified;Mina-Rees-Straße;7;Kurs 6
Routenpunkt (Way);T;;49.867315;8.628941;30.0;;;;;;Interpoliert (15m);130.0;0.0;asphalt;unclassified;Mina-Rees-Straße;7;Kurs 6
Routenpunkt (Way);T;;49.867335;8.629083;30.0;;;;;;Interpoliert (15m);130.0;0.0;asphalt;unclassified;Mina-Rees-Straße;7;Kurs 6
Routenpunkt (Way);T;Mina-Rees-Straße;49.867354;8.629225;30.0;;;;;;Interpoliert;130.0;0.0;asphalt;unclassified;Mina-Rees-Straße;7;Kurs 6
Routenpunkt (Way);A;Ampel;49.867369;8.62934;30.0;;;;;;Interpoliert (15m);130.0;0.0;asphalt;unclassified;Mina-Rees-Straße;7;Kurs 6
Routenpunkt (Way);T;Mina-Rees-Straße;49.867385;8.629454;30.0;;;;;;Original OSM;130.0;0.0;asphalt;unclassified;Mina-Rees-Straße;7;Kurs 6
Routenpunkt (Way);T;;49.8674;8.629564;30.0;;;;;;Interpoliert (15m);130.0;0.0;asphalt;unclassified;Mina-Rees-Straße;7;Kurs 6
Routenpunkt (Way);T;Mina-Rees-Straße;49.867414;8.629673;30.0;;;;;;Original OSM;130.0;0.14;asphalt;primary;Am Kavalleriesand;7;Kurs 6
Routenpunkt (Way);T;Am Kavalleriesand;49.867306;8.62971;50.0;;;;;;Original OSM;130.0;0.29;asphalt;primary;Am Kavalleriesand;7;Kurs 6
Routenpunkt (Way);T;Am Kavalleriesand;49.867185;8.629755;50.0;;;;;;Interpoliert;130.1;0.45;asphalt;primary;Am Kavalleriesand;7;Kurs 6
Routenpunkt (Way);T;Am Kavalleriesand;49.867064;8.629801;50.0;;;;;;Original OSM;130.2;0.61;asphalt;primary;Am Kavalleriesand;7;Kurs 6
Routenpunkt (Way);T;Am Kavalleriesand;49.866956;8.629843;50.0;;;;;;Interpoliert;130.3;0.76;asphalt;primary;Am Kavalleriesand;7;Kurs 6
Routenpunkt (Way);T;;49.866856;8.629928;50.0;;;;;;Interpoliert (15m);130.4;0.78;asphalt;primary;Am Kavalleriesand;7;Kurs 6
Routenpunkt (Way);T;;49.866755;8.630013;50.0;;;;;;Interpoliert (15m);130.5;0.45;asphalt;primary;Stirnweg;7;Kurs 6
Routenpunkt (Way);T;Am Kavalleriesand;49.866654;8.630098;50.0;;;;;;Original OSM;130.6;0.11;asphalt;primary;Stirnweg;7;Kurs 6
Routenpunkt (Way);T;;49.866625;8.630244;50.0;;;;;;Interpoliert (15m);130.5;-0.23;asphalt;primary;Stirnweg;7;Kurs 6
Routenpunkt (Way);T;;49.866595;8.63039;50.0;;;;;;Interpoliert (15m);130.4;-0.58;asphalt;primary;Stirnweg;7;Kurs 6
Routenpunkt (Way);T;Stirnweg;49.866565;8.630535;50.0;;;;;;Interpoliert;130.3;-0.74;asphalt;primary;Stirnweg;7;Kurs 6
Routenpunkt (Way);T;Stirnweg;49.866579;8.630678;50.0;;;;;;Original OSM;130.2;-0.56;asphalt;primary;Stirnweg;7;Kurs 6
Routenpunkt (Way);T;Stirnweg;49.8666;8.630847;50.0;;;;;;Interpoliert;130.2;-0.38;asphalt;primary;Stirnweg;7;Kurs 6
Routenpunkt (Way);T;;49.866613;8.631021;50.0;;;;;;Interpoliert (15m);130.2;-0.19;asphalt;primary;Stirnweg;7;Kurs 6
Routenpunkt (Way);T;Stirnweg;49.866626;8.631194;50.0;;;;;;Original OSM;130.2;0.0;asphalt;primary;Stirnweg;7;Kurs 6
Haltestelle;W;Darmstadt Pfalzweg NHaardtring;49.866612;8.631327;50.0;;;Kein Umlauf;Mo,Di,Mi,Do,Fr;446.0;Original GTFS (Snap-Distanz 77m) | Auf Route gesnappt (77m);130.2;0.0;asphalt;primary;Haardtring;7;Kurs 6
Routenpunkt (Way);T;;49.866745;8.631335;50.0;;;;;;Interpoliert (15m);130.2;0.0;asphalt;primary;Haardtring;7;Kurs 6
Routenpunkt (Way);T;;49.866877;8.631342;50.0;;;;;;Interpoliert (15m);130.2;0.0;asphalt;primary;Haardtring;7;Kurs 6
Routenpunkt (Way);T;;49.86701;8.63135;50.0;;;;;;Interpoliert (15m);130.2;0.0;asphalt;primary;;7;Kurs 6
Routenpunkt (Way);T;;49.867142;8.631358;50.0;;;;;;Interpoliert (15m);130.2;0.0;asphalt;primary;;7;Kurs 6
Routenpunkt (Way);T;;49.867275;8.631365;50.0;;;;;;Interpoliert (15m);130.2;-0.27;asphalt;primary;;7;Kurs 6
Routenpunkt (Way);T;;49.867407;8.631373;50.0;;;;;;Interpoliert (15m);130.2;-0.54;asphalt;primary;;7;Kurs 6
Routenpunkt (Way);T;;49.86754;8.631381;50.0;;;;;;Interpoliert (15m);130.0;-0.81;asphalt;primary;;7;Kurs 6
Routenpunkt (Way);T;;49.867672;8.631388;50.0;;;;;;Interpoliert (15m);129.8;-1.08;asphalt;primary;;7;Kurs 6
Routenpunkt (Way);T;;49.867805;8.631396;50.0;;;;;;Interpoliert (15m);129.6;-1.36;asphalt;primary;;7;Kurs 6
Routenpunkt (Way);T;;49.867938;8.631404;50.0;;;;;;Interpoliert (15m);129.4;-1.36;asphalt;primary;;7;Kurs 6
Routenpunkt (Way);T;;49.86807;8.631411;50.0;;;;;;Interpoliert (15m);129.2;-1.08;asphalt;primary;;7;Kurs 6
Routenpunkt (Way);T;;49.868203;8.631419;50.0;;;;;;Interpoliert (15m);129.0;-0.81;asphalt;primary;;7;Kurs 6
Routenpunkt (Way);T;;49.868335;8.631427;50.0;;;;;;Interpoliert (15m);129.0;-0.54;asphalt;primary;;7;Kurs 6
Routenpunkt (Way);T;;49.868468;8.631434;50.0;;;;;;Interpoliert (15m);129.0;0.0;asphalt;primary;;7;Kurs 6
Routenpunkt (Way);T;;49.8686;8.631442;50.0;;;;;;Interpoliert (15m);129.0;0.54;asphalt;primary;;7;Kurs 6
Routenpunkt (Way);T;;49.868733;8.631449;50.0;;;;;;Interpoliert (15m);129.2;0.81;asphalt;primary;;7;Kurs 6
Routenpunkt (Way);T;;49.868865;8.631457;50.0;;;;;;Interpoliert (15m);129.4;1.08;asphalt;primary;;7;Kurs 6
Routenpunkt (Way);T;;49.868998;8.631465;50.0;;;;;;Interpoliert (15m);129.6;1.36;asphalt;primary;;7;Kurs 6
Routenpunkt (Way);T;;49.869131;8.631472;50.0;;;;;;Interpoliert (15m);129.8;1.36;asphalt;primary;;7;Kurs 6
Routenpunkt (Way);T;;49.869263;8.63148;50.0;;;;;;Interpoliert (15m);130.0;1.36;asphalt;primary;;7;Kurs 6
Routenpunkt (Way);T;;49.869396;8.631488;50.0;;;;;;Interpoliert (15m);130.2;1.36;asphalt;primary;;7;Kurs 6
Routenpunkt (Way);T;;49.869528;8.631495;50.0;;;;;;Interpoliert (15m);130.4;1.36;asphalt;primary;;7;Kurs 6
Routenpunkt (Way);T;;49.869661;8.631503;50.0;;;;;;Interpoliert (15m);130.6;1.36;asphalt;primary;;7;Kurs 6
Routenpunkt (Way);T;;49.869793;8.631511;50.0;;;;;;Interpoliert (15m);130.8;1.08;asphalt;primary;;7;Kurs 6
Routenpunkt (Way);T;;49.869926;8.631518;50.0;;;;;;Interpoliert (15m);131.0;0.81;asphalt;primary;;7;Kurs 6
Routenpunkt (Way);T;;49.870058;8.631526;50.0;;;;;;Interpoliert (15m);131.0;0.54;asphalt;primary;;7;Kurs 6
Routenpunkt (Way);T;;49.870191;8.631534;50.0;;;;;;Interpoliert (15m);131.0;0.27;asphalt;primary;;7;Kurs 6
Routenpunkt (Way);T;;49.870324;8.631541;50.0;;;;;;Interpoliert (15m);131.0;0.0;asphalt;primary;;7;Kurs 6
Routenpunkt (Way);T;;49.870456;8.631549;50.0;;;;;;Interpoliert (15m);131.0;0.0;asphalt;primary;;7;Kurs 6
Routenpunkt (Way);T;;49.870589;8.631557;50.0;;;;;;Interpoliert (15m);131.0;0.0;asphalt;primary;;7;Kurs 6
Routenpunkt (Way);T;;49.870721;8.631564;50.0;;;;;;Interpoliert (15m);131.0;0.0;asphalt;primary;;7;Kurs 6
Routenpunkt (Way);T;;49.870854;8.631572;50.0;;;;;;Interpoliert (15m);131.0;0.0;asphalt;primary;;7;Kurs 6
Routenpunkt (Way);T;;49.870986;8.63158;50.0;;;;;;Interpoliert (15m);131.0;0.27;paving_stones;service;Külpstraße;7;Kurs 6
Routenpunkt (Way);T;;49.871119;8.631587;50.0;;;;;;Interpoliert (15m);131.0;0.54;paving_stones;service;Külpstraße;7;Kurs 6
Routenpunkt (Way);T;;49.871251;8.631595;50.0;;;;;;Interpoliert (15m);131.2;0.81;paving_stones;service;Külpstraße;7;Kurs 6
Routenpunkt (Way);T;;49.871384;8.631602;50.0;;;;;;Interpoliert (15m);131.4;1.08;sett;service;Am Fürstenbahnhof;7;Kurs 6
Routenpunkt (Way);T;;49.871517;8.63161;50.0;;;;;;Interpoliert (15m);131.6;1.63;sett;service;Am Fürstenbahnhof;7;Kurs 6
Routenpunkt (Way);T;;49.871649;8.631618;50.0;;;;;;Interpoliert (15m);131.8;1.9;asphalt;pedestrian;Am Hauptbahnhof;7;Kurs 6
Routenpunkt (Way);T;;49.871782;8.631625;50.0;;;;;;Interpoliert (15m);132.2;2.17;asphalt;pedestrian;Am Hauptbahnhof;7;Kurs 6
Routenpunkt (Way);T;;49.871914;8.631633;50.0;;;;;;Interpoliert (15m);132.6;1.9;paving_stones;pedestrian;Am Hauptbahnhof;7;Kurs 6
Routenpunkt (Way);A;Am Hauptbahnhof (Ampel);49.872047;8.631641;50.0;;;;;;Original OSM;133.0;1.77;paving_stones;pedestrian;Am Hauptbahnhof;7;Kurs 6
Haltestelle;W;Darmstadt Hauptbahnhof Ost;49.872047;8.631641;50.0;11:10:00;11:10:00;Kein Umlauf;Mo,Di,Mi,Do,Fr;446.0;Original GTFS (Snap-Distanz 37m) | Auf Route gesnappt (37m);133.1;1.37;paving_stones;pedestrian;Am Hauptbahnhof;7;Kurs 6
Routenpunkt (Way);T;;49.871922;8.631685;50.0;;;;;;Interpoliert (15m);133.2;0.65;paving_stones;pedestrian;Am Hauptbahnhof;7;Kurs 6
Routenpunkt (Way);T;Am Hauptbahnhof;49.871798;8.63173;50.0;;;;;;Original OSM;133.3;-0.06;asphalt;pedestrian;Am Hauptbahnhof;7;Kurs 6
Routenpunkt (Way);T;;49.871718;8.631834;50.0;;;;;;Interpoliert (15m);133.2;-0.25;asphalt;pedestrian;Am Hauptbahnhof;7;Kurs 6
Routenpunkt (Way);T;Am Hauptbahnhof;49.871638;8.631939;50.0;;;;;;Interpoliert;133.1;-0.58;paving_stones;pedestrian;Am Hauptbahnhof;7;Kurs 6
Routenpunkt (Way);T;Am Hauptbahnhof;49.871554;8.632013;50.0;;;;;;Original OSM;133.0;-1.26;paving_stones;pedestrian;Am Hauptbahnhof;7;Kurs 6
Routenpunkt (Way);T;Am Hauptbahnhof;49.871471;8.632083;50.0;;;;;;Interpoliert;132.9;-1.62;paving_stones;pedestrian;Am Hauptbahnhof;7;Kurs 6
Routenpunkt (Way);T;;49.871384;8.632158;50.0;;;;;;Interpoliert (15m);132.6;-1.45;paving_stones;pedestrian;Am Hauptbahnhof;7;Kurs 6
Routenpunkt (Way);T;Am Hauptbahnhof;49.871296;8.632234;50.0;;;;;;Original OSM;132.3;-0.84;paving_stones;pedestrian;Am Hauptbahnhof;7;Kurs 6
Routenpunkt (Way);T;;49.871184;8.632328;50.0;;;;;;Interpoliert (15m);132.3;-0.17;paving_stones;pedestrian;Am Hauptbahnhof;7;Kurs 6
Routenpunkt (Way);T;Am Hauptbahnhof;49.871073;8.632422;50.0;;;;;;Interpoliert;132.6;0.85;paving_stones;pedestrian;Am Hauptbahnhof;7;Kurs 6
Routenpunkt (Way);T;Am Hauptbahnhof;49.870975;8.632506;50.0;;;;;;Interpoliert;132.9;1.86;paving_stones;pedestrian;Am Hauptbahnhof;7;Kurs 6
Routenpunkt (Way);T;Am Hauptbahnhof;49.870876;8.63259;50.0;;;;;;Interpoliert;133.2;2.3;paving_stones;pedestrian;Am Hauptbahnhof;7;Kurs 6
Routenpunkt (Way);T;Am Hauptbahnhof;49.870777;8.632674;50.0;;;;;;Interpoliert;133.5;2.6;paving_stones;pedestrian;Am Hauptbahnhof;7;Kurs 6
Routenpunkt (Way);T;Am Hauptbahnhof;49.870668;8.632766;50.0;;;;;;Original OSM;133.8;2.88;paving_stones;pedestrian;Am Hauptbahnhof;7;Kurs 6
Routenpunkt (Way);T;Am Hauptbahnhof;49.870561;8.632861;50.0;;;;;;Interpoliert;134.3;3.17;paving_stones;pedestrian;Am Hauptbahnhof;7;Kurs 6
Routenpunkt (Way);T;;49.87048;8.632994;50.0;;;;;;Interpoliert (15m);134.8;3.65;asphalt;busway;Am Hauptbahnhof;7;Kurs 6
Routenpunkt (Way);T;Am Hauptbahnhof;49.870399;8.633126;50.0;;;;;;Original OSM;135.3;3.59;asphalt;busway;Am Hauptbahnhof;7;Kurs 6
Routenpunkt (Way);A;Ampel;49.870399;8.633272;50.0;;;;;;Interpoliert (15m);135.8;2.87;asphalt;busway;Am Hauptbahnhof;7;Kurs 6
Routenpunkt (Way);T;;49.870399;8.633418;50.0;;;;;;Interpoliert (15m);136.0;2.1;asphalt;busway;Rheinstraße;7;Kurs 6
Routenpunkt (Way);T;Rheinstraße;49.870399;8.633564;50.0;;;;;;Interpoliert;136.0;1.34;asphalt;busway;Rheinstraße;7;Kurs 6
Routenpunkt (Way);T;Rheinstraße;49.870425;8.633749;50.0;;;;;;Interpoliert;136.0;0.38;asphalt;busway;Rheinstraße;7;Kurs 6
Routenpunkt (Way);T;Rheinstraße;49.87045;8.633933;50.0;;;;;;Original OSM;136.0;0.0;asphalt;busway;Rheinstraße;7;Kurs 6
Routenpunkt (Way);T;Rheinstraße;49.870477;8.634133;50.0;;;;;;Interpoliert;136.0;-0.27;asphalt;busway;Rheinstraße;7;Kurs 6
Routenpunkt (Way);T;Rheinstraße;49.870505;8.634333;50.0;;;;;;Interpoliert;136.0;-0.55;asphalt;busway;Rheinstraße;7;Kurs 6
Routenpunkt (Way);T;Rheinstraße;49.870533;8.634533;50.0;;;;;;Interpoliert;135.8;-0.82;asphalt;busway;Rheinstraße;7;Kurs 6
Routenpunkt (Way);T;Rheinstraße;49.87056;8.634733;50.0;;;;;;Interpoliert;135.6;-1.09;asphalt;busway;Rheinstraße;7;Kurs 6
Routenpunkt (Way);T;Rheinstraße;49.870588;8.634934;50.0;;;;;;Interpoliert;135.4;-1.09;asphalt;busway;Rheinstraße;7;Kurs 6
Routenpunkt (Way);T;Rheinstraße;49.870615;8.635134;50.0;;;;;;Interpoliert;135.2;-0.4;asphalt;busway;Rheinstraße;7;Kurs 6
Routenpunkt (Way);T;Rheinstraße;49.870643;8.635334;50.0;;;;;;Interpoliert;135.2;0.28;asphalt;busway;Rheinstraße;7;Kurs 6
Routenpunkt (Way);T;;49.870649;8.635468;50.0;;;;;;Interpoliert (15m);135.4;1.09;asphalt;busway;Rheinstraße;7;Kurs 6
Routenpunkt (Way);T;Rheinstraße;49.870655;8.635603;50.0;;;;;;Original OSM;135.6;1.68;asphalt;busway;Rheinstraße;7;Kurs 6
Haltestelle;W;Darmstadt Berliner Allee;49.870692;8.63569;50.0;;;Kein Umlauf;Mo,Di,Mi,Do,Fr;446.0;Original GTFS (Snap-Distanz 8m) | Auf Route gesnappt (8m);135.8;1.96;asphalt;busway;Rheinstraße;7;Kurs 6
Routenpunkt (Way);T;Berliner Allee;49.870683;8.635868;50.0;;;;;;Interpoliert;136.0;1.55;asphalt;busway;Rheinstraße;7;Kurs 6
Routenpunkt (Way);T;;49.870712;8.636057;50.0;;;;;;Interpoliert (15m);136.2;1.14;asphalt;busway;Rheinstraße;7;Kurs 6
Routenpunkt (Way);T;Berliner Allee;49.87074;8.636245;50.0;;;;;;Interpoliert;136.2;0.6;asphalt;busway;Rheinstraße;7;Kurs 6
Routenpunkt (Way);T;;49.870757;8.636381;50.0;;;;;;Interpoliert (15m);136.2;0.29;asphalt;busway;Rheinstraße;7;Kurs 6
Routenpunkt (Way);T;Berliner Allee;49.870774;8.636517;50.0;;;;;;Original OSM;136.2;0.0;asphalt;busway;Rheinstraße;7;Kurs 6
Routenpunkt (Way);T;;49.870806;8.636632;50.0;;;;;;Interpoliert (15m);136.2;0.0;asphalt;busway;Rheinstraße;7;Kurs 6
Routenpunkt (Way);T;Rheinstraße;49.870837;8.636746;50.0;;;;;;Interpoliert;136.2;0.0;asphalt;busway;Rheinstraße;7;Kurs 6
Routenpunkt (Way);T;Rheinstraße;49.870864;8.636941;50.0;;;;;;Interpoliert;136.2;0.0;asphalt;busway;Rheinstraße;7;Kurs 6
Routenpunkt (Way);T;Rheinstraße;49.870891;8.637136;50.0;;;;;;Interpoliert;136.2;0.0;asphalt;busway;Rheinstraße;7;Kurs 6
Routenpunkt (Way);T;Rheinstraße;49.870918;8.637331;50.0;;;;;;Interpoliert;136.2;0.0;asphalt;busway;Rheinstraße;7;Kurs 6
Routenpunkt (Way);T;Rheinstraße;49.870945;8.637526;50.0;;;;;;Interpoliert;136.2;0.28;asphalt;busway;Rheinstraße;7;Kurs 6
Routenpunkt (Way);T;Rheinstraße;49.870972;8.637722;50.0;;;;;;Interpoliert;136.2;0.56;asphalt;busway;Rheinstraße;7;Kurs 6
Routenpunkt (Way);T;Rheinstraße;49.870998;8.637917;50.0;;;;;;Interpoliert;136.4;0.84;asphalt;busway;Rheinstraße;7;Kurs 6
Routenpunkt (Way);T;Rheinstraße;49.871025;8.638112;50.0;;;;;;Interpoliert;136.6;0.98;asphalt;busway;Rheinstraße;7;Kurs 6
Routenpunkt (Way);T;Rheinstraße;49.871052;8.638307;50.0;;;;;;Interpoliert;136.8;0.84;asphalt;busway;Rheinstraße;7;Kurs 6
Routenpunkt (Way);T;Rheinstraße;49.871079;8.638502;50.0;;;;;;Interpoliert;136.9;0.42;asphalt;busway;;7;Kurs 6
Routenpunkt (Way);T;Rheinstraße;49.871106;8.638697;50.0;;;;;;Interpoliert;136.8;-0.0;asphalt;busway;;7;Kurs 6
Routenpunkt (Way);T;Rheinstraße;49.871133;8.638892;50.0;;;;;;Interpoliert;136.7;-0.14;asphalt;busway;;7;Kurs 6
Routenpunkt (Way);T;Rheinstraße;49.87116;8.639087;50.0;;;;;;Interpoliert;136.6;-0.14;asphalt;busway;;7;Kurs 6
Routenpunkt (Way);T;Rheinstraße;49.871186;8.639282;50.0;;;;;;Interpoliert;136.7;0.14;asphalt;busway;;7;Kurs 6
Routenpunkt (Way);T;Rheinstraße;49.871213;8.639477;50.0;;;;;;Interpoliert;136.8;0.42;asphalt;busway;Rheinstraße;7;Kurs 6
Routenpunkt (Way);T;Rheinstraße;49.87124;8.639672;50.0;;;;;;Original OSM;136.9;0.7;asphalt;busway;Rheinstraße;7;Kurs 6
Routenpunkt (Way);T;Rheinstraße;49.871267;8.639864;50.0;;;;;;Interpoliert;137.0;0.85;asphalt;busway;Rheinstraße;7;Kurs 6
Routenpunkt (Way);T;Rheinstraße;49.871293;8.640056;50.0;;;;;;Interpoliert;137.1;1.14;asphalt;busway;Rheinstraße;7;Kurs 6
Routenpunkt (Way);T;Rheinstraße;49.87132;8.640248;50.0;;;;;;Interpoliert;137.3;1.42;asphalt;busway;Rheinstraße;7;Kurs 6
Routenpunkt (Way);T;Rheinstraße;49.871346;8.64044;50.0;;;;;;Interpoliert;137.6;1.71;asphalt;busway;Rheinstraße;7;Kurs 6
Routenpunkt (Way);T;Rheinstraße;49.871372;8.640632;50.0;;;;;;Interpoliert;137.9;1.85;asphalt;busway;Rheinstraße;7;Kurs 6
Routenpunkt (Way);T;Rheinstraße;49.871399;8.640824;50.0;;;;;;Interpoliert;138.2;1.56;asphalt;busway;Rheinstraße;7;Kurs 6
Routenpunkt (Way);T;Rheinstraße;49.871425;8.641015;50.0;;;;;;Interpoliert;138.4;1.14;asphalt;busway;Rheinstraße;7;Kurs 6
Routenpunkt (Way);T;Rheinstraße;49.871452;8.641207;50.0;;;;;;Interpoliert;138.4;0.71;asphalt;busway;Rheinstraße;7;Kurs 6
Routenpunkt (Way);T;Rheinstraße;49.871478;8.641399;50.0;;;;;;Original OSM;138.4;0.28;asphalt;busway;Rheinstraße;7;Kurs 6
Routenpunkt (Way);T;;49.871501;8.641564;50.0;;;;;;Interpoliert (15m);138.4;0.17;asphalt;busway;Rheinstraße;7;Kurs 6
Routenpunkt (Way);T;Rheinstraße;49.871524;8.641729;50.0;;;;;;Original OSM;138.4;0.17;asphalt;busway;Rheinstraße;7;Kurs 6
Routenpunkt (Way);T;;49.871546;8.641887;50.0;;;;;;Interpoliert (15m);138.5;0.17;asphalt;busway;Rheinstraße;7;Kurs 6
Routenpunkt (Way);T;Rheinstraße;49.871568;8.642045;50.0;;;;;;Interpoliert;138.5;0.17;asphalt;busway;Rheinstraße;7;Kurs 6
Routenpunkt (Way);T;Rheinstraße;49.871594;8.642232;50.0;;;;;;Interpoliert;138.5;0.32;asphalt;busway;Rheinstraße;7;Kurs 6
Routenpunkt (Way);T;Rheinstraße;49.871619;8.64242;50.0;;;;;;Interpoliert;138.5;0.44;asphalt;busway;Rheinstraße;7;Kurs 6
Routenpunkt (Way);T;Rheinstraße;49.871645;8.642607;50.0;;;;;;Interpoliert;138.6;0.72;asphalt;busway;Rheinstraße;7;Kurs 6
Routenpunkt (Way);T;Rheinstraße;49.871671;8.642795;50.0;;;;;;Interpoliert;138.8;1.0;asphalt;busway;Rheinstraße;7;Kurs 6
Routenpunkt (Way);T;;49.871683;8.642993;50.0;;;;;;Interpoliert (15m);139.0;1.32;asphalt;busway;Rheinstraße;7;Kurs 6
Routenpunkt (Way);T;Rheinstraße;49.871696;8.64319;50.0;;;;;;Interpoliert;139.2;1.49;asphalt;busway;Rheinstraße;7;Kurs 6
Routenpunkt (Way);T;;49.871721;8.643361;50.0;;;;;;Interpoliert (15m);139.4;1.36;asphalt;busway;Rheinstraße;7;Kurs 6
Routenpunkt (Way);T;;49.871746;8.643531;50.0;;;;;;Interpoliert (15m);139.6;1.24;asphalt;busway;Rheinstraße;7;Kurs 6
Routenpunkt (Way);T;;49.871771;8.643701;50.0;;;;;;Interpoliert (15m);139.7;1.1;asphalt;busway;Rheinstraße;7;Kurs 6
Routenpunkt (Way);T;Rhein-/Neckarstraße;49.871796;8.643871;50.0;;;;;;Interpoliert;139.8;0.92;asphalt;busway;Rheinstraße;7;Kurs 6
Routenpunkt (Way);T;;49.871832;8.644064;50.0;;;;;;Interpoliert (15m);139.9;0.74;asphalt;busway;Rheinstraße;7;Kurs 6
Routenpunkt (Way);T;;49.871868;8.644257;50.0;;;;;;Interpoliert (15m);140.0;0.77;asphalt;busway;Rheinstraße;7;Kurs 6
Routenpunkt (Way);T;Rheinstraße;49.871904;8.64445;50.0;;;;;;Original OSM;140.1;0.76;asphalt;busway;Rheinstraße;7;Kurs 6
Haltestelle;W;Darmstadt Rhein-/Neckarstraße;49.871925;8.644589;50.0;;;Kein Umlauf;Mo,Di,Mi,Do,Fr;446.0;Original GTFS (Snap-Distanz 43m) | Auf Route gesnappt (43m);140.2;0.79;asphalt;busway;Rheinstraße;7;Kurs 6
Routenpunkt (Way);T;Rheinstraße;49.871955;8.644779;50.0;;;;;;Original OSM;140.3;0.48;asphalt;busway;Rheinstraße;7;Kurs 6
Routenpunkt (Way);T;;49.871979;8.644939;50.0;;;;;;Interpoliert (15m);140.4;0.19;asphalt;busway;Rheinstraße;7;Kurs 6
Routenpunkt (Way);T;Rheinstraße;49.872003;8.645099;50.0;;;;;;Interpoliert;140.3;-0.15;asphalt;busway;Rheinstraße;7;Kurs 6
Routenpunkt (Way);T;Rheinstraße;49.87203;8.645283;50.0;;;;;;Interpoliert;140.2;-0.44;asphalt;busway;Rheinstraße;7;Kurs 6
Routenpunkt (Way);T;Rheinstraße;49.872057;8.645468;50.0;;;;;;Interpoliert;140.1;-0.76;asphalt;busway;Rheinstraße;7;Kurs 6
Routenpunkt (Way);T;Rheinstraße;49.872084;8.645653;50.0;;;;;;Interpoliert;140.0;-0.15;asphalt;busway;Rheinstraße;7;Kurs 6
Routenpunkt (Way);T;Rheinstraße;49.872111;8.645837;50.0;;;;;;Interpoliert;139.9;0.29;asphalt;busway;Rheinstraße;7;Kurs 6
Routenpunkt (Way);T;Rheinstraße;49.872138;8.646022;50.0;;;;;;Interpoliert;140.2;0.74;asphalt;busway;Rheinstraße;7;Kurs 6
Routenpunkt (Way);T;Rheinstraße;49.872166;8.646207;50.0;;;;;;Interpoliert;140.4;1.18;asphalt;busway;Rheinstraße;7;Kurs 6
Routenpunkt (Way);T;Rheinstraße;49.872193;8.646391;50.0;;;;;;Interpoliert;140.6;1.47;asphalt;busway;Rheinstraße;7;Kurs 6
Routenpunkt (Way);T;Rheinstraße;49.87222;8.646576;50.0;;;;;;Interpoliert;140.8;1.46;asphalt;busway;Rheinstraße;7;Kurs 6
Routenpunkt (Way);T;Rheinstraße;49.872247;8.64676;50.0;;;;;;Original OSM;140.9;1.59;asphalt;busway;Rheinstraße;7;Kurs 6
Routenpunkt (Way);T;Rheinstraße;49.872274;8.646952;50.0;;;;;;Interpoliert;141.2;1.72;asphalt;busway;Rheinstraße;7;Kurs 6
Routenpunkt (Way);T;Rheinstraße;49.872302;8.647144;50.0;;;;;;Interpoliert;141.5;1.85;asphalt;busway;Rheinstraße;7;Kurs 6
Routenpunkt (Way);T;Rheinstraße;49.872329;8.647335;50.0;;;;;;Interpoliert;141.8;2.27;asphalt;busway;Rheinstraße;7;Kurs 6
Routenpunkt (Way);T;Rheinstraße;49.872357;8.647527;50.0;;;;;;Interpoliert;142.1;1.85;asphalt;busway;Rheinstraße;7;Kurs 6
Routenpunkt (Way);T;Rheinstraße;49.872384;8.647719;50.0;;;;;;Interpoliert;142.5;1.42;asphalt;busway;Rheinstraße;7;Kurs 6
Routenpunkt (Way);T;Rheinstraße;49.872412;8.64791;50.0;;;;;;Interpoliert;142.5;0.99;asphalt;busway;Rheinstraße;7;Kurs 6
Routenpunkt (Way);T;Rheinstraße;49.87244;8.648102;50.0;;;;;;Interpoliert;142.5;0.57;asphalt;busway;Rheinstraße;7;Kurs 6
Routenpunkt (Way);T;Rheinstraße;49.872467;8.648294;50.0;;;;;;Interpoliert;142.5;0.14;asphalt;busway;Rheinstraße;7;Kurs 6
Routenpunkt (Way);T;Rheinstraße;49.872495;8.648485;50.0;;;;;;Interpoliert;142.5;0.28;asphalt;busway;Rheinstraße;7;Kurs 6
Routenpunkt (Way);T;Rheinstraße;49.872522;8.648677;50.0;;;;;;Interpoliert;142.6;0.43;asphalt;busway;;7;Kurs 6
Routenpunkt (Way);T;Rheinstraße;49.87255;8.648869;30.0;;;;;;Interpoliert;142.7;0.57;asphalt;residential;Grafenstraße;7;Kurs 6
Routenpunkt (Way);A;Rheinstraße (Ampel);49.872577;8.64906;30.0;;;;;;Original OSM;142.8;1.02;asphalt;residential;Grafenstraße;7;Kurs 6
Routenpunkt (Way);T;Rheinstraße;49.872603;8.649246;30.0;;;;;;Interpoliert;142.9;1.17;asphalt;busway;Rheinstraße;7;Kurs 6
Routenpunkt (Way);T;Rheinstraße;49.872628;8.649431;30.0;;;;;;Interpoliert;143.2;1.32;asphalt;busway;Rheinstraße;7;Kurs 6
Routenpunkt (Way);T;Rheinstraße;49.872654;8.649616;30.0;;;;;;Interpoliert;143.4;1.47;asphalt;busway;Rheinstraße;7;Kurs 6
Routenpunkt (Way);T;Rheinstraße;49.872679;8.649801;30.0;;;;;;Interpoliert;143.6;1.72;asphalt;busway;Rheinstraße;7;Kurs 6
Routenpunkt (Way);T;Rheinstraße;49.872705;8.649986;30.0;;;;;;Interpoliert;143.8;1.48;asphalt;busway;Rheinstraße;7;Kurs 6
Routenpunkt (Way);T;;49.872722;8.650125;30.0;;;;;;Interpoliert (15m);144.0;1.35;asphalt;busway;Rheinstraße;7;Kurs 6
Routenpunkt (Way);T;Luisenplatz;49.872739;8.650264;30.0;;;;;;Original OSM;144.1;1.22;asphalt;unclassified;Luisenplatz;7;Kurs 6
Routenpunkt (Way);T;;49.872736;8.650429;30.0;;;;;;Interpoliert (15m);144.2;1.09;paving_stones;unclassified;Luisenplatz;7;Kurs 6
Routenpunkt (Way);T;Luisenplatz;49.872733;8.650595;30.0;;;;;;Original OSM;144.3;0.88;paving_stones;unclassified;Luisenplatz;7;Kurs 6
Routenpunkt (Way);T;Luisenplatz;49.872713;8.650768;30.0;;;;;;Interpoliert;144.4;0.68;paving_stones;unclassified;Luisenplatz;7;Kurs 6
Routenpunkt (Way);T;Luisenplatz;49.872695;8.650914;30.0;;;;;;Original OSM;144.5;0.52;paving_stones;unclassified;Luisenplatz;7;Kurs 6
Routenpunkt (Way);T;;49.87269;8.651114;30.0;;;;;;Interpoliert (15m);144.5;0.35;paving_stones;unclassified;Luisenplatz;7;Kurs 6
Routenpunkt (Way);T;Luisenplatz;49.872685;8.651314;30.0;;;;;;Original OSM;144.5;0.19;paving_stones;unclassified;Luisenplatz;7;Kurs 6
Haltestelle;W;Darmstadt Luisenplatz;49.872704;8.651351;30.0;11:17:00;11:17:00;Kein Umlauf;Mo,Di,Mi,Do,Fr;446.0;Original GTFS (Snap-Distanz 21m) | Auf Route gesnappt (21m);144.5;0.0;paving_stones;unclassified;Luisenplatz;7;Kurs 6
Routenpunkt (Way);T;Luisenplatz;49.872735;8.651549;30.0;;;;;;Original OSM;144.5;0.14;paving_stones;unclassified;Luisenplatz;7;Kurs 6
Routenpunkt (Way);T;;49.872804;8.651714;30.0;;;;;;Interpoliert (15m);144.5;0.43;paving_stones;unclassified;Luisenplatz;7;Kurs 6
Routenpunkt (Way);T;;49.872872;8.65188;30.0;;;;;;Interpoliert (15m);144.6;0.84;paving_stones;unclassified;Luisenplatz;7;Kurs 6
Routenpunkt (Way);T;Luisenplatz;49.872941;8.652045;30.0;;;;;;Original OSM;144.8;1.25;paving_stones;unclassified;Luisenplatz;7;Kurs 6
Routenpunkt (Way);T;;49.872963;8.652176;30.0;;;;;;Interpoliert (15m);145.0;1.54;asphalt;unclassified;Rheinstraße;7;Kurs 6
Routenpunkt (Way);T;Rheinstraße;49.872985;8.652306;30.0;;;;;;Interpoliert;145.2;1.69;asphalt;unclassified;Rheinstraße;7;Kurs 6
Routenpunkt (Way);T;Rheinstraße;49.873011;8.652495;30.0;;;;;;Interpoliert;145.4;1.69;asphalt;unclassified;Rheinstraße;7;Kurs 6
Routenpunkt (Way);T;Rheinstraße;49.873037;8.652684;30.0;;;;;;Interpoliert;145.6;1.57;asphalt;unclassified;Rheinstraße;7;Kurs 6
Routenpunkt (Way);T;Rheinstraße;49.873063;8.652872;30.0;;;;;;Interpoliert;145.8;1.49;asphalt;unclassified;Rheinstraße;7;Kurs 6
Routenpunkt (Way);T;Rheinstraße;49.873089;8.653061;30.0;;;;;;Interpoliert;146.0;1.54;asphalt;unclassified;Rheinstraße;7;Kurs 6
Routenpunkt (Way);T;;49.873097;8.653226;30.0;;;;;;Interpoliert (15m);146.2;1.59;asphalt;unclassified;Rheinstraße;7;Kurs 6
Routenpunkt (Way);T;;49.873106;8.653391;30.0;;;;;;Interpoliert (15m);146.4;2.13;asphalt;unclassified;Rheinstraße;7;Kurs 6
Routenpunkt (Way);T;Rheinstraße;49.873114;8.653557;30.0;;;;;;Original OSM;146.6;2.67;asphalt;unclassified;Rheinstraße;7;Kurs 6
Routenpunkt (Way);T;;49.873064;8.653706;30.0;;;;;;Interpoliert (15m);147.1;3.17;asphalt;unclassified;Rheinstraße;7;Kurs 6
Routenpunkt (Way);T;;49.873015;8.653854;30.0;;;;;;Interpoliert (15m);147.6;3.65;asphalt;unclassified;Rheinstraße;7;Kurs 6
Routenpunkt (Way);T;Rheinstraße;49.872965;8.654003;30.0;;;;;;Interpoliert;148.1;4.03;asphalt;unclassified;Rheinstraße;7;Kurs 6
Routenpunkt (Way);T;Rheinstraße;49.872898;8.654139;30.0;;;;;;Interpoliert;148.6;4.28;asphalt;unclassified;Rheinstraße;7;Kurs 6
Routenpunkt (Way);T;;49.872845;8.654271;30.0;;;;;;Interpoliert (15m);149.0;4.5;asphalt;unclassified;Rheinstraße;7;Kurs 6
Routenpunkt (Way);T;Rheinstraße;49.872792;8.654403;30.0;;;;;;Original OSM;149.6;4.73;asphalt;unclassified;Rheinstraße;7;Kurs 6
Routenpunkt (Way);T;;49.872796;8.654562;30.0;;;;;;Interpoliert (15m);150.2;4.88;paving_stones;unclassified;Marktplatz;7;Kurs 6
Routenpunkt (Way);T;Marktplatz;49.8728;8.65472;30.0;;;;;;Interpoliert;150.8;5.01;paving_stones;unclassified;Marktplatz;7;Kurs 6
Routenpunkt (Way);T;Marktplatz;49.872817;8.65489;30.0;;;;;;Original OSM;151.4;4.21;paving_stones;unclassified;Marktplatz;7;Kurs 6
Routenpunkt (Way);T;Marktplatz;49.872838;8.655085;30.0;;;;;;Interpoliert;152.0;3.16;paving_stones;unclassified;Marktplatz;7;Kurs 6
Routenpunkt (Way);T;Marktplatz;49.87286;8.655281;30.0;;;;;;Original OSM;152.2;2.1;paving_stones;unclassified;Marktplatz;7;Kurs 6
Haltestelle;W;Darmstadt Schloss;49.87286;8.655281;30.0;11:18:00;11:18:00;Kein Umlauf;Mo,Di,Mi,Do,Fr;446.0;Original GTFS (Snap-Distanz 3m) | Auf Route gesnappt (3m);152.4;0.96;paving_stones;unclassified;Marktplatz;7;Kurs 6
Routenpunkt (Way);T;Marktplatz;49.87286;8.655281;30.0;;;;;;Original OSM;152.3;-0.04;paving_stones;unclassified;Marktplatz;7;Kurs 6
Routenpunkt (Way);T;;49.872907;8.655436;30.0;;;;;;Interpoliert (15m);152.2;-0.75;sett;unclassified;Marktplatz;7;Kurs 6
Routenpunkt (Way);T;Schloss;49.872955;8.655591;30.0;;;;;;Original OSM;152.1;-1.46;sett;unclassified;Marktplatz;7;Kurs 6
Routenpunkt (Way);T;;49.872998;8.655775;30.0;;;;;;Interpoliert (15m);151.8;-2.17;sett;unclassified;Marktplatz;7;Kurs 6
Routenpunkt (Way);T;;49.873042;8.65596;30.0;;;;;;Interpoliert (15m);151.3;-2.84;sett;unclassified;Marktplatz;7;Kurs 6
Routenpunkt (Way);A;Marktplatz (Ampel);49.873085;8.656144;30.0;;;;;;Original OSM;150.8;-3.51;sett;busway;Schlossgraben;7;Kurs 6
Routenpunkt (Way);T;;49.873189;8.656191;30.0;;;;;;Interpoliert (15m);150.3;-3.92;sett;busway;Schlossgraben;7;Kurs 6
Routenpunkt (Way);T;;49.873293;8.656237;30.0;;;;;;Interpoliert (15m);149.8;-4.19;paving_stones;busway;Schlossgraben;7;Kurs 6
Routenpunkt (Way);T;Schlossgraben;49.873397;8.656284;30.0;;;;;;Original OSM;149.3;-3.76;paving_stones;busway;Schlossgraben;7;Kurs 6
Routenpunkt (Way);T;Schlossgraben;49.873486;8.656255;30.0;;;;;;Interpoliert;148.8;-3.22;paving_stones;busway;Schlossgraben;7;Kurs 6
Routenpunkt (Way);T;;49.87361;8.656215;30.0;;;;;;Interpoliert (15m);148.6;-2.39;paving_stones;busway;Schlossgraben;7;Kurs 6
Routenpunkt (Way);T;Schlossgraben;49.873734;8.656175;30.0;;;;;;Original OSM;148.4;-1.55;paving_stones;busway;Schlossgraben;7;Kurs 6
Routenpunkt (Way);T;;49.873827;8.656144;30.0;;;;;;Interpoliert (15m);148.4;-0.2;paving_stones;busway;Schlossgraben;7;Kurs 6
Routenpunkt (Way);T;;49.873921;8.656112;30.0;;;;;;Interpoliert (15m);148.4;0.45;paving_stones;busway;Schlossgraben;7;Kurs 6
Routenpunkt (Way);T;Schlossgraben;49.874015;8.656081;30.0;;;;;;Interpoliert;148.6;1.08;paving_stones;busway;Schlossgraben;7;Kurs 6
Routenpunkt (Way);T;Schlossgraben;49.874111;8.656048;30.0;;;;;;Interpoliert;148.8;1.43;paving_stones;busway;Schlossgraben;7;Kurs 6
Routenpunkt (Way);T;;49.874212;8.656003;30.0;;;;;;Interpoliert (15m);149.0;1.76;paving_stones;busway;;7;Kurs 6
Routenpunkt (Way);T;Schlossgraben;49.874313;8.655958;30.0;;;;;;Original OSM;149.2;1.71;paving_stones;busway;;7;Kurs 6
Routenpunkt (Way);T;;49.874415;8.655901;30.0;;;;;;Interpoliert (15m);149.4;1.78;paving_stones;busway;;7;Kurs 6
Routenpunkt (Way);T;Unbekannt;49.874518;8.655843;30.0;;;;;;Original OSM;149.6;1.88;paving_stones;busway;;7;Kurs 6
Routenpunkt (Way);T;;49.874543;8.655964;50.0;;;;;;Interpoliert (15m);149.8;1.54;asphalt;secondary;Alexanderstraße;7;Kurs 6
Routenpunkt (Way);T;Alexanderstraße;49.874569;8.656085;50.0;;;;;;Original OSM;150.0;1.21;asphalt;secondary;Alexanderstraße;7;Kurs 6
Routenpunkt (Way);T;;49.874586;8.656209;50.0;;;;;;Interpoliert (15m);150.0;0.88;asphalt;secondary;Alexanderstraße;7;Kurs 6
Routenpunkt (Way);T;Alexanderstraße;49.874603;8.656333;50.0;;;;;;Interpoliert;150.0;0.44;asphalt;secondary;Alexanderstraße;7;Kurs 6
Routenpunkt (Way);T;Alexanderstraße;49.874627;8.656509;50.0;;;;;;Interpoliert;150.0;0.0;asphalt;secondary;Alexanderstraße;7;Kurs 6
Routenpunkt (Way);T;;49.87465;8.656654;50.0;;;;;;Interpoliert (15m);150.0;0.0;asphalt;secondary;Alexanderstraße;7;Kurs 6
Routenpunkt (Way);T;Alexanderstraße;49.874673;8.656799;50.0;;;;;;Original OSM;150.0;0.21;asphalt;secondary;Alexanderstraße;7;Kurs 6
Routenpunkt (Way);T;;49.874701;8.656927;50.0;;;;;;Interpoliert (15m);150.0;0.39;asphalt;secondary;Alexanderstraße;7;Kurs 6
Routenpunkt (Way);T;Alexanderstraße;49.874729;8.657054;50.0;;;;;;Interpoliert;150.1;0.58;asphalt;secondary;Alexanderstraße;7;Kurs 6
Routenpunkt (Way);T;;49.874762;8.657195;50.0;;;;;;Interpoliert (15m);150.2;0.76;asphalt;secondary;Alexanderstraße;7;Kurs 6
Routenpunkt (Way);T;Alexanderstraße;49.874795;8.657337;50.0;;;;;;Original OSM;150.3;0.94;asphalt;secondary;Alexanderstraße;7;Kurs 6
Routenpunkt (Way);T;;49.874829;8.657482;50.0;;;;;;Interpoliert (15m);150.4;1.28;asphalt;secondary;Alexanderstraße;7;Kurs 6
Routenpunkt (Way);T;;49.874863;8.657626;50.0;;;;;;Interpoliert (15m);150.5;1.67;asphalt;secondary;Alexanderstraße;7;Kurs 6
Routenpunkt (Way);T;Alexanderstraße;49.874897;8.65777;50.0;;;;;;Interpoliert;150.8;2.35;asphalt;secondary;Alexanderstraße;7;Kurs 6
Routenpunkt (Way);T;Alexanderstraße;49.87494;8.657952;50.0;;;;;;Interpoliert;151.2;3.04;asphalt;secondary;Alexanderstraße;7;Kurs 6
Routenpunkt (Way);T;;49.874968;8.658073;50.0;;;;;;Interpoliert (15m);151.6;3.77;asphalt;secondary;Alexanderstraße;7;Kurs 6
Routenpunkt (Way);T;Alexanderstraße;49.874996;8.658194;50.0;;;;;;Original OSM;152.0;3.91;asphalt;secondary;Alexanderstraße;7;Kurs 6
Routenpunkt (Way);T;;49.875023;8.65831;50.0;;;;;;Interpoliert (15m);152.4;3.82;asphalt;secondary;Alexanderstraße;7;Kurs 6
Routenpunkt (Way);T;Alexanderstraße;49.87505;8.658425;50.0;;;;;;Original OSM;152.7;3.48;asphalt;secondary;Alexanderstraße;7;Kurs 6
Routenpunkt (Way);T;Alexanderstraße;49.875089;8.658583;50.0;;;;;;Original OSM;153.0;3.05;asphalt;secondary;Alexanderstraße;7;Kurs 6
Routenpunkt (Way);T;Alexanderstraße;49.875122;8.658734;50.0;;;;;;Original OSM;153.3;2.58;asphalt;secondary;Alexanderstraße;7;Kurs 6
Routenpunkt (Way);T;Alexanderstraße;49.875164;8.658913;50.0;;;;;;Interpoliert;153.6;2.14;asphalt;secondary;Alexanderstraße;7;Kurs 6
Routenpunkt (Way);T;Alexanderstraße;49.875206;8.659092;50.0;;;;;;Original OSM;153.9;1.65;asphalt;secondary;Alexanderstraße;7;Kurs 6
Routenpunkt (Way);T;;49.87523;8.659199;50.0;;;;;;Interpoliert (15m);154.0;1.46;asphalt;secondary;Alexanderstraße;7;Kurs 6
Routenpunkt (Way);T;Alexanderstraße;49.875255;8.659305;50.0;;;;;;Original OSM;154.0;1.36;asphalt;secondary;Alexanderstraße;7;Kurs 6
Routenpunkt (Way);T;;49.875305;8.659452;50.0;;;;;;Interpoliert (15m);154.2;1.26;asphalt;secondary;Alexanderstraße;7;Kurs 6
Routenpunkt (Way);T;;49.875355;8.659598;50.0;;;;;;Interpoliert (15m);154.4;1.32;asphalt;secondary;Alexanderstraße;7;Kurs 6
Routenpunkt (Way);T;Alexanderstraße;49.875406;8.659744;50.0;;;;;;Original OSM;154.6;1.62;asphalt;secondary;Alexanderstraße;7;Kurs 6
Routenpunkt (Way);T;;49.875472;8.659896;50.0;;;;;;Interpoliert (15m);154.8;1.66;asphalt;secondary;Alexanderstraße;7;Kurs 6
Routenpunkt (Way);T;Alexanderstraße;49.875538;8.660047;50.0;;;;;;Original OSM;155.0;1.58;asphalt;secondary;Alexanderstraße;7;Kurs 6
Routenpunkt (Way);T;Alexanderstraße;49.875595;8.660168;50.0;;;;;;Interpoliert;155.2;1.51;asphalt;secondary;Alexanderstraße;7;Kurs 6
Routenpunkt (Way);T;;49.875634;8.660254;50.0;;;;;;Interpoliert (15m);155.3;1.9;asphalt;secondary;Alexanderstraße;7;Kurs 6
Routenpunkt (Way);T;Alexanderstraße;49.875673;8.660341;50.0;;;;;;Original OSM;155.4;4.4;asphalt;secondary;Alexanderstraße;7;Kurs 6
Routenpunkt (Way);T;Alexanderstraße/TU;49.875769;8.660476;50.0;;;;;;Original OSM;155.9;4.48;asphalt;secondary;Alexanderstraße;7;Kurs 6
Haltestelle;W;Darmstadt Alexanderstraße/TU;49.875741;8.660502;50.0;11:20:00;11:20:00;Kein Umlauf;Mo,Di,Mi,Do,Fr;446.0;Original GTFS (Snap-Distanz 3m) | Auf Route gesnappt (3m);156.4;4.65;asphalt;secondary;Alexanderstraße;7;Kurs 6
Routenpunkt (Way);T;Alexanderstraße/TU;49.875834;8.66062;50.0;;;;;;Interpoliert;156.7;4.82;asphalt;secondary;Alexanderstraße;7;Kurs 6
Routenpunkt (Way);T;;49.875895;8.660787;50.0;;;;;;Interpoliert (15m);157.0;4.54;asphalt;secondary;Alexanderstraße;7;Kurs 6
Routenpunkt (Way);T;Alexanderstraße;49.875956;8.660955;50.0;;;;;;Original OSM;157.3;2.16;asphalt;secondary;Dieburger Straße;7;Kurs 6
Routenpunkt (Way);T;;49.876036;8.661111;50.0;;;;;;Interpoliert (15m);157.6;2.19;asphalt;secondary;Dieburger Straße;7;Kurs 6
Routenpunkt (Way);T;Dieburger Straße;49.876116;8.661268;50.0;;;;;;Interpoliert;157.9;2.57;asphalt;secondary;Dieburger Straße;7;Kurs 6
Routenpunkt (Way);T;Dieburger Straße;49.876184;8.661406;50.0;;;;;;Interpoliert;158.2;2.95;asphalt;secondary;Dieburger Straße;7;Kurs 6
Routenpunkt (Way);T;;49.87624;8.661512;50.0;;;;;;Interpoliert (15m);158.6;2.02;asphalt;secondary;Dieburger Straße;7;Kurs 6
Routenpunkt (Way);A;Dieburger Straße (Ampel);49.876296;8.661618;50.0;;;;;;Original OSM;159.0;1.09;asphalt;secondary;Dieburger Straße;7;Kurs 6
Routenpunkt (Way);T;;49.876366;8.661619;50.0;;;;;;Interpoliert (15m);158.8;0.3;asphalt;secondary;Heinheimer Straße;7;Kurs 6
Routenpunkt (Way);T;Heinheimer Straße;49.876437;8.66162;30.0;;;;;;Original OSM;158.6;-0.86;asphalt;secondary;Heinheimer Straße;7;Kurs 6
Routenpunkt (Way);T;Heinheimer Straße;49.876553;8.661591;30.0;;;;;;Interpoliert;158.4;-2.01;asphalt;secondary;Heinheimer Straße;7;Kurs 6
Routenpunkt (Way);T;Heinheimer Straße;49.876657;8.661569;30.0;;;;;;Interpoliert;158.2;-1.81;asphalt;secondary;Heinheimer Straße;7;Kurs 6
Routenpunkt (Way);T;Heinheimer Straße;49.876762;8.661547;30.0;;;;;;Interpoliert;158.0;-1.81;asphalt;secondary;Heinheimer Straße;7;Kurs 6
Routenpunkt (Way);T;Heinheimer Straße;49.876876;8.661523;30.0;;;;;;Original OSM;157.8;-2.78;asphalt;secondary;Heinheimer Straße;7;Kurs 6
Routenpunkt (Way);T;;49.876945;8.661507;30.0;;;;;;Interpoliert (15m);157.6;-3.12;asphalt;secondary;Heinheimer Straße;7;Kurs 6
Routenpunkt (Way);T;Heinheimer Straße;49.877015;8.66149;30.0;;;;;;Interpoliert;157.1;-3.47;asphalt;secondary;Heinheimer Straße;7;Kurs 6
Routenpunkt (Way);T;Heinheimer Straße;49.877145;8.66146;30.0;;;;;;Interpoliert;156.6;-3.57;asphalt;secondary;Heinheimer Straße;7;Kurs 6
Routenpunkt (Way);T;Heinheimer Straße;49.877275;8.661429;30.0;;;;;;Interpoliert;156.1;-3.47;asphalt;secondary;Heinheimer Straße;7;Kurs 6
Routenpunkt (Way);T;Heinheimer Straße;49.877405;8.661398;30.0;;;;;;Interpoliert;155.8;-2.6;asphalt;secondary;Heinheimer Straße;7;Kurs 6
Routenpunkt (Way);T;Heinheimer Straße;49.877535;8.661367;30.0;;;;;;Interpoliert;155.5;-2.39;asphalt;secondary;Heinheimer Straße;7;Kurs 6
Routenpunkt (Way);T;Heinheimer Straße;49.877664;8.661337;30.0;;;;;;Interpoliert;155.2;-1.87;asphalt;secondary;Heinheimer Straße;7;Kurs 6
Routenpunkt (Way);T;;49.877777;8.661342;30.0;;;;;;Interpoliert (15m);154.9;-1.62;asphalt;secondary;Heinheimer Straße;7;Kurs 6
Routenpunkt (Way);T;;49.87789;8.661348;30.0;;;;;;Interpoliert (15m);154.8;-1.39;asphalt;secondary;Heinheimer Straße;7;Kurs 6
Routenpunkt (Way);T;Heinheimer Straße;49.878003;8.661354;30.0;;;;;;Original OSM;154.7;-0.62;paving_stones;service;;7;Kurs 6
Routenpunkt (Way);T;;49.878061;8.661481;30.0;;;;;;Interpoliert (15m);154.6;-0.32;paving_stones;service;;7;Kurs 6
Routenpunkt (Way);A;Ampel;49.878119;8.661607;30.0;;;;;;Interpoliert (15m);154.8;-0.34;asphalt;secondary;Kranichsteiner Straße;7;Kurs 6
Routenpunkt (Way);T;Kranichsteiner Straße;49.878176;8.661734;30.0;;;;;;Original OSM;154.7;-0.18;asphalt;secondary;Kranichsteiner Straße;7;Kurs 6
Routenpunkt (Way);T;Kranichsteiner Straße;49.878248;8.661836;30.0;;;;;;Interpoliert;154.6;-0.27;asphalt;secondary;Kranichsteiner Straße;7;Kurs 6
Haltestelle;W;Darmstadt Kopernikusplatz;49.878248;8.661836;30.0;11:21:00;11:21:00;Kein Umlauf;Mo,Di,Mi,Do,Fr;446.0;Original GTFS (Snap-Distanz 6m) | Auf Route gesnappt (6m);154.5;-0.89;asphalt;secondary;Kranichsteiner Straße;7;Kurs 6
Routenpunkt (Way);T;;49.878307;8.661893;30.0;;;;;;Interpoliert (15m);154.4;-0.24;asphalt;secondary;Kranichsteiner Straße;7;Kurs 6
Routenpunkt (Way);T;Kopernikusplatz;49.878365;8.661951;30.0;;;;;;Original OSM;154.3;0.1;asphalt;secondary;Kranichsteiner Straße;7;Kurs 6
Routenpunkt (Way);T;;49.878445;8.662081;30.0;;;;;;Interpoliert (15m);154.6;0.29;asphalt;secondary;Kranichsteiner Straße;7;Kurs 6
Routenpunkt (Way);T;Kranichsteiner Straße;49.878524;8.662212;30.0;;;;;;Interpoliert;154.7;0.74;asphalt;secondary;Kranichsteiner Straße;7;Kurs 6
Routenpunkt (Way);T;Kranichsteiner Straße;49.878594;8.662311;30.0;;;;;;Interpoliert;154.8;1.13;asphalt;secondary;Kranichsteiner Straße;7;Kurs 6
Routenpunkt (Way);T;Kranichsteiner Straße;49.878664;8.66241;30.0;;;;;;Original OSM;154.9;1.21;asphalt;secondary;Kranichsteiner Straße;7;Kurs 6
Routenpunkt (Way);T;Kranichsteiner Straße;49.878759;8.662557;30.0;;;;;;Interpoliert;155.0;1.6;asphalt;secondary;Kranichsteiner Straße;7;Kurs 6
Routenpunkt (Way);T;Kranichsteiner Straße;49.878854;8.662703;30.0;;;;;;Original OSM;155.4;1.97;asphalt;secondary;Kranichsteiner Straße;7;Kurs 6
Routenpunkt (Way);T;Kranichsteiner Straße;49.878919;8.662816;30.0;;;;;;Interpoliert;155.7;2.19;asphalt;secondary;Kranichsteiner Straße;7;Kurs 6
Routenpunkt (Way);T;Kranichsteiner Straße;49.878985;8.662929;30.0;;;;;;Interpoliert;156.0;2.47;asphalt;secondary;Kranichsteiner Straße;7;Kurs 6
Routenpunkt (Way);T;;49.879074;8.663075;30.0;;;;;;Interpoliert (15m);156.3;1.78;asphalt;secondary;Kranichsteiner Straße;7;Kurs 6
Routenpunkt (Way);T;Kranichsteiner Straße;49.879163;8.663222;30.0;;;;;;Original OSM;156.6;1.08;asphalt;secondary;Kranichsteiner Straße;7;Kurs 6
Routenpunkt (Way);T;;49.879251;8.663347;30.0;;;;;;Interpoliert (15m);156.5;0.37;asphalt;secondary;Kranichsteiner Straße;7;Kurs 6
Routenpunkt (Way);T;Kranichsteiner Straße;49.879338;8.663472;30.0;;;;;;Interpoliert;156.4;-0.21;asphalt;secondary;Kranichsteiner Straße;7;Kurs 6
Routenpunkt (Way);T;Kranichsteiner Straße;49.879426;8.663586;30.0;;;;;;Original OSM;156.3;-0.79;asphalt;secondary;Kranichsteiner Straße;7;Kurs 6
Routenpunkt (Way);T;Kranichsteiner Straße;49.879517;8.663679;30.0;;;;;;Interpoliert;156.2;-0.47;asphalt;secondary;Kranichsteiner Straße;7;Kurs 6
Routenpunkt (Way);T;Kranichsteiner Straße;49.879607;8.663772;30.0;;;;;;Interpoliert;156.1;0.01;asphalt;secondary;Kranichsteiner Straße;7;Kurs 6
Routenpunkt (Way);T;Kranichsteiner Straße;49.879698;8.663866;30.0;;;;;;Interpoliert;156.2;0.56;asphalt;secondary;Kranichsteiner Straße;7;Kurs 6
Routenpunkt (Way);T;Kranichsteiner Straße;49.879788;8.663959;30.0;;;;;;Original OSM;156.4;1.11;asphalt;secondary;Kranichsteiner Straße;7;Kurs 6
Routenpunkt (Way);T;Kranichsteiner Straße;49.879864;8.664039;30.0;;;;;;Interpoliert;156.6;1.69;asphalt;secondary;Kranichsteiner Straße;7;Kurs 6
Routenpunkt (Way);T;Kranichsteiner Straße;49.879941;8.664119;30.0;;;;;;Interpoliert;156.8;1.93;asphalt;secondary;Kranichsteiner Straße;7;Kurs 6
Routenpunkt (Way);T;;49.880017;8.664188;30.0;;;;;;Interpoliert (15m);157.0;1.9;asphalt;secondary;Kranichsteiner Straße;7;Kurs 6
Routenpunkt (Way);T;Kranichsteiner Straße;49.880093;8.664256;30.0;;;;;;Original OSM;157.2;1.81;asphalt;secondary;Kranichsteiner Straße;7;Kurs 6
Routenpunkt (Way);T;;49.880197;8.664348;30.0;;;;;;Interpoliert (15m);157.4;2.05;asphalt;secondary;Kranichsteiner Straße;7;Kurs 6
Routenpunkt (Way);T;Taunusplatz;49.8803;8.664439;30.0;;;;;;Original OSM;157.6;2.09;asphalt;secondary;Kranichsteiner Straße;7;Kurs 6
Haltestelle;W;Darmstadt Taunusplatz;49.880348;8.664489;30.0;11:22:00;11:22:00;Kein Umlauf;Mo,Di,Mi,Do,Fr;446.0;Original GTFS (Snap-Distanz 2m) | Auf Route gesnappt (3m);157.8;1.0;asphalt;secondary;Kranichsteiner Straße;7;Kurs 6
Routenpunkt (Way);T;;49.880408;8.664569;30.0;;;;;;Interpoliert (15m);158.0;0.17;asphalt;secondary;Kranichsteiner Straße;7;Kurs 6
Routenpunkt (Way);T;Taunusplatz;49.880468;8.664649;30.0;;;;;;Original OSM;157.7;-0.66;asphalt;secondary;Kranichsteiner Straße;7;Kurs 6
Routenpunkt (Way);T;;49.88055;8.664744;30.0;;;;;;Interpoliert (15m);157.4;-1.71;asphalt;secondary;Kranichsteiner Straße;7;Kurs 6
Routenpunkt (Way);T;Kranichsteiner Straße;49.880632;8.664839;30.0;;;;;;Interpoliert;157.1;-2.58;asphalt;secondary;Kranichsteiner Straße;7;Kurs 6
Routenpunkt (Way);T;Kranichsteiner Straße;49.880741;8.664943;30.0;;;;;;Interpoliert;156.8;-2.49;asphalt;secondary;Kranichsteiner Straße;7;Kurs 6
Routenpunkt (Way);T;Kranichsteiner Straße;49.88085;8.665046;30.0;;;;;;Original OSM;156.5;-2.42;asphalt;secondary;Kranichsteiner Straße;7;Kurs 6
Routenpunkt (Way);T;Kranichsteiner Straße;49.880928;8.665122;30.0;;;;;;Original OSM;156.2;-2.3;asphalt;secondary;Kranichsteiner Straße;7;Kurs 6
Routenpunkt (Way);T;Kranichsteiner Straße;49.881031;8.66521;30.0;;;;;;Original OSM;155.9;-2.98;asphalt;secondary;Kranichsteiner Straße;7;Kurs 6
Routenpunkt (Way);T;Kranichsteiner Straße;49.881153;8.665284;30.0;;;;;;Interpoliert;155.6;-3.65;asphalt;secondary;Kranichsteiner Straße;7;Kurs 6
Routenpunkt (Way);T;Kranichsteiner Straße;49.881275;8.665357;30.0;;;;;;Interpoliert;154.8;-3.76;asphalt;secondary;Kranichsteiner Straße;7;Kurs 6
Routenpunkt (Way);T;Kranichsteiner Straße;49.881397;8.665431;30.0;;;;;;Interpoliert;154.0;-4.24;asphalt;secondary;Kranichsteiner Straße;7;Kurs 6
Routenpunkt (Way);T;Kranichsteiner Straße;49.881519;8.665504;30.0;;;;;;Interpoliert;153.5;-4.77;asphalt;secondary;Kranichsteiner Straße;7;Kurs 6
Routenpunkt (Way);T;;49.881608;8.665558;30.0;;;;;;Interpoliert (15m);153.0;-4.84;asphalt;secondary;Kranichsteiner Straße;7;Kurs 6
Routenpunkt (Way);A;Kranichsteiner Straße (Ampel);49.881697;8.665612;30.0;;;;;;Original OSM;152.5;-4.67;asphalt;secondary;Kranichsteiner Straße;7;Kurs 6
Routenpunkt (Way);T;;49.881769;8.665654;30.0;;;;;;Interpoliert (15m);152.0;-4.9;asphalt;secondary;Kranichsteiner Straße;7;Kurs 6
Routenpunkt (Way);T;Kranichsteiner Straße;49.881841;8.665695;50.0;;;;;;Original OSM;151.6;-4.88;asphalt;secondary;Kranichsteiner Straße;7;Kurs 6
Routenpunkt (Way);T;;49.881917;8.66573;50.0;;;;;;Interpoliert (15m);151.2;-4.7;asphalt;secondary;Kranichsteiner Straße;7;Kurs 6
Routenpunkt (Way);T;Kranichsteiner Straße;49.881992;8.665765;50.0;;;;;;Original OSM;150.8;-3.12;asphalt;secondary;Kranichsteiner Straße;7;Kurs 6
Haltestelle;W;Darmstadt Am Karlshof;49.882082;8.66581;50.0;11:23:00;11:23:00;Kein Umlauf;Mo,Di,Mi,Do,Fr;446.0;Original GTFS (Snap-Distanz 2m) | Auf Route gesnappt (2m);150.4;-1.78;asphalt;secondary;Kranichsteiner Straße;7;Kurs 6
Routenpunkt (Way);T;;49.882168;8.665834;50.0;;;;;;Interpoliert (15m);150.6;-0.6;asphalt;secondary;Kranichsteiner Straße;7;Kurs 6
Routenpunkt (Way);T;Am Karlshof (Bussteig Richtung Süd);49.882255;8.665859;50.0;;;;;;Original OSM;150.8;0.58;asphalt;secondary;Kranichsteiner Straße;7;Kurs 6
Routenpunkt (Way);T;;49.882376;8.665951;50.0;;;;;;Interpoliert (15m);151.0;1.62;asphalt;secondary;Kranichsteiner Straße;7;Kurs 6
Routenpunkt (Way);T;Kranichsteiner Straße;49.882498;8.666043;50.0;;;;;;Interpoliert;151.2;1.48;asphalt;secondary;Kranichsteiner Straße;7;Kurs 6
Routenpunkt (Way);T;;49.882621;8.666117;50.0;;;;;;Interpoliert (15m);151.4;1.25;asphalt;secondary;Kranichsteiner Straße;7;Kurs 6
Routenpunkt (Way);T;Kranichsteiner Straße;49.882745;8.666191;50.0;;;;;;Original OSM;151.6;1.17;asphalt;secondary;Kranichsteiner Straße;7;Kurs 6
Routenpunkt (Way);T;;49.882839;8.666249;50.0;;;;;;Interpoliert (15m);151.7;0.19;asphalt;secondary;Kranichsteiner Straße;7;Kurs 6
Routenpunkt (Way);T;;49.882933;8.666307;50.0;;;;;;Interpoliert (15m);151.8;-0.76;asphalt;secondary;Kranichsteiner Straße;7;Kurs 6
Routenpunkt (Way);T;Kranichsteiner Straße;49.883027;8.666364;50.0;;;;;;Interpoliert;151.4;-1.59;asphalt;secondary;Kranichsteiner Straße;7;Kurs 6
Routenpunkt (Way);T;Kranichsteiner Straße;49.883126;8.666427;50.0;;;;;;Interpoliert;151.0;-2.33;asphalt;secondary;Kranichsteiner Straße;7;Kurs 6
Routenpunkt (Way);T;;49.883215;8.666482;50.0;;;;;;Interpoliert (15m);150.7;-3.1;asphalt;secondary;Kranichsteiner Straße;7;Kurs 6
Routenpunkt (Way);T;Kranichsteiner Straße;49.883304;8.666538;50.0;;;;;;Original OSM;150.4;-2.98;asphalt;secondary;Kranichsteiner Straße;7;Kurs 6
Routenpunkt (Way);T;;49.883389;8.666589;50.0;;;;;;Interpoliert (15m);150.1;-2.86;asphalt;secondary;Kranichsteiner Straße;7;Kurs 6
Routenpunkt (Way);T;Kranichsteiner Straße;49.883474;8.66664;50.0;;;;;;Interpoliert;149.8;-2.75;asphalt;secondary;Kranichsteiner Straße;7;Kurs 6
Routenpunkt (Way);T;Kranichsteiner Straße;49.883566;8.666692;50.0;;;;;;Original OSM;149.5;-3.24;asphalt;secondary;Kranichsteiner Straße;7;Kurs 6
Routenpunkt (Way);T;Kranichsteiner Straße;49.883676;8.666763;50.0;;;;;;Interpoliert;149.2;-3.7;asphalt;secondary;Kranichsteiner Straße;7;Kurs 6
Routenpunkt (Way);T;Kranichsteiner Straße;49.883787;8.666835;50.0;;;;;;Interpoliert;148.5;-3.4;asphalt;secondary;Kranichsteiner Straße;7;Kurs 6
Routenpunkt (Way);T;Kranichsteiner Straße;49.883897;8.666907;50.0;;;;;;Interpoliert;147.8;-3.15;asphalt;secondary;Kranichsteiner Straße;7;Kurs 6
Routenpunkt (Way);T;Kranichsteiner Straße;49.884008;8.666979;50.0;;;;;;Interpoliert;147.6;-3.37;asphalt;secondary;Kranichsteiner Straße;7;Kurs 6
Routenpunkt (Way);T;Kranichsteiner Straße;49.884118;8.667051;50.0;;;;;;Original OSM;147.4;-2.99;asphalt;secondary;Kranichsteiner Straße;7;Kurs 6
Routenpunkt (Way);T;Kranichsteiner Straße;49.884215;8.667124;50.0;;;;;;Interpoliert;147.0;-2.43;asphalt;secondary;Kranichsteiner Straße;7;Kurs 6
Routenpunkt (Way);T;Kranichsteiner Straße;49.884312;8.667197;50.0;;;;;;Interpoliert;146.6;-2.61;asphalt;secondary;Kranichsteiner Straße;7;Kurs 6
Routenpunkt (Way);T;;49.884378;8.667249;50.0;;;;;;Interpoliert (15m);146.4;-2.77;asphalt;secondary;Kranichsteiner Straße;7;Kurs 6
Routenpunkt (Way);T;Kranichsteiner Straße;49.884443;8.667301;50.0;;;;;;Original OSM;146.2;-2.56;asphalt;secondary;Kranichsteiner Straße;7;Kurs 6
Routenpunkt (Way);T;;49.884496;8.667391;50.0;;;;;;Interpoliert (15m);146.0;-1.59;asphalt;secondary;Kranichsteiner Straße;7;Kurs 6
Routenpunkt (Way);T;Kranichsteiner Straße;49.884549;8.667481;50.0;;;;;;Interpoliert;145.8;-0.35;asphalt;secondary;Kranichsteiner Straße;7;Kurs 6
Routenpunkt (Way);T;Kranichsteiner Straße;49.884621;8.66763;50.0;;;;;;Interpoliert;146.0;0.58;asphalt;secondary;Kranichsteiner Straße;7;Kurs 6
Routenpunkt (Way);T;Kranichsteiner Straße;49.884693;8.667779;50.0;;;;;;Interpoliert;146.5;1.49;asphalt;secondary;Kranichsteiner Straße;7;Kurs 6
Routenpunkt (Way);T;Kranichsteiner Straße;49.884765;8.667928;50.0;;;;;;Interpoliert;146.8;2.4;asphalt;secondary;Kranichsteiner Straße;7;Kurs 6
Routenpunkt (Way);T;Kranichsteiner Straße;49.884837;8.668078;50.0;;;;;;Interpoliert;147.1;2.55;asphalt;secondary;Kranichsteiner Straße;7;Kurs 6
Routenpunkt (Way);T;Kranichsteiner Straße;49.884908;8.668227;50.0;;;;;;Interpoliert;147.4;1.95;asphalt;secondary;Kranichsteiner Straße;7;Kurs 6
Routenpunkt (Way);T;Kranichsteiner Straße;49.88498;8.668376;50.0;;;;;;Interpoliert;147.7;1.69;asphalt;secondary;Kranichsteiner Straße;7;Kurs 6
Routenpunkt (Way);T;Kranichsteiner Straße;49.885052;8.668526;50.0;;;;;;Original OSM;147.8;2.02;asphalt;secondary;Kranichsteiner Straße;7;Kurs 6
Routenpunkt (Way);T;Kranichsteiner Straße;49.885123;8.668619;50.0;;;;;;Interpoliert;147.9;2.4;asphalt;secondary;Kranichsteiner Straße;7;Kurs 6
Routenpunkt (Way);T;Kranichsteiner Straße;49.885194;8.668712;50.0;;;;;;Interpoliert;148.3;2.78;asphalt;secondary;Kranichsteiner Straße;7;Kurs 6
Routenpunkt (Way);T;;49.885269;8.668779;50.0;;;;;;Interpoliert (15m);148.7;2.79;asphalt;secondary;Kranichsteiner Straße;7;Kurs 6
Routenpunkt (Way);A;Kranichsteiner Straße (Ampel);49.885344;8.668846;50.0;;;;;;Original OSM;149.1;3.08;asphalt;secondary;Kranichsteiner Straße;7;Kurs 6
Routenpunkt (Way);T;;49.885327;8.669019;50.0;;;;;;Interpoliert (15m);149.2;2.78;asphalt;residential;Schwarzer Weg;7;Kurs 6
Routenpunkt (Way);T;;49.88531;8.669191;50.0;;;;;;Interpoliert (15m);149.5;2.43;asphalt;residential;Schwarzer Weg;7;Kurs 6
Routenpunkt (Way);T;;49.885293;8.669364;50.0;;;;;;Interpoliert (15m);149.8;1.6;asphalt;residential;Schwarzer Weg;7;Kurs 6
Haltestelle;W;Darmstadt Peter-Behrens-Straße;49.885276;8.669537;50.0;11:25:00;11:25:00;Kein Umlauf;Mo,Di,Mi,Do,Fr;446.0;Original GTFS (Snap-Distanz 48m) | Auf Route gesnappt (0m);150.1;1.92;asphalt;residential;Schwarzer Weg;7;Kurs 6
Routenpunkt (Way);T;Schwarzer Weg;49.885276;8.669537;30.0;;;;;;Original OSM;150.4;1.92;asphalt;residential;Schwarzer Weg;7;Kurs 6
Routenpunkt (Way);T;Schwarzer Weg;49.88528;8.669711;30.0;;;;;;Interpoliert;150.7;1.44;asphalt;residential;Schwarzer Weg;7;Kurs 6
Routenpunkt (Way);T;Schwarzer Weg;49.885285;8.669886;30.0;;;;;;Interpoliert;151.0;0.96;asphalt;residential;Schwarzer Weg;7;Kurs 6
Routenpunkt (Way);T;Schwarzer Weg;49.88529;8.67006;30.0;;;;;;Original OSM;151.0;1.13;asphalt;residential;Schwarzer Weg;7;Kurs 6
Routenpunkt (Way);T;;49.885307;8.670219;30.0;;;;;;Interpoliert (15m);151.0;0.85;asphalt;residential;Schwarzer Weg;7;Kurs 6
Routenpunkt (Way);T;Schwarzer Weg;49.885325;8.670377;30.0;;;;;;Original OSM;151.1;0.56;asphalt;residential;Schwarzer Weg;7;Kurs 6
Routenpunkt (Way);T;;49.885354;8.670514;30.0;;;;;;Interpoliert (15m);151.2;0.74;asphalt;residential;Schwarzer Weg;7;Kurs 6
Routenpunkt (Way);T;Schwarzer Weg;49.885384;8.670651;30.0;;;;;;Interpoliert;151.3;0.91;asphalt;residential;Schwarzer Weg;7;Kurs 6
Routenpunkt (Way);T;Schwarzer Weg;49.885424;8.670797;30.0;;;;;;Interpoliert;151.4;1.29;asphalt;residential;Schwarzer Weg;7;Kurs 6
Routenpunkt (Way);T;Schwarzer Weg;49.885464;8.670944;30.0;;;;;;Original OSM;151.5;1.66;asphalt;residential;Schwarzer Weg;7;Kurs 6
Routenpunkt (Way);T;Schwarzer Weg;49.885509;8.671132;30.0;;;;;;Interpoliert;151.9;2.02;asphalt;residential;Schwarzer Weg;7;Kurs 6
Routenpunkt (Way);T;Schwarzer Weg;49.885554;8.67132;30.0;;;;;;Interpoliert;152.3;2.69;asphalt;residential;Schwarzer Weg;7;Kurs 6
Routenpunkt (Way);T;Schwarzer Weg;49.8856;8.671508;30.0;;;;;;Original OSM;152.7;3.36;asphalt;residential;Schwarzer Weg;7;Kurs 6
Routenpunkt (Way);T;;49.885629;8.671632;30.0;;;;;;Interpoliert (15m);153.1;3.55;asphalt;residential;Schwarzer Weg;7;Kurs 6
Routenpunkt (Way);T;Schwarzer Weg;49.885658;8.671755;30.0;;;;;;Original OSM;153.5;3.49;asphalt;residential;Schwarzer Weg;7;Kurs 6
Routenpunkt (Way);T;;49.885684;8.671861;30.0;;;;;;Interpoliert (15m);153.8;3.28;asphalt;residential;Schwarzer Weg;7;Kurs 6
Routenpunkt (Way);T;Schwarzer Weg;49.885709;8.671967;30.0;;;;;;Interpoliert;154.0;2.78;asphalt;residential;Schwarzer Weg;7;Kurs 6
Routenpunkt (Way);T;;49.885745;8.672117;30.0;;;;;;Interpoliert (15m);154.2;2.41;asphalt;residential;Schwarzer Weg;7;Kurs 6
Routenpunkt (Way);T;Schwarzer Weg;49.885781;8.672268;30.0;;;;;;Original OSM;154.4;1.59;asphalt;residential;Schwarzer Weg;7;Kurs 6
Routenpunkt (Way);T;;49.885826;8.672407;30.0;;;;;;Interpoliert (15m);154.67;1.0;asphalt;residential;Schwarzer Weg;7;Kurs 6
Routenpunkt (Way);T;;49.885871;8.672547;30.0;;;;;;Interpoliert (15m);154.62;0.46;asphalt;residential;Schwarzer Weg;7;Kurs 6
Routenpunkt (Way);T;Schwarzer Weg;49.885916;8.672686;30.0;;;;;;Original OSM;154.57;0.14;asphalt;residential;Schwarzer Weg;7;Kurs 6
Haltestelle;W;Darmstadt Alfred-Messel-Weg;49.885945;8.672777;30.0;11:27:00;11:27:00;Kein Umlauf;Mo,Di,Mi,Do,Fr;446.0;Original GTFS (Snap-Distanz 3m) | Auf Route gesnappt (4m);154.5;-0.61;asphalt;residential;Schwarzer Weg;7;Kurs 6
Haltestelle;W;Darmstadt Alfred-Messel-Weg;49.885945;8.672777;30.0;11:41:00;11:41:00;Kein Umlauf;Mo,Di,Mi,Do,Fr;446.0;Original GTFS (Snap-Distanz 3m) | Auf Route gesnappt (4m);154.4;0.67;asphalt;residential;Schwarzer Weg;8;Kurs 6
Routenpunkt (Way);T;Alfred-Messel-Weg;49.885916;8.672686;30.0;;;;;;Interpoliert;154.5;0.62;asphalt;residential;Schwarzer Weg;8;Kurs 6
Routenpunkt (Way);T;;49.885871;8.672547;30.0;;;;;;Interpoliert (15m);154.57;0.57;asphalt;residential;Schwarzer Weg;8;Kurs 6
Routenpunkt (Way);T;;49.885826;8.672407;30.0;;;;;;Interpoliert (15m);154.62;0.11;asphalt;residential;Schwarzer Weg;8;Kurs 6
Routenpunkt (Way);T;Schwarzer Weg;49.885781;8.672268;30.0;;;;;;Original OSM;154.67;-0.51;asphalt;residential;Schwarzer Weg;8;Kurs 6
Routenpunkt (Way);T;;49.885745;8.672117;30.0;;;;;;Interpoliert (15m);154.4;-1.14;asphalt;residential;Schwarzer Weg;8;Kurs 6
Routenpunkt (Way);T;Schwarzer Weg;49.885709;8.671967;30.0;;;;;;Interpoliert;154.2;-1.73;asphalt;residential;Schwarzer Weg;8;Kurs 6
Routenpunkt (Way);T;;49.885684;8.671861;30.0;;;;;;Interpoliert (15m);154.0;-2.44;asphalt;residential;Schwarzer Weg;8;Kurs 6
Routenpunkt (Way);T;Schwarzer Weg;49.885658;8.671755;30.0;;;;;;Original OSM;153.8;-2.82;asphalt;residential;Schwarzer Weg;8;Kurs 6
Routenpunkt (Way);T;;49.885629;8.671632;30.0;;;;;;Interpoliert (15m);153.5;-3.03;asphalt;residential;Schwarzer Weg;8;Kurs 6
Routenpunkt (Way);T;Schwarzer Weg;49.8856;8.671508;30.0;;;;;;Original OSM;153.1;-3.09;asphalt;residential;Schwarzer Weg;8;Kurs 6
Routenpunkt (Way);T;Schwarzer Weg;49.885554;8.67132;30.0;;;;;;Interpoliert;152.7;-3.15;asphalt;residential;Schwarzer Weg;8;Kurs 6
Routenpunkt (Way);T;Schwarzer Weg;49.885509;8.671132;30.0;;;;;;Interpoliert;152.3;-3.22;asphalt;residential;Schwarzer Weg;8;Kurs 6
Routenpunkt (Way);T;Schwarzer Weg;49.885464;8.670944;30.0;;;;;;Original OSM;151.9;-2.55;asphalt;residential;Schwarzer Weg;8;Kurs 6
Routenpunkt (Way);T;Schwarzer Weg;49.885424;8.670797;30.0;;;;;;Interpoliert;151.5;-2.18;asphalt;residential;Schwarzer Weg;8;Kurs 6
Routenpunkt (Way);T;Schwarzer Weg;49.885384;8.670651;30.0;;;;;;Interpoliert;151.4;-1.82;asphalt;residential;Schwarzer Weg;8;Kurs 6
Routenpunkt (Way);T;;49.885354;8.670514;30.0;;;;;;Interpoliert (15m);151.3;-1.44;asphalt;residential;Schwarzer Weg;8;Kurs 6
Routenpunkt (Way);T;Schwarzer Weg;49.885325;8.670377;30.0;;;;;;Original OSM;151.2;-0.91;asphalt;residential;Schwarzer Weg;8;Kurs 6
Routenpunkt (Way);T;;49.885307;8.670219;30.0;;;;;;Interpoliert (15m);151.1;-0.73;asphalt;residential;Schwarzer Weg;8;Kurs 6
Routenpunkt (Way);T;Schwarzer Weg;49.88529;8.67006;30.0;;;;;;Original OSM;151.0;-0.54;asphalt;residential;Schwarzer Weg;8;Kurs 6
Routenpunkt (Way);T;Schwarzer Weg;49.885285;8.669886;30.0;;;;;;Interpoliert;151.0;-0.83;asphalt;residential;Schwarzer Weg;8;Kurs 6
Routenpunkt (Way);T;Schwarzer Weg;49.88528;8.669711;30.0;;;;;;Interpoliert;151.0;-0.65;asphalt;residential;Schwarzer Weg;8;Kurs 6
Routenpunkt (Way);T;Schwarzer Weg;49.885276;8.669537;30.0;;;;;;Original OSM;150.7;-1.04;asphalt;residential;Schwarzer Weg;8;Kurs 6
Haltestelle;W;Darmstadt Peter-Behrens-Straße;49.885276;8.669537;30.0;11:42:00;11:42:00;Kein Umlauf;Mo,Di,Mi,Do,Fr;446.0;Original GTFS (Snap-Distanz 0m) | Auf Route gesnappt (0m);150.4;-1.59;asphalt;residential;Schwarzer Weg;8;Kurs 6
Routenpunkt (Way);T;;49.885284;8.669387;30.0;;;;;;Interpoliert (15m);150.1;-2.19;asphalt;residential;Schwarzer Weg;8;Kurs 6
Routenpunkt (Way);T;Schwarzer Weg;49.885292;8.669237;30.0;;;;;;Original OSM;149.8;-2.31;asphalt;residential;Schwarzer Weg;8;Kurs 6
Routenpunkt (Way);T;;49.885279;8.669098;30.0;;;;;;Interpoliert (15m);149.5;-2.49;asphalt;residential;Schwarzer Weg;8;Kurs 6
Routenpunkt (Way);A;Schwarzer Weg (Ampel);49.885266;8.668959;30.0;;;;;;Interpoliert;149.2;-2.7;asphalt;residential;Schwarzer Weg;8;Kurs 6
Routenpunkt (Way);T;Schwarzer Weg;49.885266;8.668804;30.0;;;;;;Original OSM;149.1;-2.92;asphalt;residential;Schwarzer Weg;8;Kurs 6
Routenpunkt (Way);T;Kranichsteiner Straße;49.885194;8.668712;50.0;;;;;;Interpoliert;148.7;-3.1;asphalt;secondary;Kranichsteiner Straße;8;Kurs 6
Routenpunkt (Way);T;Kranichsteiner Straße;49.885123;8.668619;50.0;;;;;;Interpoliert;148.3;-2.65;asphalt;secondary;Kranichsteiner Straße;8;Kurs 6
Routenpunkt (Way);T;Kranichsteiner Straße;49.885052;8.668526;50.0;;;;;;Original OSM;147.9;-2.62;asphalt;secondary;Kranichsteiner Straße;8;Kurs 6
Routenpunkt (Way);T;Kranichsteiner Straße;49.88498;8.668376;50.0;;;;;;Interpoliert;147.8;-2.3;asphalt;secondary;Kranichsteiner Straße;8;Kurs 6
Routenpunkt (Way);T;Kranichsteiner Straße;49.884908;8.668227;50.0;;;;;;Interpoliert;147.7;-1.97;asphalt;secondary;Kranichsteiner Straße;8;Kurs 6
Routenpunkt (Way);T;Kranichsteiner Straße;49.884837;8.668078;50.0;;;;;;Interpoliert;147.4;-1.65;asphalt;secondary;Kranichsteiner Straße;8;Kurs 6
Routenpunkt (Way);T;Kranichsteiner Straße;49.884765;8.667928;50.0;;;;;;Interpoliert;147.1;-1.95;asphalt;secondary;Kranichsteiner Straße;8;Kurs 6
Routenpunkt (Way);T;Kranichsteiner Straße;49.884693;8.667779;50.0;;;;;;Interpoliert;146.8;-2.55;asphalt;secondary;Kranichsteiner Straße;8;Kurs 6
Routenpunkt (Way);T;Kranichsteiner Straße;49.884621;8.66763;50.0;;;;;;Interpoliert;146.5;-2.56;asphalt;secondary;Kranichsteiner Straße;8;Kurs 6
Routenpunkt (Way);T;Kranichsteiner Straße;49.884549;8.667481;50.0;;;;;;Interpoliert;146.0;-1.65;asphalt;secondary;Kranichsteiner Straße;8;Kurs 6
Routenpunkt (Way);T;;49.884496;8.667391;50.0;;;;;;Interpoliert (15m);145.8;-0.71;asphalt;secondary;Kranichsteiner Straße;8;Kurs 6
Routenpunkt (Way);T;Kranichsteiner Straße;49.884443;8.667301;50.0;;;;;;Original OSM;146.0;0.23;asphalt;secondary;Kranichsteiner Straße;8;Kurs 6
Routenpunkt (Way);T;;49.884378;8.667249;50.0;;;;;;Interpoliert (15m);146.2;1.31;asphalt;secondary;Kranichsteiner Straße;8;Kurs 6
Routenpunkt (Way);T;Kranichsteiner Straße;49.884312;8.667197;50.0;;;;;;Interpoliert;146.4;2.44;asphalt;secondary;Kranichsteiner Straße;8;Kurs 6
Routenpunkt (Way);T;Kranichsteiner Straße;49.884215;8.667124;50.0;;;;;;Interpoliert;146.6;2.58;asphalt;secondary;Kranichsteiner Straße;8;Kurs 6
Routenpunkt (Way);T;Kranichsteiner Straße;49.884118;8.667051;50.0;;;;;;Original OSM;147.0;2.39;asphalt;secondary;Kranichsteiner Straße;8;Kurs 6
Routenpunkt (Way);T;Kranichsteiner Straße;49.884008;8.666979;50.0;;;;;;Interpoliert;147.4;2.2;asphalt;secondary;Kranichsteiner Straße;8;Kurs 6
Routenpunkt (Way);T;Kranichsteiner Straße;49.883897;8.666907;50.0;;;;;;Interpoliert;147.6;2.92;asphalt;secondary;Kranichsteiner Straße;8;Kurs 6
Routenpunkt (Way);T;Kranichsteiner Straße;49.883787;8.666835;50.0;;;;;;Interpoliert;147.8;3.3;asphalt;secondary;Kranichsteiner Straße;8;Kurs 6
Routenpunkt (Way);T;Kranichsteiner Straße;49.883676;8.666763;50.0;;;;;;Interpoliert;148.5;3.25;asphalt;secondary;Kranichsteiner Straße;8;Kurs 6
Routenpunkt (Way);T;Kranichsteiner Straße;49.883566;8.666692;50.0;;;;;;Original OSM;149.2;3.55;asphalt;secondary;Kranichsteiner Straße;8;Kurs 6
Routenpunkt (Way);T;Kranichsteiner Straße;49.883474;8.66664;50.0;;;;;;Interpoliert;149.5;3.84;asphalt;secondary;Kranichsteiner Straße;8;Kurs 6
Routenpunkt (Way);T;;49.883389;8.666589;50.0;;;;;;Interpoliert (15m);149.8;3.35;asphalt;secondary;Kranichsteiner Straße;8;Kurs 6
Routenpunkt (Way);T;Kranichsteiner Straße;49.883303;8.666538;50.0;;;;;;Original OSM;150.1;2.86;asphalt;secondary;Kranichsteiner Straße;8;Kurs 6
Routenpunkt (Way);T;;49.883215;8.666482;50.0;;;;;;Interpoliert (15m);150.4;2.81;asphalt;secondary;Kranichsteiner Straße;8;Kurs 6
Routenpunkt (Way);T;Kranichsteiner Straße;49.883126;8.666427;50.0;;;;;;Interpoliert;150.7;2.93;asphalt;secondary;Kranichsteiner Straße;8;Kurs 6
Routenpunkt (Way);T;Kranichsteiner Straße;49.883027;8.666364;50.0;;;;;;Interpoliert;151.0;3.05;asphalt;secondary;Kranichsteiner Straße;8;Kurs 6
Routenpunkt (Way);T;;49.882933;8.666307;50.0;;;;;;Interpoliert (15m);151.4;2.31;asphalt;secondary;Kranichsteiner Straße;8;Kurs 6
Routenpunkt (Way);T;;49.882839;8.666249;50.0;;;;;;Interpoliert (15m);151.8;1.62;asphalt;secondary;Kranichsteiner Straße;8;Kurs 6
Routenpunkt (Way);T;Kranichsteiner Straße;49.882745;8.666191;50.0;;;;;;Original OSM;151.7;0.84;asphalt;secondary;Kranichsteiner Straße;8;Kurs 6
Routenpunkt (Way);T;;49.882621;8.666117;50.0;;;;;;Interpoliert (15m);151.6;-0.14;asphalt;secondary;Kranichsteiner Straße;8;Kurs 6
Routenpunkt (Way);T;Kranichsteiner Straße;49.882498;8.666043;50.0;;;;;;Interpoliert;151.4;-1.12;asphalt;secondary;Kranichsteiner Straße;8;Kurs 6
Routenpunkt (Way);T;;49.882376;8.665951;50.0;;;;;;Interpoliert (15m);151.2;-1.35;asphalt;secondary;Kranichsteiner Straße;8;Kurs 6
Routenpunkt (Way);T;Kranichsteiner Straße;49.882255;8.665859;50.0;;;;;;Original OSM;151.0;-1.62;asphalt;secondary;Kranichsteiner Straße;8;Kurs 6
Routenpunkt (Way);T;;49.882168;8.665834;50.0;;;;;;Interpoliert (15m);150.8;-1.35;asphalt;secondary;Kranichsteiner Straße;8;Kurs 6
Routenpunkt (Way);T;Kranichsteiner Straße;49.882082;8.66581;50.0;;;;;;Original OSM;150.6;-0.51;asphalt;secondary;Kranichsteiner Straße;8;Kurs 6
Haltestelle;W;Darmstadt Am Karlshof;49.882082;8.66581;50.0;11:44:00;11:44:00;Kein Umlauf;Mo,Di,Mi,Do,Fr;446.0;Original GTFS (Snap-Distanz 2m) | Auf Route gesnappt (2m);150.4;0.33;asphalt;secondary;Kranichsteiner Straße;8;Kurs 6
Routenpunkt (Way);T;Kranichsteiner Straße;49.881962;8.66575;50.0;;;;;;Interpoliert;150.8;1.67;asphalt;secondary;Kranichsteiner Straße;8;Kurs 6
Routenpunkt (Way);T;Kranichsteiner Straße;49.881841;8.665695;50.0;;;;;;Original OSM;151.2;3.02;asphalt;secondary;Kranichsteiner Straße;8;Kurs 6
Routenpunkt (Way);T;;49.881769;8.665654;50.0;;;;;;Interpoliert (15m);151.6;3.96;asphalt;secondary;Kranichsteiner Straße;8;Kurs 6
Routenpunkt (Way);A;Kranichsteiner Straße (Ampel);49.881697;8.665612;50.0;;;;;;Original OSM;152.0;4.33;asphalt;secondary;Kranichsteiner Straße;8;Kurs 6
Routenpunkt (Way);T;;49.881608;8.665558;50.0;;;;;;Interpoliert (15m);152.5;4.44;asphalt;secondary;Kranichsteiner Straße;8;Kurs 6
Routenpunkt (Way);T;Kranichsteiner Straße;49.881519;8.665504;30.0;;;;;;Interpoliert;153.0;4.19;asphalt;secondary;Kranichsteiner Straße;8;Kurs 6
Routenpunkt (Way);T;Kranichsteiner Straße;49.881397;8.665431;30.0;;;;;;Interpoliert;153.5;4.36;asphalt;secondary;Kranichsteiner Straße;8;Kurs 6
Routenpunkt (Way);T;Kranichsteiner Straße;49.881275;8.665357;30.0;;;;;;Interpoliert;154.0;4.51;asphalt;secondary;Kranichsteiner Straße;8;Kurs 6
Routenpunkt (Way);T;Kranichsteiner Straße;49.881153;8.665284;30.0;;;;;;Interpoliert;154.8;4.03;asphalt;secondary;Kranichsteiner Straße;8;Kurs 6
Routenpunkt (Way);T;Kranichsteiner Straße;49.881031;8.66521;30.0;;;;;;Original OSM;155.6;3.93;asphalt;secondary;Kranichsteiner Straße;8;Kurs 6
Routenpunkt (Way);T;Kranichsteiner Straße;49.880928;8.665122;30.0;;;;;;Original OSM;155.9;3.66;asphalt;secondary;Kranichsteiner Straße;8;Kurs 6
Routenpunkt (Way);T;Kranichsteiner Straße;49.88085;8.665046;30.0;;;;;;Original OSM;156.2;2.99;asphalt;secondary;Kranichsteiner Straße;8;Kurs 6
Routenpunkt (Way);T;Kranichsteiner Straße;49.880741;8.664943;30.0;;;;;;Interpoliert;156.5;2.42;asphalt;secondary;Kranichsteiner Straße;8;Kurs 6
Routenpunkt (Way);T;Kranichsteiner Straße;49.880632;8.664839;30.0;;;;;;Interpoliert;156.8;2.49;asphalt;secondary;Kranichsteiner Straße;8;Kurs 6
Routenpunkt (Way);T;;49.88055;8.664744;30.0;;;;;;Interpoliert (15m);157.1;2.58;asphalt;secondary;Kranichsteiner Straße;8;Kurs 6
Routenpunkt (Way);T;Kranichsteiner Straße;49.880468;8.664649;30.0;;;;;;Original OSM;157.4;2.84;asphalt;secondary;Kranichsteiner Straße;8;Kurs 6
Routenpunkt (Way);T;;49.880408;8.664569;30.0;;;;;;Interpoliert (15m);157.7;1.79;asphalt;secondary;Kranichsteiner Straße;8;Kurs 6
Haltestelle;W;Darmstadt Taunusplatz;49.880348;8.664489;30.0;11:45:00;11:45:00;Kein Umlauf;Mo,Di,Mi,Do,Fr;446.0;Original GTFS (Snap-Distanz 2m) | Auf Route gesnappt (3m);158.0;0.96;asphalt;secondary;Kranichsteiner Straße;8;Kurs 6
Routenpunkt (Way);T;Taunusplatz;49.8803;8.664439;30.0;;;;;;Interpoliert;157.8;0.13;asphalt;secondary;Kranichsteiner Straße;8;Kurs 6
Routenpunkt (Way);T;;49.880197;8.664348;30.0;;;;;;Interpoliert (15m);157.6;-0.96;asphalt;secondary;Kranichsteiner Straße;8;Kurs 6
Routenpunkt (Way);T;Kranichsteiner Straße;49.880093;8.664256;30.0;;;;;;Original OSM;157.4;-2.05;asphalt;secondary;Kranichsteiner Straße;8;Kurs 6
Routenpunkt (Way);T;;49.880017;8.664188;30.0;;;;;;Interpoliert (15m);157.2;-1.81;asphalt;secondary;Kranichsteiner Straße;8;Kurs 6
Routenpunkt (Way);T;Kranichsteiner Straße;49.879941;8.664119;30.0;;;;;;Interpoliert;157.0;-1.9;asphalt;secondary;Kranichsteiner Straße;8;Kurs 6
Routenpunkt (Way);T;Kranichsteiner Straße;49.879864;8.664039;30.0;;;;;;Interpoliert;156.8;-1.93;asphalt;secondary;Kranichsteiner Straße;8;Kurs 6
Routenpunkt (Way);T;Kranichsteiner Straße;49.879788;8.663959;30.0;;;;;;Original OSM;156.6;-1.85;asphalt;secondary;Kranichsteiner Straße;8;Kurs 6
Routenpunkt (Way);T;Kranichsteiner Straße;49.879698;8.663866;30.0;;;;;;Interpoliert;156.4;-1.61;asphalt;secondary;Kranichsteiner Straße;8;Kurs 6
Routenpunkt (Way);T;Kranichsteiner Straße;49.879607;8.663772;30.0;;;;;;Interpoliert;156.2;-1.05;asphalt;secondary;Kranichsteiner Straße;8;Kurs 6
Routenpunkt (Way);T;Kranichsteiner Straße;49.879517;8.663679;30.0;;;;;;Interpoliert;156.1;-0.51;asphalt;secondary;Kranichsteiner Straße;8;Kurs 6
Routenpunkt (Way);T;Kranichsteiner Straße;49.879426;8.663586;30.0;;;;;;Original OSM;156.2;-0.02;asphalt;secondary;Kranichsteiner Straße;8;Kurs 6
Routenpunkt (Way);T;Kranichsteiner Straße;49.879338;8.663472;30.0;;;;;;Interpoliert;156.3;0.46;asphalt;secondary;Kranichsteiner Straße;8;Kurs 6
Routenpunkt (Way);A;Ampel;49.879251;8.663347;30.0;;;;;;Interpoliert (15m);156.4;0.76;asphalt;secondary;Kranichsteiner Straße;8;Kurs 6
Routenpunkt (Way);T;Kranichsteiner Straße;49.879163;8.663222;30.0;;;;;;Original OSM;156.5;0.18;asphalt;secondary;Kranichsteiner Straße;8;Kurs 6
Routenpunkt (Way);T;;49.879074;8.663075;30.0;;;;;;Interpoliert (15m);156.6;-0.53;asphalt;secondary;Kranichsteiner Straße;8;Kurs 6
Routenpunkt (Way);T;Kranichsteiner Straße;49.878985;8.662929;30.0;;;;;;Interpoliert;156.3;-1.23;asphalt;secondary;Kranichsteiner Straße;8;Kurs 6
Routenpunkt (Way);T;Kranichsteiner Straße;49.878919;8.662816;30.0;;;;;;Interpoliert;156.0;-1.78;asphalt;secondary;Kranichsteiner Straße;8;Kurs 6
Routenpunkt (Way);T;Kranichsteiner Straße;49.878854;8.662703;30.0;;;;;;Original OSM;155.7;-2.46;asphalt;secondary;Kranichsteiner Straße;8;Kurs 6
Routenpunkt (Way);T;Kranichsteiner Straße;49.878759;8.662557;30.0;;;;;;Interpoliert;155.4;-2.23;asphalt;secondary;Kranichsteiner Straße;8;Kurs 6
Routenpunkt (Way);T;Kranichsteiner Straße;49.878664;8.66241;30.0;;;;;;Original OSM;155.0;-1.87;asphalt;secondary;Kranichsteiner Straße;8;Kurs 6
Routenpunkt (Way);T;Kranichsteiner Straße;49.878594;8.662311;30.0;;;;;;Interpoliert;154.9;-1.76;asphalt;secondary;Kranichsteiner Straße;8;Kurs 6
Routenpunkt (Way);T;Kranichsteiner Straße;49.878524;8.662212;30.0;;;;;;Interpoliert;154.8;-1.8;asphalt;secondary;Kranichsteiner Straße;8;Kurs 6
Routenpunkt (Way);T;;49.878439;8.662076;30.0;;;;;;Interpoliert (15m);154.5;-1.7;asphalt;secondary;Kranichsteiner Straße;8;Kurs 6
Routenpunkt (Way);T;Kranichsteiner Straße;49.878354;8.66194;30.0;;;;;;Original OSM;154.2;-1.32;asphalt;secondary;Kranichsteiner Straße;8;Kurs 6
Haltestelle;W;Darmstadt Kopernikusplatz;49.878248;8.661836;30.0;11:46:00;11:46:00;Kein Umlauf;Mo,Di,Mi,Do,Fr;446.0;Original GTFS (Snap-Distanz 6m) | Auf Route gesnappt (6m);153.9;-0.95;asphalt;secondary;Kranichsteiner Straße;8;Kurs 6
Routenpunkt (Way);T;Kranichsteiner Straße;49.878176;8.661734;30.0;;;;;;Original OSM;154.0;-0.33;asphalt;secondary;Kranichsteiner Straße;8;Kurs 6
Routenpunkt (Way);T;;49.878119;8.661607;30.0;;;;;;Interpoliert (15m);154.1;0.29;asphalt;secondary;Kranichsteiner Straße;8;Kurs 6
Routenpunkt (Way);T;;49.878061;8.661481;30.0;;;;;;Interpoliert (15m);154.2;1.36;paving_stones;service;;8;Kurs 6
Routenpunkt (Way);T;Kranichsteiner Straße;49.878003;8.661354;30.0;;;;;;Original OSM;154.3;1.34;paving_stones;service;;8;Kurs 6
Routenpunkt (Way);T;;49.87789;8.661348;30.0;;;;;;Interpoliert (15m);154.7;1.31;asphalt;secondary;Heinheimer Straße;8;Kurs 6
Routenpunkt (Way);A;Ampel;49.877777;8.661342;30.0;;;;;;Interpoliert (15m);154.8;1.55;asphalt;secondary;Heinheimer Straße;8;Kurs 6
Routenpunkt (Way);T;Heinheimer Straße;49.877664;8.661337;30.0;;;;;;Interpoliert;154.9;1.78;asphalt;secondary;Heinheimer Straße;8;Kurs 6
Routenpunkt (Way);T;Heinheimer Straße;49.877535;8.661367;30.0;;;;;;Interpoliert;155.2;1.55;asphalt;secondary;Heinheimer Straße;8;Kurs 6
Routenpunkt (Way);T;Heinheimer Straße;49.877405;8.661398;30.0;;;;;;Interpoliert;155.5;1.8;asphalt;secondary;Heinheimer Straße;8;Kurs 6
Routenpunkt (Way);T;Heinheimer Straße;49.877275;8.661429;30.0;;;;;;Interpoliert;155.8;2.33;asphalt;secondary;Heinheimer Straße;8;Kurs 6
Routenpunkt (Way);T;Heinheimer Straße;49.877145;8.66146;30.0;;;;;;Interpoliert;156.1;3.19;asphalt;secondary;Heinheimer Straße;8;Kurs 6
Routenpunkt (Way);T;Heinheimer Straße;49.877015;8.66149;30.0;;;;;;Interpoliert;156.6;4.06;asphalt;secondary;Heinheimer Straße;8;Kurs 6
Routenpunkt (Way);T;;49.876945;8.661507;30.0;;;;;;Interpoliert (15m);157.1;3.96;asphalt;secondary;Heinheimer Straße;8;Kurs 6
Routenpunkt (Way);T;Heinheimer Straße;49.876876;8.661523;30.0;;;;;;Original OSM;157.6;3.89;asphalt;secondary;Heinheimer Straße;8;Kurs 6
Routenpunkt (Way);T;Heinheimer Straße;49.876762;8.661547;30.0;;;;;;Interpoliert;157.8;3.55;asphalt;secondary;Heinheimer Straße;8;Kurs 6
Routenpunkt (Way);T;Heinheimer Straße;49.876657;8.661569;30.0;;;;;;Interpoliert;158.0;2.58;asphalt;secondary;Heinheimer Straße;8;Kurs 6
Routenpunkt (Way);T;Heinheimer Straße;49.876553;8.661591;30.0;;;;;;Interpoliert;158.2;1.81;asphalt;secondary;Heinheimer Straße;8;Kurs 6
Routenpunkt (Way);T;Heinheimer Straße;49.876437;8.66162;30.0;;;;;;Original OSM;158.4;2.01;asphalt;secondary;Heinheimer Straße;8;Kurs 6
Routenpunkt (Way);T;;49.876366;8.661619;30.0;;;;;;Interpoliert (15m);158.6;2.08;asphalt;secondary;Heinheimer Straße;8;Kurs 6
Routenpunkt (Way);T;Heinheimer Straße;49.876296;8.661618;30.0;;;;;;Original OSM;158.8;0.92;asphalt;secondary;Dieburger Straße;8;Kurs 6
Routenpunkt (Way);T;;49.87624;8.661512;30.0;;;;;;Interpoliert (15m);159.0;0.13;asphalt;secondary;Dieburger Straße;8;Kurs 6
Routenpunkt (Way);T;Dieburger Straße;49.876184;8.661406;50.0;;;;;;Interpoliert;158.6;-0.8;asphalt;secondary;Dieburger Straße;8;Kurs 6
Routenpunkt (Way);T;Dieburger Straße;49.876116;8.661268;50.0;;;;;;Interpoliert;158.3;-1.73;asphalt;secondary;Dieburger Straße;8;Kurs 6
Routenpunkt (Way);T;;49.876036;8.661111;50.0;;;;;;Interpoliert (15m);158.0;-2.54;asphalt;secondary;Dieburger Straße;8;Kurs 6
Routenpunkt (Way);T;Dieburger Straße;49.875956;8.660955;50.0;;;;;;Original OSM;157.7;-2.13;asphalt;secondary;Dieburger Straße;8;Kurs 6
Routenpunkt (Way);T;;49.875887;8.660778;50.0;;;;;;Interpoliert (15m);157.4;-2.19;asphalt;secondary;Alexanderstraße;8;Kurs 6
Routenpunkt (Way);T;Alexanderstraße;49.875819;8.660601;50.0;;;;;;Original OSM;157.1;-3.03;asphalt;secondary;Alexanderstraße;8;Kurs 6
Haltestelle;W;Darmstadt Alexanderstraße/TU;49.875741;8.660502;50.0;11:48:00;11:48:00;Kein Umlauf;Mo,Di,Mi,Do,Fr;446.0;Original GTFS (Snap-Distanz 3m) | Auf Route gesnappt (3m);156.8;-3.29;asphalt;secondary;Alexanderstraße;8;Kurs 6
Routenpunkt (Way);T;Alexanderstraße/TU;49.875778;8.660468;50.0;;;;;;Original OSM;156.5;-4.2;asphalt;secondary;Alexanderstraße;8;Kurs 6
Routenpunkt (Way);T;Alexanderstraße;49.875673;8.660341;50.0;;;;;;Original OSM;156.0;-4.06;asphalt;secondary;Alexanderstraße;8;Kurs 6
Routenpunkt (Way);T;;49.875634;8.660254;50.0;;;;;;Interpoliert (15m);155.5;-3.9;asphalt;secondary;Alexanderstraße;8;Kurs 6
Routenpunkt (Way);T;Alexanderstraße;49.875595;8.660168;50.0;;;;;;Interpoliert;155.4;-2.94;asphalt;secondary;Alexanderstraße;8;Kurs 6
Routenpunkt (Way);T;Alexanderstraße;49.875538;8.660047;50.0;;;;;;Original OSM;155.2;-2.57;asphalt;secondary;Alexanderstraße;8;Kurs 6
Routenpunkt (Way);T;;49.875472;8.659896;50.0;;;;;;Interpoliert (15m);155.0;-1.58;asphalt;secondary;Alexanderstraße;8;Kurs 6
Routenpunkt (Way);T;Alexanderstraße;49.875406;8.659744;50.0;;;;;;Original OSM;154.8;-1.66;asphalt;secondary;Alexanderstraße;8;Kurs 6
Routenpunkt (Way);T;;49.875355;8.659598;50.0;;;;;;Interpoliert (15m);154.6;-1.62;asphalt;secondary;Alexanderstraße;8;Kurs 6
Routenpunkt (Way);T;;49.875305;8.659452;50.0;;;;;;Interpoliert (15m);154.4;-1.81;asphalt;secondary;Alexanderstraße;8;Kurs 6
Routenpunkt (Way);T;Alexanderstraße;49.875255;8.659305;50.0;;;;;;Original OSM;154.2;-1.5;asphalt;secondary;Alexanderstraße;8;Kurs 6
Routenpunkt (Way);T;;49.87523;8.659199;50.0;;;;;;Interpoliert (15m);154.0;-1.31;asphalt;secondary;Alexanderstraße;8;Kurs 6
Routenpunkt (Way);T;Alexanderstraße;49.875206;8.659092;50.0;;;;;;Original OSM;154.0;-1.42;asphalt;secondary;Alexanderstraße;8;Kurs 6
Routenpunkt (Way);T;Alexanderstraße;49.875164;8.658913;50.0;;;;;;Interpoliert;153.9;-1.6;asphalt;secondary;Alexanderstraße;8;Kurs 6
Routenpunkt (Way);T;Alexanderstraße;49.875122;8.658734;50.0;;;;;;Original OSM;153.6;-1.6;asphalt;secondary;Alexanderstraße;8;Kurs 6
Routenpunkt (Way);T;Alexanderstraße;49.875089;8.658583;50.0;;;;;;Original OSM;153.3;-2.29;asphalt;secondary;Alexanderstraße;8;Kurs 6
Routenpunkt (Way);T;Alexanderstraße;49.87505;8.658425;50.0;;;;;;Original OSM;153.0;-2.82;asphalt;secondary;Alexanderstraße;8;Kurs 6
Routenpunkt (Way);T;;49.875023;8.65831;50.0;;;;;;Interpoliert (15m);152.7;-3.25;asphalt;secondary;Alexanderstraße;8;Kurs 6
Routenpunkt (Way);T;Alexanderstraße;49.874996;8.658194;50.0;;;;;;Original OSM;152.4;-3.59;asphalt;secondary;Alexanderstraße;8;Kurs 6
Routenpunkt (Way);T;;49.874968;8.658073;50.0;;;;;;Interpoliert (15m);152.0;-3.68;asphalt;secondary;Alexanderstraße;8;Kurs 6
Routenpunkt (Way);T;Alexanderstraße;49.87494;8.657952;50.0;;;;;;Interpoliert;151.6;-3.72;asphalt;secondary;Alexanderstraße;8;Kurs 6
Routenpunkt (Way);T;Alexanderstraße;49.874897;8.65777;50.0;;;;;;Interpoliert;151.2;-3.58;asphalt;secondary;Alexanderstraße;8;Kurs 6
Routenpunkt (Way);T;;49.874863;8.657626;50.0;;;;;;Interpoliert (15m);150.8;-2.9;asphalt;secondary;Alexanderstraße;8;Kurs 6
Routenpunkt (Way);T;;49.874829;8.657482;50.0;;;;;;Interpoliert (15m);150.5;-2.21;asphalt;secondary;Alexanderstraße;8;Kurs 6
Routenpunkt (Way);T;Alexanderstraße;49.874795;8.657337;50.0;;;;;;Original OSM;150.4;-1.82;asphalt;secondary;Alexanderstraße;8;Kurs 6
Routenpunkt (Way);T;;49.874762;8.657195;50.0;;;;;;Interpoliert (15m);150.3;-1.3;asphalt;secondary;Alexanderstraße;8;Kurs 6
Routenpunkt (Way);T;Alexanderstraße;49.874729;8.657054;50.0;;;;;;Interpoliert;150.2;-0.97;asphalt;secondary;Alexanderstraße;8;Kurs 6
Routenpunkt (Way);T;;49.874701;8.656927;50.0;;;;;;Interpoliert (15m);150.1;-0.79;asphalt;secondary;Alexanderstraße;8;Kurs 6
Routenpunkt (Way);T;Alexanderstraße;49.874673;8.656799;50.0;;;;;;Original OSM;150.0;-0.6;asphalt;secondary;Alexanderstraße;8;Kurs 6
Routenpunkt (Way);T;;49.87465;8.656654;50.0;;;;;;Interpoliert (15m);150.0;-0.42;asphalt;secondary;Alexanderstraße;8;Kurs 6
Routenpunkt (Way);T;Alexanderstraße;49.874627;8.656509;50.0;;;;;;Interpoliert;150.0;-0.21;asphalt;secondary;Alexanderstraße;8;Kurs 6
Routenpunkt (Way);T;Alexanderstraße;49.874603;8.656333;50.0;;;;;;Interpoliert;150.0;0.0;asphalt;secondary;Alexanderstraße;8;Kurs 6
Routenpunkt (Way);A;Ampel;49.874586;8.656209;50.0;;;;;;Interpoliert (15m);150.0;0.0;asphalt;secondary;Alexanderstraße;8;Kurs 6
Routenpunkt (Way);T;Alexanderstraße;49.874569;8.656085;50.0;;;;;;Original OSM;150.0;-0.44;asphalt;secondary;Alexanderstraße;8;Kurs 6
Routenpunkt (Way);T;;49.874543;8.655964;50.0;;;;;;Interpoliert (15m);150.0;-0.77;asphalt;secondary;Alexanderstraße;8;Kurs 6
Routenpunkt (Way);T;Unbekannt;49.874518;8.655843;50.0;;;;;;Interpoliert;149.8;-1.1;asphalt;busway;;8;Kurs 6
Routenpunkt (Way);T;;49.874415;8.655901;50.0;;;;;;Interpoliert (15m);149.6;-1.44;asphalt;busway;;8;Kurs 6
Routenpunkt (Way);T;Unbekannt;49.874313;8.655958;50.0;;;;;;Original OSM;149.4;-1.78;paving_stones;busway;;8;Kurs 6
Routenpunkt (Way);T;;49.874212;8.656003;50.0;;;;;;Interpoliert (15m);149.2;-1.71;paving_stones;busway;;8;Kurs 6
Routenpunkt (Way);T;Schlossgraben;49.874111;8.656048;50.0;;;;;;Interpoliert;149.0;-1.76;paving_stones;busway;Schlossgraben;8;Kurs 6
Routenpunkt (Way);T;Schlossgraben;49.874015;8.656081;50.0;;;;;;Interpoliert;148.8;-1.8;paving_stones;busway;Schlossgraben;8;Kurs 6
Routenpunkt (Way);T;;49.873921;8.656112;50.0;;;;;;Interpoliert (15m);148.6;-1.46;paving_stones;busway;Schlossgraben;8;Kurs 6
Routenpunkt (Way);T;;49.873827;8.656144;50.0;;;;;;Interpoliert (15m);148.4;-1.11;paving_stones;busway;Schlossgraben;8;Kurs 6
Routenpunkt (Way);T;Schlossgraben;49.873734;8.656175;50.0;;;;;;Original OSM;148.4;-0.46;paving_stones;busway;Schlossgraben;8;Kurs 6
Routenpunkt (Way);T;;49.87361;8.656215;50.0;;;;;;Interpoliert (15m);148.4;0.3;paving_stones;busway;Schlossgraben;8;Kurs 6
Routenpunkt (Way);T;Schlossgraben;49.873486;8.656255;50.0;;;;;;Interpoliert;148.6;1.51;paving_stones;busway;Schlossgraben;8;Kurs 6
Routenpunkt (Way);T;Schlossgraben;49.873397;8.656284;50.0;;;;;;Original OSM;148.8;2.34;paving_stones;busway;Schlossgraben;8;Kurs 6
Routenpunkt (Way);T;;49.873293;8.656237;50.0;;;;;;Interpoliert (15m);149.3;3.17;paving_stones;busway;Schlossgraben;8;Kurs 6
Routenpunkt (Way);T;;49.873189;8.656191;50.0;;;;;;Interpoliert (15m);149.8;3.6;sett;busway;Schlossgraben;8;Kurs 6
Routenpunkt (Way);T;Schlossgraben;49.873085;8.656144;50.0;;;;;;Original OSM;150.3;3.92;sett;busway;Schlossgraben;8;Kurs 6
Routenpunkt (Way);T;;49.873042;8.65596;30.0;;;;;;Interpoliert (15m);150.8;3.79;sett;unclassified;Marktplatz;8;Kurs 6
Routenpunkt (Way);T;;49.872998;8.655775;30.0;;;;;;Interpoliert (15m);151.3;3.45;sett;unclassified;Marktplatz;8;Kurs 6
Routenpunkt (Way);T;Schloss;49.872955;8.655591;30.0;;;;;;Original OSM;151.8;2.78;sett;unclassified;Marktplatz;8;Kurs 6
Routenpunkt (Way);T;;49.872907;8.655436;30.0;;;;;;Interpoliert (15m);152.1;2.07;sett;unclassified;Marktplatz;8;Kurs 6
Routenpunkt (Way);T;Marktplatz;49.87286;8.655281;30.0;;;;;;Original OSM;152.2;1.36;paving_stones;unclassified;Marktplatz;8;Kurs 6
Haltestelle;W;Darmstadt Schloss;49.87286;8.655281;30.0;11:50:00;11:50:00;Kein Umlauf;Mo,Di,Mi,Do,Fr;446.0;Original GTFS (Snap-Distanz 3m) | Auf Route gesnappt (3m);152.3;0.37;paving_stones;unclassified;Marktplatz;8;Kurs 6
Routenpunkt (Way);T;Marktplatz;49.87286;8.655281;30.0;;;;;;Original OSM;152.4;-0.4;paving_stones;unclassified;Marktplatz;8;Kurs 6
Routenpunkt (Way);T;Marktplatz;49.872838;8.655085;30.0;;;;;;Interpoliert;152.2;-1.53;paving_stones;unclassified;Marktplatz;8;Kurs 6
Routenpunkt (Way);T;Marktplatz;49.872817;8.65489;30.0;;;;;;Original OSM;152.0;-2.59;paving_stones;unclassified;Marktplatz;8;Kurs 6
Routenpunkt (Way);T;Marktplatz;49.8728;8.65472;30.0;;;;;;Interpoliert;151.4;-3.65;paving_stones;unclassified;Marktplatz;8;Kurs 6
Routenpunkt (Way);T;;49.872796;8.654562;30.0;;;;;;Interpoliert (15m);150.8;-4.45;paving_stones;unclassified;Marktplatz;8;Kurs 6
Routenpunkt (Way);T;Marktplatz;49.872792;8.654403;30.0;;;;;;Original OSM;150.2;-5.24;asphalt;unclassified;Rheinstraße;8;Kurs 6
Routenpunkt (Way);T;;49.872845;8.654271;30.0;;;;;;Interpoliert (15m);149.6;-4.92;asphalt;unclassified;Rheinstraße;8;Kurs 6
Routenpunkt (Way);T;Rheinstraße;49.872898;8.654139;30.0;;;;;;Interpoliert;149.0;-4.7;asphalt;unclassified;Rheinstraße;8;Kurs 6
Routenpunkt (Way);T;Rheinstraße;49.872965;8.654003;30.0;;;;;;Interpoliert;148.6;-4.47;asphalt;unclassified;Rheinstraße;8;Kurs 6
Routenpunkt (Way);T;;49.873015;8.653854;30.0;;;;;;Interpoliert (15m);148.1;-4.23;asphalt;unclassified;Rheinstraße;8;Kurs 6
Routenpunkt (Way);T;;49.873064;8.653706;30.0;;;;;;Interpoliert (15m);147.6;-3.99;asphalt;unclassified;Rheinstraße;8;Kurs 6
Routenpunkt (Way);T;Rheinstraße;49.873114;8.653557;30.0;;;;;;Original OSM;147.1;-3.68;asphalt;unclassified;Rheinstraße;8;Kurs 6
Routenpunkt (Way);T;;49.873106;8.653391;30.0;;;;;;Interpoliert (15m);146.6;-3.18;asphalt;unclassified;Rheinstraße;8;Kurs 6
Routenpunkt (Way);T;;49.873097;8.653226;30.0;;;;;;Interpoliert (15m);146.4;-2.64;asphalt;unclassified;Rheinstraße;8;Kurs 6
Routenpunkt (Way);T;Rheinstraße;49.873089;8.653061;30.0;;;;;;Interpoliert;146.2;-2.09;asphalt;unclassified;Rheinstraße;8;Kurs 6
Routenpunkt (Way);T;Rheinstraße;49.873063;8.652872;30.0;;;;;;Interpoliert;146.0;-1.54;asphalt;unclassified;Rheinstraße;8;Kurs 6
Routenpunkt (Way);T;Rheinstraße;49.873037;8.652684;30.0;;;;;;Interpoliert;145.8;-1.64;asphalt;unclassified;Rheinstraße;8;Kurs 6
Routenpunkt (Way);T;Rheinstraße;49.873011;8.652495;30.0;;;;;;Interpoliert;145.6;-1.62;asphalt;unclassified;Rheinstraße;8;Kurs 6
Routenpunkt (Way);T;Rheinstraße;49.872985;8.652306;30.0;;;;;;Interpoliert;145.3;-1.65;asphalt;unclassified;Rheinstraße;8;Kurs 6
Routenpunkt (Way);T;;49.872977;8.65213;30.0;;;;;;Interpoliert (15m);145.1;-1.67;asphalt;unclassified;Rheinstraße;8;Kurs 6
Routenpunkt (Way);T;;49.872969;8.651954;30.0;;;;;;Interpoliert (15m);144.9;-1.67;paving_stones;unclassified;Luisenplatz;8;Kurs 6
Routenpunkt (Way);T;Luisenplatz;49.87296;8.651778;30.0;;;;;;Original OSM;144.7;-1.38;paving_stones;unclassified;Luisenplatz;8;Kurs 6
Routenpunkt (Way);T;;49.872875;8.651636;30.0;;;;;;Interpoliert (15m);144.5;-1.06;paving_stones;unclassified;Luisenplatz;8;Kurs 6
Routenpunkt (Way);T;;49.872789;8.651494;30.0;;;;;;Interpoliert (15m);144.4;-0.75;paving_stones;unclassified;Luisenplatz;8;Kurs 6
Haltestelle;W;Darmstadt Luisenplatz;49.872704;8.651351;30.0;11:52:00;11:52:00;Kein Umlauf;Mo,Di,Mi,Do,Fr;446.0;Original GTFS (Snap-Distanz 21m) | Auf Route gesnappt (21m);144.4;-0.43;paving_stones;unclassified;Luisenplatz;8;Kurs 6
Routenpunkt (Way);T;Luisenplatz;49.872685;8.651314;30.0;;;;;;Original OSM;144.4;-0.14;paving_stones;unclassified;Luisenplatz;8;Kurs 6
Routenpunkt (Way);T;;49.87269;8.651114;30.0;;;;;;Interpoliert (15m);144.4;0.19;paving_stones;unclassified;Luisenplatz;8;Kurs 6
Routenpunkt (Way);T;Luisenplatz;49.872695;8.650914;30.0;;;;;;Original OSM;144.4;0.03;paving_stones;unclassified;Luisenplatz;8;Kurs 6
Routenpunkt (Way);T;Luisenplatz;49.872713;8.650768;30.0;;;;;;Interpoliert;144.5;-0.14;paving_stones;unclassified;Luisenplatz;8;Kurs 6
Routenpunkt (Way);T;Luisenplatz;49.872733;8.650595;30.0;;;;;;Original OSM;144.4;-0.31;paving_stones;unclassified;Luisenplatz;8;Kurs 6
Routenpunkt (Way);T;;49.872736;8.650429;30.0;;;;;;Interpoliert (15m);144.3;-0.5;paving_stones;unclassified;Luisenplatz;8;Kurs 6
Routenpunkt (Way);T;Luisenplatz;49.872739;8.650264;30.0;;;;;;Original OSM;144.2;-0.89;asphalt;unclassified;Luisenplatz;8;Kurs 6
Routenpunkt (Way);T;;49.872722;8.650125;30.0;;;;;;Interpoliert (15m);144.1;-1.03;asphalt;busway;Rheinstraße;8;Kurs 6
Routenpunkt (Way);T;Rheinstraße;49.872705;8.649986;30.0;;;;;;Interpoliert;144.0;-1.15;asphalt;busway;Rheinstraße;8;Kurs 6
Routenpunkt (Way);T;Rheinstraße;49.872679;8.649801;30.0;;;;;;Interpoliert;143.8;-1.28;asphalt;busway;Rheinstraße;8;Kurs 6
Routenpunkt (Way);T;Rheinstraße;49.872654;8.649616;30.0;;;;;;Interpoliert;143.6;-1.38;asphalt;busway;Rheinstraße;8;Kurs 6
Routenpunkt (Way);T;Rheinstraße;49.872628;8.649431;30.0;;;;;;Interpoliert;143.4;-1.62;asphalt;busway;Rheinstraße;8;Kurs 6
Routenpunkt (Way);T;Rheinstraße;49.872603;8.649246;30.0;;;;;;Interpoliert;143.2;-1.47;asphalt;busway;Rheinstraße;8;Kurs 6
Routenpunkt (Way);A;Rheinstraße (Ampel);49.872577;8.64906;30.0;;;;;;Original OSM;142.9;-1.32;asphalt;residential;Grafenstraße;8;Kurs 6
Routenpunkt (Way);T;Rheinstraße;49.87255;8.648869;30.0;;;;;;Interpoliert;142.8;-1.16;asphalt;residential;Grafenstraße;8;Kurs 6
Routenpunkt (Way);T;Rheinstraße;49.872522;8.648677;30.0;;;;;;Interpoliert;142.7;-1.01;asphalt;residential;;8;Kurs 6
Routenpunkt (Way);T;Rheinstraße;49.872495;8.648485;30.0;;;;;;Interpoliert;142.6;-0.57;asphalt;busway;Rheinstraße;8;Kurs 6
Routenpunkt (Way);T;Rheinstraße;49.872467;8.648294;30.0;;;;;;Interpoliert;142.5;-0.43;asphalt;busway;Rheinstraße;8;Kurs 6
Routenpunkt (Way);T;Rheinstraße;49.87244;8.648102;30.0;;;;;;Interpoliert;142.5;-0.28;asphalt;busway;Rheinstraße;8;Kurs 6
Routenpunkt (Way);T;Rheinstraße;49.872412;8.64791;30.0;;;;;;Interpoliert;142.5;-0.14;asphalt;busway;Rheinstraße;8;Kurs 6
Routenpunkt (Way);T;Rheinstraße;49.872384;8.647719;30.0;;;;;;Interpoliert;142.5;-0.57;asphalt;busway;Rheinstraße;8;Kurs 6
Routenpunkt (Way);T;Rheinstraße;49.872357;8.647527;30.0;;;;;;Interpoliert;142.5;-0.99;asphalt;busway;Rheinstraße;8;Kurs 6
Routenpunkt (Way);T;Rheinstraße;49.872329;8.647335;30.0;;;;;;Interpoliert;142.1;-1.42;asphalt;busway;Rheinstraße;8;Kurs 6
Routenpunkt (Way);T;Rheinstraße;49.872302;8.647144;30.0;;;;;;Interpoliert;141.8;-1.85;asphalt;busway;Rheinstraße;8;Kurs 6
Routenpunkt (Way);T;Rheinstraße;49.872274;8.646952;30.0;;;;;;Interpoliert;141.5;-2.29;asphalt;busway;Rheinstraße;8;Kurs 6
Routenpunkt (Way);T;Rheinstraße;49.872247;8.64676;30.0;;;;;;Original OSM;141.2;-1.87;asphalt;busway;Rheinstraße;8;Kurs 6
Routenpunkt (Way);T;Rheinstraße;49.87222;8.646576;30.0;;;;;;Interpoliert;140.9;-1.74;asphalt;busway;Rheinstraße;8;Kurs 6
Routenpunkt (Way);T;Rheinstraße;49.872193;8.646391;30.0;;;;;;Interpoliert;140.8;-1.61;asphalt;busway;Rheinstraße;8;Kurs 6
Routenpunkt (Way);T;Rheinstraße;49.872166;8.646207;30.0;;;;;;Interpoliert;140.6;-1.47;asphalt;busway;Rheinstraße;8;Kurs 6
Routenpunkt (Way);T;Rheinstraße;49.872138;8.646022;30.0;;;;;;Interpoliert;140.4;-1.47;asphalt;busway;Rheinstraße;8;Kurs 6
Routenpunkt (Way);T;Rheinstraße;49.872111;8.645837;30.0;;;;;;Interpoliert;140.2;-1.18;asphalt;busway;Rheinstraße;8;Kurs 6
Routenpunkt (Way);T;Rheinstraße;49.872084;8.645653;30.0;;;;;;Interpoliert;139.9;-0.74;asphalt;busway;Rheinstraße;8;Kurs 6
Routenpunkt (Way);T;Rheinstraße;49.872057;8.645468;30.0;;;;;;Interpoliert;140.0;-0.29;asphalt;busway;Rheinstraße;8;Kurs 6
Routenpunkt (Way);T;Rheinstraße;49.87203;8.645283;30.0;;;;;;Interpoliert;140.1;0.15;asphalt;busway;Rheinstraße;8;Kurs 6
Routenpunkt (Way);T;Rheinstraße;49.872003;8.645099;30.0;;;;;;Interpoliert;140.2;0.75;asphalt;busway;Rheinstraße;8;Kurs 6
Routenpunkt (Way);T;;49.871976;8.64492;30.0;;;;;;Interpoliert (15m);140.3;0.42;asphalt;busway;Rheinstraße;8;Kurs 6
Routenpunkt (Way);T;Rheinstraße;49.871949;8.644741;30.0;;;;;;Original OSM;140.4;0.13;asphalt;busway;Rheinstraße;8;Kurs 6
Haltestelle;W;Darmstadt Rhein-/Neckarstraße;49.871925;8.644589;30.0;;;Kein Umlauf;Mo,Di,Mi,Do,Fr;446.0;Original GTFS (Snap-Distanz 43m) | Auf Route gesnappt (43m);140.3;-0.17;asphalt;busway;Rheinstraße;8;Kurs 6
Routenpunkt (Way);T;Rheinstraße;49.871897;8.644404;30.0;;;;;;Original OSM;140.2;-0.48;asphalt;busway;Rheinstraße;8;Kurs 6
Routenpunkt (Way);T;;49.871863;8.644226;30.0;;;;;;Interpoliert (15m);140.1;-0.78;asphalt;busway;Rheinstraße;8;Kurs 6
Routenpunkt (Way);T;;49.87183;8.644049;30.0;;;;;;Interpoliert (15m);140.0;-0.76;asphalt;busway;Rheinstraße;8;Kurs 6
Routenpunkt (Way);T;Rheinstraße;49.871796;8.643871;30.0;;;;;;Original OSM;139.9;-0.77;asphalt;busway;Rheinstraße;8;Kurs 6
Routenpunkt (Way);T;;49.871771;8.643701;30.0;;;;;;Interpoliert (15m);139.8;-0.78;asphalt;busway;Rheinstraße;8;Kurs 6
Routenpunkt (Way);T;;49.871746;8.643531;30.0;;;;;;Interpoliert (15m);139.7;-0.95;asphalt;busway;Rheinstraße;8;Kurs 6
Routenpunkt (Way);T;;49.871721;8.643361;30.0;;;;;;Interpoliert (15m);139.6;-1.08;asphalt;busway;Rheinstraße;8;Kurs 6
Routenpunkt (Way);T;Rhein-/Neckarstraße;49.871696;8.64319;30.0;;;;;;Interpoliert;139.4;-1.2;asphalt;busway;Rheinstraße;8;Kurs 6
Routenpunkt (Way);T;;49.871683;8.642993;30.0;;;;;;Interpoliert (15m);139.2;-1.33;asphalt;busway;Rheinstraße;8;Kurs 6
Routenpunkt (Way);T;Rheinstraße;49.871671;8.642795;30.0;;;;;;Interpoliert;139.0;-1.46;asphalt;busway;Rheinstraße;8;Kurs 6
Routenpunkt (Way);T;Rheinstraße;49.871645;8.642607;30.0;;;;;;Interpoliert;138.8;-1.29;asphalt;busway;Rheinstraße;8;Kurs 6
Routenpunkt (Way);T;Rheinstraße;49.871619;8.64242;30.0;;;;;;Interpoliert;138.6;-1.01;asphalt;busway;Rheinstraße;8;Kurs 6
Routenpunkt (Way);T;Rheinstraße;49.871594;8.642232;30.0;;;;;;Interpoliert;138.5;-0.73;asphalt;busway;Rheinstraße;8;Kurs 6
Routenpunkt (Way);T;Rheinstraße;49.871568;8.642045;30.0;;;;;;Interpoliert;138.5;-0.44;asphalt;busway;Rheinstraße;8;Kurs 6
Routenpunkt (Way);T;;49.871546;8.641887;30.0;;;;;;Interpoliert (15m);138.5;-0.31;asphalt;busway;Rheinstraße;8;Kurs 6
Routenpunkt (Way);T;Rheinstraße;49.871524;8.641729;30.0;;;;;;Original OSM;138.5;-0.17;asphalt;busway;Rheinstraße;8;Kurs 6
Routenpunkt (Way);T;;49.871501;8.641564;30.0;;;;;;Interpoliert (15m);138.4;-0.17;asphalt;busway;Rheinstraße;8;Kurs 6
Routenpunkt (Way);T;Rheinstraße;49.871478;8.641399;30.0;;;;;;Original OSM;138.4;-0.17;asphalt;busway;Rheinstraße;8;Kurs 6
Routenpunkt (Way);T;Rheinstraße;49.871452;8.641207;30.0;;;;;;Interpoliert;138.4;-0.17;asphalt;busway;Rheinstraße;8;Kurs 6
Routenpunkt (Way);T;Rheinstraße;49.871425;8.641015;30.0;;;;;;Interpoliert;138.4;-0.28;asphalt;busway;Rheinstraße;8;Kurs 6
Routenpunkt (Way);T;Rheinstraße;49.871399;8.640824;30.0;;;;;;Interpoliert;138.4;-0.71;asphalt;busway;Rheinstraße;8;Kurs 6
Routenpunkt (Way);T;Rheinstraße;49.871372;8.640632;30.0;;;;;;Interpoliert;138.2;-1.14;asphalt;busway;Rheinstraße;8;Kurs 6
Routenpunkt (Way);T;Rheinstraße;49.871346;8.64044;30.0;;;;;;Interpoliert;137.9;-1.56;asphalt;busway;Rheinstraße;8;Kurs 6
Routenpunkt (Way);T;Rheinstraße;49.87132;8.640248;30.0;;;;;;Interpoliert;137.6;-1.85;asphalt;busway;Rheinstraße;8;Kurs 6
Routenpunkt (Way);T;Rheinstraße;49.871293;8.640056;30.0;;;;;;Interpoliert;137.3;-1.71;asphalt;busway;Rheinstraße;8;Kurs 6
Routenpunkt (Way);T;Rheinstraße;49.871267;8.639864;30.0;;;;;;Interpoliert;137.1;-1.42;asphalt;busway;Rheinstraße;8;Kurs 6
Routenpunkt (Way);T;Rheinstraße;49.87124;8.639672;30.0;;;;;;Original OSM;137.0;-1.13;asphalt;busway;Rheinstraße;8;Kurs 6
Routenpunkt (Way);T;Rheinstraße;49.871213;8.639477;30.0;;;;;;Interpoliert;136.9;-0.85;asphalt;busway;Rheinstraße;8;Kurs 6
Routenpunkt (Way);T;Rheinstraße;49.871186;8.639282;30.0;;;;;;Interpoliert;136.8;-0.7;asphalt;busway;;8;Kurs 6
Routenpunkt (Way);T;Rheinstraße;49.87116;8.639087;30.0;;;;;;Interpoliert;136.7;-0.42;asphalt;busway;;8;Kurs 6
Routenpunkt (Way);T;Rheinstraße;49.871133;8.638892;30.0;;;;;;Interpoliert;136.6;-0.14;asphalt;busway;;8;Kurs 6
Routenpunkt (Way);T;Rheinstraße;49.871106;8.638697;30.0;;;;;;Interpoliert;136.7;0.14;asphalt;busway;;8;Kurs 6
Routenpunkt (Way);T;Rheinstraße;49.871079;8.638502;30.0;;;;;;Interpoliert;136.8;0.14;asphalt;busway;;8;Kurs 6
Routenpunkt (Way);T;Rheinstraße;49.871052;8.638307;30.0;;;;;;Interpoliert;136.9;0.0;asphalt;busway;Rheinstraße;8;Kurs 6
Routenpunkt (Way);T;Rheinstraße;49.871025;8.638112;30.0;;;;;;Interpoliert;136.8;-0.42;asphalt;busway;Rheinstraße;8;Kurs 6
Routenpunkt (Way);T;Rheinstraße;49.870998;8.637917;30.0;;;;;;Interpoliert;136.6;-0.84;asphalt;busway;Rheinstraße;8;Kurs 6
Routenpunkt (Way);T;Rheinstraße;49.870972;8.637722;30.0;;;;;;Interpoliert;136.4;-0.98;asphalt;busway;Rheinstraße;8;Kurs 6
Routenpunkt (Way);T;Rheinstraße;49.870945;8.637526;30.0;;;;;;Interpoliert;136.2;-0.84;asphalt;busway;Rheinstraße;8;Kurs 6
Routenpunkt (Way);T;Rheinstraße;49.870918;8.637331;30.0;;;;;;Interpoliert;136.2;-0.56;asphalt;busway;Rheinstraße;8;Kurs 6
Routenpunkt (Way);T;Rheinstraße;49.870891;8.637136;30.0;;;;;;Interpoliert;136.2;-0.28;asphalt;busway;Rheinstraße;8;Kurs 6
Routenpunkt (Way);T;Rheinstraße;49.870864;8.636941;30.0;;;;;;Interpoliert;136.2;0.0;asphalt;busway;Rheinstraße;8;Kurs 6
Routenpunkt (Way);T;Rheinstraße;49.870837;8.636746;30.0;;;;;;Interpoliert;136.2;0.0;asphalt;busway;Rheinstraße;8;Kurs 6
Routenpunkt (Way);T;;49.870806;8.636632;30.0;;;;;;Interpoliert (15m);136.2;0.0;asphalt;busway;Rheinstraße;8;Kurs 6
Routenpunkt (Way);T;Rheinstraße;49.870774;8.636517;30.0;;;;;;Original OSM;136.2;0.0;asphalt;busway;Rheinstraße;8;Kurs 6
Routenpunkt (Way);T;;49.870757;8.636381;30.0;;;;;;Interpoliert (15m);136.2;0.0;asphalt;busway;Rheinstraße;8;Kurs 6
Routenpunkt (Way);T;Rheinstraße;49.87074;8.636245;30.0;;;;;;Original OSM;136.2;0.0;asphalt;busway;Rheinstraße;8;Kurs 6
Routenpunkt (Way);T;;49.870712;8.636042;30.0;;;;;;Interpoliert (15m);136.2;-0.37;asphalt;busway;Rheinstraße;8;Kurs 6
Routenpunkt (Way);T;Berliner Allee;49.870684;8.635838;30.0;;;;;;Interpoliert;136.2;-0.82;asphalt;busway;Rheinstraße;8;Kurs 6
Haltestelle;W;Darmstadt Berliner Allee;49.870692;8.63569;30.0;;;Kein Umlauf;Mo,Di,Mi,Do,Fr;446.0;Original GTFS (Snap-Distanz 8m) | Auf Route gesnappt (8m);136.0;-1.26;asphalt;busway;Rheinstraße;8;Kurs 6
Routenpunkt (Way);T;Berliner Allee;49.870647;8.635585;30.0;;;;;;Original OSM;135.8;-1.71;asphalt;busway;Rheinstraße;8;Kurs 6
Routenpunkt (Way);T;;49.870645;8.63546;30.0;;;;;;Interpoliert (15m);135.6;-1.98;asphalt;busway;Rheinstraße;8;Kurs 6
Routenpunkt (Way);T;Rheinstraße;49.870643;8.635334;30.0;;;;;;Interpoliert;135.4;-1.61;asphalt;busway;Rheinstraße;8;Kurs 6
Routenpunkt (Way);T;Rheinstraße;49.870615;8.635134;30.0;;;;;;Interpoliert;135.2;-0.89;asphalt;busway;Rheinstraße;8;Kurs 6
Routenpunkt (Way);T;Rheinstraße;49.870588;8.634934;30.0;;;;;;Interpoliert;135.2;-0.17;asphalt;busway;Rheinstraße;8;Kurs 6
Routenpunkt (Way);T;Rheinstraße;49.87056;8.634733;30.0;;;;;;Interpoliert;135.4;0.55;asphalt;busway;Rheinstraße;8;Kurs 6
Routenpunkt (Way);T;Rheinstraße;49.870533;8.634533;30.0;;;;;;Interpoliert;135.6;1.09;asphalt;busway;Rheinstraße;8;Kurs 6
Routenpunkt (Way);T;Rheinstraße;49.870505;8.634333;30.0;;;;;;Interpoliert;135.8;1.09;asphalt;busway;Rheinstraße;8;Kurs 6
Routenpunkt (Way);T;Rheinstraße;49.870477;8.634133;30.0;;;;;;Interpoliert;136.0;0.82;asphalt;busway;Rheinstraße;8;Kurs 6
Routenpunkt (Way);T;Rheinstraße;49.87045;8.633933;30.0;;;;;;Original OSM;136.0;0.55;asphalt;busway;Rheinstraße;8;Kurs 6
Routenpunkt (Way);T;Rheinstraße;49.870425;8.633749;30.0;;;;;;Interpoliert;136.0;0.27;asphalt;busway;Rheinstraße;8;Kurs 6
Routenpunkt (Way);T;Rheinstraße;49.870399;8.633564;30.0;;;;;;Interpoliert;136.0;0.0;asphalt;busway;Rheinstraße;8;Kurs 6
Routenpunkt (Way);T;;49.870399;8.633418;30.0;;;;;;Interpoliert (15m);136.0;-0.38;asphalt;busway;Rheinstraße;8;Kurs 6
Routenpunkt (Way);T;;49.870399;8.633272;30.0;;;;;;Interpoliert (15m);136.0;-1.15;asphalt;busway;Am Hauptbahnhof;8;Kurs 6
Routenpunkt (Way);T;Rheinstraße;49.870399;8.633126;30.0;;;;;;Original OSM;135.8;-1.91;asphalt;busway;Am Hauptbahnhof;8;Kurs 6
Routenpunkt (Way);T;;49.87048;8.632994;30.0;;;;;;Interpoliert (15m);135.3;-2.64;asphalt;busway;Am Hauptbahnhof;8;Kurs 6
Routenpunkt (Way);T;Am Hauptbahnhof;49.870561;8.632861;30.0;;;;;;Interpoliert;134.8;-3.36;paving_stones;pedestrian;Am Hauptbahnhof;8;Kurs 6
Routenpunkt (Way);T;Am Hauptbahnhof;49.870668;8.632766;30.0;;;;;;Original OSM;134.3;-3.46;paving_stones;pedestrian;Am Hauptbahnhof;8;Kurs 6
Routenpunkt (Way);T;Am Hauptbahnhof;49.870777;8.632674;30.0;;;;;;Interpoliert;133.8;-3.18;paving_stones;pedestrian;Am Hauptbahnhof;8;Kurs 6
Routenpunkt (Way);T;Am Hauptbahnhof;49.870876;8.63259;30.0;;;;;;Interpoliert;133.5;-2.89;paving_stones;pedestrian;Am Hauptbahnhof;8;Kurs 6
Routenpunkt (Way);T;Am Hauptbahnhof;49.870975;8.632506;30.0;;;;;;Interpoliert;133.2;-2.59;paving_stones;pedestrian;Am Hauptbahnhof;8;Kurs 6
Routenpunkt (Way);T;Am Hauptbahnhof;49.871073;8.632422;30.0;;;;;;Interpoliert;132.9;-2.29;paving_stones;pedestrian;Am Hauptbahnhof;8;Kurs 6
Routenpunkt (Way);T;;49.871184;8.632328;30.0;;;;;;Interpoliert (15m);132.6;-1.81;paving_stones;pedestrian;Am Hauptbahnhof;8;Kurs 6
Routenpunkt (Way);T;Am Hauptbahnhof;49.871296;8.632234;30.0;;;;;;Original OSM;132.3;-0.79;paving_stones;pedestrian;Am Hauptbahnhof;8;Kurs 6
Routenpunkt (Way);T;;49.871384;8.632158;30.0;;;;;;Interpoliert (15m);132.3;0.26;paving_stones;pedestrian;Am Hauptbahnhof;8;Kurs 6
Routenpunkt (Way);T;Am Hauptbahnhof;49.871471;8.632083;30.0;;;;;;Interpoliert;132.6;0.87;paving_stones;pedestrian;Am Hauptbahnhof;8;Kurs 6
Routenpunkt (Way);T;Am Hauptbahnhof;49.871554;8.632013;30.0;;;;;;Original OSM;132.9;1.78;paving_stones;pedestrian;Am Hauptbahnhof;8;Kurs 6
Routenpunkt (Way);T;Am Hauptbahnhof;49.871638;8.631939;30.0;;;;;;Interpoliert;133.0;2.25;paving_stones;pedestrian;Am Hauptbahnhof;8;Kurs 6
Routenpunkt (Way);T;;49.871727;8.631831;30.0;;;;;;Interpoliert (15m);133.3;2.17;asphalt;pedestrian;Am Hauptbahnhof;8;Kurs 6
Routenpunkt (Way);T;Am Hauptbahnhof;49.871816;8.631723;30.0;;;;;;Original OSM;133.6;1.6;asphalt;pedestrian;Am Hauptbahnhof;8;Kurs 6
Routenpunkt (Way);T;;49.871931;8.631682;30.0;;;;;;Interpoliert (15m);133.9;1.41;paving_stones;pedestrian;Am Hauptbahnhof;8;Kurs 6
Haltestelle;W;Darmstadt Hauptbahnhof Ost;49.872047;8.631641;30.0;11:59:00;11:59:00;Kein Umlauf;Mo,Di,Mi,Do,Fr;446.0;Original GTFS (Snap-Distanz 37m) | Auf Route gesnappt (37m);133.9;0.93;paving_stones;pedestrian;Am Hauptbahnhof;8;Kurs 6
Routenpunkt (Way);T;Am Hauptbahnhof;49.871937;8.631698;30.0;;;;;;Original OSM;133.9;0.01;paving_stones;pedestrian;Am Hauptbahnhof;8;Kurs 6
Routenpunkt (Way);T;;49.87183;8.631782;30.0;;;;;;Interpoliert (15m);133.9;-1.01;asphalt;pedestrian;Am Hauptbahnhof;8;Kurs 6
Routenpunkt (Way);T;Am Hauptbahnhof;49.871722;8.631865;30.0;;;;;;Original OSM;133.6;-1.56;paving_stones;pedestrian;Am Hauptbahnhof;8;Kurs 6
Routenpunkt (Way);T;Am Hauptbahnhof;49.871638;8.631939;30.0;;;;;;Interpoliert;133.3;-1.76;paving_stones;pedestrian;Am Hauptbahnhof;8;Kurs 6
Routenpunkt (Way);T;Am Hauptbahnhof;49.871554;8.632013;30.0;;;;;;Original OSM;133.0;-2.29;paving_stones;pedestrian;Am Hauptbahnhof;8;Kurs 6
Routenpunkt (Way);T;Am Hauptbahnhof;49.871471;8.632083;30.0;;;;;;Interpoliert;132.9;-2.38;paving_stones;pedestrian;Am Hauptbahnhof;8;Kurs 6
Routenpunkt (Way);T;;49.871384;8.632158;30.0;;;;;;Interpoliert (15m);132.6;-1.82;paving_stones;pedestrian;Am Hauptbahnhof;8;Kurs 6
Routenpunkt (Way);T;Am Hauptbahnhof;49.871296;8.632234;30.0;;;;;;Original OSM;132.3;-0.84;paving_stones;pedestrian;Am Hauptbahnhof;8;Kurs 6
Routenpunkt (Way);T;;49.871184;8.632328;30.0;;;;;;Interpoliert (15m);132.3;-0.17;paving_stones;pedestrian;Am Hauptbahnhof;8;Kurs 6
Routenpunkt (Way);T;Am Hauptbahnhof;49.871073;8.632422;30.0;;;;;;Interpoliert;132.6;0.85;paving_stones;pedestrian;Am Hauptbahnhof;8;Kurs 6
Routenpunkt (Way);T;Am Hauptbahnhof;49.870975;8.632506;30.0;;;;;;Interpoliert;132.9;1.86;paving_stones;pedestrian;Am Hauptbahnhof;8;Kurs 6
Routenpunkt (Way);T;Am Hauptbahnhof;49.870876;8.63259;30.0;;;;;;Interpoliert;133.2;2.3;paving_stones;pedestrian;Am Hauptbahnhof;8;Kurs 6
Routenpunkt (Way);T;Am Hauptbahnhof;49.870777;8.632674;30.0;;;;;;Interpoliert;133.5;2.31;paving_stones;pedestrian;Am Hauptbahnhof;8;Kurs 6
Routenpunkt (Way);T;Am Hauptbahnhof;49.870668;8.632766;30.0;;;;;;Original OSM;133.8;2.27;paving_stones;pedestrian;Am Hauptbahnhof;8;Kurs 6
Routenpunkt (Way);T;Am Hauptbahnhof;49.870561;8.632861;30.0;;;;;;Interpoliert;134.1;2.08;paving_stones;pedestrian;Am Hauptbahnhof;8;Kurs 6
Routenpunkt (Way);T;;49.870452;8.632953;30.0;;;;;;Interpoliert (15m);134.4;1.97;asphalt;busway;Am Hauptbahnhof;8;Kurs 6
Routenpunkt (Way);T;Am Hauptbahnhof;49.870344;8.633045;50.0;;;;;;Original OSM;134.6;1.35;asphalt;primary;Berliner Allee;8;Kurs 6
Routenpunkt (Way);T;;49.870249;8.633066;50.0;;;;;;Interpoliert (15m);134.8;0.73;asphalt;primary;Berliner Allee;8;Kurs 6
Routenpunkt (Way);A;Ampel;49.870153;8.633087;50.0;;;;;;Interpoliert (15m);134.7;0.11;asphalt;primary;Berliner Allee;8;Kurs 6
Routenpunkt (Way);T;Berliner Allee;49.870057;8.633108;50.0;;;;;;Interpoliert;134.6;-0.33;asphalt;primary;Berliner Allee;8;Kurs 6
Routenpunkt (Way);T;Berliner Allee;49.869961;8.633145;50.0;;;;;;Interpoliert;134.5;-0.89;asphalt;primary;Berliner Allee;8;Kurs 6
Routenpunkt (Way);T;Berliner Allee;49.869843;8.633191;50.0;;;;;;Original OSM;134.4;-0.89;asphalt;primary;Berliner Allee;8;Kurs 6
Routenpunkt (Way);T;;49.86975;8.633227;50.0;;;;;;Interpoliert (15m);134.3;-1.08;asphalt;primary;Berliner Allee;8;Kurs 6
Routenpunkt (Way);T;;49.869657;8.633263;50.0;;;;;;Interpoliert (15m);134.2;-1.25;asphalt;primary;Berliner Allee;8;Kurs 6
Routenpunkt (Way);T;Berliner Allee;49.869564;8.633299;50.0;;;;;;Original OSM;134.0;-1.27;asphalt;primary;Berliner Allee;8;Kurs 6
Routenpunkt (Way);T;;49.869464;8.633338;50.0;;;;;;Interpoliert (15m);133.8;-1.22;asphalt;primary;Berliner Allee;8;Kurs 6
Routenpunkt (Way);T;Berliner Allee;49.869363;8.633376;50.0;;;;;;Interpoliert;133.7;-1.18;asphalt;primary;Berliner Allee;8;Kurs 6
Routenpunkt (Way);T;Berliner Allee;49.869238;8.633424;50.0;;;;;;Interpoliert;133.6;-0.94;asphalt;primary;Berliner Allee;8;Kurs 6
Routenpunkt (Way);T;Berliner Allee;49.869113;8.633472;50.0;;;;;;Interpoliert;133.5;-0.75;asphalt;primary;Berliner Allee;8;Kurs 6
Routenpunkt (Way);T;Berliner Allee;49.868988;8.63352;50.0;;;;;;Original OSM;133.4;-0.74;asphalt;primary;Berliner Allee;8;Kurs 6
Routenpunkt (Way);T;Berliner Allee;49.86888;8.633561;50.0;;;;;;Interpoliert;133.3;-0.28;asphalt;primary;Berliner Allee;8;Kurs 6
Routenpunkt (Way);T;Berliner Allee;49.868772;8.633602;50.0;;;;;;Interpoliert;133.2;0.18;asphalt;primary;Berliner Allee;8;Kurs 6
Routenpunkt (Way);T;Berliner Allee;49.868663;8.633644;50.0;;;;;;Interpoliert;133.4;0.92;asphalt;primary;Berliner Allee;8;Kurs 6
Routenpunkt (Way);T;Berliner Allee;49.868555;8.633685;50.0;;;;;;Original OSM;133.6;1.68;asphalt;primary;Berliner Allee;8;Kurs 6
Routenpunkt (Way);T;Berliner Allee;49.868467;8.633721;50.0;;;;;;Interpoliert;133.9;2.31;asphalt;primary;Berliner Allee;8;Kurs 6
Routenpunkt (Way);T;Berliner Allee;49.86838;8.633757;50.0;;;;;;Interpoliert;134.2;2.47;asphalt;primary;Berliner Allee;8;Kurs 6
Routenpunkt (Way);T;;49.868267;8.633746;50.0;;;;;;Interpoliert (15m);134.5;1.99;asphalt;primary;Berliner Allee;8;Kurs 6
Routenpunkt (Way);A;Ampel;49.868154;8.633735;50.0;;;;;;Interpoliert (15m);134.8;1.25;asphalt;primary;Haardtring;8;Kurs 6
Routenpunkt (Way);T;Berliner Allee;49.86804;8.633724;50.0;;;;;;Original OSM;134.7;0.51;asphalt;primary;Haardtring;8;Kurs 6
Routenpunkt (Way);T;;49.867937;8.63361;50.0;;;;;;Interpoliert (15m);134.6;0.32;asphalt;primary;Haardtring;8;Kurs 6
Routenpunkt (Way);T;;49.867834;8.633497;50.0;;;;;;Interpoliert (15m);134.5;-0.34;asphalt;primary;Haardtring;8;Kurs 6
Routenpunkt (Way);T;Haardtring;49.867731;8.633383;50.0;;;;;;Original OSM;134.7;-0.33;asphalt;primary;Haardtring;8;Kurs 6
Routenpunkt (Way);T;Haardtring;49.867666;8.63327;50.0;;;;;;Interpoliert;134.6;-0.86;asphalt;primary;Haardtring;8;Kurs 6
Routenpunkt (Way);T;Haardtring;49.867583;8.633119;50.0;;;;;;Original OSM;134.5;-1.39;asphalt;primary;Haardtring;8;Kurs 6
Routenpunkt (Way);T;;49.867533;8.633022;50.0;;;;;;Interpoliert (15m);134.2;-2.1;asphalt;primary;Haardtring;8;Kurs 6
Routenpunkt (Way);T;Haardtring;49.867484;8.632925;50.0;;;;;;Original OSM;133.9;-2.34;asphalt;primary;Haardtring;8;Kurs 6
Routenpunkt (Way);T;Haardtring;49.867405;8.632772;50.0;;;;;;Interpoliert;133.6;-2.06;asphalt;primary;Haardtring;8;Kurs 6
Routenpunkt (Way);T;Haardtring;49.867325;8.632618;50.0;;;;;;Interpoliert;133.3;-1.21;asphalt;primary;Haardtring;8;Kurs 6
Routenpunkt (Way);T;Haardtring;49.867246;8.632465;50.0;;;;;;Original OSM;133.4;-0.71;asphalt;primary;Haardtring;8;Kurs 6
Routenpunkt (Way);T;Haardtring;49.867182;8.632342;50.0;;;;;;Interpoliert;133.5;-0.84;asphalt;primary;Haardtring;8;Kurs 6
Routenpunkt (Way);T;Haardtring;49.867117;8.632219;50.0;;;;;;Original OSM;133.4;-0.97;asphalt;primary;Haardtring;8;Kurs 6
Routenpunkt (Way);T;Haardtring;49.867035;8.632064;50.0;;;;;;Interpoliert;133.0;-2.13;asphalt;primary;Haardtring;8;Kurs 6
Routenpunkt (Way);T;Haardtring;49.866953;8.631909;50.0;;;;;;Interpoliert;132.6;-2.98;asphalt;primary;Haardtring;8;Kurs 6
Routenpunkt (Way);T;;49.866887;8.631779;50.0;;;;;;Interpoliert (15m);132.0;-3.48;asphalt;primary;Haardtring;8;Kurs 6
Routenpunkt (Way);T;;49.866821;8.631649;50.0;;;;;;Interpoliert (15m);131.6;-3.26;asphalt;primary;Haardtring;8;Kurs 6
Routenpunkt (Way);A;Ampel;49.866756;8.631519;50.0;;;;;;Interpoliert (15m);131.2;-3.0;asphalt;primary;Haardtring;8;Kurs 6
Routenpunkt (Way);T;Haardtring;49.86669;8.631389;50.0;;;;;;Original OSM;131.0;-2.29;asphalt;primary;Haardtring;8;Kurs 6
Routenpunkt (Way);T;;49.86666;8.631208;50.0;;;;;;Interpoliert (15m);130.8;-1.91;asphalt;primary;Stirnweg;8;Kurs 6
Routenpunkt (Way);T;;49.86663;8.631028;50.0;;;;;;Interpoliert (15m);130.6;-1.24;asphalt;primary;Stirnweg;8;Kurs 6
Routenpunkt (Way);T;Stirnweg;49.8666;8.630847;50.0;;;;;;Interpoliert;130.4;-0.9;asphalt;primary;Stirnweg;8;Kurs 6
Routenpunkt (Way);T;Stirnweg;49.866579;8.630678;50.0;;;;;;Original OSM;130.4;-0.78;asphalt;primary;Stirnweg;8;Kurs 6
Routenpunkt (Way);T;Stirnweg;49.866565;8.630535;50.0;;;;;;Interpoliert;130.4;-0.3;asphalt;primary;Stirnweg;8;Kurs 6
Routenpunkt (Way);T;;49.866595;8.63039;50.0;;;;;;Interpoliert (15m);130.3;0.18;asphalt;primary;Stirnweg;8;Kurs 6
Routenpunkt (Way);T;;49.866625;8.630244;50.0;;;;;;Interpoliert (15m);130.4;0.34;asphalt;primary;Stirnweg;8;Kurs 6
Routenpunkt (Way);T;Stirnweg;49.866654;8.630098;50.0;;;;;;Original OSM;130.5;0.18;asphalt;primary;Stirnweg;8;Kurs 6
Routenpunkt (Way);T;;49.866755;8.630013;50.0;;;;;;Interpoliert (15m);130.6;0.21;asphalt;primary;Stirnweg;8;Kurs 6
Routenpunkt (Way);T;;49.866856;8.629928;50.0;;;;;;Interpoliert (15m);130.5;-0.14;asphalt;primary;Am Kavalleriesand;8;Kurs 6
Routenpunkt (Way);T;Am Kavalleriesand;49.866956;8.629843;50.0;;;;;;Interpoliert;130.4;-0.46;asphalt;primary;Am Kavalleriesand;8;Kurs 6
Routenpunkt (Way);T;Am Kavalleriesand;49.867064;8.629801;50.0;;;;;;Original OSM;130.3;-0.76;asphalt;primary;Am Kavalleriesand;8;Kurs 6
Routenpunkt (Way);T;Am Kavalleriesand;49.867185;8.629755;50.0;;;;;;Interpoliert;130.2;-0.77;asphalt;primary;Am Kavalleriesand;8;Kurs 6
Routenpunkt (Way);T;Am Kavalleriesand;49.867306;8.62971;50.0;;;;;;Original OSM;130.1;-0.61;asphalt;primary;Am Kavalleriesand;8;Kurs 6
Routenpunkt (Way);T;Am Kavalleriesand;49.867414;8.629673;50.0;;;;;;Original OSM;130.0;-0.45;asphalt;primary;Am Kavalleriesand;8;Kurs 6
Routenpunkt (Way);T;;49.8674;8.629564;50.0;;;;;;Interpoliert (15m);130.0;-0.31;asphalt;unclassified;Mina-Rees-Straße;8;Kurs 6
Routenpunkt (Way);T;Mina-Rees-Straße;49.867385;8.629454;30.0;;;;;;Original OSM;130.0;-0.16;asphalt;unclassified;Mina-Rees-Straße;8;Kurs 6
Routenpunkt (Way);T;;49.867369;8.62934;30.0;;;;;;Interpoliert (15m);130.0;0.0;asphalt;unclassified;Mina-Rees-Straße;8;Kurs 6
Routenpunkt (Way);T;Mina-Rees-Straße;49.867354;8.629225;30.0;;;;;;Interpoliert;130.0;0.0;asphalt;unclassified;Mina-Rees-Straße;8;Kurs 6
Routenpunkt (Way);T;;49.867335;8.629083;30.0;;;;;;Interpoliert (15m);130.0;0.0;asphalt;unclassified;Mina-Rees-Straße;8;Kurs 6
Routenpunkt (Way);T;;49.867315;8.628941;30.0;;;;;;Interpoliert (15m);130.0;0.0;asphalt;unclassified;Mina-Rees-Straße;8;Kurs 6
Routenpunkt (Way);T;Mina-Rees-Straße;49.867296;8.628799;30.0;;;;;;Original OSM;130.0;0.0;asphalt;unclassified;Mina-Rees-Straße;8;Kurs 6
Routenpunkt (Way);T;;49.86727;8.628605;30.0;;;;;;Interpoliert (15m);130.0;0.0;asphalt;unclassified;Mina-Rees-Straße;8;Kurs 6
Routenpunkt (Way);T;;49.867243;8.628411;30.0;;;;;;Interpoliert (15m);130.0;0.32;asphalt;unclassified;Mina-Rees-Straße;8;Kurs 6
Routenpunkt (Way);T;Mina-Rees-Straße;49.867217;8.628217;30.0;;;;;;Interpoliert;130.0;0.64;asphalt;unclassified;Mina-Rees-Straße;8;Kurs 6
Routenpunkt (Way);T;;49.867194;8.628047;30.0;;;;;;Interpoliert (15m);130.2;0.94;asphalt;unclassified;Mina-Rees-Straße;8;Kurs 6
Routenpunkt (Way);T;Mina-Rees-Straße;49.86717;8.627877;30.0;;;;;;Original OSM;130.4;1.24;asphalt;unclassified;Mina-Rees-Straße;8;Kurs 6
Routenpunkt (Way);T;;49.867145;8.627695;30.0;;;;;;Interpoliert (15m);130.6;1.54;asphalt;unclassified;Mina-Rees-Straße;8;Kurs 6
Routenpunkt (Way);T;Mina-Rees-Straße;49.86712;8.627513;30.0;;;;;;Interpoliert;130.8;1.52;asphalt;unclassified;Mina-Rees-Straße;8;Kurs 6
Routenpunkt (Way);T;Mina-Rees-Straße;49.867095;8.62733;30.0;;;;;;Interpoliert;131.0;1.59;asphalt;unclassified;Mina-Rees-Straße;8;Kurs 6
Routenpunkt (Way);T;Mina-Rees-Straße;49.86707;8.627147;30.0;;;;;;Original OSM;131.2;1.69;asphalt;unclassified;Mina-Rees-Straße;8;Kurs 6
Routenpunkt (Way);T;Mina-Rees-Straße;49.867051;8.62701;30.0;;;;;;Interpoliert;131.4;1.66;asphalt;unclassified;Mina-Rees-Straße;8;Kurs 6
Routenpunkt (Way);T;Mina-Rees-Straße;49.867031;8.626872;30.0;;;;;;Interpoliert;131.6;1.67;asphalt;unclassified;Mina-Rees-Straße;8;Kurs 6
Routenpunkt (Way);T;Mina-Rees-Straße;49.867004;8.626672;30.0;;;;;;Original OSM;131.8;1.37;asphalt;unclassified;Mina-Rees-Straße;8;Kurs 6
Routenpunkt (Way);T;Mina-Rees-Straße;49.867005;8.626488;30.0;;;;;;Original OSM;132.0;1.14;asphalt;unclassified;Mina-Rees-Straße;8;Kurs 6
Haltestelle;W;Darmstadt Mina-Rees-Straße;49.867005;8.626488;30.0;12:03:00;12:03:00;Kein Umlauf;Mo,Di,Mi,Do,Fr;446.0;Original GTFS (Snap-Distanz 2m) | Auf Route gesnappt (2m);132.0;0.98;asphalt;unclassified;Mina-Rees-Straße;8;Kurs 6
Routenpunkt (Way);T;Mina-Rees-Straße;49.866981;8.62633;30.0;;;;;;Original OSM;132.1;0.94;asphalt;unclassified;Mina-Rees-Straße;8;Kurs 6
Routenpunkt (Way);T;;49.866953;8.626218;30.0;;;;;;Interpoliert (15m);132.2;0.12;asphalt;unclassified;Mina-Rees-Straße;8;Kurs 6
Routenpunkt (Way);T;Mina-Rees-Straße;49.866925;8.626106;30.0;;;;;;Interpoliert;132.3;-0.39;asphalt;unclassified;Mina-Rees-Straße;8;Kurs 6
Routenpunkt (Way);A;Ampel;49.866897;8.625948;30.0;;;;;;Interpoliert (15m);132.0;-1.22;asphalt;unclassified;Mina-Rees-Straße;8;Kurs 6
Routenpunkt (Way);T;Mina-Rees-Straße;49.866868;8.625791;30.0;;;;;;Original OSM;131.7;-2.12;asphalt;unclassified;Mina-Rees-Straße;8;Kurs 6
Routenpunkt (Way);T;;49.866787;8.625786;30.0;;;;;;Interpoliert (15m);131.4;-2.83;asphalt;primary;Deutsche-Telekom-Allee;8;Kurs 6
Routenpunkt (Way);T;Deutsche-Telekom-Allee;49.866706;8.625782;50.0;;;;;;Interpoliert;131.1;-2.79;asphalt;primary;Deutsche-Telekom-Allee;8;Kurs 6
Routenpunkt (Way);T;Deutsche-Telekom-Allee;49.866595;8.625819;50.0;;;;;;Interpoliert;130.8;-2.75;asphalt;primary;Deutsche-Telekom-Allee;8;Kurs 6
Routenpunkt (Way);T;Deutsche-Telekom-Allee;49.866484;8.625857;50.0;;;;;;Interpoliert;130.5;-3.04;asphalt;primary;Deutsche-Telekom-Allee;8;Kurs 6
Routenpunkt (Way);T;Deutsche-Telekom-Allee;49.866373;8.625894;50.0;;;;;;Interpoliert;130.2;-3.19;asphalt;primary;Deutsche-Telekom-Allee;8;Kurs 6
Routenpunkt (Way);T;Deutsche-Telekom-Allee;49.866262;8.625932;50.0;;;;;;Original OSM;129.6;-3.77;asphalt;primary;Deutsche-Telekom-Allee;8;Kurs 6
Routenpunkt (Way);T;Deutsche-Telekom-Allee;49.866132;8.625975;50.0;;;;;;Interpoliert;129.0;-3.64;asphalt;primary;Deutsche-Telekom-Allee;8;Kurs 6
Routenpunkt (Way);T;;49.86603;8.625995;50.0;;;;;;Interpoliert (15m);128.4;-3.52;asphalt;primary;Deutsche-Telekom-Allee;8;Kurs 6
Routenpunkt (Way);T;;49.865929;8.626016;50.0;;;;;;Interpoliert (15m);128.2;-2.96;asphalt;primary;Deutsche-Telekom-Allee;8;Kurs 6
Routenpunkt (Way);T;Deutsche-Telekom-Allee;49.865828;8.626036;50.0;;;;;;Original OSM;128.0;-2.55;asphalt;primary;Deutsche-Telekom-Allee;8;Kurs 6
Routenpunkt (Way);T;;49.865737;8.626053;50.0;;;;;;Interpoliert (15m);127.8;-1.89;asphalt;primary;Deutsche-Telekom-Allee;8;Kurs 6
Routenpunkt (Way);T;;49.865647;8.626069;50.0;;;;;;Interpoliert (15m);127.6;-1.82;asphalt;primary;Deutsche-Telekom-Allee;8;Kurs 6
Routenpunkt (Way);T;Deutsche-Telekom-Allee;49.865556;8.626086;50.0;;;;;;Interpoliert;127.4;-1.76;asphalt;primary;Deutsche-Telekom-Allee;8;Kurs 6
Routenpunkt (Way);T;Deutsche-Telekom-Allee;49.865434;8.626128;50.0;;;;;;Interpoliert;127.2;-1.37;asphalt;primary;Deutsche-Telekom-Allee;8;Kurs 6
Routenpunkt (Way);T;Deutsche-Telekom-Allee;49.865312;8.626169;50.0;;;;;;Interpoliert;127.0;-0.97;asphalt;primary;Deutsche-Telekom-Allee;8;Kurs 6
Routenpunkt (Way);T;Deutsche-Telekom-Allee;49.86519;8.626211;50.0;;;;;;Interpoliert;127.0;-0.58;asphalt;primary;Deutsche-Telekom-Allee;8;Kurs 6
Routenpunkt (Way);T;Deutsche-Telekom-Allee;49.865068;8.626253;50.0;;;;;;Original OSM;127.0;-0.29;asphalt;primary;Deutsche-Telekom-Allee;8;Kurs 6
Routenpunkt (Way);T;Deutsche-Telekom-Allee;49.864937;8.626296;50.0;;;;;;Interpoliert;127.0;0.0;asphalt;primary;Deutsche-Telekom-Allee;8;Kurs 6
Routenpunkt (Way);T;Deutsche-Telekom-Allee;49.864806;8.62634;50.0;;;;;;Interpoliert;127.0;0.0;asphalt;primary;Deutsche-Telekom-Allee;8;Kurs 6
Routenpunkt (Way);T;Deutsche-Telekom-Allee;49.864675;8.626383;50.0;;;;;;Original OSM;127.0;-0.37;asphalt;primary;Deutsche-Telekom-Allee;8;Kurs 6
Routenpunkt (Way);T;Deutsche-Telekom-Allee;49.86458;8.626415;50.0;;;;;;Interpoliert;127.0;-0.65;asphalt;primary;Deutsche-Telekom-Allee;8;Kurs 6
Routenpunkt (Way);T;Deutsche-Telekom-Allee;49.864485;8.626447;50.0;;;;;;Interpoliert;126.8;-1.18;asphalt;primary;Deutsche-Telekom-Allee;8;Kurs 6
Routenpunkt (Way);T;Deutsche-Telekom-Allee;49.86436;8.626488;50.0;;;;;;Original OSM;126.6;-1.71;asphalt;primary;Deutsche-Telekom-Allee;8;Kurs 6
Routenpunkt (Way);T;;49.864293;8.62651;50.0;;;;;;Interpoliert (15m);126.4;-2.04;asphalt;primary;Deutsche-Telekom-Allee;8;Kurs 6
Routenpunkt (Way);T;Deutsche-Telekom-Allee;49.864227;8.626532;50.0;;;;;;Interpoliert;126.2;-1.41;asphalt;primary;Deutsche-Telekom-Allee;8;Kurs 6
Routenpunkt (Way);T;Deutsche-Telekom-Allee;49.86412;8.626568;50.0;;;;;;Original OSM;126.0;-0.87;asphalt;primary;Deutsche-Telekom-Allee;8;Kurs 6
Routenpunkt (Way);T;;49.864051;8.626591;50.0;;;;;;Interpoliert (15m);126.1;-0.08;asphalt;primary;Deutsche-Telekom-Allee;8;Kurs 6
Routenpunkt (Way);T;Deutsche-Telekom-Allee;49.863982;8.626614;50.0;;;;;;Original OSM;126.2;0.71;asphalt;primary;Deutsche-Telekom-Allee;8;Kurs 6
Routenpunkt (Way);T;;49.863915;8.626636;50.0;;;;;;Interpoliert (15m);126.3;1.18;asphalt;primary;Deutsche-Telekom-Allee;8;Kurs 6
Routenpunkt (Way);T;Deutsche-Telekom-Allee;49.863848;8.626658;50.0;;;;;;Interpoliert;126.4;1.37;asphalt;primary;Deutsche-Telekom-Allee;8;Kurs 6
Routenpunkt (Way);T;Deutsche-Telekom-Allee;49.863728;8.626698;50.0;;;;;;Interpoliert;126.5;1.56;asphalt;primary;Deutsche-Telekom-Allee;8;Kurs 6
Routenpunkt (Way);T;Deutsche-Telekom-Allee;49.863609;8.626737;50.0;;;;;;Interpoliert;126.8;1.74;asphalt;primary;Deutsche-Telekom-Allee;8;Kurs 6
Routenpunkt (Way);T;Deutsche-Telekom-Allee;49.86349;8.626777;50.0;;;;;;Interpoliert;127.1;1.92;asphalt;primary;Deutsche-Telekom-Allee;8;Kurs 6
Routenpunkt (Way);T;Deutsche-Telekom-Allee;49.863371;8.626817;50.0;;;;;;Interpoliert;127.4;2.21;asphalt;primary;Deutsche-Telekom-Allee;8;Kurs 6
Routenpunkt (Way);T;Deutsche-Telekom-Allee;49.863251;8.626856;50.0;;;;;;Interpoliert;127.7;1.77;asphalt;primary;Deutsche-Telekom-Allee;8;Kurs 6
Routenpunkt (Way);T;Deutsche-Telekom-Allee;49.863132;8.626896;50.0;;;;;;Interpoliert;128.0;1.33;asphalt;primary;Deutsche-Telekom-Allee;8;Kurs 6
Routenpunkt (Way);T;;49.863059;8.62692;50.0;;;;;;Interpoliert (15m);128.0;0.73;asphalt;primary;Deutsche-Telekom-Allee;8;Kurs 6
Routenpunkt (Way);T;Deutsche-Telekom-Allee;49.862986;8.626944;50.0;;;;;;Original OSM;128.0;0.13;asphalt;primary;Deutsche-Telekom-Allee;8;Kurs 6
Routenpunkt (Way);T;;49.862872;8.626982;50.0;;;;;;Interpoliert (15m);127.9;-0.48;asphalt;primary;Deutsche-Telekom-Allee;8;Kurs 6
Routenpunkt (Way);T;Deutsche-Telekom-Allee;49.862759;8.62702;50.0;;;;;;Original OSM;127.8;-0.65;asphalt;primary;Deutsche-Telekom-Allee;8;Kurs 6
Routenpunkt (Way);T;Deutsche-Telekom-Allee;49.862657;8.627054;50.0;;;;;;Interpoliert;127.7;-0.81;asphalt;primary;Deutsche-Telekom-Allee;8;Kurs 6
Routenpunkt (Way);T;Deutsche-Telekom-Allee;49.862554;8.627088;50.0;;;;;;Interpoliert;127.6;-0.82;asphalt;primary;Deutsche-Telekom-Allee;8;Kurs 6
Routenpunkt (Way);A;Ampel;49.862446;8.62704;50.0;;;;;;Interpoliert (15m);127.5;-0.9;asphalt;primary;Deutsche-Telekom-Allee;8;Kurs 6
Routenpunkt (Way);T;Deutsche-Telekom-Allee;49.862339;8.626992;50.0;;;;;;Original OSM;127.4;-0.96;asphalt;residential;Hilpertstraße;8;Kurs 6
Routenpunkt (Way);T;;49.862312;8.626881;50.0;;;;;;Interpoliert (15m);127.3;-0.96;asphalt;residential;Hilpertstraße;8;Kurs 6
Haltestelle;W;Darmstadt T-Online-Allee;49.862286;8.62677;50.0;;;Kein Umlauf;Mo,Di,Mi,Do,Fr;446.0;Original GTFS (Snap-Distanz 1m) | Auf Route gesnappt (1m);127.2;-0.97;asphalt;residential;Hilpertstraße;8;Kurs 6
Routenpunkt (Way);T;;49.862262;8.62661;50.0;;;;;;Interpoliert (15m);127.1;-0.53;asphalt;residential;Hilpertstraße;8;Kurs 6
Routenpunkt (Way);T;Hilpertstraße;49.862238;8.62645;50.0;;;;;;Original OSM;127.0;0.07;asphalt;residential;Hilpertstraße;8;Kurs 6
Routenpunkt (Way);T;Hilpertstraße;49.862209;8.626254;50.0;;;;;;Original OSM;127.2;0.67;paving_stones;residential;Hilpertstraße;8;Kurs 6
Routenpunkt (Way);T;Hilpertstraße;49.862187;8.626106;50.0;;;;;;Interpoliert;127.4;1.35;paving_stones;residential;Hilpertstraße;8;Kurs 6
Routenpunkt (Way);T;Hilpertstraße;49.862165;8.625958;50.0;;;;;;Interpoliert;127.6;2.03;paving_stones;residential;Hilpertstraße;8;Kurs 6
Routenpunkt (Way);T;;49.862149;8.625851;50.0;;;;;;Interpoliert (15m);127.8;2.09;paving_stones;residential;Hilpertstraße;8;Kurs 6
Routenpunkt (Way);T;Hilpertstraße;49.862134;8.625743;50.0;;;;;;Original OSM;128.0;2.07;paving_stones;residential;Hilpertstraße;8;Kurs 6
Routenpunkt (Way);T;;49.862111;8.625584;50.0;;;;;;Interpoliert (15m);128.2;2.04;paving_stones;residential;Hilpertstraße;8;Kurs 6
Routenpunkt (Way);T;;49.862089;8.625425;50.0;;;;;;Interpoliert (15m);128.4;1.81;paving_stones;residential;Hilpertstraße;8;Kurs 6
Routenpunkt (Way);T;Hilpertstraße;49.862067;8.625266;50.0;;;;;;Original OSM;128.6;1.58;paving_stones;residential;Hilpertstraße;8;Kurs 6
Routenpunkt (Way);T;;49.862041;8.625068;50.0;;;;;;Interpoliert (15m);128.8;1.24;paving_stones;residential;Hilpertstraße;8;Kurs 6
Routenpunkt (Way);T;Hilpertstraße;49.862015;8.624871;50.0;;;;;;Interpoliert;129.0;1.16;paving_stones;residential;Hilpertstraße;8;Kurs 6
Routenpunkt (Way);T;;49.862001;8.624765;50.0;;;;;;Interpoliert (15m);129.0;1.04;paving_stones;residential;Hilpertstraße;8;Kurs 6
Routenpunkt (Way);T;Hilpertstraße;49.861988;8.62466;50.0;;;;;;Original OSM;129.1;1.0;paving_stones;residential;Hilpertstraße;8;Kurs 6
Routenpunkt (Way);T;;49.861974;8.624541;50.0;;;;;;Interpoliert (15m);129.2;0.87;paving_stones;residential;Hilpertstraße;8;Kurs 6
Routenpunkt (Way);T;Hilpertstraße;49.86196;8.624422;50.0;;;;;;Original OSM;129.3;1.02;paving_stones;residential;Hilpertstraße;8;Kurs 6
Routenpunkt (Way);T;Hilpertstraße;49.861938;8.624239;50.0;;;;;;Interpoliert;129.4;0.76;paving_stones;residential;Hilpertstraße;8;Kurs 6
Routenpunkt (Way);T;Hilpertstraße;49.861916;8.624056;50.0;;;;;;Original OSM;129.5;0.53;paving_stones;residential;Hilpertstraße;8;Kurs 6
Routenpunkt (Way);T;;49.861917;8.623901;50.0;;;;;;Interpoliert (15m);129.5;0.3;paving_stones;residential;Hilpertstraße;8;Kurs 6
Routenpunkt (Way);T;Hilpertstraße;49.861917;8.623746;50.0;;;;;;Original OSM;129.5;0.15;paving_stones;residential;Hilpertstraße;8;Kurs 6
Routenpunkt (Way);T;;49.861885;8.623605;50.0;;;;;;Interpoliert (15m);129.5;0.0;paving_stones;residential;Hilpertstraße;8;Kurs 6
Haltestelle;W;Darmstadt Hilpertstraße;49.861852;8.623465;50.0;12:05:00;12:05:00;Kein Umlauf;Mo,Di,Mi,Do,Fr;446.0;Original GTFS (Snap-Distanz 5m) | Auf Route gesnappt (7m);129.5;-0.56;paving_stones;residential;Hilpertstraße;8;Kurs 6
Routenpunkt (Way);T;Hilpertstraße;49.861836;8.623317;50.0;;;;;;Interpoliert;129.5;-0.96;paving_stones;residential;Hilpertstraße;8;Kurs 6
Routenpunkt (Way);T;Hilpertstraße;49.86182;8.623169;50.0;;;;;;Interpoliert;129.2;-1.61;paving_stones;residential;Hilpertstraße;8;Kurs 6
Routenpunkt (Way);T;Hilpertstraße;49.8618;8.622965;50.0;;;;;;Original OSM;128.9;-2.26;paving_stones;residential;Hilpertstraße;8;Kurs 6
Routenpunkt (Way);T;;49.861792;8.622836;50.0;;;;;;Interpoliert (15m);128.6;-2.68;paving_stones;residential;Hilpertstraße;8;Kurs 6
Routenpunkt (Way);T;Hilpertstraße;49.861784;8.622708;50.0;;;;;;Original OSM;128.3;-2.41;paving_stones;residential;Hilpertstraße;8;Kurs 6
Routenpunkt (Way);T;;49.861656;8.622723;50.0;;;;;;Interpoliert (15m);128.0;-2.28;paving_stones;residential;Kleyerstraße;8;Kurs 6
Routenpunkt (Way);T;Kleyerstraße;49.861529;8.622739;50.0;;;;;;Original OSM;127.8;-2.2;paving_stones;residential;Kleyerstraße;8;Kurs 6
Routenpunkt (Way);T;;49.861403;8.622772;50.0;;;;;;Interpoliert (15m);127.6;-2.11;paving_stones;residential;Kleyerstraße;8;Kurs 6
Routenpunkt (Way);T;Kleyerstraße;49.861277;8.622806;50.0;;;;;;Interpoliert;127.2;-2.25;paving_stones;residential;Kleyerstraße;8;Kurs 6
Routenpunkt (Way);T;Kleyerstraße;49.861152;8.622847;50.0;;;;;;Interpoliert;126.8;-2.25;paving_stones;residential;Kleyerstraße;8;Kurs 6
Routenpunkt (Way);T;Kleyerstraße;49.861027;8.622888;50.0;;;;;;Interpoliert;126.4;-2.25;paving_stones;residential;Kleyerstraße;8;Kurs 6
Routenpunkt (Way);T;;49.860902;8.622929;50.0;;;;;;Interpoliert (15m);126.2;-1.99;paving_stones;residential;Kleyerstraße;8;Kurs 6
Routenpunkt (Way);T;Kleyerstraße;49.860777;8.62297;50.0;;;;;;Original OSM;126.0;-1.72;paving_stones;residential;Kleyerstraße;8;Kurs 6
Routenpunkt (Way);T;;49.860658;8.623009;50.0;;;;;;Interpoliert (15m);125.8;-1.44;paving_stones;residential;Kleyerstraße;8;Kurs 6
Routenpunkt (Way);T;Kleyerstraße;49.86054;8.623048;50.0;;;;;;Original OSM;125.6;-1.53;paving_stones;residential;Kleyerstraße;8;Kurs 6
Routenpunkt (Way);T;Kleyerstraße;49.860413;8.62304;50.0;;;;;;Interpoliert;125.4;-1.6;paving_stones;residential;Kleyerstraße;8;Kurs 6
Routenpunkt (Way);T;Rosa-Parks-Straße;49.860316;8.623058;50.0;;;;;;Interpoliert;125.2;-1.3;paving_stones;residential;Kleyerstraße;8;Kurs 6
Routenpunkt (Way);T;Rosa-Parks-Straße;49.860221;8.623111;50.0;;;;;;Original OSM;125.0;-1.01;paving_stones;residential;Kleyerstraße;8;Kurs 6
Haltestelle;W;Darmstadt von Taxis;49.860215;8.623155;50.0;12:07:00;12:07:00;Kein Umlauf;Mo,Di,Mi,Do,Fr;446.0;Original GTFS (Snap-Distanz 3m) | Auf Route gesnappt (3m);125.0;-0.72;paving_stones;residential;Kleyerstraße;8;Kurs 6
Routenpunkt (Way);T;Kleyerstraße;49.860203;8.623159;50.0;;;;;;Original OSM;125.0;-0.36;paving_stones;residential;Kleyerstraße;8;Kurs 6
Routenpunkt (Way);T;Kleyerstraße;49.860093;8.623195;50.0;;;;;;Original OSM;125.0;0.0;paving_stones;residential;Kleyerstraße;8;Kurs 6
Routenpunkt (Way);T;Kleyerstraße;49.859988;8.623229;50.0;;;;;;Interpoliert;125.0;0.0;paving_stones;residential;Kleyerstraße;8;Kurs 6
Routenpunkt (Way);T;Kleyerstraße;49.859882;8.623264;50.0;;;;;;Interpoliert;125.0;0.0;paving_stones;residential;Kleyerstraße;8;Kurs 6
Routenpunkt (Way);T;Kleyerstraße;49.859776;8.623299;50.0;;;;;;Interpoliert;125.0;-0.17;paving_stones;residential;Kleyerstraße;8;Kurs 6
Routenpunkt (Way);T;Kleyerstraße;49.859671;8.623333;50.0;;;;;;Interpoliert;125.0;-0.32;paving_stones;residential;Kleyerstraße;8;Kurs 6
Routenpunkt (Way);T;Kleyerstraße;49.859566;8.623368;50.0;;;;;;Original OSM;124.9;-0.48;paving_stones;residential;Kleyerstraße;8;Kurs 6
Routenpunkt (Way);T;Kleyerstraße;49.859452;8.623405;50.0;;;;;;Interpoliert;124.8;-0.63;paving_stones;residential;Kleyerstraße;8;Kurs 6
Routenpunkt (Way);T;Kleyerstraße;49.859339;8.623443;50.0;;;;;;Interpoliert;124.7;-0.79;paving_stones;residential;Kleyerstraße;8;Kurs 6
Routenpunkt (Way);T;Kleyerstraße;49.859225;8.62348;50.0;;;;;;Interpoliert;124.6;-0.79;paving_stones;residential;Kleyerstraße;8;Kurs 6
Routenpunkt (Way);T;Kleyerstraße;49.859112;8.623517;50.0;;;;;;Interpoliert;124.5;-0.8;paving_stones;residential;Kleyerstraße;8;Kurs 6
Routenpunkt (Way);T;;49.859004;8.62353;50.0;;;;;;Interpoliert (15m);124.4;-0.78;paving_stones;residential;Kleyerstraße;8;Kurs 6
Routenpunkt (Way);T;Kleyerstraße;49.858895;8.623542;50.0;;;;;;Original OSM;124.3;-1.18;paving_stones;residential;Kleyerstraße;8;Kurs 6
Haltestelle;W;Darmstadt Kleyerstraße;49.858769;8.623554;50.0;12:08:00;12:08:00;Kein Umlauf;Mo,Di,Mi,Do,Fr;446.0;Original GTFS (Snap-Distanz 22m) | Auf Route gesnappt (22m);124.2;-1.36;paving_stones;residential;Kleyerstraße;8;Kurs 6
Routenpunkt (Way);T;Kleyerstraße;49.858765;8.623604;50.0;;;;;;Original OSM;124.1;-1.37;paving_stones;residential;Kleyerstraße;8;Kurs 6
Routenpunkt (Way);T;;49.858666;8.623658;50.0;;;;;;Interpoliert (15m);123.9;-1.4;paving_stones;residential;Kleyerstraße;8;Kurs 6
Routenpunkt (Way);T;Kleyerstraße;49.858566;8.623712;50.0;;;;;;Original OSM;123.8;-1.45;paving_stones;residential;Kleyerstraße;8;Kurs 6
Routenpunkt (Way);T;;49.858477;8.623753;50.0;;;;;;Interpoliert (15m);123.7;-1.09;asphalt;residential;Kleyerstraße;8;Kurs 6
Routenpunkt (Way);T;;49.858388;8.623794;50.0;;;;;;Interpoliert (15m);123.6;-0.92;asphalt;residential;Kleyerstraße;8;Kurs 6
Routenpunkt (Way);T;Kleyerstraße;49.858299;8.623836;50.0;;;;;;Interpoliert;123.5;-0.92;asphalt;residential;Kleyerstraße;8;Kurs 6
Routenpunkt (Way);T;Kleyerstraße;49.858198;8.623874;50.0;;;;;;Interpoliert;123.4;-0.9;asphalt;residential;Kleyerstraße;8;Kurs 6
Routenpunkt (Way);T;Kleyerstraße;49.858096;8.623912;50.0;;;;;;Original OSM;123.3;-0.88;asphalt;residential;Kleyerstraße;8;Kurs 6
Routenpunkt (Way);T;Kleyerstraße;49.857993;8.623945;50.0;;;;;;Interpoliert;123.2;-0.86;asphalt;residential;Kleyerstraße;8;Kurs 6
Routenpunkt (Way);T;Kleyerstraße;49.85789;8.623979;50.0;;;;;;Interpoliert;123.1;-0.68;asphalt;residential;Kleyerstraße;8;Kurs 6
Routenpunkt (Way);T;Kleyerstraße;49.857787;8.624012;50.0;;;;;;Original OSM;123.0;-0.51;asphalt;residential;Kleyerstraße;8;Kurs 6
Routenpunkt (Way);T;Kleyerstraße;49.85767;8.624051;50.0;;;;;;Interpoliert;123.0;-0.34;asphalt;residential;Kleyerstraße;8;Kurs 6
Routenpunkt (Way);T;Kleyerstraße;49.857554;8.62409;50.0;;;;;;Original OSM;123.0;-0.17;asphalt;residential;Kleyerstraße;8;Kurs 6
Routenpunkt (Way);T;Kleyerstraße;49.857432;8.62413;50.0;;;;;;Interpoliert;123.0;0.0;asphalt;residential;Kleyerstraße;8;Kurs 6
Routenpunkt (Way);T;Kleyerstraße;49.857309;8.62417;50.0;;;;;;Interpoliert;123.0;0.0;asphalt;residential;Kleyerstraße;8;Kurs 6
Routenpunkt (Way);T;Kleyerstraße;49.857186;8.624209;50.0;;;;;;Interpoliert;123.0;0.0;asphalt;residential;Kleyerstraße;8;Kurs 6
Routenpunkt (Way);T;Kleyerstraße;49.857064;8.624249;50.0;;;;;;Interpoliert;123.0;0.0;asphalt;residential;Kleyerstraße;8;Kurs 6
Routenpunkt (Way);T;Kleyerstraße;49.856941;8.624289;50.0;;;;;;Interpoliert;123.0;0.0;asphalt;residential;Kleyerstraße;8;Kurs 6
Routenpunkt (Way);T;Kleyerstraße;49.856819;8.624329;50.0;;;;;;Interpoliert;123.0;0.0;asphalt;residential;Kleyerstraße;8;Kurs 6
Routenpunkt (Way);T;Kleyerstraße;49.856696;8.624368;50.0;;;;;;Interpoliert;123.0;0.0;asphalt;residential;Kleyerstraße;8;Kurs 6
Routenpunkt (Way);T;Kleyerstraße;49.856573;8.624408;50.0;;;;;;Interpoliert;123.0;0.0;asphalt;residential;Kleyerstraße;8;Kurs 6
Routenpunkt (Way);T;Kleyerstraße;49.856451;8.624448;50.0;;;;;;Original OSM;123.0;0.0;asphalt;residential;Kleyerstraße;8;Kurs 6
Routenpunkt (Way);T;Kleyerstraße;49.856346;8.624481;50.0;;;;;;Interpoliert;123.0;0.0;asphalt;residential;Kleyerstraße;8;Kurs 6
Haltestelle;W;Darmstadt Mahatma-Gandhi-Str.;49.856346;8.624481;50.0;12:10:00;12:10:00;Kein Umlauf;Mo,Di,Mi,Do,Fr;446.0;Original GTFS (Snap-Distanz 14m) | Auf Route gesnappt (14m);123.0;0.0;asphalt;residential;Kleyerstraße;8;Kurs 6
Routenpunkt (Way);T;Kleyerstraße;49.856242;8.624514;50.0;;;;;;Interpoliert;123.0;0.0;asphalt;residential;Kleyerstraße;8;Kurs 6
Routenpunkt (Way);T;Kleyerstraße;49.856134;8.624521;50.0;;;;;;Original OSM;123.0;0.0;asphalt;residential;Mahatma-Gandhi-Straße;8;Kurs 6
Routenpunkt (Way);T;Mahatma-Gandhi-Straße;49.856106;8.624332;30.0;;;;;;Interpoliert;123.0;-0.2;asphalt;residential;Mahatma-Gandhi-Straße;8;Kurs 6
Routenpunkt (Way);T;Mahatma-Gandhi-Straße;49.856085;8.624195;30.0;;;;;;Interpoliert;123.0;-0.34;asphalt;residential;Mahatma-Gandhi-Straße;8;Kurs 6
Routenpunkt (Way);T;Mahatma-Gandhi-Straße;49.856065;8.624057;30.0;;;;;;Original OSM;122.9;-0.48;asphalt;residential;Mahatma-Gandhi-Straße;8;Kurs 6
Routenpunkt (Way);T;Mahatma-Gandhi-Straße;49.856037;8.623865;30.0;;;;;;Interpoliert;122.8;-0.62;asphalt;residential;Mahatma-Gandhi-Straße;8;Kurs 6
Routenpunkt (Way);T;Mahatma-Gandhi-Straße;49.85601;8.623673;30.0;;;;;;Interpoliert;122.7;-0.77;asphalt;residential;;8;Kurs 6
Routenpunkt (Way);T;Mahatma-Gandhi-Straße;49.855983;8.623481;30.0;;;;;;Interpoliert;122.6;-0.57;asphalt;residential;Mahatma-Gandhi-Straße;8;Kurs 6
Routenpunkt (Way);T;Mahatma-Gandhi-Straße;49.855955;8.623289;30.0;;;;;;Interpoliert;122.5;-0.43;asphalt;residential;Mahatma-Gandhi-Straße;8;Kurs 6
Routenpunkt (Way);T;Mahatma-Gandhi-Straße;49.855928;8.623097;30.0;;;;;;Interpoliert;122.5;-0.28;asphalt;residential;Mahatma-Gandhi-Straße;8;Kurs 6
Routenpunkt (Way);T;Mahatma-Gandhi-Straße;49.855901;8.622905;30.0;;;;;;Interpoliert;122.5;-0.14;asphalt;residential;Mahatma-Gandhi-Straße;8;Kurs 6
Routenpunkt (Way);T;Mahatma-Gandhi-Straße;49.855874;8.622713;30.0;;;;;;Interpoliert;122.5;0.43;asphalt;residential;Mahatma-Gandhi-Straße;8;Kurs 6
Routenpunkt (Way);T;Mahatma-Gandhi-Straße;49.855846;8.622522;30.0;;;;;;Interpoliert;122.5;0.99;asphalt;residential;Mahatma-Gandhi-Straße;8;Kurs 6
Routenpunkt (Way);T;Mahatma-Gandhi-Straße;49.855819;8.62233;30.0;;;;;;Interpoliert;122.8;1.59;asphalt;residential;Mahatma-Gandhi-Straße;8;Kurs 6
Routenpunkt (Way);T;Mahatma-Gandhi-Straße;49.855792;8.622138;30.0;;;;;;Original OSM;123.2;2.19;asphalt;residential;Mahatma-Gandhi-Straße;8;Kurs 6
Routenpunkt (Way);T;Mahatma-Gandhi-Straße;49.85576;8.621958;30.0;;;;;;Interpoliert;123.6;2.79;asphalt;residential;Mahatma-Gandhi-Straße;8;Kurs 6
Routenpunkt (Way);T;Mahatma-Gandhi-Straße;49.855729;8.621778;30.0;;;;;;Interpoliert;124.0;3.34;asphalt;residential;Mahatma-Gandhi-Straße;8;Kurs 6
Routenpunkt (Way);T;Mahatma-Gandhi-Straße;49.855698;8.621598;30.0;;;;;;Interpoliert;124.4;3.5;asphalt;residential;Mahatma-Gandhi-Straße;8;Kurs 6
Routenpunkt (Way);T;;49.855678;8.621487;30.0;;;;;;Interpoliert (15m);124.8;3.3;asphalt;residential;Mahatma-Gandhi-Straße;8;Kurs 6
Routenpunkt (Way);T;Mahatma-Gandhi-Straße;49.855659;8.621376;30.0;;;;;;Original OSM;125.1;2.97;asphalt;residential;Mahatma-Gandhi-Straße;8;Kurs 6
Routenpunkt (Way);T;Bergschneise;49.855527;8.621414;50.0;;;;;;Interpoliert;125.4;2.64;asphalt;residential;Mahatma-Gandhi-Straße;8;Kurs 6
Routenpunkt (Way);T;Bergschneise;49.855398;8.621472;50.0;;;;;;Interpoliert;125.6;1.53;paving_stones;unclassified;Bergschneise;8;Kurs 6
Routenpunkt (Way);T;Bergschneise;49.855269;8.62153;50.0;;;;;;Interpoliert;125.8;0.67;paving_stones;unclassified;Bergschneise;8;Kurs 6
Routenpunkt (Way);T;Bergschneise;49.855141;8.621589;50.0;;;;;;Interpoliert;125.7;0.13;paving_stones;unclassified;Bergschneise;8;Kurs 6
Routenpunkt (Way);T;Bergschneise;49.855012;8.621647;50.0;;;;;;Interpoliert;125.6;-0.27;paving_stones;unclassified;Bergschneise;8;Kurs 6
Routenpunkt (Way);T;Bergschneise;49.854884;8.621705;50.0;;;;;;Interpoliert;125.5;-0.54;paving_stones;unclassified;Bergschneise;8;Kurs 6
Routenpunkt (Way);T;Bergschneise;49.854755;8.621764;50.0;;;;;;Interpoliert;125.4;-0.4;paving_stones;unclassified;Bergschneise;8;Kurs 6
Routenpunkt (Way);T;Bergschneise;49.854626;8.621822;50.0;;;;;;Interpoliert;125.4;-0.27;paving_stones;unclassified;Bergschneise;8;Kurs 6
Routenpunkt (Way);T;Bergschneise;49.854498;8.62188;50.0;;;;;;Interpoliert;125.4;-0.13;paving_stones;unclassified;Bergschneise;8;Kurs 6
Routenpunkt (Way);T;Bergschneise;49.854369;8.621939;50.0;;;;;;Interpoliert;125.4;0.13;paving_stones;unclassified;Bergschneise;8;Kurs 6
Routenpunkt (Way);T;Bergschneise;49.854241;8.621997;50.0;;;;;;Interpoliert;125.4;0.31;paving_stones;unclassified;Bergschneise;8;Kurs 6
Routenpunkt (Way);T;Bergschneise;49.854112;8.622055;50.0;;;;;;Original OSM;125.5;0.49;paving_stones;unclassified;Bergschneise;8;Kurs 6
Routenpunkt (Way);T;Bergschneise;49.854016;8.622097;50.0;;;;;;Interpoliert;125.6;0.67;paving_stones;unclassified;Bergschneise;8;Kurs 6
Routenpunkt (Way);T;Bergschneise;49.853919;8.622139;50.0;;;;;;Interpoliert;125.7;0.9;paving_stones;unclassified;Bergschneise;8;Kurs 6
Routenpunkt (Way);T;Bergschneise;49.853822;8.622181;50.0;;;;;;Original OSM;125.8;0.77;paving_stones;unclassified;Bergschneise;8;Kurs 6
Routenpunkt (Way);T;;49.85375;8.622227;50.0;;;;;;Interpoliert (15m);125.9;0.33;paving_stones;unclassified;Bergschneise;8;Kurs 6
Routenpunkt (Way);T;Bergschneise;49.853678;8.622274;50.0;;;;;;Original OSM;125.9;-0.11;paving_stones;unclassified;Bergschneise;8;Kurs 6
Routenpunkt (Way);T;;49.853617;8.622327;50.0;;;;;;Interpoliert (15m);125.8;0.47;paving_stones;unclassified;Bergschneise;8;Kurs 6
Routenpunkt (Way);T;Bergschneise;49.853557;8.62238;50.0;;;;;;Original OSM;125.7;1.0;paving_stones;unclassified;Bergschneise;8;Kurs 6
Routenpunkt (Way);T;;49.8535;8.622446;50.0;;;;;;Interpoliert (15m);126.0;1.77;paving_stones;unclassified;Bergschneise;8;Kurs 6
Routenpunkt (Way);T;Bergschneise;49.853443;8.622512;50.0;;;;;;Original OSM;126.3;2.8;paving_stones;unclassified;Bergschneise;8;Kurs 6
Routenpunkt (Way);T;;49.853393;8.622588;50.0;;;;;;Interpoliert (15m);126.6;3.57;paving_stones;unclassified;Bergschneise;8;Kurs 6
Routenpunkt (Way);T;Bergschneise;49.853342;8.622663;50.0;;;;;;Original OSM;126.9;2.96;paving_stones;unclassified;Bergschneise;8;Kurs 6
Routenpunkt (Way);T;Bergschneise;49.853275;8.622789;50.0;;;;;;Original OSM;127.2;2.39;paving_stones;unclassified;Bergschneise;8;Kurs 6
Routenpunkt (Way);T;Bergschneise;49.853212;8.622949;50.0;;;;;;Original OSM;127.3;2.07;paving_stones;unclassified;Bergschneise;8;Kurs 6
Routenpunkt (Way);T;Bergschneise;49.853172;8.623076;50.0;;;;;;Original OSM;127.4;1.75;paving_stones;unclassified;Bergschneise;8;Kurs 6
Routenpunkt (Way);T;;49.853143;8.623193;50.0;;;;;;Interpoliert (15m);127.6;1.66;paving_stones;unclassified;Bergschneise;8;Kurs 6
Routenpunkt (Way);T;Bergschneise;49.853115;8.62331;50.0;;;;;;Original OSM;127.8;1.3;paving_stones;unclassified;Bergschneise;8;Kurs 6
Routenpunkt (Way);T;;49.853088;8.623435;50.0;;;;;;Interpoliert (15m);128.0;0.96;paving_stones;unclassified;Bergschneise;8;Kurs 6
Routenpunkt (Way);T;Bergschneise;49.853062;8.62356;50.0;;;;;;Interpoliert;127.9;0.37;paving_stones;unclassified;Bergschneise;8;Kurs 6
Routenpunkt (Way);T;Bergschneise;49.853024;8.623746;50.0;;;;;;Interpoliert;127.8;-0.21;paving_stones;unclassified;Bergschneise;8;Kurs 6
Routenpunkt (Way);T;Bergschneise;49.852985;8.623932;50.0;;;;;;Interpoliert;127.7;-0.78;paving_stones;unclassified;Bergschneise;8;Kurs 6
Routenpunkt (Way);T;Bergschneise;49.852946;8.624119;50.0;;;;;;Interpoliert;127.6;-0.38;paving_stones;unclassified;Bergschneise;8;Kurs 6
Routenpunkt (Way);T;Bergschneise;49.852907;8.624305;50.0;;;;;;Interpoliert;127.5;-0.05;paving_stones;unclassified;Bergschneise;8;Kurs 6
Routenpunkt (Way);T;;49.852869;8.624443;50.0;;;;;;Interpoliert (15m);127.6;-0.47;paving_stones;unclassified;Bergschneise;8;Kurs 6
Routenpunkt (Way);T;;49.852831;8.624581;50.0;;;;;;Interpoliert (15m);127.7;-1.1;paving_stones;unclassified;Bergschneise;8;Kurs 6
Routenpunkt (Way);T;Bergschneise;49.852794;8.624718;50.0;;;;;;Original OSM;127.4;-1.47;paving_stones;unclassified;Bergschneise;8;Kurs 6
Routenpunkt (Way);T;;49.852724;8.624711;50.0;;;;;;Interpoliert (15m);127.1;-2.08;paving_stones;unclassified;Bergschneise;8;Kurs 6
Routenpunkt (Way);T;Eschollbrücker Straße;49.852654;8.624703;50.0;;;;;;Interpoliert;126.9;-2.7;paving_stones;unclassified;Bergschneise;8;Kurs 6
Routenpunkt (Way);T;Eschollbrücker Straße;49.852567;8.624561;50.0;;;;;;Interpoliert;126.6;-2.57;paving_stones;unclassified;;8;Kurs 6
Routenpunkt (Way);T;Eschollbrücker Straße;49.85248;8.624419;50.0;;;;;;Interpoliert;126.3;-2.22;asphalt;secondary;Eschollbrücker Straße;8;Kurs 6
Routenpunkt (Way);T;Eschollbrücker Straße;49.852393;8.624277;50.0;;;;;;Interpoliert;126.0;-2.14;asphalt;secondary;Eschollbrücker Straße;8;Kurs 6
Routenpunkt (Way);T;Eschollbrücker Straße;49.852306;8.624136;50.0;;;;;;Interpoliert;125.7;-2.14;asphalt;secondary;Eschollbrücker Straße;8;Kurs 6
Routenpunkt (Way);T;Eschollbrücker Straße;49.85222;8.623994;50.0;;;;;;Interpoliert;125.4;-2.14;asphalt;secondary;Eschollbrücker Straße;8;Kurs 6
Routenpunkt (Way);T;Eschollbrücker Straße;49.852133;8.623852;50.0;;;;;;Interpoliert;125.1;-1.57;asphalt;secondary;Eschollbrücker Straße;8;Kurs 6
Routenpunkt (Way);T;Eschollbrücker Straße;49.852046;8.62371;50.0;;;;;;Interpoliert;124.8;-1.0;asphalt;secondary;Eschollbrücker Straße;8;Kurs 6
Routenpunkt (Way);T;Eschollbrücker Straße;49.851959;8.623568;50.0;;;;;;Interpoliert;124.9;-0.57;asphalt;secondary;Eschollbrücker Straße;8;Kurs 6
Routenpunkt (Way);T;Eschollbrücker Straße;49.851872;8.623427;50.0;;;;;;Interpoliert;125.0;-0.14;asphalt;secondary;Eschollbrücker Straße;8;Kurs 6
Routenpunkt (Way);T;Eschollbrücker Straße;49.851785;8.623285;50.0;;;;;;Interpoliert;125.0;1.0;asphalt;secondary;Eschollbrücker Straße;8;Kurs 6
Routenpunkt (Way);T;Eschollbrücker Straße;49.851698;8.623143;50.0;;;;;;Interpoliert;125.0;1.57;asphalt;secondary;Eschollbrücker Straße;8;Kurs 6
Routenpunkt (Way);T;Eschollbrücker Straße;49.851611;8.623001;50.0;;;;;;Interpoliert;125.5;2.14;asphalt;secondary;Eschollbrücker Straße;8;Kurs 6
Routenpunkt (Way);T;Eschollbrücker Straße;49.851524;8.622859;50.0;;;;;;Interpoliert;126.0;2.89;asphalt;secondary;Eschollbrücker Straße;8;Kurs 6
Routenpunkt (Way);T;Eschollbrücker Straße;49.851438;8.622718;50.0;;;;;;Original OSM;126.5;3.63;asphalt;secondary;Eschollbrücker Straße;8;Kurs 6
Routenpunkt (Way);T;Eschollbrücker Straße;49.851355;8.622582;50.0;;;;;;Interpoliert;127.0;3.67;asphalt;secondary;Eschollbrücker Straße;8;Kurs 6
Routenpunkt (Way);T;Eschollbrücker Straße;49.851272;8.622447;50.0;;;;;;Interpoliert;127.5;3.7;asphalt;secondary;Eschollbrücker Straße;8;Kurs 6
Routenpunkt (Way);T;Eschollbrücker Straße;49.851189;8.622311;50.0;;;;;;Interpoliert;128.0;3.83;asphalt;secondary;Eschollbrücker Straße;8;Kurs 6
Routenpunkt (Way);T;Eschollbrücker Straße;49.851106;8.622176;50.0;;;;;;Original OSM;128.5;3.43;asphalt;secondary;Eschollbrücker Straße;8;Kurs 6
Routenpunkt (Way);T;Eschollbrücker Straße;49.851033;8.622056;50.0;;;;;;Interpoliert;129.0;2.68;asphalt;secondary;Eschollbrücker Straße;8;Kurs 6
Routenpunkt (Way);T;Eschollbrücker Straße;49.85096;8.621936;50.0;;;;;;Interpoliert;129.2;1.93;asphalt;secondary;Eschollbrücker Straße;8;Kurs 6
Haltestelle;W;Darmstadt Fünfkirchner Straße VHbf;49.85096;8.621936;50.0;12:13:00;12:13:00;Kein Umlauf;Mo,Di,Mi,Do,Fr;446.0;Original GTFS (Snap-Distanz 1m) | Auf Route gesnappt (1m);129.7;1.19;asphalt;secondary;Eschollbrücker Straße;8;Kurs 6
Routenpunkt (Way);T;;49.850909;8.621852;50.0;;;;;;Interpoliert (15m);129.7;0.34;asphalt;secondary;Eschollbrücker Straße;8;Kurs 6
Routenpunkt (Way);T;Eschollbrücker Straße;49.850857;8.621768;50.0;;;;;;Original OSM;129.7;0.0;asphalt;secondary;Eschollbrücker Straße;8;Kurs 6
Routenpunkt (Way);T;;49.850799;8.621673;50.0;;;;;;Interpoliert (15m);129.7;0.0;asphalt;secondary;Eschollbrücker Straße;8;Kurs 6
Routenpunkt (Way);T;Eschollbrücker Straße;49.850742;8.621578;50.0;;;;;;Original OSM;129.7;-0.15;asphalt;secondary;Eschollbrücker Straße;8;Kurs 6
Routenpunkt (Way);T;Eschollbrücker Straße;49.850662;8.62145;50.0;;;;;;Original OSM;129.7;-0.29;asphalt;secondary;Eschollbrücker Straße;8;Kurs 6
Routenpunkt (Way);T;Eschollbrücker Straße;49.850578;8.621313;50.0;;;;;;Interpoliert;129.6;-0.44;asphalt;secondary;Eschollbrücker Straße;8;Kurs 6
Routenpunkt (Way);T;Eschollbrücker Straße;49.850493;8.621175;50.0;;;;;;Interpoliert;129.5;-0.29;asphalt;secondary;Eschollbrücker Straße;8;Kurs 6
Routenpunkt (Way);T;Eschollbrücker Straße;49.850408;8.621038;50.0;;;;;;Interpoliert;129.4;-0.59;asphalt;secondary;Eschollbrücker Straße;8;Kurs 6
Routenpunkt (Way);T;Eschollbrücker Straße;49.850323;8.620901;50.0;;;;;;Interpoliert;129.5;-0.73;asphalt;secondary;Eschollbrücker Straße;8;Kurs 6
Routenpunkt (Way);T;Eschollbrücker Straße;49.850239;8.620764;50.0;;;;;;Interpoliert;129.3;-0.88;asphalt;secondary;Eschollbrücker Straße;8;Kurs 6
Routenpunkt (Way);T;Eschollbrücker Straße;49.850154;8.620627;50.0;;;;;;Interpoliert;129.1;-1.03;asphalt;secondary;Eschollbrücker Straße;8;Kurs 6
Routenpunkt (Way);T;Eschollbrücker Straße;49.850069;8.620489;50.0;;;;;;Original OSM;128.9;-1.47;asphalt;secondary;Eschollbrücker Straße;8;Kurs 6
Routenpunkt (Way);T;Eschollbrücker Straße;49.849986;8.620353;50.0;;;;;;Interpoliert;128.7;-1.48;asphalt;secondary;Eschollbrücker Straße;8;Kurs 6
Routenpunkt (Way);T;Eschollbrücker Straße;49.849903;8.620216;50.0;;;;;;Interpoliert;128.5;-1.38;asphalt;secondary;Eschollbrücker Straße;8;Kurs 6
Routenpunkt (Way);T;Anne-Frank-Straße;49.84982;8.620079;30.0;;;;;;Original OSM;128.3;-1.23;asphalt;secondary;Eschollbrücker Straße;8;Kurs 6
Routenpunkt (Way);T;Anne-Frank-Straße;49.849733;8.620117;30.0;;;;;;Original OSM;128.2;-1.62;asphalt;unclassified;Anne-Frank-Straße;8;Kurs 6
Routenpunkt (Way);T;Anne-Frank-Straße;49.849609;8.620182;30.0;;;;;;Interpoliert;128.1;-2.07;asphalt;unclassified;Anne-Frank-Straße;8;Kurs 6
Routenpunkt (Way);T;Anne-Frank-Straße;49.849485;8.620246;30.0;;;;;;Interpoliert;127.6;-2.52;asphalt;unclassified;Anne-Frank-Straße;8;Kurs 6
Routenpunkt (Way);T;;49.849393;8.620291;30.0;;;;;;Interpoliert (15m);127.2;-3.07;asphalt;unclassified;Anne-Frank-Straße;8;Kurs 6
Routenpunkt (Way);T;Anne-Frank-Straße;49.849301;8.620336;30.0;;;;;;Original OSM;126.8;-3.69;asphalt;unclassified;Anne-Frank-Straße;8;Kurs 6
Routenpunkt (Way);T;;49.849209;8.620377;30.0;;;;;;Interpoliert (15m);126.4;-3.75;asphalt;unclassified;Anne-Frank-Straße;8;Kurs 6
Routenpunkt (Way);T;;49.849118;8.620417;30.0;;;;;;Interpoliert (15m);126.0;-3.76;asphalt;unclassified;Anne-Frank-Straße;8;Kurs 6
Routenpunkt (Way);T;Anne-Frank-Straße;49.849026;8.620457;30.0;;;;;;Original OSM;125.6;-3.77;asphalt;unclassified;Anne-Frank-Straße;8;Kurs 6
Routenpunkt (Way);T;;49.848934;8.620497;30.0;;;;;;Interpoliert (15m);125.2;-3.68;asphalt;unclassified;Anne-Frank-Straße;8;Kurs 6
Routenpunkt (Way);T;Anne-Frank-Straße;49.848842;8.620537;30.0;;;;;;Interpoliert;124.8;-3.7;asphalt;unclassified;Anne-Frank-Straße;8;Kurs 6
Routenpunkt (Way);T;Anne-Frank-Straße;49.848738;8.620583;30.0;;;;;;Original OSM;124.4;-2.94;asphalt;unclassified;Anne-Frank-Straße;8;Kurs 6
Routenpunkt (Way);T;Anne-Frank-Straße;49.848648;8.620623;30.0;;;;;;Interpoliert;124.0;-2.19;asphalt;unclassified;Anne-Frank-Straße;8;Kurs 6
Routenpunkt (Way);T;Anne-Frank-Straße;49.848558;8.620662;30.0;;;;;;Interpoliert;124.0;-1.43;asphalt;unclassified;Anne-Frank-Straße;8;Kurs 6
Routenpunkt (Way);T;Anne-Frank-Straße;49.848451;8.620709;30.0;;;;;;Original OSM;124.0;-0.77;asphalt;unclassified;Anne-Frank-Straße;8;Kurs 6
Routenpunkt (Way);T;Anne-Frank-Straße;49.848341;8.620757;30.0;;;;;;Original OSM;124.0;0.0;asphalt;unclassified;Anne-Frank-Straße;8;Kurs 6
Routenpunkt (Way);T;Anne-Frank-Straße;49.848237;8.620802;30.0;;;;;;Interpoliert;124.0;0.0;asphalt;unclassified;Anne-Frank-Straße;8;Kurs 6
Routenpunkt (Way);T;Anne-Frank-Straße;49.848132;8.620848;30.0;;;;;;Original OSM;124.0;0.0;asphalt;unclassified;Anne-Frank-Straße;8;Kurs 6
Routenpunkt (Way);T;;49.84806;8.62088;30.0;;;;;;Interpoliert (15m);124.0;0.0;asphalt;unclassified;Anne-Frank-Straße;8;Kurs 6
Routenpunkt (Way);T;Anne-Frank-Straße;49.847988;8.620911;30.0;;;;;;Original OSM;124.0;0.0;asphalt;unclassified;Anne-Frank-Straße;8;Kurs 6
Haltestelle;W;Darmstadt Anne-Frank-Straße;49.847974;8.620918;30.0;12:16:00;12:16:00;Kein Umlauf;Mo,Di,Mi,Do,Fr;446.0;Original GTFS (Snap-Distanz 3m) | Auf Route gesnappt (3m);124.0;0.0;asphalt;unclassified;Anne-Frank-Straße;8;Kurs 6
Routenpunkt (Way);T;Anne-Frank-Straße;49.847974;8.620918;30.0;12:19:00;12:19:00;;;;Original OSM;124.0;0.0;asphalt;unclassified;Anne-Frank-Straße;9;Kurs 6
Haltestelle;W;Darmstadt Anne-Frank-Straße;49.847974;8.620918;30.0;12:19:00;12:19:00;Kein Umlauf;Mo,Di,Mi,Do,Fr;446.0;Original GTFS (Snap-Distanz 3m) | Auf Route gesnappt (3m);124.0;-0.26;asphalt;unclassified;Anne-Frank-Straße;9;Kurs 6
Routenpunkt (Way);T;Anne-Frank-Straße;49.847966;8.620844;30.0;;;;;;Original OSM;124.0;-0.37;asphalt;unclassified;Anne-Frank-Straße;9;Kurs 6
Routenpunkt (Way);T;;49.84787;8.620925;30.0;;;;;;Interpoliert (15m);123.88;-0.5;asphalt;unclassified;Anne-Frank-Straße;9;Kurs 6
Routenpunkt (Way);T;Anne-Frank-Straße;49.847774;8.621006;30.0;;;;;;Original OSM;123.78;-0.68;asphalt;unclassified;Anne-Frank-Straße;9;Kurs 6
Routenpunkt (Way);T;Anne-Frank-Straße;49.847675;8.621049;30.0;;;;;;Interpoliert;123.7;-0.85;asphalt;unclassified;Anne-Frank-Straße;9;Kurs 6
Routenpunkt (Way);T;Anne-Frank-Straße;49.847576;8.621092;30.0;;;;;;Interpoliert;123.6;-0.79;asphalt;unclassified;Anne-Frank-Straße;9;Kurs 6
Routenpunkt (Way);T;Anne-Frank-Straße;49.847477;8.621135;30.0;;;;;;Original OSM;123.5;-0.78;asphalt;unclassified;Anne-Frank-Straße;9;Kurs 6
Routenpunkt (Way);T;Anne-Frank-Straße;49.847355;8.621188;30.0;;;;;;Original OSM;123.4;-0.84;asphalt;unclassified;Anne-Frank-Straße;9;Kurs 6
Routenpunkt (Way);T;Anne-Frank-Straße;49.847244;8.621237;30.0;;;;;;Interpoliert;123.3;-0.85;asphalt;unclassified;Anne-Frank-Straße;9;Kurs 6
Routenpunkt (Way);T;Anne-Frank-Straße;49.847156;8.621276;30.0;;;;;;Original OSM;123.2;-0.85;asphalt;unclassified;Anne-Frank-Straße;9;Kurs 6
Routenpunkt (Way);T;Anne-Frank-Straße;49.847058;8.621318;30.0;;;;;;Interpoliert;123.1;-0.71;asphalt;unclassified;Anne-Frank-Straße;9;Kurs 6
Routenpunkt (Way);T;Anne-Frank-Straße;49.84696;8.621361;30.0;;;;;;Original OSM;123.0;-0.55;asphalt;unclassified;Anne-Frank-Straße;9;Kurs 6
Routenpunkt (Way);T;Anne-Frank-Straße;49.84686;8.621405;30.0;;;;;;Original OSM;123.0;-0.35;asphalt;unclassified;Anne-Frank-Straße;9;Kurs 6
Routenpunkt (Way);T;Anne-Frank-Straße;49.846759;8.62145;30.0;;;;;;Original OSM;123.0;-0.18;asphalt;unclassified;Anne-Frank-Straße;9;Kurs 6
Routenpunkt (Way);T;Anne-Frank-Straße;49.846666;8.62149;30.0;;;;;;Interpoliert;123.0;0.0;asphalt;unclassified;Anne-Frank-Straße;9;Kurs 6
Routenpunkt (Way);T;Anne-Frank-Straße;49.846574;8.62153;30.0;;;;;;Interpoliert;123.0;0.0;asphalt;unclassified;Anne-Frank-Straße;9;Kurs 6
Routenpunkt (Way);T;;49.846477;8.621578;30.0;;;;;;Interpoliert (15m);123.0;0.32;asphalt;unclassified;Anne-Frank-Straße;9;Kurs 6
Routenpunkt (Way);T;Anne-Frank-Straße;49.84638;8.621625;30.0;;;;;;Original OSM;123.0;0.61;asphalt;unclassified;Anne-Frank-Straße;9;Kurs 6
Routenpunkt (Way);T;Klausenburger Straße;49.846346;8.621794;30.0;;;;;;Original OSM;123.2;0.9;paving_stones;unclassified;Klausenburger Straße;9;Kurs 6
Routenpunkt (Way);T;Klausenburger Straße;49.846382;8.621976;30.0;;;;;;Interpoliert;123.4;1.19;paving_stones;unclassified;Klausenburger Straße;9;Kurs 6
Routenpunkt (Way);T;Klausenburger Straße;49.846417;8.622159;30.0;;;;;;Interpoliert;123.6;1.49;paving_stones;unclassified;Klausenburger Straße;9;Kurs 6
Routenpunkt (Way);T;Klausenburger Straße;49.846453;8.622341;30.0;;;;;;Interpoliert;123.8;1.76;paving_stones;unclassified;Klausenburger Straße;9;Kurs 6
Routenpunkt (Way);T;Klausenburger Straße;49.846488;8.622524;30.0;;;;;;Interpoliert;124.0;1.96;paving_stones;unclassified;Klausenburger Straße;9;Kurs 6
Routenpunkt (Way);T;Klausenburger Straße;49.846524;8.622706;30.0;;;;;;Original OSM;124.4;2.17;paving_stones;unclassified;Klausenburger Straße;9;Kurs 6
Routenpunkt (Way);T;Klausenburger Straße;49.846556;8.622866;30.0;;;;;;Interpoliert;124.7;2.38;paving_stones;unclassified;Klausenburger Straße;9;Kurs 6
Routenpunkt (Way);T;Klausenburger Straße;49.846588;8.623025;30.0;;;;;;Interpoliert;125.0;2.59;paving_stones;unclassified;Klausenburger Straße;9;Kurs 6
Routenpunkt (Way);T;Klausenburger Straße;49.846621;8.623184;30.0;;;;;;Interpoliert;125.3;2.15;paving_stones;unclassified;Klausenburger Straße;9;Kurs 6
Routenpunkt (Way);T;Klausenburger Straße;49.846653;8.623343;30.0;;;;;;Original OSM;125.6;1.8;paving_stones;unclassified;Klausenburger Straße;9;Kurs 6
Routenpunkt (Way);T;;49.84669;8.623524;30.0;;;;;;Interpoliert (15m);125.7;1.56;paving_stones;unclassified;Klausenburger Straße;9;Kurs 6
Routenpunkt (Way);T;Klausenburger Straße;49.846728;8.623706;30.0;;;;;;Original OSM;125.8;1.58;paving_stones;unclassified;Klausenburger Straße;9;Kurs 6
Routenpunkt (Way);T;;49.846742;8.62381;30.0;;;;;;Interpoliert (15m);125.9;1.45;paving_stones;unclassified;Klausenburger Straße;9;Kurs 6
Routenpunkt (Way);T;Klausenburger Straße;49.846757;8.623914;30.0;;;;;;Interpoliert;126.1;1.31;paving_stones;unclassified;Klausenburger Straße;9;Kurs 6
Routenpunkt (Way);T;Klausenburger Straße;49.846785;8.624056;30.0;;;;;;Original OSM;126.3;1.45;paving_stones;unclassified;Klausenburger Straße;9;Kurs 6
Haltestelle;W;Darmstadt Klausenburger Straße;49.84678;8.624058;30.0;12:20:00;12:20:00;Kein Umlauf;Mo,Di,Mi,Do,Fr;446.0;Original GTFS (Snap-Distanz 3m) | Auf Route gesnappt (3m);126.3;1.32;paving_stones;unclassified;Klausenburger Straße;9;Kurs 6
Routenpunkt (Way);T;Klausenburger Straße;49.84683;8.624115;30.0;;;;;;Interpoliert;126.4;1.12;paving_stones;unclassified;Klausenburger Straße;9;Kurs 6
Routenpunkt (Way);T;Klausenburger Straße;49.846867;8.624315;30.0;;;;;;Original OSM;126.5;1.08;paving_stones;unclassified;Klausenburger Straße;9;Kurs 6
Routenpunkt (Way);T;Klausenburger Straße;49.846898;8.624479;30.0;;;;;;Interpoliert;126.7;1.4;paving_stones;unclassified;Klausenburger Straße;9;Kurs 6
Routenpunkt (Way);T;Klausenburger Straße;49.846929;8.624642;30.0;;;;;;Interpoliert;126.9;1.49;paving_stones;unclassified;Klausenburger Straße;9;Kurs 6
Routenpunkt (Way);T;Klausenburger Straße;49.84696;8.624806;30.0;;;;;;Original OSM;127.1;1.66;paving_stones;unclassified;Klausenburger Straße;9;Kurs 6
Routenpunkt (Way);T;Klausenburger Straße;49.847018;8.624926;30.0;;;;;;Original OSM;127.3;1.64;paving_stones;unclassified;Klausenburger Straße;9;Kurs 6
Routenpunkt (Way);T;Klausenburger Straße;49.847057;8.625096;30.0;;;;;;Interpoliert;127.5;1.69;paving_stones;unclassified;Klausenburger Straße;9;Kurs 6
Routenpunkt (Way);T;Klausenburger Straße;49.847096;8.625267;30.0;;;;;;Original OSM;127.7;1.73;paving_stones;unclassified;Klausenburger Straße;9;Kurs 6
Routenpunkt (Way);T;Klausenburger Straße;49.847114;8.625414;30.0;;;;;;Interpoliert;127.9;1.73;paving_stones;unclassified;Klausenburger Straße;9;Kurs 6
Routenpunkt (Way);T;Klausenburger Straße;49.847133;8.625561;30.0;;;;;;Interpoliert;128.1;1.73;paving_stones;unclassified;Klausenburger Straße;9;Kurs 6
Routenpunkt (Way);T;Klausenburger Straße;49.847151;8.625708;30.0;;;;;;Original OSM;128.3;1.73;paving_stones;unclassified;Klausenburger Straße;9;Kurs 6
Routenpunkt (Way);T;Klausenburger Straße;49.847176;8.625886;30.0;;;;;;Interpoliert;128.5;1.66;paving_stones;unclassified;Klausenburger Straße;9;Kurs 6
Routenpunkt (Way);T;Klausenburger Straße;49.847201;8.626065;30.0;;;;;;Interpoliert;128.7;1.6;paving_stones;unclassified;Klausenburger Straße;9;Kurs 6
Routenpunkt (Way);T;Klausenburger Straße;49.847225;8.626243;30.0;;;;;;Interpoliert;128.9;1.53;paving_stones;unclassified;Klausenburger Straße;9;Kurs 6
Routenpunkt (Way);T;Klausenburger Straße;49.84725;8.626421;30.0;;;;;;Interpoliert;129.1;1.51;paving_stones;unclassified;Klausenburger Straße;9;Kurs 6
Routenpunkt (Way);T;Klausenburger Straße;49.847275;8.626599;30.0;;;;;;Original OSM;129.3;1.35;paving_stones;unclassified;Klausenburger Straße;9;Kurs 6
Routenpunkt (Way);T;Klausenburger Straße;49.847301;8.626788;30.0;;;;;;Interpoliert;129.5;1.19;paving_stones;unclassified;Klausenburger Straße;9;Kurs 6
Routenpunkt (Way);T;Klausenburger Straße;49.847327;8.626976;30.0;;;;;;Interpoliert;129.6;1.03;paving_stones;unclassified;Klausenburger Straße;9;Kurs 6
Routenpunkt (Way);T;Klausenburger Straße;49.847353;8.627165;30.0;;;;;;Interpoliert;129.7;0.87;paving_stones;unclassified;Klausenburger Straße;9;Kurs 6
Routenpunkt (Way);T;Klausenburger Straße;49.847379;8.627353;30.0;;;;;;Interpoliert;129.8;0.73;paving_stones;unclassified;Klausenburger Straße;9;Kurs 6
Routenpunkt (Way);T;Klausenburger Straße;49.847405;8.627542;30.0;;;;;;Original OSM;129.9;0.59;paving_stones;unclassified;Klausenburger Straße;9;Kurs 6
Routenpunkt (Way);T;Klausenburger Straße;49.847423;8.627723;30.0;;;;;;Interpoliert;130.0;0.44;paving_stones;unclassified;Klausenburger Straße;9;Kurs 6
Routenpunkt (Way);T;Klausenburger Straße;49.847442;8.627905;30.0;;;;;;Original OSM;130.0;0.3;paving_stones;unclassified;Klausenburger Straße;9;Kurs 6
Routenpunkt (Way);T;Klausenburger Straße;49.847463;8.628094;30.0;;;;;;Interpoliert;130.0;0.15;paving_stones;unclassified;Klausenburger Straße;9;Kurs 6
Routenpunkt (Way);T;;49.847466;8.628204;30.0;;;;;;Interpoliert (15m);130.0;0.0;paving_stones;unclassified;Klausenburger Straße;9;Kurs 6
Routenpunkt (Way);T;Klausenburger Straße;49.847468;8.628314;30.0;;;;;;Original OSM;130.0;0.0;paving_stones;unclassified;Klausenburger Straße;9;Kurs 6
Haltestelle;W;Darmstadt Buchenlandweg;49.847478;8.628409;30.0;12:21:00;12:21:00;Kein Umlauf;Mo,Di,Mi,Do,Fr;446.0;Original GTFS (Snap-Distanz 2m) | Auf Route gesnappt (2m);130.0;0.0;paving_stones;unclassified;Klausenburger Straße;9;Kurs 6
Routenpunkt (Way);T;Buchenlandweg;49.847487;8.628506;30.0;;;;;;Interpoliert;130.0;0.0;paving_stones;unclassified;Klausenburger Straße;9;Kurs 6
Routenpunkt (Way);T;;49.847514;8.628621;30.0;;;;;;Interpoliert (15m);130.0;0.0;paving_stones;unclassified;Klausenburger Straße;9;Kurs 6
Routenpunkt (Way);T;Klausenburger Straße;49.847541;8.628735;30.0;;;;;;Interpoliert;130.0;0.0;paving_stones;unclassified;Klausenburger Straße;9;Kurs 6
Routenpunkt (Way);T;Klausenburger Straße;49.847565;8.628918;30.0;;;;;;Original OSM;130.0;0.0;paving_stones;unclassified;Klausenburger Straße;9;Kurs 6
Routenpunkt (Way);T;Pulverhäuserweg;49.847672;8.628882;30.0;;;;;;Original OSM;130.0;0.0;asphalt;residential;Pulverhäuserweg;9;Kurs 6
Routenpunkt (Way);T;Pulverhäuserweg;49.847789;8.628855;30.0;;;;;;Interpoliert;130.0;0.0;asphalt;residential;Pulverhäuserweg;9;Kurs 6
Routenpunkt (Way);T;Pulverhäuserweg;49.847906;8.628828;30.0;;;;;;Interpoliert;130.0;0.0;asphalt;residential;Pulverhäuserweg;9;Kurs 6
Routenpunkt (Way);T;Pulverhäuserweg;49.848022;8.628801;30.0;;;;;;Interpoliert;130.0;0.0;asphalt;residential;Pulverhäuserweg;9;Kurs 6
Routenpunkt (Way);T;Pulverhäuserweg;49.848139;8.628774;30.0;;;;;;Interpoliert;130.0;0.0;asphalt;residential;Pulverhäuserweg;9;Kurs 6
Routenpunkt (Way);T;Pulverhäuserweg;49.848255;8.628747;30.0;;;;;;Interpoliert;130.0;0.0;asphalt;residential;Pulverhäuserweg;9;Kurs 6
Routenpunkt (Way);T;Pulverhäuserweg;49.848372;8.62872;30.0;;;;;;Original OSM;130.0;0.0;asphalt;residential;Pulverhäuserweg;9;Kurs 6
Routenpunkt (Way);T;Pulverhäuserweg;49.848487;8.628694;30.0;;;;;;Interpoliert;130.0;0.0;asphalt;residential;Pulverhäuserweg;9;Kurs 6
Routenpunkt (Way);T;Pulverhäuserweg;49.848603;8.628667;30.0;;;;;;Interpoliert;130.0;0.22;asphalt;residential;Pulverhäuserweg;9;Kurs 6
Routenpunkt (Way);T;;49.848682;8.628649;30.0;;;;;;Interpoliert (15m);130.0;0.43;asphalt;residential;Pulverhäuserweg;9;Kurs 6
Routenpunkt (Way);T;Pulverhäuserweg;49.848762;8.62863;30.0;;;;;;Original OSM;130.1;0.64;asphalt;residential;Pulverhäuserweg;9;Kurs 6
Routenpunkt (Way);T;;49.848847;8.628611;30.0;;;;;;Interpoliert (15m);130.2;0.78;asphalt;residential;Pulverhäuserweg;9;Kurs 6
Routenpunkt (Way);T;Pulverhäuserweg;49.848932;8.628591;30.0;;;;;;Interpoliert;130.3;0.92;asphalt;residential;Pulverhäuserweg;9;Kurs 6
Routenpunkt (Way);T;Pulverhäuserweg;49.84906;8.628562;30.0;;;;;;Interpoliert;130.4;0.85;asphalt;residential;Pulverhäuserweg;9;Kurs 6
Routenpunkt (Way);T;Pulverhäuserweg;49.849187;8.628532;30.0;;;;;;Original OSM;130.5;0.8;asphalt;residential;Pulverhäuserweg;9;Kurs 6
Routenpunkt (Way);T;Pulverhäuserweg;49.849303;8.628506;30.0;;;;;;Interpoliert;130.6;0.73;asphalt;residential;Pulverhäuserweg;9;Kurs 6
Routenpunkt (Way);T;Pulverhäuserweg;49.849419;8.628479;30.0;;;;;;Original OSM;130.7;0.73;asphalt;residential;Pulverhäuserweg;9;Kurs 6
Routenpunkt (Way);T;Pulverhäuserweg;49.849543;8.62845;30.0;;;;;;Original OSM;130.8;0.73;asphalt;residential;Pulverhäuserweg;9;Kurs 6
Routenpunkt (Way);T;Pulverhäuserweg;49.849669;8.628421;30.0;;;;;;Interpoliert;130.9;0.58;asphalt;residential;Pulverhäuserweg;9;Kurs 6
Routenpunkt (Way);T;Pulverhäuserweg;49.849795;8.628392;30.0;;;;;;Interpoliert;131.0;0.43;asphalt;residential;Pulverhäuserweg;9;Kurs 6
Routenpunkt (Way);T;Pulverhäuserweg;49.84992;8.628363;30.0;;;;;;Interpoliert;131.0;0.28;asphalt;residential;Pulverhäuserweg;9;Kurs 6
Routenpunkt (Way);T;Pulverhäuserweg;49.850046;8.628334;30.0;;;;;;Interpoliert;131.0;0.14;asphalt;residential;Pulverhäuserweg;9;Kurs 6
Routenpunkt (Way);T;;49.850144;8.628321;30.0;;;;;;Interpoliert (15m);131.0;0.0;asphalt;residential;Pulverhäuserweg;9;Kurs 6
Routenpunkt (Way);T;;49.850241;8.628309;30.0;;;;;;Interpoliert (15m);131.0;0.0;asphalt;residential;Pulverhäuserweg;9;Kurs 6
Routenpunkt (Way);T;Pulverhäuserweg;49.850339;8.628296;30.0;;;;;;Original OSM;131.0;0.0;asphalt;residential;Pulverhäuserweg;9;Kurs 6
Routenpunkt (Way);T;;49.850469;8.628251;30.0;;;;;;Interpoliert (15m);131.0;0.0;asphalt;residential;Pulverhäuserweg;9;Kurs 6
Routenpunkt (Way);A;Pulverhäuserweg (Ampel);49.850599;8.628207;30.0;;;;;;Original OSM;131.0;0.0;asphalt;residential;Pulverhäuserweg;9;Kurs 6
Routenpunkt (Way);T;Pulverhäuserweg;49.850731;8.628176;30.0;;;;;;Original OSM;131.0;-0.22;asphalt;residential;Pulverhäuserweg;9;Kurs 6
Routenpunkt (Way);T;;49.850713;8.628055;30.0;;;;;;Interpoliert (15m);131.0;-0.22;asphalt;unclassified;Heimstättenweg;9;Kurs 6
Routenpunkt (Way);T;Heimstättenweg;49.850694;8.627933;30.0;;;;;;Original OSM;130.9;-0.42;asphalt;unclassified;Heimstättenweg;9;Kurs 6
Haltestelle;W;Darmstadt Pulverhäuserweg;49.850694;8.627933;30.0;12:23:00;12:23:00;Kein Umlauf;Mo,Di,Mi,Do,Fr;446.0;Original GTFS (Snap-Distanz 15m) | Auf Route gesnappt (15m);130.8;-0.57;asphalt;unclassified;Heimstättenweg;9;Kurs 6
Routenpunkt (Way);T;Heimstättenweg;49.850674;8.627794;30.0;;;;;;Original OSM;130.7;-0.71;asphalt;unclassified;Heimstättenweg;9;Kurs 6
Routenpunkt (Way);T;Heimstättenweg;49.850644;8.627609;30.0;;;;;;Interpoliert;130.6;-0.64;asphalt;unclassified;Heimstättenweg;9;Kurs 6
Routenpunkt (Way);T;Heimstättenweg;49.850615;8.627425;30.0;;;;;;Interpoliert;130.5;-0.78;asphalt;unclassified;Heimstättenweg;9;Kurs 6
Routenpunkt (Way);T;Heimstättenweg;49.850586;8.62724;30.0;;;;;;Interpoliert;130.4;-0.73;asphalt;unclassified;Heimstättenweg;9;Kurs 6
Routenpunkt (Way);T;Heimstättenweg;49.850556;8.627056;30.0;;;;;;Interpoliert;130.3;-0.73;asphalt;unclassified;Heimstättenweg;9;Kurs 6
Routenpunkt (Way);T;Heimstättenweg;49.850527;8.626871;30.0;;;;;;Original OSM;130.2;-0.83;asphalt;unclassified;Heimstättenweg;9;Kurs 6
Routenpunkt (Way);T;Heimstättenweg;49.850496;8.626676;30.0;;;;;;Interpoliert;130.1;-1.69;asphalt;unclassified;Heimstättenweg;9;Kurs 6
Routenpunkt (Way);T;;49.850479;8.626568;30.0;;;;;;Interpoliert (15m);130.0;-2.08;asphalt;unclassified;Heimstättenweg;9;Kurs 6
Routenpunkt (Way);T;Heimstättenweg;49.850462;8.626461;30.0;;;;;;Original OSM;129.6;-2.53;asphalt;unclassified;Heimstättenweg;9;Kurs 6
Routenpunkt (Way);T;Heimstättenweg;49.850431;8.626259;30.0;;;;;;Interpoliert;129.2;-2.99;asphalt;unclassified;Heimstättenweg;9;Kurs 6
Routenpunkt (Way);T;Heimstättenweg;49.850404;8.626076;30.0;;;;;;Interpoliert;128.8;-3.48;asphalt;unclassified;Heimstättenweg;9;Kurs 6
Routenpunkt (Way);T;Heimstättenweg;49.850377;8.625892;30.0;;;;;;Interpoliert;128.4;-3.21;asphalt;unclassified;Heimstättenweg;9;Kurs 6
Routenpunkt (Way);T;Heimstättenweg;49.85035;8.625709;30.0;;;;;;Interpoliert;127.9;-3.38;asphalt;unclassified;Heimstättenweg;9;Kurs 6
Routenpunkt (Way);T;Heimstättenweg;49.850323;8.625526;30.0;;;;;;Original OSM;127.4;-3.5;asphalt;unclassified;Heimstättenweg;9;Kurs 6
Routenpunkt (Way);T;Heimstättenweg;49.850293;8.625335;30.0;;;;;;Interpoliert;126.9;-3.61;asphalt;unclassified;Heimstättenweg;9;Kurs 6
Routenpunkt (Way);T;Heimstättenweg;49.850263;8.625143;30.0;;;;;;Interpoliert;126.4;-3.46;asphalt;unclassified;Heimstättenweg;9;Kurs 6
Routenpunkt (Way);T;Heimstättenweg;49.850233;8.624952;30.0;;;;;;Original OSM;125.9;-2.72;asphalt;unclassified;Heimstättenweg;9;Kurs 6
Routenpunkt (Way);T;Heimstättenweg;49.850205;8.624769;30.0;;;;;;Interpoliert;125.5;-2.01;asphalt;unclassified;Heimstättenweg;9;Kurs 6
Routenpunkt (Way);T;Heimstättenweg;49.850173;8.62457;30.0;;;;;;Original OSM;125.5;-1.3;asphalt;unclassified;Heimstättenweg;9;Kurs 6
Routenpunkt (Way);T;Heimstättenweg;49.850143;8.624386;30.0;;;;;;Interpoliert;125.5;-0.3;asphalt;unclassified;Heimstättenweg;9;Kurs 6
Routenpunkt (Way);T;Heimstättenweg;49.850116;8.624219;30.0;;;;;;Original OSM;125.5;0.29;asphalt;unclassified;Heimstättenweg;9;Kurs 6
Routenpunkt (Way);T;Heimstättenweg;49.850085;8.62403;30.0;;;;;;Interpoliert;125.7;0.29;asphalt;unclassified;Heimstättenweg;9;Kurs 6
Routenpunkt (Way);T;Heimstättenweg;49.850054;8.623841;30.0;;;;;;Original OSM;125.7;0.29;asphalt;unclassified;Heimstättenweg;9;Kurs 6
Routenpunkt (Way);T;Heimstättenweg;49.850024;8.623663;30.0;;;;;;Interpoliert;125.7;0.29;asphalt;unclassified;Heimstättenweg;9;Kurs 6
Routenpunkt (Way);T;;49.85;8.623538;30.0;;;;;;Interpoliert (15m);125.7;0.0;asphalt;unclassified;Heimstättenweg;9;Kurs 6
Routenpunkt (Way);T;Heimstättenweg;49.849976;8.623414;30.0;;;;;;Original OSM;125.7;-0.24;asphalt;unclassified;Heimstättenweg;9;Kurs 6
Routenpunkt (Way);T;;49.84995;8.623303;30.0;;;;;;Interpoliert (15m);125.7;-0.43;asphalt;unclassified;Heimstättenweg;9;Kurs 6
Routenpunkt (Way);T;Heimstättenweg;49.849924;8.623191;30.0;;;;;;Interpoliert;125.6;-0.58;asphalt;unclassified;Heimstättenweg;9;Kurs 6
Routenpunkt (Way);T;Heimstättenweg;49.849893;8.623052;30.0;;;;;;Original OSM;125.5;-0.74;asphalt;unclassified;Heimstättenweg;9;Kurs 6
Routenpunkt (Way);T;Heimstättenweg;49.849859;8.622881;30.0;;;;;;Interpoliert;125.4;-1.2;asphalt;unclassified;Heimstättenweg;9;Kurs 6
Routenpunkt (Way);T;Heimstättenweg;49.849826;8.622709;30.0;;;;;;Interpoliert;125.3;-0.97;asphalt;unclassified;Heimstättenweg;9;Kurs 6
Routenpunkt (Way);T;Heimstättenweg;49.849792;8.622538;30.0;;;;;;Interpoliert;125.0;-0.78;asphalt;unclassified;Heimstättenweg;9;Kurs 6
Routenpunkt (Way);T;Heimstättenweg;49.849758;8.622366;30.0;;;;;;Interpoliert;125.0;-0.62;asphalt;unclassified;Heimstättenweg;9;Kurs 6
Routenpunkt (Way);T;Heimstättenweg;49.849724;8.622195;30.0;;;;;;Original OSM;125.0;-0.47;asphalt;unclassified;Heimstättenweg;9;Kurs 6
Routenpunkt (Way);T;Heimstättenweg;49.849689;8.622026;30.0;;;;;;Interpoliert;125.0;0.0;asphalt;unclassified;Heimstättenweg;9;Kurs 6
Routenpunkt (Way);T;Heimstättenweg;49.849653;8.621857;30.0;;;;;;Interpoliert;125.0;0.0;asphalt;unclassified;Heimstättenweg;9;Kurs 6
Routenpunkt (Way);T;Heimstättenweg;49.849618;8.621687;30.0;;;;;;Interpoliert;125.0;0.0;asphalt;unclassified;Heimstättenweg;9;Kurs 6
Routenpunkt (Way);T;Heimstättenweg;49.849583;8.621518;30.0;;;;;;Interpoliert;125.0;0.49;asphalt;unclassified;Heimstättenweg;9;Kurs 6
Routenpunkt (Way);T;Heimstättenweg;49.849548;8.621349;30.0;;;;;;Original OSM;125.0;0.97;asphalt;unclassified;Heimstättenweg;9;Kurs 6
Routenpunkt (Way);T;;49.849518;8.621183;30.0;;;;;;Interpoliert (15m);125.3;0.97;asphalt;unclassified;Heimstättenweg;9;Kurs 6
Routenpunkt (Way);T;Heimstättenweg;49.849488;8.621017;30.0;;;;;;Original OSM;125.6;1.43;asphalt;unclassified;Heimstättenweg;9;Kurs 6
Haltestelle;W;Darmstadt Hannah-Arendt-Weg;49.849488;8.621017;30.0;12:24:00;12:24:00;Kein Umlauf;Mo,Di,Mi,Do,Fr;446.0;Original GTFS (Snap-Distanz 3m) | Auf Route gesnappt (3m);125.9;1.88;asphalt;unclassified;Heimstättenweg;9;Kurs 6
Routenpunkt (Way);T;Heimstättenweg;49.849456;8.62084;30.0;;;;;;Interpoliert;126.2;1.85;asphalt;unclassified;Heimstättenweg;9;Kurs 6
Routenpunkt (Way);T;Heimstättenweg;49.849425;8.620664;30.0;;;;;;Interpoliert;126.5;1.83;asphalt;unclassified;Heimstättenweg;9;Kurs 6
Routenpunkt (Way);T;Heimstättenweg;49.849393;8.620487;30.0;;;;;;Interpoliert;126.8;2.24;asphalt;unclassified;Heimstättenweg;9;Kurs 6
Routenpunkt (Way);T;Heimstättenweg;49.849362;8.62031;30.0;;;;;;Original OSM;127.1;2.2;asphalt;unclassified;Anne-Frank-Straße;9;Kurs 6
Routenpunkt (Way);T;Anne-Frank-Straße;49.849485;8.620246;30.0;;;;;;Interpoliert;127.4;2.29;asphalt;unclassified;Anne-Frank-Straße;9;Kurs 6
Routenpunkt (Way);T;Anne-Frank-Straße;49.849609;8.620182;30.0;;;;;;Interpoliert;127.7;2.03;asphalt;unclassified;Anne-Frank-Straße;9;Kurs 6
Routenpunkt (Way);T;Anne-Frank-Straße;49.849733;8.620117;30.0;;;;;;Original OSM;128.1;1.73;asphalt;unclassified;Anne-Frank-Straße;9;Kurs 6
Routenpunkt (Way);T;Anne-Frank-Straße;49.84982;8.620079;30.0;;;;;;Original OSM;128.2;1.61;asphalt;secondary;Eschollbrücker Straße;9;Kurs 6
Routenpunkt (Way);T;Eschollbrücker Straße;49.849903;8.620216;50.0;;;;;;Interpoliert;128.3;1.49;asphalt;secondary;Eschollbrücker Straße;9;Kurs 6
Routenpunkt (Way);T;Eschollbrücker Straße;49.849986;8.620353;50.0;;;;;;Interpoliert;128.5;1.23;asphalt;secondary;Eschollbrücker Straße;9;Kurs 6
Routenpunkt (Way);T;Eschollbrücker Straße;49.850069;8.620489;50.0;;;;;;Original OSM;128.7;1.33;asphalt;secondary;Eschollbrücker Straße;9;Kurs 6
Routenpunkt (Way);T;Eschollbrücker Straße;49.850154;8.620627;50.0;;;;;;Interpoliert;128.9;1.47;asphalt;secondary;Eschollbrücker Straße;9;Kurs 6
Routenpunkt (Way);T;Eschollbrücker Straße;49.850239;8.620764;50.0;;;;;;Interpoliert;129.1;1.47;asphalt;secondary;Eschollbrücker Straße;9;Kurs 6
Routenpunkt (Way);T;Eschollbrücker Straße;49.850323;8.620901;50.0;;;;;;Interpoliert;129.3;1.03;asphalt;secondary;Eschollbrücker Straße;9;Kurs 6
Routenpunkt (Way);T;Eschollbrücker Straße;49.850408;8.621038;50.0;;;;;;Interpoliert;129.5;0.88;asphalt;secondary;Eschollbrücker Straße;9;Kurs 6
Routenpunkt (Way);T;Eschollbrücker Straße;49.850493;8.621175;50.0;;;;;;Interpoliert;129.4;0.73;asphalt;secondary;Eschollbrücker Straße;9;Kurs 6
Routenpunkt (Way);T;Eschollbrücker Straße;49.850578;8.621313;50.0;;;;;;Interpoliert;129.5;0.6;asphalt;secondary;Eschollbrücker Straße;9;Kurs 6
Routenpunkt (Way);T;Eschollbrücker Straße;49.850662;8.62145;50.0;;;;;;Original OSM;129.6;0.3;asphalt;secondary;Eschollbrücker Straße;9;Kurs 6
Routenpunkt (Way);T;Eschollbrücker Straße;49.850742;8.621578;50.0;;;;;;Original OSM;129.7;0.45;asphalt;secondary;Eschollbrücker Straße;9;Kurs 6
Routenpunkt (Way);T;;49.850799;8.621673;50.0;;;;;;Interpoliert (15m);129.7;0.3;asphalt;secondary;Eschollbrücker Straße;9;Kurs 6
Routenpunkt (Way);T;Eschollbrücker Straße;49.850857;8.621768;50.0;;;;;;Original OSM;129.7;0.16;asphalt;secondary;Eschollbrücker Straße;9;Kurs 6
Routenpunkt (Way);T;;49.850909;8.621852;50.0;;;;;;Interpoliert (15m);129.7;0.0;asphalt;secondary;Eschollbrücker Straße;9;Kurs 6
Routenpunkt (Way);T;Eschollbrücker Straße;49.85096;8.621936;50.0;;;;;;Interpoliert;129.7;-0.85;asphalt;secondary;Eschollbrücker Straße;9;Kurs 6
Haltestelle;W;Darmstadt Fünfkirchner Straße VHbf;49.85096;8.621936;50.0;12:25:00;12:25:00;Kein Umlauf;Mo,Di,Mi,Do,Fr;446.0;Original GTFS (Snap-Distanz 1m) | Auf Route gesnappt (1m);129.7;-1.19;asphalt;secondary;Eschollbrücker Straße;9;Kurs 6
Routenpunkt (Way);T;Eschollbrücker Straße;49.851033;8.622056;50.0;;;;;;Interpoliert;129.2;-1.93;asphalt;secondary;Eschollbrücker Straße;9;Kurs 6
Routenpunkt (Way);T;Eschollbrücker Straße;49.851106;8.622176;50.0;;;;;;Original OSM;129.0;-2.68;asphalt;secondary;Eschollbrücker Straße;9;Kurs 6
Routenpunkt (Way);T;Eschollbrücker Straße;49.851189;8.622311;50.0;;;;;;Interpoliert;128.5;-3.43;asphalt;secondary;Eschollbrücker Straße;9;Kurs 6
Routenpunkt (Way);T;Eschollbrücker Straße;49.851272;8.622447;50.0;;;;;;Interpoliert;128.0;-3.32;asphalt;secondary;Eschollbrücker Straße;9;Kurs 6
Routenpunkt (Way);T;Eschollbrücker Straße;49.851355;8.622582;50.0;;;;;;Interpoliert;127.5;-3.7;asphalt;secondary;Eschollbrücker Straße;9;Kurs 6
Routenpunkt (Way);T;Eschollbrücker Straße;49.851438;8.622718;50.0;;;;;;Original OSM;127.0;-3.67;asphalt;secondary;Eschollbrücker Straße;9;Kurs 6
Routenpunkt (Way);T;Eschollbrücker Straße;49.851524;8.622859;50.0;;;;;;Interpoliert;126.5;-3.63;asphalt;secondary;Eschollbrücker Straße;9;Kurs 6
Routenpunkt (Way);T;Eschollbrücker Straße;49.851611;8.623001;50.0;;;;;;Interpoliert;126.0;-3.6;asphalt;secondary;Eschollbrücker Straße;9;Kurs 6
Routenpunkt (Way);T;Eschollbrücker Straße;49.851698;8.623143;50.0;;;;;;Interpoliert;125.5;-2.85;asphalt;secondary;Eschollbrücker Straße;9;Kurs 6
Routenpunkt (Way);T;Eschollbrücker Straße;49.851785;8.623285;50.0;;;;;;Interpoliert;125.0;-2.14;asphalt;secondary;Eschollbrücker Straße;9;Kurs 6
Routenpunkt (Way);T;Eschollbrücker Straße;49.851872;8.623427;50.0;;;;;;Interpoliert;125.0;-1.57;asphalt;secondary;Eschollbrücker Straße;9;Kurs 6
Routenpunkt (Way);T;Eschollbrücker Straße;49.851959;8.623568;50.0;;;;;;Interpoliert;125.0;-1.0;asphalt;secondary;Eschollbrücker Straße;9;Kurs 6
Routenpunkt (Way);T;Eschollbrücker Straße;49.852046;8.62371;50.0;;;;;;Interpoliert;124.9;0.14;asphalt;secondary;Eschollbrücker Straße;9;Kurs 6
Routenpunkt (Way);T;Eschollbrücker Straße;49.852133;8.623852;50.0;;;;;;Interpoliert;124.8;0.57;asphalt;secondary;Eschollbrücker Straße;9;Kurs 6
Routenpunkt (Way);T;Eschollbrücker Straße;49.85222;8.623994;50.0;;;;;;Interpoliert;125.1;1.0;asphalt;secondary;Eschollbrücker Straße;9;Kurs 6
Routenpunkt (Way);T;Eschollbrücker Straße;49.852306;8.624136;50.0;;;;;;Interpoliert;125.4;1.57;asphalt;secondary;Eschollbrücker Straße;9;Kurs 6
Routenpunkt (Way);T;Eschollbrücker Straße;49.852393;8.624277;50.0;;;;;;Interpoliert;125.7;2.14;asphalt;secondary;Eschollbrücker Straße;9;Kurs 6
Routenpunkt (Way);T;Eschollbrücker Straße;49.85248;8.624419;50.0;;;;;;Interpoliert;126.0;2.14;asphalt;secondary;Eschollbrücker Straße;9;Kurs 6
Routenpunkt (Way);T;Eschollbrücker Straße;49.852567;8.624561;50.0;;;;;;Interpoliert;126.3;2.14;asphalt;secondary;;9;Kurs 6
Routenpunkt (Way);T;Eschollbrücker Straße;49.852654;8.624703;50.0;;;;;;Interpoliert;126.6;2.19;paving_stones;unclassified;Bergschneise;9;Kurs 6
Routenpunkt (Way);T;Bergschneise;49.852755;8.624819;50.0;;;;;;Original OSM;126.9;2.48;paving_stones;unclassified;Bergschneise;9;Kurs 6
Routenpunkt (Way);T;;49.852794;8.624718;50.0;;;;;;Interpoliert (15m);127.1;2.55;paving_stones;unclassified;Bergschneise;9;Kurs 6
Routenpunkt (Way);T;Bergschneise;49.852832;8.624618;50.0;;;;;;Original OSM;127.4;1.96;paving_stones;unclassified;Bergschneise;9;Kurs 6
Routenpunkt (Way);T;;49.852869;8.624462;50.0;;;;;;Interpoliert (15m);127.7;1.39;paving_stones;unclassified;Bergschneise;9;Kurs 6
Routenpunkt (Way);T;Bergschneise;49.852907;8.624305;50.0;;;;;;Interpoliert;127.6;1.05;paving_stones;unclassified;Bergschneise;9;Kurs 6
Routenpunkt (Way);T;Bergschneise;49.852946;8.624119;50.0;;;;;;Interpoliert;127.5;0.48;paving_stones;unclassified;Bergschneise;9;Kurs 6
Routenpunkt (Way);T;Bergschneise;49.852985;8.623932;50.0;;;;;;Interpoliert;127.6;0.12;paving_stones;unclassified;Bergschneise;9;Kurs 6
Routenpunkt (Way);T;Bergschneise;49.853024;8.623746;50.0;;;;;;Interpoliert;127.7;0.5;paving_stones;unclassified;Bergschneise;9;Kurs 6
Routenpunkt (Way);T;Bergschneise;49.853062;8.62356;50.0;;;;;;Interpoliert;127.8;0.85;paving_stones;unclassified;Bergschneise;9;Kurs 6
Routenpunkt (Way);T;;49.853088;8.623435;50.0;;;;;;Interpoliert (15m);127.9;0.27;paving_stones;unclassified;Bergschneise;9;Kurs 6
Routenpunkt (Way);T;Bergschneise;49.853115;8.62331;50.0;;;;;;Original OSM;128.0;-0.32;paving_stones;unclassified;Bergschneise;9;Kurs 6
Routenpunkt (Way);T;;49.853143;8.623193;50.0;;;;;;Interpoliert (15m);127.8;-0.86;paving_stones;unclassified;Bergschneise;9;Kurs 6
Routenpunkt (Way);T;Bergschneise;49.853172;8.623076;50.0;;;;;;Original OSM;127.6;-1.22;paving_stones;unclassified;Bergschneise;9;Kurs 6
Routenpunkt (Way);T;Bergschneise;49.853212;8.622949;50.0;;;;;;Original OSM;127.4;-1.6;paving_stones;unclassified;Bergschneise;9;Kurs 6
Routenpunkt (Way);T;Bergschneise;49.853275;8.622789;50.0;;;;;;Original OSM;127.3;-1.93;paving_stones;unclassified;Bergschneise;9;Kurs 6
Routenpunkt (Way);T;Bergschneise;49.853342;8.622663;50.0;;;;;;Original OSM;127.2;-2.25;paving_stones;unclassified;Bergschneise;9;Kurs 6
Routenpunkt (Way);T;;49.853393;8.622588;50.0;;;;;;Interpoliert (15m);126.9;-2.61;paving_stones;unclassified;Bergschneise;9;Kurs 6
Routenpunkt (Way);T;Bergschneise;49.853443;8.622512;50.0;;;;;;Original OSM;126.6;-3.23;paving_stones;unclassified;Bergschneise;9;Kurs 6
Routenpunkt (Way);T;;49.8535;8.622446;50.0;;;;;;Interpoliert (15m);126.3;-3.83;paving_stones;unclassified;Bergschneise;9;Kurs 6
Routenpunkt (Way);T;Bergschneise;49.853557;8.62238;50.0;;;;;;Original OSM;126.0;-2.81;paving_stones;unclassified;Bergschneise;9;Kurs 6
Routenpunkt (Way);T;;49.853617;8.622327;50.0;;;;;;Interpoliert (15m);125.7;-1.81;paving_stones;unclassified;Bergschneise;9;Kurs 6
Routenpunkt (Way);T;Bergschneise;49.853678;8.622274;50.0;;;;;;Original OSM;125.8;-1.05;paving_stones;unclassified;Bergschneise;9;Kurs 6
Routenpunkt (Way);T;;49.85375;8.622227;50.0;;;;;;Interpoliert (15m);125.9;-0.47;paving_stones;unclassified;Bergschneise;9;Kurs 6
Routenpunkt (Way);T;Bergschneise;49.853822;8.622181;50.0;;;;;;Original OSM;125.9;0.13;paving_stones;unclassified;Bergschneise;9;Kurs 6
Routenpunkt (Way);T;Bergschneise;49.853919;8.622139;50.0;;;;;;Interpoliert;125.8;-0.31;paving_stones;unclassified;Bergschneise;9;Kurs 6
Routenpunkt (Way);T;Bergschneise;49.854016;8.622097;50.0;;;;;;Interpoliert;125.7;-0.67;paving_stones;unclassified;Bergschneise;9;Kurs 6
Routenpunkt (Way);T;Bergschneise;49.854112;8.622055;50.0;;;;;;Original OSM;125.6;-0.81;paving_stones;unclassified;Bergschneise;9;Kurs 6
Routenpunkt (Way);T;Bergschneise;49.854241;8.621997;50.0;;;;;;Interpoliert;125.5;-0.63;paving_stones;unclassified;Bergschneise;9;Kurs 6
Routenpunkt (Way);T;Bergschneise;49.854369;8.621939;50.0;;;;;;Interpoliert;125.4;-0.45;paving_stones;unclassified;Bergschneise;9;Kurs 6
Routenpunkt (Way);T;Bergschneise;49.854498;8.62188;50.0;;;;;;Interpoliert;125.4;-0.27;paving_stones;unclassified;Bergschneise;9;Kurs 6
Routenpunkt (Way);T;Bergschneise;49.854626;8.621822;50.0;;;;;;Interpoliert;125.4;-0.13;paving_stones;unclassified;Bergschneise;9;Kurs 6
Routenpunkt (Way);T;Bergschneise;49.854755;8.621764;50.0;;;;;;Interpoliert;125.4;0.13;paving_stones;unclassified;Bergschneise;9;Kurs 6
Routenpunkt (Way);T;Bergschneise;49.854884;8.621705;50.0;;;;;;Interpoliert;125.4;0.27;paving_stones;unclassified;Bergschneise;9;Kurs 6
Routenpunkt (Way);T;Bergschneise;49.855012;8.621647;50.0;;;;;;Interpoliert;125.5;0.4;paving_stones;unclassified;Bergschneise;9;Kurs 6
Routenpunkt (Way);T;Bergschneise;49.855141;8.621589;50.0;;;;;;Interpoliert;125.6;0.54;paving_stones;unclassified;Bergschneise;9;Kurs 6
Routenpunkt (Way);T;Bergschneise;49.855269;8.62153;50.0;;;;;;Interpoliert;125.7;0.27;paving_stones;unclassified;Bergschneise;9;Kurs 6
Routenpunkt (Way);T;Bergschneise;49.855398;8.621472;50.0;;;;;;Interpoliert;125.8;-0.13;paving_stones;unclassified;Bergschneise;9;Kurs 6
Routenpunkt (Way);T;Bergschneise;49.855527;8.621414;50.0;;;;;;Interpoliert;125.6;-1.0;asphalt;residential;Mahatma-Gandhi-Straße;9;Kurs 6
Routenpunkt (Way);T;Mahatma-Gandhi-Straße;49.855659;8.621376;30.0;;;;;;Original OSM;125.4;-1.86;asphalt;residential;Mahatma-Gandhi-Straße;9;Kurs 6
Routenpunkt (Way);T;;49.855678;8.621487;30.0;;;;;;Interpoliert (15m);125.1;-2.59;asphalt;residential;Mahatma-Gandhi-Straße;9;Kurs 6
Routenpunkt (Way);T;Mahatma-Gandhi-Straße;49.855698;8.621598;30.0;;;;;;Interpoliert;124.8;-2.92;asphalt;residential;Mahatma-Gandhi-Straße;9;Kurs 6
Routenpunkt (Way);T;Mahatma-Gandhi-Straße;49.855729;8.621778;30.0;;;;;;Interpoliert;124.4;-3.25;asphalt;residential;Mahatma-Gandhi-Straße;9;Kurs 6
Routenpunkt (Way);T;Mahatma-Gandhi-Straße;49.85576;8.621958;30.0;;;;;;Interpoliert;124.0;-3.09;asphalt;residential;Mahatma-Gandhi-Straße;9;Kurs 6
Routenpunkt (Way);T;Mahatma-Gandhi-Straße;49.855792;8.622138;30.0;;;;;;Original OSM;123.6;-2.93;asphalt;residential;Mahatma-Gandhi-Straße;9;Kurs 6
Routenpunkt (Way);T;Mahatma-Gandhi-Straße;49.855819;8.62233;30.0;;;;;;Interpoliert;123.2;-2.76;asphalt;residential;Mahatma-Gandhi-Straße;9;Kurs 6
Routenpunkt (Way);T;Mahatma-Gandhi-Straße;49.855846;8.622522;30.0;;;;;;Interpoliert;122.8;-2.16;asphalt;residential;Mahatma-Gandhi-Straße;9;Kurs 6
Routenpunkt (Way);T;Mahatma-Gandhi-Straße;49.855874;8.622713;30.0;;;;;;Interpoliert;122.5;-1.56;asphalt;residential;Mahatma-Gandhi-Straße;9;Kurs 6
Routenpunkt (Way);T;Mahatma-Gandhi-Straße;49.855901;8.622905;30.0;;;;;;Interpoliert;122.5;-0.99;asphalt;residential;Mahatma-Gandhi-Straße;9;Kurs 6
Routenpunkt (Way);T;Mahatma-Gandhi-Straße;49.855928;8.623097;30.0;;;;;;Interpoliert;122.5;-0.43;asphalt;residential;Mahatma-Gandhi-Straße;9;Kurs 6
Routenpunkt (Way);T;Mahatma-Gandhi-Straße;49.855955;8.623289;30.0;;;;;;Interpoliert;122.5;0.14;asphalt;residential;Mahatma-Gandhi-Straße;9;Kurs 6
Routenpunkt (Way);T;Mahatma-Gandhi-Straße;49.855983;8.623481;30.0;;;;;;Interpoliert;122.5;0.28;asphalt;residential;Mahatma-Gandhi-Straße;9;Kurs 6
Routenpunkt (Way);T;Mahatma-Gandhi-Straße;49.85601;8.623673;30.0;;;;;;Interpoliert;122.6;0.43;asphalt;residential;;9;Kurs 6
Routenpunkt (Way);T;Mahatma-Gandhi-Straße;49.856037;8.623865;30.0;;;;;;Interpoliert;122.7;0.62;asphalt;residential;Mahatma-Gandhi-Straße;9;Kurs 6
Routenpunkt (Way);T;Mahatma-Gandhi-Straße;49.856065;8.624057;30.0;;;;;;Original OSM;122.8;0.82;asphalt;residential;Mahatma-Gandhi-Straße;9;Kurs 6
Routenpunkt (Way);T;Mahatma-Gandhi-Straße;49.856085;8.624195;30.0;;;;;;Interpoliert;122.9;0.68;asphalt;residential;Mahatma-Gandhi-Straße;9;Kurs 6
Routenpunkt (Way);T;Mahatma-Gandhi-Straße;49.856106;8.624332;30.0;;;;;;Interpoliert;123.0;0.54;asphalt;residential;Mahatma-Gandhi-Straße;9;Kurs 6
Routenpunkt (Way);T;Mahatma-Gandhi-Straße;49.856134;8.624521;30.0;;;;;;Original OSM;123.0;0.4;asphalt;residential;Mahatma-Gandhi-Straße;9;Kurs 6
Routenpunkt (Way);T;Kleyerstraße;49.856242;8.624514;50.0;;;;;;Interpoliert;123.0;0.2;asphalt;residential;Kleyerstraße;9;Kurs 6
Routenpunkt (Way);T;Kleyerstraße;49.856346;8.624481;50.0;;;;;;Interpoliert;123.0;0.0;asphalt;residential;Kleyerstraße;9;Kurs 6
Haltestelle;W;Darmstadt Mahatma-Gandhi-Str.;49.856346;8.624481;50.0;12:28:00;12:28:00;Kein Umlauf;Mo,Di,Mi,Do,Fr;446.0;Original GTFS (Snap-Distanz 14m) | Auf Route gesnappt (14m);123.0;0.0;asphalt;residential;Kleyerstraße;9;Kurs 6
Routenpunkt (Way);T;Kleyerstraße;49.856451;8.624448;50.0;;;;;;Original OSM;123.0;0.0;asphalt;residential;Kleyerstraße;9;Kurs 6
Routenpunkt (Way);T;Kleyerstraße;49.856573;8.624408;50.0;;;;;;Interpoliert;123.0;0.0;asphalt;residential;Kleyerstraße;9;Kurs 6
Routenpunkt (Way);T;Kleyerstraße;49.856696;8.624368;50.0;;;;;;Interpoliert;123.0;0.0;asphalt;residential;Kleyerstraße;9;Kurs 6
Routenpunkt (Way);T;Kleyerstraße;49.856819;8.624329;50.0;;;;;;Interpoliert;123.0;0.0;asphalt;residential;Kleyerstraße;9;Kurs 6
Routenpunkt (Way);T;Kleyerstraße;49.856941;8.624289;50.0;;;;;;Interpoliert;123.0;0.0;asphalt;residential;Kleyerstraße;9;Kurs 6
Routenpunkt (Way);T;Kleyerstraße;49.857064;8.624249;50.0;;;;;;Interpoliert;123.0;0.0;asphalt;residential;Kleyerstraße;9;Kurs 6
Routenpunkt (Way);T;Kleyerstraße;49.857186;8.624209;50.0;;;;;;Interpoliert;123.0;0.0;asphalt;residential;Kleyerstraße;9;Kurs 6
Routenpunkt (Way);T;Kleyerstraße;49.857309;8.62417;50.0;;;;;;Interpoliert;123.0;0.0;asphalt;residential;Kleyerstraße;9;Kurs 6
Routenpunkt (Way);T;Kleyerstraße;49.857432;8.62413;50.0;;;;;;Interpoliert;123.0;0.0;asphalt;residential;Kleyerstraße;9;Kurs 6
Routenpunkt (Way);T;Kleyerstraße;49.857554;8.62409;50.0;;;;;;Original OSM;123.0;0.0;asphalt;residential;Kleyerstraße;9;Kurs 6
Routenpunkt (Way);T;Kleyerstraße;49.85767;8.624051;50.0;;;;;;Interpoliert;123.0;0.0;asphalt;residential;Kleyerstraße;9;Kurs 6
Routenpunkt (Way);T;Kleyerstraße;49.857787;8.624012;50.0;;;;;;Original OSM;123.0;0.17;asphalt;residential;Kleyerstraße;9;Kurs 6
Routenpunkt (Way);T;Kleyerstraße;49.85789;8.623979;50.0;;;;;;Interpoliert;123.0;0.34;asphalt;residential;Kleyerstraße;9;Kurs 6
Routenpunkt (Way);T;Kleyerstraße;49.857993;8.623945;50.0;;;;;;Interpoliert;123.1;0.51;asphalt;residential;Kleyerstraße;9;Kurs 6
Routenpunkt (Way);T;Kleyerstraße;49.858096;8.623912;50.0;;;;;;Original OSM;123.2;0.69;asphalt;residential;Kleyerstraße;9;Kurs 6
Routenpunkt (Way);T;Kleyerstraße;49.858198;8.623874;50.0;;;;;;Interpoliert;123.3;0.82;asphalt;residential;Kleyerstraße;9;Kurs 6
Routenpunkt (Way);T;Kleyerstraße;49.858299;8.623836;50.0;;;;;;Interpoliert;123.4;0.79;asphalt;residential;Kleyerstraße;9;Kurs 6
Routenpunkt (Way);T;;49.858426;8.623777;50.0;;;;;;Interpoliert (15m);123.5;0.78;asphalt;residential;Kleyerstraße;9;Kurs 6
Routenpunkt (Way);T;Kleyerstraße;49.858553;8.623718;50.0;;;;;;Original OSM;123.6;0.61;asphalt;residential;Kleyerstraße;9;Kurs 6
Haltestelle;W;Darmstadt Kleyerstraße;49.858657;8.623667;50.0;12:30:00;12:30:00;Kein Umlauf;Mo,Di,Mi,Do,Fr;446.0;Original GTFS (Snap-Distanz 23m) | Auf Route gesnappt (23m);123.7;0.61;paving_stones;residential;Kleyerstraße;9;Kurs 6
Routenpunkt (Way);T;Kleyerstraße;49.858657;8.623667;50.0;;;;;;Original OSM;123.8;0.89;paving_stones;residential;Kleyerstraße;9;Kurs 6
Routenpunkt (Way);T;Kleyerstraße;49.858758;8.623634;50.0;;;;;;Interpoliert;123.9;0.96;paving_stones;residential;Kleyerstraße;9;Kurs 6
Routenpunkt (Way);T;;49.858844;8.623605;50.0;;;;;;Interpoliert (15m);124.1;0.98;paving_stones;residential;Kleyerstraße;9;Kurs 6
Routenpunkt (Way);T;Kleyerstraße;49.858929;8.623577;50.0;;;;;;Original OSM;124.2;1.18;paving_stones;residential;Kleyerstraße;9;Kurs 6
Routenpunkt (Way);T;;49.859021;8.623547;50.0;;;;;;Interpoliert (15m);124.3;1.16;paving_stones;residential;Kleyerstraße;9;Kurs 6
Routenpunkt (Way);T;Kleyerstraße;49.859112;8.623517;50.0;;;;;;Interpoliert;124.4;0.9;paving_stones;residential;Kleyerstraße;9;Kurs 6
Routenpunkt (Way);T;Kleyerstraße;49.859225;8.62348;50.0;;;;;;Interpoliert;124.5;0.85;paving_stones;residential;Kleyerstraße;9;Kurs 6
Routenpunkt (Way);T;Kleyerstraße;49.859339;8.623443;50.0;;;;;;Interpoliert;124.6;0.81;paving_stones;residential;Kleyerstraße;9;Kurs 6
Routenpunkt (Way);T;Kleyerstraße;49.859452;8.623405;50.0;;;;;;Interpoliert;124.7;0.79;paving_stones;residential;Kleyerstraße;9;Kurs 6
Routenpunkt (Way);T;Kleyerstraße;49.859566;8.623368;50.0;;;;;;Original OSM;124.8;0.8;paving_stones;residential;Kleyerstraße;9;Kurs 6
Routenpunkt (Way);T;Kleyerstraße;49.859671;8.623333;50.0;;;;;;Interpoliert;124.9;0.64;paving_stones;residential;Kleyerstraße;9;Kurs 6
Routenpunkt (Way);T;Kleyerstraße;49.859776;8.623299;50.0;;;;;;Interpoliert;125.0;0.49;paving_stones;residential;Kleyerstraße;9;Kurs 6
Routenpunkt (Way);T;Kleyerstraße;49.859882;8.623264;50.0;;;;;;Interpoliert;125.0;0.33;paving_stones;residential;Kleyerstraße;9;Kurs 6
Routenpunkt (Way);T;Kleyerstraße;49.859988;8.623229;50.0;;;;;;Interpoliert;125.0;0.17;paving_stones;residential;Kleyerstraße;9;Kurs 6
Routenpunkt (Way);T;;49.860084;8.623223;50.0;;;;;;Interpoliert (15m);125.0;0.0;paving_stones;residential;Kleyerstraße;9;Kurs 6
Routenpunkt (Way);T;Kleyerstraße;49.86018;8.623216;50.0;;;;;;Original OSM;125.0;0.0;paving_stones;residential;Kleyerstraße;9;Kurs 6
Haltestelle;W;Darmstadt von Taxis;49.860215;8.623155;50.0;12:30:00;12:30:00;Kein Umlauf;Mo,Di,Mi,Do,Fr;446.0;Original GTFS (Snap-Distanz 3m) | Auf Route gesnappt (3m);125.0;0.0;paving_stones;residential;Kleyerstraße;9;Kurs 6
Routenpunkt (Way);T;Rosa-Parks-Straße;49.860315;8.623206;50.0;;;;;;Original OSM;125.0;0.52;paving_stones;residential;Kleyerstraße;9;Kurs 6
Routenpunkt (Way);T;;49.860372;8.623145;50.0;;;;;;Interpoliert (15m);125.0;0.84;paving_stones;residential;Kleyerstraße;9;Kurs 6
Routenpunkt (Way);T;Kleyerstraße;49.860428;8.623084;50.0;;;;;;Interpoliert;125.2;1.14;paving_stones;residential;Kleyerstraße;9;Kurs 6
Routenpunkt (Way);T;Kleyerstraße;49.86054;8.623048;50.0;;;;;;Original OSM;125.4;1.43;paving_stones;residential;Kleyerstraße;9;Kurs 6
Routenpunkt (Way);T;;49.860658;8.623009;50.0;;;;;;Interpoliert (15m);125.6;1.71;paving_stones;residential;Kleyerstraße;9;Kurs 6
Routenpunkt (Way);T;Kleyerstraße;49.860777;8.62297;50.0;;;;;;Original OSM;125.8;1.47;paving_stones;residential;Kleyerstraße;9;Kurs 6
Routenpunkt (Way);T;;49.860902;8.622929;50.0;;;;;;Interpoliert (15m);126.0;1.44;paving_stones;residential;Kleyerstraße;9;Kurs 6
Routenpunkt (Way);T;Kleyerstraße;49.861027;8.622888;50.0;;;;;;Interpoliert;126.2;1.7;paving_stones;residential;Kleyerstraße;9;Kurs 6
Routenpunkt (Way);T;Kleyerstraße;49.861152;8.622847;50.0;;;;;;Interpoliert;126.4;1.97;paving_stones;residential;Kleyerstraße;9;Kurs 6
Routenpunkt (Way);T;Kleyerstraße;49.861277;8.622806;50.0;;;;;;Interpoliert;126.8;2.25;paving_stones;residential;Kleyerstraße;9;Kurs 6
Routenpunkt (Way);T;;49.861403;8.622772;50.0;;;;;;Interpoliert (15m);127.2;2.25;paving_stones;residential;Kleyerstraße;9;Kurs 6
Routenpunkt (Way);T;Kleyerstraße;49.861529;8.622739;50.0;;;;;;Original OSM;127.6;2.25;paving_stones;residential;Kleyerstraße;9;Kurs 6
Routenpunkt (Way);T;;49.861656;8.622723;50.0;;;;;;Interpoliert (15m);127.8;2.34;paving_stones;residential;Kleyerstraße;9;Kurs 6
Routenpunkt (Way);T;Hilpertstraße;49.861784;8.622708;50.0;;;;;;Original OSM;128.0;2.42;paving_stones;residential;Hilpertstraße;9;Kurs 6
Routenpunkt (Way);T;;49.861792;8.622836;50.0;;;;;;Interpoliert (15m);128.3;2.27;paving_stones;residential;Hilpertstraße;9;Kurs 6
Routenpunkt (Way);T;Hilpertstraße;49.8618;8.622965;50.0;;;;;;Original OSM;128.6;2.54;paving_stones;residential;Hilpertstraße;9;Kurs 6
Routenpunkt (Way);T;Hilpertstraße;49.86182;8.623169;50.0;;;;;;Interpoliert;128.9;2.85;paving_stones;residential;Hilpertstraße;9;Kurs 6
Routenpunkt (Way);T;Hilpertstraße;49.861836;8.623317;50.0;;;;;;Interpoliert;129.2;2.39;paving_stones;residential;Hilpertstraße;9;Kurs 6
Routenpunkt (Way);T;;49.861817;8.623457;50.0;;;;;;Interpoliert (15m);129.5;1.75;paving_stones;residential;Hilpertstraße;9;Kurs 6
Routenpunkt (Way);T;Hauptzollamt;49.861799;8.623596;50.0;;;;;;Interpoliert;129.6;1.34;paving_stones;residential;Hilpertstraße;9;Kurs 6
Haltestelle;W;Darmstadt Hilpertstraße;49.861799;8.623596;50.0;12:32:00;12:32:00;Kein Umlauf;Mo,Di,Mi,Do,Fr;446.0;Original GTFS (Snap-Distanz 3m) | Auf Route gesnappt (3m);129.7;0.78;paving_stones;residential;Hilpertstraße;9;Kurs 6
Routenpunkt (Way);T;Hauptzollamt;49.861777;8.623601;50.0;;;;;;Interpoliert;129.7;0.2;paving_stones;residential;Hilpertstraße;9;Kurs 6
Routenpunkt (Way);T;Hilpertstraße;49.861821;8.623751;50.0;;;;;;Original OSM;129.7;-0.15;paving_stones;residential;Hilpertstraße;9;Kurs 6
Routenpunkt (Way);T;Hilpertstraße;49.861896;8.623876;50.0;;;;;;Interpoliert;129.7;-0.3;paving_stones;residential;Hilpertstraße;9;Kurs 6
Routenpunkt (Way);T;Hilpertstraße;49.861916;8.624056;50.0;;;;;;Original OSM;129.6;-0.45;paving_stones;residential;Hilpertstraße;9;Kurs 6
Routenpunkt (Way);T;Hilpertstraße;49.861938;8.624239;50.0;;;;;;Interpoliert;129.5;-0.68;paving_stones;residential;Hilpertstraße;9;Kurs 6
Routenpunkt (Way);T;Hilpertstraße;49.86196;8.624422;50.0;;;;;;Original OSM;129.4;-0.91;paving_stones;residential;Hilpertstraße;9;Kurs 6
Routenpunkt (Way);T;;49.861974;8.624541;50.0;;;;;;Interpoliert (15m);129.3;-1.02;paving_stones;residential;Hilpertstraße;9;Kurs 6
Routenpunkt (Way);T;Hilpertstraße;49.861988;8.62466;50.0;;;;;;Original OSM;129.2;-1.13;paving_stones;residential;Hilpertstraße;9;Kurs 6
Routenpunkt (Way);T;;49.862001;8.624765;50.0;;;;;;Interpoliert (15m);129.1;-0.98;paving_stones;residential;Hilpertstraße;9;Kurs 6
Routenpunkt (Way);T;Hilpertstraße;49.862015;8.624871;50.0;;;;;;Interpoliert;129.0;-1.03;paving_stones;residential;Hilpertstraße;9;Kurs 6
Routenpunkt (Way);T;;49.862041;8.625068;50.0;;;;;;Interpoliert (15m);129.0;-1.14;paving_stones;residential;Hilpertstraße;9;Kurs 6
Routenpunkt (Way);T;Hilpertstraße;49.862067;8.625266;50.0;;;;;;Original OSM;128.8;-1.22;paving_stones;residential;Hilpertstraße;9;Kurs 6
Routenpunkt (Way);T;;49.862089;8.625425;50.0;;;;;;Interpoliert (15m);128.6;-1.3;paving_stones;residential;Hilpertstraße;9;Kurs 6
Routenpunkt (Way);T;;49.862111;8.625584;50.0;;;;;;Interpoliert (15m);128.4;-1.81;paving_stones;residential;Hilpertstraße;9;Kurs 6
Routenpunkt (Way);T;Hilpertstraße;49.862134;8.625743;50.0;;;;;;Original OSM;128.2;-2.04;paving_stones;residential;Hilpertstraße;9;Kurs 6
Routenpunkt (Way);T;;49.862149;8.625851;50.0;;;;;;Interpoliert (15m);128.0;-2.07;paving_stones;residential;Hilpertstraße;9;Kurs 6
Routenpunkt (Way);T;Hilpertstraße;49.862165;8.625958;50.0;;;;;;Interpoliert;127.8;-2.09;paving_stones;residential;Hilpertstraße;9;Kurs 6
Routenpunkt (Way);T;Hilpertstraße;49.862187;8.626106;50.0;;;;;;Interpoliert;127.6;-2.03;paving_stones;residential;Hilpertstraße;9;Kurs 6
Routenpunkt (Way);T;Hilpertstraße;49.862209;8.626254;50.0;;;;;;Original OSM;127.4;-1.86;paving_stones;residential;Hilpertstraße;9;Kurs 6
Routenpunkt (Way);T;Hilpertstraße;49.862238;8.62645;50.0;;;;;;Original OSM;127.2;-1.35;asphalt;residential;Hilpertstraße;9;Kurs 6
Routenpunkt (Way);T;;49.862262;8.62661;50.0;;;;;;Interpoliert (15m);127.0;-0.99;asphalt;residential;Hilpertstraße;9;Kurs 6
Routenpunkt (Way);A;Hilpertstraße (Ampel);49.862286;8.62677;50.0;;;;;;Original OSM;127.0;-0.62;asphalt;residential;Hilpertstraße;9;Kurs 6
Haltestelle;W;Darmstadt T-Online-Allee;49.862286;8.62677;50.0;;;Kein Umlauf;Mo,Di,Mi,Do,Fr;446.0;Original GTFS (Snap-Distanz 1m) | Auf Route gesnappt (1m);127.0;-0.34;asphalt;residential;Hilpertstraße;9;Kurs 6
Routenpunkt (Way);T;;49.862312;8.626934;50.0;;;;;;Interpoliert (15m);127.0;0.0;asphalt;residential;Hilpertstraße;9;Kurs 6
Routenpunkt (Way);T;Hilpertstraße;49.862338;8.627098;50.0;;;;;;Original OSM;127.0;0.36;asphalt;residential;Hilpertstraße;9;Kurs 6
Routenpunkt (Way);T;;49.862363;8.627249;50.0;;;;;;Interpoliert (15m);127.0;0.72;asphalt;primary;Hilpertstraße;9;Kurs 6
Routenpunkt (Way);T;;49.862388;8.627399;50.0;;;;;;Interpoliert (15m);127.2;1.2;asphalt;primary;Hilpertstraße;9;Kurs 6
Routenpunkt (Way);T;Hilpertstraße;49.862413;8.627549;50.0;;;;;;Interpoliert;127.4;1.66;asphalt;primary;Hilpertstraße;9;Kurs 6
Routenpunkt (Way);T;Hilpertstraße;49.862441;8.627718;50.0;;;;;;Original OSM;127.7;2.11;asphalt;primary;Hilpertstraße;9;Kurs 6
Routenpunkt (Way);T;Hilpertstraße;49.862471;8.627895;50.0;;;;;;Interpoliert;128.0;2.34;paving_stones;primary;Hilpertstraße;9;Kurs 6
Routenpunkt (Way);T;Hilpertstraße;49.862501;8.628072;50.0;;;;;;Original OSM;128.3;2.57;paving_stones;primary;Hilpertstraße;9;Kurs 6
Routenpunkt (Way);T;Hilpertstraße;49.862526;8.628209;50.0;;;;;;Interpoliert;128.6;2.75;paving_stones;primary;Hilpertstraße;9;Kurs 6
Routenpunkt (Way);T;Hilpertstraße;49.862551;8.628347;50.0;;;;;;Interpoliert;128.9;2.95;paving_stones;primary;Hilpertstraße;9;Kurs 6
Routenpunkt (Way);T;;49.862573;8.628469;50.0;;;;;;Interpoliert (15m);129.2;2.88;paving_stones;primary;Hilpertstraße;9;Kurs 6
Routenpunkt (Way);T;Hilpertstraße;49.862596;8.628591;50.0;;;;;;Original OSM;129.5;2.29;paving_stones;primary;Hilpertstraße;9;Kurs 6
Routenpunkt (Way);T;;49.862621;8.628729;50.0;;;;;;Interpoliert (15m);129.7;1.71;paving_stones;primary;Hilpertstraße;9;Kurs 6
Routenpunkt (Way);T;Hilpertstraße;49.862646;8.628868;50.0;;;;;;Original OSM;129.7;0.85;paving_stones;primary;Hilpertstraße;9;Kurs 6
Routenpunkt (Way);T;Hilpertstraße;49.862673;8.629006;50.0;;;;;;Interpoliert;129.7;0.0;paving_stones;primary;Hilpertstraße;9;Kurs 6
Routenpunkt (Way);T;Hilpertstraße;49.8627;8.629144;50.0;;;;;;Interpoliert;129.6;-0.22;paving_stones;primary;Hilpertstraße;9;Kurs 6
Routenpunkt (Way);T;Hilpertstraße;49.862727;8.629282;50.0;;;;;;Original OSM;129.5;-0.08;paving_stones;primary;Hilpertstraße;9;Kurs 6
Routenpunkt (Way);T;Hilpertstraße;49.862763;8.629445;50.0;;;;;;Interpoliert;129.6;0.06;paving_stones;primary;Hilpertstraße;9;Kurs 6
Routenpunkt (Way);T;;49.862806;8.629626;50.0;;;;;;Interpoliert (15m);129.7;0.4;paving_stones;primary;Hilpertstraße;9;Kurs 6
Routenpunkt (Way);T;;49.862849;8.629807;50.0;;;;;;Interpoliert (15m);129.8;0.76;paving_stones;primary;Hilpertstraße;9;Kurs 6
Routenpunkt (Way);T;Hilpertstraße;49.862893;8.629988;50.0;;;;;;Original OSM;129.9;1.08;paving_stones;primary;Hilpertstraße;9;Kurs 6
Routenpunkt (Way);T;;49.862938;8.630146;50.0;;;;;;Interpoliert (15m);130.0;1.42;paving_stones;primary;Hilpertstraße;9;Kurs 6
Routenpunkt (Way);T;;49.862984;8.630303;50.0;;;;;;Interpoliert (15m);130.3;1.76;paving_stones;primary;Hilpertstraße;9;Kurs 6
Routenpunkt (Way);T;;49.863029;8.630461;50.0;;;;;;Interpoliert (15m);130.6;2.1;paving_stones;primary;Hilpertstraße;9;Kurs 6
Routenpunkt (Way);T;;49.863075;8.630619;50.0;;;;;;Interpoliert (15m);130.9;2.47;paving_stones;primary;Hilpertstraße;9;Kurs 6
Routenpunkt (Way);T;Hilpertstraße;49.86312;8.630776;50.0;;;;;;Original OSM;131.2;2.17;asphalt;primary;Hilpertstraße;9;Kurs 6
Routenpunkt (Way);A;Ampel;49.863183;8.630898;50.0;;;;;;Interpoliert (15m);131.5;1.51;asphalt;primary;Hilpertstraße;9;Kurs 6
Routenpunkt (Way);T;;49.863246;8.631019;50.0;;;;;;Interpoliert (15m);131.6;0.87;asphalt;primary;Hilpertstraße;9;Kurs 6
Routenpunkt (Way);T;Hilpertstraße;49.86331;8.631141;50.0;;;;;;Original OSM;131.5;0.23;asphalt;primary;Hilpertstraße;9;Kurs 6
Routenpunkt (Way);T;;49.863375;8.631293;50.0;;;;;;Interpoliert (15m);131.4;-0.46;asphalt;primary;Hilpertstraße;9;Kurs 6
Routenpunkt (Way);T;;49.86344;8.631444;50.0;;;;;;Interpoliert (15m);131.3;-0.94;asphalt;primary;Hilpertstraße;9;Kurs 6
Routenpunkt (Way);T;;49.863505;8.631596;50.0;;;;;;Interpoliert (15m);131.2;-1.07;asphalt;primary;Hilpertstraße;9;Kurs 6
Routenpunkt (Way);T;;49.86357;8.631747;50.0;;;;;;Interpoliert (15m);131.0;-1.49;asphalt;primary;Hilpertstraße;9;Kurs 6
Routenpunkt (Way);T;Hilpertstraße;49.863635;8.631899;50.0;;;;;;Original OSM;130.8;-1.91;asphalt;primary;Hilpertstraße;9;Kurs 6
Routenpunkt (Way);T;;49.863739;8.63201;50.0;;;;;;Interpoliert (15m);130.4;-2.32;asphalt;primary;Hilpertstraße;9;Kurs 6
Routenpunkt (Way);T;;49.863843;8.632121;50.0;;;;;;Interpoliert (15m);130.0;-2.58;asphalt;primary;Haardtring;9;Kurs 6
Routenpunkt (Way);T;Haardtring;49.863947;8.632233;50.0;;;;;;Interpoliert;129.6;-2.56;asphalt;primary;Haardtring;9;Kurs 6
Routenpunkt (Way);T;;49.864069;8.632178;50.0;;;;;;Interpoliert (15m);129.2;-2.26;asphalt;primary;Haardtring;9;Kurs 6
Routenpunkt (Way);T;Haardtring;49.864191;8.632123;50.0;;;;;;Original OSM;129.0;-1.96;asphalt;primary;Haardtring;9;Kurs 6
Routenpunkt (Way);T;;49.86432;8.632073;50.0;;;;;;Interpoliert (15m);128.8;-1.03;asphalt;primary;Haardtring;9;Kurs 6
Routenpunkt (Way);T;Haardtring;49.864449;8.632022;50.0;;;;;;Interpoliert;128.6;-0.18;asphalt;primary;Haardtring;9;Kurs 6
Routenpunkt (Way);T;Haardtring;49.864545;8.631988;50.0;;;;;;Original OSM;128.8;0.38;asphalt;primary;Haardtring;9;Kurs 6
Routenpunkt (Way);T;Haardtring;49.864673;8.631947;50.0;;;;;;Interpoliert;129.0;1.2;asphalt;primary;Haardtring;9;Kurs 6
Routenpunkt (Way);T;Haardtring;49.8648;8.631907;50.0;;;;;;Interpoliert;129.2;2.07;asphalt;primary;Haardtring;9;Kurs 6
Routenpunkt (Way);T;Haardtring;49.864928;8.631866;50.0;;;;;;Original OSM;129.6;1.85;asphalt;primary;Haardtring;9;Kurs 6
Routenpunkt (Way);T;Haardtring;49.865046;8.631829;50.0;;;;;;Interpoliert;130.0;1.73;asphalt;primary;Haardtring;9;Kurs 6
Routenpunkt (Way);T;Haardtring;49.865164;8.631792;50.0;;;;;;Interpoliert;130.1;1.6;asphalt;primary;Haardtring;9;Kurs 6
Routenpunkt (Way);T;Haardtring;49.865282;8.631755;50.0;;;;;;Interpoliert;130.2;1.2;asphalt;primary;Haardtring;9;Kurs 6
Routenpunkt (Way);T;Haardtring;49.8654;8.631718;50.0;;;;;;Interpoliert;130.3;0.75;asphalt;primary;Haardtring;9;Kurs 6
Routenpunkt (Way);T;Haardtring;49.865518;8.631681;50.0;;;;;;Interpoliert;130.4;0.08;asphalt;primary;Haardtring;9;Kurs 6
Routenpunkt (Way);T;Haardtring;49.865636;8.631644;50.0;;;;;;Original OSM;130.5;-0.59;asphalt;primary;Haardtring;9;Kurs 6
Routenpunkt (Way);T;;49.865739;8.631633;50.0;;;;;;Interpoliert (15m);130.2;-1.45;asphalt;primary;Haardtring;9;Kurs 6
Routenpunkt (Way);T;Haardtring;49.865843;8.631622;50.0;;;;;;Interpoliert;129.9;-2.01;asphalt;primary;Haardtring;9;Kurs 6
Haltestelle;W;Darmstadt Pfalzweg NHaardtring;49.865918;8.6316;50.0;;;Kein Umlauf;Mo,Di,Mi,Do,Fr;446.0;Original GTFS (Snap-Distanz 1m) | Auf Route gesnappt (3m);129.6;-2.29;asphalt;primary;Haardtring;9;Kurs 6
Routenpunkt (Way);T;;49.866051;8.631601;50.0;;;;;;Interpoliert (15m);129.3;-1.5;asphalt;primary;Haardtring;9;Kurs 6
Routenpunkt (Way);T;;49.866184;8.631602;50.0;;;;;;Interpoliert (15m);129.2;-0.71;asphalt;primary;Haardtring;9;Kurs 6
Routenpunkt (Way);T;;49.866317;8.631603;50.0;;;;;;Interpoliert (15m);129.4;0.27;asphalt;primary;Haardtring;9;Kurs 6
Routenpunkt (Way);A;Ampel;49.86645;8.631604;50.0;;;;;;Interpoliert (15m);129.6;0.94;asphalt;primary;Haardtring;9;Kurs 6
Routenpunkt (Way);T;;49.866584;8.631605;50.0;;;;;;Interpoliert (15m);129.8;1.35;asphalt;primary;Haardtring;9;Kurs 6
Routenpunkt (Way);T;;49.866717;8.631606;50.0;;;;;;Interpoliert (15m);130.0;1.08;asphalt;primary;Haardtring;9;Kurs 6
Routenpunkt (Way);T;;49.86685;8.631606;50.0;;;;;;Interpoliert (15m);130.2;0.81;asphalt;primary;Haardtring;9;Kurs 6
Routenpunkt (Way);T;;49.866983;8.631607;50.0;;;;;;Interpoliert (15m);130.2;0.54;asphalt;primary;Haardtring;9;Kurs 6
Routenpunkt (Way);T;;49.867117;8.631608;50.0;;;;;;Interpoliert (15m);130.2;0.27;asphalt;primary;;9;Kurs 6
Routenpunkt (Way);T;;49.86725;8.631609;50.0;;;;;;Interpoliert (15m);130.2;-0.27;asphalt;primary;;9;Kurs 6
Routenpunkt (Way);T;;49.867383;8.63161;50.0;;;;;;Interpoliert (15m);130.2;-0.54;asphalt;primary;;9;Kurs 6
Routenpunkt (Way);T;;49.867516;8.631611;50.0;;;;;;Interpoliert (15m);130.0;-0.81;asphalt;primary;;9;Kurs 6
Routenpunkt (Way);T;;49.86765;8.631612;50.0;;;;;;Interpoliert (15m);129.8;-1.08;asphalt;primary;;9;Kurs 6
Routenpunkt (Way);T;;49.867783;8.631613;50.0;;;;;;Interpoliert (15m);129.6;-1.35;asphalt;primary;;9;Kurs 6
Routenpunkt (Way);T;;49.867916;8.631614;50.0;;;;;;Interpoliert (15m);129.4;-1.35;asphalt;primary;;9;Kurs 6
Routenpunkt (Way);T;;49.868049;8.631614;50.0;;;;;;Interpoliert (15m);129.2;-1.08;asphalt;primary;;9;Kurs 6
Routenpunkt (Way);T;;49.868183;8.631615;50.0;;;;;;Interpoliert (15m);129.0;-0.81;asphalt;primary;;9;Kurs 6
Routenpunkt (Way);T;;49.868316;8.631616;50.0;;;;;;Interpoliert (15m);129.0;-0.54;asphalt;primary;;9;Kurs 6
Routenpunkt (Way);T;;49.868449;8.631617;50.0;;;;;;Interpoliert (15m);129.0;0.0;asphalt;primary;;9;Kurs 6
Routenpunkt (Way);T;;49.868582;8.631618;50.0;;;;;;Interpoliert (15m);129.0;0.54;asphalt;primary;;9;Kurs 6
Routenpunkt (Way);T;;49.868716;8.631619;50.0;;;;;;Interpoliert (15m);129.2;0.81;asphalt;primary;;9;Kurs 6
Routenpunkt (Way);T;;49.868849;8.63162;50.0;;;;;;Interpoliert (15m);129.4;1.08;asphalt;primary;;9;Kurs 6
Routenpunkt (Way);T;;49.868982;8.631621;50.0;;;;;;Interpoliert (15m);129.6;1.35;asphalt;primary;;9;Kurs 6
Routenpunkt (Way);T;;49.869115;8.631621;50.0;;;;;;Interpoliert (15m);129.8;1.35;asphalt;primary;;9;Kurs 6
Routenpunkt (Way);T;;49.869249;8.631622;50.0;;;;;;Interpoliert (15m);130.0;1.35;asphalt;primary;;9;Kurs 6
Routenpunkt (Way);T;;49.869382;8.631623;50.0;;;;;;Interpoliert (15m);130.2;1.35;asphalt;primary;;9;Kurs 6
Routenpunkt (Way);T;;49.869515;8.631624;50.0;;;;;;Interpoliert (15m);130.4;1.35;asphalt;primary;;9;Kurs 6
Routenpunkt (Way);T;;49.869648;8.631625;50.0;;;;;;Interpoliert (15m);130.6;1.35;asphalt;primary;;9;Kurs 6
Routenpunkt (Way);T;;49.869782;8.631626;50.0;;;;;;Interpoliert (15m);130.8;1.08;asphalt;primary;;9;Kurs 6
Routenpunkt (Way);T;;49.869915;8.631627;50.0;;;;;;Interpoliert (15m);131.0;0.81;asphalt;primary;;9;Kurs 6
Routenpunkt (Way);T;;49.870048;8.631628;50.0;;;;;;Interpoliert (15m);131.0;0.54;asphalt;primary;;9;Kurs 6
Routenpunkt (Way);T;;49.870181;8.631628;50.0;;;;;;Interpoliert (15m);131.0;0.27;asphalt;primary;;9;Kurs 6
Routenpunkt (Way);T;;49.870315;8.631629;50.0;;;;;;Interpoliert (15m);131.0;0.0;asphalt;primary;;9;Kurs 6
Routenpunkt (Way);T;;49.870448;8.63163;50.0;;;;;;Interpoliert (15m);131.0;0.0;asphalt;primary;;9;Kurs 6
Routenpunkt (Way);T;;49.870581;8.631631;50.0;;;;;;Interpoliert (15m);131.0;0.0;asphalt;primary;;9;Kurs 6
Routenpunkt (Way);T;;49.870714;8.631632;50.0;;;;;;Interpoliert (15m);131.0;0.0;asphalt;primary;;9;Kurs 6
Routenpunkt (Way);T;;49.870848;8.631633;50.0;;;;;;Interpoliert (15m);131.0;0.0;asphalt;primary;;9;Kurs 6
Routenpunkt (Way);T;;49.870981;8.631634;50.0;;;;;;Interpoliert (15m);131.0;0.27;paving_stones;service;Külpstraße;9;Kurs 6
Routenpunkt (Way);T;;49.871114;8.631635;50.0;;;;;;Interpoliert (15m);131.0;0.54;paving_stones;service;Külpstraße;9;Kurs 6
Routenpunkt (Way);T;;49.871247;8.631635;50.0;;;;;;Interpoliert (15m);131.2;0.81;paving_stones;service;Külpstraße;9;Kurs 6
Routenpunkt (Way);T;;49.871381;8.631636;50.0;;;;;;Interpoliert (15m);131.4;1.08;paving_stones;service;Külpstraße;9;Kurs 6
Routenpunkt (Way);T;;49.871514;8.631637;50.0;;;;;;Interpoliert (15m);131.6;1.62;sett;service;Am Fürstenbahnhof;9;Kurs 6
Routenpunkt (Way);T;;49.871647;8.631638;50.0;;;;;;Interpoliert (15m);131.8;1.89;asphalt;pedestrian;Am Hauptbahnhof;9;Kurs 6
Routenpunkt (Way);T;;49.87178;8.631639;50.0;;;;;;Interpoliert (15m);132.2;2.16;asphalt;pedestrian;Am Hauptbahnhof;9;Kurs 6
Routenpunkt (Way);T;;49.871914;8.63164;50.0;;;;;;Interpoliert (15m);132.6;1.89;paving_stones;pedestrian;Am Hauptbahnhof;9;Kurs 6
Routenpunkt (Way);A;Am Hauptbahnhof (Ampel);49.872047;8.631641;50.0;;;;;;Original OSM;133.0;1.76;paving_stones;pedestrian;Am Hauptbahnhof;9;Kurs 6
Haltestelle;W;Darmstadt Hauptbahnhof Ost;49.872047;8.631641;50.0;12:40:00;12:40:00;Kein Umlauf;Mo,Di,Mi,Do,Fr;446.0;Original GTFS (Snap-Distanz 37m) | Auf Route gesnappt (37m);133.1;1.36;paving_stones;pedestrian;Am Hauptbahnhof;9;Kurs 6
Routenpunkt (Way);T;;49.871922;8.631685;50.0;;;;;;Interpoliert (15m);133.2;0.65;paving_stones;pedestrian;Am Hauptbahnhof;9;Kurs 6
Routenpunkt (Way);T;Am Hauptbahnhof;49.871798;8.63173;50.0;;;;;;Original OSM;133.3;-0.06;asphalt;pedestrian;Am Hauptbahnhof;9;Kurs 6
Routenpunkt (Way);T;;49.871718;8.631834;50.0;;;;;;Interpoliert (15m);133.2;-0.25;asphalt;pedestrian;Am Hauptbahnhof;9;Kurs 6
Routenpunkt (Way);T;Am Hauptbahnhof;49.871638;8.631939;50.0;;;;;;Interpoliert;133.1;-0.58;paving_stones;pedestrian;Am Hauptbahnhof;9;Kurs 6
Routenpunkt (Way);T;Am Hauptbahnhof;49.871554;8.632013;50.0;;;;;;Original OSM;133.0;-1.26;paving_stones;pedestrian;Am Hauptbahnhof;9;Kurs 6
Routenpunkt (Way);T;Am Hauptbahnhof;49.871471;8.632083;50.0;;;;;;Interpoliert;132.9;-1.62;paving_stones;pedestrian;Am Hauptbahnhof;9;Kurs 6
Routenpunkt (Way);T;;49.871384;8.632158;50.0;;;;;;Interpoliert (15m);132.6;-1.45;paving_stones;pedestrian;Am Hauptbahnhof;9;Kurs 6
Routenpunkt (Way);T;Am Hauptbahnhof;49.871296;8.632234;50.0;;;;;;Original OSM;132.3;-0.84;paving_stones;pedestrian;Am Hauptbahnhof;9;Kurs 6
Routenpunkt (Way);T;;49.871184;8.632328;50.0;;;;;;Interpoliert (15m);132.3;-0.17;paving_stones;pedestrian;Am Hauptbahnhof;9;Kurs 6
Routenpunkt (Way);T;Am Hauptbahnhof;49.871073;8.632422;50.0;;;;;;Interpoliert;132.6;0.85;paving_stones;pedestrian;Am Hauptbahnhof;9;Kurs 6
Routenpunkt (Way);T;Am Hauptbahnhof;49.870975;8.632506;50.0;;;;;;Interpoliert;132.9;1.86;paving_stones;pedestrian;Am Hauptbahnhof;9;Kurs 6
Routenpunkt (Way);T;Am Hauptbahnhof;49.870876;8.63259;50.0;;;;;;Interpoliert;133.2;2.3;paving_stones;pedestrian;Am Hauptbahnhof;9;Kurs 6
Routenpunkt (Way);T;Am Hauptbahnhof;49.870777;8.632674;50.0;;;;;;Interpoliert;133.5;2.6;paving_stones;pedestrian;Am Hauptbahnhof;9;Kurs 6
Routenpunkt (Way);T;Am Hauptbahnhof;49.870668;8.632766;50.0;;;;;;Original OSM;133.8;2.88;paving_stones;pedestrian;Am Hauptbahnhof;9;Kurs 6
Routenpunkt (Way);T;Am Hauptbahnhof;49.870561;8.632861;50.0;;;;;;Interpoliert;134.3;3.17;paving_stones;pedestrian;Am Hauptbahnhof;9;Kurs 6
Routenpunkt (Way);T;;49.87048;8.632994;50.0;;;;;;Interpoliert (15m);134.8;3.65;asphalt;busway;Am Hauptbahnhof;9;Kurs 6
Routenpunkt (Way);T;Am Hauptbahnhof;49.870399;8.633126;50.0;;;;;;Original OSM;135.3;3.59;asphalt;busway;Am Hauptbahnhof;9;Kurs 6
Routenpunkt (Way);A;Ampel;49.870399;8.633272;50.0;;;;;;Interpoliert (15m);135.8;2.87;asphalt;busway;Am Hauptbahnhof;9;Kurs 6
Routenpunkt (Way);T;;49.870399;8.633418;50.0;;;;;;Interpoliert (15m);136.0;2.1;asphalt;busway;Rheinstraße;9;Kurs 6
Routenpunkt (Way);T;Rheinstraße;49.870399;8.633564;50.0;;;;;;Interpoliert;136.0;1.34;asphalt;busway;Rheinstraße;9;Kurs 6
Routenpunkt (Way);T;Rheinstraße;49.870425;8.633749;50.0;;;;;;Interpoliert;136.0;0.38;asphalt;busway;Rheinstraße;9;Kurs 6
Routenpunkt (Way);T;Rheinstraße;49.87045;8.633933;50.0;;;;;;Original OSM;136.0;0.0;asphalt;busway;Rheinstraße;9;Kurs 6
Routenpunkt (Way);T;Rheinstraße;49.870477;8.634133;50.0;;;;;;Interpoliert;136.0;-0.27;asphalt;busway;Rheinstraße;9;Kurs 6
Routenpunkt (Way);T;Rheinstraße;49.870505;8.634333;50.0;;;;;;Interpoliert;136.0;-0.55;asphalt;busway;Rheinstraße;9;Kurs 6
Routenpunkt (Way);T;Rheinstraße;49.870533;8.634533;50.0;;;;;;Interpoliert;135.8;-0.82;asphalt;busway;Rheinstraße;9;Kurs 6
Routenpunkt (Way);T;Rheinstraße;49.87056;8.634733;50.0;;;;;;Interpoliert;135.6;-1.09;asphalt;busway;Rheinstraße;9;Kurs 6
Routenpunkt (Way);T;Rheinstraße;49.870588;8.634934;50.0;;;;;;Interpoliert;135.4;-1.09;asphalt;busway;Rheinstraße;9;Kurs 6
Routenpunkt (Way);T;Rheinstraße;49.870615;8.635134;50.0;;;;;;Interpoliert;135.2;-0.4;asphalt;busway;Rheinstraße;9;Kurs 6
Routenpunkt (Way);T;Rheinstraße;49.870643;8.635334;50.0;;;;;;Interpoliert;135.2;0.28;asphalt;busway;Rheinstraße;9;Kurs 6
Routenpunkt (Way);T;;49.870649;8.635468;50.0;;;;;;Interpoliert (15m);135.4;1.09;asphalt;busway;Rheinstraße;9;Kurs 6
Routenpunkt (Way);T;Rheinstraße;49.870655;8.635603;50.0;;;;;;Original OSM;135.6;1.68;asphalt;busway;Rheinstraße;9;Kurs 6
Haltestelle;W;Darmstadt Berliner Allee;49.870692;8.63569;50.0;;;Kein Umlauf;Mo,Di,Mi,Do,Fr;446.0;Original GTFS (Snap-Distanz 8m) | Auf Route gesnappt (8m);135.8;1.96;asphalt;busway;Rheinstraße;9;Kurs 6
Routenpunkt (Way);T;Berliner Allee;49.870683;8.635868;50.0;;;;;;Interpoliert;136.0;1.55;asphalt;busway;Rheinstraße;9;Kurs 6
Routenpunkt (Way);T;;49.870712;8.636057;50.0;;;;;;Interpoliert (15m);136.2;1.14;asphalt;busway;Rheinstraße;9;Kurs 6
Routenpunkt (Way);T;Berliner Allee;49.87074;8.636245;50.0;;;;;;Interpoliert;136.2;0.6;asphalt;busway;Rheinstraße;9;Kurs 6
Routenpunkt (Way);T;;49.870757;8.636381;50.0;;;;;;Interpoliert (15m);136.2;0.29;asphalt;busway;Rheinstraße;9;Kurs 6
Routenpunkt (Way);T;Berliner Allee;49.870774;8.636517;50.0;;;;;;Original OSM;136.2;0.0;asphalt;busway;Rheinstraße;9;Kurs 6
Routenpunkt (Way);T;;49.870806;8.636632;50.0;;;;;;Interpoliert (15m);136.2;0.0;asphalt;busway;Rheinstraße;9;Kurs 6
Routenpunkt (Way);T;Rheinstraße;49.870837;8.636746;50.0;;;;;;Interpoliert;136.2;0.0;asphalt;busway;Rheinstraße;9;Kurs 6
Routenpunkt (Way);T;Rheinstraße;49.870864;8.636941;50.0;;;;;;Interpoliert;136.2;0.0;asphalt;busway;Rheinstraße;9;Kurs 6
Routenpunkt (Way);T;Rheinstraße;49.870891;8.637136;50.0;;;;;;Interpoliert;136.2;0.0;asphalt;busway;Rheinstraße;9;Kurs 6
Routenpunkt (Way);T;Rheinstraße;49.870918;8.637331;50.0;;;;;;Interpoliert;136.2;0.0;asphalt;busway;Rheinstraße;9;Kurs 6
Routenpunkt (Way);T;Rheinstraße;49.870945;8.637526;50.0;;;;;;Interpoliert;136.2;0.28;asphalt;busway;Rheinstraße;9;Kurs 6
Routenpunkt (Way);T;Rheinstraße;49.870972;8.637722;50.0;;;;;;Interpoliert;136.2;0.56;asphalt;busway;Rheinstraße;9;Kurs 6
Routenpunkt (Way);T;Rheinstraße;49.870998;8.637917;50.0;;;;;;Interpoliert;136.4;0.84;asphalt;busway;Rheinstraße;9;Kurs 6
Routenpunkt (Way);T;Rheinstraße;49.871025;8.638112;50.0;;;;;;Interpoliert;136.6;0.98;asphalt;busway;Rheinstraße;9;Kurs 6
Routenpunkt (Way);T;Rheinstraße;49.871052;8.638307;50.0;;;;;;Interpoliert;136.8;0.84;asphalt;busway;Rheinstraße;9;Kurs 6
Routenpunkt (Way);T;Rheinstraße;49.871079;8.638502;50.0;;;;;;Interpoliert;136.9;0.42;asphalt;busway;;9;Kurs 6
Routenpunkt (Way);T;Rheinstraße;49.871106;8.638697;50.0;;;;;;Interpoliert;136.8;-0.0;asphalt;busway;;9;Kurs 6
Routenpunkt (Way);T;Rheinstraße;49.871133;8.638892;50.0;;;;;;Interpoliert;136.7;-0.14;asphalt;busway;;9;Kurs 6
Routenpunkt (Way);T;Rheinstraße;49.87116;8.639087;50.0;;;;;;Interpoliert;136.6;-0.14;asphalt;busway;;9;Kurs 6
Routenpunkt (Way);T;Rheinstraße;49.871186;8.639282;50.0;;;;;;Interpoliert;136.7;0.14;asphalt;busway;;9;Kurs 6
Routenpunkt (Way);T;Rheinstraße;49.871213;8.639477;50.0;;;;;;Interpoliert;136.8;0.42;asphalt;busway;Rheinstraße;9;Kurs 6
Routenpunkt (Way);T;Rheinstraße;49.87124;8.639672;50.0;;;;;;Original OSM;136.9;0.7;asphalt;busway;Rheinstraße;9;Kurs 6
Routenpunkt (Way);T;Rheinstraße;49.871267;8.639864;50.0;;;;;;Interpoliert;137.0;0.85;asphalt;busway;Rheinstraße;9;Kurs 6
Routenpunkt (Way);T;Rheinstraße;49.871293;8.640056;50.0;;;;;;Interpoliert;137.1;1.14;asphalt;busway;Rheinstraße;9;Kurs 6
Routenpunkt (Way);T;Rheinstraße;49.87132;8.640248;50.0;;;;;;Interpoliert;137.3;1.42;asphalt;busway;Rheinstraße;9;Kurs 6
Routenpunkt (Way);T;Rheinstraße;49.871346;8.64044;50.0;;;;;;Interpoliert;137.6;1.71;asphalt;busway;Rheinstraße;9;Kurs 6
Routenpunkt (Way);T;Rheinstraße;49.871372;8.640632;50.0;;;;;;Interpoliert;137.9;1.85;asphalt;busway;Rheinstraße;9;Kurs 6
Routenpunkt (Way);T;Rheinstraße;49.871399;8.640824;50.0;;;;;;Interpoliert;138.2;1.56;asphalt;busway;Rheinstraße;9;Kurs 6
Routenpunkt (Way);T;Rheinstraße;49.871425;8.641015;50.0;;;;;;Interpoliert;138.4;1.14;asphalt;busway;Rheinstraße;9;Kurs 6
Routenpunkt (Way);T;Rheinstraße;49.871452;8.641207;50.0;;;;;;Interpoliert;138.4;0.71;asphalt;busway;Rheinstraße;9;Kurs 6
Routenpunkt (Way);T;Rheinstraße;49.871478;8.641399;50.0;;;;;;Original OSM;138.4;0.28;asphalt;busway;Rheinstraße;9;Kurs 6
Routenpunkt (Way);T;;49.871501;8.641564;50.0;;;;;;Interpoliert (15m);138.4;0.17;asphalt;busway;Rheinstraße;9;Kurs 6
Routenpunkt (Way);T;Rheinstraße;49.871524;8.641729;50.0;;;;;;Original OSM;138.4;0.17;asphalt;busway;Rheinstraße;9;Kurs 6
Routenpunkt (Way);T;;49.871546;8.641887;50.0;;;;;;Interpoliert (15m);138.5;0.17;asphalt;busway;Rheinstraße;9;Kurs 6
Routenpunkt (Way);T;Rheinstraße;49.871568;8.642045;50.0;;;;;;Interpoliert;138.5;0.17;asphalt;busway;Rheinstraße;9;Kurs 6
Routenpunkt (Way);T;Rheinstraße;49.871594;8.642232;50.0;;;;;;Interpoliert;138.5;0.32;asphalt;busway;Rheinstraße;9;Kurs 6
Routenpunkt (Way);T;Rheinstraße;49.871619;8.64242;50.0;;;;;;Interpoliert;138.5;0.44;asphalt;busway;Rheinstraße;9;Kurs 6
Routenpunkt (Way);T;Rheinstraße;49.871645;8.642607;50.0;;;;;;Interpoliert;138.6;0.72;asphalt;busway;Rheinstraße;9;Kurs 6
Routenpunkt (Way);T;Rheinstraße;49.871671;8.642795;50.0;;;;;;Interpoliert;138.8;1.0;asphalt;busway;Rheinstraße;9;Kurs 6
Routenpunkt (Way);T;;49.871683;8.642993;50.0;;;;;;Interpoliert (15m);139.0;1.32;asphalt;busway;Rheinstraße;9;Kurs 6
Routenpunkt (Way);T;Rheinstraße;49.871696;8.64319;50.0;;;;;;Interpoliert;139.2;1.49;asphalt;busway;Rheinstraße;9;Kurs 6
Routenpunkt (Way);T;;49.871721;8.643361;50.0;;;;;;Interpoliert (15m);139.4;1.36;asphalt;busway;Rheinstraße;9;Kurs 6
Routenpunkt (Way);T;;49.871746;8.643531;50.0;;;;;;Interpoliert (15m);139.6;1.24;asphalt;busway;Rheinstraße;9;Kurs 6
Routenpunkt (Way);T;;49.871771;8.643701;50.0;;;;;;Interpoliert (15m);139.7;1.1;asphalt;busway;Rheinstraße;9;Kurs 6
Routenpunkt (Way);T;Rhein-/Neckarstraße;49.871796;8.643871;50.0;;;;;;Interpoliert;139.8;0.92;asphalt;busway;Rheinstraße;9;Kurs 6
Routenpunkt (Way);T;;49.871832;8.644064;50.0;;;;;;Interpoliert (15m);139.9;0.74;asphalt;busway;Rheinstraße;9;Kurs 6
Routenpunkt (Way);T;;49.871868;8.644257;50.0;;;;;;Interpoliert (15m);140.0;0.77;asphalt;busway;Rheinstraße;9;Kurs 6
Routenpunkt (Way);T;Rheinstraße;49.871904;8.64445;50.0;;;;;;Original OSM;140.1;0.76;asphalt;busway;Rheinstraße;9;Kurs 6
Haltestelle;W;Darmstadt Rhein-/Neckarstraße;49.871925;8.644589;50.0;;;Kein Umlauf;Mo,Di,Mi,Do,Fr;446.0;Original GTFS (Snap-Distanz 43m) | Auf Route gesnappt (43m);140.2;0.79;asphalt;busway;Rheinstraße;9;Kurs 6
Routenpunkt (Way);T;Rheinstraße;49.871955;8.644779;50.0;;;;;;Original OSM;140.3;0.48;asphalt;busway;Rheinstraße;9;Kurs 6
Routenpunkt (Way);T;;49.871979;8.644939;50.0;;;;;;Interpoliert (15m);140.4;0.19;asphalt;busway;Rheinstraße;9;Kurs 6
Routenpunkt (Way);T;Rheinstraße;49.872003;8.645099;50.0;;;;;;Interpoliert;140.3;-0.15;asphalt;busway;Rheinstraße;9;Kurs 6
Routenpunkt (Way);T;Rheinstraße;49.87203;8.645283;50.0;;;;;;Interpoliert;140.2;-0.44;asphalt;busway;Rheinstraße;9;Kurs 6
Routenpunkt (Way);T;Rheinstraße;49.872057;8.645468;50.0;;;;;;Interpoliert;140.1;-0.76;asphalt;busway;Rheinstraße;9;Kurs 6
Routenpunkt (Way);T;Rheinstraße;49.872084;8.645653;50.0;;;;;;Interpoliert;140.0;-0.15;asphalt;busway;Rheinstraße;9;Kurs 6
Routenpunkt (Way);T;Rheinstraße;49.872111;8.645837;50.0;;;;;;Interpoliert;139.9;0.29;asphalt;busway;Rheinstraße;9;Kurs 6
Routenpunkt (Way);T;Rheinstraße;49.872138;8.646022;50.0;;;;;;Interpoliert;140.2;0.74;asphalt;busway;Rheinstraße;9;Kurs 6
Routenpunkt (Way);T;Rheinstraße;49.872166;8.646207;50.0;;;;;;Interpoliert;140.4;1.18;asphalt;busway;Rheinstraße;9;Kurs 6
Routenpunkt (Way);T;Rheinstraße;49.872193;8.646391;50.0;;;;;;Interpoliert;140.6;1.47;asphalt;busway;Rheinstraße;9;Kurs 6
Routenpunkt (Way);T;Rheinstraße;49.87222;8.646576;50.0;;;;;;Interpoliert;140.8;1.46;asphalt;busway;Rheinstraße;9;Kurs 6
Routenpunkt (Way);T;Rheinstraße;49.872247;8.64676;50.0;;;;;;Original OSM;140.9;1.59;asphalt;busway;Rheinstraße;9;Kurs 6
Routenpunkt (Way);T;Rheinstraße;49.872274;8.646952;50.0;;;;;;Interpoliert;141.2;1.72;asphalt;busway;Rheinstraße;9;Kurs 6
Routenpunkt (Way);T;Rheinstraße;49.872302;8.647144;50.0;;;;;;Interpoliert;141.5;1.85;asphalt;busway;Rheinstraße;9;Kurs 6
Routenpunkt (Way);T;Rheinstraße;49.872329;8.647335;50.0;;;;;;Interpoliert;141.8;2.27;asphalt;busway;Rheinstraße;9;Kurs 6
Routenpunkt (Way);T;Rheinstraße;49.872357;8.647527;50.0;;;;;;Interpoliert;142.1;1.85;asphalt;busway;Rheinstraße;9;Kurs 6
Routenpunkt (Way);T;Rheinstraße;49.872384;8.647719;50.0;;;;;;Interpoliert;142.5;1.42;asphalt;busway;Rheinstraße;9;Kurs 6
Routenpunkt (Way);T;Rheinstraße;49.872412;8.64791;50.0;;;;;;Interpoliert;142.5;0.99;asphalt;busway;Rheinstraße;9;Kurs 6
Routenpunkt (Way);T;Rheinstraße;49.87244;8.648102;50.0;;;;;;Interpoliert;142.5;0.57;asphalt;busway;Rheinstraße;9;Kurs 6
Routenpunkt (Way);T;Rheinstraße;49.872467;8.648294;50.0;;;;;;Interpoliert;142.5;0.14;asphalt;busway;Rheinstraße;9;Kurs 6
Routenpunkt (Way);T;Rheinstraße;49.872495;8.648485;50.0;;;;;;Interpoliert;142.5;0.28;asphalt;busway;Rheinstraße;9;Kurs 6
Routenpunkt (Way);T;Rheinstraße;49.872522;8.648677;50.0;;;;;;Interpoliert;142.6;0.43;asphalt;busway;;9;Kurs 6
Routenpunkt (Way);T;Rheinstraße;49.87255;8.648869;30.0;;;;;;Interpoliert;142.7;0.57;asphalt;residential;Grafenstraße;9;Kurs 6
Routenpunkt (Way);A;Rheinstraße (Ampel);49.872577;8.64906;30.0;;;;;;Original OSM;142.8;1.02;asphalt;residential;Grafenstraße;9;Kurs 6
Routenpunkt (Way);T;Rheinstraße;49.872603;8.649246;30.0;;;;;;Interpoliert;142.9;1.17;asphalt;busway;Rheinstraße;9;Kurs 6
Routenpunkt (Way);T;Rheinstraße;49.872628;8.649431;30.0;;;;;;Interpoliert;143.2;1.32;asphalt;busway;Rheinstraße;9;Kurs 6
Routenpunkt (Way);T;Rheinstraße;49.872654;8.649616;30.0;;;;;;Interpoliert;143.4;1.47;asphalt;busway;Rheinstraße;9;Kurs 6
Routenpunkt (Way);T;Rheinstraße;49.872679;8.649801;30.0;;;;;;Interpoliert;143.6;1.72;asphalt;busway;Rheinstraße;9;Kurs 6
Routenpunkt (Way);T;Rheinstraße;49.872705;8.649986;30.0;;;;;;Interpoliert;143.8;1.48;asphalt;busway;Rheinstraße;9;Kurs 6
Routenpunkt (Way);T;;49.872722;8.650125;30.0;;;;;;Interpoliert (15m);144.0;1.35;asphalt;busway;Rheinstraße;9;Kurs 6
Routenpunkt (Way);T;Luisenplatz;49.872739;8.650264;30.0;;;;;;Original OSM;144.1;1.22;asphalt;unclassified;Luisenplatz;9;Kurs 6
Routenpunkt (Way);T;;49.872736;8.650429;30.0;;;;;;Interpoliert (15m);144.2;1.09;paving_stones;unclassified;Luisenplatz;9;Kurs 6
Routenpunkt (Way);T;Luisenplatz;49.872733;8.650595;30.0;;;;;;Original OSM;144.3;0.88;paving_stones;unclassified;Luisenplatz;9;Kurs 6
Routenpunkt (Way);T;Luisenplatz;49.872713;8.650768;30.0;;;;;;Interpoliert;144.4;0.68;paving_stones;unclassified;Luisenplatz;9;Kurs 6
Routenpunkt (Way);T;Luisenplatz;49.872695;8.650914;30.0;;;;;;Original OSM;144.5;0.52;paving_stones;unclassified;Luisenplatz;9;Kurs 6
Routenpunkt (Way);T;;49.87269;8.651114;30.0;;;;;;Interpoliert (15m);144.5;0.35;paving_stones;unclassified;Luisenplatz;9;Kurs 6
Routenpunkt (Way);T;Luisenplatz;49.872685;8.651314;30.0;;;;;;Original OSM;144.5;0.19;paving_stones;unclassified;Luisenplatz;9;Kurs 6
Haltestelle;W;Darmstadt Luisenplatz;49.872704;8.651351;30.0;12:47:00;12:47:00;Kein Umlauf;Mo,Di,Mi,Do,Fr;446.0;Original GTFS (Snap-Distanz 21m) | Auf Route gesnappt (21m);144.5;0.0;paving_stones;unclassified;Luisenplatz;9;Kurs 6
Routenpunkt (Way);T;Luisenplatz;49.872735;8.651549;30.0;;;;;;Original OSM;144.5;0.14;paving_stones;unclassified;Luisenplatz;9;Kurs 6
Routenpunkt (Way);T;;49.872804;8.651714;30.0;;;;;;Interpoliert (15m);144.5;0.43;paving_stones;unclassified;Luisenplatz;9;Kurs 6
Routenpunkt (Way);T;;49.872872;8.65188;30.0;;;;;;Interpoliert (15m);144.6;0.84;paving_stones;unclassified;Luisenplatz;9;Kurs 6
Routenpunkt (Way);T;Luisenplatz;49.872941;8.652045;30.0;;;;;;Original OSM;144.8;1.25;paving_stones;unclassified;Luisenplatz;9;Kurs 6
Routenpunkt (Way);T;;49.872963;8.652176;30.0;;;;;;Interpoliert (15m);145.0;1.54;asphalt;unclassified;Rheinstraße;9;Kurs 6
Routenpunkt (Way);T;Rheinstraße;49.872985;8.652306;30.0;;;;;;Interpoliert;145.2;1.69;asphalt;unclassified;Rheinstraße;9;Kurs 6
Routenpunkt (Way);T;Rheinstraße;49.873011;8.652495;30.0;;;;;;Interpoliert;145.4;1.69;asphalt;unclassified;Rheinstraße;9;Kurs 6
Routenpunkt (Way);T;Rheinstraße;49.873037;8.652684;30.0;;;;;;Interpoliert;145.6;1.57;asphalt;unclassified;Rheinstraße;9;Kurs 6
Routenpunkt (Way);T;Rheinstraße;49.873063;8.652872;30.0;;;;;;Interpoliert;145.8;1.49;asphalt;unclassified;Rheinstraße;9;Kurs 6
Routenpunkt (Way);T;Rheinstraße;49.873089;8.653061;30.0;;;;;;Interpoliert;146.0;1.54;asphalt;unclassified;Rheinstraße;9;Kurs 6
Routenpunkt (Way);T;;49.873097;8.653226;30.0;;;;;;Interpoliert (15m);146.2;1.59;asphalt;unclassified;Rheinstraße;9;Kurs 6
Routenpunkt (Way);T;;49.873106;8.653391;30.0;;;;;;Interpoliert (15m);146.4;2.13;asphalt;unclassified;Rheinstraße;9;Kurs 6
Routenpunkt (Way);T;Rheinstraße;49.873114;8.653557;30.0;;;;;;Original OSM;146.6;2.67;asphalt;unclassified;Rheinstraße;9;Kurs 6
Routenpunkt (Way);T;;49.873064;8.653706;30.0;;;;;;Interpoliert (15m);147.1;3.17;asphalt;unclassified;Rheinstraße;9;Kurs 6
Routenpunkt (Way);T;;49.873015;8.653854;30.0;;;;;;Interpoliert (15m);147.6;3.65;asphalt;unclassified;Rheinstraße;9;Kurs 6
Routenpunkt (Way);T;Rheinstraße;49.872965;8.654003;30.0;;;;;;Interpoliert;148.1;4.03;asphalt;unclassified;Rheinstraße;9;Kurs 6
Routenpunkt (Way);T;Rheinstraße;49.872898;8.654139;30.0;;;;;;Interpoliert;148.6;4.28;asphalt;unclassified;Rheinstraße;9;Kurs 6
Routenpunkt (Way);T;;49.872845;8.654271;30.0;;;;;;Interpoliert (15m);149.0;4.5;asphalt;unclassified;Rheinstraße;9;Kurs 6
Routenpunkt (Way);T;Rheinstraße;49.872792;8.654403;30.0;;;;;;Original OSM;149.6;4.73;asphalt;unclassified;Rheinstraße;9;Kurs 6
Routenpunkt (Way);T;;49.872796;8.654562;30.0;;;;;;Interpoliert (15m);150.2;4.88;paving_stones;unclassified;Marktplatz;9;Kurs 6
Routenpunkt (Way);T;Marktplatz;49.8728;8.65472;30.0;;;;;;Interpoliert;150.8;5.01;paving_stones;unclassified;Marktplatz;9;Kurs 6
Routenpunkt (Way);T;Marktplatz;49.872817;8.65489;30.0;;;;;;Original OSM;151.4;4.21;paving_stones;unclassified;Marktplatz;9;Kurs 6
Routenpunkt (Way);T;Marktplatz;49.872838;8.655085;30.0;;;;;;Interpoliert;152.0;3.16;paving_stones;unclassified;Marktplatz;9;Kurs 6
Routenpunkt (Way);T;Marktplatz;49.87286;8.655281;30.0;;;;;;Original OSM;152.2;2.1;paving_stones;unclassified;Marktplatz;9;Kurs 6
Haltestelle;W;Darmstadt Schloss;49.87286;8.655281;30.0;12:48:00;12:48:00;Kein Umlauf;Mo,Di,Mi,Do,Fr;446.0;Original GTFS (Snap-Distanz 3m) | Auf Route gesnappt (3m);152.4;0.96;paving_stones;unclassified;Marktplatz;9;Kurs 6
Routenpunkt (Way);T;Marktplatz;49.87286;8.655281;30.0;;;;;;Original OSM;152.3;-0.04;paving_stones;unclassified;Marktplatz;9;Kurs 6
Routenpunkt (Way);T;;49.872907;8.655436;30.0;;;;;;Interpoliert (15m);152.2;-0.75;sett;unclassified;Marktplatz;9;Kurs 6
Routenpunkt (Way);T;Schloss;49.872955;8.655591;30.0;;;;;;Original OSM;152.1;-1.46;sett;unclassified;Marktplatz;9;Kurs 6
Routenpunkt (Way);T;;49.872998;8.655775;30.0;;;;;;Interpoliert (15m);151.8;-2.17;sett;unclassified;Marktplatz;9;Kurs 6
Routenpunkt (Way);T;;49.873042;8.65596;30.0;;;;;;Interpoliert (15m);151.3;-2.84;sett;unclassified;Marktplatz;9;Kurs 6
Routenpunkt (Way);A;Marktplatz (Ampel);49.873085;8.656144;30.0;;;;;;Original OSM;150.8;-3.51;sett;busway;Schlossgraben;9;Kurs 6
Routenpunkt (Way);T;;49.873189;8.656191;30.0;;;;;;Interpoliert (15m);150.3;-3.92;sett;busway;Schlossgraben;9;Kurs 6
Routenpunkt (Way);T;;49.873293;8.656237;30.0;;;;;;Interpoliert (15m);149.8;-4.19;paving_stones;busway;Schlossgraben;9;Kurs 6
Routenpunkt (Way);T;Schlossgraben;49.873397;8.656284;30.0;;;;;;Original OSM;149.3;-3.76;paving_stones;busway;Schlossgraben;9;Kurs 6
Routenpunkt (Way);T;Schlossgraben;49.873486;8.656255;30.0;;;;;;Interpoliert;148.8;-3.22;paving_stones;busway;Schlossgraben;9;Kurs 6
Routenpunkt (Way);T;;49.87361;8.656215;30.0;;;;;;Interpoliert (15m);148.6;-2.39;paving_stones;busway;Schlossgraben;9;Kurs 6
Routenpunkt (Way);T;Schlossgraben;49.873734;8.656175;30.0;;;;;;Original OSM;148.4;-1.55;paving_stones;busway;Schlossgraben;9;Kurs 6
Routenpunkt (Way);T;;49.873827;8.656144;30.0;;;;;;Interpoliert (15m);148.4;-0.2;paving_stones;busway;Schlossgraben;9;Kurs 6
Routenpunkt (Way);T;;49.873921;8.656112;30.0;;;;;;Interpoliert (15m);148.4;0.45;paving_stones;busway;Schlossgraben;9;Kurs 6
Routenpunkt (Way);T;Schlossgraben;49.874015;8.656081;30.0;;;;;;Interpoliert;148.6;1.08;paving_stones;busway;Schlossgraben;9;Kurs 6
Routenpunkt (Way);T;Schlossgraben;49.874111;8.656048;30.0;;;;;;Interpoliert;148.8;1.43;paving_stones;busway;Schlossgraben;9;Kurs 6
Routenpunkt (Way);T;;49.874212;8.656003;30.0;;;;;;Interpoliert (15m);149.0;1.76;paving_stones;busway;;9;Kurs 6
Routenpunkt (Way);T;Schlossgraben;49.874313;8.655958;30.0;;;;;;Original OSM;149.2;1.71;paving_stones;busway;;9;Kurs 6
Routenpunkt (Way);T;;49.874415;8.655901;30.0;;;;;;Interpoliert (15m);149.4;1.78;paving_stones;busway;;9;Kurs 6
Routenpunkt (Way);T;Unbekannt;49.874518;8.655843;30.0;;;;;;Original OSM;149.6;1.88;paving_stones;busway;;9;Kurs 6
Routenpunkt (Way);T;;49.874543;8.655964;50.0;;;;;;Interpoliert (15m);149.8;1.54;asphalt;secondary;Alexanderstraße;9;Kurs 6
Routenpunkt (Way);T;Alexanderstraße;49.874569;8.656085;50.0;;;;;;Original OSM;150.0;1.21;asphalt;secondary;Alexanderstraße;9;Kurs 6
Routenpunkt (Way);T;;49.874586;8.656209;50.0;;;;;;Interpoliert (15m);150.0;0.88;asphalt;secondary;Alexanderstraße;9;Kurs 6
Routenpunkt (Way);T;Alexanderstraße;49.874603;8.656333;50.0;;;;;;Interpoliert;150.0;0.44;asphalt;secondary;Alexanderstraße;9;Kurs 6
Routenpunkt (Way);T;Alexanderstraße;49.874627;8.656509;50.0;;;;;;Interpoliert;150.0;0.0;asphalt;secondary;Alexanderstraße;9;Kurs 6
Routenpunkt (Way);T;;49.87465;8.656654;50.0;;;;;;Interpoliert (15m);150.0;0.0;asphalt;secondary;Alexanderstraße;9;Kurs 6
Routenpunkt (Way);T;Alexanderstraße;49.874673;8.656799;50.0;;;;;;Original OSM;150.0;0.21;asphalt;secondary;Alexanderstraße;9;Kurs 6
Routenpunkt (Way);T;;49.874701;8.656927;50.0;;;;;;Interpoliert (15m);150.0;0.39;asphalt;secondary;Alexanderstraße;9;Kurs 6
Routenpunkt (Way);T;Alexanderstraße;49.874729;8.657054;50.0;;;;;;Interpoliert;150.1;0.58;asphalt;secondary;Alexanderstraße;9;Kurs 6
Routenpunkt (Way);T;;49.874762;8.657195;50.0;;;;;;Interpoliert (15m);150.2;0.76;asphalt;secondary;Alexanderstraße;9;Kurs 6
Routenpunkt (Way);T;Alexanderstraße;49.874795;8.657337;50.0;;;;;;Original OSM;150.3;0.94;asphalt;secondary;Alexanderstraße;9;Kurs 6
Routenpunkt (Way);T;;49.874829;8.657482;50.0;;;;;;Interpoliert (15m);150.4;1.28;asphalt;secondary;Alexanderstraße;9;Kurs 6
Routenpunkt (Way);T;;49.874863;8.657626;50.0;;;;;;Interpoliert (15m);150.5;1.67;asphalt;secondary;Alexanderstraße;9;Kurs 6
Routenpunkt (Way);T;Alexanderstraße;49.874897;8.65777;50.0;;;;;;Interpoliert;150.8;2.35;asphalt;secondary;Alexanderstraße;9;Kurs 6
Routenpunkt (Way);T;Alexanderstraße;49.87494;8.657952;50.0;;;;;;Interpoliert;151.2;3.04;asphalt;secondary;Alexanderstraße;9;Kurs 6
Routenpunkt (Way);T;;49.874968;8.658073;50.0;;;;;;Interpoliert (15m);151.6;3.77;asphalt;secondary;Alexanderstraße;9;Kurs 6
Routenpunkt (Way);T;Alexanderstraße;49.874996;8.658194;50.0;;;;;;Original OSM;152.0;3.91;asphalt;secondary;Alexanderstraße;9;Kurs 6
Routenpunkt (Way);T;;49.875023;8.65831;50.0;;;;;;Interpoliert (15m);152.4;3.82;asphalt;secondary;Alexanderstraße;9;Kurs 6
Routenpunkt (Way);T;Alexanderstraße;49.87505;8.658425;50.0;;;;;;Original OSM;152.7;3.48;asphalt;secondary;Alexanderstraße;9;Kurs 6
Routenpunkt (Way);T;Alexanderstraße;49.875089;8.658583;50.0;;;;;;Original OSM;153.0;3.05;asphalt;secondary;Alexanderstraße;9;Kurs 6
Routenpunkt (Way);T;Alexanderstraße;49.875122;8.658734;50.0;;;;;;Original OSM;153.3;2.58;asphalt;secondary;Alexanderstraße;9;Kurs 6
Routenpunkt (Way);T;Alexanderstraße;49.875164;8.658913;50.0;;;;;;Interpoliert;153.6;2.14;asphalt;secondary;Alexanderstraße;9;Kurs 6
Routenpunkt (Way);T;Alexanderstraße;49.875206;8.659092;50.0;;;;;;Original OSM;153.9;1.65;asphalt;secondary;Alexanderstraße;9;Kurs 6
Routenpunkt (Way);T;;49.87523;8.659199;50.0;;;;;;Interpoliert (15m);154.0;1.46;asphalt;secondary;Alexanderstraße;9;Kurs 6
Routenpunkt (Way);T;Alexanderstraße;49.875255;8.659305;50.0;;;;;;Original OSM;154.0;1.36;asphalt;secondary;Alexanderstraße;9;Kurs 6
Routenpunkt (Way);T;;49.875305;8.659452;50.0;;;;;;Interpoliert (15m);154.2;1.26;asphalt;secondary;Alexanderstraße;9;Kurs 6
Routenpunkt (Way);T;;49.875355;8.659598;50.0;;;;;;Interpoliert (15m);154.4;1.32;asphalt;secondary;Alexanderstraße;9;Kurs 6
Routenpunkt (Way);T;Alexanderstraße;49.875406;8.659744;50.0;;;;;;Original OSM;154.6;1.62;asphalt;secondary;Alexanderstraße;9;Kurs 6
Routenpunkt (Way);T;;49.875472;8.659896;50.0;;;;;;Interpoliert (15m);154.8;1.66;asphalt;secondary;Alexanderstraße;9;Kurs 6
Routenpunkt (Way);T;Alexanderstraße;49.875538;8.660047;50.0;;;;;;Original OSM;155.0;1.58;asphalt;secondary;Alexanderstraße;9;Kurs 6
Routenpunkt (Way);T;Alexanderstraße;49.875595;8.660168;50.0;;;;;;Interpoliert;155.2;1.51;asphalt;secondary;Alexanderstraße;9;Kurs 6
Routenpunkt (Way);T;;49.875634;8.660254;50.0;;;;;;Interpoliert (15m);155.3;1.9;asphalt;secondary;Alexanderstraße;9;Kurs 6
Routenpunkt (Way);T;Alexanderstraße;49.875673;8.660341;50.0;;;;;;Original OSM;155.4;4.4;asphalt;secondary;Alexanderstraße;9;Kurs 6
Routenpunkt (Way);T;Alexanderstraße/TU;49.875769;8.660476;50.0;;;;;;Original OSM;155.9;4.48;asphalt;secondary;Alexanderstraße;9;Kurs 6
Haltestelle;W;Darmstadt Alexanderstraße/TU;49.875741;8.660502;50.0;12:50:00;12:50:00;Kein Umlauf;Mo,Di,Mi,Do,Fr;446.0;Original GTFS (Snap-Distanz 3m) | Auf Route gesnappt (3m);156.4;4.65;asphalt;secondary;Alexanderstraße;9;Kurs 6
Routenpunkt (Way);T;Alexanderstraße/TU;49.875834;8.66062;50.0;;;;;;Interpoliert;156.7;4.82;asphalt;secondary;Alexanderstraße;9;Kurs 6
Routenpunkt (Way);T;;49.875895;8.660787;50.0;;;;;;Interpoliert (15m);157.0;4.54;asphalt;secondary;Alexanderstraße;9;Kurs 6
Routenpunkt (Way);T;Alexanderstraße;49.875956;8.660955;50.0;;;;;;Original OSM;157.3;2.16;asphalt;secondary;Dieburger Straße;9;Kurs 6
Routenpunkt (Way);T;;49.876036;8.661111;50.0;;;;;;Interpoliert (15m);157.6;2.19;asphalt;secondary;Dieburger Straße;9;Kurs 6
Routenpunkt (Way);T;Dieburger Straße;49.876116;8.661268;50.0;;;;;;Interpoliert;157.9;2.57;asphalt;secondary;Dieburger Straße;9;Kurs 6
Routenpunkt (Way);T;Dieburger Straße;49.876184;8.661406;50.0;;;;;;Interpoliert;158.2;2.95;asphalt;secondary;Dieburger Straße;9;Kurs 6
Routenpunkt (Way);T;;49.87624;8.661512;50.0;;;;;;Interpoliert (15m);158.6;2.02;asphalt;secondary;Dieburger Straße;9;Kurs 6
Routenpunkt (Way);A;Dieburger Straße (Ampel);49.876296;8.661618;50.0;;;;;;Original OSM;159.0;1.09;asphalt;secondary;Dieburger Straße;9;Kurs 6
Routenpunkt (Way);T;;49.876366;8.661619;50.0;;;;;;Interpoliert (15m);158.8;0.3;asphalt;secondary;Heinheimer Straße;9;Kurs 6
Routenpunkt (Way);T;Heinheimer Straße;49.876437;8.66162;30.0;;;;;;Original OSM;158.6;-0.86;asphalt;secondary;Heinheimer Straße;9;Kurs 6
Routenpunkt (Way);T;Heinheimer Straße;49.876553;8.661591;30.0;;;;;;Interpoliert;158.4;-2.01;asphalt;secondary;Heinheimer Straße;9;Kurs 6
Routenpunkt (Way);T;Heinheimer Straße;49.876657;8.661569;30.0;;;;;;Interpoliert;158.2;-1.81;asphalt;secondary;Heinheimer Straße;9;Kurs 6
Routenpunkt (Way);T;Heinheimer Straße;49.876762;8.661547;30.0;;;;;;Interpoliert;158.0;-1.81;asphalt;secondary;Heinheimer Straße;9;Kurs 6
Routenpunkt (Way);T;Heinheimer Straße;49.876876;8.661523;30.0;;;;;;Original OSM;157.8;-2.78;asphalt;secondary;Heinheimer Straße;9;Kurs 6
Routenpunkt (Way);T;;49.876945;8.661507;30.0;;;;;;Interpoliert (15m);157.6;-3.12;asphalt;secondary;Heinheimer Straße;9;Kurs 6
Routenpunkt (Way);T;Heinheimer Straße;49.877015;8.66149;30.0;;;;;;Interpoliert;157.1;-3.47;asphalt;secondary;Heinheimer Straße;9;Kurs 6
Routenpunkt (Way);T;Heinheimer Straße;49.877145;8.66146;30.0;;;;;;Interpoliert;156.6;-3.57;asphalt;secondary;Heinheimer Straße;9;Kurs 6
Routenpunkt (Way);T;Heinheimer Straße;49.877275;8.661429;30.0;;;;;;Interpoliert;156.1;-3.47;asphalt;secondary;Heinheimer Straße;9;Kurs 6
Routenpunkt (Way);T;Heinheimer Straße;49.877405;8.661398;30.0;;;;;;Interpoliert;155.8;-2.6;asphalt;secondary;Heinheimer Straße;9;Kurs 6
Routenpunkt (Way);T;Heinheimer Straße;49.877535;8.661367;30.0;;;;;;Interpoliert;155.5;-2.39;asphalt;secondary;Heinheimer Straße;9;Kurs 6
Routenpunkt (Way);T;Heinheimer Straße;49.877664;8.661337;30.0;;;;;;Interpoliert;155.2;-1.87;asphalt;secondary;Heinheimer Straße;9;Kurs 6
Routenpunkt (Way);T;;49.877777;8.661342;30.0;;;;;;Interpoliert (15m);154.9;-1.62;asphalt;secondary;Heinheimer Straße;9;Kurs 6
Routenpunkt (Way);T;;49.87789;8.661348;30.0;;;;;;Interpoliert (15m);154.8;-1.39;asphalt;secondary;Heinheimer Straße;9;Kurs 6
Routenpunkt (Way);T;Heinheimer Straße;49.878003;8.661354;30.0;;;;;;Original OSM;154.7;-0.62;paving_stones;service;;9;Kurs 6
Routenpunkt (Way);T;;49.878061;8.661481;30.0;;;;;;Interpoliert (15m);154.6;-0.32;paving_stones;service;;9;Kurs 6
Routenpunkt (Way);A;Ampel;49.878119;8.661607;30.0;;;;;;Interpoliert (15m);154.8;-0.34;asphalt;secondary;Kranichsteiner Straße;9;Kurs 6
Routenpunkt (Way);T;Kranichsteiner Straße;49.878176;8.661734;30.0;;;;;;Original OSM;154.7;-0.18;asphalt;secondary;Kranichsteiner Straße;9;Kurs 6
Routenpunkt (Way);T;Kranichsteiner Straße;49.878248;8.661836;30.0;;;;;;Interpoliert;154.6;-0.27;asphalt;secondary;Kranichsteiner Straße;9;Kurs 6
Haltestelle;W;Darmstadt Kopernikusplatz;49.878248;8.661836;30.0;12:51:00;12:51:00;Kein Umlauf;Mo,Di,Mi,Do,Fr;446.0;Original GTFS (Snap-Distanz 6m) | Auf Route gesnappt (6m);154.5;-0.89;asphalt;secondary;Kranichsteiner Straße;9;Kurs 6
Routenpunkt (Way);T;;49.878307;8.661893;30.0;;;;;;Interpoliert (15m);154.4;-0.24;asphalt;secondary;Kranichsteiner Straße;9;Kurs 6
Routenpunkt (Way);T;Kopernikusplatz;49.878365;8.661951;30.0;;;;;;Original OSM;154.3;0.1;asphalt;secondary;Kranichsteiner Straße;9;Kurs 6
Routenpunkt (Way);T;;49.878445;8.662081;30.0;;;;;;Interpoliert (15m);154.6;0.29;asphalt;secondary;Kranichsteiner Straße;9;Kurs 6
Routenpunkt (Way);T;Kranichsteiner Straße;49.878524;8.662212;30.0;;;;;;Interpoliert;154.7;0.74;asphalt;secondary;Kranichsteiner Straße;9;Kurs 6
Routenpunkt (Way);T;Kranichsteiner Straße;49.878594;8.662311;30.0;;;;;;Interpoliert;154.8;1.13;asphalt;secondary;Kranichsteiner Straße;9;Kurs 6
Routenpunkt (Way);T;Kranichsteiner Straße;49.878664;8.66241;30.0;;;;;;Original OSM;154.9;1.21;asphalt;secondary;Kranichsteiner Straße;9;Kurs 6
Routenpunkt (Way);T;Kranichsteiner Straße;49.878759;8.662557;30.0;;;;;;Interpoliert;155.0;1.6;asphalt;secondary;Kranichsteiner Straße;9;Kurs 6
Routenpunkt (Way);T;Kranichsteiner Straße;49.878854;8.662703;30.0;;;;;;Original OSM;155.4;1.97;asphalt;secondary;Kranichsteiner Straße;9;Kurs 6
Routenpunkt (Way);T;Kranichsteiner Straße;49.878919;8.662816;30.0;;;;;;Interpoliert;155.7;2.19;asphalt;secondary;Kranichsteiner Straße;9;Kurs 6
Routenpunkt (Way);T;Kranichsteiner Straße;49.878985;8.662929;30.0;;;;;;Interpoliert;156.0;2.47;asphalt;secondary;Kranichsteiner Straße;9;Kurs 6
Routenpunkt (Way);T;;49.879074;8.663075;30.0;;;;;;Interpoliert (15m);156.3;1.78;asphalt;secondary;Kranichsteiner Straße;9;Kurs 6
Routenpunkt (Way);T;Kranichsteiner Straße;49.879163;8.663222;30.0;;;;;;Original OSM;156.6;1.08;asphalt;secondary;Kranichsteiner Straße;9;Kurs 6
Routenpunkt (Way);T;;49.879251;8.663347;30.0;;;;;;Interpoliert (15m);156.5;0.37;asphalt;secondary;Kranichsteiner Straße;9;Kurs 6
Routenpunkt (Way);T;Kranichsteiner Straße;49.879338;8.663472;30.0;;;;;;Interpoliert;156.4;-0.21;asphalt;secondary;Kranichsteiner Straße;9;Kurs 6
Routenpunkt (Way);T;Kranichsteiner Straße;49.879426;8.663586;30.0;;;;;;Original OSM;156.3;-0.79;asphalt;secondary;Kranichsteiner Straße;9;Kurs 6
Routenpunkt (Way);T;Kranichsteiner Straße;49.879517;8.663679;30.0;;;;;;Interpoliert;156.2;-0.47;asphalt;secondary;Kranichsteiner Straße;9;Kurs 6
Routenpunkt (Way);T;Kranichsteiner Straße;49.879607;8.663772;30.0;;;;;;Interpoliert;156.1;0.01;asphalt;secondary;Kranichsteiner Straße;9;Kurs 6
Routenpunkt (Way);T;Kranichsteiner Straße;49.879698;8.663866;30.0;;;;;;Interpoliert;156.2;0.56;asphalt;secondary;Kranichsteiner Straße;9;Kurs 6
Routenpunkt (Way);T;Kranichsteiner Straße;49.879788;8.663959;30.0;;;;;;Original OSM;156.4;1.11;asphalt;secondary;Kranichsteiner Straße;9;Kurs 6
Routenpunkt (Way);T;Kranichsteiner Straße;49.879864;8.664039;30.0;;;;;;Interpoliert;156.6;1.69;asphalt;secondary;Kranichsteiner Straße;9;Kurs 6
Routenpunkt (Way);T;Kranichsteiner Straße;49.879941;8.664119;30.0;;;;;;Interpoliert;156.8;1.93;asphalt;secondary;Kranichsteiner Straße;9;Kurs 6
Routenpunkt (Way);T;;49.880017;8.664188;30.0;;;;;;Interpoliert (15m);157.0;1.9;asphalt;secondary;Kranichsteiner Straße;9;Kurs 6
Routenpunkt (Way);T;Kranichsteiner Straße;49.880093;8.664256;30.0;;;;;;Original OSM;157.2;1.81;asphalt;secondary;Kranichsteiner Straße;9;Kurs 6
Routenpunkt (Way);T;;49.880197;8.664348;30.0;;;;;;Interpoliert (15m);157.4;2.05;asphalt;secondary;Kranichsteiner Straße;9;Kurs 6
Routenpunkt (Way);T;Taunusplatz;49.8803;8.664439;30.0;;;;;;Original OSM;157.6;2.09;asphalt;secondary;Kranichsteiner Straße;9;Kurs 6
Haltestelle;W;Darmstadt Taunusplatz;49.880348;8.664489;30.0;12:52:00;12:52:00;Kein Umlauf;Mo,Di,Mi,Do,Fr;446.0;Original GTFS (Snap-Distanz 2m) | Auf Route gesnappt (3m);157.8;1.0;asphalt;secondary;Kranichsteiner Straße;9;Kurs 6
Routenpunkt (Way);T;;49.880408;8.664569;30.0;;;;;;Interpoliert (15m);158.0;0.17;asphalt;secondary;Kranichsteiner Straße;9;Kurs 6
Routenpunkt (Way);T;Taunusplatz;49.880468;8.664649;30.0;;;;;;Original OSM;157.7;-0.66;asphalt;secondary;Kranichsteiner Straße;9;Kurs 6
Routenpunkt (Way);T;;49.88055;8.664744;30.0;;;;;;Interpoliert (15m);157.4;-1.71;asphalt;secondary;Kranichsteiner Straße;9;Kurs 6
Routenpunkt (Way);T;Kranichsteiner Straße;49.880632;8.664839;30.0;;;;;;Interpoliert;157.1;-2.58;asphalt;secondary;Kranichsteiner Straße;9;Kurs 6
Routenpunkt (Way);T;Kranichsteiner Straße;49.880741;8.664943;30.0;;;;;;Interpoliert;156.8;-2.49;asphalt;secondary;Kranichsteiner Straße;9;Kurs 6
Routenpunkt (Way);T;Kranichsteiner Straße;49.88085;8.665046;30.0;;;;;;Original OSM;156.5;-2.42;asphalt;secondary;Kranichsteiner Straße;9;Kurs 6
Routenpunkt (Way);T;Kranichsteiner Straße;49.880928;8.665122;30.0;;;;;;Original OSM;156.2;-2.3;asphalt;secondary;Kranichsteiner Straße;9;Kurs 6
Routenpunkt (Way);T;Kranichsteiner Straße;49.881031;8.66521;30.0;;;;;;Original OSM;155.9;-2.98;asphalt;secondary;Kranichsteiner Straße;9;Kurs 6
Routenpunkt (Way);T;Kranichsteiner Straße;49.881153;8.665284;30.0;;;;;;Interpoliert;155.6;-3.65;asphalt;secondary;Kranichsteiner Straße;9;Kurs 6
Routenpunkt (Way);T;Kranichsteiner Straße;49.881275;8.665357;30.0;;;;;;Interpoliert;154.8;-3.76;asphalt;secondary;Kranichsteiner Straße;9;Kurs 6
Routenpunkt (Way);T;Kranichsteiner Straße;49.881397;8.665431;30.0;;;;;;Interpoliert;154.0;-4.24;asphalt;secondary;Kranichsteiner Straße;9;Kurs 6
Routenpunkt (Way);T;Kranichsteiner Straße;49.881519;8.665504;30.0;;;;;;Interpoliert;153.5;-4.77;asphalt;secondary;Kranichsteiner Straße;9;Kurs 6
Routenpunkt (Way);T;;49.881608;8.665558;30.0;;;;;;Interpoliert (15m);153.0;-4.84;asphalt;secondary;Kranichsteiner Straße;9;Kurs 6
Routenpunkt (Way);A;Kranichsteiner Straße (Ampel);49.881697;8.665612;30.0;;;;;;Original OSM;152.5;-4.67;asphalt;secondary;Kranichsteiner Straße;9;Kurs 6
Routenpunkt (Way);T;;49.881769;8.665654;30.0;;;;;;Interpoliert (15m);152.0;-4.9;asphalt;secondary;Kranichsteiner Straße;9;Kurs 6
Routenpunkt (Way);T;Kranichsteiner Straße;49.881841;8.665695;50.0;;;;;;Original OSM;151.6;-4.88;asphalt;secondary;Kranichsteiner Straße;9;Kurs 6
Routenpunkt (Way);T;;49.881917;8.66573;50.0;;;;;;Interpoliert (15m);151.2;-4.7;asphalt;secondary;Kranichsteiner Straße;9;Kurs 6
Routenpunkt (Way);T;Kranichsteiner Straße;49.881992;8.665765;50.0;;;;;;Original OSM;150.8;-3.12;asphalt;secondary;Kranichsteiner Straße;9;Kurs 6
Haltestelle;W;Darmstadt Am Karlshof;49.882082;8.66581;50.0;12:53:00;12:53:00;Kein Umlauf;Mo,Di,Mi,Do,Fr;446.0;Original GTFS (Snap-Distanz 2m) | Auf Route gesnappt (2m);150.4;-1.78;asphalt;secondary;Kranichsteiner Straße;9;Kurs 6
Routenpunkt (Way);T;;49.882168;8.665834;50.0;;;;;;Interpoliert (15m);150.6;-0.6;asphalt;secondary;Kranichsteiner Straße;9;Kurs 6
Routenpunkt (Way);T;Am Karlshof (Bussteig Richtung Süd);49.882255;8.665859;50.0;;;;;;Original OSM;150.8;0.58;asphalt;secondary;Kranichsteiner Straße;9;Kurs 6
Routenpunkt (Way);T;;49.882376;8.665951;50.0;;;;;;Interpoliert (15m);151.0;1.62;asphalt;secondary;Kranichsteiner Straße;9;Kurs 6
Routenpunkt (Way);T;Kranichsteiner Straße;49.882498;8.666043;50.0;;;;;;Interpoliert;151.2;1.48;asphalt;secondary;Kranichsteiner Straße;9;Kurs 6
Routenpunkt (Way);T;;49.882621;8.666117;50.0;;;;;;Interpoliert (15m);151.4;1.25;asphalt;secondary;Kranichsteiner Straße;9;Kurs 6
Routenpunkt (Way);T;Kranichsteiner Straße;49.882745;8.666191;50.0;;;;;;Original OSM;151.6;1.17;asphalt;secondary;Kranichsteiner Straße;9;Kurs 6
Routenpunkt (Way);T;;49.882839;8.666249;50.0;;;;;;Interpoliert (15m);151.7;0.19;asphalt;secondary;Kranichsteiner Straße;9;Kurs 6
Routenpunkt (Way);T;;49.882933;8.666307;50.0;;;;;;Interpoliert (15m);151.8;-0.76;asphalt;secondary;Kranichsteiner Straße;9;Kurs 6
Routenpunkt (Way);T;Kranichsteiner Straße;49.883027;8.666364;50.0;;;;;;Interpoliert;151.4;-1.59;asphalt;secondary;Kranichsteiner Straße;9;Kurs 6
Routenpunkt (Way);T;Kranichsteiner Straße;49.883126;8.666427;50.0;;;;;;Interpoliert;151.0;-2.33;asphalt;secondary;Kranichsteiner Straße;9;Kurs 6
Routenpunkt (Way);T;;49.883215;8.666482;50.0;;;;;;Interpoliert (15m);150.7;-3.1;asphalt;secondary;Kranichsteiner Straße;9;Kurs 6
Routenpunkt (Way);T;Kranichsteiner Straße;49.883304;8.666538;50.0;;;;;;Original OSM;150.4;-2.98;asphalt;secondary;Kranichsteiner Straße;9;Kurs 6
Routenpunkt (Way);T;;49.883389;8.666589;50.0;;;;;;Interpoliert (15m);150.1;-2.86;asphalt;secondary;Kranichsteiner Straße;9;Kurs 6
Routenpunkt (Way);T;Kranichsteiner Straße;49.883474;8.66664;50.0;;;;;;Interpoliert;149.8;-2.75;asphalt;secondary;Kranichsteiner Straße;9;Kurs 6
Routenpunkt (Way);T;Kranichsteiner Straße;49.883566;8.666692;50.0;;;;;;Original OSM;149.5;-3.24;asphalt;secondary;Kranichsteiner Straße;9;Kurs 6
Routenpunkt (Way);T;Kranichsteiner Straße;49.883676;8.666763;50.0;;;;;;Interpoliert;149.2;-3.7;asphalt;secondary;Kranichsteiner Straße;9;Kurs 6
Routenpunkt (Way);T;Kranichsteiner Straße;49.883787;8.666835;50.0;;;;;;Interpoliert;148.5;-3.4;asphalt;secondary;Kranichsteiner Straße;9;Kurs 6
Routenpunkt (Way);T;Kranichsteiner Straße;49.883897;8.666907;50.0;;;;;;Interpoliert;147.8;-3.15;asphalt;secondary;Kranichsteiner Straße;9;Kurs 6
Routenpunkt (Way);T;Kranichsteiner Straße;49.884008;8.666979;50.0;;;;;;Interpoliert;147.6;-3.37;asphalt;secondary;Kranichsteiner Straße;9;Kurs 6
Routenpunkt (Way);T;Kranichsteiner Straße;49.884118;8.667051;50.0;;;;;;Original OSM;147.4;-2.99;asphalt;secondary;Kranichsteiner Straße;9;Kurs 6
Routenpunkt (Way);T;Kranichsteiner Straße;49.884215;8.667124;50.0;;;;;;Interpoliert;147.0;-2.43;asphalt;secondary;Kranichsteiner Straße;9;Kurs 6
Routenpunkt (Way);T;Kranichsteiner Straße;49.884312;8.667197;50.0;;;;;;Interpoliert;146.6;-2.61;asphalt;secondary;Kranichsteiner Straße;9;Kurs 6
Routenpunkt (Way);T;;49.884378;8.667249;50.0;;;;;;Interpoliert (15m);146.4;-2.77;asphalt;secondary;Kranichsteiner Straße;9;Kurs 6
Routenpunkt (Way);T;Kranichsteiner Straße;49.884443;8.667301;50.0;;;;;;Original OSM;146.2;-2.56;asphalt;secondary;Kranichsteiner Straße;9;Kurs 6
Routenpunkt (Way);T;;49.884496;8.667391;50.0;;;;;;Interpoliert (15m);146.0;-1.59;asphalt;secondary;Kranichsteiner Straße;9;Kurs 6
Routenpunkt (Way);T;Kranichsteiner Straße;49.884549;8.667481;50.0;;;;;;Interpoliert;145.8;-0.35;asphalt;secondary;Kranichsteiner Straße;9;Kurs 6
Routenpunkt (Way);T;Kranichsteiner Straße;49.884621;8.66763;50.0;;;;;;Interpoliert;146.0;0.58;asphalt;secondary;Kranichsteiner Straße;9;Kurs 6
Routenpunkt (Way);T;Kranichsteiner Straße;49.884693;8.667779;50.0;;;;;;Interpoliert;146.5;1.49;asphalt;secondary;Kranichsteiner Straße;9;Kurs 6
Routenpunkt (Way);T;Kranichsteiner Straße;49.884765;8.667928;50.0;;;;;;Interpoliert;146.8;2.4;asphalt;secondary;Kranichsteiner Straße;9;Kurs 6
Routenpunkt (Way);T;Kranichsteiner Straße;49.884837;8.668078;50.0;;;;;;Interpoliert;147.1;2.55;asphalt;secondary;Kranichsteiner Straße;9;Kurs 6
Routenpunkt (Way);T;Kranichsteiner Straße;49.884908;8.668227;50.0;;;;;;Interpoliert;147.4;1.95;asphalt;secondary;Kranichsteiner Straße;9;Kurs 6
Routenpunkt (Way);T;Kranichsteiner Straße;49.88498;8.668376;50.0;;;;;;Interpoliert;147.7;1.69;asphalt;secondary;Kranichsteiner Straße;9;Kurs 6
Routenpunkt (Way);T;Kranichsteiner Straße;49.885052;8.668526;50.0;;;;;;Original OSM;147.8;2.02;asphalt;secondary;Kranichsteiner Straße;9;Kurs 6
Routenpunkt (Way);T;Kranichsteiner Straße;49.885123;8.668619;50.0;;;;;;Interpoliert;147.9;2.4;asphalt;secondary;Kranichsteiner Straße;9;Kurs 6
Routenpunkt (Way);T;Kranichsteiner Straße;49.885194;8.668712;50.0;;;;;;Interpoliert;148.3;2.78;asphalt;secondary;Kranichsteiner Straße;9;Kurs 6
Routenpunkt (Way);T;;49.885269;8.668779;50.0;;;;;;Interpoliert (15m);148.7;2.79;asphalt;secondary;Kranichsteiner Straße;9;Kurs 6
Routenpunkt (Way);A;Kranichsteiner Straße (Ampel);49.885344;8.668846;50.0;;;;;;Original OSM;149.1;3.08;asphalt;secondary;Kranichsteiner Straße;9;Kurs 6
Routenpunkt (Way);T;;49.885327;8.669019;50.0;;;;;;Interpoliert (15m);149.2;2.78;asphalt;residential;Schwarzer Weg;9;Kurs 6
Routenpunkt (Way);T;;49.88531;8.669191;50.0;;;;;;Interpoliert (15m);149.5;2.43;asphalt;residential;Schwarzer Weg;9;Kurs 6
Routenpunkt (Way);T;;49.885293;8.669364;50.0;;;;;;Interpoliert (15m);149.8;1.6;asphalt;residential;Schwarzer Weg;9;Kurs 6
Haltestelle;W;Darmstadt Peter-Behrens-Straße;49.885276;8.669537;50.0;12:55:00;12:55:00;Kein Umlauf;Mo,Di,Mi,Do,Fr;446.0;Original GTFS (Snap-Distanz 48m) | Auf Route gesnappt (0m);150.1;1.92;asphalt;residential;Schwarzer Weg;9;Kurs 6
Routenpunkt (Way);T;Schwarzer Weg;49.885276;8.669537;30.0;;;;;;Original OSM;150.4;1.92;asphalt;residential;Schwarzer Weg;9;Kurs 6
Routenpunkt (Way);T;Schwarzer Weg;49.88528;8.669711;30.0;;;;;;Interpoliert;150.7;1.44;asphalt;residential;Schwarzer Weg;9;Kurs 6
Routenpunkt (Way);T;Schwarzer Weg;49.885285;8.669886;30.0;;;;;;Interpoliert;151.0;0.96;asphalt;residential;Schwarzer Weg;9;Kurs 6
Routenpunkt (Way);T;Schwarzer Weg;49.88529;8.67006;30.0;;;;;;Original OSM;151.0;1.13;asphalt;residential;Schwarzer Weg;9;Kurs 6
Routenpunkt (Way);T;;49.885307;8.670219;30.0;;;;;;Interpoliert (15m);151.0;0.85;asphalt;residential;Schwarzer Weg;9;Kurs 6
Routenpunkt (Way);T;Schwarzer Weg;49.885325;8.670377;30.0;;;;;;Original OSM;151.1;0.56;asphalt;residential;Schwarzer Weg;9;Kurs 6
Routenpunkt (Way);T;;49.885354;8.670514;30.0;;;;;;Interpoliert (15m);151.2;0.74;asphalt;residential;Schwarzer Weg;9;Kurs 6
Routenpunkt (Way);T;Schwarzer Weg;49.885384;8.670651;30.0;;;;;;Interpoliert;151.3;0.91;asphalt;residential;Schwarzer Weg;9;Kurs 6
Routenpunkt (Way);T;Schwarzer Weg;49.885424;8.670797;30.0;;;;;;Interpoliert;151.4;1.29;asphalt;residential;Schwarzer Weg;9;Kurs 6
Routenpunkt (Way);T;Schwarzer Weg;49.885464;8.670944;30.0;;;;;;Original OSM;151.5;1.66;asphalt;residential;Schwarzer Weg;9;Kurs 6
Routenpunkt (Way);T;Schwarzer Weg;49.885509;8.671132;30.0;;;;;;Interpoliert;151.9;2.02;asphalt;residential;Schwarzer Weg;9;Kurs 6
Routenpunkt (Way);T;Schwarzer Weg;49.885554;8.67132;30.0;;;;;;Interpoliert;152.3;2.69;asphalt;residential;Schwarzer Weg;9;Kurs 6
Routenpunkt (Way);T;Schwarzer Weg;49.8856;8.671508;30.0;;;;;;Original OSM;152.7;3.36;asphalt;residential;Schwarzer Weg;9;Kurs 6
Routenpunkt (Way);T;;49.885629;8.671632;30.0;;;;;;Interpoliert (15m);153.1;3.55;asphalt;residential;Schwarzer Weg;9;Kurs 6
Routenpunkt (Way);T;Schwarzer Weg;49.885658;8.671755;30.0;;;;;;Original OSM;153.5;3.49;asphalt;residential;Schwarzer Weg;9;Kurs 6
Routenpunkt (Way);T;;49.885684;8.671861;30.0;;;;;;Interpoliert (15m);153.8;3.28;asphalt;residential;Schwarzer Weg;9;Kurs 6
Routenpunkt (Way);T;Schwarzer Weg;49.885709;8.671967;30.0;;;;;;Interpoliert;154.0;2.78;asphalt;residential;Schwarzer Weg;9;Kurs 6
Routenpunkt (Way);T;;49.885745;8.672117;30.0;;;;;;Interpoliert (15m);154.2;2.41;asphalt;residential;Schwarzer Weg;9;Kurs 6
Routenpunkt (Way);T;Schwarzer Weg;49.885781;8.672268;30.0;;;;;;Original OSM;154.4;1.59;asphalt;residential;Schwarzer Weg;9;Kurs 6
Routenpunkt (Way);T;;49.885826;8.672407;30.0;;;;;;Interpoliert (15m);154.67;1.0;asphalt;residential;Schwarzer Weg;9;Kurs 6
Routenpunkt (Way);T;;49.885871;8.672547;30.0;;;;;;Interpoliert (15m);154.62;0.46;asphalt;residential;Schwarzer Weg;9;Kurs 6
Routenpunkt (Way);T;Schwarzer Weg;49.885916;8.672686;30.0;;;;;;Original OSM;154.57;0.14;asphalt;residential;Schwarzer Weg;9;Kurs 6
Haltestelle;W;Darmstadt Alfred-Messel-Weg;49.885945;8.672777;30.0;12:57:00;12:57:00;Kein Umlauf;Mo,Di,Mi,Do,Fr;446.0;Original GTFS (Snap-Distanz 3m) | Auf Route gesnappt (4m);154.5;-0.61;asphalt;residential;Schwarzer Weg;9;Kurs 6
Haltestelle;W;Darmstadt Alfred-Messel-Weg;49.885945;8.672777;30.0;13:11:00;13:11:00;Kein Umlauf;Mo,Di,Mi,Do,Fr;446.0;Original GTFS (Snap-Distanz 3m) | Auf Route gesnappt (4m);154.4;0.67;asphalt;residential;Schwarzer Weg;10;Kurs 6
Routenpunkt (Way);T;Alfred-Messel-Weg;49.885916;8.672686;30.0;;;;;;Interpoliert;154.5;0.62;asphalt;residential;Schwarzer Weg;10;Kurs 6
Routenpunkt (Way);T;;49.885871;8.672547;30.0;;;;;;Interpoliert (15m);154.57;0.57;asphalt;residential;Schwarzer Weg;10;Kurs 6
Routenpunkt (Way);T;;49.885826;8.672407;30.0;;;;;;Interpoliert (15m);154.62;0.11;asphalt;residential;Schwarzer Weg;10;Kurs 6
Routenpunkt (Way);T;Schwarzer Weg;49.885781;8.672268;30.0;;;;;;Original OSM;154.67;-0.51;asphalt;residential;Schwarzer Weg;10;Kurs 6
Routenpunkt (Way);T;;49.885745;8.672117;30.0;;;;;;Interpoliert (15m);154.4;-1.14;asphalt;residential;Schwarzer Weg;10;Kurs 6
Routenpunkt (Way);T;Schwarzer Weg;49.885709;8.671967;30.0;;;;;;Interpoliert;154.2;-1.73;asphalt;residential;Schwarzer Weg;10;Kurs 6
Routenpunkt (Way);T;;49.885684;8.671861;30.0;;;;;;Interpoliert (15m);154.0;-2.44;asphalt;residential;Schwarzer Weg;10;Kurs 6
Routenpunkt (Way);T;Schwarzer Weg;49.885658;8.671755;30.0;;;;;;Original OSM;153.8;-2.82;asphalt;residential;Schwarzer Weg;10;Kurs 6
Routenpunkt (Way);T;;49.885629;8.671632;30.0;;;;;;Interpoliert (15m);153.5;-3.03;asphalt;residential;Schwarzer Weg;10;Kurs 6
Routenpunkt (Way);T;Schwarzer Weg;49.8856;8.671508;30.0;;;;;;Original OSM;153.1;-3.09;asphalt;residential;Schwarzer Weg;10;Kurs 6
Routenpunkt (Way);T;Schwarzer Weg;49.885554;8.67132;30.0;;;;;;Interpoliert;152.7;-3.15;asphalt;residential;Schwarzer Weg;10;Kurs 6
Routenpunkt (Way);T;Schwarzer Weg;49.885509;8.671132;30.0;;;;;;Interpoliert;152.3;-3.22;asphalt;residential;Schwarzer Weg;10;Kurs 6
Routenpunkt (Way);T;Schwarzer Weg;49.885464;8.670944;30.0;;;;;;Original OSM;151.9;-2.55;asphalt;residential;Schwarzer Weg;10;Kurs 6
Routenpunkt (Way);T;Schwarzer Weg;49.885424;8.670797;30.0;;;;;;Interpoliert;151.5;-2.18;asphalt;residential;Schwarzer Weg;10;Kurs 6
Routenpunkt (Way);T;Schwarzer Weg;49.885384;8.670651;30.0;;;;;;Interpoliert;151.4;-1.82;asphalt;residential;Schwarzer Weg;10;Kurs 6
Routenpunkt (Way);T;;49.885354;8.670514;30.0;;;;;;Interpoliert (15m);151.3;-1.44;asphalt;residential;Schwarzer Weg;10;Kurs 6
Routenpunkt (Way);T;Schwarzer Weg;49.885325;8.670377;30.0;;;;;;Original OSM;151.2;-0.91;asphalt;residential;Schwarzer Weg;10;Kurs 6
Routenpunkt (Way);T;;49.885307;8.670219;30.0;;;;;;Interpoliert (15m);151.1;-0.73;asphalt;residential;Schwarzer Weg;10;Kurs 6
Routenpunkt (Way);T;Schwarzer Weg;49.88529;8.67006;30.0;;;;;;Original OSM;151.0;-0.54;asphalt;residential;Schwarzer Weg;10;Kurs 6
Routenpunkt (Way);T;Schwarzer Weg;49.885285;8.669886;30.0;;;;;;Interpoliert;151.0;-0.83;asphalt;residential;Schwarzer Weg;10;Kurs 6
Routenpunkt (Way);T;Schwarzer Weg;49.88528;8.669711;30.0;;;;;;Interpoliert;151.0;-0.65;asphalt;residential;Schwarzer Weg;10;Kurs 6
Routenpunkt (Way);T;Schwarzer Weg;49.885276;8.669537;30.0;;;;;;Original OSM;150.7;-1.04;asphalt;residential;Schwarzer Weg;10;Kurs 6
Haltestelle;W;Darmstadt Peter-Behrens-Straße;49.885276;8.669537;30.0;13:12:00;13:12:00;Kein Umlauf;Mo,Di,Mi,Do,Fr;446.0;Original GTFS (Snap-Distanz 0m) | Auf Route gesnappt (0m);150.4;-1.59;asphalt;residential;Schwarzer Weg;10;Kurs 6
Routenpunkt (Way);T;;49.885284;8.669387;30.0;;;;;;Interpoliert (15m);150.1;-2.19;asphalt;residential;Schwarzer Weg;10;Kurs 6
Routenpunkt (Way);T;Schwarzer Weg;49.885292;8.669237;30.0;;;;;;Original OSM;149.8;-2.31;asphalt;residential;Schwarzer Weg;10;Kurs 6
Routenpunkt (Way);T;;49.885279;8.669098;30.0;;;;;;Interpoliert (15m);149.5;-2.49;asphalt;residential;Schwarzer Weg;10;Kurs 6
Routenpunkt (Way);A;Schwarzer Weg (Ampel);49.885266;8.668959;30.0;;;;;;Interpoliert;149.2;-2.7;asphalt;residential;Schwarzer Weg;10;Kurs 6
Routenpunkt (Way);T;Schwarzer Weg;49.885266;8.668804;30.0;;;;;;Original OSM;149.1;-2.92;asphalt;residential;Schwarzer Weg;10;Kurs 6
Routenpunkt (Way);T;Kranichsteiner Straße;49.885194;8.668712;50.0;;;;;;Interpoliert;148.7;-3.1;asphalt;secondary;Kranichsteiner Straße;10;Kurs 6
Routenpunkt (Way);T;Kranichsteiner Straße;49.885123;8.668619;50.0;;;;;;Interpoliert;148.3;-2.65;asphalt;secondary;Kranichsteiner Straße;10;Kurs 6
Routenpunkt (Way);T;Kranichsteiner Straße;49.885052;8.668526;50.0;;;;;;Original OSM;147.9;-2.62;asphalt;secondary;Kranichsteiner Straße;10;Kurs 6
Routenpunkt (Way);T;Kranichsteiner Straße;49.88498;8.668376;50.0;;;;;;Interpoliert;147.8;-2.3;asphalt;secondary;Kranichsteiner Straße;10;Kurs 6
Routenpunkt (Way);T;Kranichsteiner Straße;49.884908;8.668227;50.0;;;;;;Interpoliert;147.7;-1.97;asphalt;secondary;Kranichsteiner Straße;10;Kurs 6
Routenpunkt (Way);T;Kranichsteiner Straße;49.884837;8.668078;50.0;;;;;;Interpoliert;147.4;-1.65;asphalt;secondary;Kranichsteiner Straße;10;Kurs 6
Routenpunkt (Way);T;Kranichsteiner Straße;49.884765;8.667928;50.0;;;;;;Interpoliert;147.1;-1.95;asphalt;secondary;Kranichsteiner Straße;10;Kurs 6
Routenpunkt (Way);T;Kranichsteiner Straße;49.884693;8.667779;50.0;;;;;;Interpoliert;146.8;-2.55;asphalt;secondary;Kranichsteiner Straße;10;Kurs 6
Routenpunkt (Way);T;Kranichsteiner Straße;49.884621;8.66763;50.0;;;;;;Interpoliert;146.5;-2.56;asphalt;secondary;Kranichsteiner Straße;10;Kurs 6
Routenpunkt (Way);T;Kranichsteiner Straße;49.884549;8.667481;50.0;;;;;;Interpoliert;146.0;-1.65;asphalt;secondary;Kranichsteiner Straße;10;Kurs 6
Routenpunkt (Way);T;;49.884496;8.667391;50.0;;;;;;Interpoliert (15m);145.8;-0.71;asphalt;secondary;Kranichsteiner Straße;10;Kurs 6
Routenpunkt (Way);T;Kranichsteiner Straße;49.884443;8.667301;50.0;;;;;;Original OSM;146.0;0.23;asphalt;secondary;Kranichsteiner Straße;10;Kurs 6
Routenpunkt (Way);T;;49.884378;8.667249;50.0;;;;;;Interpoliert (15m);146.2;1.31;asphalt;secondary;Kranichsteiner Straße;10;Kurs 6
Routenpunkt (Way);T;Kranichsteiner Straße;49.884312;8.667197;50.0;;;;;;Interpoliert;146.4;2.44;asphalt;secondary;Kranichsteiner Straße;10;Kurs 6
Routenpunkt (Way);T;Kranichsteiner Straße;49.884215;8.667124;50.0;;;;;;Interpoliert;146.6;2.58;asphalt;secondary;Kranichsteiner Straße;10;Kurs 6
Routenpunkt (Way);T;Kranichsteiner Straße;49.884118;8.667051;50.0;;;;;;Original OSM;147.0;2.39;asphalt;secondary;Kranichsteiner Straße;10;Kurs 6
Routenpunkt (Way);T;Kranichsteiner Straße;49.884008;8.666979;50.0;;;;;;Interpoliert;147.4;2.2;asphalt;secondary;Kranichsteiner Straße;10;Kurs 6
Routenpunkt (Way);T;Kranichsteiner Straße;49.883897;8.666907;50.0;;;;;;Interpoliert;147.6;2.92;asphalt;secondary;Kranichsteiner Straße;10;Kurs 6
Routenpunkt (Way);T;Kranichsteiner Straße;49.883787;8.666835;50.0;;;;;;Interpoliert;147.8;3.3;asphalt;secondary;Kranichsteiner Straße;10;Kurs 6
Routenpunkt (Way);T;Kranichsteiner Straße;49.883676;8.666763;50.0;;;;;;Interpoliert;148.5;3.25;asphalt;secondary;Kranichsteiner Straße;10;Kurs 6
Routenpunkt (Way);T;Kranichsteiner Straße;49.883566;8.666692;50.0;;;;;;Original OSM;149.2;3.55;asphalt;secondary;Kranichsteiner Straße;10;Kurs 6
Routenpunkt (Way);T;Kranichsteiner Straße;49.883474;8.66664;50.0;;;;;;Interpoliert;149.5;3.84;asphalt;secondary;Kranichsteiner Straße;10;Kurs 6
Routenpunkt (Way);T;;49.883389;8.666589;50.0;;;;;;Interpoliert (15m);149.8;3.35;asphalt;secondary;Kranichsteiner Straße;10;Kurs 6
Routenpunkt (Way);T;Kranichsteiner Straße;49.883303;8.666538;50.0;;;;;;Original OSM;150.1;2.86;asphalt;secondary;Kranichsteiner Straße;10;Kurs 6
Routenpunkt (Way);T;;49.883215;8.666482;50.0;;;;;;Interpoliert (15m);150.4;2.81;asphalt;secondary;Kranichsteiner Straße;10;Kurs 6
Routenpunkt (Way);T;Kranichsteiner Straße;49.883126;8.666427;50.0;;;;;;Interpoliert;150.7;2.93;asphalt;secondary;Kranichsteiner Straße;10;Kurs 6
Routenpunkt (Way);T;Kranichsteiner Straße;49.883027;8.666364;50.0;;;;;;Interpoliert;151.0;3.05;asphalt;secondary;Kranichsteiner Straße;10;Kurs 6
Routenpunkt (Way);T;;49.882933;8.666307;50.0;;;;;;Interpoliert (15m);151.4;2.31;asphalt;secondary;Kranichsteiner Straße;10;Kurs 6
Routenpunkt (Way);T;;49.882839;8.666249;50.0;;;;;;Interpoliert (15m);151.8;1.62;asphalt;secondary;Kranichsteiner Straße;10;Kurs 6
Routenpunkt (Way);T;Kranichsteiner Straße;49.882745;8.666191;50.0;;;;;;Original OSM;151.7;0.84;asphalt;secondary;Kranichsteiner Straße;10;Kurs 6
Routenpunkt (Way);T;;49.882621;8.666117;50.0;;;;;;Interpoliert (15m);151.6;-0.14;asphalt;secondary;Kranichsteiner Straße;10;Kurs 6
Routenpunkt (Way);T;Kranichsteiner Straße;49.882498;8.666043;50.0;;;;;;Interpoliert;151.4;-1.12;asphalt;secondary;Kranichsteiner Straße;10;Kurs 6
Routenpunkt (Way);T;;49.882376;8.665951;50.0;;;;;;Interpoliert (15m);151.2;-1.35;asphalt;secondary;Kranichsteiner Straße;10;Kurs 6
Routenpunkt (Way);T;Kranichsteiner Straße;49.882255;8.665859;50.0;;;;;;Original OSM;151.0;-1.62;asphalt;secondary;Kranichsteiner Straße;10;Kurs 6
Routenpunkt (Way);T;;49.882168;8.665834;50.0;;;;;;Interpoliert (15m);150.8;-1.35;asphalt;secondary;Kranichsteiner Straße;10;Kurs 6
Routenpunkt (Way);T;Kranichsteiner Straße;49.882082;8.66581;50.0;;;;;;Original OSM;150.6;-0.51;asphalt;secondary;Kranichsteiner Straße;10;Kurs 6
Haltestelle;W;Darmstadt Am Karlshof;49.882082;8.66581;50.0;13:14:00;13:14:00;Kein Umlauf;Mo,Di,Mi,Do,Fr;446.0;Original GTFS (Snap-Distanz 2m) | Auf Route gesnappt (2m);150.4;0.33;asphalt;secondary;Kranichsteiner Straße;10;Kurs 6
Routenpunkt (Way);T;Kranichsteiner Straße;49.881962;8.66575;50.0;;;;;;Interpoliert;150.8;1.67;asphalt;secondary;Kranichsteiner Straße;10;Kurs 6
Routenpunkt (Way);T;Kranichsteiner Straße;49.881841;8.665695;50.0;;;;;;Original OSM;151.2;3.02;asphalt;secondary;Kranichsteiner Straße;10;Kurs 6
Routenpunkt (Way);T;;49.881769;8.665654;50.0;;;;;;Interpoliert (15m);151.6;3.96;asphalt;secondary;Kranichsteiner Straße;10;Kurs 6
Routenpunkt (Way);A;Kranichsteiner Straße (Ampel);49.881697;8.665612;50.0;;;;;;Original OSM;152.0;4.33;asphalt;secondary;Kranichsteiner Straße;10;Kurs 6
Routenpunkt (Way);T;;49.881608;8.665558;50.0;;;;;;Interpoliert (15m);152.5;4.44;asphalt;secondary;Kranichsteiner Straße;10;Kurs 6
Routenpunkt (Way);T;Kranichsteiner Straße;49.881519;8.665504;30.0;;;;;;Interpoliert;153.0;4.19;asphalt;secondary;Kranichsteiner Straße;10;Kurs 6
Routenpunkt (Way);T;Kranichsteiner Straße;49.881397;8.665431;30.0;;;;;;Interpoliert;153.5;4.36;asphalt;secondary;Kranichsteiner Straße;10;Kurs 6
Routenpunkt (Way);T;Kranichsteiner Straße;49.881275;8.665357;30.0;;;;;;Interpoliert;154.0;4.51;asphalt;secondary;Kranichsteiner Straße;10;Kurs 6
Routenpunkt (Way);T;Kranichsteiner Straße;49.881153;8.665284;30.0;;;;;;Interpoliert;154.8;4.03;asphalt;secondary;Kranichsteiner Straße;10;Kurs 6
Routenpunkt (Way);T;Kranichsteiner Straße;49.881031;8.66521;30.0;;;;;;Original OSM;155.6;3.93;asphalt;secondary;Kranichsteiner Straße;10;Kurs 6
Routenpunkt (Way);T;Kranichsteiner Straße;49.880928;8.665122;30.0;;;;;;Original OSM;155.9;3.66;asphalt;secondary;Kranichsteiner Straße;10;Kurs 6
Routenpunkt (Way);T;Kranichsteiner Straße;49.88085;8.665046;30.0;;;;;;Original OSM;156.2;2.99;asphalt;secondary;Kranichsteiner Straße;10;Kurs 6
Routenpunkt (Way);T;Kranichsteiner Straße;49.880741;8.664943;30.0;;;;;;Interpoliert;156.5;2.42;asphalt;secondary;Kranichsteiner Straße;10;Kurs 6
Routenpunkt (Way);T;Kranichsteiner Straße;49.880632;8.664839;30.0;;;;;;Interpoliert;156.8;2.49;asphalt;secondary;Kranichsteiner Straße;10;Kurs 6
Routenpunkt (Way);T;;49.88055;8.664744;30.0;;;;;;Interpoliert (15m);157.1;2.58;asphalt;secondary;Kranichsteiner Straße;10;Kurs 6
Routenpunkt (Way);T;Kranichsteiner Straße;49.880468;8.664649;30.0;;;;;;Original OSM;157.4;2.84;asphalt;secondary;Kranichsteiner Straße;10;Kurs 6
Routenpunkt (Way);T;;49.880408;8.664569;30.0;;;;;;Interpoliert (15m);157.7;1.79;asphalt;secondary;Kranichsteiner Straße;10;Kurs 6
Haltestelle;W;Darmstadt Taunusplatz;49.880348;8.664489;30.0;13:15:00;13:15:00;Kein Umlauf;Mo,Di,Mi,Do,Fr;446.0;Original GTFS (Snap-Distanz 2m) | Auf Route gesnappt (3m);158.0;0.96;asphalt;secondary;Kranichsteiner Straße;10;Kurs 6
Routenpunkt (Way);T;Taunusplatz;49.8803;8.664439;30.0;;;;;;Interpoliert;157.8;0.13;asphalt;secondary;Kranichsteiner Straße;10;Kurs 6
Routenpunkt (Way);T;;49.880197;8.664348;30.0;;;;;;Interpoliert (15m);157.6;-0.96;asphalt;secondary;Kranichsteiner Straße;10;Kurs 6
Routenpunkt (Way);T;Kranichsteiner Straße;49.880093;8.664256;30.0;;;;;;Original OSM;157.4;-2.05;asphalt;secondary;Kranichsteiner Straße;10;Kurs 6
Routenpunkt (Way);T;;49.880017;8.664188;30.0;;;;;;Interpoliert (15m);157.2;-1.81;asphalt;secondary;Kranichsteiner Straße;10;Kurs 6
Routenpunkt (Way);T;Kranichsteiner Straße;49.879941;8.664119;30.0;;;;;;Interpoliert;157.0;-1.9;asphalt;secondary;Kranichsteiner Straße;10;Kurs 6
Routenpunkt (Way);T;Kranichsteiner Straße;49.879864;8.664039;30.0;;;;;;Interpoliert;156.8;-1.93;asphalt;secondary;Kranichsteiner Straße;10;Kurs 6
Routenpunkt (Way);T;Kranichsteiner Straße;49.879788;8.663959;30.0;;;;;;Original OSM;156.6;-1.85;asphalt;secondary;Kranichsteiner Straße;10;Kurs 6
Routenpunkt (Way);T;Kranichsteiner Straße;49.879698;8.663866;30.0;;;;;;Interpoliert;156.4;-1.61;asphalt;secondary;Kranichsteiner Straße;10;Kurs 6
Routenpunkt (Way);T;Kranichsteiner Straße;49.879607;8.663772;30.0;;;;;;Interpoliert;156.2;-1.05;asphalt;secondary;Kranichsteiner Straße;10;Kurs 6
Routenpunkt (Way);T;Kranichsteiner Straße;49.879517;8.663679;30.0;;;;;;Interpoliert;156.1;-0.51;asphalt;secondary;Kranichsteiner Straße;10;Kurs 6
Routenpunkt (Way);T;Kranichsteiner Straße;49.879426;8.663586;30.0;;;;;;Original OSM;156.2;-0.02;asphalt;secondary;Kranichsteiner Straße;10;Kurs 6
Routenpunkt (Way);T;Kranichsteiner Straße;49.879338;8.663472;30.0;;;;;;Interpoliert;156.3;0.46;asphalt;secondary;Kranichsteiner Straße;10;Kurs 6
Routenpunkt (Way);A;Ampel;49.879251;8.663347;30.0;;;;;;Interpoliert (15m);156.4;0.76;asphalt;secondary;Kranichsteiner Straße;10;Kurs 6
Routenpunkt (Way);T;Kranichsteiner Straße;49.879163;8.663222;30.0;;;;;;Original OSM;156.5;0.18;asphalt;secondary;Kranichsteiner Straße;10;Kurs 6
Routenpunkt (Way);T;;49.879074;8.663075;30.0;;;;;;Interpoliert (15m);156.6;-0.53;asphalt;secondary;Kranichsteiner Straße;10;Kurs 6
Routenpunkt (Way);T;Kranichsteiner Straße;49.878985;8.662929;30.0;;;;;;Interpoliert;156.3;-1.23;asphalt;secondary;Kranichsteiner Straße;10;Kurs 6
Routenpunkt (Way);T;Kranichsteiner Straße;49.878919;8.662816;30.0;;;;;;Interpoliert;156.0;-1.78;asphalt;secondary;Kranichsteiner Straße;10;Kurs 6
Routenpunkt (Way);T;Kranichsteiner Straße;49.878854;8.662703;30.0;;;;;;Original OSM;155.7;-2.46;asphalt;secondary;Kranichsteiner Straße;10;Kurs 6
Routenpunkt (Way);T;Kranichsteiner Straße;49.878759;8.662557;30.0;;;;;;Interpoliert;155.4;-2.23;asphalt;secondary;Kranichsteiner Straße;10;Kurs 6
Routenpunkt (Way);T;Kranichsteiner Straße;49.878664;8.66241;30.0;;;;;;Original OSM;155.0;-1.87;asphalt;secondary;Kranichsteiner Straße;10;Kurs 6
Routenpunkt (Way);T;Kranichsteiner Straße;49.878594;8.662311;30.0;;;;;;Interpoliert;154.9;-1.76;asphalt;secondary;Kranichsteiner Straße;10;Kurs 6
Routenpunkt (Way);T;Kranichsteiner Straße;49.878524;8.662212;30.0;;;;;;Interpoliert;154.8;-1.8;asphalt;secondary;Kranichsteiner Straße;10;Kurs 6
Routenpunkt (Way);T;;49.878439;8.662076;30.0;;;;;;Interpoliert (15m);154.5;-1.7;asphalt;secondary;Kranichsteiner Straße;10;Kurs 6
Routenpunkt (Way);T;Kranichsteiner Straße;49.878354;8.66194;30.0;;;;;;Original OSM;154.2;-1.32;asphalt;secondary;Kranichsteiner Straße;10;Kurs 6
Haltestelle;W;Darmstadt Kopernikusplatz;49.878248;8.661836;30.0;13:16:00;13:16:00;Kein Umlauf;Mo,Di,Mi,Do,Fr;446.0;Original GTFS (Snap-Distanz 6m) | Auf Route gesnappt (6m);153.9;-0.95;asphalt;secondary;Kranichsteiner Straße;10;Kurs 6
Routenpunkt (Way);T;Kranichsteiner Straße;49.878176;8.661734;30.0;;;;;;Original OSM;154.0;-0.33;asphalt;secondary;Kranichsteiner Straße;10;Kurs 6
Routenpunkt (Way);T;;49.878119;8.661607;30.0;;;;;;Interpoliert (15m);154.1;0.29;asphalt;secondary;Kranichsteiner Straße;10;Kurs 6
Routenpunkt (Way);T;;49.878061;8.661481;30.0;;;;;;Interpoliert (15m);154.2;1.36;paving_stones;service;;10;Kurs 6
Routenpunkt (Way);T;Kranichsteiner Straße;49.878003;8.661354;30.0;;;;;;Original OSM;154.3;1.34;paving_stones;service;;10;Kurs 6
Routenpunkt (Way);T;;49.87789;8.661348;30.0;;;;;;Interpoliert (15m);154.7;1.31;asphalt;secondary;Heinheimer Straße;10;Kurs 6
Routenpunkt (Way);A;Ampel;49.877777;8.661342;30.0;;;;;;Interpoliert (15m);154.8;1.55;asphalt;secondary;Heinheimer Straße;10;Kurs 6
Routenpunkt (Way);T;Heinheimer Straße;49.877664;8.661337;30.0;;;;;;Interpoliert;154.9;1.78;asphalt;secondary;Heinheimer Straße;10;Kurs 6
Routenpunkt (Way);T;Heinheimer Straße;49.877535;8.661367;30.0;;;;;;Interpoliert;155.2;1.55;asphalt;secondary;Heinheimer Straße;10;Kurs 6
Routenpunkt (Way);T;Heinheimer Straße;49.877405;8.661398;30.0;;;;;;Interpoliert;155.5;1.8;asphalt;secondary;Heinheimer Straße;10;Kurs 6
Routenpunkt (Way);T;Heinheimer Straße;49.877275;8.661429;30.0;;;;;;Interpoliert;155.8;2.33;asphalt;secondary;Heinheimer Straße;10;Kurs 6
Routenpunkt (Way);T;Heinheimer Straße;49.877145;8.66146;30.0;;;;;;Interpoliert;156.1;3.19;asphalt;secondary;Heinheimer Straße;10;Kurs 6
Routenpunkt (Way);T;Heinheimer Straße;49.877015;8.66149;30.0;;;;;;Interpoliert;156.6;4.06;asphalt;secondary;Heinheimer Straße;10;Kurs 6
Routenpunkt (Way);T;;49.876945;8.661507;30.0;;;;;;Interpoliert (15m);157.1;3.96;asphalt;secondary;Heinheimer Straße;10;Kurs 6
Routenpunkt (Way);T;Heinheimer Straße;49.876876;8.661523;30.0;;;;;;Original OSM;157.6;3.89;asphalt;secondary;Heinheimer Straße;10;Kurs 6
Routenpunkt (Way);T;Heinheimer Straße;49.876762;8.661547;30.0;;;;;;Interpoliert;157.8;3.55;asphalt;secondary;Heinheimer Straße;10;Kurs 6
Routenpunkt (Way);T;Heinheimer Straße;49.876657;8.661569;30.0;;;;;;Interpoliert;158.0;2.58;asphalt;secondary;Heinheimer Straße;10;Kurs 6
Routenpunkt (Way);T;Heinheimer Straße;49.876553;8.661591;30.0;;;;;;Interpoliert;158.2;1.81;asphalt;secondary;Heinheimer Straße;10;Kurs 6
Routenpunkt (Way);T;Heinheimer Straße;49.876437;8.66162;30.0;;;;;;Original OSM;158.4;2.01;asphalt;secondary;Heinheimer Straße;10;Kurs 6
Routenpunkt (Way);T;;49.876366;8.661619;30.0;;;;;;Interpoliert (15m);158.6;2.08;asphalt;secondary;Heinheimer Straße;10;Kurs 6
Routenpunkt (Way);T;Heinheimer Straße;49.876296;8.661618;30.0;;;;;;Original OSM;158.8;0.92;asphalt;secondary;Dieburger Straße;10;Kurs 6
Routenpunkt (Way);T;;49.87624;8.661512;30.0;;;;;;Interpoliert (15m);159.0;0.13;asphalt;secondary;Dieburger Straße;10;Kurs 6
Routenpunkt (Way);T;Dieburger Straße;49.876184;8.661406;50.0;;;;;;Interpoliert;158.6;-0.8;asphalt;secondary;Dieburger Straße;10;Kurs 6
Routenpunkt (Way);T;Dieburger Straße;49.876116;8.661268;50.0;;;;;;Interpoliert;158.3;-1.73;asphalt;secondary;Dieburger Straße;10;Kurs 6
Routenpunkt (Way);T;;49.876036;8.661111;50.0;;;;;;Interpoliert (15m);158.0;-2.54;asphalt;secondary;Dieburger Straße;10;Kurs 6
Routenpunkt (Way);T;Dieburger Straße;49.875956;8.660955;50.0;;;;;;Original OSM;157.7;-2.13;asphalt;secondary;Dieburger Straße;10;Kurs 6
Routenpunkt (Way);T;;49.875887;8.660778;50.0;;;;;;Interpoliert (15m);157.4;-2.19;asphalt;secondary;Alexanderstraße;10;Kurs 6
Routenpunkt (Way);T;Alexanderstraße;49.875819;8.660601;50.0;;;;;;Original OSM;157.1;-3.03;asphalt;secondary;Alexanderstraße;10;Kurs 6
Haltestelle;W;Darmstadt Alexanderstraße/TU;49.875741;8.660502;50.0;13:18:00;13:18:00;Kein Umlauf;Mo,Di,Mi,Do,Fr;446.0;Original GTFS (Snap-Distanz 3m) | Auf Route gesnappt (3m);156.8;-3.29;asphalt;secondary;Alexanderstraße;10;Kurs 6
Routenpunkt (Way);T;Alexanderstraße/TU;49.875778;8.660468;50.0;;;;;;Original OSM;156.5;-4.2;asphalt;secondary;Alexanderstraße;10;Kurs 6
Routenpunkt (Way);T;Alexanderstraße;49.875673;8.660341;50.0;;;;;;Original OSM;156.0;-4.06;asphalt;secondary;Alexanderstraße;10;Kurs 6
Routenpunkt (Way);T;;49.875634;8.660254;50.0;;;;;;Interpoliert (15m);155.5;-3.9;asphalt;secondary;Alexanderstraße;10;Kurs 6
Routenpunkt (Way);T;Alexanderstraße;49.875595;8.660168;50.0;;;;;;Interpoliert;155.4;-2.94;asphalt;secondary;Alexanderstraße;10;Kurs 6
Routenpunkt (Way);T;Alexanderstraße;49.875538;8.660047;50.0;;;;;;Original OSM;155.2;-2.57;asphalt;secondary;Alexanderstraße;10;Kurs 6
Routenpunkt (Way);T;;49.875472;8.659896;50.0;;;;;;Interpoliert (15m);155.0;-1.58;asphalt;secondary;Alexanderstraße;10;Kurs 6
Routenpunkt (Way);T;Alexanderstraße;49.875406;8.659744;50.0;;;;;;Original OSM;154.8;-1.66;asphalt;secondary;Alexanderstraße;10;Kurs 6
Routenpunkt (Way);T;;49.875355;8.659598;50.0;;;;;;Interpoliert (15m);154.6;-1.62;asphalt;secondary;Alexanderstraße;10;Kurs 6
Routenpunkt (Way);T;;49.875305;8.659452;50.0;;;;;;Interpoliert (15m);154.4;-1.81;asphalt;secondary;Alexanderstraße;10;Kurs 6
Routenpunkt (Way);T;Alexanderstraße;49.875255;8.659305;50.0;;;;;;Original OSM;154.2;-1.5;asphalt;secondary;Alexanderstraße;10;Kurs 6
Routenpunkt (Way);T;;49.87523;8.659199;50.0;;;;;;Interpoliert (15m);154.0;-1.31;asphalt;secondary;Alexanderstraße;10;Kurs 6
Routenpunkt (Way);T;Alexanderstraße;49.875206;8.659092;50.0;;;;;;Original OSM;154.0;-1.42;asphalt;secondary;Alexanderstraße;10;Kurs 6
Routenpunkt (Way);T;Alexanderstraße;49.875164;8.658913;50.0;;;;;;Interpoliert;153.9;-1.6;asphalt;secondary;Alexanderstraße;10;Kurs 6
Routenpunkt (Way);T;Alexanderstraße;49.875122;8.658734;50.0;;;;;;Original OSM;153.6;-1.6;asphalt;secondary;Alexanderstraße;10;Kurs 6
Routenpunkt (Way);T;Alexanderstraße;49.875089;8.658583;50.0;;;;;;Original OSM;153.3;-2.29;asphalt;secondary;Alexanderstraße;10;Kurs 6
Routenpunkt (Way);T;Alexanderstraße;49.87505;8.658425;50.0;;;;;;Original OSM;153.0;-2.82;asphalt;secondary;Alexanderstraße;10;Kurs 6
Routenpunkt (Way);T;;49.875023;8.65831;50.0;;;;;;Interpoliert (15m);152.7;-3.25;asphalt;secondary;Alexanderstraße;10;Kurs 6
Routenpunkt (Way);T;Alexanderstraße;49.874996;8.658194;50.0;;;;;;Original OSM;152.4;-3.59;asphalt;secondary;Alexanderstraße;10;Kurs 6
Routenpunkt (Way);T;;49.874968;8.658073;50.0;;;;;;Interpoliert (15m);152.0;-3.68;asphalt;secondary;Alexanderstraße;10;Kurs 6
Routenpunkt (Way);T;Alexanderstraße;49.87494;8.657952;50.0;;;;;;Interpoliert;151.6;-3.72;asphalt;secondary;Alexanderstraße;10;Kurs 6
Routenpunkt (Way);T;Alexanderstraße;49.874897;8.65777;50.0;;;;;;Interpoliert;151.2;-3.58;asphalt;secondary;Alexanderstraße;10;Kurs 6
Routenpunkt (Way);T;;49.874863;8.657626;50.0;;;;;;Interpoliert (15m);150.8;-2.9;asphalt;secondary;Alexanderstraße;10;Kurs 6
Routenpunkt (Way);T;;49.874829;8.657482;50.0;;;;;;Interpoliert (15m);150.5;-2.21;asphalt;secondary;Alexanderstraße;10;Kurs 6
Routenpunkt (Way);T;Alexanderstraße;49.874795;8.657337;50.0;;;;;;Original OSM;150.4;-1.82;asphalt;secondary;Alexanderstraße;10;Kurs 6
Routenpunkt (Way);T;;49.874762;8.657195;50.0;;;;;;Interpoliert (15m);150.3;-1.3;asphalt;secondary;Alexanderstraße;10;Kurs 6
Routenpunkt (Way);T;Alexanderstraße;49.874729;8.657054;50.0;;;;;;Interpoliert;150.2;-0.97;asphalt;secondary;Alexanderstraße;10;Kurs 6
Routenpunkt (Way);T;;49.874701;8.656927;50.0;;;;;;Interpoliert (15m);150.1;-0.79;asphalt;secondary;Alexanderstraße;10;Kurs 6
Routenpunkt (Way);T;Alexanderstraße;49.874673;8.656799;50.0;;;;;;Original OSM;150.0;-0.6;asphalt;secondary;Alexanderstraße;10;Kurs 6
Routenpunkt (Way);T;;49.87465;8.656654;50.0;;;;;;Interpoliert (15m);150.0;-0.42;asphalt;secondary;Alexanderstraße;10;Kurs 6
Routenpunkt (Way);T;Alexanderstraße;49.874627;8.656509;50.0;;;;;;Interpoliert;150.0;-0.21;asphalt;secondary;Alexanderstraße;10;Kurs 6
Routenpunkt (Way);T;Alexanderstraße;49.874603;8.656333;50.0;;;;;;Interpoliert;150.0;0.0;asphalt;secondary;Alexanderstraße;10;Kurs 6
Routenpunkt (Way);A;Ampel;49.874586;8.656209;50.0;;;;;;Interpoliert (15m);150.0;0.0;asphalt;secondary;Alexanderstraße;10;Kurs 6
Routenpunkt (Way);T;Alexanderstraße;49.874569;8.656085;50.0;;;;;;Original OSM;150.0;-0.44;asphalt;secondary;Alexanderstraße;10;Kurs 6
Routenpunkt (Way);T;;49.874543;8.655964;50.0;;;;;;Interpoliert (15m);150.0;-0.77;asphalt;secondary;Alexanderstraße;10;Kurs 6
Routenpunkt (Way);T;Unbekannt;49.874518;8.655843;50.0;;;;;;Interpoliert;149.8;-1.1;asphalt;busway;;10;Kurs 6
Routenpunkt (Way);T;;49.874415;8.655901;50.0;;;;;;Interpoliert (15m);149.6;-1.44;asphalt;busway;;10;Kurs 6
Routenpunkt (Way);T;Unbekannt;49.874313;8.655958;50.0;;;;;;Original OSM;149.4;-1.78;paving_stones;busway;;10;Kurs 6
Routenpunkt (Way);T;;49.874212;8.656003;50.0;;;;;;Interpoliert (15m);149.2;-1.71;paving_stones;busway;;10;Kurs 6
Routenpunkt (Way);T;Schlossgraben;49.874111;8.656048;50.0;;;;;;Interpoliert;149.0;-1.76;paving_stones;busway;Schlossgraben;10;Kurs 6
Routenpunkt (Way);T;Schlossgraben;49.874015;8.656081;50.0;;;;;;Interpoliert;148.8;-1.8;paving_stones;busway;Schlossgraben;10;Kurs 6
Routenpunkt (Way);T;;49.873921;8.656112;50.0;;;;;;Interpoliert (15m);148.6;-1.46;paving_stones;busway;Schlossgraben;10;Kurs 6
Routenpunkt (Way);T;;49.873827;8.656144;50.0;;;;;;Interpoliert (15m);148.4;-1.11;paving_stones;busway;Schlossgraben;10;Kurs 6
Routenpunkt (Way);T;Schlossgraben;49.873734;8.656175;50.0;;;;;;Original OSM;148.4;-0.46;paving_stones;busway;Schlossgraben;10;Kurs 6
Routenpunkt (Way);T;;49.87361;8.656215;50.0;;;;;;Interpoliert (15m);148.4;0.3;paving_stones;busway;Schlossgraben;10;Kurs 6
Routenpunkt (Way);T;Schlossgraben;49.873486;8.656255;50.0;;;;;;Interpoliert;148.6;1.51;paving_stones;busway;Schlossgraben;10;Kurs 6
Routenpunkt (Way);T;Schlossgraben;49.873397;8.656284;50.0;;;;;;Original OSM;148.8;2.34;paving_stones;busway;Schlossgraben;10;Kurs 6
Routenpunkt (Way);T;;49.873293;8.656237;50.0;;;;;;Interpoliert (15m);149.3;3.17;paving_stones;busway;Schlossgraben;10;Kurs 6
Routenpunkt (Way);T;;49.873189;8.656191;50.0;;;;;;Interpoliert (15m);149.8;3.6;sett;busway;Schlossgraben;10;Kurs 6
Routenpunkt (Way);T;Schlossgraben;49.873085;8.656144;50.0;;;;;;Original OSM;150.3;3.92;sett;busway;Schlossgraben;10;Kurs 6
Routenpunkt (Way);T;;49.873042;8.65596;30.0;;;;;;Interpoliert (15m);150.8;3.79;sett;unclassified;Marktplatz;10;Kurs 6
Routenpunkt (Way);T;;49.872998;8.655775;30.0;;;;;;Interpoliert (15m);151.3;3.45;sett;unclassified;Marktplatz;10;Kurs 6
Routenpunkt (Way);T;Schloss;49.872955;8.655591;30.0;;;;;;Original OSM;151.8;2.78;sett;unclassified;Marktplatz;10;Kurs 6
Routenpunkt (Way);T;;49.872907;8.655436;30.0;;;;;;Interpoliert (15m);152.1;2.07;sett;unclassified;Marktplatz;10;Kurs 6
Routenpunkt (Way);T;Marktplatz;49.87286;8.655281;30.0;;;;;;Original OSM;152.2;1.36;paving_stones;unclassified;Marktplatz;10;Kurs 6
Haltestelle;W;Darmstadt Schloss;49.87286;8.655281;30.0;13:20:00;13:20:00;Kein Umlauf;Mo,Di,Mi,Do,Fr;446.0;Original GTFS (Snap-Distanz 3m) | Auf Route gesnappt (3m);152.3;0.37;paving_stones;unclassified;Marktplatz;10;Kurs 6
Routenpunkt (Way);T;Marktplatz;49.87286;8.655281;30.0;;;;;;Original OSM;152.4;-0.4;paving_stones;unclassified;Marktplatz;10;Kurs 6
Routenpunkt (Way);T;Marktplatz;49.872838;8.655085;30.0;;;;;;Interpoliert;152.2;-1.53;paving_stones;unclassified;Marktplatz;10;Kurs 6
Routenpunkt (Way);T;Marktplatz;49.872817;8.65489;30.0;;;;;;Original OSM;152.0;-2.59;paving_stones;unclassified;Marktplatz;10;Kurs 6
Routenpunkt (Way);T;Marktplatz;49.8728;8.65472;30.0;;;;;;Interpoliert;151.4;-3.65;paving_stones;unclassified;Marktplatz;10;Kurs 6
Routenpunkt (Way);T;;49.872796;8.654562;30.0;;;;;;Interpoliert (15m);150.8;-4.45;paving_stones;unclassified;Marktplatz;10;Kurs 6
Routenpunkt (Way);T;Marktplatz;49.872792;8.654403;30.0;;;;;;Original OSM;150.2;-5.24;asphalt;unclassified;Rheinstraße;10;Kurs 6
Routenpunkt (Way);T;;49.872845;8.654271;30.0;;;;;;Interpoliert (15m);149.6;-4.92;asphalt;unclassified;Rheinstraße;10;Kurs 6
Routenpunkt (Way);T;Rheinstraße;49.872898;8.654139;30.0;;;;;;Interpoliert;149.0;-4.7;asphalt;unclassified;Rheinstraße;10;Kurs 6
Routenpunkt (Way);T;Rheinstraße;49.872965;8.654003;30.0;;;;;;Interpoliert;148.6;-4.47;asphalt;unclassified;Rheinstraße;10;Kurs 6
Routenpunkt (Way);T;;49.873015;8.653854;30.0;;;;;;Interpoliert (15m);148.1;-4.23;asphalt;unclassified;Rheinstraße;10;Kurs 6
Routenpunkt (Way);T;;49.873064;8.653706;30.0;;;;;;Interpoliert (15m);147.6;-3.99;asphalt;unclassified;Rheinstraße;10;Kurs 6
Routenpunkt (Way);T;Rheinstraße;49.873114;8.653557;30.0;;;;;;Original OSM;147.1;-3.68;asphalt;unclassified;Rheinstraße;10;Kurs 6
Routenpunkt (Way);T;;49.873106;8.653391;30.0;;;;;;Interpoliert (15m);146.6;-3.18;asphalt;unclassified;Rheinstraße;10;Kurs 6
Routenpunkt (Way);T;;49.873097;8.653226;30.0;;;;;;Interpoliert (15m);146.4;-2.64;asphalt;unclassified;Rheinstraße;10;Kurs 6
Routenpunkt (Way);T;Rheinstraße;49.873089;8.653061;30.0;;;;;;Interpoliert;146.2;-2.09;asphalt;unclassified;Rheinstraße;10;Kurs 6
Routenpunkt (Way);T;Rheinstraße;49.873063;8.652872;30.0;;;;;;Interpoliert;146.0;-1.54;asphalt;unclassified;Rheinstraße;10;Kurs 6
Routenpunkt (Way);T;Rheinstraße;49.873037;8.652684;30.0;;;;;;Interpoliert;145.8;-1.64;asphalt;unclassified;Rheinstraße;10;Kurs 6
Routenpunkt (Way);T;Rheinstraße;49.873011;8.652495;30.0;;;;;;Interpoliert;145.6;-1.62;asphalt;unclassified;Rheinstraße;10;Kurs 6
Routenpunkt (Way);T;Rheinstraße;49.872985;8.652306;30.0;;;;;;Interpoliert;145.3;-1.65;asphalt;unclassified;Rheinstraße;10;Kurs 6
Routenpunkt (Way);T;;49.872977;8.65213;30.0;;;;;;Interpoliert (15m);145.1;-1.67;asphalt;unclassified;Rheinstraße;10;Kurs 6
Routenpunkt (Way);T;;49.872969;8.651954;30.0;;;;;;Interpoliert (15m);144.9;-1.67;paving_stones;unclassified;Luisenplatz;10;Kurs 6
Routenpunkt (Way);T;Luisenplatz;49.87296;8.651778;30.0;;;;;;Original OSM;144.7;-1.38;paving_stones;unclassified;Luisenplatz;10;Kurs 6
Routenpunkt (Way);T;;49.872875;8.651636;30.0;;;;;;Interpoliert (15m);144.5;-1.06;paving_stones;unclassified;Luisenplatz;10;Kurs 6
Routenpunkt (Way);T;;49.872789;8.651494;30.0;;;;;;Interpoliert (15m);144.4;-0.75;paving_stones;unclassified;Luisenplatz;10;Kurs 6
Haltestelle;W;Darmstadt Luisenplatz;49.872704;8.651351;30.0;13:22:00;13:22:00;Kein Umlauf;Mo,Di,Mi,Do,Fr;446.0;Original GTFS (Snap-Distanz 21m) | Auf Route gesnappt (21m);144.4;-0.43;paving_stones;unclassified;Luisenplatz;10;Kurs 6
Routenpunkt (Way);T;Luisenplatz;49.872685;8.651314;30.0;;;;;;Original OSM;144.4;-0.14;paving_stones;unclassified;Luisenplatz;10;Kurs 6
Routenpunkt (Way);T;;49.87269;8.651114;30.0;;;;;;Interpoliert (15m);144.4;0.19;paving_stones;unclassified;Luisenplatz;10;Kurs 6
Routenpunkt (Way);T;Luisenplatz;49.872695;8.650914;30.0;;;;;;Original OSM;144.4;0.03;paving_stones;unclassified;Luisenplatz;10;Kurs 6
Routenpunkt (Way);T;Luisenplatz;49.872713;8.650768;30.0;;;;;;Interpoliert;144.5;-0.14;paving_stones;unclassified;Luisenplatz;10;Kurs 6
Routenpunkt (Way);T;Luisenplatz;49.872733;8.650595;30.0;;;;;;Original OSM;144.4;-0.31;paving_stones;unclassified;Luisenplatz;10;Kurs 6
Routenpunkt (Way);T;;49.872736;8.650429;30.0;;;;;;Interpoliert (15m);144.3;-0.5;paving_stones;unclassified;Luisenplatz;10;Kurs 6
Routenpunkt (Way);T;Luisenplatz;49.872739;8.650264;30.0;;;;;;Original OSM;144.2;-0.89;asphalt;unclassified;Luisenplatz;10;Kurs 6
Routenpunkt (Way);T;;49.872722;8.650125;30.0;;;;;;Interpoliert (15m);144.1;-1.03;asphalt;busway;Rheinstraße;10;Kurs 6
Routenpunkt (Way);T;Rheinstraße;49.872705;8.649986;30.0;;;;;;Interpoliert;144.0;-1.15;asphalt;busway;Rheinstraße;10;Kurs 6
Routenpunkt (Way);T;Rheinstraße;49.872679;8.649801;30.0;;;;;;Interpoliert;143.8;-1.28;asphalt;busway;Rheinstraße;10;Kurs 6
Routenpunkt (Way);T;Rheinstraße;49.872654;8.649616;30.0;;;;;;Interpoliert;143.6;-1.38;asphalt;busway;Rheinstraße;10;Kurs 6
Routenpunkt (Way);T;Rheinstraße;49.872628;8.649431;30.0;;;;;;Interpoliert;143.4;-1.62;asphalt;busway;Rheinstraße;10;Kurs 6
Routenpunkt (Way);T;Rheinstraße;49.872603;8.649246;30.0;;;;;;Interpoliert;143.2;-1.47;asphalt;busway;Rheinstraße;10;Kurs 6
Routenpunkt (Way);A;Rheinstraße (Ampel);49.872577;8.64906;30.0;;;;;;Original OSM;142.9;-1.32;asphalt;residential;Grafenstraße;10;Kurs 6
Routenpunkt (Way);T;Rheinstraße;49.87255;8.648869;30.0;;;;;;Interpoliert;142.8;-1.16;asphalt;residential;Grafenstraße;10;Kurs 6
Routenpunkt (Way);T;Rheinstraße;49.872522;8.648677;30.0;;;;;;Interpoliert;142.7;-1.01;asphalt;residential;;10;Kurs 6
Routenpunkt (Way);T;Rheinstraße;49.872495;8.648485;30.0;;;;;;Interpoliert;142.6;-0.57;asphalt;busway;Rheinstraße;10;Kurs 6
Routenpunkt (Way);T;Rheinstraße;49.872467;8.648294;30.0;;;;;;Interpoliert;142.5;-0.43;asphalt;busway;Rheinstraße;10;Kurs 6
Routenpunkt (Way);T;Rheinstraße;49.87244;8.648102;30.0;;;;;;Interpoliert;142.5;-0.28;asphalt;busway;Rheinstraße;10;Kurs 6
Routenpunkt (Way);T;Rheinstraße;49.872412;8.64791;30.0;;;;;;Interpoliert;142.5;-0.14;asphalt;busway;Rheinstraße;10;Kurs 6
Routenpunkt (Way);T;Rheinstraße;49.872384;8.647719;30.0;;;;;;Interpoliert;142.5;-0.57;asphalt;busway;Rheinstraße;10;Kurs 6
Routenpunkt (Way);T;Rheinstraße;49.872357;8.647527;30.0;;;;;;Interpoliert;142.5;-0.99;asphalt;busway;Rheinstraße;10;Kurs 6
Routenpunkt (Way);T;Rheinstraße;49.872329;8.647335;30.0;;;;;;Interpoliert;142.1;-1.42;asphalt;busway;Rheinstraße;10;Kurs 6
Routenpunkt (Way);T;Rheinstraße;49.872302;8.647144;30.0;;;;;;Interpoliert;141.8;-1.85;asphalt;busway;Rheinstraße;10;Kurs 6
Routenpunkt (Way);T;Rheinstraße;49.872274;8.646952;30.0;;;;;;Interpoliert;141.5;-2.29;asphalt;busway;Rheinstraße;10;Kurs 6
Routenpunkt (Way);T;Rheinstraße;49.872247;8.64676;30.0;;;;;;Original OSM;141.2;-1.87;asphalt;busway;Rheinstraße;10;Kurs 6
Routenpunkt (Way);T;Rheinstraße;49.87222;8.646576;30.0;;;;;;Interpoliert;140.9;-1.74;asphalt;busway;Rheinstraße;10;Kurs 6
Routenpunkt (Way);T;Rheinstraße;49.872193;8.646391;30.0;;;;;;Interpoliert;140.8;-1.61;asphalt;busway;Rheinstraße;10;Kurs 6
Routenpunkt (Way);T;Rheinstraße;49.872166;8.646207;30.0;;;;;;Interpoliert;140.6;-1.47;asphalt;busway;Rheinstraße;10;Kurs 6
Routenpunkt (Way);T;Rheinstraße;49.872138;8.646022;30.0;;;;;;Interpoliert;140.4;-1.47;asphalt;busway;Rheinstraße;10;Kurs 6
Routenpunkt (Way);T;Rheinstraße;49.872111;8.645837;30.0;;;;;;Interpoliert;140.2;-1.18;asphalt;busway;Rheinstraße;10;Kurs 6
Routenpunkt (Way);T;Rheinstraße;49.872084;8.645653;30.0;;;;;;Interpoliert;139.9;-0.74;asphalt;busway;Rheinstraße;10;Kurs 6
Routenpunkt (Way);T;Rheinstraße;49.872057;8.645468;30.0;;;;;;Interpoliert;140.0;-0.29;asphalt;busway;Rheinstraße;10;Kurs 6
Routenpunkt (Way);T;Rheinstraße;49.87203;8.645283;30.0;;;;;;Interpoliert;140.1;0.15;asphalt;busway;Rheinstraße;10;Kurs 6
Routenpunkt (Way);T;Rheinstraße;49.872003;8.645099;30.0;;;;;;Interpoliert;140.2;0.75;asphalt;busway;Rheinstraße;10;Kurs 6
Routenpunkt (Way);T;;49.871976;8.64492;30.0;;;;;;Interpoliert (15m);140.3;0.42;asphalt;busway;Rheinstraße;10;Kurs 6
Routenpunkt (Way);T;Rheinstraße;49.871949;8.644741;30.0;;;;;;Original OSM;140.4;0.13;asphalt;busway;Rheinstraße;10;Kurs 6
Haltestelle;W;Darmstadt Rhein-/Neckarstraße;49.871925;8.644589;30.0;;;Kein Umlauf;Mo,Di,Mi,Do,Fr;446.0;Original GTFS (Snap-Distanz 43m) | Auf Route gesnappt (43m);140.3;-0.17;asphalt;busway;Rheinstraße;10;Kurs 6
Routenpunkt (Way);T;Rheinstraße;49.871897;8.644404;30.0;;;;;;Original OSM;140.2;-0.48;asphalt;busway;Rheinstraße;10;Kurs 6
Routenpunkt (Way);T;;49.871863;8.644226;30.0;;;;;;Interpoliert (15m);140.1;-0.78;asphalt;busway;Rheinstraße;10;Kurs 6
Routenpunkt (Way);T;;49.87183;8.644049;30.0;;;;;;Interpoliert (15m);140.0;-0.76;asphalt;busway;Rheinstraße;10;Kurs 6
Routenpunkt (Way);T;Rheinstraße;49.871796;8.643871;30.0;;;;;;Original OSM;139.9;-0.77;asphalt;busway;Rheinstraße;10;Kurs 6
Routenpunkt (Way);T;;49.871771;8.643701;30.0;;;;;;Interpoliert (15m);139.8;-0.78;asphalt;busway;Rheinstraße;10;Kurs 6
Routenpunkt (Way);T;;49.871746;8.643531;30.0;;;;;;Interpoliert (15m);139.7;-0.95;asphalt;busway;Rheinstraße;10;Kurs 6
Routenpunkt (Way);T;;49.871721;8.643361;30.0;;;;;;Interpoliert (15m);139.6;-1.08;asphalt;busway;Rheinstraße;10;Kurs 6
Routenpunkt (Way);T;Rhein-/Neckarstraße;49.871696;8.64319;30.0;;;;;;Interpoliert;139.4;-1.2;asphalt;busway;Rheinstraße;10;Kurs 6
Routenpunkt (Way);T;;49.871683;8.642993;30.0;;;;;;Interpoliert (15m);139.2;-1.33;asphalt;busway;Rheinstraße;10;Kurs 6
Routenpunkt (Way);T;Rheinstraße;49.871671;8.642795;30.0;;;;;;Interpoliert;139.0;-1.46;asphalt;busway;Rheinstraße;10;Kurs 6
Routenpunkt (Way);T;Rheinstraße;49.871645;8.642607;30.0;;;;;;Interpoliert;138.8;-1.29;asphalt;busway;Rheinstraße;10;Kurs 6
Routenpunkt (Way);T;Rheinstraße;49.871619;8.64242;30.0;;;;;;Interpoliert;138.6;-1.01;asphalt;busway;Rheinstraße;10;Kurs 6
Routenpunkt (Way);T;Rheinstraße;49.871594;8.642232;30.0;;;;;;Interpoliert;138.5;-0.73;asphalt;busway;Rheinstraße;10;Kurs 6
Routenpunkt (Way);T;Rheinstraße;49.871568;8.642045;30.0;;;;;;Interpoliert;138.5;-0.44;asphalt;busway;Rheinstraße;10;Kurs 6
Routenpunkt (Way);T;;49.871546;8.641887;30.0;;;;;;Interpoliert (15m);138.5;-0.31;asphalt;busway;Rheinstraße;10;Kurs 6
Routenpunkt (Way);T;Rheinstraße;49.871524;8.641729;30.0;;;;;;Original OSM;138.5;-0.17;asphalt;busway;Rheinstraße;10;Kurs 6
Routenpunkt (Way);T;;49.871501;8.641564;30.0;;;;;;Interpoliert (15m);138.4;-0.17;asphalt;busway;Rheinstraße;10;Kurs 6
Routenpunkt (Way);T;Rheinstraße;49.871478;8.641399;30.0;;;;;;Original OSM;138.4;-0.17;asphalt;busway;Rheinstraße;10;Kurs 6
Routenpunkt (Way);T;Rheinstraße;49.871452;8.641207;30.0;;;;;;Interpoliert;138.4;-0.17;asphalt;busway;Rheinstraße;10;Kurs 6
Routenpunkt (Way);T;Rheinstraße;49.871425;8.641015;30.0;;;;;;Interpoliert;138.4;-0.28;asphalt;busway;Rheinstraße;10;Kurs 6
Routenpunkt (Way);T;Rheinstraße;49.871399;8.640824;30.0;;;;;;Interpoliert;138.4;-0.71;asphalt;busway;Rheinstraße;10;Kurs 6
Routenpunkt (Way);T;Rheinstraße;49.871372;8.640632;30.0;;;;;;Interpoliert;138.2;-1.14;asphalt;busway;Rheinstraße;10;Kurs 6
Routenpunkt (Way);T;Rheinstraße;49.871346;8.64044;30.0;;;;;;Interpoliert;137.9;-1.56;asphalt;busway;Rheinstraße;10;Kurs 6
Routenpunkt (Way);T;Rheinstraße;49.87132;8.640248;30.0;;;;;;Interpoliert;137.6;-1.85;asphalt;busway;Rheinstraße;10;Kurs 6
Routenpunkt (Way);T;Rheinstraße;49.871293;8.640056;30.0;;;;;;Interpoliert;137.3;-1.71;asphalt;busway;Rheinstraße;10;Kurs 6
Routenpunkt (Way);T;Rheinstraße;49.871267;8.639864;30.0;;;;;;Interpoliert;137.1;-1.42;asphalt;busway;Rheinstraße;10;Kurs 6
Routenpunkt (Way);T;Rheinstraße;49.87124;8.639672;30.0;;;;;;Original OSM;137.0;-1.13;asphalt;busway;Rheinstraße;10;Kurs 6
Routenpunkt (Way);T;Rheinstraße;49.871213;8.639477;30.0;;;;;;Interpoliert;136.9;-0.85;asphalt;busway;Rheinstraße;10;Kurs 6
Routenpunkt (Way);T;Rheinstraße;49.871186;8.639282;30.0;;;;;;Interpoliert;136.8;-0.7;asphalt;busway;;10;Kurs 6
Routenpunkt (Way);T;Rheinstraße;49.87116;8.639087;30.0;;;;;;Interpoliert;136.7;-0.42;asphalt;busway;;10;Kurs 6
Routenpunkt (Way);T;Rheinstraße;49.871133;8.638892;30.0;;;;;;Interpoliert;136.6;-0.14;asphalt;busway;;10;Kurs 6
Routenpunkt (Way);T;Rheinstraße;49.871106;8.638697;30.0;;;;;;Interpoliert;136.7;0.14;asphalt;busway;;10;Kurs 6
Routenpunkt (Way);T;Rheinstraße;49.871079;8.638502;30.0;;;;;;Interpoliert;136.8;0.14;asphalt;busway;;10;Kurs 6
Routenpunkt (Way);T;Rheinstraße;49.871052;8.638307;30.0;;;;;;Interpoliert;136.9;0.0;asphalt;busway;Rheinstraße;10;Kurs 6
Routenpunkt (Way);T;Rheinstraße;49.871025;8.638112;30.0;;;;;;Interpoliert;136.8;-0.42;asphalt;busway;Rheinstraße;10;Kurs 6
Routenpunkt (Way);T;Rheinstraße;49.870998;8.637917;30.0;;;;;;Interpoliert;136.6;-0.84;asphalt;busway;Rheinstraße;10;Kurs 6
Routenpunkt (Way);T;Rheinstraße;49.870972;8.637722;30.0;;;;;;Interpoliert;136.4;-0.98;asphalt;busway;Rheinstraße;10;Kurs 6
Routenpunkt (Way);T;Rheinstraße;49.870945;8.637526;30.0;;;;;;Interpoliert;136.2;-0.84;asphalt;busway;Rheinstraße;10;Kurs 6
Routenpunkt (Way);T;Rheinstraße;49.870918;8.637331;30.0;;;;;;Interpoliert;136.2;-0.56;asphalt;busway;Rheinstraße;10;Kurs 6
Routenpunkt (Way);T;Rheinstraße;49.870891;8.637136;30.0;;;;;;Interpoliert;136.2;-0.28;asphalt;busway;Rheinstraße;10;Kurs 6
Routenpunkt (Way);T;Rheinstraße;49.870864;8.636941;30.0;;;;;;Interpoliert;136.2;0.0;asphalt;busway;Rheinstraße;10;Kurs 6
Routenpunkt (Way);T;Rheinstraße;49.870837;8.636746;30.0;;;;;;Interpoliert;136.2;0.0;asphalt;busway;Rheinstraße;10;Kurs 6
Routenpunkt (Way);T;;49.870806;8.636632;30.0;;;;;;Interpoliert (15m);136.2;0.0;asphalt;busway;Rheinstraße;10;Kurs 6
Routenpunkt (Way);T;Rheinstraße;49.870774;8.636517;30.0;;;;;;Original OSM;136.2;0.0;asphalt;busway;Rheinstraße;10;Kurs 6
Routenpunkt (Way);T;;49.870757;8.636381;30.0;;;;;;Interpoliert (15m);136.2;0.0;asphalt;busway;Rheinstraße;10;Kurs 6
Routenpunkt (Way);T;Rheinstraße;49.87074;8.636245;30.0;;;;;;Original OSM;136.2;0.0;asphalt;busway;Rheinstraße;10;Kurs 6
Routenpunkt (Way);T;;49.870712;8.636042;30.0;;;;;;Interpoliert (15m);136.2;-0.37;asphalt;busway;Rheinstraße;10;Kurs 6
Routenpunkt (Way);T;Berliner Allee;49.870684;8.635838;30.0;;;;;;Interpoliert;136.2;-0.82;asphalt;busway;Rheinstraße;10;Kurs 6
Haltestelle;W;Darmstadt Berliner Allee;49.870692;8.63569;30.0;;;Kein Umlauf;Mo,Di,Mi,Do,Fr;446.0;Original GTFS (Snap-Distanz 8m) | Auf Route gesnappt (8m);136.0;-1.26;asphalt;busway;Rheinstraße;10;Kurs 6
Routenpunkt (Way);T;Berliner Allee;49.870647;8.635585;30.0;;;;;;Original OSM;135.8;-1.71;asphalt;busway;Rheinstraße;10;Kurs 6
Routenpunkt (Way);T;;49.870645;8.63546;30.0;;;;;;Interpoliert (15m);135.6;-1.98;asphalt;busway;Rheinstraße;10;Kurs 6
Routenpunkt (Way);T;Rheinstraße;49.870643;8.635334;30.0;;;;;;Interpoliert;135.4;-1.61;asphalt;busway;Rheinstraße;10;Kurs 6
Routenpunkt (Way);T;Rheinstraße;49.870615;8.635134;30.0;;;;;;Interpoliert;135.2;-0.89;asphalt;busway;Rheinstraße;10;Kurs 6
Routenpunkt (Way);T;Rheinstraße;49.870588;8.634934;30.0;;;;;;Interpoliert;135.2;-0.17;asphalt;busway;Rheinstraße;10;Kurs 6
Routenpunkt (Way);T;Rheinstraße;49.87056;8.634733;30.0;;;;;;Interpoliert;135.4;0.55;asphalt;busway;Rheinstraße;10;Kurs 6
Routenpunkt (Way);T;Rheinstraße;49.870533;8.634533;30.0;;;;;;Interpoliert;135.6;1.09;asphalt;busway;Rheinstraße;10;Kurs 6
Routenpunkt (Way);T;Rheinstraße;49.870505;8.634333;30.0;;;;;;Interpoliert;135.8;1.09;asphalt;busway;Rheinstraße;10;Kurs 6
Routenpunkt (Way);T;Rheinstraße;49.870477;8.634133;30.0;;;;;;Interpoliert;136.0;0.82;asphalt;busway;Rheinstraße;10;Kurs 6
Routenpunkt (Way);T;Rheinstraße;49.87045;8.633933;30.0;;;;;;Original OSM;136.0;0.55;asphalt;busway;Rheinstraße;10;Kurs 6
Routenpunkt (Way);T;Rheinstraße;49.870425;8.633749;30.0;;;;;;Interpoliert;136.0;0.27;asphalt;busway;Rheinstraße;10;Kurs 6
Routenpunkt (Way);T;Rheinstraße;49.870399;8.633564;30.0;;;;;;Interpoliert;136.0;0.0;asphalt;busway;Rheinstraße;10;Kurs 6
Routenpunkt (Way);T;;49.870399;8.633418;30.0;;;;;;Interpoliert (15m);136.0;-0.38;asphalt;busway;Rheinstraße;10;Kurs 6
Routenpunkt (Way);T;;49.870399;8.633272;30.0;;;;;;Interpoliert (15m);136.0;-1.15;asphalt;busway;Am Hauptbahnhof;10;Kurs 6
Routenpunkt (Way);T;Rheinstraße;49.870399;8.633126;30.0;;;;;;Original OSM;135.8;-1.91;asphalt;busway;Am Hauptbahnhof;10;Kurs 6
Routenpunkt (Way);T;;49.87048;8.632994;30.0;;;;;;Interpoliert (15m);135.3;-2.64;asphalt;busway;Am Hauptbahnhof;10;Kurs 6
Routenpunkt (Way);T;Am Hauptbahnhof;49.870561;8.632861;30.0;;;;;;Interpoliert;134.8;-3.36;paving_stones;pedestrian;Am Hauptbahnhof;10;Kurs 6
Routenpunkt (Way);T;Am Hauptbahnhof;49.870668;8.632766;30.0;;;;;;Original OSM;134.3;-3.46;paving_stones;pedestrian;Am Hauptbahnhof;10;Kurs 6
Routenpunkt (Way);T;Am Hauptbahnhof;49.870777;8.632674;30.0;;;;;;Interpoliert;133.8;-3.18;paving_stones;pedestrian;Am Hauptbahnhof;10;Kurs 6
Routenpunkt (Way);T;Am Hauptbahnhof;49.870876;8.63259;30.0;;;;;;Interpoliert;133.5;-2.89;paving_stones;pedestrian;Am Hauptbahnhof;10;Kurs 6
Routenpunkt (Way);T;Am Hauptbahnhof;49.870975;8.632506;30.0;;;;;;Interpoliert;133.2;-2.59;paving_stones;pedestrian;Am Hauptbahnhof;10;Kurs 6
Routenpunkt (Way);T;Am Hauptbahnhof;49.871073;8.632422;30.0;;;;;;Interpoliert;132.9;-2.29;paving_stones;pedestrian;Am Hauptbahnhof;10;Kurs 6
Routenpunkt (Way);T;;49.871184;8.632328;30.0;;;;;;Interpoliert (15m);132.6;-1.81;paving_stones;pedestrian;Am Hauptbahnhof;10;Kurs 6
Routenpunkt (Way);T;Am Hauptbahnhof;49.871296;8.632234;30.0;;;;;;Original OSM;132.3;-0.79;paving_stones;pedestrian;Am Hauptbahnhof;10;Kurs 6
Routenpunkt (Way);T;;49.871384;8.632158;30.0;;;;;;Interpoliert (15m);132.3;0.26;paving_stones;pedestrian;Am Hauptbahnhof;10;Kurs 6
Routenpunkt (Way);T;Am Hauptbahnhof;49.871471;8.632083;30.0;;;;;;Interpoliert;132.6;0.87;paving_stones;pedestrian;Am Hauptbahnhof;10;Kurs 6
Routenpunkt (Way);T;Am Hauptbahnhof;49.871554;8.632013;30.0;;;;;;Original OSM;132.9;1.78;paving_stones;pedestrian;Am Hauptbahnhof;10;Kurs 6
Routenpunkt (Way);T;Am Hauptbahnhof;49.871638;8.631939;30.0;;;;;;Interpoliert;133.0;2.25;paving_stones;pedestrian;Am Hauptbahnhof;10;Kurs 6
Routenpunkt (Way);T;;49.871727;8.631831;30.0;;;;;;Interpoliert (15m);133.3;2.17;asphalt;pedestrian;Am Hauptbahnhof;10;Kurs 6
Routenpunkt (Way);T;Am Hauptbahnhof;49.871816;8.631723;30.0;;;;;;Original OSM;133.6;1.6;asphalt;pedestrian;Am Hauptbahnhof;10;Kurs 6
Routenpunkt (Way);T;;49.871931;8.631682;30.0;;;;;;Interpoliert (15m);133.9;1.41;paving_stones;pedestrian;Am Hauptbahnhof;10;Kurs 6
Haltestelle;W;Darmstadt Hauptbahnhof Ost;49.872047;8.631641;30.0;13:29:00;13:29:00;Kein Umlauf;Mo,Di,Mi,Do,Fr;446.0;Original GTFS (Snap-Distanz 37m) | Auf Route gesnappt (37m);133.9;0.93;paving_stones;pedestrian;Am Hauptbahnhof;10;Kurs 6
Routenpunkt (Way);T;Am Hauptbahnhof;49.871937;8.631698;30.0;;;;;;Original OSM;133.9;0.01;paving_stones;pedestrian;Am Hauptbahnhof;10;Kurs 6
Routenpunkt (Way);T;;49.87183;8.631782;30.0;;;;;;Interpoliert (15m);133.9;-1.01;asphalt;pedestrian;Am Hauptbahnhof;10;Kurs 6
Routenpunkt (Way);T;Am Hauptbahnhof;49.871722;8.631865;30.0;;;;;;Original OSM;133.6;-1.56;paving_stones;pedestrian;Am Hauptbahnhof;10;Kurs 6
Routenpunkt (Way);T;Am Hauptbahnhof;49.871638;8.631939;30.0;;;;;;Interpoliert;133.3;-1.76;paving_stones;pedestrian;Am Hauptbahnhof;10;Kurs 6
Routenpunkt (Way);T;Am Hauptbahnhof;49.871554;8.632013;30.0;;;;;;Original OSM;133.0;-2.29;paving_stones;pedestrian;Am Hauptbahnhof;10;Kurs 6
Routenpunkt (Way);T;Am Hauptbahnhof;49.871471;8.632083;30.0;;;;;;Interpoliert;132.9;-2.38;paving_stones;pedestrian;Am Hauptbahnhof;10;Kurs 6
Routenpunkt (Way);T;;49.871384;8.632158;30.0;;;;;;Interpoliert (15m);132.6;-1.82;paving_stones;pedestrian;Am Hauptbahnhof;10;Kurs 6
Routenpunkt (Way);T;Am Hauptbahnhof;49.871296;8.632234;30.0;;;;;;Original OSM;132.3;-0.84;paving_stones;pedestrian;Am Hauptbahnhof;10;Kurs 6
Routenpunkt (Way);T;;49.871184;8.632328;30.0;;;;;;Interpoliert (15m);132.3;-0.17;paving_stones;pedestrian;Am Hauptbahnhof;10;Kurs 6
Routenpunkt (Way);T;Am Hauptbahnhof;49.871073;8.632422;30.0;;;;;;Interpoliert;132.6;0.85;paving_stones;pedestrian;Am Hauptbahnhof;10;Kurs 6
Routenpunkt (Way);T;Am Hauptbahnhof;49.870975;8.632506;30.0;;;;;;Interpoliert;132.9;1.86;paving_stones;pedestrian;Am Hauptbahnhof;10;Kurs 6
Routenpunkt (Way);T;Am Hauptbahnhof;49.870876;8.63259;30.0;;;;;;Interpoliert;133.2;2.3;paving_stones;pedestrian;Am Hauptbahnhof;10;Kurs 6
Routenpunkt (Way);T;Am Hauptbahnhof;49.870777;8.632674;30.0;;;;;;Interpoliert;133.5;2.31;paving_stones;pedestrian;Am Hauptbahnhof;10;Kurs 6
Routenpunkt (Way);T;Am Hauptbahnhof;49.870668;8.632766;30.0;;;;;;Original OSM;133.8;2.27;paving_stones;pedestrian;Am Hauptbahnhof;10;Kurs 6
Routenpunkt (Way);T;Am Hauptbahnhof;49.870561;8.632861;30.0;;;;;;Interpoliert;134.1;2.08;paving_stones;pedestrian;Am Hauptbahnhof;10;Kurs 6
Routenpunkt (Way);T;;49.870452;8.632953;30.0;;;;;;Interpoliert (15m);134.4;1.97;asphalt;busway;Am Hauptbahnhof;10;Kurs 6
Routenpunkt (Way);T;Am Hauptbahnhof;49.870344;8.633045;50.0;;;;;;Original OSM;134.6;1.35;asphalt;primary;Berliner Allee;10;Kurs 6
Routenpunkt (Way);T;;49.870249;8.633066;50.0;;;;;;Interpoliert (15m);134.8;0.73;asphalt;primary;Berliner Allee;10;Kurs 6
Routenpunkt (Way);A;Ampel;49.870153;8.633087;50.0;;;;;;Interpoliert (15m);134.7;0.11;asphalt;primary;Berliner Allee;10;Kurs 6
Routenpunkt (Way);T;Berliner Allee;49.870057;8.633108;50.0;;;;;;Interpoliert;134.6;-0.33;asphalt;primary;Berliner Allee;10;Kurs 6
Routenpunkt (Way);T;Berliner Allee;49.869961;8.633145;50.0;;;;;;Interpoliert;134.5;-0.89;asphalt;primary;Berliner Allee;10;Kurs 6
Routenpunkt (Way);T;Berliner Allee;49.869843;8.633191;50.0;;;;;;Original OSM;134.4;-0.89;asphalt;primary;Berliner Allee;10;Kurs 6
Routenpunkt (Way);T;;49.86975;8.633227;50.0;;;;;;Interpoliert (15m);134.3;-1.08;asphalt;primary;Berliner Allee;10;Kurs 6
Routenpunkt (Way);T;;49.869657;8.633263;50.0;;;;;;Interpoliert (15m);134.2;-1.25;asphalt;primary;Berliner Allee;10;Kurs 6
Routenpunkt (Way);T;Berliner Allee;49.869564;8.633299;50.0;;;;;;Original OSM;134.0;-1.27;asphalt;primary;Berliner Allee;10;Kurs 6
Routenpunkt (Way);T;;49.869464;8.633338;50.0;;;;;;Interpoliert (15m);133.8;-1.22;asphalt;primary;Berliner Allee;10;Kurs 6
Routenpunkt (Way);T;Berliner Allee;49.869363;8.633376;50.0;;;;;;Interpoliert;133.7;-1.18;asphalt;primary;Berliner Allee;10;Kurs 6
Routenpunkt (Way);T;Berliner Allee;49.869238;8.633424;50.0;;;;;;Interpoliert;133.6;-0.94;asphalt;primary;Berliner Allee;10;Kurs 6
Routenpunkt (Way);T;Berliner Allee;49.869113;8.633472;50.0;;;;;;Interpoliert;133.5;-0.75;asphalt;primary;Berliner Allee;10;Kurs 6
Routenpunkt (Way);T;Berliner Allee;49.868988;8.63352;50.0;;;;;;Original OSM;133.4;-0.74;asphalt;primary;Berliner Allee;10;Kurs 6
Routenpunkt (Way);T;Berliner Allee;49.86888;8.633561;50.0;;;;;;Interpoliert;133.3;-0.28;asphalt;primary;Berliner Allee;10;Kurs 6
Routenpunkt (Way);T;Berliner Allee;49.868772;8.633602;50.0;;;;;;Interpoliert;133.2;0.18;asphalt;primary;Berliner Allee;10;Kurs 6
Routenpunkt (Way);T;Berliner Allee;49.868663;8.633644;50.0;;;;;;Interpoliert;133.4;0.92;asphalt;primary;Berliner Allee;10;Kurs 6
Routenpunkt (Way);T;Berliner Allee;49.868555;8.633685;50.0;;;;;;Original OSM;133.6;1.68;asphalt;primary;Berliner Allee;10;Kurs 6
Routenpunkt (Way);T;Berliner Allee;49.868467;8.633721;50.0;;;;;;Interpoliert;133.9;2.31;asphalt;primary;Berliner Allee;10;Kurs 6
Routenpunkt (Way);T;Berliner Allee;49.86838;8.633757;50.0;;;;;;Interpoliert;134.2;2.47;asphalt;primary;Berliner Allee;10;Kurs 6
Routenpunkt (Way);T;;49.868267;8.633746;50.0;;;;;;Interpoliert (15m);134.5;1.99;asphalt;primary;Berliner Allee;10;Kurs 6
Routenpunkt (Way);A;Ampel;49.868154;8.633735;50.0;;;;;;Interpoliert (15m);134.8;1.25;asphalt;primary;Haardtring;10;Kurs 6
Routenpunkt (Way);T;Berliner Allee;49.86804;8.633724;50.0;;;;;;Original OSM;134.7;0.51;asphalt;primary;Haardtring;10;Kurs 6
Routenpunkt (Way);T;;49.867937;8.63361;50.0;;;;;;Interpoliert (15m);134.6;0.32;asphalt;primary;Haardtring;10;Kurs 6
Routenpunkt (Way);T;;49.867834;8.633497;50.0;;;;;;Interpoliert (15m);134.5;-0.34;asphalt;primary;Haardtring;10;Kurs 6
Routenpunkt (Way);T;Haardtring;49.867731;8.633383;50.0;;;;;;Original OSM;134.7;-0.33;asphalt;primary;Haardtring;10;Kurs 6
Routenpunkt (Way);T;Haardtring;49.867666;8.63327;50.0;;;;;;Interpoliert;134.6;-0.86;asphalt;primary;Haardtring;10;Kurs 6
Routenpunkt (Way);T;Haardtring;49.867583;8.633119;50.0;;;;;;Original OSM;134.5;-1.39;asphalt;primary;Haardtring;10;Kurs 6
Routenpunkt (Way);T;;49.867533;8.633022;50.0;;;;;;Interpoliert (15m);134.2;-2.1;asphalt;primary;Haardtring;10;Kurs 6
Routenpunkt (Way);T;Haardtring;49.867484;8.632925;50.0;;;;;;Original OSM;133.9;-2.34;asphalt;primary;Haardtring;10;Kurs 6
Routenpunkt (Way);T;Haardtring;49.867405;8.632772;50.0;;;;;;Interpoliert;133.6;-2.06;asphalt;primary;Haardtring;10;Kurs 6
Routenpunkt (Way);T;Haardtring;49.867325;8.632618;50.0;;;;;;Interpoliert;133.3;-1.21;asphalt;primary;Haardtring;10;Kurs 6
Routenpunkt (Way);T;Haardtring;49.867246;8.632465;50.0;;;;;;Original OSM;133.4;-0.71;asphalt;primary;Haardtring;10;Kurs 6
Routenpunkt (Way);T;Haardtring;49.867182;8.632342;50.0;;;;;;Interpoliert;133.5;-0.84;asphalt;primary;Haardtring;10;Kurs 6
Routenpunkt (Way);T;Haardtring;49.867117;8.632219;50.0;;;;;;Original OSM;133.4;-0.97;asphalt;primary;Haardtring;10;Kurs 6
Routenpunkt (Way);T;Haardtring;49.867035;8.632064;50.0;;;;;;Interpoliert;133.0;-2.13;asphalt;primary;Haardtring;10;Kurs 6
Routenpunkt (Way);T;Haardtring;49.866953;8.631909;50.0;;;;;;Interpoliert;132.6;-2.98;asphalt;primary;Haardtring;10;Kurs 6
Routenpunkt (Way);T;;49.866887;8.631779;50.0;;;;;;Interpoliert (15m);132.0;-3.48;asphalt;primary;Haardtring;10;Kurs 6
Routenpunkt (Way);T;;49.866821;8.631649;50.0;;;;;;Interpoliert (15m);131.6;-3.26;asphalt;primary;Haardtring;10;Kurs 6
Routenpunkt (Way);A;Ampel;49.866756;8.631519;50.0;;;;;;Interpoliert (15m);131.2;-3.0;asphalt;primary;Haardtring;10;Kurs 6
Routenpunkt (Way);T;Haardtring;49.86669;8.631389;50.0;;;;;;Original OSM;131.0;-2.29;asphalt;primary;Haardtring;10;Kurs 6
Routenpunkt (Way);T;;49.86666;8.631208;50.0;;;;;;Interpoliert (15m);130.8;-1.91;asphalt;primary;Stirnweg;10;Kurs 6
Routenpunkt (Way);T;;49.86663;8.631028;50.0;;;;;;Interpoliert (15m);130.6;-1.24;asphalt;primary;Stirnweg;10;Kurs 6
Routenpunkt (Way);T;Stirnweg;49.8666;8.630847;50.0;;;;;;Interpoliert;130.4;-0.9;asphalt;primary;Stirnweg;10;Kurs 6
Routenpunkt (Way);T;Stirnweg;49.866579;8.630678;50.0;;;;;;Original OSM;130.4;-0.78;asphalt;primary;Stirnweg;10;Kurs 6
Routenpunkt (Way);T;Stirnweg;49.866565;8.630535;50.0;;;;;;Interpoliert;130.4;-0.3;asphalt;primary;Stirnweg;10;Kurs 6
Routenpunkt (Way);T;;49.866595;8.63039;50.0;;;;;;Interpoliert (15m);130.3;0.18;asphalt;primary;Stirnweg;10;Kurs 6
Routenpunkt (Way);T;;49.866625;8.630244;50.0;;;;;;Interpoliert (15m);130.4;0.34;asphalt;primary;Stirnweg;10;Kurs 6
Routenpunkt (Way);T;Stirnweg;49.866654;8.630098;50.0;;;;;;Original OSM;130.5;0.18;asphalt;primary;Stirnweg;10;Kurs 6
Routenpunkt (Way);T;;49.866755;8.630013;50.0;;;;;;Interpoliert (15m);130.6;0.21;asphalt;primary;Stirnweg;10;Kurs 6
Routenpunkt (Way);T;;49.866856;8.629928;50.0;;;;;;Interpoliert (15m);130.5;-0.14;asphalt;primary;Am Kavalleriesand;10;Kurs 6
Routenpunkt (Way);T;Am Kavalleriesand;49.866956;8.629843;50.0;;;;;;Interpoliert;130.4;-0.46;asphalt;primary;Am Kavalleriesand;10;Kurs 6
Routenpunkt (Way);T;Am Kavalleriesand;49.867064;8.629801;50.0;;;;;;Original OSM;130.3;-0.76;asphalt;primary;Am Kavalleriesand;10;Kurs 6
Routenpunkt (Way);T;Am Kavalleriesand;49.867185;8.629755;50.0;;;;;;Interpoliert;130.2;-0.77;asphalt;primary;Am Kavalleriesand;10;Kurs 6
Routenpunkt (Way);T;Am Kavalleriesand;49.867306;8.62971;50.0;;;;;;Original OSM;130.1;-0.61;asphalt;primary;Am Kavalleriesand;10;Kurs 6
Routenpunkt (Way);T;Am Kavalleriesand;49.867414;8.629673;50.0;;;;;;Original OSM;130.0;-0.45;asphalt;primary;Am Kavalleriesand;10;Kurs 6
Routenpunkt (Way);T;;49.8674;8.629564;50.0;;;;;;Interpoliert (15m);130.0;-0.31;asphalt;unclassified;Mina-Rees-Straße;10;Kurs 6
Routenpunkt (Way);T;Mina-Rees-Straße;49.867385;8.629454;30.0;;;;;;Original OSM;130.0;-0.16;asphalt;unclassified;Mina-Rees-Straße;10;Kurs 6
Routenpunkt (Way);T;;49.867369;8.62934;30.0;;;;;;Interpoliert (15m);130.0;0.0;asphalt;unclassified;Mina-Rees-Straße;10;Kurs 6
Routenpunkt (Way);T;Mina-Rees-Straße;49.867354;8.629225;30.0;;;;;;Interpoliert;130.0;0.0;asphalt;unclassified;Mina-Rees-Straße;10;Kurs 6
Routenpunkt (Way);T;;49.867335;8.629083;30.0;;;;;;Interpoliert (15m);130.0;0.0;asphalt;unclassified;Mina-Rees-Straße;10;Kurs 6
Routenpunkt (Way);T;;49.867315;8.628941;30.0;;;;;;Interpoliert (15m);130.0;0.0;asphalt;unclassified;Mina-Rees-Straße;10;Kurs 6
Routenpunkt (Way);T;Mina-Rees-Straße;49.867296;8.628799;30.0;;;;;;Original OSM;130.0;0.0;asphalt;unclassified;Mina-Rees-Straße;10;Kurs 6
Routenpunkt (Way);T;;49.86727;8.628605;30.0;;;;;;Interpoliert (15m);130.0;0.0;asphalt;unclassified;Mina-Rees-Straße;10;Kurs 6
Routenpunkt (Way);T;;49.867243;8.628411;30.0;;;;;;Interpoliert (15m);130.0;0.32;asphalt;unclassified;Mina-Rees-Straße;10;Kurs 6
Routenpunkt (Way);T;Mina-Rees-Straße;49.867217;8.628217;30.0;;;;;;Interpoliert;130.0;0.64;asphalt;unclassified;Mina-Rees-Straße;10;Kurs 6
Routenpunkt (Way);T;;49.867194;8.628047;30.0;;;;;;Interpoliert (15m);130.2;0.94;asphalt;unclassified;Mina-Rees-Straße;10;Kurs 6
Routenpunkt (Way);T;Mina-Rees-Straße;49.86717;8.627877;30.0;;;;;;Original OSM;130.4;1.24;asphalt;unclassified;Mina-Rees-Straße;10;Kurs 6
Routenpunkt (Way);T;;49.867145;8.627695;30.0;;;;;;Interpoliert (15m);130.6;1.54;asphalt;unclassified;Mina-Rees-Straße;10;Kurs 6
Routenpunkt (Way);T;Mina-Rees-Straße;49.86712;8.627513;30.0;;;;;;Interpoliert;130.8;1.52;asphalt;unclassified;Mina-Rees-Straße;10;Kurs 6
Routenpunkt (Way);T;Mina-Rees-Straße;49.867095;8.62733;30.0;;;;;;Interpoliert;131.0;1.59;asphalt;unclassified;Mina-Rees-Straße;10;Kurs 6
Routenpunkt (Way);T;Mina-Rees-Straße;49.86707;8.627147;30.0;;;;;;Original OSM;131.2;1.69;asphalt;unclassified;Mina-Rees-Straße;10;Kurs 6
Routenpunkt (Way);T;Mina-Rees-Straße;49.867051;8.62701;30.0;;;;;;Interpoliert;131.4;1.66;asphalt;unclassified;Mina-Rees-Straße;10;Kurs 6
Routenpunkt (Way);T;Mina-Rees-Straße;49.867031;8.626872;30.0;;;;;;Interpoliert;131.6;1.67;asphalt;unclassified;Mina-Rees-Straße;10;Kurs 6
Routenpunkt (Way);T;Mina-Rees-Straße;49.867004;8.626672;30.0;;;;;;Original OSM;131.8;1.37;asphalt;unclassified;Mina-Rees-Straße;10;Kurs 6
Routenpunkt (Way);T;Mina-Rees-Straße;49.867005;8.626488;30.0;;;;;;Original OSM;132.0;1.14;asphalt;unclassified;Mina-Rees-Straße;10;Kurs 6
Haltestelle;W;Darmstadt Mina-Rees-Straße;49.867005;8.626488;30.0;13:33:00;13:33:00;Kein Umlauf;Mo,Di,Mi,Do,Fr;446.0;Original GTFS (Snap-Distanz 2m) | Auf Route gesnappt (2m);132.0;0.98;asphalt;unclassified;Mina-Rees-Straße;10;Kurs 6
Routenpunkt (Way);T;Mina-Rees-Straße;49.866981;8.62633;30.0;;;;;;Original OSM;132.1;0.94;asphalt;unclassified;Mina-Rees-Straße;10;Kurs 6
Routenpunkt (Way);T;;49.866953;8.626218;30.0;;;;;;Interpoliert (15m);132.2;0.12;asphalt;unclassified;Mina-Rees-Straße;10;Kurs 6
Routenpunkt (Way);T;Mina-Rees-Straße;49.866925;8.626106;30.0;;;;;;Interpoliert;132.3;-0.39;asphalt;unclassified;Mina-Rees-Straße;10;Kurs 6
Routenpunkt (Way);A;Ampel;49.866897;8.625948;30.0;;;;;;Interpoliert (15m);132.0;-1.22;asphalt;unclassified;Mina-Rees-Straße;10;Kurs 6
Routenpunkt (Way);T;Mina-Rees-Straße;49.866868;8.625791;30.0;;;;;;Original OSM;131.7;-2.12;asphalt;unclassified;Mina-Rees-Straße;10;Kurs 6
Routenpunkt (Way);T;;49.866787;8.625786;30.0;;;;;;Interpoliert (15m);131.4;-2.83;asphalt;primary;Deutsche-Telekom-Allee;10;Kurs 6
Routenpunkt (Way);T;Deutsche-Telekom-Allee;49.866706;8.625782;50.0;;;;;;Interpoliert;131.1;-2.79;asphalt;primary;Deutsche-Telekom-Allee;10;Kurs 6
Routenpunkt (Way);T;Deutsche-Telekom-Allee;49.866595;8.625819;50.0;;;;;;Interpoliert;130.8;-2.75;asphalt;primary;Deutsche-Telekom-Allee;10;Kurs 6
Routenpunkt (Way);T;Deutsche-Telekom-Allee;49.866484;8.625857;50.0;;;;;;Interpoliert;130.5;-3.04;asphalt;primary;Deutsche-Telekom-Allee;10;Kurs 6
Routenpunkt (Way);T;Deutsche-Telekom-Allee;49.866373;8.625894;50.0;;;;;;Interpoliert;130.2;-3.19;asphalt;primary;Deutsche-Telekom-Allee;10;Kurs 6
Routenpunkt (Way);T;Deutsche-Telekom-Allee;49.866262;8.625932;50.0;;;;;;Original OSM;129.6;-3.77;asphalt;primary;Deutsche-Telekom-Allee;10;Kurs 6
Routenpunkt (Way);T;Deutsche-Telekom-Allee;49.866132;8.625975;50.0;;;;;;Interpoliert;129.0;-3.64;asphalt;primary;Deutsche-Telekom-Allee;10;Kurs 6
Routenpunkt (Way);T;;49.86603;8.625995;50.0;;;;;;Interpoliert (15m);128.4;-3.52;asphalt;primary;Deutsche-Telekom-Allee;10;Kurs 6
Routenpunkt (Way);T;;49.865929;8.626016;50.0;;;;;;Interpoliert (15m);128.2;-2.96;asphalt;primary;Deutsche-Telekom-Allee;10;Kurs 6
Routenpunkt (Way);T;Deutsche-Telekom-Allee;49.865828;8.626036;50.0;;;;;;Original OSM;128.0;-2.55;asphalt;primary;Deutsche-Telekom-Allee;10;Kurs 6
Routenpunkt (Way);T;;49.865737;8.626053;50.0;;;;;;Interpoliert (15m);127.8;-1.89;asphalt;primary;Deutsche-Telekom-Allee;10;Kurs 6
Routenpunkt (Way);T;;49.865647;8.626069;50.0;;;;;;Interpoliert (15m);127.6;-1.82;asphalt;primary;Deutsche-Telekom-Allee;10;Kurs 6
Routenpunkt (Way);T;Deutsche-Telekom-Allee;49.865556;8.626086;50.0;;;;;;Interpoliert;127.4;-1.76;asphalt;primary;Deutsche-Telekom-Allee;10;Kurs 6
Routenpunkt (Way);T;Deutsche-Telekom-Allee;49.865434;8.626128;50.0;;;;;;Interpoliert;127.2;-1.37;asphalt;primary;Deutsche-Telekom-Allee;10;Kurs 6
Routenpunkt (Way);T;Deutsche-Telekom-Allee;49.865312;8.626169;50.0;;;;;;Interpoliert;127.0;-0.97;asphalt;primary;Deutsche-Telekom-Allee;10;Kurs 6
Routenpunkt (Way);T;Deutsche-Telekom-Allee;49.86519;8.626211;50.0;;;;;;Interpoliert;127.0;-0.58;asphalt;primary;Deutsche-Telekom-Allee;10;Kurs 6
Routenpunkt (Way);T;Deutsche-Telekom-Allee;49.865068;8.626253;50.0;;;;;;Original OSM;127.0;-0.29;asphalt;primary;Deutsche-Telekom-Allee;10;Kurs 6
Routenpunkt (Way);T;Deutsche-Telekom-Allee;49.864937;8.626296;50.0;;;;;;Interpoliert;127.0;0.0;asphalt;primary;Deutsche-Telekom-Allee;10;Kurs 6
Routenpunkt (Way);T;Deutsche-Telekom-Allee;49.864806;8.62634;50.0;;;;;;Interpoliert;127.0;0.0;asphalt;primary;Deutsche-Telekom-Allee;10;Kurs 6
Routenpunkt (Way);T;Deutsche-Telekom-Allee;49.864675;8.626383;50.0;;;;;;Original OSM;127.0;-0.37;asphalt;primary;Deutsche-Telekom-Allee;10;Kurs 6
Routenpunkt (Way);T;Deutsche-Telekom-Allee;49.86458;8.626415;50.0;;;;;;Interpoliert;127.0;-0.65;asphalt;primary;Deutsche-Telekom-Allee;10;Kurs 6
Routenpunkt (Way);T;Deutsche-Telekom-Allee;49.864485;8.626447;50.0;;;;;;Interpoliert;126.8;-1.18;asphalt;primary;Deutsche-Telekom-Allee;10;Kurs 6
Routenpunkt (Way);T;Deutsche-Telekom-Allee;49.86436;8.626488;50.0;;;;;;Original OSM;126.6;-1.71;asphalt;primary;Deutsche-Telekom-Allee;10;Kurs 6
Routenpunkt (Way);T;;49.864293;8.62651;50.0;;;;;;Interpoliert (15m);126.4;-2.04;asphalt;primary;Deutsche-Telekom-Allee;10;Kurs 6
Routenpunkt (Way);T;Deutsche-Telekom-Allee;49.864227;8.626532;50.0;;;;;;Interpoliert;126.2;-1.41;asphalt;primary;Deutsche-Telekom-Allee;10;Kurs 6
Routenpunkt (Way);T;Deutsche-Telekom-Allee;49.86412;8.626568;50.0;;;;;;Original OSM;126.0;-0.87;asphalt;primary;Deutsche-Telekom-Allee;10;Kurs 6
Routenpunkt (Way);T;;49.864051;8.626591;50.0;;;;;;Interpoliert (15m);126.1;-0.08;asphalt;primary;Deutsche-Telekom-Allee;10;Kurs 6
Routenpunkt (Way);T;Deutsche-Telekom-Allee;49.863982;8.626614;50.0;;;;;;Original OSM;126.2;0.71;asphalt;primary;Deutsche-Telekom-Allee;10;Kurs 6
Routenpunkt (Way);T;;49.863915;8.626636;50.0;;;;;;Interpoliert (15m);126.3;1.18;asphalt;primary;Deutsche-Telekom-Allee;10;Kurs 6
Routenpunkt (Way);T;Deutsche-Telekom-Allee;49.863848;8.626658;50.0;;;;;;Interpoliert;126.4;1.37;asphalt;primary;Deutsche-Telekom-Allee;10;Kurs 6
Routenpunkt (Way);T;Deutsche-Telekom-Allee;49.863728;8.626698;50.0;;;;;;Interpoliert;126.5;1.56;asphalt;primary;Deutsche-Telekom-Allee;10;Kurs 6
Routenpunkt (Way);T;Deutsche-Telekom-Allee;49.863609;8.626737;50.0;;;;;;Interpoliert;126.8;1.74;asphalt;primary;Deutsche-Telekom-Allee;10;Kurs 6
Routenpunkt (Way);T;Deutsche-Telekom-Allee;49.86349;8.626777;50.0;;;;;;Interpoliert;127.1;1.92;asphalt;primary;Deutsche-Telekom-Allee;10;Kurs 6
Routenpunkt (Way);T;Deutsche-Telekom-Allee;49.863371;8.626817;50.0;;;;;;Interpoliert;127.4;2.21;asphalt;primary;Deutsche-Telekom-Allee;10;Kurs 6
Routenpunkt (Way);T;Deutsche-Telekom-Allee;49.863251;8.626856;50.0;;;;;;Interpoliert;127.7;1.77;asphalt;primary;Deutsche-Telekom-Allee;10;Kurs 6
Routenpunkt (Way);T;Deutsche-Telekom-Allee;49.863132;8.626896;50.0;;;;;;Interpoliert;128.0;1.33;asphalt;primary;Deutsche-Telekom-Allee;10;Kurs 6
Routenpunkt (Way);T;;49.863059;8.62692;50.0;;;;;;Interpoliert (15m);128.0;0.73;asphalt;primary;Deutsche-Telekom-Allee;10;Kurs 6
Routenpunkt (Way);T;Deutsche-Telekom-Allee;49.862986;8.626944;50.0;;;;;;Original OSM;128.0;0.13;asphalt;primary;Deutsche-Telekom-Allee;10;Kurs 6
Routenpunkt (Way);T;;49.862872;8.626982;50.0;;;;;;Interpoliert (15m);127.9;-0.48;asphalt;primary;Deutsche-Telekom-Allee;10;Kurs 6
Routenpunkt (Way);T;Deutsche-Telekom-Allee;49.862759;8.62702;50.0;;;;;;Original OSM;127.8;-0.65;asphalt;primary;Deutsche-Telekom-Allee;10;Kurs 6
Routenpunkt (Way);T;Deutsche-Telekom-Allee;49.862657;8.627054;50.0;;;;;;Interpoliert;127.7;-0.81;asphalt;primary;Deutsche-Telekom-Allee;10;Kurs 6
Routenpunkt (Way);T;Deutsche-Telekom-Allee;49.862554;8.627088;50.0;;;;;;Interpoliert;127.6;-0.82;asphalt;primary;Deutsche-Telekom-Allee;10;Kurs 6
Routenpunkt (Way);A;Ampel;49.862446;8.62704;50.0;;;;;;Interpoliert (15m);127.5;-0.9;asphalt;primary;Deutsche-Telekom-Allee;10;Kurs 6
Routenpunkt (Way);T;Deutsche-Telekom-Allee;49.862339;8.626992;50.0;;;;;;Original OSM;127.4;-0.96;asphalt;residential;Hilpertstraße;10;Kurs 6
Routenpunkt (Way);T;;49.862312;8.626881;50.0;;;;;;Interpoliert (15m);127.3;-0.96;asphalt;residential;Hilpertstraße;10;Kurs 6
Haltestelle;W;Darmstadt T-Online-Allee;49.862286;8.62677;50.0;;;Kein Umlauf;Mo,Di,Mi,Do,Fr;446.0;Original GTFS (Snap-Distanz 1m) | Auf Route gesnappt (1m);127.2;-0.97;asphalt;residential;Hilpertstraße;10;Kurs 6
Routenpunkt (Way);T;;49.862262;8.62661;50.0;;;;;;Interpoliert (15m);127.1;-0.53;asphalt;residential;Hilpertstraße;10;Kurs 6
Routenpunkt (Way);T;Hilpertstraße;49.862238;8.62645;50.0;;;;;;Original OSM;127.0;0.07;asphalt;residential;Hilpertstraße;10;Kurs 6
Routenpunkt (Way);T;Hilpertstraße;49.862209;8.626254;50.0;;;;;;Original OSM;127.2;0.67;paving_stones;residential;Hilpertstraße;10;Kurs 6
Routenpunkt (Way);T;Hilpertstraße;49.862187;8.626106;50.0;;;;;;Interpoliert;127.4;1.35;paving_stones;residential;Hilpertstraße;10;Kurs 6
Routenpunkt (Way);T;Hilpertstraße;49.862165;8.625958;50.0;;;;;;Interpoliert;127.6;2.03;paving_stones;residential;Hilpertstraße;10;Kurs 6
Routenpunkt (Way);T;;49.862149;8.625851;50.0;;;;;;Interpoliert (15m);127.8;2.09;paving_stones;residential;Hilpertstraße;10;Kurs 6
Routenpunkt (Way);T;Hilpertstraße;49.862134;8.625743;50.0;;;;;;Original OSM;128.0;2.07;paving_stones;residential;Hilpertstraße;10;Kurs 6
Routenpunkt (Way);T;;49.862111;8.625584;50.0;;;;;;Interpoliert (15m);128.2;2.04;paving_stones;residential;Hilpertstraße;10;Kurs 6
Routenpunkt (Way);T;;49.862089;8.625425;50.0;;;;;;Interpoliert (15m);128.4;1.81;paving_stones;residential;Hilpertstraße;10;Kurs 6
Routenpunkt (Way);T;Hilpertstraße;49.862067;8.625266;50.0;;;;;;Original OSM;128.6;1.58;paving_stones;residential;Hilpertstraße;10;Kurs 6
Routenpunkt (Way);T;;49.862041;8.625068;50.0;;;;;;Interpoliert (15m);128.8;1.24;paving_stones;residential;Hilpertstraße;10;Kurs 6
Routenpunkt (Way);T;Hilpertstraße;49.862015;8.624871;50.0;;;;;;Interpoliert;129.0;1.16;paving_stones;residential;Hilpertstraße;10;Kurs 6
Routenpunkt (Way);T;;49.862001;8.624765;50.0;;;;;;Interpoliert (15m);129.0;1.04;paving_stones;residential;Hilpertstraße;10;Kurs 6
Routenpunkt (Way);T;Hilpertstraße;49.861988;8.62466;50.0;;;;;;Original OSM;129.1;1.0;paving_stones;residential;Hilpertstraße;10;Kurs 6
Routenpunkt (Way);T;;49.861974;8.624541;50.0;;;;;;Interpoliert (15m);129.2;0.87;paving_stones;residential;Hilpertstraße;10;Kurs 6
Routenpunkt (Way);T;Hilpertstraße;49.86196;8.624422;50.0;;;;;;Original OSM;129.3;1.02;paving_stones;residential;Hilpertstraße;10;Kurs 6
Routenpunkt (Way);T;Hilpertstraße;49.861938;8.624239;50.0;;;;;;Interpoliert;129.4;0.76;paving_stones;residential;Hilpertstraße;10;Kurs 6
Routenpunkt (Way);T;Hilpertstraße;49.861916;8.624056;50.0;;;;;;Original OSM;129.5;0.53;paving_stones;residential;Hilpertstraße;10;Kurs 6
Routenpunkt (Way);T;;49.861917;8.623901;50.0;;;;;;Interpoliert (15m);129.5;0.3;paving_stones;residential;Hilpertstraße;10;Kurs 6
Routenpunkt (Way);T;Hilpertstraße;49.861917;8.623746;50.0;;;;;;Original OSM;129.5;0.15;paving_stones;residential;Hilpertstraße;10;Kurs 6
Routenpunkt (Way);T;;49.861885;8.623605;50.0;;;;;;Interpoliert (15m);129.5;0.0;paving_stones;residential;Hilpertstraße;10;Kurs 6
Haltestelle;W;Darmstadt Hilpertstraße;49.861852;8.623465;50.0;13:35:00;13:35:00;Kein Umlauf;Mo,Di,Mi,Do,Fr;446.0;Original GTFS (Snap-Distanz 5m) | Auf Route gesnappt (7m);129.5;-0.56;paving_stones;residential;Hilpertstraße;10;Kurs 6
Routenpunkt (Way);T;Hilpertstraße;49.861836;8.623317;50.0;;;;;;Interpoliert;129.5;-0.96;paving_stones;residential;Hilpertstraße;10;Kurs 6
Routenpunkt (Way);T;Hilpertstraße;49.86182;8.623169;50.0;;;;;;Interpoliert;129.2;-1.61;paving_stones;residential;Hilpertstraße;10;Kurs 6
Routenpunkt (Way);T;Hilpertstraße;49.8618;8.622965;50.0;;;;;;Original OSM;128.9;-2.26;paving_stones;residential;Hilpertstraße;10;Kurs 6
Routenpunkt (Way);T;;49.861792;8.622836;50.0;;;;;;Interpoliert (15m);128.6;-2.68;paving_stones;residential;Hilpertstraße;10;Kurs 6
Routenpunkt (Way);T;Hilpertstraße;49.861784;8.622708;50.0;;;;;;Original OSM;128.3;-2.41;paving_stones;residential;Hilpertstraße;10;Kurs 6
Routenpunkt (Way);T;;49.861656;8.622723;50.0;;;;;;Interpoliert (15m);128.0;-2.28;paving_stones;residential;Kleyerstraße;10;Kurs 6
Routenpunkt (Way);T;Kleyerstraße;49.861529;8.622739;50.0;;;;;;Original OSM;127.8;-2.2;paving_stones;residential;Kleyerstraße;10;Kurs 6
Routenpunkt (Way);T;;49.861403;8.622772;50.0;;;;;;Interpoliert (15m);127.6;-2.11;paving_stones;residential;Kleyerstraße;10;Kurs 6
Routenpunkt (Way);T;Kleyerstraße;49.861277;8.622806;50.0;;;;;;Interpoliert;127.2;-2.25;paving_stones;residential;Kleyerstraße;10;Kurs 6
Routenpunkt (Way);T;Kleyerstraße;49.861152;8.622847;50.0;;;;;;Interpoliert;126.8;-2.25;paving_stones;residential;Kleyerstraße;10;Kurs 6
Routenpunkt (Way);T;Kleyerstraße;49.861027;8.622888;50.0;;;;;;Interpoliert;126.4;-2.25;paving_stones;residential;Kleyerstraße;10;Kurs 6
Routenpunkt (Way);T;;49.860902;8.622929;50.0;;;;;;Interpoliert (15m);126.2;-1.99;paving_stones;residential;Kleyerstraße;10;Kurs 6
Routenpunkt (Way);T;Kleyerstraße;49.860777;8.62297;50.0;;;;;;Original OSM;126.0;-1.72;paving_stones;residential;Kleyerstraße;10;Kurs 6
Routenpunkt (Way);T;;49.860658;8.623009;50.0;;;;;;Interpoliert (15m);125.8;-1.44;paving_stones;residential;Kleyerstraße;10;Kurs 6
Routenpunkt (Way);T;Kleyerstraße;49.86054;8.623048;50.0;;;;;;Original OSM;125.6;-1.53;paving_stones;residential;Kleyerstraße;10;Kurs 6
Routenpunkt (Way);T;Kleyerstraße;49.860413;8.62304;50.0;;;;;;Interpoliert;125.4;-1.6;paving_stones;residential;Kleyerstraße;10;Kurs 6
Routenpunkt (Way);T;Rosa-Parks-Straße;49.860316;8.623058;50.0;;;;;;Interpoliert;125.2;-1.3;paving_stones;residential;Kleyerstraße;10;Kurs 6
Routenpunkt (Way);T;Rosa-Parks-Straße;49.860221;8.623111;50.0;;;;;;Original OSM;125.0;-1.01;paving_stones;residential;Kleyerstraße;10;Kurs 6
Haltestelle;W;Darmstadt von Taxis;49.860215;8.623155;50.0;13:37:00;13:37:00;Kein Umlauf;Mo,Di,Mi,Do,Fr;446.0;Original GTFS (Snap-Distanz 3m) | Auf Route gesnappt (3m);125.0;-0.72;paving_stones;residential;Kleyerstraße;10;Kurs 6
Routenpunkt (Way);T;Kleyerstraße;49.860203;8.623159;50.0;;;;;;Original OSM;125.0;-0.36;paving_stones;residential;Kleyerstraße;10;Kurs 6
Routenpunkt (Way);T;Kleyerstraße;49.860093;8.623195;50.0;;;;;;Original OSM;125.0;0.0;paving_stones;residential;Kleyerstraße;10;Kurs 6
Routenpunkt (Way);T;Kleyerstraße;49.859988;8.623229;50.0;;;;;;Interpoliert;125.0;0.0;paving_stones;residential;Kleyerstraße;10;Kurs 6
Routenpunkt (Way);T;Kleyerstraße;49.859882;8.623264;50.0;;;;;;Interpoliert;125.0;0.0;paving_stones;residential;Kleyerstraße;10;Kurs 6
Routenpunkt (Way);T;Kleyerstraße;49.859776;8.623299;50.0;;;;;;Interpoliert;125.0;-0.17;paving_stones;residential;Kleyerstraße;10;Kurs 6
Routenpunkt (Way);T;Kleyerstraße;49.859671;8.623333;50.0;;;;;;Interpoliert;125.0;-0.32;paving_stones;residential;Kleyerstraße;10;Kurs 6
Routenpunkt (Way);T;Kleyerstraße;49.859566;8.623368;50.0;;;;;;Original OSM;124.9;-0.48;paving_stones;residential;Kleyerstraße;10;Kurs 6
Routenpunkt (Way);T;Kleyerstraße;49.859452;8.623405;50.0;;;;;;Interpoliert;124.8;-0.63;paving_stones;residential;Kleyerstraße;10;Kurs 6
Routenpunkt (Way);T;Kleyerstraße;49.859339;8.623443;50.0;;;;;;Interpoliert;124.7;-0.79;paving_stones;residential;Kleyerstraße;10;Kurs 6
Routenpunkt (Way);T;Kleyerstraße;49.859225;8.62348;50.0;;;;;;Interpoliert;124.6;-0.79;paving_stones;residential;Kleyerstraße;10;Kurs 6
Routenpunkt (Way);T;Kleyerstraße;49.859112;8.623517;50.0;;;;;;Interpoliert;124.5;-0.8;paving_stones;residential;Kleyerstraße;10;Kurs 6
Routenpunkt (Way);T;;49.859004;8.62353;50.0;;;;;;Interpoliert (15m);124.4;-0.78;paving_stones;residential;Kleyerstraße;10;Kurs 6
Routenpunkt (Way);T;Kleyerstraße;49.858895;8.623542;50.0;;;;;;Original OSM;124.3;-1.18;paving_stones;residential;Kleyerstraße;10;Kurs 6
Haltestelle;W;Darmstadt Kleyerstraße;49.858769;8.623554;50.0;13:38:00;13:38:00;Kein Umlauf;Mo,Di,Mi,Do,Fr;446.0;Original GTFS (Snap-Distanz 22m) | Auf Route gesnappt (22m);124.2;-1.36;paving_stones;residential;Kleyerstraße;10;Kurs 6
Routenpunkt (Way);T;Kleyerstraße;49.858765;8.623604;50.0;;;;;;Original OSM;124.1;-1.37;paving_stones;residential;Kleyerstraße;10;Kurs 6
Routenpunkt (Way);T;;49.858666;8.623658;50.0;;;;;;Interpoliert (15m);123.9;-1.4;paving_stones;residential;Kleyerstraße;10;Kurs 6
Routenpunkt (Way);T;Kleyerstraße;49.858566;8.623712;50.0;;;;;;Original OSM;123.8;-1.45;paving_stones;residential;Kleyerstraße;10;Kurs 6
Routenpunkt (Way);T;;49.858477;8.623753;50.0;;;;;;Interpoliert (15m);123.7;-1.09;asphalt;residential;Kleyerstraße;10;Kurs 6
Routenpunkt (Way);T;;49.858388;8.623794;50.0;;;;;;Interpoliert (15m);123.6;-0.92;asphalt;residential;Kleyerstraße;10;Kurs 6
Routenpunkt (Way);T;Kleyerstraße;49.858299;8.623836;50.0;;;;;;Interpoliert;123.5;-0.92;asphalt;residential;Kleyerstraße;10;Kurs 6
Routenpunkt (Way);T;Kleyerstraße;49.858198;8.623874;50.0;;;;;;Interpoliert;123.4;-0.9;asphalt;residential;Kleyerstraße;10;Kurs 6
Routenpunkt (Way);T;Kleyerstraße;49.858096;8.623912;50.0;;;;;;Original OSM;123.3;-0.88;asphalt;residential;Kleyerstraße;10;Kurs 6
Routenpunkt (Way);T;Kleyerstraße;49.857993;8.623945;50.0;;;;;;Interpoliert;123.2;-0.86;asphalt;residential;Kleyerstraße;10;Kurs 6
Routenpunkt (Way);T;Kleyerstraße;49.85789;8.623979;50.0;;;;;;Interpoliert;123.1;-0.68;asphalt;residential;Kleyerstraße;10;Kurs 6
Routenpunkt (Way);T;Kleyerstraße;49.857787;8.624012;50.0;;;;;;Original OSM;123.0;-0.51;asphalt;residential;Kleyerstraße;10;Kurs 6
Routenpunkt (Way);T;Kleyerstraße;49.85767;8.624051;50.0;;;;;;Interpoliert;123.0;-0.34;asphalt;residential;Kleyerstraße;10;Kurs 6
Routenpunkt (Way);T;Kleyerstraße;49.857554;8.62409;50.0;;;;;;Original OSM;123.0;-0.17;asphalt;residential;Kleyerstraße;10;Kurs 6
Routenpunkt (Way);T;Kleyerstraße;49.857432;8.62413;50.0;;;;;;Interpoliert;123.0;0.0;asphalt;residential;Kleyerstraße;10;Kurs 6
Routenpunkt (Way);T;Kleyerstraße;49.857309;8.62417;50.0;;;;;;Interpoliert;123.0;0.0;asphalt;residential;Kleyerstraße;10;Kurs 6
Routenpunkt (Way);T;Kleyerstraße;49.857186;8.624209;50.0;;;;;;Interpoliert;123.0;0.0;asphalt;residential;Kleyerstraße;10;Kurs 6
Routenpunkt (Way);T;Kleyerstraße;49.857064;8.624249;50.0;;;;;;Interpoliert;123.0;0.0;asphalt;residential;Kleyerstraße;10;Kurs 6
Routenpunkt (Way);T;Kleyerstraße;49.856941;8.624289;50.0;;;;;;Interpoliert;123.0;0.0;asphalt;residential;Kleyerstraße;10;Kurs 6
Routenpunkt (Way);T;Kleyerstraße;49.856819;8.624329;50.0;;;;;;Interpoliert;123.0;0.0;asphalt;residential;Kleyerstraße;10;Kurs 6
Routenpunkt (Way);T;Kleyerstraße;49.856696;8.624368;50.0;;;;;;Interpoliert;123.0;0.0;asphalt;residential;Kleyerstraße;10;Kurs 6
Routenpunkt (Way);T;Kleyerstraße;49.856573;8.624408;50.0;;;;;;Interpoliert;123.0;0.0;asphalt;residential;Kleyerstraße;10;Kurs 6
Routenpunkt (Way);T;Kleyerstraße;49.856451;8.624448;50.0;;;;;;Original OSM;123.0;0.0;asphalt;residential;Kleyerstraße;10;Kurs 6
Routenpunkt (Way);T;Kleyerstraße;49.856346;8.624481;50.0;;;;;;Interpoliert;123.0;0.0;asphalt;residential;Kleyerstraße;10;Kurs 6
Haltestelle;W;Darmstadt Mahatma-Gandhi-Str.;49.856346;8.624481;50.0;13:40:00;13:40:00;Kein Umlauf;Mo,Di,Mi,Do,Fr;446.0;Original GTFS (Snap-Distanz 14m) | Auf Route gesnappt (14m);123.0;0.0;asphalt;residential;Kleyerstraße;10;Kurs 6
Routenpunkt (Way);T;Kleyerstraße;49.856242;8.624514;50.0;;;;;;Interpoliert;123.0;0.0;asphalt;residential;Kleyerstraße;10;Kurs 6
Routenpunkt (Way);T;Kleyerstraße;49.856134;8.624521;50.0;;;;;;Original OSM;123.0;0.0;asphalt;residential;Mahatma-Gandhi-Straße;10;Kurs 6
Routenpunkt (Way);T;Mahatma-Gandhi-Straße;49.856106;8.624332;30.0;;;;;;Interpoliert;123.0;-0.2;asphalt;residential;Mahatma-Gandhi-Straße;10;Kurs 6
Routenpunkt (Way);T;Mahatma-Gandhi-Straße;49.856085;8.624195;30.0;;;;;;Interpoliert;123.0;-0.34;asphalt;residential;Mahatma-Gandhi-Straße;10;Kurs 6
Routenpunkt (Way);T;Mahatma-Gandhi-Straße;49.856065;8.624057;30.0;;;;;;Original OSM;122.9;-0.48;asphalt;residential;Mahatma-Gandhi-Straße;10;Kurs 6
Routenpunkt (Way);T;Mahatma-Gandhi-Straße;49.856037;8.623865;30.0;;;;;;Interpoliert;122.8;-0.62;asphalt;residential;Mahatma-Gandhi-Straße;10;Kurs 6
Routenpunkt (Way);T;Mahatma-Gandhi-Straße;49.85601;8.623673;30.0;;;;;;Interpoliert;122.7;-0.77;asphalt;residential;;10;Kurs 6
Routenpunkt (Way);T;Mahatma-Gandhi-Straße;49.855983;8.623481;30.0;;;;;;Interpoliert;122.6;-0.57;asphalt;residential;Mahatma-Gandhi-Straße;10;Kurs 6
Routenpunkt (Way);T;Mahatma-Gandhi-Straße;49.855955;8.623289;30.0;;;;;;Interpoliert;122.5;-0.43;asphalt;residential;Mahatma-Gandhi-Straße;10;Kurs 6
Routenpunkt (Way);T;Mahatma-Gandhi-Straße;49.855928;8.623097;30.0;;;;;;Interpoliert;122.5;-0.28;asphalt;residential;Mahatma-Gandhi-Straße;10;Kurs 6
Routenpunkt (Way);T;Mahatma-Gandhi-Straße;49.855901;8.622905;30.0;;;;;;Interpoliert;122.5;-0.14;asphalt;residential;Mahatma-Gandhi-Straße;10;Kurs 6
Routenpunkt (Way);T;Mahatma-Gandhi-Straße;49.855874;8.622713;30.0;;;;;;Interpoliert;122.5;0.43;asphalt;residential;Mahatma-Gandhi-Straße;10;Kurs 6
Routenpunkt (Way);T;Mahatma-Gandhi-Straße;49.855846;8.622522;30.0;;;;;;Interpoliert;122.5;0.99;asphalt;residential;Mahatma-Gandhi-Straße;10;Kurs 6
Routenpunkt (Way);T;Mahatma-Gandhi-Straße;49.855819;8.62233;30.0;;;;;;Interpoliert;122.8;1.59;asphalt;residential;Mahatma-Gandhi-Straße;10;Kurs 6
Routenpunkt (Way);T;Mahatma-Gandhi-Straße;49.855792;8.622138;30.0;;;;;;Original OSM;123.2;2.19;asphalt;residential;Mahatma-Gandhi-Straße;10;Kurs 6
Routenpunkt (Way);T;Mahatma-Gandhi-Straße;49.85576;8.621958;30.0;;;;;;Interpoliert;123.6;2.79;asphalt;residential;Mahatma-Gandhi-Straße;10;Kurs 6
Routenpunkt (Way);T;Mahatma-Gandhi-Straße;49.855729;8.621778;30.0;;;;;;Interpoliert;124.0;3.34;asphalt;residential;Mahatma-Gandhi-Straße;10;Kurs 6
Routenpunkt (Way);T;Mahatma-Gandhi-Straße;49.855698;8.621598;30.0;;;;;;Interpoliert;124.4;3.5;asphalt;residential;Mahatma-Gandhi-Straße;10;Kurs 6
Routenpunkt (Way);T;;49.855678;8.621487;30.0;;;;;;Interpoliert (15m);124.8;3.3;asphalt;residential;Mahatma-Gandhi-Straße;10;Kurs 6
Routenpunkt (Way);T;Mahatma-Gandhi-Straße;49.855659;8.621376;30.0;;;;;;Original OSM;125.1;2.97;asphalt;residential;Mahatma-Gandhi-Straße;10;Kurs 6
Routenpunkt (Way);T;Bergschneise;49.855527;8.621414;50.0;;;;;;Interpoliert;125.4;2.64;asphalt;residential;Mahatma-Gandhi-Straße;10;Kurs 6
Routenpunkt (Way);T;Bergschneise;49.855398;8.621472;50.0;;;;;;Interpoliert;125.6;1.53;paving_stones;unclassified;Bergschneise;10;Kurs 6
Routenpunkt (Way);T;Bergschneise;49.855269;8.62153;50.0;;;;;;Interpoliert;125.8;0.67;paving_stones;unclassified;Bergschneise;10;Kurs 6
Routenpunkt (Way);T;Bergschneise;49.855141;8.621589;50.0;;;;;;Interpoliert;125.7;0.13;paving_stones;unclassified;Bergschneise;10;Kurs 6
Routenpunkt (Way);T;Bergschneise;49.855012;8.621647;50.0;;;;;;Interpoliert;125.6;-0.27;paving_stones;unclassified;Bergschneise;10;Kurs 6
Routenpunkt (Way);T;Bergschneise;49.854884;8.621705;50.0;;;;;;Interpoliert;125.5;-0.54;paving_stones;unclassified;Bergschneise;10;Kurs 6
Routenpunkt (Way);T;Bergschneise;49.854755;8.621764;50.0;;;;;;Interpoliert;125.4;-0.4;paving_stones;unclassified;Bergschneise;10;Kurs 6
Routenpunkt (Way);T;Bergschneise;49.854626;8.621822;50.0;;;;;;Interpoliert;125.4;-0.27;paving_stones;unclassified;Bergschneise;10;Kurs 6
Routenpunkt (Way);T;Bergschneise;49.854498;8.62188;50.0;;;;;;Interpoliert;125.4;-0.13;paving_stones;unclassified;Bergschneise;10;Kurs 6
Routenpunkt (Way);T;Bergschneise;49.854369;8.621939;50.0;;;;;;Interpoliert;125.4;0.13;paving_stones;unclassified;Bergschneise;10;Kurs 6
Routenpunkt (Way);T;Bergschneise;49.854241;8.621997;50.0;;;;;;Interpoliert;125.4;0.31;paving_stones;unclassified;Bergschneise;10;Kurs 6
Routenpunkt (Way);T;Bergschneise;49.854112;8.622055;50.0;;;;;;Original OSM;125.5;0.49;paving_stones;unclassified;Bergschneise;10;Kurs 6
Routenpunkt (Way);T;Bergschneise;49.854016;8.622097;50.0;;;;;;Interpoliert;125.6;0.67;paving_stones;unclassified;Bergschneise;10;Kurs 6
Routenpunkt (Way);T;Bergschneise;49.853919;8.622139;50.0;;;;;;Interpoliert;125.7;0.9;paving_stones;unclassified;Bergschneise;10;Kurs 6
Routenpunkt (Way);T;Bergschneise;49.853822;8.622181;50.0;;;;;;Original OSM;125.8;0.77;paving_stones;unclassified;Bergschneise;10;Kurs 6
Routenpunkt (Way);T;;49.85375;8.622227;50.0;;;;;;Interpoliert (15m);125.9;0.33;paving_stones;unclassified;Bergschneise;10;Kurs 6
Routenpunkt (Way);T;Bergschneise;49.853678;8.622274;50.0;;;;;;Original OSM;125.9;-0.11;paving_stones;unclassified;Bergschneise;10;Kurs 6
Routenpunkt (Way);T;;49.853617;8.622327;50.0;;;;;;Interpoliert (15m);125.8;0.47;paving_stones;unclassified;Bergschneise;10;Kurs 6
Routenpunkt (Way);T;Bergschneise;49.853557;8.62238;50.0;;;;;;Original OSM;125.7;1.0;paving_stones;unclassified;Bergschneise;10;Kurs 6
Routenpunkt (Way);T;;49.8535;8.622446;50.0;;;;;;Interpoliert (15m);126.0;1.77;paving_stones;unclassified;Bergschneise;10;Kurs 6
Routenpunkt (Way);T;Bergschneise;49.853443;8.622512;50.0;;;;;;Original OSM;126.3;2.8;paving_stones;unclassified;Bergschneise;10;Kurs 6
Routenpunkt (Way);T;;49.853393;8.622588;50.0;;;;;;Interpoliert (15m);126.6;3.57;paving_stones;unclassified;Bergschneise;10;Kurs 6
Routenpunkt (Way);T;Bergschneise;49.853342;8.622663;50.0;;;;;;Original OSM;126.9;2.96;paving_stones;unclassified;Bergschneise;10;Kurs 6
Routenpunkt (Way);T;Bergschneise;49.853275;8.622789;50.0;;;;;;Original OSM;127.2;2.39;paving_stones;unclassified;Bergschneise;10;Kurs 6
Routenpunkt (Way);T;Bergschneise;49.853212;8.622949;50.0;;;;;;Original OSM;127.3;2.07;paving_stones;unclassified;Bergschneise;10;Kurs 6
Routenpunkt (Way);T;Bergschneise;49.853172;8.623076;50.0;;;;;;Original OSM;127.4;1.75;paving_stones;unclassified;Bergschneise;10;Kurs 6
Routenpunkt (Way);T;;49.853143;8.623193;50.0;;;;;;Interpoliert (15m);127.6;1.66;paving_stones;unclassified;Bergschneise;10;Kurs 6
Routenpunkt (Way);T;Bergschneise;49.853115;8.62331;50.0;;;;;;Original OSM;127.8;1.3;paving_stones;unclassified;Bergschneise;10;Kurs 6
Routenpunkt (Way);T;;49.853088;8.623435;50.0;;;;;;Interpoliert (15m);128.0;0.96;paving_stones;unclassified;Bergschneise;10;Kurs 6
Routenpunkt (Way);T;Bergschneise;49.853062;8.62356;50.0;;;;;;Interpoliert;127.9;0.37;paving_stones;unclassified;Bergschneise;10;Kurs 6
Routenpunkt (Way);T;Bergschneise;49.853024;8.623746;50.0;;;;;;Interpoliert;127.8;-0.21;paving_stones;unclassified;Bergschneise;10;Kurs 6
Routenpunkt (Way);T;Bergschneise;49.852985;8.623932;50.0;;;;;;Interpoliert;127.7;-0.78;paving_stones;unclassified;Bergschneise;10;Kurs 6
Routenpunkt (Way);T;Bergschneise;49.852946;8.624119;50.0;;;;;;Interpoliert;127.6;-0.38;paving_stones;unclassified;Bergschneise;10;Kurs 6
Routenpunkt (Way);T;Bergschneise;49.852907;8.624305;50.0;;;;;;Interpoliert;127.5;-0.05;paving_stones;unclassified;Bergschneise;10;Kurs 6
Routenpunkt (Way);T;;49.852869;8.624443;50.0;;;;;;Interpoliert (15m);127.6;-0.47;paving_stones;unclassified;Bergschneise;10;Kurs 6
Routenpunkt (Way);T;;49.852831;8.624581;50.0;;;;;;Interpoliert (15m);127.7;-1.1;paving_stones;unclassified;Bergschneise;10;Kurs 6
Routenpunkt (Way);T;Bergschneise;49.852794;8.624718;50.0;;;;;;Original OSM;127.4;-1.47;paving_stones;unclassified;Bergschneise;10;Kurs 6
Routenpunkt (Way);T;;49.852724;8.624711;50.0;;;;;;Interpoliert (15m);127.1;-2.08;paving_stones;unclassified;Bergschneise;10;Kurs 6
Routenpunkt (Way);T;Eschollbrücker Straße;49.852654;8.624703;50.0;;;;;;Interpoliert;126.9;-2.7;paving_stones;unclassified;Bergschneise;10;Kurs 6
Routenpunkt (Way);T;Eschollbrücker Straße;49.852567;8.624561;50.0;;;;;;Interpoliert;126.6;-2.57;paving_stones;unclassified;;10;Kurs 6
Routenpunkt (Way);T;Eschollbrücker Straße;49.85248;8.624419;50.0;;;;;;Interpoliert;126.3;-2.22;asphalt;secondary;Eschollbrücker Straße;10;Kurs 6
Routenpunkt (Way);T;Eschollbrücker Straße;49.852393;8.624277;50.0;;;;;;Interpoliert;126.0;-2.14;asphalt;secondary;Eschollbrücker Straße;10;Kurs 6
Routenpunkt (Way);T;Eschollbrücker Straße;49.852306;8.624136;50.0;;;;;;Interpoliert;125.7;-2.14;asphalt;secondary;Eschollbrücker Straße;10;Kurs 6
Routenpunkt (Way);T;Eschollbrücker Straße;49.85222;8.623994;50.0;;;;;;Interpoliert;125.4;-2.14;asphalt;secondary;Eschollbrücker Straße;10;Kurs 6
Routenpunkt (Way);T;Eschollbrücker Straße;49.852133;8.623852;50.0;;;;;;Interpoliert;125.1;-1.57;asphalt;secondary;Eschollbrücker Straße;10;Kurs 6
Routenpunkt (Way);T;Eschollbrücker Straße;49.852046;8.62371;50.0;;;;;;Interpoliert;124.8;-1.0;asphalt;secondary;Eschollbrücker Straße;10;Kurs 6
Routenpunkt (Way);T;Eschollbrücker Straße;49.851959;8.623568;50.0;;;;;;Interpoliert;124.9;-0.57;asphalt;secondary;Eschollbrücker Straße;10;Kurs 6
Routenpunkt (Way);T;Eschollbrücker Straße;49.851872;8.623427;50.0;;;;;;Interpoliert;125.0;-0.14;asphalt;secondary;Eschollbrücker Straße;10;Kurs 6
Routenpunkt (Way);T;Eschollbrücker Straße;49.851785;8.623285;50.0;;;;;;Interpoliert;125.0;1.0;asphalt;secondary;Eschollbrücker Straße;10;Kurs 6
Routenpunkt (Way);T;Eschollbrücker Straße;49.851698;8.623143;50.0;;;;;;Interpoliert;125.0;1.57;asphalt;secondary;Eschollbrücker Straße;10;Kurs 6
Routenpunkt (Way);T;Eschollbrücker Straße;49.851611;8.623001;50.0;;;;;;Interpoliert;125.5;2.14;asphalt;secondary;Eschollbrücker Straße;10;Kurs 6
Routenpunkt (Way);T;Eschollbrücker Straße;49.851524;8.622859;50.0;;;;;;Interpoliert;126.0;2.89;asphalt;secondary;Eschollbrücker Straße;10;Kurs 6
Routenpunkt (Way);T;Eschollbrücker Straße;49.851438;8.622718;50.0;;;;;;Original OSM;126.5;3.63;asphalt;secondary;Eschollbrücker Straße;10;Kurs 6
Routenpunkt (Way);T;Eschollbrücker Straße;49.851355;8.622582;50.0;;;;;;Interpoliert;127.0;3.67;asphalt;secondary;Eschollbrücker Straße;10;Kurs 6
Routenpunkt (Way);T;Eschollbrücker Straße;49.851272;8.622447;50.0;;;;;;Interpoliert;127.5;3.7;asphalt;secondary;Eschollbrücker Straße;10;Kurs 6
Routenpunkt (Way);T;Eschollbrücker Straße;49.851189;8.622311;50.0;;;;;;Interpoliert;128.0;3.83;asphalt;secondary;Eschollbrücker Straße;10;Kurs 6
Routenpunkt (Way);T;Eschollbrücker Straße;49.851106;8.622176;50.0;;;;;;Original OSM;128.5;3.43;asphalt;secondary;Eschollbrücker Straße;10;Kurs 6
Routenpunkt (Way);T;Eschollbrücker Straße;49.851033;8.622056;50.0;;;;;;Interpoliert;129.0;2.68;asphalt;secondary;Eschollbrücker Straße;10;Kurs 6
Routenpunkt (Way);T;Eschollbrücker Straße;49.85096;8.621936;50.0;;;;;;Interpoliert;129.2;1.93;asphalt;secondary;Eschollbrücker Straße;10;Kurs 6
Haltestelle;W;Darmstadt Fünfkirchner Straße VHbf;49.85096;8.621936;50.0;13:43:00;13:43:00;Kein Umlauf;Mo,Di,Mi,Do,Fr;446.0;Original GTFS (Snap-Distanz 1m) | Auf Route gesnappt (1m);129.7;1.19;asphalt;secondary;Eschollbrücker Straße;10;Kurs 6
Routenpunkt (Way);T;;49.850909;8.621852;50.0;;;;;;Interpoliert (15m);129.7;0.34;asphalt;secondary;Eschollbrücker Straße;10;Kurs 6
Routenpunkt (Way);T;Eschollbrücker Straße;49.850857;8.621768;50.0;;;;;;Original OSM;129.7;0.0;asphalt;secondary;Eschollbrücker Straße;10;Kurs 6
Routenpunkt (Way);T;;49.850799;8.621673;50.0;;;;;;Interpoliert (15m);129.7;0.0;asphalt;secondary;Eschollbrücker Straße;10;Kurs 6
Routenpunkt (Way);T;Eschollbrücker Straße;49.850742;8.621578;50.0;;;;;;Original OSM;129.7;-0.15;asphalt;secondary;Eschollbrücker Straße;10;Kurs 6
Routenpunkt (Way);T;Eschollbrücker Straße;49.850662;8.62145;50.0;;;;;;Original OSM;129.7;-0.29;asphalt;secondary;Eschollbrücker Straße;10;Kurs 6
Routenpunkt (Way);T;Eschollbrücker Straße;49.850578;8.621313;50.0;;;;;;Interpoliert;129.6;-0.44;asphalt;secondary;Eschollbrücker Straße;10;Kurs 6
Routenpunkt (Way);T;Eschollbrücker Straße;49.850493;8.621175;50.0;;;;;;Interpoliert;129.5;-0.29;asphalt;secondary;Eschollbrücker Straße;10;Kurs 6
Routenpunkt (Way);T;Eschollbrücker Straße;49.850408;8.621038;50.0;;;;;;Interpoliert;129.4;-0.59;asphalt;secondary;Eschollbrücker Straße;10;Kurs 6
Routenpunkt (Way);T;Eschollbrücker Straße;49.850323;8.620901;50.0;;;;;;Interpoliert;129.5;-0.73;asphalt;secondary;Eschollbrücker Straße;10;Kurs 6
Routenpunkt (Way);T;Eschollbrücker Straße;49.850239;8.620764;50.0;;;;;;Interpoliert;129.3;-0.88;asphalt;secondary;Eschollbrücker Straße;10;Kurs 6
Routenpunkt (Way);T;Eschollbrücker Straße;49.850154;8.620627;50.0;;;;;;Interpoliert;129.1;-1.03;asphalt;secondary;Eschollbrücker Straße;10;Kurs 6
Routenpunkt (Way);T;Eschollbrücker Straße;49.850069;8.620489;50.0;;;;;;Original OSM;128.9;-1.47;asphalt;secondary;Eschollbrücker Straße;10;Kurs 6
Routenpunkt (Way);T;Eschollbrücker Straße;49.849986;8.620353;50.0;;;;;;Interpoliert;128.7;-1.48;asphalt;secondary;Eschollbrücker Straße;10;Kurs 6
Routenpunkt (Way);T;Eschollbrücker Straße;49.849903;8.620216;50.0;;;;;;Interpoliert;128.5;-1.38;asphalt;secondary;Eschollbrücker Straße;10;Kurs 6
Routenpunkt (Way);T;Anne-Frank-Straße;49.84982;8.620079;30.0;;;;;;Original OSM;128.3;-1.23;asphalt;secondary;Eschollbrücker Straße;10;Kurs 6
Routenpunkt (Way);T;Anne-Frank-Straße;49.849733;8.620117;30.0;;;;;;Original OSM;128.2;-1.62;asphalt;unclassified;Anne-Frank-Straße;10;Kurs 6
Routenpunkt (Way);T;Anne-Frank-Straße;49.849609;8.620182;30.0;;;;;;Interpoliert;128.1;-2.07;asphalt;unclassified;Anne-Frank-Straße;10;Kurs 6
Routenpunkt (Way);T;Anne-Frank-Straße;49.849485;8.620246;30.0;;;;;;Interpoliert;127.6;-2.52;asphalt;unclassified;Anne-Frank-Straße;10;Kurs 6
Routenpunkt (Way);T;;49.849393;8.620291;30.0;;;;;;Interpoliert (15m);127.2;-3.07;asphalt;unclassified;Anne-Frank-Straße;10;Kurs 6
Routenpunkt (Way);T;Anne-Frank-Straße;49.849301;8.620336;30.0;;;;;;Original OSM;126.8;-3.69;asphalt;unclassified;Anne-Frank-Straße;10;Kurs 6
Routenpunkt (Way);T;;49.849209;8.620377;30.0;;;;;;Interpoliert (15m);126.4;-3.75;asphalt;unclassified;Anne-Frank-Straße;10;Kurs 6
Routenpunkt (Way);T;;49.849118;8.620417;30.0;;;;;;Interpoliert (15m);126.0;-3.76;asphalt;unclassified;Anne-Frank-Straße;10;Kurs 6
Routenpunkt (Way);T;Anne-Frank-Straße;49.849026;8.620457;30.0;;;;;;Original OSM;125.6;-3.77;asphalt;unclassified;Anne-Frank-Straße;10;Kurs 6
Routenpunkt (Way);T;;49.848934;8.620497;30.0;;;;;;Interpoliert (15m);125.2;-3.68;asphalt;unclassified;Anne-Frank-Straße;10;Kurs 6
Routenpunkt (Way);T;Anne-Frank-Straße;49.848842;8.620537;30.0;;;;;;Interpoliert;124.8;-3.7;asphalt;unclassified;Anne-Frank-Straße;10;Kurs 6
Routenpunkt (Way);T;Anne-Frank-Straße;49.848738;8.620583;30.0;;;;;;Original OSM;124.4;-2.94;asphalt;unclassified;Anne-Frank-Straße;10;Kurs 6
Routenpunkt (Way);T;Anne-Frank-Straße;49.848648;8.620623;30.0;;;;;;Interpoliert;124.0;-2.19;asphalt;unclassified;Anne-Frank-Straße;10;Kurs 6
Routenpunkt (Way);T;Anne-Frank-Straße;49.848558;8.620662;30.0;;;;;;Interpoliert;124.0;-1.43;asphalt;unclassified;Anne-Frank-Straße;10;Kurs 6
Routenpunkt (Way);T;Anne-Frank-Straße;49.848451;8.620709;30.0;;;;;;Original OSM;124.0;-0.77;asphalt;unclassified;Anne-Frank-Straße;10;Kurs 6
Routenpunkt (Way);T;Anne-Frank-Straße;49.848341;8.620757;30.0;;;;;;Original OSM;124.0;0.0;asphalt;unclassified;Anne-Frank-Straße;10;Kurs 6
Routenpunkt (Way);T;Anne-Frank-Straße;49.848237;8.620802;30.0;;;;;;Interpoliert;124.0;0.0;asphalt;unclassified;Anne-Frank-Straße;10;Kurs 6
Routenpunkt (Way);T;Anne-Frank-Straße;49.848132;8.620848;30.0;;;;;;Original OSM;124.0;0.0;asphalt;unclassified;Anne-Frank-Straße;10;Kurs 6
Routenpunkt (Way);T;;49.84806;8.62088;30.0;;;;;;Interpoliert (15m);124.0;0.0;asphalt;unclassified;Anne-Frank-Straße;10;Kurs 6
Routenpunkt (Way);T;Anne-Frank-Straße;49.847988;8.620911;30.0;;;;;;Original OSM;124.0;0.0;asphalt;unclassified;Anne-Frank-Straße;10;Kurs 6
Haltestelle;W;Darmstadt Anne-Frank-Straße;49.847974;8.620918;30.0;13:46:00;13:46:00;Kein Umlauf;Mo,Di,Mi,Do,Fr;446.0;Original GTFS (Snap-Distanz 3m) | Auf Route gesnappt (3m);124.0;0.0;asphalt;unclassified;Anne-Frank-Straße;10;Kurs 6
