Typ;Type;Name;Latitude;Longitude;Tempolimit;Ankunft;Abfahrt;Block_ID;Betriebstage;Service_ID;Details;Altitude (m);Roadgrade (%)
Routenpunkt (Way);T;Max-Jarecki-Straße;49.4011361;8.6723984;30.0;;;;;;Original OSM;112.2;0.74
Haltestelle;W;Bahnstadt, Hauptbahnhof Süd;49.4011361;8.6723984;30.0;17:01:00;17:01:00;Kein Umlauf;Mo,Di,Mi,Do,Fr;446.0;Original GTFS (Snap-Distanz 24m) | Auf Route gesnappt (4m);112.5;0.62
Routenpunkt (Way);T;Max-Jarecki-Straße;49.4012161;8.6724495;30.0;;;;;;Original OSM;112.71;0.54
Routenpunkt (Way);T;;49.4013275875;8.672522887500001;30.0;;;;;;Interpoliert (15m);112.75;0.57
Routenpunkt (Way);T;;49.401439075;8.672596275;30.0;;;;;;Interpoliert (15m);112.78;0.87
Routenpunkt (Way);T;;49.4015505625;8.6726696625;30.0;;;;;;Interpoliert (15m);112.8;0.72
Routenpunkt (Way);T;;49.40166205;8.672743050000001;30.0;;;;;;Interpoliert (15m);113.0;0.96
Routenpunkt (Way);T;;49.4017735375;8.6728164375;30.0;;;;;;Interpoliert (15m);113.2;0.77
Routenpunkt (Way);T;;49.401885025;8.672889825;30.0;;;;;;Interpoliert (15m);113.4;0.59
Routenpunkt (Way);T;;49.4019965125;8.6729632125;30.0;;;;;;Interpoliert (15m);113.3;0.11
Routenpunkt (Way);T;Max-Jarecki-Straße;49.402108;8.6730366;30.0;;;;;;Original OSM;113.2;-1.18
Ampel;A;Ampel;49.4021966;8.6731015;30.0;;;;;;Original OSM;113.1;-2.34
Routenpunkt (Way);T;Max-Jarecki-Straße;49.40227405;8.67317225;30.0;;;;;;Original OSM;112.6;-3.06
Routenpunkt (Way);T;;49.40235054166666;8.673223008333334;30.0;;;;;;Interpoliert (15m);112.2;-3.51
Routenpunkt (Way);T;Czernyring;49.40242703333333;8.673273766666666;50.0;;;;;;Original OSM;111.8;-3.65
Ampel;A;Ampel;49.4024982;8.6731248;50.0;;;;;;Original OSM;111.4;-2.98
Routenpunkt (Way);T;Czernyring;49.40256336666666;8.6729885;50.0;;;;;;Interpoliert;111.2;-2.44
Routenpunkt (Way);T;Czernyring;49.402628533333335;8.6728522;50.0;;;;;;Interpoliert;111.0;-1.89
Routenpunkt (Way);T;Czernyring;49.4026937;8.6727159;50.0;;;;;;Original OSM;110.8;-1.59
Routenpunkt (Way);T;Czernyring;49.4027687;8.6725776;50.0;;;;;;Interpoliert;110.6;-1.54
Routenpunkt (Way);T;Czernyring;49.4028437;8.6724393;50.0;;;;;;Original OSM;110.4;-0.94
Routenpunkt (Way);T;Czernyring;49.4029332;8.6722876;50.0;;;;;;Interpoliert;110.2;0.02
Ampel;A;Ampel;49.4030227;8.6721359;50.0;;;;;;Original OSM;110.4;0.92
Routenpunkt (Way);T;Czernyring;49.403102083333344;8.672009533333332;50.0;;;;;;Original OSM;110.8;1.83
Routenpunkt (Way);T;;49.403188041666674;8.671880516666665;50.0;;;;;;Interpoliert (15m);111.2;3.4
Routenpunkt (Way);T;Czernyring;49.403274;8.6717515;50.0;;;;;;Original OSM;111.6;3.48
Ampel;A;Ampel;49.4032948;8.6717238;50.0;;;;;;Original OSM;111.8;3.2
Routenpunkt (Way);T;Czernyring;49.403374675;8.67162255;50.0;;;;;;Interpoliert;112.0;2.95
Routenpunkt (Way);T;Czernyring;49.40345455;8.6715213;50.0;;;;;;Interpoliert;112.2;2.7
Routenpunkt (Way);T;Czernyring;49.403534425;8.67142005;50.0;;;;;;Interpoliert;112.4;1.89
Routenpunkt (Way);T;Czernyring;49.4036143;8.6713188;50.0;;;;;;Original OSM;112.6;2.05
Routenpunkt (Way);T;Czernyring;49.4037007;8.67122095;50.0;;;;;;Interpoliert;112.9;1.34
Routenpunkt (Way);T;Czernyring;49.4037871;8.6711231;50.0;;;;;;Original OSM;113.2;0.62
Routenpunkt (Way);T;Czernyring;49.40386445;8.67102885;50.0;;;;;;Interpoliert;113.0;-0.05
Routenpunkt (Way);T;Czernyring;49.4039418;8.6709346;50.0;;;;;;Original OSM;112.8;-0.88
Routenpunkt (Way);T;Czernyring;49.40402716;8.67082968;50.0;;;;;;Interpoliert;112.6;-1.72
Routenpunkt (Way);T;Czernyring;49.40411252;8.67072476;50.0;;;;;;Interpoliert;112.4;-1.68
Routenpunkt (Way);T;Czernyring;49.40419788;8.67061984;50.0;;;;;;Interpoliert;112.2;-1.71
Routenpunkt (Way);T;Czernyring;49.40428324;8.67051492;50.0;;;;;;Interpoliert;112.0;-1.77
Routenpunkt (Way);T;;49.40435474333333;8.670426013333334;50.0;;;;;;Interpoliert (15m);111.8;-2.03
Routenpunkt (Way);T;;49.40442624666667;8.670337106666667;50.0;;;;;;Interpoliert (15m);111.6;-2.25
Routenpunkt (Way);T;Czernyring;49.40449775;8.6702482;50.0;;;;;;Original OSM;111.3;-2.29
Routenpunkt (Way);T;;49.404573075;8.67015245;50.0;;;;;;Interpoliert (15m);111.0;-2.19
Routenpunkt (Way);T;Czernyring;49.4046484;8.6700567;50.0;;;;;;Interpoliert;110.8;-2.08
Routenpunkt (Way);T;Czernyring;49.4047452;8.6699375;50.0;;;;;;Original OSM;110.6;-1.78
Routenpunkt (Way);T;Czernyring;49.4048474;8.6698242;50.0;;;;;;Interpoliert;110.4;-1.6
Ampel;A;Ampel;49.4049496;8.6697109;50.0;;;;;;Original OSM;110.2;-0.68
Routenpunkt (Way);T;;49.40504499666667;8.6696758;50.0;;;;;;Interpoliert (15m);110.0;0.04
Routenpunkt (Way);T;Czernyring;49.40514039333333;8.6696407;50.0;;;;;;Original OSM;110.3;0.75
Routenpunkt (Way);T;;49.40525868952381;8.669711185714286;50.0;;;;;;Interpoliert (15m);110.6;1.85
Routenpunkt (Way);T;Czernyring;49.40537698571429;8.669781671428572;50.0;;;;;;Interpoliert;110.9;3.03
Routenpunkt (Way);T;Czernyring;49.40548637142857;8.669895742857143;50.0;;;;;;Interpoliert;111.5;3.57
Routenpunkt (Way);T;Czernyring;49.405595757142855;8.670009814285715;50.0;;;;;;Interpoliert;112.1;4.24
Routenpunkt (Way);T;Czernyring;49.40570514285714;8.670123885714286;50.0;;;;;;Interpoliert;112.9;4.9
Routenpunkt (Way);T;Czernyring;49.40581452857143;8.670237957142858;50.0;;;;;;Interpoliert;113.7;4.9
Routenpunkt (Way);T;Czernyring;49.40592391428572;8.670352028571429;50.0;;;;;;Interpoliert;114.5;5.66
Routenpunkt (Way);T;Czernyring;49.4060333;8.6704661;50.0;;;;;;Original OSM;115.1;4.83
Routenpunkt (Way);T;;49.4060845;8.670536049999999;50.0;;;;;;Interpoliert (15m);115.7;3.9
Routenpunkt (Way);T;Alte Eppelheimer Straße;49.4061357;8.670606;50.0;;;;;;Original OSM;115.8;2.98
Routenpunkt (Way);T;;49.4061732;8.670766916666665;50.0;;;;;;Interpoliert (15m);115.9;1.68
Routenpunkt (Way);T;Alte Eppelheimer Straße;49.4062107;8.670927833333332;50.0;;;;;;Original OSM;116.0;-0.37
Routenpunkt (Way);T;;49.406218800000005;8.671042316666666;50.0;;;;;;Interpoliert (15m);115.8;-0.64
Routenpunkt (Way);T;Alte Eppelheimer Straße;49.4062269;8.6711568;50.0;;;;;;Original OSM;115.6;-0.8
Haltestelle;W;Heidelberg, Czernybrücke;49.4062269;8.6711568;50.0;17:04:00;17:04:00;Kein Umlauf;Mo,Di,Mi,Do,Fr;446.0;Original GTFS (Snap-Distanz 68m) | Auf Route gesnappt (48m);115.4;-1.71
Routenpunkt (Way);T;Alte Eppelheimer Straße;49.4062269;8.6711568;50.0;;;;;;Original OSM;115.0;-1.6
Routenpunkt (Way);T;Alte Eppelheimer Straße;49.4062062;8.671301566666667;50.0;;;;;;Interpoliert;114.6;-1.44
Routenpunkt (Way);T;Alte Eppelheimer Straße;49.4061855;8.671446333333334;50.0;;;;;;Interpoliert;114.4;-1.77
Routenpunkt (Way);T;;49.40616315;8.671613883333332;50.0;;;;;;Interpoliert (15m);114.2;-2.5
Routenpunkt (Way);T;Alte Eppelheimer Straße;49.4061408;8.671781433333331;50.0;;;;;;Interpoliert;114.0;-2.48
Routenpunkt (Way);T;;49.40612443333333;8.671892016666664;50.0;;;;;;Interpoliert (15m);113.7;-2.55
Routenpunkt (Way);T;Alte Eppelheimer Straße;49.40610806666666;8.672002599999999;50.0;;;;;;Interpoliert;113.4;-2.67
Routenpunkt (Way);T;Alte Eppelheimer Straße;49.40608013333333;8.6721857;50.0;;;;;;Interpoliert;113.1;-3.27
Routenpunkt (Way);T;Alte Eppelheimer Straße;49.4060522;8.6723688;50.0;;;;;;Original OSM;112.8;-3.45
Routenpunkt (Way);T;Alte Eppelheimer Straße;49.4060299;8.6725147;50.0;;;;;;Original OSM;112.3;-2.72
Ampel;A;Ampel;49.4060164;8.6726028;50.0;;;;;;Original OSM;112.0;-2.81
Routenpunkt (Way);T;Kurfürsten-Anlage;49.4060164;8.6726028;50.0;;;;;;Original OSM;111.7;-2.96
Routenpunkt (Way);T;Kurfürsten-Anlage;49.4059147;8.6726144;50.0;;;;;;Original OSM;111.4;-2.71
Routenpunkt (Way);T;Kurfürsten-Anlage;49.40582615;8.672643950000001;50.0;;;;;;Interpoliert;111.1;-2.24
Routenpunkt (Way);T;;49.40574703333333;8.672665758333334;50.0;;;;;;Interpoliert (15m);110.8;-2.72
Routenpunkt (Way);T;Kurfürsten-Anlage;49.405667916666665;8.672687566666667;50.0;;;;;;Original OSM;110.6;-2.66
Routenpunkt (Way);T;;49.40559305833334;8.672707883333334;50.0;;;;;;Interpoliert (15m);110.4;-1.85
Ampel;A;Ampel;49.4055182;8.6727282;50.0;;;;;;Original OSM;110.2;-0.6
Routenpunkt (Way);T;Kurfürsten-Anlage;49.4054935125;8.672853074999999;50.0;;;;;;Original OSM;110.3;0.43
Routenpunkt (Way);T;;49.40546932291667;8.672990170833334;50.0;;;;;;Interpoliert (15m);110.6;1.31
Routenpunkt (Way);T;Kurfürsten-Anlage;49.40544513333334;8.673127266666667;50.0;;;;;;Interpoliert;110.9;2.19
Routenpunkt (Way);T;Kurfürsten-Anlage;49.405411566666665;8.673326533333334;50.0;;;;;;Interpoliert;111.2;2.7
Routenpunkt (Way);T;Kurfürsten-Anlage;49.405378;8.6735258;50.0;;;;;;Original OSM;111.5;2.72
Routenpunkt (Way);T;Kurfürsten-Anlage;49.4053553;8.6736732;50.0;;;;;;Original OSM;111.9;2.85
Routenpunkt (Way);T;Kurfürsten-Anlage;49.4053238;8.6738505;50.0;;;;;;Original OSM;112.3;3.21
Routenpunkt (Way);T;Kurfürsten-Anlage;49.4052988;8.6740019;50.0;;;;;;Interpoliert;112.7;3.58
Routenpunkt (Way);T;;49.405279225;8.6741426625;50.0;;;;;;Interpoliert (15m);113.1;3.0
Routenpunkt (Way);T;Kurfürsten-Anlage;49.40525965;8.674283425;50.0;;;;;;Original OSM;113.5;2.25
Ampel;A;Ampel;49.4052462;8.6744591;50.0;;;;;;Original OSM;113.6;1.4
Routenpunkt (Way);T;;49.40520157631579;8.674635681578948;50.0;;;;;;Interpoliert (15m);113.5;0.49
Routenpunkt (Way);T;;49.40515695263157;8.674812263157897;50.0;;;;;;Interpoliert (15m);113.4;-0.43
Routenpunkt (Way);T;Kurfürsten-Anlage;49.40511232894736;8.674988844736845;50.0;;;;;;Original OSM;113.3;-0.29
Routenpunkt (Way);T;;49.405047985964906;8.67514979649123;50.0;;;;;;Interpoliert (15m);113.2;0.15
Routenpunkt (Way);T;;49.40498364298246;8.675310748245614;50.0;;;;;;Interpoliert (15m);113.4;0.63
Routenpunkt (Way);T;Unbekannt;49.4049193;8.6754717;;;;;;;Interpoliert;113.6;1.06
Routenpunkt (Way);T;Unbekannt;49.4048794;8.675622050000001;;;;;;;Original OSM;113.8;2.33
Routenpunkt (Way);T;Unbekannt;49.40483994;8.675809430000001;;;;;;;Interpoliert;114.0;3.16
Routenpunkt (Way);T;Unbekannt;49.40480048;8.675996810000001;;;;;;;Interpoliert;114.8;4.27
Routenpunkt (Way);T;Unbekannt;49.40476102;8.67618419;;;;;;;Interpoliert;115.6;5.52
Routenpunkt (Way);T;Unbekannt;49.40472156;8.67637157;;;;;;;Interpoliert;116.6;6.76
Haltestelle;W;Heidelberg, Hauptbahnhof;49.4046964;8.6765406;;17:06:00;17:06:00;Kein Umlauf;Mo,Di,Mi,Do,Fr;446.0;Original GTFS (Snap-Distanz 1m) | Auf Route gesnappt (1m);117.6;6.85
Routenpunkt (Way);T;;49.40465415885416;8.676710653125;;;;;;;Interpoliert (15m);118.6;6.34
Routenpunkt (Way);T;;49.40461191770833;8.67688070625;;;;;;;Interpoliert (15m);119.4;5.54
Routenpunkt (Way);T;;49.404569676562495;8.677050759375001;;;;;;;Interpoliert (15m);119.8;4.5
Routenpunkt (Way);T;Unbekannt;49.40452743541666;8.677220812500002;;;;;;;Original OSM;120.2;3.25
Routenpunkt (Way);T;;49.40450687951388;8.677420243750001;;;;;;;Interpoliert (15m);120.6;1.49
Routenpunkt (Way);T;;49.40448632361111;8.677619675;;;;;;;Interpoliert (15m);120.8;0.33
Routenpunkt (Way);T;;49.40446576770833;8.677819106250002;;;;;;;Interpoliert (15m);120.4;-0.82
Routenpunkt (Way);T;;49.40444521180555;8.678018537500002;;;;;;;Interpoliert (15m);120.0;-1.92
Routenpunkt (Way);T;;49.40442465590278;8.678217968750001;;;;;;;Interpoliert (15m);119.6;-3.02
Routenpunkt (Way);T;Unbekannt;49.4044041;8.6784174;;;;;;;Original OSM;119.2;-3.03
Routenpunkt (Way);T;Unbekannt;49.404423300000005;8.6786145;;;;;;;Interpoliert;118.6;-3.16
Routenpunkt (Way);T;Unbekannt;49.4044425;8.6788116;;;;;;;Original OSM;118.2;-3.3
Routenpunkt (Way);T;Unbekannt;49.40446535;8.6789698;;;;;;;Interpoliert;117.8;-3.05
Routenpunkt (Way);T;Unbekannt;49.4044882;8.679128;;;;;;;Original OSM;117.4;-2.21
Routenpunkt (Way);T;Unbekannt;49.40451965;8.67930925;;;;;;;Interpoliert;117.2;-1.66
Routenpunkt (Way);T;Unbekannt;49.4045511;8.6794905;;;;;;;Original OSM;117.2;-0.98
Routenpunkt (Way);T;Unbekannt;49.40458655;8.6796842375;;;;;;;Interpoliert;117.2;-0.57
Routenpunkt (Way);T;Unbekannt;49.404622;8.679877975;;;;;;;Interpoliert;117.2;-0.55
Routenpunkt (Way);T;Unbekannt;49.40465745;8.6800717125;;;;;;;Interpoliert;117.0;-0.55
Routenpunkt (Way);T;Unbekannt;49.4046929;8.68026545;;;;;;;Interpoliert;116.8;-0.55
Routenpunkt (Way);T;Unbekannt;49.40472835;8.6804591875;;;;;;;Interpoliert;116.8;-0.55
Routenpunkt (Way);T;Unbekannt;49.4047638;8.680652925;;;;;;;Interpoliert;116.8;-0.41
Routenpunkt (Way);T;Unbekannt;49.40479925;8.6808466625;;;;;;;Interpoliert;116.8;-0.56
Routenpunkt (Way);T;;49.40483199166667;8.681039281250001;;;;;;;Interpoliert (15m);116.7;-0.69
Routenpunkt (Way);T;Unbekannt;49.40486473333333;8.6812319;;;;;;;Original OSM;116.4;-0.82
Routenpunkt (Way);T;;49.4048970037037;8.681433044444445;;;;;;;Interpoliert (15m);116.3;-0.96
Routenpunkt (Way);T;;49.40492927407408;8.68163418888889;;;;;;;Interpoliert (15m);116.2;-0.67
Routenpunkt (Way);T;Stadtwerke;49.40496154444445;8.681835333333334;;;;;;;Interpoliert;116.1;0.19
Routenpunkt (Way);T;;49.404997146296296;8.682014938888889;;;;;;;Interpoliert (15m);116.2;0.76
Routenpunkt (Way);T;;49.40503274814815;8.682194544444446;;;;;;;Interpoliert (15m);116.5;0.9
Routenpunkt (Way);T;Unbekannt;49.40506834999999;8.682374150000001;;;;;;;Interpoliert;116.8;2.47
Haltestelle;W;Heidelberg, Stadtwerke;49.40506834999999;8.682374150000001;;17:07:00;17:07:00;Kein Umlauf;Mo,Di,Mi,Do,Fr;446.0;Original GTFS (Snap-Distanz 1m) | Auf Route gesnappt (1m);117.1;2.74
Routenpunkt (Way);T;Stadtwerke;49.4050671;8.68243165;;;;;;;Original OSM;117.4;2.73
Routenpunkt (Way);T;Unbekannt;49.405091;8.6826281;;;;;;;Original OSM;117.7;2.44
Routenpunkt (Way);T;Kurfürsten-Anlage;49.405052;8.6828108;50.0;;;;;;Original OSM;118.0;2.59
Routenpunkt (Way);T;Kurfürsten-Anlage;49.40508035;8.682987149999999;50.0;;;;;;Interpoliert;118.1;1.31
Routenpunkt (Way);T;Kurfürsten-Anlage;49.4051087;8.6831635;50.0;;;;;;Original OSM;118.2;1.05
Routenpunkt (Way);T;Kurfürsten-Anlage;49.40513855;8.6833335;50.0;;;;;;Interpoliert;118.3;0.13
Routenpunkt (Way);T;Kurfürsten-Anlage;49.4051684;8.6835035;50.0;;;;;;Original OSM;118.4;-0.82
Routenpunkt (Way);T;Kurfürsten-Anlage;49.4051946;8.6836668;50.0;;;;;;Original OSM;118.1;-1.54
Ampel;A;Ampel;49.4052015;8.683771;50.0;;;;;;Original OSM;117.8;-2.1
Routenpunkt (Way);T;Kurfürsten-Anlage;49.4052015625;8.6839157875;50.0;;;;;;Original OSM;117.5;-2.57
Ampel;A;Ampel;49.4051845;8.68412;50.0;;;;;;Original OSM;117.2;-2.38
Routenpunkt (Way);T;;49.40520543235294;8.684297925490196;50.0;;;;;;Interpoliert (15m);117.0;-1.89
Routenpunkt (Way);T;;49.40522636470588;8.684475850980393;50.0;;;;;;Interpoliert (15m);116.8;-1.65
Routenpunkt (Way);T;Kurfürsten-Anlage;49.40524729705883;8.684653776470588;;;;;;;Original OSM;116.6;-1.57
Routenpunkt (Way);T;;49.40532411764706;8.68477358117647;;;;;;;Interpoliert (15m);116.4;-1.6
Routenpunkt (Way);T;;49.405400938235296;8.684893385882352;;;;;;;Interpoliert (15m);116.2;-0.47
Routenpunkt (Way);T;;49.40547775882353;8.685013190588236;;;;;;;Interpoliert (15m);116.0;0.66
Routenpunkt (Way);T;;49.40555457941176;8.685132995294119;;;;;;;Interpoliert (15m);116.5;2.08
Ampel;A;Ampel;49.4056314;8.6852528;50.0;;;;;;Original OSM;117.0;2.96
Routenpunkt (Way);T;Kurfürsten-Anlage;49.4056822;8.6853173;50.0;;;;;;Original OSM;117.4;3.85
Routenpunkt (Way);T;;49.40576808722222;8.685466075555556;50.0;;;;;;Interpoliert (15m);117.8;3.58
Routenpunkt (Way);T;;49.40585397444444;8.685614851111112;50.0;;;;;;Interpoliert (15m);118.2;3.32
Routenpunkt (Way);T;;49.40593986166666;8.685763626666667;50.0;;;;;;Interpoliert (15m);118.6;2.51
Routenpunkt (Way);T;Unbekannt;49.40602574888888;8.685912402222224;;;;;;;Original OSM;119.0;2.24
Routenpunkt (Way);T;;49.40606928259259;8.686094501481483;;;;;;;Interpoliert (15m);119.2;1.97
Routenpunkt (Way);T;;49.40611281629629;8.68627660074074;;;;;;;Interpoliert (15m);119.4;0.76
Haltestelle;W;Heidelberg, Stadtbücherei;49.40615635;8.6864587;;17:09:00;17:09:00;Kein Umlauf;Mo,Di,Mi,Do,Fr;446.0;Original GTFS (Snap-Distanz 1m) | Auf Route gesnappt (1m);119.6;-0.27
Routenpunkt (Way);T;Stadtbücherei;49.40616138;8.68658654;;;;;;;Interpoliert;119.3;-0.84
Routenpunkt (Way);T;Stadtbücherei;49.406199145;8.68675116;;;;;;;Interpoliert;119.0;-1.42
Routenpunkt (Way);T;;49.40623439035714;8.686934437142856;;;;;;;Interpoliert (15m);118.8;-2.03
Routenpunkt (Way);T;Unbekannt;49.40626963571429;8.687117714285714;;;;;;;Original OSM;118.6;-1.71
Routenpunkt (Way);T;;49.40629891269842;8.68728052063492;;;;;;;Interpoliert (15m);118.4;-1.56
Routenpunkt (Way);T;;49.40632818968254;8.687443326984127;;;;;;;Interpoliert (15m);118.2;-1.75
Routenpunkt (Way);T;Unbekannt;49.40635746666667;8.687606133333333;;;;;;;Interpoliert;118.0;-1.94
Routenpunkt (Way);T;Unbekannt;49.40638653333333;8.687773066666667;;;;;;;Interpoliert;117.7;-2.11
Routenpunkt (Way);T;Unbekannt;49.4064156;8.68794;;;;;;;Original OSM;117.4;-2.27
Routenpunkt (Way);T;Unbekannt;49.40644398;8.68810282;;;;;;;Interpoliert;117.1;-2.44
Routenpunkt (Way);T;Unbekannt;49.40647236;8.68826564;;;;;;;Interpoliert;116.8;-2.12
Routenpunkt (Way);T;Unbekannt;49.40650074;8.68842846;;;;;;;Interpoliert;116.5;-1.48
Routenpunkt (Way);T;Unbekannt;49.40652912;8.68859128;;;;;;;Interpoliert;116.4;-0.84
Routenpunkt (Way);T;Unbekannt;49.4065575;8.6887541;;;;;;;Original OSM;116.5;-0.2
Routenpunkt (Way);T;Unbekannt;49.40658935;8.688937899999999;;;;;;;Interpoliert;116.6;0.45
Routenpunkt (Way);T;Unbekannt;49.4066212;8.6891217;;;;;;;Original OSM;116.7;1.1
Routenpunkt (Way);T;Unbekannt;49.406650766666665;8.689286599999999;;;;;;;Interpoliert;116.8;1.37
Routenpunkt (Way);T;Unbekannt;49.40668033333333;8.6894515;;;;;;;Interpoliert;117.1;1.8
Routenpunkt (Way);T;Unbekannt;49.4067134;8.689636199999999;;;;;;;Original OSM;117.4;2.22
Routenpunkt (Way);T;;49.40673705;8.68977655;;;;;;;Interpoliert (15m);117.7;2.71
Routenpunkt (Way);T;Unbekannt;49.4067607;8.6899169;;;;;;;Original OSM;118.0;1.79
Routenpunkt (Way);T;;49.40678193;8.69003995;;;;;;;Interpoliert (15m);118.3;0.77
Routenpunkt (Way);T;Unbekannt;49.40680316;8.690163;;;;;;;Interpoliert;118.1;-0.4
Routenpunkt (Way);T;Unbekannt;49.40683402;8.6903436;;;;;;;Interpoliert;117.7;-1.56
Routenpunkt (Way);T;Unbekannt;49.40686488;8.6905242;;;;;;;Interpoliert;117.3;-2.98
Routenpunkt (Way);T;Unbekannt;49.40689574;8.6907048;;;;;;;Interpoliert;116.9;-3.12
Routenpunkt (Way);T;;49.406913945;8.690845841666667;;;;;;;Interpoliert (15m);116.5;-3.02
Routenpunkt (Way);T;Unbekannt;49.40693215;8.690986883333332;;;;;;;Original OSM;116.2;-2.92
Routenpunkt (Way);T;;49.40695961428571;8.691149826984127;;;;;;;Interpoliert (15m);115.9;-2.82
Routenpunkt (Way);T;;49.40698707857143;8.69131277063492;;;;;;;Interpoliert (15m);115.6;-2.52
Routenpunkt (Way);T;Unbekannt;49.40701454285715;8.691475714285714;;;;;;;Interpoliert;115.3;-1.94
Routenpunkt (Way);T;;49.40704480952381;8.691647714285713;;;;;;;Interpoliert (15m);115.0;-1.45
Routenpunkt (Way);T;;49.40707507619048;8.691819714285714;;;;;;;Interpoliert (15m);115.0;-0.34
Routenpunkt (Way);T;Unbekannt;49.40710534285714;8.691991714285713;;;;;;;Interpoliert;115.0;0.77
Routenpunkt (Way);T;;49.407125801020406;8.692122733673468;;;;;;;Interpoliert (15m);115.3;1.87
Routenpunkt (Way);T;Unbekannt;49.40714625918367;8.692253753061225;;;;;;;Original OSM;115.6;2.85
Haltestelle;W;Heidelberg, Seegarten;49.4071759;8.6923751;;17:11:00;17:11:00;Kein Umlauf;Mo,Di,Mi,Do,Fr;446.0;Original GTFS (Snap-Distanz 3m) | Auf Route gesnappt (3m);115.9;3.84
Routenpunkt (Way);T;;49.40724208080809;8.69247224949495;;;;;;;Interpoliert (15m);116.4;4.2
Routenpunkt (Way);T;;49.40730826161617;8.6925693989899;;;;;;;Interpoliert (15m);116.9;4.34
Routenpunkt (Way);T;Unbekannt;49.40737444242426;8.69266654848485;;;;;;;Original OSM;117.4;4.46
Routenpunkt (Way);T;;49.4074934318182;8.692675386363637;;;;;;;Interpoliert (15m);117.9;4.23
Routenpunkt (Way);T;;49.407612421212136;8.692684224242424;;;;;;;Interpoliert (15m);118.4;4.0
Routenpunkt (Way);T;;49.40773141060607;8.692693062121212;;;;;;;Interpoliert (15m);118.9;3.48
Routenpunkt (Way);T;Unbekannt;49.4078504;8.6927019;;;;;;;Interpoliert;119.4;4.33
Routenpunkt (Way);T;;49.40792803333333;8.6926858;;;;;;;Interpoliert (15m);119.6;4.6
Routenpunkt (Way);T;Unbekannt;49.40800566666667;8.6926697;;;;;;;Original OSM;120.3;4.78
Routenpunkt (Way);T;Unbekannt;49.40812806666666;8.692644866666667;;;;;;;Interpoliert;121.0;4.95
Routenpunkt (Way);T;Unbekannt;49.40822353333333;8.692625533333333;;;;;;;Interpoliert;121.5;5.25
Routenpunkt (Way);T;Unbekannt;49.408319;8.6926062;;;;;;;Original OSM;122.0;4.4
Routenpunkt (Way);T;Unbekannt;49.4084365;8.692581050000001;;;;;;;Interpoliert;122.5;4.3
Routenpunkt (Way);T;Unbekannt;49.408554;8.6925559;;;;;;;Original OSM;123.0;4.28
Routenpunkt (Way);T;;49.40865215208333;8.69255593125;;;;;;;Interpoliert (15m);123.5;3.35
Routenpunkt (Way);T;;49.40875030416667;8.6925559625;;;;;;;Interpoliert (15m);124.0;2.59
Routenpunkt (Way);T;Unbekannt;49.40884845625;8.69255599375;;;;;;;Original OSM;124.0;0.92
Routenpunkt (Way);T;;49.40893520416667;8.692626695833333;;;;;;;Interpoliert (15m);124.0;-0.92
Routenpunkt (Way);T;;49.409021952083336;8.692697397916668;;;;;;;Interpoliert (15m);123.5;-2.88
Routenpunkt (Way);T;Unbekannt;49.4091087;8.6927681;;;;;;;Original OSM;123.0;-3.92
Routenpunkt (Way);T;;49.409170683333336;8.692859783333333;;;;;;;Interpoliert (15m);122.5;-4.76
Routenpunkt (Way);T;Unbekannt;49.40923266666667;8.692951466666665;;;;;;;Original OSM;122.0;-4.69
Routenpunkt (Way);T;;49.40932355;8.693037816666665;;;;;;;Interpoliert (15m);121.5;-4.92
Routenpunkt (Way);T;Unbekannt;49.40941443333333;8.693124166666665;;;;;;;Original OSM;121.0;-5.02
Routenpunkt (Way);T;;49.40948591666667;8.693174483333333;;;;;;;Interpoliert (15m);120.5;-3.97
Routenpunkt (Way);T;Unbekannt;49.4095574;8.6932248;;;;;;;Original OSM;120.0;-3.69
Haltestelle;W;Heidelberg, Bismarckplatz;49.4095574;8.6932248;;17:13:00;17:14:00;Kein Umlauf;Mo,Di,Mi,Do,Fr;446.0;Original GTFS (Snap-Distanz 2m) | Auf Route gesnappt (2m);120.0;-3.41
Routenpunkt (Way);T;;49.40965100606061;8.69325618030303;;;;;;;Interpoliert (15m);119.7;-2.83
Routenpunkt (Way);T;;49.40974461212121;8.69328756060606;;;;;;;Interpoliert (15m);119.4;-2.12
Routenpunkt (Way);T;Unbekannt;49.40983821818182;8.693318940909089;;;;;;;Original OSM;119.1;-2.55
Routenpunkt (Way);T;;49.40996321212121;8.693319093939392;;;;;;;Interpoliert (15m);118.8;-2.42
Routenpunkt (Way);T;;49.41008820606061;8.693319246969697;;;;;;;Interpoliert (15m);118.5;-2.28
Routenpunkt (Way);T;Sofienstraße;49.4102132;8.6933194;30.0;;;;;;Original OSM;118.2;-3.12
Routenpunkt (Way);T;Sofienstraße;49.41033735;8.693269725;30.0;;;;;;Interpoliert;117.9;-4.09
Routenpunkt (Way);T;Sofienstraße;49.4104615;8.69322005;30.0;;;;;;Interpoliert;116.9;-5.06
Routenpunkt (Way);T;Sofienstraße;49.41058565;8.693170375;30.0;;;;;;Interpoliert;115.9;-5.81
Routenpunkt (Way);T;Sofienstraße;49.4107098;8.6931207;30.0;;;;;;Original OSM;114.9;-6.57
Routenpunkt (Way);T;Sofienstraße;49.41081226666667;8.693076399999999;30.0;;;;;;Interpoliert;114.2;-6.35
Routenpunkt (Way);T;Sofienstraße;49.410914733333335;8.6930321;30.0;;;;;;Interpoliert;113.5;-5.99
Routenpunkt (Way);T;Sofienstraße;49.4110172;8.6929878;30.0;;;;;;Original OSM;112.8;-6.35
Ampel;A;Ampel;49.4111334;8.6929367;30.0;;;;;;Original OSM;112.1;-7.18
Routenpunkt (Way);T;;49.411203891666666;8.692918416666668;30.0;;;;;;Interpoliert (15m);111.4;-7.48
Routenpunkt (Way);T;Sofienstraße;49.411274383333335;8.692900133333334;30.0;;;;;;Original OSM;110.6;-6.48
Routenpunkt (Way);T;;49.41137108222223;8.692887628888888;30.0;;;;;;Interpoliert (15m);109.8;-5.63
Routenpunkt (Way);T;;49.41146778111112;8.692875124444445;30.0;;;;;;Interpoliert (15m);109.7;-4.02
Routenpunkt (Way);T;Theodor-Heuss-Brücke;49.41156448;8.69286262;30.0;;;;;;Original OSM;109.6;-2.17
Routenpunkt (Way);T;;49.41167772333333;8.692837826666667;30.0;;;;;;Interpoliert (15m);109.5;-0.83
Routenpunkt (Way);T;Theodor-Heuss-Brücke;49.411790966666665;8.692813033333334;50.0;;;;;;Interpoliert;109.4;-0.21
Routenpunkt (Way);T;Theodor-Heuss-Brücke;49.41191483333333;8.692780066666666;50.0;;;;;;Interpoliert;109.3;0.37
Routenpunkt (Way);T;Theodor-Heuss-Brücke;49.4120387;8.6927471;50.0;;;;;;Original OSM;109.6;0.93
Routenpunkt (Way);T;Theodor-Heuss-Brücke;49.41217112727272;8.692711872727273;50.0;;;;;;Interpoliert;109.9;1.62
Routenpunkt (Way);T;Theodor-Heuss-Brücke;49.41230355454545;8.692676645454545;50.0;;;;;;Interpoliert;110.2;2.17
Routenpunkt (Way);T;Theodor-Heuss-Brücke;49.41243598181818;8.692641418181818;50.0;;;;;;Interpoliert;110.6;2.14
Routenpunkt (Way);T;Theodor-Heuss-Brücke;49.41256840909091;8.69260619090909;50.0;;;;;;Interpoliert;110.9;2.94
Routenpunkt (Way);T;Theodor-Heuss-Brücke;49.41270083636363;8.692570963636364;50.0;;;;;;Interpoliert;111.2;3.75
Routenpunkt (Way);T;Theodor-Heuss-Brücke;49.412833263636365;8.692535736363636;50.0;;;;;;Interpoliert;112.1;4.42
Routenpunkt (Way);T;Theodor-Heuss-Brücke;49.41296569090909;8.692500509090909;50.0;;;;;;Interpoliert;113.0;5.22
Routenpunkt (Way);T;Theodor-Heuss-Brücke;49.41309811818182;8.692465281818182;50.0;;;;;;Interpoliert;113.9;5.49
Routenpunkt (Way);T;Theodor-Heuss-Brücke;49.41323054545455;8.692430054545454;50.0;;;;;;Interpoliert;114.8;4.95
Routenpunkt (Way);T;Theodor-Heuss-Brücke;49.41336297272728;8.692394827272727;50.0;;;;;;Interpoliert;115.3;4.69
Routenpunkt (Way);T;Brückenstraße;49.4134954;8.6923596;50.0;;;;;;Original OSM;115.8;4.42
Routenpunkt (Way);T;Brückenstraße;49.4135861;8.692312399999999;50.0;;;;;;Interpoliert;116.3;4.35
Routenpunkt (Way);T;Brückenstraße;49.4136768;8.6922652;50.0;;;;;;Original OSM;116.8;5.46
Routenpunkt (Way);T;Brückenstraße;49.4137681;8.6922215;50.0;;;;;;Original OSM;117.4;10.09
Ampel;A;Ampel;49.4138488;8.692218;30.0;;;;;;Original OSM;118.2;9.66
Routenpunkt (Way);T;Brückenkopfstraße;49.41384935;8.692228400000001;30.0;;;;;;Original OSM;118.4;9.23
Routenpunkt (Way);T;;49.41385635;8.6923366;30.0;;;;;;Interpoliert (15m);118.6;8.42
Routenpunkt (Way);T;Brückenkopfstraße;49.41386335;8.6924448;30.0;;;;;;Original OSM;118.8;6.64
Routenpunkt (Way);T;Brückenkopfstraße;49.4138646;8.6926156;30.0;;;;;;Interpoliert;119.0;1.34
Routenpunkt (Way);T;Brückenkopfstraße;49.4138646;8.6927646;30.0;;;;;;Interpoliert;119.0;0.83
Routenpunkt (Way);T;Brückenkopfstraße;49.4138646;8.6929136;30.0;;;;;;Original OSM;119.0;0.32
Routenpunkt (Way);T;Brückenkopfstraße;49.4138651;8.693057;30.0;;;;;;Original OSM;119.0;0.0
Routenpunkt (Way);T;;49.413862071428575;8.693204585714284;30.0;;;;;;Interpoliert (15m);119.0;-0.39
Routenpunkt (Way);T;Brückenkopfstraße;49.41385904285715;8.69335217142857;30.0;;;;;;Original OSM;119.0;-0.78
Routenpunkt (Way);T;;49.41384322142858;8.693492385714286;30.0;;;;;;Interpoliert (15m);118.8;-1.07
Routenpunkt (Way);T;Neuenheimer Landstraße;49.4138274;8.6936326;30.0;;;;;;Original OSM;118.6;-1.36
Routenpunkt (Way);T;Neuenheimer Landstraße;49.41380023333333;8.6938189;30.0;;;;;;Interpoliert;118.4;-1.84
Routenpunkt (Way);T;Neuenheimer Landstraße;49.41377306666667;8.694005200000001;30.0;;;;;;Interpoliert;118.2;-1.45
Routenpunkt (Way);T;;49.41375700833333;8.6941175;30.0;;;;;;Interpoliert (15m);118.0;-1.06
Routenpunkt (Way);T;Neuenheimer Landstraße;49.413740950000005;8.6942298;30.0;;;;;;Original OSM;118.0;0.02
Haltestelle;W;Neuenheim, Bergstraße;49.413736;8.6942681;30.0;17:16:00;17:16:00;Kein Umlauf;Mo,Di,Mi,Do,Fr;446.0;Original GTFS (Snap-Distanz 2m) | Auf Route gesnappt (2m);118.0;1.11
Routenpunkt (Way);T;Neuenheimer Landstraße;49.41371136;8.69443784;30.0;;;;;;Interpoliert;118.5;2.38
Routenpunkt (Way);T;Neuenheimer Landstraße;49.41368672;8.69460758;30.0;;;;;;Interpoliert;119.0;3.18
Routenpunkt (Way);T;Neuenheimer Landstraße;49.41366208;8.69477732;30.0;;;;;;Interpoliert;119.5;3.88
Routenpunkt (Way);T;Neuenheimer Landstraße;49.41363744;8.694947059999999;30.0;;;;;;Interpoliert;120.0;4.2
Routenpunkt (Way);T;;49.41361694461538;8.695142609230768;30.0;;;;;;Interpoliert (15m);120.5;4.52
Routenpunkt (Way);T;;49.413596449230766;8.695338158461539;30.0;;;;;;Interpoliert (15m);121.3;5.15
Routenpunkt (Way);T;Neuenheimer Landstraße;49.41357595384615;8.695533707692308;30.0;;;;;;Original OSM;122.1;5.77
Routenpunkt (Way);T;;49.41354827692307;8.695683403846154;30.0;;;;;;Interpoliert (15m);122.9;6.6
Ampel;A;Ampel;49.4135206;8.6958331;30.0;;;;;;Original OSM;123.7;6.25
Routenpunkt (Way);T;;49.41354459166666;8.696010238888888;30.0;;;;;;Interpoliert (15m);124.7;5.81
Routenpunkt (Way);T;Uferstraße;49.41356858333333;8.696187377777777;30.0;;;;;;Original OSM;125.2;5.06
Routenpunkt (Way);T;;49.4135734031746;8.6963921994709;30.0;;;;;;Interpoliert (15m);125.7;5.26
Routenpunkt (Way);T;;49.41357822301587;8.69659702116402;30.0;;;;;;Interpoliert (15m);126.2;5.44
Routenpunkt (Way);T;Neuenheimer Landstraße;49.41358304285714;8.696801842857143;30.0;;;;;;Interpoliert;127.4;5.95
Routenpunkt (Way);T;Neuenheimer Landstraße;49.41358138571429;8.696996185714287;30.0;;;;;;Interpoliert;128.6;6.56
Routenpunkt (Way);T;Neuenheimer Landstraße;49.41357972857143;8.69719052857143;30.0;;;;;;Interpoliert;129.5;7.17
Routenpunkt (Way);T;Neuenheimer Landstraße;49.413578071428574;8.697384871428572;30.0;;;;;;Interpoliert;130.4;7.25
Routenpunkt (Way);T;Neuenheimer Landstraße;49.413576414285714;8.697579214285714;30.0;;;;;;Interpoliert;131.3;6.97
Routenpunkt (Way);T;Neuenheimer Landstraße;49.41357475714286;8.697773557142858;30.0;;;;;;Interpoliert;132.5;8.17
Routenpunkt (Way);T;Neuenheimer Landstraße;49.4135731;8.6979679;30.0;;;;;;Original OSM;133.5;9.37
Routenpunkt (Way);T;;49.413574875;8.698079275000001;30.0;;;;;;Interpoliert (15m);134.5;9.85
Routenpunkt (Way);T;Neuenheimer Landstraße;49.41357665;8.69819065;30.0;;;;;;Original OSM;135.5;8.14
Routenpunkt (Way);T;;49.4135871;8.698347;30.0;;;;;;Interpoliert (15m);136.5;6.72
Routenpunkt (Way);T;Neuenheimer Landstraße;49.41359755;8.69850335;30.0;;;;;;Original OSM;136.5;4.24
Routenpunkt (Way);T;Neuenheimer Landstraße;49.413618;8.69870165;30.0;;;;;;Interpoliert;136.5;1.76
Routenpunkt (Way);T;Neuenheimer Landstraße;49.413634;8.6988461;30.0;;;;;;Original OSM;136.5;0.0
Routenpunkt (Way);T;Neuenheimer Landstraße;49.41365415;8.6990169;30.0;;;;;;Interpoliert;136.5;-1.43
Routenpunkt (Way);T;Neuenheimer Landstraße;49.4136743;8.6991877;30.0;;;;;;Interpoliert;136.5;-2.87
Routenpunkt (Way);T;Neuenheimer Landstraße;49.41369445;8.6993585;30.0;;;;;;Interpoliert;135.6;-4.19
Routenpunkt (Way);T;Neuenheimer Landstraße;49.4137146;8.6995293;30.0;;;;;;Original OSM;134.7;-5.52
Routenpunkt (Way);T;Neuenheimer Landstraße;49.4137459;8.699710750000001;30.0;;;;;;Interpoliert;133.8;-7.12
Routenpunkt (Way);T;Neuenheimer Landstraße;49.4137772;8.6998922;30.0;;;;;;Original OSM;132.9;-6.75
Routenpunkt (Way);T;Neuenheimer Landstraße;49.41380895;8.700039725;30.0;;;;;;Interpoliert;132.0;-8.34
Routenpunkt (Way);T;Neuenheimer Landstraße;49.4138407;8.700187249999999;30.0;;;;;;Interpoliert;131.4;-10.35
Routenpunkt (Way);T;Neuenheimer Landstraße;49.41387245;8.700334775;30.0;;;;;;Interpoliert;129.7;-12.36
Routenpunkt (Way);T;;49.41390014;8.700469283333334;30.0;;;;;;Interpoliert (15m);128.0;-14.09
Routenpunkt (Way);T;;49.41392783;8.700603791666666;30.0;;;;;;Interpoliert (15m);126.3;-14.59
Routenpunkt (Way);T;Neuenheimer Landstraße;49.41395552;8.7007383;30.0;;;;;;Original OSM;124.6;-13.57
Routenpunkt (Way);T;;49.41398926;8.7009246;30.0;;;;;;Interpoliert (15m);123.5;-5.26
Routenpunkt (Way);T;Neuenheimer Landstraße;49.414023;8.7011109;30.0;;;;;;Interpoliert;122.1;1.74
Routenpunkt (Way);T;Neuenheimer Landstraße;49.4140468;8.7012505;30.0;;;;;;Interpoliert;124.7;8.76
Routenpunkt (Way);T;Neuenheimer Landstraße;49.4140809;8.7014397;30.0;;;;;;Original OSM;127.3;15.36
Routenpunkt (Way);T;Neuenheimer Landstraße;49.4141223;8.70162395;30.0;;;;;;Interpoliert;129.9;20.58
Routenpunkt (Way);T;Neuenheimer Landstraße;49.4141534;8.7017586;30.0;;;;;;Original OSM;132.5;18.82
Routenpunkt (Way);T;Neuenheimer Landstraße;49.41419555;8.701936100000001;30.0;;;;;;Interpoliert;134.7;18.11
Routenpunkt (Way);T;Neuenheimer Landstraße;49.4142377;8.7021136;30.0;;;;;;Original OSM;136.9;17.37
Routenpunkt (Way);T;Neuenheimer Landstraße;49.41428476666667;8.702306533333333;30.0;;;;;;Interpoliert;139.1;14.09
Routenpunkt (Way);T;Neuenheimer Landstraße;49.414331833333335;8.702499466666668;30.0;;;;;;Interpoliert;141.3;13.26
Routenpunkt (Way);T;Neuenheimer Landstraße;49.4143789;8.7026924;30.0;;;;;;Original OSM;142.6;6.73
Routenpunkt (Way);T;Neuenheimer Landstraße;49.4144168;8.702868;30.0;;;;;;Original OSM;144.2;0.47
Routenpunkt (Way);T;Neuenheimer Landstraße;49.414449133333335;8.703062366666668;30.0;;;;;;Interpoliert;141.8;-5.79
Routenpunkt (Way);T;Neuenheimer Landstraße;49.414481466666665;8.703256733333333;30.0;;;;;;Interpoliert;139.4;-13.55
Routenpunkt (Way);T;Neuenheimer Landstraße;49.4145138;8.7034511;30.0;;;;;;Original OSM;137.0;-18.54
Routenpunkt (Way);T;Neuenheimer Landstraße;49.4145388;8.7035929;30.0;;;;;;Original OSM;133.8;-17.83
Routenpunkt (Way);T;Neuenheimer Landstraße;49.4145696;8.7037675;30.0;;;;;;Interpoliert;132.1;-17.7
Routenpunkt (Way);T;Neuenheimer Landstraße;49.414600400000005;8.7039421;30.0;;;;;;Interpoliert;130.4;-17.57
Routenpunkt (Way);T;;49.4146239;8.704085675;30.0;;;;;;Interpoliert (15m);128.7;-13.0
Routenpunkt (Way);T;Neuenheimer Landstraße;49.4146474;8.70422925;30.0;;;;;;Original OSM;127.0;-12.58
Routenpunkt (Way);T;;49.41466555;8.704378925;30.0;;;;;;Interpoliert (15m);126.2;-12.12
Routenpunkt (Way);T;Neuenheimer Landstraße;49.4146837;8.7045286;30.0;;;;;;Original OSM;125.0;-11.09
Routenpunkt (Way);T;Neuenheimer Landstraße;49.41470475;8.70468015;30.0;;;;;;Interpoliert;123.8;-9.94
Routenpunkt (Way);T;Neuenheimer Landstraße;49.4147258;8.7048317;30.0;;;;;;Original OSM;122.6;-9.16
Routenpunkt (Way);T;Neuenheimer Landstraße;49.414754566666666;8.704989533333332;30.0;;;;;;Interpoliert;121.4;-7.82
Routenpunkt (Way);T;Neuenheimer Landstraße;49.41478333333333;8.705147366666667;30.0;;;;;;Interpoliert;121.0;-6.47
Routenpunkt (Way);T;Neuenheimer Landstraße;49.4148121;8.7053052;30.0;;;;;;Original OSM;120.5;-5.11
Routenpunkt (Way);T;Neuenheimer Landstraße;49.414843;8.7054748;30.0;;;;;;Interpoliert;120.0;2.13
Routenpunkt (Way);T;Neuenheimer Landstraße;49.4148739;8.7056444;30.0;;;;;;Interpoliert;119.5;8.03
Routenpunkt (Way);T;;49.4148948875;8.7057563375;30.0;;;;;;Interpoliert (15m);121.7;13.08
Routenpunkt (Way);T;Neuenheimer Landstraße;49.414915875000005;8.705868275;30.0;;;;;;Original OSM;123.9;17.29
Ampel;A;Ampel;49.4149491;8.7060311;30.0;;;;;;Original OSM;126.5;21.5
Routenpunkt (Way);T;Neuenheimer Landstraße;49.4149767;8.706178600000001;30.0;;;;;;Interpoliert;128.4;20.05
Routenpunkt (Way);T;Neuenheimer Landstraße;49.4150043;8.7063261;30.0;;;;;;Original OSM;130.3;18.6
Routenpunkt (Way);T;Neuenheimer Landstraße;49.4150252;8.70646165;30.0;;;;;;Interpoliert;132.2;16.75
Routenpunkt (Way);T;Neuenheimer Landstraße;49.4150461;8.7065972;30.0;;;;;;Original OSM;134.1;15.91
Routenpunkt (Way);T;Neuenheimer Landstraße;49.4150643;8.706782;30.0;;;;;;Original OSM;135.7;14.88
Routenpunkt (Way);T;Neuenheimer Landstraße;49.415077;8.7069521;30.0;;;;;;Original OSM;137.3;9.47
Routenpunkt (Way);T;Neuenheimer Landstraße;49.41509071666666;8.7071362;30.0;;;;;;Interpoliert;138.9;4.06
Routenpunkt (Way);T;Neuenheimer Landstraße;49.41510443333333;8.707320300000001;30.0;;;;;;Interpoliert;137.8;-0.85
Routenpunkt (Way);T;Neuenheimer Landstraße;49.41511815;8.707504400000001;30.0;;;;;;Interpoliert;136.7;-4.92
Routenpunkt (Way);T;Neuenheimer Landstraße;49.41513186666666;8.7076885;30.0;;;;;;Interpoliert;135.0;-8.8
Routenpunkt (Way);T;Neuenheimer Landstraße;49.41514558333333;8.7078726;30.0;;;;;;Interpoliert;134.0;-8.74
Routenpunkt (Way);T;Neuenheimer Landstraße;49.4151593;8.7080567;30.0;;;;;;Original OSM;133.0;-8.67
Routenpunkt (Way);T;Neuenheimer Landstraße;49.41517226;8.70823098;30.0;;;;;;Interpoliert;132.0;-7.08
Routenpunkt (Way);T;Neuenheimer Landstraße;49.41518522;8.70840526;30.0;;;;;;Interpoliert;131.0;-6.69
Routenpunkt (Way);T;Neuenheimer Landstraße;49.41519818;8.70857954;30.0;;;;;;Interpoliert;130.4;-6.43
Routenpunkt (Way);T;Neuenheimer Landstraße;49.41521114;8.70875382;30.0;;;;;;Interpoliert;129.7;-5.79
Routenpunkt (Way);T;Alte Brücke Nord;49.41520815;8.7089109;;;;;;;Original OSM;129.0;-12.37
Routenpunkt (Way);T;Neuenheimer Landstraße;49.4152241;8.709116250000001;30.0;;;;;;Original OSM;128.3;-11.69
Haltestelle;W;Neuenheim, Alte Brücke Nord;49.4152097;8.7091248;;17:19:00;17:19:00;Kein Umlauf;Mo,Di,Mi,Do,Fr;446.0;Original GTFS (Snap-Distanz 4m) | Auf Route gesnappt (4m);127.6;-11.12
Routenpunkt (Way);T;Neuenheimer Landstraße;49.4152464;8.7092132;30.0;;;;;;Original OSM;127.5;-10.7
Ampel;A;Ampel;49.4152517;8.7092647;30.0;;;;;;Original OSM;127.4;-10.57
Routenpunkt (Way);T;;49.415265575;8.709399340000001;30.0;;;;;;Interpoliert (15m);127.0;-3.06
Routenpunkt (Way);T;Neuenheimer Landstraße;49.41527945;8.70953398;30.0;;;;;;Interpoliert;126.6;-3.45
Routenpunkt (Way);T;;49.41530005;8.709701814999999;30.0;;;;;;Interpoliert (15m);126.2;-3.5
Routenpunkt (Way);T;Ziegelhäuser Landstraße;49.41532065;8.70986965;30.0;;;;;;Interpoliert;125.8;-3.46
Routenpunkt (Way);T;;49.4153366;8.710010875;30.0;;;;;;Interpoliert (15m);125.5;-3.35
Routenpunkt (Way);T;Ziegelhäuser Landstraße;49.41535255;8.7101521;30.0;;;;;;Original OSM;125.1;-3.4
Routenpunkt (Way);T;;49.415365775;8.71030845;30.0;;;;;;Interpoliert (15m);124.7;-3.35
Routenpunkt (Way);T;Ziegelhäuser Landstraße;49.415379;8.7104648;30.0;;;;;;Original OSM;124.3;-3.37
Routenpunkt (Way);T;Ziegelhäuser Landstraße;49.4153896;8.7106479;30.0;;;;;;Original OSM;123.9;-2.45
Routenpunkt (Way);T;Ziegelhäuser Landstraße;49.41539965;8.71083455;30.0;;;;;;Interpoliert;123.5;-1.6
Routenpunkt (Way);T;Ziegelhäuser Landstraße;49.4154097;8.7110212;30.0;;;;;;Original OSM;123.6;-0.75
Routenpunkt (Way);T;Ziegelhäuser Landstraße;49.41541894;8.71120644;30.0;;;;;;Interpoliert;123.7;0.0
Routenpunkt (Way);T;Ziegelhäuser Landstraße;49.41542818;8.71139168;30.0;;;;;;Interpoliert;123.8;0.74
Routenpunkt (Way);T;Ziegelhäuser Landstraße;49.41543742;8.711576919999999;30.0;;;;;;Interpoliert;123.9;0.42
Routenpunkt (Way);T;Ziegelhäuser Landstraße;49.41544666;8.71176216;30.0;;;;;;Interpoliert;124.0;0.09
Routenpunkt (Way);T;;49.415454305;8.71191558;30.0;;;;;;Interpoliert (15m);123.9;-0.24
Routenpunkt (Way);T;Ziegelhäuser Landstraße;49.41546195;8.712069;30.0;;;;;;Original OSM;123.8;-0.57
Routenpunkt (Way);T;;49.41546960833333;8.7122225;30.0;;;;;;Interpoliert (15m);123.7;-0.87
Routenpunkt (Way);T;Ziegelhäuser Landstraße;49.41547726666666;8.712375999999999;30.0;;;;;;Interpoliert;123.6;-1.58
Routenpunkt (Way);T;Ziegelhäuser Landstraße;49.415486533333336;8.7125614;30.0;;;;;;Interpoliert;123.5;-2.24
Routenpunkt (Way);T;Ziegelhäuser Landstraße;49.4154958;8.7127468;30.0;;;;;;Original OSM;122.9;-3.09
Routenpunkt (Way);T;Ziegelhäuser Landstraße;49.4155059;8.7129433;30.0;;;;;;Original OSM;122.3;-3.94
Routenpunkt (Way);T;Ziegelhäuser Landstraße;49.415518033333335;8.713103499999999;30.0;;;;;;Interpoliert;121.7;-4.82
Routenpunkt (Way);T;Ziegelhäuser Landstraße;49.41553016666666;8.7132637;30.0;;;;;;Interpoliert;121.1;-4.81
Routenpunkt (Way);T;Ziegelhäuser Landstraße;49.4155423;8.7134239;30.0;;;;;;Original OSM;120.5;-4.85
Routenpunkt (Way);T;Ziegelhäuser Landstraße;49.4155575;8.71357905;30.0;;;;;;Interpoliert;120.0;-4.7
Routenpunkt (Way);T;Ziegelhäuser Landstraße;49.4155727;8.713734200000001;30.0;;;;;;Interpoliert;119.5;-4.55
Routenpunkt (Way);T;Ziegelhäuser Landstraße;49.4155879;8.71388935;30.0;;;;;;Interpoliert;119.0;-4.52
Routenpunkt (Way);T;Ziegelhäuser Landstraße;49.4156031;8.7140445;30.0;;;;;;Original OSM;118.5;-4.04
Routenpunkt (Way);T;Ziegelhäuser Landstraße;49.4156165;8.714181199999999;30.0;;;;;;Interpoliert;118.0;-3.62
Routenpunkt (Way);T;Ziegelhäuser Landstraße;49.4156299;8.7143179;30.0;;;;;;Original OSM;117.8;-3.29
Routenpunkt (Way);T;Ziegelhäuser Landstraße;49.4156498;8.71449785;30.0;;;;;;Interpoliert;117.5;-2.97
Routenpunkt (Way);T;;49.41566835;8.71464435;30.0;;;;;;Interpoliert (15m);117.2;-0.06
Routenpunkt (Way);T;Ziegelhäuser Landstraße;49.4156869;8.71479085;30.0;;;;;;Original OSM;116.9;2.59
Routenpunkt (Way);T;;49.41571652499999;8.714944075;30.0;;;;;;Interpoliert (15m);118.0;4.4
Routenpunkt (Way);T;Ziegelhäuser Landstraße;49.41574615;8.7150973;30.0;;;;;;Interpoliert;119.3;6.4
Routenpunkt (Way);T;Ziegelhäuser Landstraße;49.4157882;8.7152907;30.0;;;;;;Original OSM;120.3;8.78
Routenpunkt (Way);T;Ziegelhäuser Landstraße;49.4158271;8.7154717;30.0;;;;;;Interpoliert;121.3;8.69
Routenpunkt (Way);T;;49.41586070000001;8.715614725;30.0;;;;;;Interpoliert (15m);122.3;7.81
Routenpunkt (Way);T;Ziegelhäuser Landstraße;49.41589430000001;8.71575775;30.0;;;;;;Original OSM;123.3;7.96
Routenpunkt (Way);T;;49.41595348333334;8.715937808333333;30.0;;;;;;Interpoliert (15m);124.3;7.78
Routenpunkt (Way);T;Ziegelhäuser Landstraße;49.41601266666667;8.716117866666666;30.0;;;;;;Original OSM;125.4;5.96
Ampel;A;Ampel;49.4160654;8.7162726;30.0;;;;;;Original OSM;126.2;3.07
Routenpunkt (Way);T;Ziegelhäuser Landstraße;49.4160654;8.7162726;30.0;;;;;;Original OSM;127.0;0.62
Routenpunkt (Way);T;;49.4161059;8.716413138095238;30.0;;;;;;Interpoliert (15m);126.4;-1.43
Routenpunkt (Way);T;;49.4161464;8.716553676190477;30.0;;;;;;Interpoliert (15m);125.8;-3.56
Routenpunkt (Way);T;Ziegelhäuser Landstraße;49.4161869;8.716694214285715;30.0;;;;;;Interpoliert;125.5;-4.36
Haltestelle;W;Neuenheim, Hirschgasse;49.4162237;8.7167715;30.0;17:21:00;17:21:00;Kein Umlauf;Mo,Di,Mi,Do,Fr;446.0;Original GTFS (Snap-Distanz 0m) | Auf Route gesnappt (0m);125.2;-5.29
Routenpunkt (Way);T;Ziegelhäuser Landstraße;49.416238400000005;8.716873633333334;30.0;;;;;;Original OSM;124.9;-6.21
Routenpunkt (Way);T;;49.41627423333334;8.716969066666667;30.0;;;;;;Interpoliert (15m);124.1;-6.78
Routenpunkt (Way);T;Ziegelhäuser Landstraße;49.41631006666667;8.717064500000001;30.0;;;;;;Interpoliert;123.3;-6.83
Routenpunkt (Way);T;Ziegelhäuser Landstraße;49.41636423333333;8.7172453;30.0;;;;;;Interpoliert;122.5;-6.94
Routenpunkt (Way);T;;49.41640519166666;8.717384125;30.0;;;;;;Interpoliert (15m);122.0;-5.91
Routenpunkt (Way);T;Ziegelhäuser Landstraße;49.41644614999999;8.717522950000001;30.0;;;;;;Original OSM;121.5;0.22
Routenpunkt (Way);T;;49.41648319166666;8.717651775;30.0;;;;;;Interpoliert (15m);121.0;4.63
Routenpunkt (Way);T;Ziegelhäuser Landstraße;49.41652023333333;8.7177806;30.0;;;;;;Interpoliert;123.1;8.84
Routenpunkt (Way);T;Ziegelhäuser Landstraße;49.41656656666667;8.7179414;30.0;;;;;;Interpoliert;125.2;13.35
Routenpunkt (Way);T;Ziegelhäuser Landstraße;49.4166129;8.7181022;30.0;;;;;;Original OSM;127.3;18.8
Routenpunkt (Way);T;Ziegelhäuser Landstraße;49.416652525;8.71825125;30.0;;;;;;Interpoliert;129.4;18.11
Routenpunkt (Way);T;Ziegelhäuser Landstraße;49.41669215;8.718400299999999;30.0;;;;;;Interpoliert;132.0;18.24
Routenpunkt (Way);T;Ziegelhäuser Landstraße;49.416731775;8.71854935;30.0;;;;;;Interpoliert;134.0;17.76
Routenpunkt (Way);T;Ziegelhäuser Landstraße;49.4167714;8.7186984;30.0;;;;;;Original OSM;136.0;16.98
Routenpunkt (Way);T;Ziegelhäuser Landstraße;49.41681218;8.718884;30.0;;;;;;Interpoliert;138.0;15.34
Routenpunkt (Way);T;Ziegelhäuser Landstraße;49.41685296;8.7190696;30.0;;;;;;Interpoliert;140.0;10.35
Routenpunkt (Way);T;Ziegelhäuser Landstraße;49.41689374;8.7192552;30.0;;;;;;Interpoliert;142.0;5.36
Routenpunkt (Way);T;Ziegelhäuser Landstraße;49.41693452;8.7194408;30.0;;;;;;Interpoliert;140.9;0.87
Routenpunkt (Way);T;Ziegelhäuser Landstraße;49.4169753;8.7196264;30.0;;;;;;Original OSM;139.8;-3.62
Routenpunkt (Way);T;Ziegelhäuser Landstraße;49.41700771428571;8.719801942857142;30.0;;;;;;Interpoliert;138.7;-9.17
Routenpunkt (Way);T;Ziegelhäuser Landstraße;49.41704012857143;8.719977485714285;30.0;;;;;;Interpoliert;137.6;-9.43
Routenpunkt (Way);T;Ziegelhäuser Landstraße;49.41707254285714;8.720153028571428;30.0;;;;;;Interpoliert;135.8;-9.7
Routenpunkt (Way);T;Ziegelhäuser Landstraße;49.41710495714285;8.720328571428572;30.0;;;;;;Interpoliert;134.6;-9.85
Routenpunkt (Way);T;Ziegelhäuser Landstraße;49.417137371428566;8.720504114285715;30.0;;;;;;Interpoliert;133.4;-10.0
Routenpunkt (Way);T;Ziegelhäuser Landstraße;49.417169785714286;8.720679657142858;30.0;;;;;;Interpoliert;132.2;-9.54
Routenpunkt (Way);T;Ziegelhäuser Landstraße;49.4172022;8.7208552;30.0;;;;;;Original OSM;131.0;-9.7
Routenpunkt (Way);T;Ziegelhäuser Landstraße;49.41723035;8.72099475;30.0;;;;;;Interpoliert;129.8;-10.94
Routenpunkt (Way);T;Ziegelhäuser Landstraße;49.41726805;8.7211815;30.0;;;;;;Original OSM;128.4;-4.98
Routenpunkt (Way);T;;49.417295475;8.721300975;30.0;;;;;;Interpoliert (15m);127.0;-0.58
Routenpunkt (Way);T;Ziegelhäuser Landstraße;49.4173229;8.72142045;30.0;;;;;;Interpoliert;128.9;5.89
Routenpunkt (Way);T;Ziegelhäuser Landstraße;49.4173682;8.7216122;30.0;;;;;;Original OSM;130.8;9.14
Routenpunkt (Way);T;Ziegelhäuser Landstraße;49.4174073;8.721772099999999;30.0;;;;;;Interpoliert;133.4;13.46
Routenpunkt (Way);T;;49.41746073333334;8.721950541666667;30.0;;;;;;Interpoliert (15m);134.3;10.59
Routenpunkt (Way);T;Ziegelhäuser Landstraße;49.41751416666668;8.722128983333334;30.0;;;;;;Original OSM;135.2;9.29
Routenpunkt (Way);T;;49.41758923333334;8.722286691666667;30.0;;;;;;Interpoliert (15m);136.1;6.63
Routenpunkt (Way);T;Ziegelhäuser Landstraße;49.4176643;8.7224444;30.0;;;;;;Original OSM;137.0;8.12
Routenpunkt (Way);T;Ziegelhäuser Landstraße;49.41773095;8.72256795;30.0;;;;;;Interpoliert;137.9;7.3
Routenpunkt (Way);T;Ziegelhäuser Landstraße;49.4177976;8.7226915;30.0;;;;;;Original OSM;139.5;1.56
Routenpunkt (Way);T;Ziegelhäuser Landstraße;49.4178751;8.7228339;30.0;;;;;;Interpoliert;139.8;-4.68
Routenpunkt (Way);T;Ziegelhäuser Landstraße;49.4179526;8.7229763;30.0;;;;;;Original OSM;136.8;-3.91
Routenpunkt (Way);T;Ziegelhäuser Landstraße;49.4180225;8.723104333333334;30.0;;;;;;Interpoliert;133.8;-1.54
Routenpunkt (Way);T;Ziegelhäuser Landstraße;49.4180924;8.723232366666666;30.0;;;;;;Interpoliert;135.2;2.66
Routenpunkt (Way);T;Ziegelhäuser Landstraße;49.4181623;8.7233604;30.0;;;;;;Original OSM;138.3;11.77
Routenpunkt (Way);T;Ziegelhäuser Landstraße;49.418246366666665;8.7234922;30.0;;;;;;Interpoliert;141.4;17.18
Routenpunkt (Way);T;Ziegelhäuser Landstraße;49.41833043333333;8.723624;30.0;;;;;;Interpoliert;144.5;15.35
Routenpunkt (Way);T;Ziegelhäuser Landstraße;49.4184145;8.7237558;30.0;;;;;;Original OSM;144.8;10.71
Routenpunkt (Way);T;Ziegelhäuser Landstraße;49.418496975;8.7238701;;;;;;;Interpoliert;145.1;8.66
Routenpunkt (Way);T;Ziegelhäuser Landstraße;49.41857945;8.723984399999999;;;;;;;Interpoliert;145.4;7.26
Routenpunkt (Way);T;Ziegelhäuser Landstraße;49.418661925;8.7240987;;;;;;;Interpoliert;147.0;10.05
Routenpunkt (Way);T;;49.41872778125;8.724189975000002;;;;;;;Interpoliert (15m);148.6;11.7
Routenpunkt (Way);T;Ziegelhäuser Landstraße;49.4187936375;8.72428125;;;;;;;Original OSM;150.2;13.34
Routenpunkt (Way);T;;49.41888084375;8.724403925;;;;;;;Interpoliert (15m);151.6;8.94
Routenpunkt (Way);T;Ziegelhäuser Landstraße;49.41896805;8.7245266;50.0;;;;;;Interpoliert;153.0;3.89
Routenpunkt (Way);T;;49.41903967499999;8.724632825;50.0;;;;;;Interpoliert (15m);152.0;4.18
Routenpunkt (Way);T;Ziegelhäuser Landstraße;49.4191113;8.72473905;50.0;;;;;;Original OSM;151.0;5.58
Routenpunkt (Way);T;;49.41917435;8.724841225;50.0;;;;;;Interpoliert (15m);152.8;6.81
Routenpunkt (Way);T;Ziegelhäuser Landstraße;49.4192374;8.7249434;50.0;;;;;;Original OSM;154.6;8.06
Routenpunkt (Way);T;;49.419294783333335;8.725062708333335;50.0;;;;;;Interpoliert (15m);156.4;9.3
Routenpunkt (Way);T;;49.41935216666666;8.725182016666666;50.0;;;;;;Interpoliert (15m);156.1;5.36
Routenpunkt (Way);T;Ziegelhäuser Landstraße;49.41940955;8.725301325;50.0;;;;;;Original OSM;155.8;-4.29
Routenpunkt (Way);T;;49.41946981666666;8.7254823;50.0;;;;;;Interpoliert (15m);155.5;-13.77
Routenpunkt (Way);T;;49.419530083333335;8.725663275;50.0;;;;;;Interpoliert (15m);151.0;-17.65
Routenpunkt (Way);T;In der Neckarhelle;49.41959035;8.72584425;50.0;;;;;;Original OSM;146.5;-21.53
Routenpunkt (Way);T;;49.41962420833333;8.725964141666665;50.0;;;;;;Interpoliert (15m);144.4;-28.12
Routenpunkt (Way);T;In der Neckarhelle;49.41965806666667;8.726084033333333;50.0;;;;;;Interpoliert;142.3;-28.99
Routenpunkt (Way);T;In der Neckarhelle;49.41969363333333;8.726215466666666;50.0;;;;;;Interpoliert;138.7;-28.71
Routenpunkt (Way);T;In der Neckarhelle;49.4197292;8.7263469;50.0;;;;;;Original OSM;135.1;-26.7
Routenpunkt (Way);T;In der Neckarhelle;49.41976775;8.72650665;50.0;;;;;;Interpoliert;131.5;-25.21
Routenpunkt (Way);T;In der Neckarhelle;49.4198063;8.7266664;50.0;;;;;;Original OSM;130.0;-21.16
Routenpunkt (Way);T;;49.41983411666666;8.726800433333333;50.0;;;;;;Interpoliert (15m);128.5;-19.51
Routenpunkt (Way);T;In der Neckarhelle;49.41986193333333;8.726934466666666;50.0;;;;;;Original OSM;127.0;-19.01
Routenpunkt (Way);T;;49.41988234166666;8.727049358333334;50.0;;;;;;Interpoliert (15m);124.7;-21.1
Routenpunkt (Way);T;In der Neckarhelle;49.41990275;8.727164250000001;50.0;;;;;;Interpoliert;122.4;-17.17
Routenpunkt (Way);T;;49.41992363333333;8.727301041666667;50.0;;;;;;Interpoliert (15m);120.1;-10.29
Routenpunkt (Way);T;;49.41994451666667;8.727437833333333;50.0;;;;;;Interpoliert (15m);120.6;-1.03
Routenpunkt (Way);T;In der Neckarhelle;49.4199654;8.727574624999999;50.0;;;;;;Original OSM;122.6;6.67
Routenpunkt (Way);T;;49.419982483333335;8.727713199999998;50.0;;;;;;Interpoliert (15m);124.6;13.55
Routenpunkt (Way);T;;49.41999956666667;8.727851775;50.0;;;;;;Interpoliert (15m);125.8;14.56
Routenpunkt (Way);T;In der Neckarhelle;49.42001665;8.727990349999999;50.0;;;;;;Interpoliert;127.0;12.61
Routenpunkt (Way);T;;49.42003436875;8.72815449375;50.0;;;;;;Interpoliert (15m);128.2;12.14
Routenpunkt (Way);T;In der Neckarhelle;49.4200520875;8.728318637500001;50.0;;;;;;Original OSM;129.4;12.21
Routenpunkt (Way);T;;49.42006729375;8.72847719375;50.0;;;;;;Interpoliert (15m);131.4;12.42
Routenpunkt (Way);T;In der Neckarhelle;49.4200825;8.72863575;50.0;;;;;;Interpoliert;132.8;7.86
Routenpunkt (Way);T;;49.4200951125;8.72878524375;50.0;;;;;;Interpoliert (15m);134.2;3.64
Routenpunkt (Way);T;In der Neckarhelle;49.420107725;8.728934737500001;50.0;;;;;;Original OSM;132.8;-4.31
Haltestelle;W;Ziegelhausen, Haarlass;49.4201204;8.7291078;50.0;17:23:00;17:23:00;Kein Umlauf;Mo,Di,Mi,Do,Fr;446.0;Original GTFS (Snap-Distanz 4m) | Auf Route gesnappt (4m);131.4;-7.64
Routenpunkt (Way);T;In der Neckarhelle;49.4201259;8.7291934;50.0;;;;;;Original OSM;130.0;-11.2
Routenpunkt (Way);T;In der Neckarhelle;49.4201374;8.7293729;50.0;;;;;;Original OSM;129.4;-9.63
Routenpunkt (Way);T;In der Neckarhelle;49.42014695;8.7295394;50.0;;;;;;Interpoliert;128.8;-8.46
Routenpunkt (Way);T;In der Neckarhelle;49.4201565;8.7297059;50.0;;;;;;Original OSM;128.2;-5.02
Routenpunkt (Way);T;;49.4201616;8.7298628;50.0;;;;;;Interpoliert (15m);127.6;-4.1
Routenpunkt (Way);T;In der Neckarhelle;49.4201667;8.7300197;50.0;;;;;;Interpoliert;127.0;-2.61
Routenpunkt (Way);T;In der Neckarhelle;49.4201718;8.7301766;50.0;;;;;;Original OSM;127.0;-1.05
Routenpunkt (Way);T;In der Neckarhelle;49.420177;8.7303449;50.0;;;;;;Original OSM;127.3;0.58
Routenpunkt (Way);T;;49.42017328333333;8.730490146666668;50.0;;;;;;Interpoliert (15m);127.6;2.2
Routenpunkt (Way);T;;49.42016956666667;8.730635393333333;50.0;;;;;;Interpoliert (15m);127.9;3.16
Routenpunkt (Way);T;In der Neckarhelle;49.42016585;8.73078064;50.0;;;;;;Original OSM;128.2;3.62
Routenpunkt (Way);T;;49.42014892500001;8.730981686666667;50.0;;;;;;Interpoliert (15m);128.9;4.1
Routenpunkt (Way);T;In der Neckarhelle;49.420132;8.731182733333332;50.0;;;;;;Interpoliert;129.6;1.43
Routenpunkt (Way);T;In der Neckarhelle;49.4201101;8.731364766666667;50.0;;;;;;Interpoliert;130.3;-1.23
Routenpunkt (Way);T;In der Neckarhelle;49.4200882;8.7315468;50.0;;;;;;Original OSM;128.9;-3.84
Routenpunkt (Way);T;In der Neckarhelle;49.4200634;8.73172735;50.0;;;;;;Interpoliert;127.5;-7.28
Routenpunkt (Way);T;In der Neckarhelle;49.4200386;8.7319079;50.0;;;;;;Original OSM;126.4;-10.81
Routenpunkt (Way);T;In der Neckarhelle;49.420012275;8.732058225;50.0;;;;;;Interpoliert;125.0;-11.21
Routenpunkt (Way);T;In der Neckarhelle;49.41998595;8.73220855;50.0;;;;;;Interpoliert;123.6;-11.59
Routenpunkt (Way);T;In der Neckarhelle;49.419959625;8.732358875000001;50.0;;;;;;Interpoliert;122.2;-12.99
Routenpunkt (Way);T;In der Neckarhelle;49.4199333;8.7325092;50.0;;;;;;Original OSM;120.8;-13.55
Routenpunkt (Way);T;In der Neckarhelle;49.419904;8.732656850000001;50.0;;;;;;Interpoliert;119.1;-13.64
Routenpunkt (Way);T;In der Neckarhelle;49.4198747;8.7328045;50.0;;;;;;Original OSM;117.4;-10.54
Routenpunkt (Way);T;In der Neckarhelle;49.41983685;8.73297765;50.0;;;;;;Interpoliert;115.7;-7.52
Routenpunkt (Way);T;In der Neckarhelle;49.419799;8.7331508;50.0;;;;;;Original OSM;116.1;-4.34
Routenpunkt (Way);T;In der Neckarhelle;49.4197516;8.73334365;50.0;;;;;;Interpoliert;116.5;-0.56
Routenpunkt (Way);T;In der Neckarhelle;49.4197042;8.7335365;50.0;;;;;;Original OSM;116.6;2.74
Routenpunkt (Way);T;In der Neckarhelle;49.4196706;8.733678099999999;50.0;;;;;;Interpoliert;117.0;2.78
Routenpunkt (Way);T;In der Neckarhelle;49.419637;8.7338197;50.0;;;;;;Original OSM;117.4;2.89
Routenpunkt (Way);T;In der Neckarhelle;49.419595325;8.7339793;50.0;;;;;;Interpoliert;117.8;3.24
Routenpunkt (Way);T;In der Neckarhelle;49.41955365;8.7341389;50.0;;;;;;Interpoliert;118.2;3.31
Routenpunkt (Way);T;In der Neckarhelle;49.419511975;8.7342985;50.0;;;;;;Interpoliert;118.5;3.27
Routenpunkt (Way);T;In der Neckarhelle;49.4194703;8.7344581;50.0;;;;;;Original OSM;119.0;3.33
Routenpunkt (Way);T;In der Neckarhelle;49.4194203;8.7346396;50.0;;;;;;Interpoliert;119.5;3.49
Routenpunkt (Way);T;In der Neckarhelle;49.4193703;8.7348211;50.0;;;;;;Interpoliert;120.0;2.68
Routenpunkt (Way);T;;49.419324195;8.73497959;50.0;;;;;;Interpoliert (15m);120.5;1.11
Routenpunkt (Way);T;In der Neckarhelle;49.41927809;8.73513808;50.0;;;;;;Original OSM;120.3;-0.36
Routenpunkt (Way);T;;49.419224945;8.73529744;50.0;;;;;;Interpoliert (15m);119.8;-1.07
Routenpunkt (Way);T;In der Neckarhelle;49.4191718;8.7354568;50.0;;;;;;Original OSM;119.3;-3.76
Haltestelle;W;Ziegelhausen, Stift Neuburg;49.4191718;8.7354568;50.0;17:24:00;17:24:00;Kein Umlauf;Mo,Di,Mi,Do,Fr;446.0;Original GTFS (Snap-Distanz 1m) | Auf Route gesnappt (1m);118.8;-6.69
Routenpunkt (Way);T;Stift Neuburg;49.4191259;8.7355087;;;;;;;Original OSM;118.2;-5.92
Ampel;A;Ampel;49.4191435;8.735552;50.0;;;;;;Original OSM;117.6;-6.49
Routenpunkt (Way);T;In der Neckarhelle;49.4191435;8.735552;50.0;;;;;;Original OSM;116.8;-7.83
Routenpunkt (Way);T;In der Neckarhelle;49.41909415;8.735698075;50.0;;;;;;Interpoliert;116.0;-7.28
Routenpunkt (Way);T;In der Neckarhelle;49.4190448;8.73584415;50.0;;;;;;Interpoliert;115.2;-4.2
Routenpunkt (Way);T;In der Neckarhelle;49.41899545;8.735990225;50.0;;;;;;Interpoliert;114.4;-4.37
Routenpunkt (Way);T;In der Neckarhelle;49.4189461;8.7361363;50.0;;;;;;Original OSM;114.3;-3.2
Routenpunkt (Way);T;In der Neckarhelle;49.4188988;8.736281533333333;50.0;;;;;;Interpoliert;114.2;-2.02
Routenpunkt (Way);T;In der Neckarhelle;49.4188515;8.736426766666668;50.0;;;;;;Interpoliert;114.1;-0.68
Routenpunkt (Way);T;In der Neckarhelle;49.4188042;8.736572;50.0;;;;;;Original OSM;114.0;-0.11
Routenpunkt (Way);T;In der Neckarhelle;49.4187446;8.7367551;70.0;;;;;;Interpoliert;114.0;0.47
Routenpunkt (Way);T;In der Neckarhelle;49.418685;8.7369382;70.0;;;;;;Interpoliert;114.3;1.05
Routenpunkt (Way);T;In der Neckarhelle;49.4186254;8.7371213;70.0;;;;;;Interpoliert;114.6;1.08
Routenpunkt (Way);T;In der Neckarhelle;49.4185658;8.7373044;70.0;;;;;;Original OSM;114.9;0.52
Routenpunkt (Way);T;In der Neckarhelle;49.418510600000005;8.737484259999999;70.0;;;;;;Interpoliert;114.8;-0.44
Routenpunkt (Way);T;In der Neckarhelle;49.4184554;8.73766412;70.0;;;;;;Interpoliert;114.4;-1.4
Routenpunkt (Way);T;In der Neckarhelle;49.4184002;8.73784398;70.0;;;;;;Interpoliert;114.0;-2.36
Routenpunkt (Way);T;In der Neckarhelle;49.418345;8.73802384;70.0;;;;;;Interpoliert;113.6;-2.76
Routenpunkt (Way);T;In der Neckarhelle;49.4182898;8.7382037;70.0;;;;;;Original OSM;113.2;-2.61
Routenpunkt (Way);T;In der Neckarhelle;49.4182356;8.73839188;70.0;;;;;;Interpoliert;112.8;-2.86
Routenpunkt (Way);T;In der Neckarhelle;49.4181814;8.73858006;70.0;;;;;;Interpoliert;112.5;-3.11
Routenpunkt (Way);T;In der Neckarhelle;49.4181272;8.738768239999999;70.0;;;;;;Interpoliert;111.9;-3.36
Routenpunkt (Way);T;In der Neckarhelle;49.418073;8.73895642;70.0;;;;;;Interpoliert;111.3;-2.68
Routenpunkt (Way);T;In der Neckarhelle;49.4180188;8.7391446;70.0;;;;;;Original OSM;110.7;-1.74
Routenpunkt (Way);T;In der Neckarhelle;49.417968925;8.7393322;70.0;;;;;;Interpoliert;110.8;-0.38
Routenpunkt (Way);T;In der Neckarhelle;49.41791905;8.7395198;70.0;;;;;;Interpoliert;111.2;0.97
Routenpunkt (Way);T;In der Neckarhelle;49.417869175;8.7397074;70.0;;;;;;Interpoliert;111.6;2.55
Routenpunkt (Way);T;In der Neckarhelle;49.4178193;8.739895;70.0;;;;;;Original OSM;112.0;4.57
Routenpunkt (Way);T;In der Neckarhelle;49.417786;8.740027066666666;70.0;;;;;;Interpoliert;112.4;5.97
Routenpunkt (Way);T;In der Neckarhelle;49.4177527;8.740159133333334;70.0;;;;;;Interpoliert;113.5;6.79
Routenpunkt (Way);T;In der Neckarhelle;49.4177194;8.7402912;70.0;;;;;;Original OSM;114.5;6.25
Routenpunkt (Way);T;In der Neckarhelle;49.4176745;8.740481466666667;70.0;;;;;;Interpoliert;115.5;5.47
Routenpunkt (Way);T;In der Neckarhelle;49.4176296;8.740671733333333;70.0;;;;;;Interpoliert;115.5;3.32
Routenpunkt (Way);T;In der Neckarhelle;49.4175847;8.740862;70.0;;;;;;Original OSM;115.5;1.37
Routenpunkt (Way);T;In der Neckarhelle;49.41754983333333;8.7410238;70.0;;;;;;Interpoliert;115.5;0.0
Routenpunkt (Way);T;In der Neckarhelle;49.417514966666666;8.7411856;70.0;;;;;;Interpoliert;115.5;0.0
Routenpunkt (Way);T;In der Neckarhelle;49.4174801;8.7413474;70.0;;;;;;Original OSM;115.5;0.0
Routenpunkt (Way);T;In der Neckarhelle;49.41744702857143;8.7415269;70.0;;;;;;Interpoliert;115.5;-1.04
Routenpunkt (Way);T;In der Neckarhelle;49.417413957142855;8.7417064;70.0;;;;;;Interpoliert;115.5;-2.07
Routenpunkt (Way);T;In der Neckarhelle;49.41738088571429;8.7418859;70.0;;;;;;Interpoliert;114.8;-3.11
Routenpunkt (Way);T;In der Neckarhelle;49.41734781428571;8.742065400000001;70.0;;;;;;Interpoliert;114.1;-2.67
Routenpunkt (Way);T;In der Neckarhelle;49.41731474285714;8.742244900000001;70.0;;;;;;Interpoliert;113.4;-2.37
Routenpunkt (Way);T;In der Neckarhelle;49.41728167142857;8.7424244;70.0;;;;;;Interpoliert;113.7;-1.47
Routenpunkt (Way);T;In der Neckarhelle;49.4172486;8.7426039;70.0;;;;;;Original OSM;113.9;-0.58
Routenpunkt (Way);T;In der Neckarhelle;49.41721398333333;8.742794066666667;70.0;;;;;;Interpoliert;113.8;0.32
Routenpunkt (Way);T;In der Neckarhelle;49.417179366666666;8.742984233333333;70.0;;;;;;Interpoliert;113.7;-0.26
Routenpunkt (Way);T;In der Neckarhelle;49.417144750000006;8.743174400000001;70.0;;;;;;Interpoliert;113.6;-0.7
Routenpunkt (Way);T;In der Neckarhelle;49.41711013333334;8.743364566666667;70.0;;;;;;Interpoliert;113.5;-0.7
Routenpunkt (Way);T;In der Neckarhelle;49.41707551666667;8.743554733333333;70.0;;;;;;Interpoliert;113.4;2.61
Routenpunkt (Way);T;In der Neckarhelle;49.4170409;8.7437449;30.0;;;;;;Original OSM;113.3;5.92
Routenpunkt (Way);T;In der Neckarhelle;49.41715863333334;8.743808699999999;30.0;;;;;;Interpoliert;115.5;10.34
Routenpunkt (Way);T;In der Neckarhelle;49.41727636666667;8.7438725;30.0;;;;;;Interpoliert;117.7;16.12
Routenpunkt (Way);T;;49.41735481111111;8.743947833333333;30.0;;;;;;Interpoliert (15m);119.9;21.9
Routenpunkt (Way);T;;49.41743325555556;8.744023166666667;30.0;;;;;;Interpoliert (15m);122.8;18.73
Routenpunkt (Way);T;Stiftsmühle;49.4175117;8.7440985;;;;;;;Original OSM;125.7;22.52
Haltestelle;W;Ziegelhausen, Stiftsmühle;49.4175117;8.7440985;;17:26:00;17:26:00;Kein Umlauf;Mo,Di,Mi,Do,Fr;446.0;Original GTFS (Snap-Distanz 5m) | Auf Route gesnappt (5m);128.6;25.21
Routenpunkt (Way);T;;49.41757735;8.744153842857143;;;;;;;Interpoliert (15m);131.5;24.61
Routenpunkt (Way);T;In der Neckarhelle;49.417643;8.744209185714286;30.0;;;;;;Original OSM;134.4;24.01
Routenpunkt (Way);T;;49.41764062857143;8.744401207142857;30.0;;;;;;Interpoliert (15m);137.9;21.55
Routenpunkt (Way);T;In der Neckarhelle;49.417638257142855;8.744593228571429;30.0;;;;;;Interpoliert;141.4;12.12
Routenpunkt (Way);T;In der Neckarhelle;49.41760771428572;8.744789857142857;30.0;;;;;;Interpoliert;139.6;3.24
Routenpunkt (Way);T;In der Neckarhelle;49.41757717142857;8.744986485714286;30.0;;;;;;Interpoliert;137.8;-4.54
Routenpunkt (Way);T;In der Neckarhelle;49.41754662857143;8.745183114285714;30.0;;;;;;Interpoliert;136.4;-12.31
Routenpunkt (Way);T;In der Neckarhelle;49.41751608571428;8.745379742857143;30.0;;;;;;Interpoliert;134.4;-12.58
Routenpunkt (Way);T;In der Neckarhelle;49.41748554285714;8.745576371428571;30.0;;;;;;Interpoliert;132.4;-13.65
Routenpunkt (Way);T;In der Neckarhelle;49.417455;8.745773;30.0;;;;;;Original OSM;130.4;-14.74
Routenpunkt (Way);T;;49.4174388;8.745927524999999;30.0;;;;;;Interpoliert (15m);128.4;-16.8
Routenpunkt (Way);T;In der Neckarhelle;49.4174226;8.74608205;30.0;;;;;;Original OSM;126.7;-18.86
Routenpunkt (Way);T;;49.417415675;8.7462143;30.0;;;;;;Interpoliert (15m);124.4;-14.82
Routenpunkt (Way);T;In der Neckarhelle;49.41740875;8.74634655;30.0;;;;;;Interpoliert;122.1;-10.24
Routenpunkt (Way);T;In der Neckarhelle;49.4174029;8.7464951;30.0;;;;;;Original OSM;122.8;-7.09
Routenpunkt (Way);T;In der Neckarhelle;49.417400416666666;8.746680233333334;30.0;;;;;;Interpoliert;123.5;-2.15
Routenpunkt (Way);T;In der Neckarhelle;49.41739793333333;8.746865366666666;30.0;;;;;;Interpoliert;123.6;2.79
Routenpunkt (Way);T;In der Neckarhelle;49.41739545;8.7470505;30.0;;;;;;Interpoliert;123.7;1.64
Routenpunkt (Way);T;In der Neckarhelle;49.41739296666667;8.747235633333334;30.0;;;;;;Interpoliert;123.8;0.75
Routenpunkt (Way);T;In der Neckarhelle;49.417390483333335;8.747420766666666;30.0;;;;;;Interpoliert;123.9;0.21
Routenpunkt (Way);T;In der Neckarhelle;49.417388;8.7476059;30.0;;;;;;Original OSM;124.0;0.55
Routenpunkt (Way);T;In der Neckarhelle;49.41738323333333;8.747747733333334;30.0;;;;;;Interpoliert;123.8;2.89
Routenpunkt (Way);T;In der Neckarhelle;49.41736543333333;8.747916033333333;30.0;;;;;;Interpoliert;124.1;3.66
Haltestelle;W;Ziegelhausen, Neckarhelle;49.4173524;8.7479425;;17:27:00;17:27:00;Kein Umlauf;Mo,Di,Mi,Do,Fr;446.0;Original GTFS (Snap-Distanz 3m) | Auf Route gesnappt (3m);124.4;4.0
Routenpunkt (Way);T;Neckarhelle;49.41735933333333;8.748032233333333;;;;;;;Original OSM;124.7;5.21
Routenpunkt (Way);T;In der Neckarhelle;49.41736696;8.74820102;30.0;;;;;;Interpoliert;125.0;5.53
Routenpunkt (Way);T;In der Neckarhelle;49.41736022;8.74837064;30.0;;;;;;Interpoliert;125.5;4.34
Routenpunkt (Way);T;In der Neckarhelle;49.41735348;8.74854026;30.0;;;;;;Interpoliert;126.0;4.72
Routenpunkt (Way);T;;49.41734674;8.74870988;30.0;;;;;;Interpoliert (15m);126.8;5.8
Routenpunkt (Way);T;In der Neckarhelle;49.41734;8.7488795;30.0;;;;;;Original OSM;127.6;6.55
Routenpunkt (Way);T;In der Neckarhelle;49.4173364;8.749020433333333;30.0;;;;;;Interpoliert;128.4;6.13
Routenpunkt (Way);T;In der Neckarhelle;49.4173328;8.749161366666666;30.0;;;;;;Interpoliert;129.2;5.1
Routenpunkt (Way);T;In der Neckarhelle;49.4173292;8.7493023;30.0;;;;;;Original OSM;129.4;4.07
Routenpunkt (Way);T;In der Neckarhelle;49.41731915;8.7495069;30.0;;;;;;Interpoliert;129.6;2.79
Routenpunkt (Way);T;In der Neckarhelle;49.4173091;8.7497115;30.0;;;;;;Original OSM;129.8;1.81
Routenpunkt (Way);T;In der Neckarhelle;49.417304125;8.749900475;30.0;;;;;;Interpoliert;130.0;2.0
Routenpunkt (Way);T;In der Neckarhelle;49.41729915;8.75008945;30.0;;;;;;Interpoliert;130.4;1.88
Routenpunkt (Way);T;In der Neckarhelle;49.417294175;8.750278425;30.0;;;;;;Interpoliert;130.8;1.74
Routenpunkt (Way);T;In der Neckarhelle;49.4172892;8.7504674;30.0;;;;;;Original OSM;130.9;1.58
Routenpunkt (Way);T;In der Neckarhelle;49.4172762;8.750672419999999;30.0;;;;;;Interpoliert;131.0;1.0
Routenpunkt (Way);T;In der Neckarhelle;49.4172632;8.75087744;30.0;;;;;;Interpoliert;131.1;0.55
Routenpunkt (Way);T;In der Neckarhelle;49.4172502;8.75108246;30.0;;;;;;Interpoliert;131.1;0.54
Routenpunkt (Way);T;In der Neckarhelle;49.4172372;8.75128748;30.0;;;;;;Interpoliert;131.2;0.58
Routenpunkt (Way);T;In der Neckarhelle;49.4172242;8.7514925;30.0;;;;;;Original OSM;131.3;0.63
Routenpunkt (Way);T;;49.41722923333333;8.751647288888888;30.0;;;;;;Interpoliert (15m);131.4;-0.45
Routenpunkt (Way);T;;49.41723426666667;8.751802077777779;30.0;;;;;;Interpoliert (15m);131.5;-1.58
Routenpunkt (Way);T;In der Neckarhelle;49.4172393;8.751956866666667;30.0;;;;;;Original OSM;130.9;-2.71
Routenpunkt (Way);T;;49.41726265;8.752119077777778;30.0;;;;;;Interpoliert (15m);130.3;-3.89
Routenpunkt (Way);T;;49.417286;8.75228128888889;30.0;;;;;;Interpoliert (15m);129.7;-5.13
Routenpunkt (Way);T;In der Neckarhelle;49.41730935;8.7524435;30.0;;;;;;Interpoliert;129.1;-5.47
Routenpunkt (Way);T;In der Neckarhelle;49.4173405;8.7525926;30.0;;;;;;Original OSM;128.5;5.39
Haltestelle;W;Ziegelhausen, Neuer Weg;49.4173159;8.7526824;30.0;17:28:00;17:28:00;Kein Umlauf;Mo,Di,Mi,Do,Fr;446.0;Original GTFS (Snap-Distanz 1m) | Auf Route gesnappt (3m);128.0;12.83
Routenpunkt (Way);T;Neuer Weg;49.41735088888888;8.752774277777776;;;;;;;Original OSM;131.8;20.27
Routenpunkt (Way);T;;49.41739006111111;8.752878372222222;;;;;;;Interpoliert (15m);134.6;26.05
Routenpunkt (Way);T;In der Neckarhelle;49.41742923333333;8.752982466666667;30.0;;;;;;Interpoliert;137.4;32.72
Routenpunkt (Way);T;In der Neckarhelle;49.4174649;8.7531368;30.0;;;;;;Original OSM;140.2;28.1
Routenpunkt (Way);T;In der Neckarhelle;49.41750272;8.75330064;30.0;;;;;;Interpoliert;143.5;24.68
Routenpunkt (Way);T;In der Neckarhelle;49.41754054;8.75346448;30.0;;;;;;Interpoliert;146.8;21.27
Routenpunkt (Way);T;In der Neckarhelle;49.41757836;8.75362832;30.0;;;;;;Interpoliert;148.7;19.56
Routenpunkt (Way);T;In der Neckarhelle;49.41761618;8.75379216;30.0;;;;;;Interpoliert;150.6;17.12
Routenpunkt (Way);T;In der Neckarhelle;49.417654;8.753956;30.0;;;;;;Original OSM;152.5;8.33
Routenpunkt (Way);T;In der Neckarhelle;49.4176926;8.7541337;30.0;;;;;;Interpoliert;154.4;1.47
Routenpunkt (Way);T;In der Neckarhelle;49.4177312;8.7543114;30.0;;;;;;Interpoliert;152.0;-6.08
Routenpunkt (Way);T;In der Neckarhelle;49.4177698;8.7544891;30.0;;;;;;Interpoliert;149.4;-13.63
Routenpunkt (Way);T;;49.4177993;8.7546412;30.0;;;;;;Interpoliert (15m);146.8;-21.78
Routenpunkt (Way);T;In der Neckarhelle;49.4178288;8.7547933;30.0;;;;;;Original OSM;144.2;-23.58
Routenpunkt (Way);T;;49.417847775;8.754924724999999;30.0;;;;;;Interpoliert (15m);141.6;-24.31
Routenpunkt (Way);T;In der Neckarhelle;49.41786675;8.75505615;30.0;;;;;;Interpoliert;139.0;-23.28
Routenpunkt (Way);T;In der Neckarhelle;49.4178843;8.7551925;30.0;;;;;;Original OSM;136.7;-21.94
Routenpunkt (Way);T;In der Neckarhelle;49.4179118;8.7553692;30.0;;;;;;Interpoliert;134.4;-19.78
Routenpunkt (Way);T;;49.417946065;8.75556185;30.0;;;;;;Interpoliert (15m);132.1;-18.97
Routenpunkt (Way);T;In der Neckarhelle;49.41798033;8.755754499999998;30.0;;;;;;Original OSM;129.8;-16.56
Routenpunkt (Way);T;;49.418012886666666;8.755885699999999;30.0;;;;;;Interpoliert (15m);127.5;-16.21
Routenpunkt (Way);T;;49.41804544333333;8.7560169;30.0;;;;;;Interpoliert (15m);126.4;-14.74
Routenpunkt (Way);T;In der Neckarhelle;49.418078;8.7561481;30.0;;;;;;Original OSM;124.8;-13.2
Routenpunkt (Way);T;In der Neckarhelle;49.4181205;8.7562958;30.0;;;;;;Original OSM;123.8;-10.32
Routenpunkt (Way);T;;49.41818451666667;8.756431967857143;30.0;;;;;;Interpoliert (15m);122.8;-7.99
Routenpunkt (Way);T;;49.41824853333334;8.756568135714287;30.0;;;;;;Interpoliert (15m);121.8;-4.69
Routenpunkt (Way);T;In der Neckarhelle;49.41831255000001;8.75670430357143;30.0;;;;;;Original OSM;121.9;-2.82
Routenpunkt (Way);T;;49.418413875000006;8.756799651785716;30.0;;;;;;Interpoliert (15m);122.0;-0.69
Ampel;A;Ampel;49.4185152;8.756895;30.0;;;;;;Original OSM;122.1;1.21
Routenpunkt (Way);T;Peterstaler Straße;49.4185522;8.7568948;30.0;;;;;;Original OSM;122.2;1.29
Routenpunkt (Way);T;;49.418623625;8.756894424999999;30.0;;;;;;Interpoliert (15m);122.3;2.35
Routenpunkt (Way);T;Peterstaler Straße;49.41869505;8.75689405;30.0;;;;;;Interpoliert;122.4;2.37
Routenpunkt (Way);T;;49.41879924999999;8.75689315;30.0;;;;;;Interpoliert (15m);123.1;2.09
Routenpunkt (Way);T;Peterstaler Straße;49.41890345;8.75689225;30.0;;;;;;Original OSM;123.2;2.04
Routenpunkt (Way);T;;49.41899235;8.756891275000001;30.0;;;;;;Interpoliert (15m);123.3;1.98
Routenpunkt (Way);T;Peterstaler Straße;49.419081250000005;8.7568903;30.0;;;;;;Interpoliert;123.4;1.11
Routenpunkt (Way);T;Peterstaler Straße;49.419175;8.7568895;30.0;;;;;;Original OSM;123.5;1.13
Haltestelle;W;Ziegelhausen, Neckarschule;49.4192179;8.7569373;30.0;17:30:00;17:30:00;Kein Umlauf;Mo,Di,Mi,Do,Fr;446.0;Original GTFS (Snap-Distanz 2m) | Auf Route gesnappt (3m);123.6;1.12
Routenpunkt (Way);T;;49.419309184375;8.7569146375;30.0;;;;;;Interpoliert (15m);123.7;1.33
Routenpunkt (Way);T;Neckarschule;49.419400468750005;8.756891975;;;;;;;Original OSM;123.8;1.56
Routenpunkt (Way);T;;49.41953013211806;8.756869170138888;;;;;;;Interpoliert (15m);124.1;1.49
Routenpunkt (Way);T;;49.41965979548611;8.756846365277777;;;;;;;Interpoliert (15m);124.4;1.57
Routenpunkt (Way);T;;49.41978945885417;8.756823560416667;;;;;;;Interpoliert (15m);124.6;1.71
Routenpunkt (Way);T;Peterstaler Straße;49.41991912222223;8.756800755555554;30.0;;;;;;Original OSM;124.8;1.63
Routenpunkt (Way);T;;49.420023481481486;8.756759603703703;30.0;;;;;;Interpoliert (15m);125.0;1.55
Routenpunkt (Way);T;;49.42012784074074;8.756718451851851;30.0;;;;;;Interpoliert (15m);125.2;1.55
Routenpunkt (Way);T;Peterstaler Straße;49.4202322;8.7566773;30.0;;;;;;Original OSM;125.4;2.14
Routenpunkt (Way);T;Peterstaler Straße;49.42035515;8.7566033;30.0;;;;;;Interpoliert;125.6;2.68
Routenpunkt (Way);T;;49.4204713625;8.7565366375;30.0;;;;;;Interpoliert (15m);126.2;3.03
Routenpunkt (Way);T;Peterstaler Straße;49.420587575000006;8.756469975;30.0;;;;;;Original OSM;126.8;3.37
Routenpunkt (Way);T;;49.420687712500005;8.756417562500001;30.0;;;;;;Interpoliert (15m);127.2;3.76
Routenpunkt (Way);T;Peterstaler Straße;49.42078785;8.75636515;30.0;;;;;;Interpoliert;127.6;3.55
Routenpunkt (Way);T;;49.42088913333333;8.756302575;30.0;;;;;;Interpoliert (15m);128.0;3.39
Routenpunkt (Way);T;Peterstaler Straße;49.42099041666666;8.756239999999998;30.0;;;;;;Original OSM;128.4;2.89
Routenpunkt (Way);T;;49.42107500833333;8.756156524999998;30.0;;;;;;Interpoliert (15m);128.8;2.43
Routenpunkt (Way);T;Peterstaler Straße;49.4211596;8.75607305;30.0;;;;;;Interpoliert;128.9;1.99
Routenpunkt (Way);T;;49.421226;8.755996137499999;30.0;;;;;;Interpoliert (15m);129.0;0.7
Routenpunkt (Way);T;Peterstaler Straße;49.4212924;8.755919225;30.0;;;;;;Original OSM;129.1;1.03
Routenpunkt (Way);T;;49.4213605;8.7558392125;30.0;;;;;;Interpoliert (15m);128.8;1.82
Routenpunkt (Way);T;Peterstaler Straße;49.4214286;8.7557592;30.0;;;;;;Original OSM;129.3;2.57
Routenpunkt (Way);T;Peterstaler Straße;49.42150225;8.7556714;30.0;;;;;;Interpoliert;129.8;2.52
Routenpunkt (Way);T;Peterstaler Straße;49.4215759;8.7555836;30.0;;;;;;Original OSM;130.3;3.33
Routenpunkt (Way);T;Peterstaler Straße;49.4216518;8.7554761;50.0;;;;;;Original OSM;130.4;2.46
Routenpunkt (Way);T;;49.42172087;8.75536346;50.0;;;;;;Interpoliert (15m);130.5;2.13
Routenpunkt (Way);T;Peterstaler Straße;49.42178994;8.75525082;50.0;;;;;;Original OSM;130.6;1.8
Routenpunkt (Way);T;;49.42185737;8.75511061;50.0;;;;;;Interpoliert (15m);131.0;2.32
Routenpunkt (Way);T;Peterstaler Straße;49.4219248;8.7549704;50.0;;;;;;Original OSM;131.4;2.84
Routenpunkt (Way);T;;49.42198462142858;8.754841357142856;50.0;;;;;;Interpoliert (15m);131.8;3.07
Routenpunkt (Way);T;Peterstaler Straße;49.42204444285715;8.754712314285714;50.0;;;;;;Original OSM;132.2;2.9
Haltestelle;W;Ziegelhausen, Steinbacher Tal;49.4221208;8.7546451;;17:31:00;17:31:00;Kein Umlauf;Mo,Di,Mi,Do,Fr;446.0;Original GTFS (Snap-Distanz 3m) | Auf Route gesnappt (3m);132.4;2.74
Routenpunkt (Way);T;Peterstaler Straße;49.4221013;8.7545301;50.0;;;;;;Original OSM;132.6;3.05
Routenpunkt (Way);T;Peterstaler Straße;49.4221696;8.7543903;50.0;;;;;;Original OSM;132.9;3.36
Routenpunkt (Way);T;;49.42226523541667;8.754266166666667;50.0;;;;;;Interpoliert (15m);133.6;3.96
Routenpunkt (Way);T;;49.42236087083333;8.754142033333334;50.0;;;;;;Interpoliert (15m);134.3;4.5
Routenpunkt (Way);T;;49.42245650625;8.754017900000001;50.0;;;;;;Interpoliert (15m);135.0;4.97
Routenpunkt (Way);T;Peterstaler Straße;49.42255214166667;8.753893766666668;50.0;;;;;;Original OSM;135.7;4.9
Routenpunkt (Way);T;;49.422681100000005;8.7538402125;50.0;;;;;;Interpoliert (15m);136.4;6.59
Routenpunkt (Way);T;;49.42281005833334;8.753786658333333;50.0;;;;;;Interpoliert (15m);137.1;7.47
Routenpunkt (Way);T;;49.42293901666667;8.753733104166667;50.0;;;;;;Interpoliert (15m);139.1;8.56
Routenpunkt (Way);T;Peterstaler Straße;49.423067975;8.75367955;50.0;;;;;;Original OSM;140.5;9.57
Routenpunkt (Way);T;;49.4231877125;8.753672524999999;50.0;;;;;;Interpoliert (15m);141.9;10.8
Routenpunkt (Way);T;Peterstaler Straße;49.42330745;8.7536655;50.0;;;;;;Interpoliert;143.2;9.21
Routenpunkt (Way);T;Peterstaler Straße;49.4234149;8.7536566;50.0;;;;;;Original OSM;144.5;8.42
Routenpunkt (Way);T;;49.4235081;8.753607362499999;50.0;;;;;;Interpoliert (15m);145.1;7.33
Routenpunkt (Way);T;Peterstaler Straße;49.4236013;8.753558125;50.0;;;;;;Original OSM;145.7;6.39
Routenpunkt (Way);T;;49.4236875375;8.753462625000001;50.0;;;;;;Interpoliert (15m);146.3;7.75
Routenpunkt (Way);T;Peterstaler Straße;49.423773775;8.753367125;50.0;;;;;;Interpoliert;146.9;8.27
Routenpunkt (Way);T;Peterstaler Straße;49.42386865;8.753248450000001;50.0;;;;;;Interpoliert;149.3;8.8
Routenpunkt (Way);T;Peterstaler Straße;49.423963525;8.753129775;50.0;;;;;;Interpoliert;150.4;7.78
Routenpunkt (Way);T;Peterstaler Straße;49.4240584;8.7530111;50.0;;;;;;Original OSM;151.5;6.76
Routenpunkt (Way);T;Peterstaler Straße;49.424164725;8.7528922;50.0;;;;;;Interpoliert;151.5;3.24
Routenpunkt (Way);T;Peterstaler Straße;49.42427105;8.752773300000001;50.0;;;;;;Interpoliert;151.5;2.58
Routenpunkt (Way);T;Peterstaler Straße;49.424377375000006;8.7526544;50.0;;;;;;Interpoliert;151.5;1.97
Routenpunkt (Way);T;Peterstaler Straße;49.4244837;8.7525355;50.0;;;;;;Original OSM;152.2;5.28
Routenpunkt (Way);T;Peterstaler Straße;49.42458631666667;8.7524263;50.0;;;;;;Interpoliert;152.9;8.6
Routenpunkt (Way);T;Peterstaler Straße;49.424688933333336;8.7523171;50.0;;;;;;Interpoliert;155.2;9.32
Routenpunkt (Way);T;Peterstaler Straße;49.42479155;8.7522079;50.0;;;;;;Interpoliert;157.5;9.33
Routenpunkt (Way);T;Peterstaler Straße;49.42489416666667;8.7520987;50.0;;;;;;Interpoliert;158.0;7.16
Routenpunkt (Way);T;;49.42497741388889;8.752035;50.0;;;;;;Interpoliert (15m);158.5;5.15
Routenpunkt (Way);T;Peterstaler Straße;49.42506066111111;8.751971300000001;50.0;;;;;;Interpoliert;157.9;4.03
Haltestelle;W;Ziegelhausen, Mühldamm;49.4251245;8.751933000000001;;17:32:00;17:32:00;Kein Umlauf;Mo,Di,Mi,Do,Fr;446.0;Original GTFS (Snap-Distanz 4m) | Auf Route gesnappt (4m);158.4;4.15
Routenpunkt (Way);T;Peterstaler Straße;49.42514385;8.75187745;50.0;;;;;;Original OSM;158.9;4.02
Routenpunkt (Way);T;;49.425224925;8.751768975000001;50.0;;;;;;Interpoliert (15m);159.4;5.9
Routenpunkt (Way);T;Peterstaler Straße;49.425306;8.7516605;50.0;;;;;;Original OSM;159.9;5.2
Routenpunkt (Way);T;Peterstaler Straße;49.42540955;8.75155165;50.0;;;;;;Original OSM;160.4;3.77
Routenpunkt (Way);T;Peterstaler Straße;49.42550726666667;8.751451999999999;50.0;;;;;;Interpoliert;160.8;3.69
Routenpunkt (Way);T;Peterstaler Straße;49.42558603333333;8.7513723;50.0;;;;;;Interpoliert;161.2;1.69
Routenpunkt (Way);T;Peterstaler Straße;49.4256648;8.7512926;50.0;;;;;;Original OSM;161.6;1.41
Routenpunkt (Way);T;Peterstaler Straße;49.42577152857143;8.751198885714285;50.0;;;;;;Interpoliert;160.8;1.23
Routenpunkt (Way);T;Peterstaler Straße;49.425878257142855;8.751105171428572;50.0;;;;;;Interpoliert;161.1;0.91
Routenpunkt (Way);T;Peterstaler Straße;49.42598498571429;8.751011457142857;50.0;;;;;;Interpoliert;161.4;0.59
Routenpunkt (Way);T;Peterstaler Straße;49.42609171428571;8.750917742857142;50.0;;;;;;Interpoliert;161.7;4.1
Routenpunkt (Way);T;Peterstaler Straße;49.42619844285714;8.750824028571428;50.0;;;;;;Interpoliert;162.0;6.0
Routenpunkt (Way);T;Peterstaler Straße;49.42630517142857;8.750730314285715;50.0;;;;;;Interpoliert;163.6;5.7
Routenpunkt (Way);T;Peterstaler Straße;49.4264119;8.7506366;50.0;;;;;;Original OSM;165.2;5.4
Routenpunkt (Way);T;Peterstaler Straße;49.426526175;8.75054355;50.0;;;;;;Interpoliert;165.3;5.1
Routenpunkt (Way);T;Peterstaler Straße;49.42664045;8.7504505;50.0;;;;;;Interpoliert;165.4;3.04
Routenpunkt (Way);T;Peterstaler Straße;49.426754725;8.750357450000001;50.0;;;;;;Interpoliert;165.5;1.03
Routenpunkt (Way);T;Peterstaler Straße;49.426869;8.7502644;50.0;;;;;;Original OSM;165.7;1.91
Routenpunkt (Way);T;Peterstaler Straße;49.42696613333334;8.7501984;50.0;;;;;;Interpoliert;165.9;2.79
Routenpunkt (Way);T;Peterstaler Straße;49.42706326666666;8.7501324;50.0;;;;;;Interpoliert;166.5;3.52
Routenpunkt (Way);T;Peterstaler Straße;49.4271604;8.7500664;50.0;;;;;;Original OSM;167.1;2.23
Routenpunkt (Way);T;Peterstaler Straße;49.42727435;8.74999235;50.0;;;;;;Interpoliert;167.7;0.93
Routenpunkt (Way);T;Peterstaler Straße;49.4273883;8.7499183;50.0;;;;;;Original OSM;167.0;-1.25
Routenpunkt (Way);T;Peterstaler Straße;49.4275119;8.7498461;50.0;;;;;;Original OSM;166.3;-3.43
Routenpunkt (Way);T;Peterstaler Straße;49.427615275;8.749797825;50.0;;;;;;Interpoliert;165.6;-5.47
Routenpunkt (Way);T;Peterstaler Straße;49.42771865;8.74974955;50.0;;;;;;Interpoliert;164.9;-3.61
Routenpunkt (Way);T;Peterstaler Straße;49.427822025;8.749701275;50.0;;;;;;Interpoliert;164.2;-0.99
Routenpunkt (Way);T;;49.427905137500005;8.749665875000002;50.0;;;;;;Interpoliert (15m);164.6;1.23
Routenpunkt (Way);T;Peterstaler Straße;49.427988250000006;8.749630475000002;50.0;;;;;;Original OSM;165.4;3.45
Routenpunkt (Way);T;;49.428054825;8.7496073625;50.0;;;;;;Interpoliert (15m);165.8;5.24
Routenpunkt (Way);T;Peterstaler Straße;49.4281214;8.74958425;50.0;;;;;;Interpoliert;166.2;5.04
Routenpunkt (Way);T;;49.42823524166667;8.749573824999999;50.0;;;;;;Interpoliert (15m);166.6;4.04
Routenpunkt (Way);T;Fürstendamm;49.42834908333333;8.7495634;;;;;;;Original OSM;167.0;3.66
Routenpunkt (Way);T;;49.42845522666666;8.749541879999999;;;;;;;Interpoliert (15m);167.4;4.71
Routenpunkt (Way);T;Fürstendamm;49.42856137;8.74952036;;;;;;;Original OSM;167.8;4.87
Haltestelle;W;Ziegelhausen, Fürstendamm;49.42854025;8.749479000000001;50.0;17:33:00;17:33:00;Kein Umlauf;Mo,Di,Mi,Do,Fr;446.0;Original GTFS (Snap-Distanz 4m) | Auf Route gesnappt (4m);168.2;5.02
Routenpunkt (Way);T;;49.428630675;8.7494595;50.0;;;;;;Interpoliert (15m);168.6;5.25
Routenpunkt (Way);T;Peterstaler Straße;49.4287211;8.74944;50.0;;;;;;Interpoliert;169.0;5.46
Routenpunkt (Way);T;Peterstaler Straße;49.4288204;8.7494194;50.0;;;;;;Original OSM;169.5;3.52
Routenpunkt (Way);T;Peterstaler Straße;49.4289198;8.7493893;50.0;;;;;;Interpoliert;170.0;2.89
Routenpunkt (Way);T;;49.4290287;8.749347358333335;50.0;;;;;;Interpoliert (15m);170.1;2.26
Routenpunkt (Way);T;Peterstaler Straße;49.42913759999999;8.749305416666667;50.0;;;;;;Original OSM;170.2;1.51
Routenpunkt (Way);T;;49.42924965;8.749251808333334;50.0;;;;;;Interpoliert (15m);170.3;0.77
Routenpunkt (Way);T;Peterstaler Straße;49.4293617;8.7491982;50.0;;;;;;Interpoliert;170.4;1.79
Routenpunkt (Way);T;Peterstaler Straße;49.4294782;8.7491404;50.0;;;;;;Interpoliert;170.5;2.97
Routenpunkt (Way);T;Peterstaler Straße;49.4295947;8.7490826;50.0;;;;;;Original OSM;171.3;4.16
Routenpunkt (Way);T;Peterstaler Straße;49.42969803333334;8.7490396;50.0;;;;;;Interpoliert;172.1;4.51
Routenpunkt (Way);T;Peterstaler Straße;49.429801366666666;8.7489966;50.0;;;;;;Interpoliert;172.9;4.8
Routenpunkt (Way);T;Peterstaler Straße;49.4299047;8.7489536;50.0;;;;;;Original OSM;173.2;4.65
Routenpunkt (Way);T;Peterstaler Straße;49.43002536666667;8.748911033333334;50.0;;;;;;Interpoliert;173.5;4.82
Routenpunkt (Way);T;Peterstaler Straße;49.43014603333333;8.748868466666666;50.0;;;;;;Interpoliert;174.2;5.0
Routenpunkt (Way);T;;49.43022644166666;8.748837808333334;50.0;;;;;;Interpoliert (15m);174.9;6.27
Routenpunkt (Way);T;Peterstaler Straße;49.43030685;8.748807150000001;50.0;;;;;;Original OSM;175.6;11.66
Routenpunkt (Way);T;;49.43037377499999;8.748770775;50.0;;;;;;Interpoliert (15m);176.3;11.38
Routenpunkt (Way);T;Peterstaler Straße;49.4304407;8.7487344;50.0;;;;;;Original OSM;178.6;10.59
Routenpunkt (Way);T;Peterstaler Straße;49.4305515;8.748659;50.0;;;;;;Original OSM;179.1;9.75
Routenpunkt (Way);T;Peterstaler Straße;49.4306624;8.748572;50.0;;;;;;Original OSM;179.6;8.66
Routenpunkt (Way);T;Peterstaler Straße;49.430773650000006;8.7484653;50.0;;;;;;Interpoliert;180.1;3.52
Routenpunkt (Way);T;Peterstaler Straße;49.4308849;8.7483586;50.0;;;;;;Interpoliert;180.6;3.47
Routenpunkt (Way);T;Peterstaler Straße;49.43099615;8.7482519;50.0;;;;;;Interpoliert;181.1;3.43
Routenpunkt (Way);T;Peterstaler Straße;49.4311074;8.7481452;50.0;;;;;;Interpoliert;181.6;3.43
Routenpunkt (Way);T;Peterstaler Straße;49.431218650000005;8.7480385;50.0;;;;;;Interpoliert;182.1;4.02
Routenpunkt (Way);T;Peterstaler Straße;49.4313299;8.7479318;50.0;;;;;;Interpoliert;182.6;1.55
Routenpunkt (Way);T;;49.4313934875;8.747885775;50.0;;;;;;Interpoliert (15m);183.1;1.5
Routenpunkt (Way);T;Peterstaler Straße;49.431457075;8.74783975;50.0;;;;;;Interpoliert;182.4;4.42
Routenpunkt (Way);T;Kreuzgrundweg;49.43155255;8.74774905;;;;;;;Interpoliert;182.8;4.54
Haltestelle;W;Ziegelhausen, Kreuzgrundweg;49.4315524;8.7477184;50.0;17:34:00;17:34:00;Kein Umlauf;Mo,Di,Mi,Do,Fr;446.0;Original GTFS (Snap-Distanz 2m) | Auf Route gesnappt (2m);183.2;4.01
Routenpunkt (Way);T;Peterstaler Straße;49.43163393333333;8.747662133333334;50.0;;;;;;Original OSM;183.6;6.54
Routenpunkt (Way);T;;49.43171647222222;8.747584663888889;50.0;;;;;;Interpoliert (15m);184.0;6.65
Routenpunkt (Way);T;;49.43179901111111;8.747507194444445;50.0;;;;;;Interpoliert (15m);184.4;3.63
Routenpunkt (Way);T;Peterstaler Straße;49.43188155;8.747429725;50.0;;;;;;Original OSM;184.8;4.3
Routenpunkt (Way);T;;49.43199841354166;8.747376898958333;50.0;;;;;;Interpoliert (15m);185.2;5.03
Routenpunkt (Way);T;;49.43211527708333;8.747324072916667;50.0;;;;;;Interpoliert (15m);186.2;5.17
Routenpunkt (Way);T;;49.43223214062501;8.747271246875002;50.0;;;;;;Interpoliert (15m);187.2;5.41
Routenpunkt (Way);T;Peterstaler Straße;49.43234900416667;8.747218420833335;50.0;;;;;;Original OSM;187.8;5.81
Routenpunkt (Way);T;;49.43245860277778;8.747212547222222;50.0;;;;;;Interpoliert (15m);188.4;5.31
Routenpunkt (Way);T;;49.43256820138889;8.747206673611112;50.0;;;;;;Interpoliert (15m);189.0;4.73
Routenpunkt (Way);T;Peterstaler Straße;49.4326778;8.7472008;50.0;;;;;;Original OSM;189.6;4.97
Routenpunkt (Way);T;Peterstaler Straße;49.4327982;8.7472143;50.0;;;;;;Original OSM;190.2;6.79
Routenpunkt (Way);T;;49.43289333333333;8.747235583333332;50.0;;;;;;Interpoliert (15m);190.8;8.16
Routenpunkt (Way);T;Peterstaler Straße;49.43298846666666;8.747256866666666;50.0;;;;;;Original OSM;192.3;8.59
Routenpunkt (Way);T;;49.43309593875;8.747318387499998;50.0;;;;;;Interpoliert (15m);193.8;9.1
Routenpunkt (Way);T;;49.43320341083333;8.747379908333333;50.0;;;;;;Interpoliert (15m);194.7;9.39
Routenpunkt (Way);T;;49.433310882916665;8.747441429166667;50.0;;;;;;Interpoliert (15m);195.6;8.0
Routenpunkt (Way);T;Peterstaler Straße;49.433418355;8.74750295;50.0;;;;;;Original OSM;196.5;7.07
Routenpunkt (Way);T;;49.433506266;8.747615128;50.0;;;;;;Interpoliert (15m);197.4;5.97
Routenpunkt (Way);T;;49.433594177;8.747727306;50.0;;;;;;Interpoliert (15m);198.3;4.88
Routenpunkt (Way);T;;49.433682088;8.747839484;50.0;;;;;;Interpoliert (15m);198.5;7.87
Routenpunkt (Way);T;;49.433769999;8.747951662;50.0;;;;;;Interpoliert (15m);198.7;9.19
Routenpunkt (Way);T;Peterstaler Straße;49.43385791;8.74806384;50.0;;;;;;Original OSM;201.5;10.5
Routenpunkt (Way);T;;49.433943253928575;8.748204405;50.0;;;;;;Interpoliert (15m);203.4;12.92
Routenpunkt (Way);T;;49.43402859785714;8.74834497;50.0;;;;;;Interpoliert (15m);205.3;15.34
Routenpunkt (Way);T;;49.43411394178571;8.748485535;50.0;;;;;;Interpoliert (15m);207.2;13.99
Routenpunkt (Way);T;Peterstaler Straße;49.434199285714286;8.7486261;50.0;;;;;;Original OSM;209.1;12.07
Routenpunkt (Way);T;;49.43428215714286;8.748741066666666;50.0;;;;;;Interpoliert (15m);211.0;10.14
Routenpunkt (Way);T;;49.43436502857143;8.748856033333333;50.0;;;;;;Interpoliert (15m);211.5;9.15
Routenpunkt (Way);T;Peterstaler Straße;49.4344479;8.748971;50.0;;;;;;Original OSM;212.0;8.73
Routenpunkt (Way);T;Peterstaler Straße;49.4345495;8.7490795;50.0;;;;;;Original OSM;213.2;4.96
Routenpunkt (Way);T;Peterstaler Straße;49.4346289;8.7491551;50.0;;;;;;Original OSM;214.4;4.16
Routenpunkt (Way);T;Peterstaler Straße;49.4347176;8.7492325;50.0;;;;;;Original OSM;214.0;2.74
Haltestelle;W;Ziegelhausen, Peterstaler Str.;49.4347176;8.7492325;50.0;17:35:00;17:35:00;Kein Umlauf;Mo,Di,Mi,Do,Fr;446.0;Original GTFS (Snap-Distanz 6m) | Auf Route gesnappt (6m);213.6;0.38
Routenpunkt (Way);T;Peterstaler Straße;49.4348249;8.7493075;50.0;;;;;;Interpoliert;213.2;-2.71
Routenpunkt (Way);T;Peterstaler Straße;49.4349322;8.7493825;50.0;;;;;;Original OSM;212.8;-2.78
Routenpunkt (Way);T;Peterstaler Straße;49.4350147;8.749445733333333;50.0;;;;;;Interpoliert;212.4;-0.83
Routenpunkt (Way);T;Peterstaler Straße;49.4350972;8.749508966666665;50.0;;;;;;Interpoliert;212.0;0.11
Routenpunkt (Way);T;Peterstaler Straße;49.4351797;8.7495722;50.0;;;;;;Original OSM;213.0;1.05
Routenpunkt (Way);T;Wilhelmsfelder Straße;49.43526896;8.74966976;50.0;;;;;;Interpoliert;213.2;2.16
Routenpunkt (Way);T;Wilhelmsfelder Straße;49.43535822;8.74976732;50.0;;;;;;Interpoliert;213.4;3.43
Routenpunkt (Way);T;Wilhelmsfelder Straße;49.43544748;8.749864879999999;50.0;;;;;;Interpoliert;213.6;1.97
Routenpunkt (Way);T;Wilhelmsfelder Straße;49.43553674;8.74996244;50.0;;;;;;Interpoliert;213.9;2.11
Routenpunkt (Way);T;Wilhelmsfelder Straße;49.435626;8.75006;50.0;;;;;;Original OSM;214.2;2.26
Routenpunkt (Way);T;Wilhelmsfelder Straße;49.43571308;8.75017422;50.0;;;;;;Interpoliert;214.5;1.3
Routenpunkt (Way);T;Wilhelmsfelder Straße;49.43580016;8.75028844;50.0;;;;;;Interpoliert;214.8;0.18
Routenpunkt (Way);T;Wilhelmsfelder Straße;49.43588724;8.750402659999999;50.0;;;;;;Interpoliert;214.4;-0.94
Routenpunkt (Way);T;Wilhelmsfelder Straße;49.43597432;8.75051688;50.0;;;;;;Interpoliert;214.0;-0.79
Routenpunkt (Way);T;Wilhelmsfelder Straße;49.4360614;8.7506311;50.0;;;;;;Original OSM;213.6;-0.64
Routenpunkt (Way);T;Wilhelmsfelder Straße;49.436149033333336;8.750746066666666;50.0;;;;;;Interpoliert;214.0;2.49
Routenpunkt (Way);T;Wilhelmsfelder Straße;49.436236666666666;8.750861033333333;50.0;;;;;;Interpoliert;214.4;3.9
Routenpunkt (Way);T;Wilhelmsfelder Straße;49.4363243;8.750976;50.0;;;;;;Interpoliert;216.0;5.31
Routenpunkt (Way);T;Wilhelmsfelder Straße;49.43641193333333;8.751090966666666;50.0;;;;;;Interpoliert;216.5;4.53
Routenpunkt (Way);T;Wilhelmsfelder Straße;49.43649956666667;8.751205933333333;50.0;;;;;;Interpoliert;217.0;3.75
Routenpunkt (Way);T;Wilhelmsfelder Straße;49.4365872;8.7513209;50.0;;;;;;Original OSM;216.9;2.18
Routenpunkt (Way);T;Wilhelmsfelder Straße;49.43667435;8.75143835;50.0;;;;;;Interpoliert;216.8;2.59
Routenpunkt (Way);T;Wilhelmsfelder Straße;49.4367615;8.7515558;50.0;;;;;;Original OSM;217.4;3.0
Routenpunkt (Way);T;Wilhelmsfelder Straße;49.43683475;8.7516377;50.0;;;;;;Interpoliert;218.0;4.1
Routenpunkt (Way);T;Wilhelmsfelder Straße;49.436908;8.7517196;50.0;;;;;;Original OSM;218.6;6.69
Routenpunkt (Way);T;Wilhelmsfelder Straße;49.4370095;8.7518023;50.0;;;;;;Interpoliert;219.2;5.95
Routenpunkt (Way);T;;49.43709953611111;8.751853580555554;50.0;;;;;;Interpoliert (15m);220.5;4.94
Routenpunkt (Way);T;;49.43718957222222;8.751904861111111;50.0;;;;;;Interpoliert (15m);220.6;3.89
Routenpunkt (Way);T;Wilhelmsfelder Straße;49.43727960833333;8.751956141666666;50.0;;;;;;Original OSM;220.7;3.96
Routenpunkt (Way);T;;49.43740360416667;8.751980970833333;50.0;;;;;;Interpoliert (15m);220.8;2.81
Routenpunkt (Way);T;Wilhelmsfelder Straße;49.4375276;8.7520058;50.0;;;;;;Original OSM;221.5;4.36
Routenpunkt (Way);T;Wilhelmsfelder Straße;49.4376255;8.7520115;50.0;;;;;;Original OSM;222.2;5.91
Routenpunkt (Way);T;;49.43769795;8.752015400000001;50.0;;;;;;Interpoliert (15m);222.9;5.77
Routenpunkt (Way);T;Wilhelmsfelder Straße;49.4377704;8.7520193;50.0;;;;;;Original OSM;223.6;5.74
Haltestelle;W;Ziegelhausen, Grüner Baum;49.4377704;8.7520193;50.0;17:36:00;17:36:00;Kein Umlauf;Mo,Di,Mi,Do,Fr;446.0;Original GTFS (Snap-Distanz 1m) | Auf Route gesnappt (1m);224.3;4.45
Routenpunkt (Way);T;Wilhelmsfelder Straße;49.43789875;8.75203475;50.0;;;;;;Original OSM;225.0;5.38
Routenpunkt (Way);T;;49.43796579166667;8.752046525;50.0;;;;;;Interpoliert (15m);225.0;5.54
Routenpunkt (Way);T;Wilhelmsfelder Straße;49.43803283333334;8.7520583;50.0;;;;;;Interpoliert;226.0;7.43
Routenpunkt (Way);T;Wilhelmsfelder Straße;49.43812706666667;8.7520757;50.0;;;;;;Interpoliert;227.0;8.12
Routenpunkt (Way);T;Wilhelmsfelder Straße;49.4382213;8.7520931;50.0;;;;;;Original OSM;228.0;9.78
Routenpunkt (Way);T;Wilhelmsfelder Straße;49.43832772;8.752122439999999;50.0;;;;;;Interpoliert;229.0;8.78
Routenpunkt (Way);T;Wilhelmsfelder Straße;49.438434140000005;8.75215178;50.0;;;;;;Interpoliert;230.0;8.55
Routenpunkt (Way);T;Wilhelmsfelder Straße;49.43854056;8.75218112;50.0;;;;;;Interpoliert;231.0;8.48
Routenpunkt (Way);T;Wilhelmsfelder Straße;49.43864698;8.75221046;50.0;;;;;;Interpoliert;232.0;8.56
Routenpunkt (Way);T;Wilhelmsfelder Straße;49.4387534;8.7522398;50.0;;;;;;Original OSM;233.1;8.63
Routenpunkt (Way);T;Wilhelmsfelder Straße;49.438866100000006;8.7522657;50.0;;;;;;Interpoliert;234.2;7.12
Routenpunkt (Way);T;Wilhelmsfelder Straße;49.4389788;8.7522916;50.0;;;;;;Interpoliert;235.3;5.68
Routenpunkt (Way);T;Wilhelmsfelder Straße;49.4390915;8.7523175;50.0;;;;;;Original OSM;235.4;4.08
Routenpunkt (Way);T;;49.43917185;8.75232895;50.0;;;;;;Interpoliert (15m);235.5;2.51
Routenpunkt (Way);T;Wilhelmsfelder Straße;49.4392522;8.752340400000001;50.0;;;;;;Original OSM;235.6;0.94
Routenpunkt (Way);T;;49.43935797222222;8.752327405555556;50.0;;;;;;Interpoliert (15m);235.7;0.95
Routenpunkt (Way);T;;49.439463744444446;8.752314411111112;50.0;;;;;;Interpoliert (15m);235.8;1.35
Routenpunkt (Way);T;Wilhelmsfelder Straße;49.439569516666666;8.752301416666667;50.0;;;;;;Original OSM;235.9;1.58
Routenpunkt (Way);T;;49.43968268333333;8.752254983333334;50.0;;;;;;Interpoliert (15m);236.3;1.93
Routenpunkt (Way);T;Wilhelmsfelder Straße;49.43979585;8.75220855;50.0;;;;;;Interpoliert;236.6;2.3
Routenpunkt (Way);T;Wilhelmsfelder Straße;49.4398934;8.7521517;50.0;;;;;;Original OSM;236.9;2.66
Routenpunkt (Way);T;Wilhelmsfelder Straße;49.43998783333333;8.752096866666667;50.0;;;;;;Interpoliert;237.2;2.58
Routenpunkt (Way);T;Wilhelmsfelder Straße;49.44008226666667;8.752042033333334;50.0;;;;;;Interpoliert;237.5;2.65
Routenpunkt (Way);T;Wilhelmsfelder Straße;49.4401767;8.7519872;50.0;;;;;;Original OSM;237.8;2.62
Routenpunkt (Way);T;Wilhelmsfelder Straße;49.4402744;8.7519382;50.0;;;;;;Original OSM;238.1;5.35
Routenpunkt (Way);T;Wilhelmsfelder Straße;49.4403799;8.7518956;50.0;;;;;;Original OSM;238.4;8.08
Routenpunkt (Way);T;;49.440455975000006;8.751876175;50.0;;;;;;Interpoliert (15m);239.8;9.16
Routenpunkt (Way);T;Wilhelmsfelder Straße;49.44053205;8.75185675;50.0;;;;;;Original OSM;241.2;10.25
Routenpunkt (Way);T;;49.44065445;8.751846050000001;50.0;;;;;;Interpoliert (15m);242.3;11.72
Routenpunkt (Way);T;Wilhelmsfelder Straße;49.44077685;8.75183535;50.0;;;;;;Original OSM;243.4;10.41
Routenpunkt (Way);T;;49.440877775;8.751840225;50.0;;;;;;Interpoliert (15m);244.5;8.7
Routenpunkt (Way);T;Wilhelmsfelder Straße;49.4409787;8.7518451;50.0;;;;;;Original OSM;245.6;9.26
Routenpunkt (Way);T;Wilhelmsfelder Straße;49.4411046;8.7518736;50.0;;;;;;Original OSM;246.7;9.96
Routenpunkt (Way);T;Wilhelmsfelder Straße;49.4412333;8.7519207;50.0;;;;;;Original OSM;248.3;10.31
Routenpunkt (Way);T;Wilhelmsfelder Straße;49.44135153333333;8.7519808;50.0;;;;;;Interpoliert;249.9;9.07
Routenpunkt (Way);T;Wilhelmsfelder Straße;49.44146976666667;8.752040899999999;50.0;;;;;;Interpoliert;251.5;8.25
Routenpunkt (Way);T;Wilhelmsfelder Straße;49.441588;8.752101;50.0;;;;;;Original OSM;252.0;6.8
Routenpunkt (Way);T;Wilhelmsfelder Straße;49.44170571428572;8.752157071428572;50.0;;;;;;Interpoliert;252.5;5.22
Routenpunkt (Way);T;Wilhelmsfelder Straße;49.44182342857143;8.752213142857142;50.0;;;;;;Interpoliert;253.0;4.66
Routenpunkt (Way);T;Wilhelmsfelder Straße;49.44194114285715;8.752269214285715;50.0;;;;;;Interpoliert;253.5;5.69
Routenpunkt (Way);T;Wilhelmsfelder Straße;49.44205885714285;8.752325285714285;50.0;;;;;;Interpoliert;254.7;6.71
Routenpunkt (Way);T;Wilhelmsfelder Straße;49.44217657142857;8.752381357142857;50.0;;;;;;Interpoliert;255.9;7.01
Routenpunkt (Way);T;Wilhelmsfelder Straße;49.44229428571428;8.752437428571428;50.0;;;;;;Interpoliert;257.1;7.39
Routenpunkt (Way);T;Wilhelmsfelder Straße;49.442412;8.7524935;50.0;;;;;;Original OSM;257.8;6.74
Routenpunkt (Way);T;Wilhelmsfelder Straße;49.44252046666666;8.752544733333334;50.0;;;;;;Interpoliert;258.5;6.73
Routenpunkt (Way);T;Wilhelmsfelder Straße;49.44262893333333;8.752595966666666;50.0;;;;;;Interpoliert;259.2;6.71
Routenpunkt (Way);T;;49.44269791666666;8.752630658333334;50.0;;;;;;Interpoliert (15m);259.9;6.69
Routenpunkt (Way);T;Wilhelmsfelder Straße;49.4427669;8.752665350000001;50.0;;;;;;Original OSM;260.6;9.39
Routenpunkt (Way);T;Wilhelmsfelder Straße;49.442884;8.7527375;50.0;;;;;;Interpoliert;261.3;10.63
Routenpunkt (Way);T;Wilhelmsfelder Straße;49.4429716;8.752791499999999;50.0;;;;;;Interpoliert;263.3;11.25
Routenpunkt (Way);T;;49.44306263125;8.75285285;50.0;;;;;;Interpoliert (15m);264.6;10.46
Routenpunkt (Way);T;Wilhelmsfelder Straße;49.4431536625;8.7529142;50.0;;;;;;Original OSM;265.9;10.41
Routenpunkt (Way);T;;49.44325565625;8.752993275;50.0;;;;;;Interpoliert (15m);266.5;7.52
Routenpunkt (Way);T;Wilhelmsfelder Straße;49.44335765;8.75307235;50.0;;;;;;Interpoliert;267.1;5.99
Routenpunkt (Way);T;Wilhelmsfelder Straße;49.4434611;8.753157;50.0;;;;;;Original OSM;267.7;4.46
Routenpunkt (Way);T;Wilhelmsfelder Straße;49.44357376;8.7532589;50.0;;;;;;Interpoliert;268.3;5.44
Routenpunkt (Way);T;Wilhelmsfelder Straße;49.44368642;8.7533608;50.0;;;;;;Interpoliert;268.9;6.43
Routenpunkt (Way);T;Wilhelmsfelder Straße;49.443799080000005;8.7534627;50.0;;;;;;Interpoliert;270.3;5.68
Routenpunkt (Way);T;Wilhelmsfelder Straße;49.44391174;8.753564599999999;50.0;;;;;;Interpoliert;271.7;5.03
Routenpunkt (Way);T;;49.44400031;8.75364011;50.0;;;;;;Interpoliert (15m);271.8;4.37
Routenpunkt (Way);T;Wilhelmsfelder Straße;49.44408888;8.75371562;50.0;;;;;;Original OSM;271.9;3.71
Routenpunkt (Way);T;;49.44419144;8.75379046;50.0;;;;;;Interpoliert (15m);272.0;2.91
Routenpunkt (Way);T;Wilhelmsfelder Straße;49.444294;8.7538653;50.0;;;;;;Original OSM;272.8;3.87
Routenpunkt (Way);T;;49.44440908333333;8.753947683333333;50.0;;;;;;Interpoliert (15m);273.6;11.53
Routenpunkt (Way);T;Wilhelmsfelder Straße;49.44452416666667;8.754030066666667;50.0;;;;;;Original OSM;274.4;13.86
Haltestelle;W;Ziegelhausen, Löwen;49.4445554;8.7540524;50.0;17:38:00;17:38:00;Kein Umlauf;Mo,Di,Mi,Do,Fr;446.0;Original GTFS (Snap-Distanz 3m) | Auf Route gesnappt (3m);275.9;13.76
Routenpunkt (Way);T;;49.44466180740741;8.754081329629631;50.0;;;;;;Interpoliert (15m);277.4;13.79
Routenpunkt (Way);T;;49.444768214814815;8.75411025925926;50.0;;;;;;Interpoliert (15m);278.1;13.65
Routenpunkt (Way);T;Wilhelmsfelder Straße;49.44487462222222;8.75413918888889;50.0;;;;;;Original OSM;278.8;6.81
Routenpunkt (Way);T;;49.44500074639376;8.754113796101366;50.0;;;;;;Interpoliert (15m);279.5;5.3
Routenpunkt (Way);T;;49.4451268705653;8.75408840331384;50.0;;;;;;Interpoliert (15m);280.2;6.27
Routenpunkt (Way);T;Wilhelmsfelder Straße;49.44525299473684;8.754063010526316;50.0;;;;;;Interpoliert;280.9;7.24
Routenpunkt (Way);T;Wilhelmsfelder Straße;49.44538398947368;8.754014521052632;50.0;;;;;;Interpoliert;282.5;8.39
Routenpunkt (Way);T;Wilhelmsfelder Straße;49.445514984210526;8.753966031578948;50.0;;;;;;Interpoliert;284.1;8.6
Routenpunkt (Way);T;Wilhelmsfelder Straße;49.44564597894737;8.753917542105263;50.0;;;;;;Interpoliert;285.7;8.81
Routenpunkt (Way);T;Wilhelmsfelder Straße;49.44577697368421;8.753869052631579;50.0;;;;;;Interpoliert;286.6;7.88
Routenpunkt (Way);T;Wilhelmsfelder Straße;49.445907968421054;8.753820563157895;50.0;;;;;;Interpoliert;287.5;7.61
Routenpunkt (Way);T;Wilhelmsfelder Straße;49.446038963157896;8.75377207368421;50.0;;;;;;Interpoliert;288.4;7.34
Routenpunkt (Way);T;Wilhelmsfelder Straße;49.44616995789474;8.753723584210526;50.0;;;;;;Interpoliert;289.8;8.01
Routenpunkt (Way);T;Wilhelmsfelder Straße;49.44630095263158;8.753675094736842;50.0;;;;;;Interpoliert;291.2;8.68
Routenpunkt (Way);T;Wilhelmsfelder Straße;49.44643194736842;8.75362660526316;50.0;;;;;;Interpoliert;292.6;8.14
Routenpunkt (Way);T;Wilhelmsfelder Straße;49.44656294210526;8.753578115789475;50.0;;;;;;Interpoliert;294.0;6.94
Routenpunkt (Way);T;Wilhelmsfelder Straße;49.4466939368421;8.75352962631579;50.0;;;;;;Interpoliert;294.5;5.74
Routenpunkt (Way);T;Wilhelmsfelder Straße;49.44682493157895;8.753481136842106;50.0;;;;;;Interpoliert;295.0;5.47
Routenpunkt (Way);T;Wilhelmsfelder Straße;49.44695592631579;8.753432647368422;50.0;;;;;;Interpoliert;295.5;5.21
Routenpunkt (Way);T;Wilhelmsfelder Straße;49.44708692105263;8.753384157894738;50.0;;;;;;Interpoliert;296.7;6.14
Routenpunkt (Way);T;Wilhelmsfelder Straße;49.44721791578947;8.753335668421053;50.0;;;;;;Interpoliert;297.9;6.41
Routenpunkt (Way);T;Wilhelmsfelder Straße;49.44734891052632;8.75328717894737;50.0;;;;;;Interpoliert;299.1;6.67
Routenpunkt (Way);T;Wilhelmsfelder Straße;49.44747990526316;8.753238689473685;50.0;;;;;;Interpoliert;299.8;6.23
Routenpunkt (Way);T;Wilhelmsfelder Straße;49.4476109;8.7531902;50.0;;;;;;Original OSM;300.5;5.95
Routenpunkt (Way);T;Wilhelmsfelder Straße;49.44771965;8.75317865;50.0;;;;;;Interpoliert;301.2;6.05
Routenpunkt (Way);T;;49.4478146;8.753180775;50.0;;;;;;Interpoliert (15m);301.9;7.99
Routenpunkt (Way);T;Wilhelmsfelder Straße;49.44790955;8.7531829;50.0;;;;;;Original OSM;302.8;9.93
Routenpunkt (Way);T;;49.447995525;8.7532091;50.0;;;;;;Interpoliert (15m);304.2;9.85
Routenpunkt (Way);T;Wilhelmsfelder Straße;49.4480815;8.7532353;50.0;;;;;;Interpoliert;305.6;9.59
Routenpunkt (Way);T;Wilhelmsfelder Straße;49.4481943;8.753282566666666;50.0;;;;;;Original OSM;306.3;8.94
Routenpunkt (Way);T;;49.44830752857143;8.753337483333333;50.0;;;;;;Interpoliert (15m);307.0;6.07
Routenpunkt (Way);T;Wilhelmsfelder Straße;49.448420757142856;8.7533924;50.0;;;;;;Interpoliert;307.7;4.23
Haltestelle;W;Ziegelhausen, Schweizertalstr.;49.448420757142856;8.7533924;50.0;17:39:00;17:39:00;Kein Umlauf;Mo,Di,Mi,Do,Fr;446.0;Original GTFS (Snap-Distanz 6m) | Auf Route gesnappt (6m);308.4;4.18
Routenpunkt (Way);T;Wilhelmsfelder Straße;49.448537214285714;8.7534489;50.0;;;;;;Interpoliert;309.1;4.74
Routenpunkt (Way);T;Wilhelmsfelder Straße;49.44865367142857;8.7535054;50.0;;;;;;Interpoliert;309.8;5.01
Routenpunkt (Way);T;Wilhelmsfelder Straße;49.44877012857143;8.7535619;50.0;;;;;;Interpoliert;310.9;5.6
Routenpunkt (Way);T;Wilhelmsfelder Straße;49.44888658571429;8.753618399999999;50.0;;;;;;Interpoliert;311.8;5.16
Routenpunkt (Way);T;Wilhelmsfelder Straße;49.44900304285714;8.7536749;50.0;;;;;;Interpoliert;312.2;4.81
Routenpunkt (Way);T;Wilhelmsfelder Straße;49.4491195;8.7537314;50.0;;;;;;Original OSM;312.6;3.81
Routenpunkt (Way);T;Wilhelmsfelder Straße;49.44922055;8.75377535;50.0;;;;;;Interpoliert;313.0;3.11
Routenpunkt (Way);T;;49.44933079374999;8.7538299875;50.0;;;;;;Interpoliert (15m);313.4;3.18
Routenpunkt (Way);T;Wilhelmsfelder Straße;49.4494410375;8.753884625;50.0;;;;;;Original OSM;313.8;3.93
Routenpunkt (Way);T;;49.449537991666666;8.75395655;50.0;;;;;;Interpoliert (15m);314.2;6.92
Routenpunkt (Way);T;;49.44963494583333;8.754028475;50.0;;;;;;Interpoliert (15m);315.0;9.9
Routenpunkt (Way);T;Wilhelmsfelder Straße;49.4497319;8.7541004;50.0;;;;;;Original OSM;317.2;19.45
Haltestelle;W;Ziegelhausen, Heidebuckelweg;49.449816;8.7541496;50.0;17:40:00;17:40:00;Kein Umlauf;Mo,Di,Mi,Do,Fr;446.0;Original GTFS (Snap-Distanz 3m) | Auf Route gesnappt (3m);319.0;21.54
Routenpunkt (Way);T;Wilhelmsfelder Straße;49.4498428;8.75412315;50.0;;;;;;Original OSM;320.8;25.0
Routenpunkt (Way);T;Heidebuckelweg;49.449955433333336;8.754172733333334;;;;;;;Original OSM;322.6;26.11
Routenpunkt (Way);T;;49.45001751666667;8.754213733333334;;;;;;;Interpoliert (15m);324.4;25.33
Routenpunkt (Way);T;Wilhelmsfelder Straße;49.4500796;8.754254733333333;50.0;;;;;;Original OSM;326.2;17.19
Routenpunkt (Way);T;;49.45019291176471;8.754285292647058;50.0;;;;;;Interpoliert (15m);328.0;16.46
Routenpunkt (Way);T;;49.45030622352941;8.754315851960785;50.0;;;;;;Interpoliert (15m);329.3;13.08
Routenpunkt (Way);T;;49.45041953529412;8.754346411274511;50.0;;;;;;Interpoliert (15m);330.6;12.79
Routenpunkt (Way);T;Wilhelmsfelder Straße;49.45053284705882;8.754376970588236;50.0;;;;;;Original OSM;331.5;14.48
Routenpunkt (Way);T;;49.45062069803922;8.754260791503269;50.0;;;;;;Interpoliert (15m);334.4;16.95
Routenpunkt (Way);T;;49.45070854901961;8.754144612418301;50.0;;;;;;Interpoliert (15m);337.3;20.62
Routenpunkt (Way);T;Unbekannt;49.4507964;8.754028433333334;50.0;;;;;;Interpoliert;340.2;21.7
Routenpunkt (Way);T;Unbekannt;49.4508268;8.753895866666666;50.0;;;;;;Interpoliert;343.1;19.68
Routenpunkt (Way);T;;49.450855725;8.753769758333334;50.0;;;;;;Interpoliert (15m);344.3;17.18
Routenpunkt (Way);T;Unbekannt;49.45088465;8.75364365;50.0;;;;;;Original OSM;345.5;15.53
Routenpunkt (Way);T;;49.450927025;8.753491675;50.0;;;;;;Interpoliert (15m);346.7;12.5
Routenpunkt (Way);T;Unbekannt;49.4509694;8.7533397;50.0;;;;;;Original OSM;348.4;12.74
Routenpunkt (Way);T;Unbekannt;49.4510311;8.7531926;50.0;;;;;;Original OSM;350.1;6.11
Routenpunkt (Way);T;Unbekannt;49.4511022;8.7530586;50.0;;;;;;Original OSM;351.8;-0.04
Routenpunkt (Way);T;;49.451154925;8.752979275;50.0;;;;;;Interpoliert (15m);350.1;-2.89
Routenpunkt (Way);T;Unbekannt;49.45120765;8.75289995;50.0;;;;;;Original OSM;348.4;-5.57
Routenpunkt (Way);T;;49.451270925;8.752825125000001;50.0;;;;;;Interpoliert (15m);348.4;-5.96
Routenpunkt (Way);T;Unbekannt;49.4513342;8.7527503;50.0;;;;;;Original OSM;348.4;0.52
Routenpunkt (Way);T;Unbekannt;49.45144755;8.75264915;50.0;;;;;;Interpoliert;350.1;7.13
Routenpunkt (Way);T;Unbekannt;49.4515609;8.752548;50.0;;;;;;Original OSM;351.8;9.59
Routenpunkt (Way);T;Unbekannt;49.4516689625;8.7524539625;50.0;;;;;;Interpoliert;353.5;12.06
Routenpunkt (Way);T;Unbekannt;49.451777025;8.752359925;50.0;;;;;;Interpoliert;355.2;12.18
Routenpunkt (Way);T;Unbekannt;49.4518850875;8.7522658875;50.0;;;;;;Interpoliert;356.9;12.31
Routenpunkt (Way);T;Unbekannt;49.45199315;8.75217185;50.0;;;;;;Interpoliert;358.6;14.78
Routenpunkt (Way);T;Unbekannt;49.4521012125;8.752077812500001;50.0;;;;;;Interpoliert;360.3;14.78
Routenpunkt (Way);T;Unbekannt;49.452209275;8.751983775000001;50.0;;;;;;Interpoliert;363.7;14.78
Routenpunkt (Way);T;Unbekannt;49.452317337500006;8.7518897375;50.0;;;;;;Interpoliert;365.4;15.65
Routenpunkt (Way);T;Unbekannt;49.4524254;8.7517957;50.0;;;;;;Original OSM;367.1;16.53
Routenpunkt (Way);T;Unbekannt;49.452499;8.7517118;50.0;;;;;;Interpoliert;368.8;14.66
Routenpunkt (Way);T;Unbekannt;49.4525726;8.7516279;50.0;;;;;;Original OSM;370.5;14.5
Routenpunkt (Way);T;Unbekannt;49.4526423;8.7515176;50.0;;;;;;Original OSM;372.2;16.18
Routenpunkt (Way);T;Unbekannt;49.4527226;8.75135505;50.0;;;;;;Original OSM;373.9;16.98
Routenpunkt (Way);T;;49.452761625;8.7512586;50.0;;;;;;Interpoliert (15m);375.6;16.46
Routenpunkt (Way);T;Unbekannt;49.45280065;8.75116215;50.0;;;;;;Interpoliert;377.3;13.4
Routenpunkt (Way);T;;49.45290466888889;8.75111502;50.0;;;;;;Interpoliert (15m);379.0;11.43
Routenpunkt (Way);T;;49.453008687777775;8.75106789;50.0;;;;;;Interpoliert (15m);379.0;7.59
Routenpunkt (Way);T;Unbekannt;49.453112706666666;8.75102076;50.0;;;;;;Original OSM;379.2;3.75
Routenpunkt (Way);T;;49.45312537111111;8.751206206666666;50.0;;;;;;Interpoliert (15m);379.4;1.22
Routenpunkt (Way);T;;49.453138035555554;8.751391653333334;50.0;;;;;;Interpoliert (15m);379.6;1.51
Routenpunkt (Way);T;Unbekannt;49.4531507;8.7515771;50.0;;;;;;Original OSM;379.8;1.46
Routenpunkt (Way);T;Unbekannt;49.45306433333334;8.751718200000001;50.0;;;;;;Interpoliert;380.0;4.31
Routenpunkt (Way);T;Unbekannt;49.452977966666666;8.7518593;50.0;;;;;;Interpoliert;380.2;7.33
Routenpunkt (Way);T;Unbekannt;49.4528916;8.7520004;50.0;;;;;;Original OSM;382.4;6.28
Routenpunkt (Way);T;Unbekannt;49.45281345;8.752138500000001;50.0;;;;;;Interpoliert;384.6;5.24
Routenpunkt (Way);T;Unbekannt;49.4527353;8.7522766;50.0;;;;;;Interpoliert;384.1;3.9
Routenpunkt (Way);T;Unbekannt;49.45265715;8.7524147;50.0;;;;;;Interpoliert;383.6;-0.3
Routenpunkt (Way);T;Unbekannt;49.452579;8.7525528;50.0;;;;;;Interpoliert;382.9;-1.06
Routenpunkt (Way);T;Unbekannt;49.45250085;8.752690900000001;50.0;;;;;;Interpoliert;382.2;2.27
Routenpunkt (Way);T;Unbekannt;49.4524227;8.752829;50.0;;;;;;Original OSM;383.9;5.6
Routenpunkt (Way);T;Unbekannt;49.45234305;8.752964783333333;50.0;;;;;;Interpoliert;385.6;9.23
Routenpunkt (Way);T;Unbekannt;49.4522634;8.753100566666667;50.0;;;;;;Interpoliert;387.3;9.83
Routenpunkt (Way);T;Unbekannt;49.45218375;8.75323635;50.0;;;;;;Interpoliert;389.0;6.81
Routenpunkt (Way);T;Unbekannt;49.4521041;8.753372133333333;50.0;;;;;;Interpoliert;388.7;13.04
Routenpunkt (Way);T;Unbekannt;49.45202445;8.753507916666667;50.0;;;;;;Interpoliert;388.4;19.27
Routenpunkt (Way);T;;49.45197105;8.753619158333333;50.0;;;;;;Interpoliert (15m);392.8;24.34
Routenpunkt (Way);T;Unbekannt;49.451917650000006;8.7537304;50.0;;;;;;Original OSM;397.2;32.43
Routenpunkt (Way);T;;49.451885725;8.753882050000001;50.0;;;;;;Interpoliert (15m);401.6;36.43
Routenpunkt (Way);T;Unbekannt;49.4518538;8.7540337;50.0;;;;;;Original OSM;406.0;31.7
Routenpunkt (Way);T;Unbekannt;49.451842;8.7541885;50.0;;;;;;Original OSM;408.0;26.96
Routenpunkt (Way);T;;49.45184057499999;8.754324525;50.0;;;;;;Interpoliert (15m);410.0;22.57
Routenpunkt (Way);T;Unbekannt;49.45183914999999;8.75446055;50.0;;;;;;Original OSM;412.0;18.18
Routenpunkt (Way);T;;49.4518463;8.75463065;50.0;;;;;;Interpoliert (15m);414.0;18.59
Routenpunkt (Way);T;Unbekannt;49.45185345;8.754800750000001;50.0;;;;;;Original OSM;416.0;14.53
Routenpunkt (Way);T;;49.451873075;8.754936975;50.0;;;;;;Interpoliert (15m);418.0;10.46
Routenpunkt (Way);T;Unbekannt;49.4518927;8.7550732;50.0;;;;;;Original OSM;418.0;5.37
Routenpunkt (Way);T;;49.4519162;8.7551719;50.0;;;;;;Interpoliert (15m);418.0;0.74
Routenpunkt (Way);T;Unbekannt;49.4519397;8.7552706;50.0;;;;;;Original OSM;417.3;-4.29
Routenpunkt (Way);T;Unbekannt;49.451981;8.755395;50.0;;;;;;Original OSM;416.6;-5.35
Routenpunkt (Way);T;Unbekannt;49.4520371;8.7555557;50.0;;;;;;Interpoliert;415.9;-6.37
Routenpunkt (Way);T;Unbekannt;49.4520932;8.7557164;50.0;;;;;;Original OSM;415.2;-6.57
Routenpunkt (Way);T;Unbekannt;49.4521583;8.75587805;50.0;;;;;;Interpoliert;414.5;-1.73
Routenpunkt (Way);T;Unbekannt;49.4522234;8.7560397;50.0;;;;;;Original OSM;413.1;2.79
Routenpunkt (Way);T;Unbekannt;49.45229064;8.75620192;50.0;;;;;;Interpoliert;415.5;7.3
Routenpunkt (Way);T;Unbekannt;49.45235788;8.75636414;50.0;;;;;;Interpoliert;417.9;11.77
Routenpunkt (Way);T;Unbekannt;49.45242512;8.75652636;50.0;;;;;;Interpoliert;420.3;18.26
Routenpunkt (Way);T;Unbekannt;49.45249236;8.75668858;50.0;;;;;;Interpoliert;422.7;17.83
Routenpunkt (Way);T;Unbekannt;49.4525596;8.7568508;50.0;;;;;;Interpoliert;425.8;17.4
Routenpunkt (Way);T;Unbekannt;49.45262684;8.75701302;50.0;;;;;;Interpoliert;427.9;16.97
Routenpunkt (Way);T;Unbekannt;49.45269408;8.75717524;50.0;;;;;;Interpoliert;430.0;16.54
Routenpunkt (Way);T;Unbekannt;49.45276132;8.75733746;50.0;;;;;;Interpoliert;432.1;16.11
Routenpunkt (Way);T;Unbekannt;49.45282856;8.75749968;50.0;;;;;;Interpoliert;434.2;9.73
Routenpunkt (Way);T;Unbekannt;49.4528958;8.7576619;50.0;;;;;;Original OSM;437.0;3.35
Routenpunkt (Way);T;Unbekannt;49.4529364;8.757787366666667;50.0;;;;;;Interpoliert;435.3;-3.02
Routenpunkt (Way);T;Unbekannt;49.452977;8.757912833333334;50.0;;;;;;Interpoliert;433.6;-8.62
Routenpunkt (Way);T;Unbekannt;49.4530176;8.7580383;50.0;;;;;;Original OSM;431.9;-15.23
Routenpunkt (Way);T;Unbekannt;49.4530648;8.75820545;50.0;;;;;;Interpoliert;430.2;-12.95
Routenpunkt (Way);T;Unbekannt;49.453112;8.7583726;50.0;;;;;;Original OSM;428.5;-5.7
Routenpunkt (Way);T;Unbekannt;49.453156025;8.758567225;50.0;;;;;;Interpoliert;427.7;1.55
Routenpunkt (Way);T;Unbekannt;49.45320005;8.758761849999999;50.0;;;;;;Interpoliert;430.6;8.03
Routenpunkt (Way);T;Unbekannt;49.453244075;8.758956475;50.0;;;;;;Interpoliert;433.5;15.38
Routenpunkt (Way);T;Unbekannt;49.4532881;8.7591511;50.0;;;;;;Original OSM;436.4;21.22
Routenpunkt (Way);T;Unbekannt;49.45332744;8.759308;50.0;;;;;;Interpoliert;439.3;22.1
Routenpunkt (Way);T;Unbekannt;49.45336678;8.759464900000001;50.0;;;;;;Interpoliert;442.2;22.98
Routenpunkt (Way);T;Unbekannt;49.45340612;8.7596218;50.0;;;;;;Interpoliert;445.1;24.79
Routenpunkt (Way);T;Unbekannt;49.45344546;8.7597787;50.0;;;;;;Interpoliert;448.0;25.72
Routenpunkt (Way);T;;49.45345996666666;8.75991756;50.0;;;;;;Interpoliert (15m);450.9;26.86
Routenpunkt (Way);T;;49.45347447333334;8.76005642;50.0;;;;;;Interpoliert (15m);453.8;20.72
Routenpunkt (Way);T;Unbekannt;49.45348898;8.76019528;50.0;;;;;;Original OSM;456.8;10.32
Routenpunkt (Way);T;;49.45347539777778;8.760336142222222;50.0;;;;;;Interpoliert (15m);456.1;-1.02
Routenpunkt (Way);T;;49.45346181555556;8.760477004444445;50.0;;;;;;Interpoliert (15m);453.2;-11.45
Routenpunkt (Way);T;Unbekannt;49.45344823333333;8.760617866666667;50.0;;;;;;Interpoliert;450.3;-20.47
Routenpunkt (Way);T;Unbekannt;49.453422966666665;8.760783333333332;50.0;;;;;;Interpoliert;447.4;-22.24
Routenpunkt (Way);T;;49.45336167111111;8.760953798888888;50.0;;;;;;Interpoliert (15m);445.2;-18.59
Routenpunkt (Way);T;;49.45330037555556;8.761124264444444;50.0;;;;;;Interpoliert (15m);443.0;-14.94
Routenpunkt (Way);T;Unbekannt;49.45323908;8.76129473;50.0;;;;;;Original OSM;441.6;-12.21
Routenpunkt (Way);T;;49.45312395333333;8.761376453333334;50.0;;;;;;Interpoliert (15m);440.2;-11.07
Routenpunkt (Way);T;;49.45300882666667;8.761458176666666;50.0;;;;;;Interpoliert (15m);438.8;-10.73
Routenpunkt (Way);T;Unbekannt;49.4528937;8.7615399;50.0;;;;;;Interpoliert;437.4;-7.15
Routenpunkt (Way);T;;49.45292235;8.7616721;50.0;;;;;;Interpoliert (15m);436.0;0.79
Routenpunkt (Way);T;;49.452951;8.7618043;50.0;;;;;;Interpoliert (15m);436.8;6.06
Routenpunkt (Way);T;Unbekannt;49.45297965;8.7619365;50.0;;;;;;Original OSM;439.8;11.33
Routenpunkt (Way);T;;49.453092644;8.761871713333333;50.0;;;;;;Interpoliert (15m);442.0;17.39
Routenpunkt (Way);T;;49.453205638;8.761806926666665;50.0;;;;;;Interpoliert (15m);444.2;17.89
Routenpunkt (Way);T;;49.453318632000006;8.761742139999999;50.0;;;;;;Interpoliert (15m);446.4;14.02
Routenpunkt (Way);T;;49.453431626;8.761677353333331;50.0;;;;;;Interpoliert (15m);447.8;13.01
Routenpunkt (Way);T;Unbekannt;49.45354462;8.761612566666665;50.0;;;;;;Original OSM;449.2;12.0
Routenpunkt (Way);T;;49.453616136;8.761482263333331;50.0;;;;;;Interpoliert (15m);450.6;10.99
Routenpunkt (Way);T;;49.453687652;8.761351959999999;50.0;;;;;;Interpoliert (15m);452.0;11.17
Routenpunkt (Way);T;;49.453759168000005;8.761221656666665;50.0;;;;;;Interpoliert (15m);453.4;7.79
Routenpunkt (Way);T;;49.453830684;8.761091353333333;50.0;;;;;;Interpoliert (15m);454.8;5.52
Routenpunkt (Way);T;Unbekannt;49.4539022;8.760961049999999;;;;;;;Interpoliert;454.0;3.24
Routenpunkt (Way);T;Unbekannt;49.453945;8.7608318;;;;;;;Original OSM;454.0;2.3
Routenpunkt (Way);T;Unbekannt;49.4540087;8.7606492;;;;;;;Original OSM;454.0;1.36
Routenpunkt (Way);T;;49.45403527222222;8.760509127777777;;;;;;;Interpoliert (15m);454.7;3.98
Routenpunkt (Way);T;;49.45406184444444;8.760369055555556;;;;;;;Interpoliert (15m);455.4;4.93
Routenpunkt (Way);T;Unbekannt;49.45408841666666;8.760228983333333;;;;;;;Original OSM;456.1;5.88
Routenpunkt (Way);T;;49.45407385833333;8.760025641666665;;;;;;;Interpoliert (15m);456.8;7.09
Routenpunkt (Way);T;Unbekannt;49.4540593;8.7598223;;;;;;;Interpoliert;457.5;8.02
Routenpunkt (Way);T;Unbekannt;49.4540329;8.7596869;;;;;;;Interpoliert;458.8;8.94
Routenpunkt (Way);T;;49.45400996428571;8.759530964285714;;;;;;;Interpoliert (15m);460.1;10.24
Routenpunkt (Way);T;;49.45398702857143;8.759375028571428;;;;;;;Interpoliert (15m);461.4;11.67
Routenpunkt (Way);T;Unbekannt;49.453964092857134;8.759219092857142;;;;;;;Original OSM;462.7;10.4
Routenpunkt (Way);T;;49.45394873968253;8.759046195238096;;;;;;;Interpoliert (15m);464.2;9.41
Routenpunkt (Way);T;;49.453933386507934;8.758873297619047;;;;;;;Interpoliert (15m);465.0;8.3
Routenpunkt (Way);T;Unbekannt;49.45391803333333;8.7587004;;;;;;;Interpoliert;465.8;7.19
Routenpunkt (Way);T;Unbekannt;49.45390546666667;8.7585064;;;;;;;Interpoliert;466.6;6.18
Routenpunkt (Way);T;Unbekannt;49.4538929;8.7583124;;;;;;;Original OSM;467.4;5.46
Routenpunkt (Way);T;Unbekannt;49.4538802;8.7581121;;;;;;;Interpoliert;468.4;4.75
Routenpunkt (Way);T;Unbekannt;49.4538675;8.757911799999999;;;;;;;Interpoliert;468.8;4.34
Routenpunkt (Way);T;Unbekannt;49.4538548;8.7577115;;;;;;;Original OSM;469.2;3.85
Routenpunkt (Way);T;Unbekannt;49.4538391;8.7575614;;;;;;;Original OSM;469.6;2.9
Routenpunkt (Way);T;Unbekannt;49.4538147;8.757395;;;;;;;Original OSM;470.0;2.83
Routenpunkt (Way);T;Unbekannt;49.4537807;8.7572059;;;;;;;Original OSM;470.3;2.76
Routenpunkt (Way);T;Unbekannt;49.45374472;8.75704116;;;;;;;Interpoliert;470.6;2.5
Routenpunkt (Way);T;Unbekannt;49.45370874;8.75687642;;;;;;;Interpoliert;470.9;2.33
Routenpunkt (Way);T;Unbekannt;49.45367276;8.75671168;;;;;;;Interpoliert;471.2;2.07
Routenpunkt (Way);T;Unbekannt;49.45363678;8.75654694;;;;;;;Interpoliert;471.5;1.78
Routenpunkt (Way);T;Unbekannt;49.4536008;8.7563822;;;;;;;Original OSM;471.6;1.48
Routenpunkt (Way);T;Unbekannt;49.45357096666667;8.756238333333332;;;;;;;Interpoliert;471.7;1.19
Routenpunkt (Way);T;Unbekannt;49.45354113333333;8.756094466666667;;;;;;;Interpoliert;471.8;0.88
Routenpunkt (Way);T;Unbekannt;49.4535113;8.7559506;;;;;;;Original OSM;471.9;0.01
Routenpunkt (Way);T;Unbekannt;49.453486;8.755793050000001;;;;;;;Interpoliert;472.0;-0.88
Routenpunkt (Way);T;;49.45350098666667;8.75559952;;;;;;;Interpoliert (15m);471.5;-1.78
Routenpunkt (Way);T;;49.45351597333333;8.755405990000002;;;;;;;Interpoliert (15m);471.0;-2.64
Routenpunkt (Way);T;Unbekannt;49.45353096;8.755212460000001;;;;;;;Original OSM;470.5;-3.48
Routenpunkt (Way);T;;49.453617873333336;8.75505774;;;;;;;Interpoliert (15m);470.0;-3.04
Routenpunkt (Way);T;;49.45370478666666;8.75490302;;;;;;;Interpoliert (15m);469.5;-2.69
Routenpunkt (Way);T;Unbekannt;49.4537917;8.7547483;;;;;;;Original OSM;469.3;-2.34
Routenpunkt (Way);T;Unbekannt;49.45388405;8.754688550000001;;;;;;;Interpoliert;469.1;-1.99
Routenpunkt (Way);T;Unbekannt;49.4539764;8.7546288;;;;;;;Original OSM;468.9;-1.64
Routenpunkt (Way);T;Unbekannt;49.45408085;8.7545733;;;;;;;Interpoliert;468.7;-0.82
Routenpunkt (Way);T;Unbekannt;49.4541853;8.7545178;;;;;;;Original OSM;468.5;0.12
Routenpunkt (Way);T;Unbekannt;49.4542788;8.75447535;;;;;;;Interpoliert;468.8;1.06
Routenpunkt (Way);T;;49.45436934999999;8.7544425;;;;;;;Interpoliert (15m);469.1;3.2
Routenpunkt (Way);T;Unbekannt;49.4544599;8.75440965;;;;;;;Original OSM;469.4;5.34
Routenpunkt (Way);T;;49.45456810625;8.754389562499998;;;;;;;Interpoliert (15m);470.5;5.9
Routenpunkt (Way);T;Unbekannt;49.4546763125;8.754369474999999;;;;;;;Interpoliert;471.6;6.44
Routenpunkt (Way);T;Unbekannt;49.454805125;8.75435255;;;;;;;Interpoliert;472.4;6.97
Routenpunkt (Way);T;Unbekannt;49.4549339375;8.754335625;;;;;;;Interpoliert;473.2;6.27
Routenpunkt (Way);T;Unbekannt;49.45506275;8.754318699999999;;;;;;;Interpoliert;474.0;5.57
Routenpunkt (Way);T;Unbekannt;49.4551915625;8.754301775;;;;;;;Interpoliert;474.8;6.26
Routenpunkt (Way);T;Unbekannt;49.455320375;8.75428485;;;;;;;Interpoliert;475.6;6.96
Routenpunkt (Way);T;Unbekannt;49.4554491875;8.754267925;;;;;;;Interpoliert;476.9;7.78
Routenpunkt (Way);T;Unbekannt;49.455578;8.754251;;;;;;;Original OSM;478.2;7.41
Routenpunkt (Way);T;Unbekannt;49.4556987;8.7542436;;;;;;;Interpoliert;479.5;7.04
Routenpunkt (Way);T;Unbekannt;49.4558194;8.7542362;;;;;;;Interpoliert;480.0;5.98
Routenpunkt (Way);T;Unbekannt;49.45594010000001;8.7542288;;;;;;;Interpoliert;480.5;6.4
Routenpunkt (Way);T;Unbekannt;49.4560608;8.7542214;;;;;;;Interpoliert;481.0;6.4
Routenpunkt (Way);T;Unbekannt;49.4561815;8.754214;;;;;;;Interpoliert;482.5;7.46
Routenpunkt (Way);T;Unbekannt;49.4563022;8.7542066;;;;;;;Original OSM;483.8;8.52
Routenpunkt (Way);T;Unbekannt;49.45643176666667;8.754198066666667;;;;;;;Interpoliert;485.1;8.88
Routenpunkt (Way);T;Unbekannt;49.45656133333333;8.754189533333333;;;;;;;Interpoliert;486.4;8.07
Routenpunkt (Way);T;Unbekannt;49.4566909;8.754181;;;;;;;Original OSM;487.2;7.56
Routenpunkt (Way);T;;49.4567904;8.754153725;;;;;;;Interpoliert (15m);488.0;7.45
Routenpunkt (Way);T;Unbekannt;49.45688989999999;8.75412645;;;;;;;Original OSM;488.8;7.34
Routenpunkt (Way);T;;49.456970575;8.754084675;;;;;;;Interpoliert (15m);489.6;7.67
Routenpunkt (Way);T;Unbekannt;49.45705125;8.7540429;;;;;;;Interpoliert;490.4;9.45
Routenpunkt (Way);T;Unbekannt;49.4571436;8.7539856;;;;;;;Original OSM;491.2;11.6
Routenpunkt (Way);T;Unbekannt;49.45722883333333;8.753919166666666;;;;;;;Interpoliert;492.9;13.49
Routenpunkt (Way);T;Unbekannt;49.45731406666667;8.753852733333334;;;;;;;Interpoliert;494.8;15.29
Routenpunkt (Way);T;Unbekannt;49.4573993;8.7537863;;;;;;;Original OSM;496.7;16.6
Routenpunkt (Way);T;Unbekannt;49.45748183333333;8.753705266666666;;;;;;;Interpoliert;498.6;16.15
Routenpunkt (Way);T;Unbekannt;49.457564366666666;8.753624233333333;;;;;;;Interpoliert;500.1;14.97
Routenpunkt (Way);T;Unbekannt;49.4576469;8.7535432;;;;;;;Original OSM;501.6;14.17
Routenpunkt (Way);T;Unbekannt;49.4577359;8.753436449999999;;;;;;;Interpoliert;503.1;13.45
Routenpunkt (Way);T;;49.457811375000006;8.753342175;;;;;;;Interpoliert (15m);504.6;13.31
Routenpunkt (Way);T;Unbekannt;49.45788685;8.7532479;;;;;;;Original OSM;506.1;9.86
Routenpunkt (Way);T;;49.457962975;8.753141;;;;;;;Interpoliert (15m);507.6;7.0
Routenpunkt (Way);T;Unbekannt;49.4580391;8.7530341;;;;;;;Original OSM;507.2;3.66
Routenpunkt (Way);T;Unbekannt;49.45811805;8.752907100000002;;;;;;;Interpoliert;506.9;0.32
Routenpunkt (Way);T;;49.45817913;8.752793646666667;;;;;;;Interpoliert (15m);506.6;-2.11
Routenpunkt (Way);T;;49.45824021;8.752680193333333;;;;;;;Interpoliert (15m);506.3;-1.22
Routenpunkt (Way);T;Unbekannt;49.45830129;8.752566739999999;;;;;;;Original OSM;506.4;-0.55
Routenpunkt (Way);T;;49.45835216;8.752446593333334;;;;;;;Interpoliert (15m);506.5;-0.57
Routenpunkt (Way);T;;49.45840303;8.752326446666666;;;;;;;Interpoliert (15m);506.6;-0.5
Routenpunkt (Way);T;Unbekannt;49.4584539;8.752206300000001;;;;;;;Interpoliert;506.3;-1.17
Routenpunkt (Way);T;Unbekannt;49.4585085;8.7520609;;;;;;;Original OSM;506.0;-1.85
Routenpunkt (Way);T;Unbekannt;49.458564;8.7519131;50.0;;;;;;Interpoliert;505.7;-2.68
Routenpunkt (Way);T;Unbekannt;49.4586195;8.7517653;50.0;;;;;;Interpoliert;505.4;-2.74
Routenpunkt (Way);T;;49.45869455333333;8.751636156666667;50.0;;;;;;Interpoliert (15m);505.0;-3.53
Routenpunkt (Way);T;;49.45876960666666;8.751507013333335;50.0;;;;;;Interpoliert (15m);504.6;-4.69
Routenpunkt (Way);T;Unbekannt;49.45884466;8.75137787;50.0;;;;;;Original OSM;503.8;-5.86
Routenpunkt (Way);T;;49.45892393;8.751322385;50.0;;;;;;Interpoliert (15m);503.0;-6.63
Haltestelle;W;Ziegelhausen, Langer Kirschb.;49.4590032;8.7512669;50.0;17:44:00;17:44:00;Kein Umlauf;Mo,Di,Mi,Do,Fr;446.0;Original GTFS (Snap-Distanz 22m) | Auf Route gesnappt (2m);502.2;-6.44
Routenpunkt (Way);T;Unbekannt;49.45910336666666;8.751298666666665;50.0;;;;;;Original OSM;501.4;-5.62
Routenpunkt (Way);T;;49.45917198333333;8.751359583333333;50.0;;;;;;Interpoliert (15m);501.2;-4.3
Routenpunkt (Way);T;Unbekannt;49.4592406;8.7514205;50.0;;;;;;Original OSM;501.0;-2.99
Routenpunkt (Way);T;Unbekannt;49.45932056666667;8.751529833333333;50.0;;;;;;Interpoliert;500.8;-1.92
Routenpunkt (Way);T;Unbekannt;49.45940053333333;8.751639166666667;50.0;;;;;;Interpoliert;500.6;-1.81
Routenpunkt (Way);T;Unbekannt;49.4594805;8.7517485;50.0;;;;;;Original OSM;500.4;-1.01
Routenpunkt (Way);T;;49.45956285;8.751844233333333;50.0;;;;;;Interpoliert (15m);500.2;-1.61
Routenpunkt (Way);T;Unbekannt;49.4596452;8.751939966666667;50.0;;;;;;Original OSM;500.4;-2.22
Routenpunkt (Way);T;;49.4597303;8.752006633333334;50.0;;;;;;Interpoliert (15m);499.9;-2.85
Routenpunkt (Way);T;Unbekannt;49.4598154;8.7520733;50.0;;;;;;Original OSM;499.4;-3.85
Routenpunkt (Way);T;Unbekannt;49.4599024;8.75212425;50.0;;;;;;Interpoliert;498.9;-5.36
Routenpunkt (Way);T;Unbekannt;49.4599894;8.7521752;50.0;;;;;;Original OSM;498.2;-5.48
Routenpunkt (Way);T;Unbekannt;49.46009375;8.75222415;50.0;;;;;;Interpoliert;497.5;-5.61
Routenpunkt (Way);T;;49.46020995185185;8.752252198148147;50.0;;;;;;Interpoliert (15m);496.8;-6.48
Routenpunkt (Way);T;;49.4603261537037;8.752280246296296;50.0;;;;;;Interpoliert (15m);496.1;-7.22
Routenpunkt (Way);T;Unbekannt;49.46044235555556;8.752308294444443;;;;;;;Original OSM;494.9;-8.16
Routenpunkt (Way);T;;49.460545241666665;8.752296412499998;;;;;;;Interpoliert (15m);493.7;-7.96
Routenpunkt (Way);T;;49.46064812777777;8.752284530555555;;;;;;;Interpoliert (15m);492.5;-7.76
Routenpunkt (Way);T;;49.46075101388889;8.752272648611111;;;;;;;Interpoliert (15m);492.0;-6.77
Routenpunkt (Way);T;Unbekannt;49.4608539;8.752260766666666;;;;;;;Interpoliert;491.5;-5.52
Routenpunkt (Way);T;Unbekannt;49.4609584;8.752227533333333;;;;;;;Interpoliert;491.0;-4.0
Routenpunkt (Way);T;Unbekannt;49.4610629;8.7521943;;;;;;;Original OSM;490.5;-3.7
Routenpunkt (Way);T;Unbekannt;49.461187175;8.752165975;;;;;;;Interpoliert;490.1;-3.4
Routenpunkt (Way);T;Unbekannt;49.46131145;8.75213765;;;;;;;Interpoliert;489.7;-2.42
Routenpunkt (Way);T;Unbekannt;49.461435725;8.752109325;;;;;;;Interpoliert;489.3;-1.43
Routenpunkt (Way);T;Unbekannt;49.46156;8.752081;;;;;;;Original OSM;489.4;-0.71
Routenpunkt (Way);T;Unbekannt;49.46168474;8.75206436;;;;;;;Interpoliert;489.5;0.0
Routenpunkt (Way);T;Unbekannt;49.46180948;8.75204772;;;;;;;Interpoliert;489.6;0.86
Routenpunkt (Way);T;Unbekannt;49.46193422;8.75203108;;;;;;;Interpoliert;489.7;1.08
Routenpunkt (Way);T;Unbekannt;49.46205896;8.75201444;;;;;;;Interpoliert;489.9;1.31
Routenpunkt (Way);T;;49.46215653;8.751998545;;;;;;;Interpoliert (15m);490.1;1.3
Routenpunkt (Way);T;Unbekannt;49.4622541;8.75198265;;;;;;;Original OSM;490.3;1.29
Routenpunkt (Way);T;;49.46238472499999;8.751934850000001;;;;;;;Interpoliert (15m);490.4;-2.19
Routenpunkt (Way);T;Unbekannt;49.46251535;8.75188705;;;;;;;Original OSM;490.5;-5.75
Routenpunkt (Way);T;;49.462595125;8.751844141666666;;;;;;;Interpoliert (15m);489.0;-8.87
Routenpunkt (Way);T;Unbekannt;49.4626749;8.751801233333333;;;;;;;Interpoliert;487.5;-11.38
Routenpunkt (Way);T;Unbekannt;49.4627673;8.751750266666667;;;;;;;Interpoliert;486.0;-13.34
Routenpunkt (Way);T;Unbekannt;49.4628597;8.7516993;;;;;;;Original OSM;484.7;-12.1
Routenpunkt (Way);T;Unbekannt;49.4629819;8.751638275000001;;;;;;;Interpoliert;483.4;-10.87
Routenpunkt (Way);T;Unbekannt;49.4631041;8.75157725;;;;;;;Interpoliert;482.0;-10.08
Routenpunkt (Way);T;Unbekannt;49.4632263;8.751516225;;;;;;;Interpoliert;480.6;-10.18
Routenpunkt (Way);T;Unbekannt;49.4633485;8.7514552;;;;;;;Original OSM;479.2;-10.85
Routenpunkt (Way);T;Unbekannt;49.4634453;8.751409066666668;;;;;;;Interpoliert;477.8;-8.53
Routenpunkt (Way);T;Unbekannt;49.4635421;8.751362933333333;;;;;;;Interpoliert;476.4;-6.09
Routenpunkt (Way);T;Unbekannt;49.4636389;8.7513168;;;;;;;Original OSM;476.6;-3.65
Routenpunkt (Way);T;Unbekannt;49.4637425;8.751254;;;;;;;Interpoliert;476.9;-2.48
Routenpunkt (Way);T;Unbekannt;49.4638461;8.7511912;;;;;;;Original OSM;477.2;-1.32
Routenpunkt (Way);T;Unbekannt;49.46395795;8.751114925;;;;;;;Interpoliert;476.3;-3.0
Routenpunkt (Way);T;Unbekannt;49.4640698;8.75103865;;;;;;;Interpoliert;475.4;-4.81
Routenpunkt (Way);T;Unbekannt;49.46418165;8.750962375;;;;;;;Interpoliert;474.5;-6.88
Routenpunkt (Way);T;Unbekannt;49.4642935;8.7508861;;;;;;;Original OSM;473.6;-7.15
Routenpunkt (Way);T;Unbekannt;49.464387325;8.750825425;;;;;;;Interpoliert;472.7;-6.36
Routenpunkt (Way);T;Unbekannt;49.46448115;8.75076475;;;;;;;Interpoliert;471.8;-5.56
Routenpunkt (Way);T;Unbekannt;49.464574975;8.750704075;;;;;;;Interpoliert;471.5;-4.78
Routenpunkt (Way);T;Unbekannt;49.4646688;8.7506434;;;;;;;Original OSM;471.2;-3.73
Routenpunkt (Way);T;Unbekannt;49.46479457;8.750574349999999;;;;;;;Interpoliert;470.8;-1.33
Routenpunkt (Way);T;Unbekannt;49.46492034;8.7505053;;;;;;;Interpoliert;470.4;0.01
Routenpunkt (Way);T;Unbekannt;49.46504611;8.75043625;;;;;;;Interpoliert;471.0;1.35
Routenpunkt (Way);T;Unbekannt;49.46517188;8.7503672;;;;;;;Interpoliert;471.6;1.21
Routenpunkt (Way);T;Unbekannt;49.46529765;8.750298149999999;;;;;;;Interpoliert;472.2;1.08
Routenpunkt (Way);T;Unbekannt;49.46542342;8.7502291;;;;;;;Interpoliert;471.7;-0.4
Routenpunkt (Way);T;Unbekannt;49.46554919;8.75016005;;;;;;;Interpoliert;471.2;-2.69
Routenpunkt (Way);T;Unbekannt;49.46567496;8.750091;;;;;;;Interpoliert;470.7;-4.98
Routenpunkt (Way);T;Unbekannt;49.46580073;8.75002195;;;;;;;Interpoliert;469.6;-5.85
Routenpunkt (Way);T;Unbekannt;49.4659265;8.7499529;;;;;;;Original OSM;468.5;-6.71
Routenpunkt (Way);T;Unbekannt;49.46604831666667;8.749889733333333;;;;;;;Interpoliert;467.4;-6.74
Routenpunkt (Way);T;Unbekannt;49.466170133333335;8.749826566666666;;;;;;;Interpoliert;466.3;-5.96
Routenpunkt (Way);T;Unbekannt;49.46629195;8.749763399999999;;;;;;;Interpoliert;465.8;-5.18
Routenpunkt (Way);T;Unbekannt;49.46641376666667;8.749700233333334;;;;;;;Interpoliert;465.3;-2.8
Routenpunkt (Way);T;Unbekannt;49.46653558333334;8.749637066666667;;;;;;;Interpoliert;464.8;-0.18
Routenpunkt (Way);T;Unbekannt;49.4666574;8.7495739;;;;;;;Original OSM;465.4;1.59
Routenpunkt (Way);T;Unbekannt;49.46675183333333;8.749522066666666;;;;;;;Interpoliert;466.0;3.37
Routenpunkt (Way);T;Unbekannt;49.46684626666667;8.749470233333334;;;;;;;Interpoliert;466.6;2.7
Routenpunkt (Way);T;Unbekannt;49.4669407;8.7494184;;;;;;;Original OSM;467.2;0.35
Routenpunkt (Way);T;Unbekannt;49.4670686;8.7493712;;;;;;;Original OSM;466.2;-2.2
Routenpunkt (Way);T;Unbekannt;49.4671866;8.7493486;;;;;;;Original OSM;465.2;-5.72
Routenpunkt (Way);T;Unbekannt;49.4673083;8.7493443;;;;;;;Original OSM;464.2;-9.58
Routenpunkt (Way);T;Unbekannt;49.467426;8.7493564;;;;;;;Original OSM;462.6;-10.99
Routenpunkt (Way);T;;49.46752415;8.749407375;;;;;;;Interpoliert (15m);461.0;-10.54
Routenpunkt (Way);T;Unbekannt;49.4676223;8.74945835;;;;;;;Original OSM;459.4;-10.14
Routenpunkt (Way);T;;49.46773635;8.749567975;;;;;;;Interpoliert (15m);458.6;-9.07
Routenpunkt (Way);T;Unbekannt;49.4678504;8.7496776;;;;;;;Original OSM;457.8;-7.66
Routenpunkt (Way);T;;49.4679242;8.74979265;;;;;;;Interpoliert (15m);457.0;-3.62
Routenpunkt (Way);T;Unbekannt;49.467998;8.7499077;;;;;;;Original OSM;456.2;-0.61
Routenpunkt (Way);T;Unbekannt;49.4680648;8.7500511;;;;;;;Original OSM;457.0;2.51
Routenpunkt (Way);T;Unbekannt;49.4681077;8.750193;;;;;;;Original OSM;458.1;5.51
Routenpunkt (Way);T;Unbekannt;49.4681424;8.7503314;;;;;;;Original OSM;459.2;8.51
Routenpunkt (Way);T;Unbekannt;49.468176575;8.7505109;;;;;;;Interpoliert;460.3;4.29
Routenpunkt (Way);T;Unbekannt;49.46821075;8.7506904;;;;;;;Interpoliert;461.4;-1.79
Routenpunkt (Way);T;Unbekannt;49.46824492499999;8.7508699;;;;;;;Interpoliert;459.4;-11.14
Routenpunkt (Way);T;Unbekannt;49.4682791;8.7510494;;;;;;;Original OSM;456.6;-19.53
Routenpunkt (Way);T;;49.46830305;8.751149125;;;;;;;Interpoliert (15m);453.8;-24.67
Routenpunkt (Way);T;Unbekannt;49.468327;8.75124885;;;;;;;Original OSM;451.2;-25.91
Routenpunkt (Way);T;Unbekannt;49.4684044;8.751416;;;;;;;Original OSM;448.6;-27.33
Routenpunkt (Way);T;Unbekannt;49.46848055;8.751540550000001;;;;;;;Interpoliert;446.0;-25.59
Routenpunkt (Way);T;;49.468542325;8.751649400000002;;;;;;;Interpoliert (15m);443.1;-25.07
Routenpunkt (Way);T;Unbekannt;49.4686041;8.75175825;;;;;;;Original OSM;440.2;-26.31
Routenpunkt (Way);T;;49.46864995;8.751865575;;;;;;;Interpoliert (15m);437.3;-20.41
Routenpunkt (Way);T;Unbekannt;49.4686958;8.7519729;;;;;;;Original OSM;435.1;-13.14
Routenpunkt (Way);T;Unbekannt;49.4687404;8.7521033;;;;;;;Original OSM;436.0;-5.88
Routenpunkt (Way);T;Unbekannt;49.4687764;8.752238;;;;;;;Interpoliert;436.9;0.05
Routenpunkt (Way);T;Unbekannt;49.4688124;8.7523727;;;;;;;Original OSM;437.8;4.47
Routenpunkt (Way);T;;49.4688724962963;8.752519464814815;;;;;;;Interpoliert (15m);437.6;2.46
Routenpunkt (Way);T;;49.468932592592594;8.752666229629632;;;;;;;Interpoliert (15m);437.4;0.44
Routenpunkt (Way);T;Unbekannt;49.468992688888896;8.752812994444447;;;;;;;Original OSM;437.2;-1.59
Routenpunkt (Way);T;;49.46910338958334;8.752858156250003;;;;;;;Interpoliert (15m);437.0;-1.58
Routenpunkt (Way);T;;49.46921409027779;8.752903318055557;;;;;;;Interpoliert (15m);436.8;-2.67
Routenpunkt (Way);T;;49.46932479097223;8.75294847986111;;;;;;;Interpoliert (15m);436.6;-4.04
Routenpunkt (Way);T;Heidelberger Straße;49.46943549166667;8.752993641666666;50.0;;;;;;Original OSM;435.7;-5.42
Routenpunkt (Way);T;;49.46951777777778;8.752917994444443;50.0;;;;;;Interpoliert (15m);434.8;-6.04
Routenpunkt (Way);T;;49.46960006388889;8.752842347222222;50.0;;;;;;Interpoliert (15m);433.9;-5.14
Routenpunkt (Way);T;Heidelberger Straße;49.46968235;8.752766699999999;50.0;;;;;;Interpoliert;433.4;-2.71
Routenpunkt (Way);T;;49.46980521666667;8.752764941666666;50.0;;;;;;Interpoliert (15m);433.8;-0.05
Routenpunkt (Way);T;Schriesheimer Straße;49.469928083333336;8.752763183333334;30.0;;;;;;Interpoliert;434.5;2.61
Routenpunkt (Way);T;Schriesheimer Straße;49.46999746666667;8.752931866666668;30.0;;;;;;Interpoliert;435.2;4.52
Routenpunkt (Way);T;Schriesheimer Straße;49.47006685;8.75310055;30.0;;;;;;Interpoliert;435.9;4.91
Routenpunkt (Way);T;Schriesheimer Straße;49.470136233333335;8.753269233333333;30.0;;;;;;Interpoliert;436.6;5.28
Routenpunkt (Way);T;Schriesheimer Straße;49.47020561666667;8.753437916666666;30.0;;;;;;Interpoliert;437.3;5.1
Routenpunkt (Way);T;;49.47025164833333;8.753557398333333;30.0;;;;;;Interpoliert (15m);438.0;4.78
Routenpunkt (Way);T;Schriesheimer Straße;49.47029768;8.75367688;30.0;;;;;;Original OSM;438.4;3.81
Routenpunkt (Way);T;;49.470317165;8.75384569;30.0;;;;;;Interpoliert (15m);438.8;2.84
Routenpunkt (Way);T;Johann-Wilhelm-Straße;49.47033664999999;8.7540145;30.0;;;;;;Original OSM;438.8;0.89
Routenpunkt (Way);T;;49.470293866666665;8.7541482;30.0;;;;;;Interpoliert (15m);438.8;-1.03
Routenpunkt (Way);T;;49.47025108333333;8.7542819;30.0;;;;;;Interpoliert (15m);438.5;-1.67
Routenpunkt (Way);T;Johann-Wilhelm-Straße;49.4702083;8.7544156;30.0;;;;;;Original OSM;437.9;-2.54
Haltestelle;W;Wilhelmsfeld, Schriesheim. Hof;49.4702083;8.7544156;30.0;17:47:00;17:47:00;Kein Umlauf;Mo,Di,Mi,Do,Fr;446.0;Original GTFS (Snap-Distanz 4m) | Auf Route gesnappt (4m);437.3;-5.02
Routenpunkt (Way);T;Johann-Wilhelm-Straße;49.4701138;8.7545395;30.0;;;;;;Original OSM;436.7;-6.93
Routenpunkt (Way);T;;49.470039825;8.7546299125;30.0;;;;;;Interpoliert (15m);435.4;-7.38
Routenpunkt (Way);T;Johann-Wilhelm-Straße;49.46996585;8.754720325000001;30.0;;;;;;Interpoliert;434.1;-8.93
Routenpunkt (Way);T;Johann-Wilhelm-Straße;49.4698753;8.75483075;30.0;;;;;;Interpoliert;433.1;-9.62
Routenpunkt (Way);T;Johann-Wilhelm-Straße;49.46978475;8.754941174999999;30.0;;;;;;Interpoliert;432.1;-8.97
Routenpunkt (Way);T;Johann-Wilhelm-Straße;49.4696942;8.7550516;30.0;;;;;;Original OSM;431.1;-8.33
Routenpunkt (Way);T;Johann-Wilhelm-Straße;49.4696177;8.755146700000001;30.0;;;;;;Interpoliert;430.1;-8.8
Routenpunkt (Way);T;Johann-Wilhelm-Straße;49.4695412;8.7552418;30.0;;;;;;Original OSM;429.1;-8.03
Routenpunkt (Way);T;Johann-Wilhelm-Straße;49.46946005;8.7553672;30.0;;;;;;Interpoliert;427.8;-7.27
Routenpunkt (Way);T;Johann-Wilhelm-Straße;49.4693789;8.7554926;30.0;;;;;;Original OSM;427.3;-5.16
Routenpunkt (Way);T;Johann-Wilhelm-Straße;49.46931135;8.75563065;30.0;;;;;;Interpoliert;426.8;-3.05
Routenpunkt (Way);T;Johann-Wilhelm-Straße;49.469236333333335;8.755787366666667;30.0;;;;;;Original OSM;427.0;-0.65
Routenpunkt (Way);T;Johann-Wilhelm-Straße;49.46917023333334;8.755952733333332;30.0;;;;;;Interpoliert;427.2;-0.97
Routenpunkt (Way);T;Johann-Wilhelm-Straße;49.46911906666666;8.756080766666667;30.0;;;;;;Interpoliert;427.4;-1.12
Routenpunkt (Way);T;Johann-Wilhelm-Straße;49.4690679;8.7562088;30.0;;;;;;Original OSM;426.8;-2.36
Routenpunkt (Way);T;Johann-Wilhelm-Straße;49.46900886666666;8.756356966666667;30.0;;;;;;Interpoliert;426.2;-3.6
Routenpunkt (Way);T;Johann-Wilhelm-Straße;49.46894983333333;8.756505133333333;30.0;;;;;;Interpoliert;425.6;-3.97
Routenpunkt (Way);T;Johann-Wilhelm-Straße;49.4688908;8.7566533;30.0;;;;;;Original OSM;425.0;-4.36
Routenpunkt (Way);T;Johann-Wilhelm-Straße;49.4688428;8.75678755;30.0;;;;;;Interpoliert;425.0;-6.41
Routenpunkt (Way);T;;49.46879964375;8.75691958125;30.0;;;;;;Interpoliert (15m);424.2;-8.53
Routenpunkt (Way);T;Johann-Wilhelm-Straße;49.4687564875;8.7570516125;30.0;;;;;;Original OSM;422.6;-10.66
Routenpunkt (Way);T;;49.46871036875;8.75717648125;30.0;;;;;;Interpoliert (15m);421.0;-11.78
Routenpunkt (Way);T;Johann-Wilhelm-Straße;49.46866425;8.757301349999999;30.0;;;;;;Interpoliert;419.4;-10.12
Routenpunkt (Way);T;;49.46859821875;8.757441656249998;30.0;;;;;;Interpoliert (15m);418.7;-6.95
Routenpunkt (Way);T;Johann-Wilhelm-Straße;49.4685321875;8.7575819625;30.0;;;;;;Original OSM;418.8;-3.7
Routenpunkt (Way);T;;49.46846459375;8.75770439375;30.0;;;;;;Interpoliert (15m);418.9;-1.58
Routenpunkt (Way);T;Johann-Wilhelm-Straße;49.468397;8.757826824999999;30.0;;;;;;Interpoliert;419.0;-1.42
Routenpunkt (Way);T;Johann-Wilhelm-Straße;49.468313300000005;8.75798105;30.0;;;;;;Interpoliert;418.3;-1.58
Routenpunkt (Way);T;Johann-Wilhelm-Straße;49.4682296;8.758135275;30.0;;;;;;Interpoliert;417.6;-1.6
Haltestelle;W;Wilhelmsfeld, Wilhelmshöhe;49.4682296;8.758135275;30.0;17:48:00;17:48:00;Kein Umlauf;Mo,Di,Mi,Do,Fr;446.0;Original GTFS (Snap-Distanz 5m) | Auf Route gesnappt (13m);416.9;-1.62
Routenpunkt (Way);T;;49.46815385;8.7582686875;30.0;;;;;;Interpoliert (15m);417.0;-0.47
Routenpunkt (Way);T;Johann-Wilhelm-Straße;49.4680781;8.7584021;30.0;;;;;;Interpoliert;417.1;1.2
Routenpunkt (Way);T;Johann-Wilhelm-Straße;49.4680103;8.7585147;30.0;;;;;;Original OSM;417.2;1.91
Routenpunkt (Way);T;Johann-Wilhelm-Straße;49.4679127;8.7586382;30.0;;;;;;Original OSM;417.7;0.2
Routenpunkt (Way);T;Johann-Wilhelm-Straße;49.467805175;8.7587432;30.0;;;;;;Interpoliert;418.2;-1.51
Routenpunkt (Way);T;Johann-Wilhelm-Straße;49.46769765;8.7588482;30.0;;;;;;Interpoliert;417.1;-2.11
Routenpunkt (Way);T;Johann-Wilhelm-Straße;49.467590125;8.7589532;30.0;;;;;;Interpoliert;416.0;-3.42
Routenpunkt (Way);T;Johann-Wilhelm-Straße;49.4674826;8.7590582;30.0;;;;;;Original OSM;415.7;-4.72
Routenpunkt (Way);T;Johann-Wilhelm-Straße;49.46740153333333;8.7591213;30.0;;;;;;Interpoliert;415.4;-3.76
Routenpunkt (Way);T;Johann-Wilhelm-Straße;49.46732046666666;8.7591844;30.0;;;;;;Interpoliert;415.1;-2.73
Routenpunkt (Way);T;Johann-Wilhelm-Straße;49.4672394;8.7592475;30.0;;;;;;Original OSM;414.8;-2.84
Routenpunkt (Way);T;Johann-Wilhelm-Straße;49.46714503333333;8.759308166666667;30.0;;;;;;Interpoliert;414.5;-3.65
Routenpunkt (Way);T;Johann-Wilhelm-Straße;49.467050666666665;8.759368833333333;30.0;;;;;;Interpoliert;414.2;-4.28
Routenpunkt (Way);T;Johann-Wilhelm-Straße;49.4669563;8.7594295;30.0;;;;;;Original OSM;413.4;-5.22
Routenpunkt (Way);T;Johann-Wilhelm-Straße;49.46686115;8.7595355;30.0;;;;;;Interpoliert;412.6;-6.31
Routenpunkt (Way);T;Johann-Wilhelm-Straße;49.466766;8.7596415;30.0;;;;;;Original OSM;411.6;-7.27
Routenpunkt (Way);T;Johann-Wilhelm-Straße;49.4666762;8.7597415;30.0;;;;;;Original OSM;410.6;-7.35
Routenpunkt (Way);T;Johann-Wilhelm-Straße;49.46658323333333;8.759861;30.0;;;;;;Interpoliert;409.6;-7.61
Routenpunkt (Way);T;Johann-Wilhelm-Straße;49.46649026666667;8.7599805;30.0;;;;;;Interpoliert;408.6;-7.54
Routenpunkt (Way);T;Johann-Wilhelm-Straße;49.4663973;8.7601;30.0;;;;;;Original OSM;407.6;-5.19
Routenpunkt (Way);T;Johann-Wilhelm-Straße;49.4662902;8.760192759999999;30.0;;;;;;Interpoliert;406.6;-2.97
Routenpunkt (Way);T;Johann-Wilhelm-Straße;49.4661831;8.76028552;30.0;;;;;;Interpoliert;407.1;-1.92
Routenpunkt (Way);T;Johann-Wilhelm-Straße;49.466076;8.76037828;30.0;;;;;;Interpoliert;407.6;-3.22
Routenpunkt (Way);T;Johann-Wilhelm-Straße;49.4659689;8.76047104;30.0;;;;;;Interpoliert;407.3;-1.95
Routenpunkt (Way);T;Johann-Wilhelm-Straße;49.4658618;8.7605638;30.0;;;;;;Original OSM;405.4;-2.88
Routenpunkt (Way);T;Johann-Wilhelm-Straße;49.465782966666666;8.760633766666666;30.0;;;;;;Interpoliert;405.3;-3.78
Routenpunkt (Way);T;Johann-Wilhelm-Straße;49.46570413333333;8.760703733333333;30.0;;;;;;Interpoliert;405.2;-3.5
Routenpunkt (Way);T;;49.465607516666665;8.760785716666668;30.0;;;;;;Interpoliert (15m);405.1;-0.72
Routenpunkt (Way);T;Johann-Wilhelm-Straße;49.4655109;8.7608677;30.0;;;;;;Original OSM;405.0;-0.68
Haltestelle;W;Wilhelmsfeld, Rathaus;49.4655109;8.7608677;30.0;17:49:00;17:49:00;Kein Umlauf;Mo,Di,Mi,Do,Fr;446.0;Original GTFS (Snap-Distanz 4m) | Auf Route gesnappt (4m);404.9;-2.21
Routenpunkt (Way);T;Johann-Wilhelm-Straße;49.465407;8.76094285;30.0;;;;;;Interpoliert;404.8;-4.02
Routenpunkt (Way);T;Johann-Wilhelm-Straße;49.4653031;8.761018;30.0;;;;;;Original OSM;403.7;-5.83
Routenpunkt (Way);T;Johann-Wilhelm-Straße;49.465207;8.7610619;30.0;;;;;;Interpoliert;402.6;-4.54
Routenpunkt (Way);T;Johann-Wilhelm-Straße;49.4651109;8.761105800000001;30.0;;;;;;Interpoliert;401.5;-3.1
Routenpunkt (Way);T;;49.46504371666667;8.761136483333335;30.0;;;;;;Interpoliert (15m);402.0;-0.68
Routenpunkt (Way);T;Johann-Wilhelm-Straße;49.464976533333335;8.761167166666667;30.0;;;;;;Original OSM;402.5;2.13
Routenpunkt (Way);T;Johann-Wilhelm-Straße;49.46485215;8.76121425;30.0;;;;;;Interpoliert;403.0;4.97
Routenpunkt (Way);T;Johann-Wilhelm-Straße;49.4647469;8.7612526;30.0;;;;;;Original OSM;403.5;2.12
Routenpunkt (Way);T;Johann-Wilhelm-Straße;49.4646491;8.761302;30.0;;;;;;Interpoliert;404.0;-0.74
Routenpunkt (Way);T;Johann-Wilhelm-Straße;49.4645513;8.7613514;30.0;;;;;;Original OSM;403.1;-3.89
Routenpunkt (Way);T;Johann-Wilhelm-Straße;49.4644578;8.7614169;30.0;;;;;;Interpoliert;402.2;-6.7
Routenpunkt (Way);T;Johann-Wilhelm-Straße;49.4643643;8.7614824;30.0;;;;;;Original OSM;400.8;-9.55
Routenpunkt (Way);T;Johann-Wilhelm-Straße;49.464254825;8.761583375;30.0;;;;;;Interpoliert;399.4;-9.95
Routenpunkt (Way);T;Johann-Wilhelm-Straße;49.46414535;8.76168435;30.0;;;;;;Interpoliert;398.0;-10.65
Routenpunkt (Way);T;Johann-Wilhelm-Straße;49.464035875;8.761785325;30.0;;;;;;Interpoliert;396.6;-10.48
Routenpunkt (Way);T;;49.4639412625;8.761872562499999;30.0;;;;;;Interpoliert (15m);395.2;-11.6
Routenpunkt (Way);T;Johann-Wilhelm-Straße;49.46384665;8.7619598;30.0;;;;;;Original OSM;393.8;-12.27
Routenpunkt (Way);T;;49.463772875;8.762013516666666;30.0;;;;;;Interpoliert (15m);392.4;-9.96
Routenpunkt (Way);T;Johann-Wilhelm-Straße;49.4636991;8.762067233333333;50.0;;;;;;Interpoliert;391.2;-7.35
Routenpunkt (Way);T;Johann-Wilhelm-Straße;49.4635994;8.762130566666666;50.0;;;;;;Interpoliert;391.4;-4.67
Routenpunkt (Way);T;Johann-Wilhelm-Straße;49.4634997;8.7621939;50.0;;;;;;Original OSM;391.6;-1.19
Routenpunkt (Way);T;Johann-Wilhelm-Straße;49.4634127;8.762239099999999;50.0;;;;;;Interpoliert;391.8;1.85
Routenpunkt (Way);T;Johann-Wilhelm-Straße;49.4633257;8.7622843;50.0;;;;;;Original OSM;392.0;2.0
Routenpunkt (Way);T;Johann-Wilhelm-Straße;49.4632385;8.7623186;50.0;;;;;;Interpoliert;392.2;-1.69
Routenpunkt (Way);T;;49.46316608125;8.762348724999999;50.0;;;;;;Interpoliert (15m);392.4;-4.48
Routenpunkt (Way);T;Johann-Wilhelm-Straße;49.4630936625;8.76237885;50.0;;;;;;Original OSM;391.0;-7.27
Routenpunkt (Way);T;;49.462991756250005;8.76241765;50.0;;;;;;Interpoliert (15m);389.6;-9.96
Routenpunkt (Way);T;Johann-Wilhelm-Straße;49.46288985;8.76245645;50.0;;;;;;Interpoliert;388.2;-13.6
Routenpunkt (Way);T;Johann-Wilhelm-Straße;49.4627821;8.7624908;50.0;;;;;;Original OSM;386.8;-13.29
Routenpunkt (Way);T;Johann-Wilhelm-Straße;49.46269235;8.7625144;50.0;;;;;;Interpoliert;385.2;-13.94
Routenpunkt (Way);T;;49.46262815384616;8.762620956410256;50.0;;;;;;Interpoliert (15m);383.6;-14.59
Routenpunkt (Way);T;;49.4625639576923;8.762727512820513;50.0;;;;;;Interpoliert (15m);382.0;-15.15
Routenpunkt (Way);T;Johann-Wilhelm-Straße;49.46249976153846;8.762834069230768;50.0;;;;;;Original OSM;380.4;-14.83
Routenpunkt (Way);T;;49.462570974358975;8.76294477948718;50.0;;;;;;Interpoliert (15m);378.8;-11.78
Routenpunkt (Way);T;;49.46264218717948;8.76305548974359;50.0;;;;;;Interpoliert (15m);377.2;-8.73
Routenpunkt (Way);T;Johann-Wilhelm-Straße;49.4627134;8.7631662;50.0;;;;;;Original OSM;377.2;-5.69
Routenpunkt (Way);T;;49.46279246666666;8.763177233333334;50.0;;;;;;Interpoliert (15m);377.2;-3.12
Routenpunkt (Way);T;Johann-Wilhelm-Straße;49.46287153333333;8.763188266666667;50.0;;;;;;Original OSM;377.2;-0.28
Routenpunkt (Way);T;Unbekannt;49.46300163333333;8.763177666666667;;;;;;;Interpoliert;377.0;0.22
Haltestelle;W;Wilhelmsfeld, Autohalle;49.46300163333333;8.763177666666667;;17:50:00;17:55:00;Kein Umlauf;Mo,Di,Mi,Do,Fr;446.0;Original GTFS (Snap-Distanz 25m) | Auf Route gesnappt (25m);377.3;0.74
Routenpunkt (Way);T;Unbekannt;49.46311036666667;8.763164033333334;;;;;;;Interpoliert;377.6;1.26
Routenpunkt (Way);T;;49.46321328111111;8.763187422222222;;;;;;;Interpoliert (15m);377.9;-0.72
Routenpunkt (Way);T;;49.46331619555556;8.763210811111112;;;;;;;Interpoliert (15m);378.2;-2.88
Routenpunkt (Way);T;Unbekannt;49.46341911;8.7632342;;;;;;;Interpoliert;376.9;-5.54
Routenpunkt (Way);T;;49.463524655;8.7632697;;;;;;;Interpoliert (15m);375.6;-7.44
Routenpunkt (Way);T;Johann-Wilhelm-Straße;49.4636302;8.763305200000001;50.0;;;;;;Interpoliert;374.3;-9.64
Routenpunkt (Way);T;Johann-Wilhelm-Straße;49.4637596;8.7633276;50.0;;;;;;Original OSM;373.3;-9.07
Routenpunkt (Way);T;Johann-Wilhelm-Straße;49.463866;8.7633458;50.0;;;;;;Interpoliert;372.3;-9.11
Routenpunkt (Way);T;Johann-Wilhelm-Straße;49.4639724;8.763364;50.0;;;;;;Original OSM;371.3;-9.4
Routenpunkt (Way);T;Johann-Wilhelm-Straße;49.4640775;8.7633868;50.0;;;;;;Original OSM;370.0;-9.9
Routenpunkt (Way);T;Johann-Wilhelm-Straße;49.4641698;8.7634218;50.0;;;;;;Original OSM;368.7;-10.16
Routenpunkt (Way);T;Johann-Wilhelm-Straße;49.4642897;8.7634725;50.0;;;;;;Original OSM;367.4;-8.04
Routenpunkt (Way);T;Johann-Wilhelm-Straße;49.46440116666667;8.763542866666667;50.0;;;;;;Interpoliert;366.1;-4.94
Routenpunkt (Way);T;Johann-Wilhelm-Straße;49.464512633333335;8.763613233333334;50.0;;;;;;Interpoliert;366.4;-1.66
Routenpunkt (Way);T;Johann-Wilhelm-Straße;49.4646241;8.7636836;50.0;;;;;;Original OSM;367.0;0.68
Routenpunkt (Way);T;Johann-Wilhelm-Straße;49.4647429;8.76377;50.0;;;;;;Original OSM;367.6;1.56
Routenpunkt (Way);T;Johann-Wilhelm-Straße;49.4648574;8.7638157;50.0;;;;;;Interpoliert;367.9;0.17
Routenpunkt (Way);T;Johann-Wilhelm-Straße;49.4649719;8.7638614;50.0;;;;;;Interpoliert;367.2;-1.66
Routenpunkt (Way);T;;49.465099465;8.76392626;50.0;;;;;;Interpoliert (15m);366.5;-3.55
Routenpunkt (Way);T;Johann-Wilhelm-Straße;49.46522703;8.76399112;50.0;;;;;;Original OSM;365.8;-5.08
Routenpunkt (Way);T;;49.46532774833333;8.764085126666668;50.0;;;;;;Interpoliert (15m);365.1;-7.8
Routenpunkt (Way);T;Johann-Wilhelm-Straße;49.465428466666665;8.764179133333334;50.0;;;;;;Interpoliert;364.4;-10.46
Routenpunkt (Way);T;Johann-Wilhelm-Straße;49.46550043333333;8.764274566666666;50.0;;;;;;Interpoliert;362.4;-13.65
Routenpunkt (Way);T;;49.46558094791666;8.764366008333333;50.0;;;;;;Interpoliert (15m);360.4;-16.05
Routenpunkt (Way);T;Johann-Wilhelm-Straße;49.4656614625;8.764457449999998;50.0;;;;;;Original OSM;358.1;-19.5
Routenpunkt (Way);T;;49.46576643125;8.764545124999998;50.0;;;;;;Interpoliert (15m);355.8;-18.65
Routenpunkt (Way);T;Johann-Wilhelm-Straße;49.4658714;8.7646328;50.0;;;;;;Interpoliert;352.8;-18.54
Routenpunkt (Way);T;Johann-Wilhelm-Straße;49.4659825;8.7647111;50.0;;;;;;Original OSM;350.8;-17.58
Routenpunkt (Way);T;Johann-Wilhelm-Straße;49.4660745;8.7647831;50.0;;;;;;Original OSM;348.8;-16.87
Routenpunkt (Way);T;Johann-Wilhelm-Straße;49.4661642;8.76489;50.0;;;;;;Original OSM;346.8;-16.35
Routenpunkt (Way);T;Johann-Wilhelm-Straße;49.4662564;8.765032;50.0;;;;;;Original OSM;344.8;-14.21
Routenpunkt (Way);T;;49.46630120833333;8.765152208333333;50.0;;;;;;Interpoliert (15m);342.8;-11.52
Routenpunkt (Way);T;;49.46634601666666;8.765272416666665;50.0;;;;;;Interpoliert (15m);342.4;-8.96
Routenpunkt (Way);T;Johann-Wilhelm-Straße;49.466390825;8.765392624999999;50.0;;;;;;Original OSM;342.0;-6.82
Routenpunkt (Way);T;;49.466401437777776;8.76557184222222;50.0;;;;;;Interpoliert (15m);341.6;-2.37
Routenpunkt (Way);T;;49.466412050555554;8.765751059444442;50.0;;;;;;Interpoliert (15m);341.2;-0.8
Routenpunkt (Way);T;;49.466422663333326;8.765930276666666;50.0;;;;;;Interpoliert (15m);341.5;0.77
Routenpunkt (Way);T;;49.466433276111104;8.766109493888887;50.0;;;;;;Interpoliert (15m);342.0;2.14
Routenpunkt (Way);T;Johann-Wilhelm-Straße;49.46644388888888;8.766288711111109;50.0;;;;;;Original OSM;342.5;3.52
Routenpunkt (Way);T;;49.46642228148148;8.766467996296294;50.0;;;;;;Interpoliert (15m);343.0;3.81
Routenpunkt (Way);T;;49.46640067407407;8.76664728148148;50.0;;;;;;Interpoliert (15m);343.5;2.44
Routenpunkt (Way);T;Johann-Wilhelm-Straße;49.46637906666667;8.766826566666666;50.0;;;;;;Interpoliert;344.0;1.07
Routenpunkt (Way);T;Johann-Wilhelm-Straße;49.46634713333333;8.767003533333334;50.0;;;;;;Interpoliert;343.6;-0.4
Routenpunkt (Way);T;Johann-Wilhelm-Straße;49.4663152;8.7671805;50.0;;;;;;Original OSM;343.2;-1.88
Routenpunkt (Way);T;Johann-Wilhelm-Straße;49.4662919;8.767331133333334;50.0;;;;;;Interpoliert;342.8;-3.89
Routenpunkt (Way);T;Johann-Wilhelm-Straße;49.4662686;8.767481766666666;50.0;;;;;;Interpoliert;342.4;-4.59
Routenpunkt (Way);T;Johann-Wilhelm-Straße;49.4662453;8.7676324;50.0;;;;;;Original OSM;341.7;-5.39
Routenpunkt (Way);T;Johann-Wilhelm-Straße;49.4662271;8.7678213;50.0;;;;;;Original OSM;340.8;-6.03
Routenpunkt (Way);T;Johann-Wilhelm-Straße;49.4662268;8.767999;50.0;;;;;;Original OSM;339.9;-6.68
Routenpunkt (Way);T;Johann-Wilhelm-Straße;49.46623365;8.76818175;50.0;;;;;;Interpoliert;339.0;-6.7
Routenpunkt (Way);T;Johann-Wilhelm-Straße;49.4662405;8.7683645;50.0;;;;;;Original OSM;338.1;-5.88
Routenpunkt (Way);T;Johann-Wilhelm-Straße;49.4662585;8.7685581;50.0;;;;;;Original OSM;337.2;-4.99
Routenpunkt (Way);T;Johann-Wilhelm-Straße;49.466259;8.7687288;50.0;;;;;;Original OSM;336.9;-4.18
Routenpunkt (Way);T;Johann-Wilhelm-Straße;49.4662509;8.7688915;50.0;;;;;;Original OSM;336.6;-3.37
Routenpunkt (Way);T;;49.46622191;8.769034893333334;50.0;;;;;;Interpoliert (15m);336.3;-2.1
Routenpunkt (Way);T;;49.466192920000005;8.769178286666666;50.0;;;;;;Interpoliert (15m);336.0;-2.37
Routenpunkt (Way);T;Johann-Wilhelm-Straße;49.46616393000001;8.76932168;50.0;;;;;;Original OSM;336.0;-2.62
Routenpunkt (Way);T;;49.46614668666667;8.76946592;50.0;;;;;;Interpoliert (15m);335.6;-2.82
Routenpunkt (Way);T;;49.46612944333334;8.76961016;50.0;;;;;;Interpoliert (15m);335.2;-2.82
Routenpunkt (Way);T;Johann-Wilhelm-Straße;49.4661122;8.7697544;50.0;;;;;;Original OSM;334.8;-3.85
Routenpunkt (Way);T;Johann-Wilhelm-Straße;49.4661167;8.769953;50.0;;;;;;Original OSM;334.4;-4.12
Routenpunkt (Way);T;;49.466125775;8.770059825;50.0;;;;;;Interpoliert (15m);334.0;-5.54
Routenpunkt (Way);T;Johann-Wilhelm-Straße;49.46613485;8.77016665;50.0;;;;;;Original OSM;333.6;-6.95
Routenpunkt (Way);T;;49.46616646666667;8.77031187;50.0;;;;;;Interpoliert (15m);332.4;-8.56
Routenpunkt (Way);T;;49.46619808333333;8.77045709;50.0;;;;;;Interpoliert (15m);331.2;-9.62
Routenpunkt (Way);T;Johann-Wilhelm-Straße;49.4662297;8.770602310000001;50.0;;;;;;Original OSM;330.0;-9.99
Routenpunkt (Way);T;;49.4662752;8.770745055;50.0;;;;;;Interpoliert (15m);328.8;-10.67
Routenpunkt (Way);T;Johann-Wilhelm-Straße;49.4663207;8.7708878;50.0;;;;;;Original OSM;328.0;-11.21
Routenpunkt (Way);T;Johann-Wilhelm-Straße;49.466356;8.7710228;50.0;;;;;;Original OSM;326.5;-11.33
Routenpunkt (Way);T;Johann-Wilhelm-Straße;49.4663838;8.7711702;50.0;;;;;;Original OSM;325.0;-11.65
Routenpunkt (Way);T;Johann-Wilhelm-Straße;49.4664009;8.7713491;50.0;;;;;;Original OSM;323.5;-12.67
Routenpunkt (Way);T;Johann-Wilhelm-Straße;49.46641185;8.7715207;50.0;;;;;;Interpoliert;322.0;-10.87
Routenpunkt (Way);T;Johann-Wilhelm-Straße;49.4664228;8.7716923;50.0;;;;;;Original OSM;320.5;-10.76
Routenpunkt (Way);T;Johann-Wilhelm-Straße;49.4664378;8.7718753;50.0;;;;;;Original OSM;319.8;-11.05
Routenpunkt (Way);T;;49.46646565;8.772007225;50.0;;;;;;Interpoliert (15m);318.5;-3.79
Routenpunkt (Way);T;Johann-Wilhelm-Straße;49.4664935;8.77213915;50.0;;;;;;Original OSM;317.2;3.47
Routenpunkt (Way);T;;49.46653306666666;8.7722681;50.0;;;;;;Interpoliert (15m);319.7;10.73
Routenpunkt (Way);T;;49.466572633333335;8.772397049999999;50.0;;;;;;Interpoliert (15m);322.2;20.82
Routenpunkt (Way);T;Johann-Wilhelm-Straße;49.4666122;8.772526;50.0;;;;;;Original OSM;325.4;30.92
Routenpunkt (Way);T;;49.4666416375;8.772635025;50.0;;;;;;Interpoliert (15m);328.6;34.25
Routenpunkt (Way);T;Johann-Wilhelm-Straße;49.46667107500001;8.77274405;50.0;;;;;;Original OSM;331.8;32.01
Haltestelle;W;Wilhelmsfeld, Unterdorf;49.466685350000006;8.772800799999999;50.0;17:57:00;17:57:00;Kein Umlauf;Mo,Di,Mi,Do,Fr;446.0;Original GTFS (Snap-Distanz 5m) | Auf Route gesnappt (5m);333.6;28.41
Routenpunkt (Way);T;;49.46672634000001;8.772980985;50.0;;;;;;Interpoliert (15m);335.4;25.58
Routenpunkt (Way);T;Johann-Wilhelm-Straße;49.46676733;8.77316117;50.0;;;;;;Original OSM;337.2;22.75
Routenpunkt (Way);T;;49.46679993333333;8.773294253333333;50.0;;;;;;Interpoliert (15m);339.6;9.11
Routenpunkt (Way);T;;49.46683253666667;8.773427336666668;50.0;;;;;;Interpoliert (15m);342.0;2.31
Routenpunkt (Way);T;Johann-Wilhelm-Straße;49.46686514;8.77356042;50.0;;;;;;Interpoliert;339.2;-4.48
Routenpunkt (Way);T;Johann-Wilhelm-Straße;49.46691268;8.77373044;50.0;;;;;;Interpoliert;336.4;-13.34
Routenpunkt (Way);T;Johann-Wilhelm-Straße;49.46696022;8.77390046;50.0;;;;;;Interpoliert;333.6;-22.2
Routenpunkt (Way);T;Johann-Wilhelm-Straße;49.46700776;8.774070479999999;50.0;;;;;;Interpoliert;330.8;-21.88
Routenpunkt (Way);T;Johann-Wilhelm-Straße;49.4670553;8.7742405;50.0;;;;;;Original OSM;328.0;-21.92
Routenpunkt (Way);T;Johann-Wilhelm-Straße;49.4670982;8.7743762;50.0;;;;;;Original OSM;325.2;-21.95
Routenpunkt (Way);T;Johann-Wilhelm-Straße;49.46715556666667;8.774537166666667;50.0;;;;;;Interpoliert;322.4;-21.99
Routenpunkt (Way);T;Johann-Wilhelm-Straße;49.467212933333336;8.774698133333334;50.0;;;;;;Interpoliert;319.6;-16.18
Routenpunkt (Way);T;Johann-Wilhelm-Straße;49.4672703;8.7748591;50.0;;;;;;Original OSM;316.8;-9.91
Routenpunkt (Way);T;;49.467317695000006;8.775013865000002;50.0;;;;;;Interpoliert (15m);317.8;-4.65
Routenpunkt (Way);T;Johann-Wilhelm-Straße;49.46736509;8.775168630000001;50.0;;;;;;Original OSM;318.5;0.61
Routenpunkt (Way);T;;49.467415895;8.775337656666668;50.0;;;;;;Interpoliert (15m);319.2;5.8
Routenpunkt (Way);T;Johann-Wilhelm-Straße;49.4674667;8.775506683333333;70.0;;;;;;Interpoliert;319.9;5.16
Routenpunkt (Way);T;Johann-Wilhelm-Straße;49.4675212;8.775687066666666;70.0;;;;;;Interpoliert;320.6;5.0
Routenpunkt (Way);T;Johann-Wilhelm-Straße;49.4675757;8.77586745;70.0;;;;;;Interpoliert;321.3;4.94
Routenpunkt (Way);T;Johann-Wilhelm-Straße;49.4676302;8.776047833333333;70.0;;;;;;Interpoliert;322.0;4.87
Routenpunkt (Way);T;Johann-Wilhelm-Straße;49.4676847;8.776228216666667;70.0;;;;;;Interpoliert;322.7;4.92
Routenpunkt (Way);T;Johann-Wilhelm-Straße;49.4677392;8.7764086;70.0;;;;;;Original OSM;323.4;-0.37
Routenpunkt (Way);T;Johann-Wilhelm-Straße;49.4677919;8.776579;70.0;;;;;;Original OSM;324.1;-4.83
Routenpunkt (Way);T;Johann-Wilhelm-Straße;49.46785157272728;8.776755099999999;70.0;;;;;;Interpoliert;321.0;-9.29
Routenpunkt (Way);T;Johann-Wilhelm-Straße;49.46791124545455;8.7769312;70.0;;;;;;Interpoliert;318.5;-13.75
Routenpunkt (Way);T;Johann-Wilhelm-Straße;49.46797091818182;8.777107299999999;70.0;;;;;;Interpoliert;316.0;-18.26
Routenpunkt (Way);T;Johann-Wilhelm-Straße;49.468030590909095;8.7772834;70.0;;;;;;Interpoliert;313.5;-15.05
Routenpunkt (Way);T;Johann-Wilhelm-Straße;49.46809026363636;8.777459499999999;70.0;;;;;;Interpoliert;311.0;-10.73
Routenpunkt (Way);T;Johann-Wilhelm-Straße;49.46814993636364;8.7776356;70.0;;;;;;Interpoliert;310.2;-6.41
Routenpunkt (Way);T;Johann-Wilhelm-Straße;49.468209609090906;8.777811699999999;70.0;;;;;;Interpoliert;310.8;-2.09
Routenpunkt (Way);T;Johann-Wilhelm-Straße;49.46826928181818;8.7779878;70.0;;;;;;Interpoliert;311.4;2.23
Routenpunkt (Way);T;Johann-Wilhelm-Straße;49.468328954545456;8.7781639;70.0;;;;;;Interpoliert;312.0;2.23
Routenpunkt (Way);T;Johann-Wilhelm-Straße;49.46838862727272;8.77834;70.0;;;;;;Interpoliert;312.6;1.81
Routenpunkt (Way);T;Johann-Wilhelm-Straße;49.4684483;8.7785161;70.0;;;;;;Original OSM;311.8;1.4
Routenpunkt (Way);T;Johann-Wilhelm-Straße;49.468510085714286;8.778689114285713;70.0;;;;;;Interpoliert;312.1;0.98
Routenpunkt (Way);T;Johann-Wilhelm-Straße;49.46857187142857;8.778862128571427;70.0;;;;;;Interpoliert;312.4;0.57
Routenpunkt (Way);T;Johann-Wilhelm-Straße;49.46863365714286;8.779035142857142;70.0;;;;;;Interpoliert;312.7;-2.38
Routenpunkt (Way);T;Johann-Wilhelm-Straße;49.46869544285714;8.779208157142858;70.0;;;;;;Interpoliert;313.0;-6.87
Routenpunkt (Way);T;Johann-Wilhelm-Straße;49.46875722857143;8.779381171428572;70.0;;;;;;Interpoliert;310.1;-11.36
Routenpunkt (Way);T;Johann-Wilhelm-Straße;49.468819014285714;8.779554185714286;70.0;;;;;;Interpoliert;307.2;-16.55
Routenpunkt (Way);T;Johann-Wilhelm-Straße;49.4688808;8.7797272;70.0;;;;;;Original OSM;304.3;-16.48
Routenpunkt (Way);T;Johann-Wilhelm-Straße;49.46893295;8.779874849999999;70.0;;;;;;Interpoliert;301.4;-9.4
Routenpunkt (Way);T;Johann-Wilhelm-Straße;49.4689851;8.7800225;70.0;;;;;;Original OSM;301.7;-6.05
Routenpunkt (Way);T;Johann-Wilhelm-Straße;49.4690308;8.780162125;70.0;;;;;;Interpoliert;303.4;-2.69
Routenpunkt (Way);T;Johann-Wilhelm-Straße;49.4690765;8.78030175;70.0;;;;;;Interpoliert;303.0;1.38
Routenpunkt (Way);T;Johann-Wilhelm-Straße;49.4691222;8.780441374999999;70.0;;;;;;Interpoliert;302.6;0.24
Routenpunkt (Way);T;Johann-Wilhelm-Straße;49.4691679;8.780581;70.0;;;;;;Original OSM;302.2;-1.0
Routenpunkt (Way);T;Johann-Wilhelm-Straße;49.46920765;8.780741899999999;70.0;;;;;;Interpoliert;301.8;1.6
Routenpunkt (Way);T;Johann-Wilhelm-Straße;49.4692474;8.7809028;70.0;;;;;;Original OSM;302.9;1.11
Routenpunkt (Way);T;Johann-Wilhelm-Straße;49.469273650000005;8.7810585;70.0;;;;;;Interpoliert;304.0;0.54
Routenpunkt (Way);T;Johann-Wilhelm-Straße;49.4692999;8.7812142;70.0;;;;;;Original OSM;303.3;-5.89
Routenpunkt (Way);T;Johann-Wilhelm-Straße;49.4693169;8.78136455;70.0;;;;;;Interpoliert;302.6;-14.84
Routenpunkt (Way);T;Johann-Wilhelm-Straße;49.4693339;8.7815149;70.0;;;;;;Original OSM;298.7;-19.38
Routenpunkt (Way);T;Johann-Wilhelm-Straße;49.469344500000005;8.7816643;70.0;;;;;;Interpoliert;294.8;-24.59
Routenpunkt (Way);T;Johann-Wilhelm-Straße;49.46935775;8.781850850000001;50.0;;;;;;Original OSM;293.0;-29.73
Routenpunkt (Way);T;;49.469364775;8.781958275000001;50.0;;;;;;Interpoliert (15m);290.5;-26.53
Routenpunkt (Way);T;Johann-Wilhelm-Straße;49.4693718;8.7820657;50.0;;;;;;Interpoliert;288.0;-23.22
Routenpunkt (Way);T;Johann-Wilhelm-Straße;49.4693832;8.7822434;50.0;;;;;;Interpoliert;285.5;-24.46
Routenpunkt (Way);T;Johann-Wilhelm-Straße;49.4693946;8.7824211;50.0;;;;;;Original OSM;283.0;-18.67
Routenpunkt (Way);T;Johann-Wilhelm-Straße;49.469406;8.78259822;50.0;;;;;;Interpoliert;280.5;-12.88
Routenpunkt (Way);T;Johann-Wilhelm-Straße;49.4694174;8.78277534;50.0;;;;;;Interpoliert;280.1;-9.63
Routenpunkt (Way);T;Johann-Wilhelm-Straße;49.4694288;8.78295246;50.0;;;;;;Interpoliert;279.7;-6.38
Routenpunkt (Way);T;Johann-Wilhelm-Straße;49.4694402;8.78312958;50.0;;;;;;Interpoliert;279.3;-0.69
Routenpunkt (Way);T;Johann-Wilhelm-Straße;49.4694516;8.7833067;50.0;;;;;;Original OSM;278.9;2.79
Routenpunkt (Way);T;Johann-Wilhelm-Straße;49.46944215;8.78349045;50.0;;;;;;Interpoliert;280.1;6.34
Routenpunkt (Way);T;Johann-Wilhelm-Straße;49.4694327;8.7836742;50.0;;;;;;Original OSM;282.0;9.89
Routenpunkt (Way);T;Johann-Wilhelm-Straße;49.46940493333333;8.783848566666666;50.0;;;;;;Interpoliert;283.9;13.44
Routenpunkt (Way);T;Johann-Wilhelm-Straße;49.46937716666667;8.784022933333334;50.0;;;;;;Interpoliert;285.8;15.54
Routenpunkt (Way);T;Johann-Wilhelm-Straße;49.4693494;8.7841973;50.0;;;;;;Original OSM;287.7;11.61
Routenpunkt (Way);T;Johann-Wilhelm-Straße;49.4693133;8.784395433333334;50.0;;;;;;Interpoliert;290.6;7.61
Routenpunkt (Way);T;Johann-Wilhelm-Straße;49.4692772;8.784593566666667;50.0;;;;;;Interpoliert;289.8;3.55
Routenpunkt (Way);T;Johann-Wilhelm-Straße;49.4692411;8.7847917;50.0;;;;;;Original OSM;289.0;-0.78
Routenpunkt (Way);T;Johann-Wilhelm-Straße;49.469206533333335;8.784981499999999;50.0;;;;;;Interpoliert;288.2;-8.33
Routenpunkt (Way);T;Johann-Wilhelm-Straße;49.46917196666666;8.7851713;50.0;;;;;;Interpoliert;287.2;-10.91
Routenpunkt (Way);T;Johann-Wilhelm-Straße;49.4691374;8.7853611;50.0;;;;;;Interpoliert;284.6;-13.48
Routenpunkt (Way);T;Johann-Wilhelm-Straße;49.46910283333333;8.785550899999999;50.0;;;;;;Interpoliert;282.0;-16.01
Routenpunkt (Way);T;Johann-Wilhelm-Straße;49.46906826666667;8.7857407;50.0;;;;;;Interpoliert;279.4;-19.01
Routenpunkt (Way);T;Johann-Wilhelm-Straße;49.4690337;8.7859305;50.0;;;;;;Original OSM;276.8;-21.53
Routenpunkt (Way);T;Johann-Wilhelm-Straße;49.4690096;8.786083066666666;50.0;;;;;;Interpoliert;274.3;-18.05
Routenpunkt (Way);T;Johann-Wilhelm-Straße;49.4689855;8.786235633333332;50.0;;;;;;Interpoliert;270.8;-14.55
Routenpunkt (Way);T;Johann-Wilhelm-Straße;49.4689614;8.7863882;50.0;;;;;;Original OSM;270.7;-11.08
Routenpunkt (Way);T;Johann-Wilhelm-Straße;49.4689425;8.7865732;50.0;;;;;;Original OSM;270.6;-6.86
Routenpunkt (Way);T;Johann-Wilhelm-Straße;49.4689384;8.7867246;50.0;;;;;;Original OSM;270.5;-0.87
Routenpunkt (Way);T;Johann-Wilhelm-Straße;49.4689361;8.78687755;50.0;;;;;;Interpoliert;270.4;-0.86
Routenpunkt (Way);T;Johann-Wilhelm-Straße;49.4689338;8.7870305;50.0;;;;;;Original OSM;270.3;-0.88
Routenpunkt (Way);T;Johann-Wilhelm-Straße;49.46893806;8.7871978;50.0;;;;;;Interpoliert;270.2;-0.86
Routenpunkt (Way);T;Johann-Wilhelm-Straße;49.46894232;8.7873651;50.0;;;;;;Interpoliert;270.1;-1.01
Routenpunkt (Way);T;Johann-Wilhelm-Straße;49.46894658;8.7875324;50.0;;;;;;Interpoliert;270.0;-0.83
Routenpunkt (Way);T;Johann-Wilhelm-Straße;49.468950840000005;8.787699700000001;50.0;;;;;;Interpoliert;269.8;-1.16
Haltestelle;W;Wilhelmsfeld, Kettenschmiede;49.468950840000005;8.787699700000001;50.0;17:59:00;17:59:00;Kein Umlauf;Mo,Di,Mi,Do,Fr;446.0;Original GTFS (Snap-Distanz 6m) | Auf Route gesnappt (6m);269.5;-1.51
Routenpunkt (Way);T;Johann-Wilhelm-Straße;49.4689551;8.787867;50.0;;;;;;Original OSM;269.2;-1.84
Routenpunkt (Way);T;Johann-Wilhelm-Straße;49.4689496;8.7880264;50.0;;;;;;Interpoliert;268.9;-1.67
Routenpunkt (Way);T;;49.46894085;8.7881952375;50.0;;;;;;Interpoliert (15m);268.6;-1.84
Routenpunkt (Way);T;Johann-Wilhelm-Straße;49.4689321;8.788364075;50.0;;;;;;Original OSM;268.5;-1.68
Routenpunkt (Way);T;;49.46891805;8.7885258375;50.0;;;;;;Interpoliert (15m);268.4;-1.52
Routenpunkt (Way);T;Johann-Wilhelm-Straße;49.468904;8.7886876;50.0;;;;;;Original OSM;268.2;-1.39
Routenpunkt (Way);T;Johann-Wilhelm-Straße;49.46888703333333;8.788839533333332;50.0;;;;;;Interpoliert;268.0;-1.59
Routenpunkt (Way);T;Johann-Wilhelm-Straße;49.46887006666667;8.788991466666667;50.0;;;;;;Interpoliert;267.8;-1.61
Routenpunkt (Way);T;;49.46885255208333;8.789140558333333;50.0;;;;;;Interpoliert (15m);267.6;-0.07
Routenpunkt (Way);T;Johann-Wilhelm-Straße;49.4688350375;8.78928965;50.0;;;;;;Original OSM;267.5;1.48
Routenpunkt (Way);T;;49.46882039375;8.7894035;50.0;;;;;;Interpoliert (15m);268.0;2.81
Routenpunkt (Way);T;Johann-Wilhelm-Straße;49.46880575;8.78951735;50.0;;;;;;Interpoliert;268.5;3.87
Routenpunkt (Way);T;Adam-Remmele-Straße;49.4687873;8.7896573;50.0;;;;;;Original OSM;269.0;4.75
Routenpunkt (Way);T;Adam-Remmele-Straße;49.4687673;8.789853266666666;50.0;;;;;;Interpoliert;269.5;4.67
Routenpunkt (Way);T;Adam-Remmele-Straße;49.4687473;8.790049233333333;50.0;;;;;;Interpoliert;270.0;4.8
Routenpunkt (Way);T;Adam-Remmele-Straße;49.4687273;8.7902452;50.0;;;;;;Original OSM;270.8;5.11
Routenpunkt (Way);T;Adam-Remmele-Straße;49.4687075;8.7904104;50.0;;;;;;Original OSM;271.6;5.69
Routenpunkt (Way);T;Adam-Remmele-Straße;49.4686969;8.790582725;50.0;;;;;;Interpoliert;272.4;6.27
Routenpunkt (Way);T;Adam-Remmele-Straße;49.4686863;8.790755050000001;50.0;;;;;;Interpoliert;273.2;5.0
Routenpunkt (Way);T;Adam-Remmele-Straße;49.468675700000006;8.790927375;50.0;;;;;;Interpoliert;274.0;3.5
Routenpunkt (Way);T;Adam-Remmele-Straße;49.4686651;8.7910997;50.0;;;;;;Original OSM;273.9;2.04
Routenpunkt (Way);T;Adam-Remmele-Straße;49.4686625;8.791255849999999;50.0;;;;;;Interpoliert;273.8;0.61
Routenpunkt (Way);T;Adam-Remmele-Straße;49.4686599;8.791412;50.0;;;;;;Original OSM;273.7;-1.44
Routenpunkt (Way);T;Adam-Remmele-Straße;49.4686634;8.7915915;50.0;;;;;;Original OSM;273.6;-2.36
Routenpunkt (Way);T;Adam-Remmele-Straße;49.46866735;8.79177125;50.0;;;;;;Interpoliert;273.1;-3.14
Routenpunkt (Way);T;Adam-Remmele-Straße;49.4686713;8.791951;50.0;;;;;;Original OSM;272.4;-3.92
Routenpunkt (Way);T;Adam-Remmele-Straße;49.46868438;8.79215172;50.0;;;;;;Interpoliert;271.7;-4.73
Routenpunkt (Way);T;Adam-Remmele-Straße;49.46869746;8.79235244;50.0;;;;;;Interpoliert;271.0;-6.7
Routenpunkt (Way);T;Adam-Remmele-Straße;49.46871054;8.792553159999999;50.0;;;;;;Interpoliert;270.3;-7.96
Routenpunkt (Way);T;Adam-Remmele-Straße;49.46872362;8.79275388;50.0;;;;;;Interpoliert;268.3;-10.02
Routenpunkt (Way);T;Adam-Remmele-Straße;49.4687367;8.7929546;50.0;;;;;;Original OSM;266.6;-12.09
Routenpunkt (Way);T;Adam-Remmele-Straße;49.46874773333333;8.793109133333333;50.0;;;;;;Interpoliert;264.9;-14.16
Routenpunkt (Way);T;Adam-Remmele-Straße;49.46875876666667;8.793263666666666;50.0;;;;;;Interpoliert;263.2;-14.14
Routenpunkt (Way);T;Adam-Remmele-Straße;49.4687698;8.7934182;50.0;;;;;;Original OSM;261.5;-15.99
Routenpunkt (Way);T;;49.468789725;8.793546724999999;50.0;;;;;;Interpoliert (15m);260.2;-16.69
Routenpunkt (Way);T;Adam-Remmele-Straße;49.46880965;8.79367525;50.0;;;;;;Original OSM;258.2;-17.39
Routenpunkt (Way);T;;49.468833175;8.793819424999999;50.0;;;;;;Interpoliert (15m);256.2;-17.75
Routenpunkt (Way);T;Adam-Remmele-Straße;49.4688567;8.7939636;50.0;;;;;;Original OSM;254.2;-16.08
Routenpunkt (Way);T;Adam-Remmele-Straße;49.4688865;8.7941204;50.0;;;;;;Original OSM;252.2;-13.8
Routenpunkt (Way);T;Adam-Remmele-Straße;49.4689298;8.794291;50.0;;;;;;Original OSM;251.5;-11.85
Routenpunkt (Way);T;Adam-Remmele-Straße;49.4689681;8.794470700000002;50.0;;;;;;Original OSM;250.2;-7.55
Routenpunkt (Way);T;Adam-Remmele-Straße;49.4690136;8.7946603;50.0;;;;;;Interpoliert;248.9;-3.59
Routenpunkt (Way);T;;49.4690465;8.7947949;50.0;;;;;;Interpoliert (15m);249.2;-2.0
Routenpunkt (Way);T;Adam-Remmele-Straße;49.4690794;8.7949295;50.0;;;;;;Original OSM;249.5;-0.27
Routenpunkt (Way);T;;49.46911455;8.795077625000001;50.0;;;;;;Interpoliert (15m);249.8;1.36
Routenpunkt (Way);T;Adam-Remmele-Straße;49.4691497;8.79522575;50.0;;;;;;Interpoliert;249.7;0.59
Routenpunkt (Way);T;Adam-Remmele-Straße;49.4691921;8.7954078;50.0;;;;;;Original OSM;249.6;-0.15
Routenpunkt (Way);T;Adam-Remmele-Straße;49.4692226;8.7955388;50.0;;;;;;Original OSM;249.5;-0.84
Routenpunkt (Way);T;Adam-Remmele-Straße;49.46925556666667;8.795705;50.0;;;;;;Interpoliert;249.4;0.32
Routenpunkt (Way);T;Adam-Remmele-Straße;49.46928853333333;8.795871199999999;50.0;;;;;;Interpoliert;249.3;-0.71
Routenpunkt (Way);T;;49.46931486666666;8.796006275;50.0;;;;;;Interpoliert (15m);249.8;-6.14
Routenpunkt (Way);T;Adam-Remmele-Straße;49.4693412;8.79614135;50.0;;;;;;Original OSM;249.2;-9.31
Haltestelle;W;Altneudorf, Im Hauskorb;49.4693609;8.7962453;50.0;18:00:00;18:00:00;Kein Umlauf;Mo,Di,Mi,Do,Fr;446.0;Original GTFS (Snap-Distanz 7m) | Auf Route gesnappt (7m);247.0;-12.49
Routenpunkt (Way);T;;49.4693765;8.79642629;50.0;;;;;;Interpoliert (15m);244.8;-15.53
Routenpunkt (Way);T;Adam-Remmele-Straße;49.46939210000001;8.79660728;50.0;;;;;;Original OSM;242.6;-16.41
Routenpunkt (Way);T;;49.46938003333334;8.796754042222222;50.0;;;;;;Interpoliert (15m);241.5;-13.59
Routenpunkt (Way);T;;49.469367966666674;8.796900804444446;50.0;;;;;;Interpoliert (15m);240.4;-13.22
Routenpunkt (Way);T;Adam-Remmele-Straße;49.4693559;8.797047566666668;50.0;;;;;;Original OSM;238.9;-12.84
Routenpunkt (Way);T;;49.469323737500005;8.797168708333334;50.0;;;;;;Interpoliert (15m);237.5;-13.23
Routenpunkt (Way);T;Adam-Remmele-Straße;49.469291575;8.79728985;50.0;;;;;;Interpoliert;236.1;-11.7
Routenpunkt (Way);T;Adam-Remmele-Straße;49.46924725;8.7974328;50.0;;;;;;Interpoliert;234.7;-9.77
Routenpunkt (Way);T;Adam-Remmele-Straße;49.469202925;8.79757575;50.0;;;;;;Interpoliert;234.4;-7.5
Routenpunkt (Way);T;Adam-Remmele-Straße;49.4691586;8.7977187;50.0;;;;;;Original OSM;233.9;-5.24
Routenpunkt (Way);T;Adam-Remmele-Straße;49.46910376666667;8.797898033333334;50.0;;;;;;Interpoliert;233.4;-3.49
Routenpunkt (Way);T;Adam-Remmele-Straße;49.46904893333333;8.798077366666666;50.0;;;;;;Interpoliert;232.9;-3.84
Routenpunkt (Way);T;Adam-Remmele-Straße;49.4689941;8.7982567;50.0;;;;;;Original OSM;232.4;-3.14
Routenpunkt (Way);T;Adam-Remmele-Straße;49.46895105;8.7984013;50.0;;;;;;Interpoliert;231.9;-3.48
Routenpunkt (Way);T;Adam-Remmele-Straße;49.468908;8.7985459;50.0;;;;;;Interpoliert;231.8;-3.83
Routenpunkt (Way);T;Adam-Remmele-Straße;49.46886495;8.7986905;50.0;;;;;;Interpoliert;231.2;-4.32
Routenpunkt (Way);T;Adam-Remmele-Straße;49.4688219;8.7988351;50.0;;;;;;Original OSM;230.6;-4.65
Routenpunkt (Way);T;Adam-Remmele-Straße;49.468782700000006;8.798960600000001;50.0;;;;;;Interpoliert;230.0;-5.24
Routenpunkt (Way);T;Adam-Remmele-Straße;49.4687435;8.7990861;50.0;;;;;;Original OSM;229.4;-4.97
Routenpunkt (Way);T;Adam-Remmele-Straße;49.46869955;8.799213250000001;50.0;;;;;;Interpoliert;229.0;-4.98
Routenpunkt (Way);T;Adam-Remmele-Straße;49.4686556;8.7993404;50.0;;;;;;Original OSM;228.6;-4.85
Routenpunkt (Way);T;Adam-Remmele-Straße;49.46860976666667;8.799480133333333;50.0;;;;;;Interpoliert;228.0;-4.72
Routenpunkt (Way);T;Adam-Remmele-Straße;49.46856393333333;8.799619866666667;50.0;;;;;;Interpoliert;227.4;-4.81
Routenpunkt (Way);T;Adam-Remmele-Straße;49.4685181;8.7997596;50.0;;;;;;Original OSM;226.8;-4.32
Routenpunkt (Way);T;Adam-Remmele-Straße;49.46846116666666;8.7999332;50.0;;;;;;Interpoliert;226.2;-3.74
Routenpunkt (Way);T;Adam-Remmele-Straße;49.46840423333333;8.8001068;50.0;;;;;;Interpoliert;226.0;-3.15
Routenpunkt (Way);T;;49.46837071666667;8.800210799999999;50.0;;;;;;Interpoliert (15m);225.8;-3.6
Routenpunkt (Way);T;Adam-Remmele-Straße;49.4683372;8.800314799999999;50.0;;;;;;Original OSM;225.6;-4.26
Routenpunkt (Way);T;;49.4682925875;8.8004231375;50.0;;;;;;Interpoliert (15m);224.9;-5.28
Routenpunkt (Way);T;Adam-Remmele-Straße;49.468247975;8.800531475;50.0;;;;;;Original OSM;224.2;-5.74
Routenpunkt (Way);T;;49.4681833375;8.8006413875;50.0;;;;;;Interpoliert (15m);223.5;-5.94
Routenpunkt (Way);T;Adam-Remmele-Straße;49.4681187;8.8007513;50.0;;;;;;Original OSM;223.0;-5.39
Routenpunkt (Way);T;Adam-Remmele-Straße;49.4680135;8.800875;50.0;;;;;;Original OSM;222.5;-4.83
Routenpunkt (Way);T;;49.46793365;8.800951083333333;50.0;;;;;;Interpoliert (15m);222.0;-4.35
Routenpunkt (Way);T;Adam-Remmele-Straße;49.4678538;8.801027166666666;50.0;;;;;;Original OSM;221.5;-4.24
Routenpunkt (Way);T;;49.46775340000001;8.801093858333331;50.0;;;;;;Interpoliert (15m);221.0;-4.52
Routenpunkt (Way);T;Adam-Remmele-Straße;49.467653000000006;8.801160549999999;50.0;;;;;;Original OSM;220.5;-3.56
Routenpunkt (Way);T;;49.46756263333334;8.801199691666666;50.0;;;;;;Interpoliert (15m);220.0;-2.6
Routenpunkt (Way);T;Adam-Remmele-Straße;49.46747226666667;8.801238833333333;50.0;;;;;;Interpoliert;220.0;-1.78
Routenpunkt (Way);T;Adam-Remmele-Straße;49.46735593333333;8.801283166666666;50.0;;;;;;Interpoliert;220.0;-0.96
Routenpunkt (Way);T;;49.46728336666666;8.801311216666665;50.0;;;;;;Interpoliert (15m);220.0;0.0
Routenpunkt (Way);T;Adam-Remmele-Straße;49.4672108;8.801339266666666;50.0;;;;;;Original OSM;220.0;0.0
Routenpunkt (Way);T;;49.467093250000005;8.801394958333333;50.0;;;;;;Interpoliert (15m);220.0;0.0
Routenpunkt (Way);T;Adam-Remmele-Straße;49.466975700000006;8.80145065;50.0;;;;;;Interpoliert;220.0;-0.36
Haltestelle;W;Altneudorf, Steinachbrücke;49.466975700000006;8.80145065;50.0;18:01:00;18:01:00;Kein Umlauf;Mo,Di,Mi,Do,Fr;446.0;Original GTFS (Snap-Distanz 3m) | Auf Route gesnappt (3m);219.9;-0.72
Routenpunkt (Way);T;Adam-Remmele-Straße;49.4668823;8.8015029;50.0;;;;;;Original OSM;219.7;-1.16
Routenpunkt (Way);T;Adam-Remmele-Straße;49.4667936;8.8015783;50.0;;;;;;Original OSM;219.5;-1.61
Routenpunkt (Way);T;;49.46673054375;8.80165528125;50.0;;;;;;Interpoliert (15m);219.3;-1.95
Routenpunkt (Way);T;Adam-Remmele-Straße;49.4666674875;8.8017322625;50.0;;;;;;Original OSM;219.1;-1.25
Routenpunkt (Way);T;;49.46659929375;8.801859831249999;50.0;;;;;;Interpoliert (15m);218.9;-0.51
Routenpunkt (Way);T;Adam-Remmele-Straße;49.4665311;8.8019874;50.0;;;;;;Original OSM;219.1;0.31
Routenpunkt (Way);T;Adam-Remmele-Straße;49.46649075;8.802119300000001;50.0;;;;;;Interpoliert;219.3;1.27
Routenpunkt (Way);T;Adam-Remmele-Straße;49.4664504;8.8022512;50.0;;;;;;Original OSM;219.5;2.24
Routenpunkt (Way);T;Adam-Remmele-Straße;49.466418;8.8024075;50.0;;;;;;Original OSM;219.8;2.05
Routenpunkt (Way);T;Adam-Remmele-Straße;49.4664411;8.8025768;50.0;;;;;;Original OSM;220.2;2.36
Routenpunkt (Way);T;Altneudorfer Straße;49.466501;8.8027477;50.0;;;;;;Original OSM;220.3;2.66
Routenpunkt (Way);T;Altneudorfer Straße;49.46662045;8.80266615;50.0;;;;;;Interpoliert;220.8;2.89
Routenpunkt (Way);T;Altneudorfer Straße;49.4667399;8.8025846;50.0;;;;;;Original OSM;221.3;2.99
Routenpunkt (Way);T;;49.46685885;8.8025396875;50.0;;;;;;Interpoliert (15m);221.8;3.01
Routenpunkt (Way);T;Altneudorfer Straße;49.4669778;8.802494775;50.0;;;;;;Original OSM;222.3;2.32
Routenpunkt (Way);T;;49.46708579999999;8.8025073875;50.0;;;;;;Interpoliert (15m);222.4;1.63
Routenpunkt (Way);T;Altneudorfer Straße;49.4671938;8.80252;50.0;;;;;;Original OSM;222.4;0.74
Routenpunkt (Way);T;Altneudorfer Straße;49.4672838;8.8025771;50.0;;;;;;Original OSM;222.4;-0.18
Routenpunkt (Way);T;Altneudorfer Straße;49.4673756;8.8026719;50.0;;;;;;Original OSM;222.3;0.34
Routenpunkt (Way);T;Altneudorfer Straße;49.46744805;8.80276965;50.0;;;;;;Interpoliert;222.2;0.11
Routenpunkt (Way);T;;49.467508441666666;8.802846408333334;50.0;;;;;;Interpoliert (15m);222.5;-0.09
Routenpunkt (Way);T;Altneudorfer Straße;49.46756883333334;8.802923166666666;50.0;;;;;;Original OSM;222.4;-0.12
Routenpunkt (Way);T;;49.46765217777778;8.802983399999999;50.0;;;;;;Interpoliert (15m);222.3;-0.13
Routenpunkt (Way);T;;49.46773552222223;8.803043633333333;50.0;;;;;;Interpoliert (15m);222.2;-1.02
Routenpunkt (Way);T;Altneudorfer Straße;49.46781886666667;8.803103866666666;50.0;;;;;;Original OSM;222.1;-0.59
Routenpunkt (Way);T;;49.467908433333335;8.803118383333333;50.0;;;;;;Interpoliert (15m);222.0;-0.2
Routenpunkt (Way);T;Altneudorfer Straße;49.467998;8.8031329;50.0;;;;;;Original OSM;222.1;0.19
Routenpunkt (Way);T;;49.46809035;8.8031246;50.0;;;;;;Interpoliert (15m);222.2;0.6
Routenpunkt (Way);T;Altneudorfer Straße;49.4681827;8.8031163;50.0;;;;;;Original OSM;222.3;1.01
Routenpunkt (Way);T;;49.468267525;8.803096275;50.0;;;;;;Interpoliert (15m);222.4;0.98
Routenpunkt (Way);T;Altneudorfer Straße;49.46835235;8.80307625;50.0;;;;;;Interpoliert;222.5;0.96
Routenpunkt (Way);T;Altneudorfer Straße;49.4684549;8.8030476;50.0;;;;;;Interpoliert;222.6;0.94
Routenpunkt (Way);T;Altneudorfer Straße;49.46855745;8.803018949999998;50.0;;;;;;Interpoliert;222.7;0.89
Routenpunkt (Way);T;Altneudorfer Straße;49.46866;8.8029903;50.0;;;;;;Original OSM;222.8;2.74
Routenpunkt (Way);T;Altneudorfer Straße;49.468770033333335;8.802948766666667;50.0;;;;;;Interpoliert;222.9;4.78
Routenpunkt (Way);T;Altneudorfer Straße;49.46888006666666;8.802907233333332;50.0;;;;;;Interpoliert;224.2;6.81
Routenpunkt (Way);T;;49.468976358333336;8.802881816666666;50.0;;;;;;Interpoliert (15m);225.4;8.98
Routenpunkt (Way);T;Altneudorfer Straße;49.46907265000001;8.802856400000001;50.0;;;;;;Original OSM;226.6;11.16
Routenpunkt (Way);T;;49.46916494166668;8.802850316666667;50.0;;;;;;Interpoliert (15m);227.8;11.21
Routenpunkt (Way);T;Altneudorfer Straße;49.46925723333334;8.802844233333333;50.0;;;;;;Interpoliert;229.0;11.11
Routenpunkt (Way);T;Altneudorfer Straße;49.469359266666665;8.802841366666666;50.0;;;;;;Interpoliert;230.2;11.14
Routenpunkt (Way);T;Altneudorfer Straße;49.4694613;8.8028385;50.0;;;;;;Original OSM;231.4;15.33
Routenpunkt (Way);T;Altneudorfer Straße;49.4695576;8.80282925;50.0;;;;;;Interpoliert;232.6;15.94
Routenpunkt (Way);T;Altneudorfer Straße;49.4696539;8.80282;50.0;;;;;;Original OSM;236.1;14.56
Routenpunkt (Way);T;Altneudorfer Straße;49.46974895;8.80278555;50.0;;;;;;Interpoliert;237.7;13.02
Routenpunkt (Way);T;Altneudorfer Straße;49.469844;8.8027511;50.0;;;;;;Original OSM;238.1;11.34
Routenpunkt (Way);T;Altneudorfer Straße;49.4699548;8.8026607;50.0;;;;;;Original OSM;238.5;5.53
Routenpunkt (Way);T;Altneudorfer Straße;49.4700534;8.8025305;50.0;;;;;;Original OSM;238.9;1.76
Routenpunkt (Way);T;Altneudorfer Straße;49.4701272;8.802426;50.0;;;;;;Original OSM;239.3;0.19
Routenpunkt (Way);T;Altneudorfer Straße;49.4702073;8.802267075;50.0;;;;;;Interpoliert;238.7;-1.21
Routenpunkt (Way);T;Altneudorfer Straße;49.4702874;8.80210815;50.0;;;;;;Interpoliert;238.1;-2.59
Routenpunkt (Way);T;Altneudorfer Straße;49.4703675;8.801949225000001;50.0;;;;;;Interpoliert;237.5;-4.93
Routenpunkt (Way);T;Altneudorfer Straße;49.4704476;8.8017903;50.0;;;;;;Original OSM;236.9;-2.92
Routenpunkt (Way);T;Altneudorfer Straße;49.47053125;8.80165495;50.0;;;;;;Interpoliert;235.8;-0.84
Routenpunkt (Way);T;Altneudorfer Straße;49.4706149;8.8015196;50.0;;;;;;Original OSM;236.6;-0.46
Routenpunkt (Way);T;Altneudorfer Straße;49.470693;8.8013906;;;;;;;Original OSM;237.4;-0.08
Routenpunkt (Way);T;Altneudorfer Straße;49.47077505;8.8012558;;;;;;;Original OSM;237.1;0.98
Routenpunkt (Way);T;Altneudorfer Straße;49.4708593;8.80111735;;;;;;;Interpoliert;236.8;1.13
Routenpunkt (Way);T;;49.47092454999999;8.8010133;;;;;;;Interpoliert (15m);236.5;1.14
Routenpunkt (Way);T;Altneudorfer Straße;49.47098979999999;8.800909249999998;;;;;;;Original OSM;237.2;2.86
Routenpunkt (Way);T;;49.47106035;8.800801425;;;;;;;Interpoliert (15m);237.9;4.34
Routenpunkt (Way);T;Altneudorfer Straße;49.4711309;8.800693599999999;;;;;;;Interpoliert;238.6;2.17
Routenpunkt (Way);T;Altneudorfer Straße;49.4712166;8.8005626;;;;;;;Original OSM;239.3;-2.54
Routenpunkt (Way);T;Altneudorfer Straße;49.4712955;8.800442;;;;;;;Original OSM;237.6;-4.58
Routenpunkt (Way);T;Altneudorfer Straße;49.471353;8.8003337;;;;;;;Original OSM;235.9;-4.92
Routenpunkt (Way);T;Altneudorfer Straße;49.4714264;8.800195519999999;;;;;;;Interpoliert;235.4;-5.03
Routenpunkt (Way);T;Altneudorfer Straße;49.4714998;8.80005734;;;;;;;Interpoliert;236.0;-1.35
Routenpunkt (Way);T;Altneudorfer Straße;49.4715732;8.79991916;;;;;;;Interpoliert;236.6;3.05
Routenpunkt (Way);T;Altneudorfer Straße;49.4716466;8.799780980000001;;;;;;;Interpoliert;237.2;3.82
Routenpunkt (Way);T;;49.47171195625;8.799655108750002;;;;;;;Interpoliert (15m);237.8;2.89
Routenpunkt (Way);T;Altneudorfer Straße;49.4717773125;8.799529237500002;;;;;;;Original OSM;237.8;1.96
Routenpunkt (Way);T;;49.47183490625;8.79942491875;;;;;;;Interpoliert (15m);237.8;1.95
Routenpunkt (Way);T;Altneudorfer Straße;49.4718925;8.7993206;100.0;;;;;;Original OSM;237.8;1.83
Routenpunkt (Way);T;;49.471978385;8.799196195;100.0;;;;;;Interpoliert (15m);238.4;0.69
Routenpunkt (Way);T;Altneudorfer Straße;49.47206427;8.799071790000001;100.0;;;;;;Original OSM;239.0;2.02
Routenpunkt (Way);T;;49.472136955;8.798979276666667;100.0;;;;;;Interpoliert (15m);238.4;1.45
Routenpunkt (Way);T;;49.47220964;8.798886763333334;100.0;;;;;;Interpoliert (15m);239.1;0.11
Routenpunkt (Way);T;Altneudorfer Straße;49.472282325;8.79879425;100.0;;;;;;Interpoliert;238.8;-1.23
Routenpunkt (Way);T;Altneudorfer Straße;49.47238185;8.7986742;100.0;;;;;;Interpoliert;238.5;0.34
Routenpunkt (Way);T;Altneudorfer Straße;49.472481375;8.79855415;100.0;;;;;;Interpoliert;238.2;-0.57
Routenpunkt (Way);T;Altneudorfer Straße;49.4725809;8.7984341;100.0;;;;;;Original OSM;238.5;0.43
Routenpunkt (Way);T;Altneudorfer Straße;49.4726769;8.7983098;100.0;;;;;;Interpoliert;238.8;1.35
Routenpunkt (Way);T;Altneudorfer Straße;49.4727729;8.7981855;100.0;;;;;;Original OSM;239.1;3.91
Routenpunkt (Way);T;Altneudorfer Straße;49.4728548;8.798072900000001;100.0;;;;;;Interpoliert;239.4;3.64
Routenpunkt (Way);T;Altneudorfer Straße;49.4729367;8.7979603;100.0;;;;;;Original OSM;240.7;1.29
Routenpunkt (Way);T;Altneudorfer Straße;49.47302586666667;8.7978548;100.0;;;;;;Interpoliert;240.8;0.59
Routenpunkt (Way);T;Altneudorfer Straße;49.47311503333333;8.7977493;100.0;;;;;;Interpoliert;239.6;-0.17
Routenpunkt (Way);T;;49.47322450666666;8.79763046;100.0;;;;;;Interpoliert (15m);239.4;-2.64
Routenpunkt (Way);T;Altneudorfer Straße;49.47333397999999;8.79751162;100.0;;;;;;Original OSM;239.2;-3.15
Routenpunkt (Way);T;;49.473424615;8.797432135000001;100.0;;;;;;Interpoliert (15m);239.0;-1.55
Routenpunkt (Way);T;Unbekannt;49.47351525;8.79735265;100.0;;;;;;Interpoliert;238.8;-1.56
Routenpunkt (Way);T;Unbekannt;49.4736133;8.7972751;100.0;;;;;;Original OSM;238.6;-0.04
Routenpunkt (Way);T;Unbekannt;49.4737319;8.7971964;100.0;;;;;;Interpoliert;238.4;0.13
Routenpunkt (Way);T;Unbekannt;49.4738505;8.7971177;100.0;;;;;;Original OSM;239.3;2.37
Routenpunkt (Way);T;Unbekannt;49.473948166666666;8.797061633333334;100.0;;;;;;Interpoliert;239.2;2.53
Routenpunkt (Way);T;Unbekannt;49.47404583333333;8.797005566666666;100.0;;;;;;Interpoliert;240.3;2.66
Routenpunkt (Way);T;Unbekannt;49.4741435;8.7969495;100.0;;;;;;Original OSM;240.2;1.26
Routenpunkt (Way);T;Unbekannt;49.4742579;8.7968724;100.0;;;;;;Interpoliert;240.1;1.29
Routenpunkt (Way);T;Unbekannt;49.4743723;8.796795300000001;100.0;;;;;;Interpoliert;240.0;0.82
Routenpunkt (Way);T;Unbekannt;49.4744867;8.7967182;100.0;;;;;;Original OSM;239.9;2.42
Routenpunkt (Way);T;Unbekannt;49.47460016666667;8.796633333333334;100.0;;;;;;Interpoliert;240.9;3.99
Routenpunkt (Way);T;Unbekannt;49.47471363333333;8.796548466666668;100.0;;;;;;Interpoliert;241.9;3.99
Routenpunkt (Way);T;Unbekannt;49.4748271;8.7964636;100.0;;;;;;Interpoliert;242.9;3.99
Routenpunkt (Way);T;Unbekannt;49.47494056666667;8.796378733333333;100.0;;;;;;Interpoliert;242.8;2.4
Routenpunkt (Way);T;Unbekannt;49.47505403333333;8.796293866666666;100.0;;;;;;Interpoliert;242.7;2.83
Routenpunkt (Way);T;;49.47515036666666;8.796223483333332;100.0;;;;;;Interpoliert (15m);242.6;3.37
Routenpunkt (Way);T;Unbekannt;49.47524669999999;8.7961531;100.0;;;;;;Original OSM;243.7;4.23
Routenpunkt (Way);T;;49.47534007;8.79609584;100.0;;;;;;Interpoliert (15m);244.8;5.0
Routenpunkt (Way);T;Unbekannt;49.47543344;8.79603858;100.0;;;;;;Interpoliert;245.2;4.07
Routenpunkt (Way);T;Unbekannt;49.47554098;8.79597996;100.0;;;;;;Interpoliert;245.6;1.11
Routenpunkt (Way);T;Unbekannt;49.47564852;8.79592134;100.0;;;;;;Interpoliert;244.9;-1.96
Routenpunkt (Way);T;Unbekannt;49.47575606;8.79586272;100.0;;;;;;Interpoliert;244.2;-3.66
Routenpunkt (Way);T;Unbekannt;49.4758636;8.7958041;100.0;;;;;;Original OSM;243.5;-5.28
Routenpunkt (Way);T;Unbekannt;49.475986757142856;8.79575;100.0;;;;;;Interpoliert;242.8;-4.74
Routenpunkt (Way);T;Unbekannt;49.47610991428572;8.7956959;100.0;;;;;;Interpoliert;242.1;-4.19
Routenpunkt (Way);T;Unbekannt;49.476233071428574;8.7956418;100.0;;;;;;Interpoliert;241.7;-3.65
Routenpunkt (Way);T;Unbekannt;49.47635622857143;8.795587699999999;100.0;;;;;;Interpoliert;241.3;-2.25
Routenpunkt (Way);T;Unbekannt;49.476479385714285;8.795533599999999;100.0;;;;;;Interpoliert;240.9;-0.84
Routenpunkt (Way);T;Unbekannt;49.47660254285714;8.795479499999999;100.0;;;;;;Interpoliert;241.2;0.18
Routenpunkt (Way);T;Unbekannt;49.4767257;8.7954254;100.0;;;;;;Original OSM;241.5;1.21
Routenpunkt (Way);T;Unbekannt;49.4768387;8.79538315;100.0;;;;;;Interpoliert;241.8;2.37
Routenpunkt (Way);T;Unbekannt;49.4769517;8.7953409;100.0;;;;;;Original OSM;242.1;2.95
Routenpunkt (Way);T;Unbekannt;49.47704066666667;8.795320566666666;100.0;;;;;;Interpoliert;242.4;3.53
Routenpunkt (Way);T;Unbekannt;49.47712963333333;8.795300233333334;100.0;;;;;;Interpoliert;242.9;3.33
Routenpunkt (Way);T;Unbekannt;49.4772186;8.7952799;100.0;;;;;;Original OSM;243.4;3.14
Routenpunkt (Way);T;Unbekannt;49.4773518;8.7952758;100.0;;;;;;Interpoliert;243.6;2.89
Routenpunkt (Way);T;Unbekannt;49.477485;8.7952717;100.0;;;;;;Original OSM;243.8;2.26
Routenpunkt (Way);T;Unbekannt;49.4775883;8.79526855;100.0;;;;;;Interpoliert;244.0;1.64
Routenpunkt (Way);T;;49.477684375;8.79526285;100.0;;;;;;Interpoliert (15m);244.2;1.75
Routenpunkt (Way);T;Unbekannt;49.47778045;8.795257150000001;100.0;;;;;;Original OSM;244.4;3.03
Routenpunkt (Way);T;;49.477872700000006;8.79524095;100.0;;;;;;Interpoliert (15m);244.6;3.92
Routenpunkt (Way);T;Unbekannt;49.47796495;8.79522475;100.0;;;;;;Interpoliert;245.4;1.83
Routenpunkt (Way);T;Unbekannt;49.4780792;8.79519195;100.0;;;;;;Original OSM;246.2;-0.27
Routenpunkt (Way);T;;49.47814947;8.795160485;100.0;;;;;;Interpoliert (15m);245.5;-1.64
Routenpunkt (Way);T;Unbekannt;49.47821974;8.79512902;100.0;;;;;;Interpoliert;244.8;-4.19
Routenpunkt (Way);T;Unbekannt;49.47834168;8.79507474;100.0;;;;;;Interpoliert;244.1;-6.42
Routenpunkt (Way);T;Unbekannt;49.47846362;8.79502046;100.0;;;;;;Interpoliert;243.4;-5.66
Routenpunkt (Way);T;Unbekannt;49.47858556;8.794966180000001;100.0;;;;;;Interpoliert;242.7;-4.9
Routenpunkt (Way);T;;49.478712455;8.79491719;100.0;;;;;;Interpoliert (15m);242.0;-4.95
Routenpunkt (Way);T;Unbekannt;49.47883935;8.7948682;100.0;;;;;;Original OSM;241.3;-5.9
Routenpunkt (Way);T;;49.478957575;8.7948316;100.0;;;;;;Interpoliert (15m);240.6;-7.41
Routenpunkt (Way);T;Unbekannt;49.4790758;8.794795;100.0;;;;;;Original OSM;239.3;-6.44
Routenpunkt (Way);T;Unbekannt;49.4791685;8.7947753;100.0;;;;;;Original OSM;238.0;-5.48
Routenpunkt (Way);T;Unbekannt;49.4792823;8.794766450000001;100.0;;;;;;Interpoliert;238.0;-4.44
Routenpunkt (Way);T;Unbekannt;49.4793961;8.7947576;100.0;;;;;;Original OSM;238.0;-2.66
Routenpunkt (Way);T;Unbekannt;49.47952975;8.794766899999999;100.0;;;;;;Interpoliert;238.0;-0.33
Routenpunkt (Way);T;;49.479638091666665;8.794775516666665;100.0;;;;;;Interpoliert (15m);237.9;-0.51
Routenpunkt (Way);T;Unbekannt;49.47974643333333;8.794784133333332;100.0;;;;;;Original OSM;237.8;-0.7
Routenpunkt (Way);T;;49.47984431666667;8.79479975;100.0;;;;;;Interpoliert (15m);237.7;-0.85
Routenpunkt (Way);T;Unbekannt;49.4799422;8.794815366666667;100.0;;;;;;Interpoliert;237.6;-0.84
Routenpunkt (Way);T;Unbekannt;49.4800594;8.794836833333333;100.0;;;;;;Interpoliert;237.5;0.38
Routenpunkt (Way);T;Unbekannt;49.4801766;8.7948583;100.0;;;;;;Original OSM;237.4;1.62
Routenpunkt (Way);T;Unbekannt;49.4802772;8.7948866;100.0;;;;;;Interpoliert;238.0;1.98
Routenpunkt (Way);T;Unbekannt;49.4803778;8.7949149;100.0;;;;;;Interpoliert;238.6;2.3
Routenpunkt (Way);T;Unbekannt;49.4804784;8.7949432;100.0;;;;;;Original OSM;238.7;2.77
Routenpunkt (Way);T;Unbekannt;49.4805834;8.7949697;;;;;;;Original OSM;238.8;2.03
Routenpunkt (Way);T;Unbekannt;49.4806947;8.795014;;;;;;;Interpoliert;239.0;1.28
Routenpunkt (Way);T;Unbekannt;49.480806;8.795058299999999;;;;;;;Interpoliert;239.2;1.4
Routenpunkt (Way);T;Unbekannt;49.4809173;8.7951026;;;;;;;Original OSM;239.4;1.53
Routenpunkt (Way);T;Unbekannt;49.4810348;8.7951685;;;;;;;Original OSM;239.6;1.53
Routenpunkt (Way);T;Unbekannt;49.4811402;8.7952485;;;;;;;Original OSM;239.8;0.75
Routenpunkt (Way);T;Unbekannt;49.48123236666667;8.7953523;;;;;;;Interpoliert;240.0;-0.0
Routenpunkt (Way);T;Unbekannt;49.48132453333333;8.7954561;;;;;;;Interpoliert;239.7;0.0
Routenpunkt (Way);T;;49.48143608888888;8.79553506060606;;;;;;;Interpoliert (15m);239.4;-0.01
Routenpunkt (Way);T;;49.48154764444444;8.79561402121212;;;;;;;Interpoliert (15m);239.6;-0.02
Routenpunkt (Way);T;Unbekannt;49.4816592;8.79569298181818;;;;;;;Original OSM;239.8;0.77
Routenpunkt (Way);T;;49.48177498888889;8.795684087878787;;;;;;;Interpoliert (15m);240.0;1.52
Routenpunkt (Way);T;;49.48189077777777;8.795675193939394;;;;;;;Interpoliert (15m);240.2;1.57
Routenpunkt (Way);T;Schönauer Straße;49.48200656666666;8.7956663;30.0;;;;;;Original OSM;240.4;3.89
Routenpunkt (Way);T;;49.48210987777777;8.795662125000002;30.0;;;;;;Interpoliert (15m);240.6;6.19
Routenpunkt (Way);T;;49.482213188888885;8.79565795;30.0;;;;;;Interpoliert (15m);242.1;8.45
Routenpunkt (Way);T;Schönauer Straße;49.4823165;8.795653775000002;30.0;;;;;;Original OSM;243.6;9.52
Routenpunkt (Way);T;;49.48240548333333;8.795683850000001;30.0;;;;;;Interpoliert (15m);244.9;10.55
Routenpunkt (Way);T;;49.482494466666665;8.795713925;30.0;;;;;;Interpoliert (15m);245.6;9.72
Routenpunkt (Way);T;Schönauer Straße;49.48258345;8.795744;30.0;;;;;;Original OSM;246.3;8.89
Routenpunkt (Way);T;;49.482650425;8.79577945;30.0;;;;;;Interpoliert (15m);247.0;7.35
Routenpunkt (Way);T;Schönauer Straße;49.4827174;8.7958149;30.0;;;;;;Original OSM;247.7;7.0
Routenpunkt (Way);T;;49.48281852833333;8.795920291666667;30.0;;;;;;Interpoliert (15m);248.4;7.38
Routenpunkt (Way);T;;49.48291965666666;8.796025683333333;30.0;;;;;;Interpoliert (15m);249.1;4.92
Routenpunkt (Way);T;Schönauer Straße;49.483020785;8.796131075;30.0;;;;;;Original OSM;250.3;2.45
Routenpunkt (Way);T;;49.48312054708333;8.796260497916666;30.0;;;;;;Interpoliert (15m);249.8;0.73
Routenpunkt (Way);T;;49.48322030916666;8.796389920833333;30.0;;;;;;Interpoliert (15m);249.3;-0.16
Routenpunkt (Way);T;;49.48332007124999;8.796519343749999;30.0;;;;;;Interpoliert (15m);248.8;-1.74
Routenpunkt (Way);T;Schönauer Straße;49.48341983333333;8.796648766666666;30.0;;;;;;Interpoliert;248.9;-0.9
Routenpunkt (Way);T;Schönauer Straße;49.48349606666667;8.796736933333333;30.0;;;;;;Interpoliert;249.0;-0.05
Routenpunkt (Way);T;;49.48360386859649;8.796805807719299;30.0;;;;;;Interpoliert (15m);249.1;0.63
Routenpunkt (Way);T;;49.48371167052632;8.796874682105264;30.0;;;;;;Interpoliert (15m);249.2;0.5
Routenpunkt (Way);T;;49.48381947245614;8.796943556491227;30.0;;;;;;Interpoliert (15m);249.2;-0.46
Routenpunkt (Way);T;;49.48392727438597;8.797012430877192;30.0;;;;;;Interpoliert (15m);249.2;-0.77
Routenpunkt (Way);T;Schönauer Straße;49.48403507631579;8.797081305263157;30.0;;;;;;Original OSM;248.7;-1.09
Routenpunkt (Way);T;;49.48414352438596;8.797028690877193;30.0;;;;;;Interpoliert (15m);248.6;-1.25
Routenpunkt (Way);T;;49.48425197245614;8.796976076491228;30.0;;;;;;Interpoliert (15m);248.5;-1.4
Routenpunkt (Way);T;;49.48436042052632;8.796923462105264;30.0;;;;;;Interpoliert (15m);248.4;-0.79
Routenpunkt (Way);T;;49.484468868596494;8.7968708477193;30.0;;;;;;Interpoliert (15m);248.3;-0.83
Routenpunkt (Way);T;Schönauer Straße;49.484577316666666;8.796818233333335;30.0;;;;;;Original OSM;248.2;0.69
Routenpunkt (Way);T;;49.48467000833333;8.796822391666668;30.0;;;;;;Interpoliert (15m);248.1;24.07
Routenpunkt (Way);T;Schönauer Straße;49.4847627;8.79682655;30.0;;;;;;Original OSM;248.8;26.02
Haltestelle;W;Heiligkreuzsteinach, Marktpl.;49.4847685;8.7968299;30.0;18:05:00;18:05:00;Kein Umlauf;Mo,Di,Mi,Do,Fr;446.0;Original GTFS (Snap-Distanz 4m) | Auf Route gesnappt (4m);249.6;27.96
Routenpunkt (Way);T;;49.48484306875;8.796877475;30.0;;;;;;Interpoliert (15m);250.4;29.35
Routenpunkt (Way);T;Weinheimer Straße;49.4849176375;8.79692505;30.0;;;;;;Original OSM;251.2;29.19
Routenpunkt (Way);T;;49.485035250625;8.79696123875;30.0;;;;;;Interpoliert (15m);252.0;7.16
Routenpunkt (Way);T;;49.48515286375;8.7969974275;30.0;;;;;;Interpoliert (15m);252.8;6.58
Routenpunkt (Way);T;;49.485270476875;8.79703361625;30.0;;;;;;Interpoliert (15m);253.6;6.19
Routenpunkt (Way);T;Weinheimer Straße;49.48538809;8.797069805;30.0;;;;;;Original OSM;254.4;6.37
Routenpunkt (Way);T;;49.4854808175;8.796998253749999;30.0;;;;;;Interpoliert (15m);255.2;5.17
Routenpunkt (Way);T;;49.485573545;8.796926702499999;30.0;;;;;;Interpoliert (15m);256.0;3.97
Routenpunkt (Way);T;;49.4856662725;8.79685515125;30.0;;;;;;Interpoliert (15m);256.0;2.77
Routenpunkt (Way);T;Weinheimer Straße;49.485759;8.7967836;30.0;;;;;;Original OSM;256.0;1.73
Haltestelle;W;Heiligkreuzsteinach, Schule;49.485759;8.7967836;30.0;18:06:00;18:06:00;Kein Umlauf;Mo,Di,Mi,Do,Fr;446.0;Original GTFS (Snap-Distanz 87m) | Auf Route gesnappt (87m);256.0;0.0
