Typ;Type;Name;Latitude;Longitude;Tempolimit;Ankunft;Abfahrt;Block_ID;Betriebstage;Service_ID;Details
Routenpunkt (Way);T;Haasstraße;49.8856376;8.6204665;;;;;;;Original OSM
Haltestelle;W;Darmstadt Haasstraße;49.8856376;8.6204665;;19:54:00;19:54:00;Kein Umlauf;Mo,Di,Mi,Do,Fr;446.0;Original GTFS (Snap-Distanz 24m) | Auf Route gesnappt (4m)
Routenpunkt (Way);T;Haasstraße;49.885605999999996;8.6204746;;;;;;;Original OSM
Routenpunkt (Way);T;Haasstraße;49.8854742;8.620511566666666;30.0;;;;;;Interpoliert
Routenpunkt (Way);T;Haasstraße;49.8853732;8.620518433333334;30.0;;;;;;Interpoliert
Routenpunkt (Way);T;Haasstraße;49.8852722;8.6205253;30.0;;;;;;Original OSM
Routenpunkt (Way);T;Haasstraße;49.8851395;8.6205339;30.0;;;;;;Original OSM
Routenpunkt (Way);T;Haasstraße;49.88500633333334;8.620539866666666;30.0;;;;;;Interpoliert
Routenpunkt (Way);T;Haasstraße;49.884873166666665;8.620545833333333;30.0;;;;;;Interpoliert
Routenpunkt (Way);T;Haasstraße;49.88474;8.6205518;30.0;;;;;;Original OSM
Routenpunkt (Way);T;Staudingerstraße;49.88473485;8.62037165;30.0;;;;;;Interpoliert
Routenpunkt (Way);T;Staudingerstraße;49.8847297;8.6201915;30.0;;;;;;Original OSM
Routenpunkt (Way);T;Staudingerstraße;49.88472465;8.620015850000001;30.0;;;;;;Interpoliert
Routenpunkt (Way);T;Staudingerstraße;49.8847196;8.6198402;30.0;;;;;;Original OSM
Routenpunkt (Way);T;Staudingerstraße;49.884714975;8.619679925;30.0;;;;;;Interpoliert
Routenpunkt (Way);T;Staudingerstraße;49.88471035;8.61951965;30.0;;;;;;Interpoliert
Routenpunkt (Way);T;Staudingerstraße;49.884705725;8.619359375;30.0;;;;;;Interpoliert
Routenpunkt (Way);T;Staudingerstraße;49.8847011;8.6191991;30.0;;;;;;Original OSM
Routenpunkt (Way);T;Staudingerstraße;49.88469523333333;8.618994466666667;30.0;;;;;;Interpoliert
Routenpunkt (Way);T;Staudingerstraße;49.88468936666667;8.618789833333333;30.0;;;;;;Interpoliert
Routenpunkt (Way);T;Staudingerstraße;49.8846835;8.6185852;30.0;;;;;;Original OSM
Routenpunkt (Way);T;Staudingerstraße;49.884679250000005;8.6184406;30.0;;;;;;Interpoliert
Routenpunkt (Way);T;Staudingerstraße;49.884675;8.618296;30.0;;;;;;Original OSM
Routenpunkt (Way);T;Staudingerstraße;49.884668483333336;8.618102966666667;30.0;;;;;;Interpoliert
Routenpunkt (Way);T;Staudingerstraße;49.88466196666667;8.617909933333333;30.0;;;;;;Interpoliert
Routenpunkt (Way);T;Staudingerstraße;49.88465545;8.617716900000001;30.0;;;;;;Interpoliert
Routenpunkt (Way);T;Staudingerstraße;49.88464893333333;8.617523866666668;30.0;;;;;;Interpoliert
Routenpunkt (Way);T;Staudingerstraße;49.884642416666665;8.617330833333334;30.0;;;;;;Interpoliert
Routenpunkt (Way);T;;49.884620445833335;8.617184104166666;30.0;;;;;;Interpoliert (15m)
Routenpunkt (Way);T;Staudingerstraße;49.884598475;8.617037374999999;30.0;;;;;;Original OSM
Routenpunkt (Way);T;;49.88451217083333;8.617033070833333;30.0;;;;;;Interpoliert (15m)
Routenpunkt (Way);T;Im Harras;49.88442586666666;8.617028766666666;30.0;;;;;;Interpoliert
Routenpunkt (Way);T;Im Harras;49.88429993333333;8.617071633333333;30.0;;;;;;Interpoliert
Routenpunkt (Way);T;Im Harras;49.884174;8.6171145;30.0;;;;;;Interpoliert
Routenpunkt (Way);T;Im Harras;49.884048066666665;8.617157366666666;30.0;;;;;;Interpoliert
Routenpunkt (Way);T;Im Harras;49.88392213333333;8.617200233333334;30.0;;;;;;Interpoliert
Routenpunkt (Way);T;;49.883840641666666;8.617227566666667;30.0;;;;;;Interpoliert (15m)
Routenpunkt (Way);T;Im Harras;49.88375915;8.6172549;30.0;;;;;;Original OSM
Routenpunkt (Way);T;;49.88366869632353;8.617110289705883;30.0;;;;;;Interpoliert (15m)
Routenpunkt (Way);T;;49.88357824264706;8.616965679411765;30.0;;;;;;Interpoliert (15m)
Routenpunkt (Way);T;;49.883487788970584;8.616821069117647;30.0;;;;;;Interpoliert (15m)
Routenpunkt (Way);T;Kölner Straße;49.88339733529411;8.616676458823529;30.0;;;;;;Original OSM
Routenpunkt (Way);T;;49.88327621397058;8.616661106617647;30.0;;;;;;Interpoliert (15m)
Routenpunkt (Way);T;;49.88315509264706;8.616645754411763;30.0;;;;;;Interpoliert (15m)
Routenpunkt (Way);T;;49.88303397132353;8.616630402205882;30.0;;;;;;Interpoliert (15m)
Routenpunkt (Way);T;Kölner Straße;49.88291285;8.61661505;30.0;;;;;;Interpoliert
Routenpunkt (Way);T;Kölner Straße;49.8827853;8.6166567;30.0;;;;;;Original OSM
Routenpunkt (Way);T;Kölner Straße;49.882666666666665;8.6166954;30.0;;;;;;Interpoliert
Routenpunkt (Way);T;Kölner Straße;49.882548033333336;8.6167341;30.0;;;;;;Interpoliert
Routenpunkt (Way);T;Kölner Straße;49.8824294;8.6167728;30.0;;;;;;Original OSM
Routenpunkt (Way);T;Kölner Straße;49.88234066666666;8.616801766666667;30.0;;;;;;Interpoliert
Routenpunkt (Way);T;Kölner Straße;49.882251933333336;8.616830733333332;30.0;;;;;;Interpoliert
Routenpunkt (Way);T;Kölner Straße;49.8821632;8.6168597;30.0;;;;;;Original OSM
Routenpunkt (Way);T;Kölner Straße;49.8820382;8.61690045;30.0;;;;;;Interpoliert
Routenpunkt (Way);T;Kölner Straße;49.8819132;8.6169412;30.0;;;;;;Original OSM
Routenpunkt (Way);T;Kölner Straße;49.8818059;8.616976233333332;30.0;;;;;;Interpoliert
Routenpunkt (Way);T;Kölner Straße;49.8816986;8.617011266666667;30.0;;;;;;Interpoliert
Routenpunkt (Way);T;Kölner Straße;49.8815913;8.6170463;30.0;;;;;;Original OSM
Routenpunkt (Way);T;Kölner Straße;49.88147395;8.617086475;30.0;;;;;;Interpoliert
Haltestelle;W;Darmstadt Kölner Straße;49.88147395;8.617086475;30.0;19:56:00;19:56:00;Kein Umlauf;Mo,Di,Mi,Do,Fr;446.0;Original GTFS (Snap-Distanz 4m) | Auf Route gesnappt (4m)
Routenpunkt (Way);T;Kölner Straße;49.8813566;8.61712665;30.0;;;;;;Interpoliert
Routenpunkt (Way);T;Kölner Straße;49.88123924999999;8.617166825;30.0;;;;;;Interpoliert
Routenpunkt (Way);T;;49.88115674375;8.617171393749999;30.0;;;;;;Interpoliert (15m)
Routenpunkt (Way);T;Kölner Straße (Bussteig Richtung Süd);49.8810742375;8.6171759625;;;;;;;Original OSM
Routenpunkt (Way);T;;49.880950318749996;8.61723938125;;;;;;;Interpoliert (15m)
Routenpunkt (Way);T;Kölner Straße;49.8808264;8.617302800000001;30.0;;;;;;Interpoliert
Routenpunkt (Way);T;;49.88073403333333;8.617332600000001;30.0;;;;;;Interpoliert (15m)
Routenpunkt (Way);T;Kölner Straße;49.88064166666667;8.6173624;30.0;;;;;;Original OSM
Routenpunkt (Way);T;;49.88055358333334;8.61739215;30.0;;;;;;Interpoliert (15m)
Routenpunkt (Way);T;Kölner Straße;49.8804655;8.6174219;30.0;;;;;;Original OSM
Routenpunkt (Way);T;Kölner Straße;49.88034643333333;8.617459566666668;30.0;;;;;;Interpoliert
Routenpunkt (Way);T;Kölner Straße;49.88022736666667;8.617497233333333;30.0;;;;;;Interpoliert
Routenpunkt (Way);T;Kölner Straße;49.8801083;8.617534899999999;30.0;;;;;;Interpoliert
Routenpunkt (Way);T;Kölner Straße;49.87998923333333;8.617572566666666;30.0;;;;;;Interpoliert
Routenpunkt (Way);T;Kölner Straße;49.87987016666666;8.617610233333334;30.0;;;;;;Interpoliert
Routenpunkt (Way);T;Kölner Straße;49.8797511;8.6176479;30.0;;;;;;Original OSM
Routenpunkt (Way);T;Kölner Straße;49.8796328;8.6176853;30.0;;;;;;Interpoliert
Routenpunkt (Way);T;Kölner Straße;49.8795145;8.6177227;30.0;;;;;;Interpoliert
Routenpunkt (Way);T;Kölner Straße;49.8793962;8.6177601;30.0;;;;;;Interpoliert
Routenpunkt (Way);T;Kölner Straße;49.8792779;8.6177975;30.0;;;;;;Original OSM
Routenpunkt (Way);T;Kölner Straße;49.8791884;8.617822566666666;30.0;;;;;;Interpoliert
Routenpunkt (Way);T;Kölner Straße;49.8790989;8.617847633333334;30.0;;;;;;Interpoliert
Routenpunkt (Way);T;;49.87901747307692;8.61793742051282;30.0;;;;;;Interpoliert (15m)
Routenpunkt (Way);T;Kölner Straße;49.87893604615384;8.618027207692307;30.0;;;;;;Original OSM
Routenpunkt (Way);T;;49.87891872307692;8.618205703846154;30.0;;;;;;Interpoliert (15m)
Routenpunkt (Way);T;Koblenzer Straße;49.8789014;8.618384200000001;30.0;;;;;;Interpoliert
Routenpunkt (Way);T;;49.8788687;8.6185474;30.0;;;;;;Interpoliert (15m)
Routenpunkt (Way);T;Koblenzer Straße;49.878836;8.6187106;30.0;;;;;;Interpoliert
Routenpunkt (Way);T;Koblenzer Straße;49.8787918;8.6188799;30.0;;;;;;Original OSM
Routenpunkt (Way);T;;49.8787186;8.61883895;30.0;;;;;;Interpoliert (15m)
Routenpunkt (Way);T;Michaelisstraße;49.8786454;8.618798;30.0;;;;;;Original OSM
Haltestelle;W;Darmstadt Im Harras;49.8786029;8.6187757;30.0;19:57:00;19:57:00;Kein Umlauf;Mo,Di,Mi,Do,Fr;446.0;Original GTFS (Snap-Distanz 9m) | Auf Route gesnappt (9m)
Routenpunkt (Way);T;Michaelisstraße;49.8785337;8.6187442;30.0;;;;;;Original OSM
Routenpunkt (Way);T;Michaelisstraße;49.8784062;8.618684525;30.0;;;;;;Interpoliert
Routenpunkt (Way);T;Michaelisstraße;49.8783084;8.618638050000001;30.0;;;;;;Interpoliert
Routenpunkt (Way);T;Michaelisstraße;49.8782106;8.618591575;30.0;;;;;;Interpoliert
Routenpunkt (Way);T;;49.878137216666666;8.618557187499999;30.0;;;;;;Interpoliert (15m)
Routenpunkt (Way);T;Michaelisstraße;49.87806383333333;8.6185228;30.0;;;;;;Original OSM
Routenpunkt (Way);T;;49.87796793333333;8.618479233333332;30.0;;;;;;Interpoliert (15m)
Routenpunkt (Way);T;Michaelisstraße;49.87787203333333;8.618435666666667;30.0;;;;;;Interpoliert
Routenpunkt (Way);T;Michaelisstraße;49.87774626666667;8.618378033333334;30.0;;;;;;Interpoliert
Routenpunkt (Way);T;Michaelisstraße;49.8776205;8.6183204;30.0;;;;;;Original OSM
Routenpunkt (Way);T;Michaelisstraße;49.8775138;8.618274366666666;30.0;;;;;;Interpoliert
Routenpunkt (Way);T;Michaelisstraße;49.8774071;8.618228333333334;30.0;;;;;;Interpoliert
Routenpunkt (Way);T;Michaelisstraße;49.877278450000006;8.61817305;30.0;;;;;;Original OSM
Routenpunkt (Way);T;;49.877209425000004;8.618143725;30.0;;;;;;Interpoliert (15m)
Routenpunkt (Way);T;Michaelisstraße;49.8771404;8.6181144;30.0;;;;;;Interpoliert
Routenpunkt (Way);T;Michaelisstraße;49.8770243;8.618065;30.0;;;;;;Original OSM
Routenpunkt (Way);T;Michaelisstraße;49.876905050000005;8.61801425;30.0;;;;;;Interpoliert
Routenpunkt (Way);T;Michaelisstraße;49.8767858;8.6179635;30.0;;;;;;Original OSM
Routenpunkt (Way);T;Michaelisstraße;49.87667686666666;8.6179132;30.0;;;;;;Interpoliert
Routenpunkt (Way);T;Michaelisstraße;49.87656793333333;8.6178629;30.0;;;;;;Interpoliert
Routenpunkt (Way);T;;49.87648784166666;8.617825275000001;30.0;;;;;;Interpoliert (15m)
Routenpunkt (Way);T;Michaelisstraße;49.87640775;8.61778765;30.0;;;;;;Original OSM
Routenpunkt (Way);T;Michaelisstraße;49.87628203333333;8.617727799999999;30.0;;;;;;Interpoliert
Routenpunkt (Way);T;Michaelisstraße;49.87619516666667;8.6176872;30.0;;;;;;Interpoliert
Routenpunkt (Way);T;;49.87607323106061;8.61769754318182;30.0;;;;;;Interpoliert (15m)
Routenpunkt (Way);T;Michaelisstraße;49.87595129545455;8.617707886363638;30.0;;;;;;Original OSM
Routenpunkt (Way);T;;49.87591604141414;8.617847890909092;30.0;;;;;;Interpoliert (15m)
Routenpunkt (Way);T;;49.87588078737374;8.617987895454547;30.0;;;;;;Interpoliert (15m)
Routenpunkt (Way);T;Dornheimer Weg;49.87584553333333;8.618127900000001;30.0;;;;;;Interpoliert
Routenpunkt (Way);T;Dornheimer Weg;49.87583446666667;8.6183289;30.0;;;;;;Interpoliert
Routenpunkt (Way);T;;49.8758257;8.618487866666666;30.0;;;;;;Interpoliert (15m)
Routenpunkt (Way);T;Dornheimer Weg;49.87581693333333;8.618646833333333;30.0;;;;;;Original OSM
Routenpunkt (Way);T;;49.875810316666666;8.61876665;30.0;;;;;;Interpoliert (15m)
Routenpunkt (Way);T;Dornheimer Weg;49.8758037;8.618886466666666;30.0;;;;;;Interpoliert
Routenpunkt (Way);T;Dornheimer Weg;49.8757959;8.619028333333333;30.0;;;;;;Interpoliert
Routenpunkt (Way);T;Dornheimer Weg;49.8757881;8.6191702;30.0;;;;;;Original OSM
Routenpunkt (Way);T;;49.8757772875;8.619288175;30.0;;;;;;Interpoliert (15m)
Routenpunkt (Way);T;Dornheimer Weg;49.875766475000006;8.61940615;30.0;;;;;;Interpoliert
Haltestelle;W;Darmstadt Moldenhauerweg;49.8757547;8.6194641;;19:59:00;19:59:00;Kein Umlauf;Mo,Di,Mi,Do,Fr;446.0;Original GTFS (Snap-Distanz 2m) | Auf Route gesnappt (2m)
Routenpunkt (Way);T;Moldenhauerweg (Bussteig Richtung Ost);49.875740775;8.619657614999998;;;;;;;Original OSM
Routenpunkt (Way);T;;49.87574128749999;8.619830257499999;;;;;;;Interpoliert (15m)
Routenpunkt (Way);T;Dornheimer Weg;49.87574179999999;8.6200029;30.0;;;;;;Original OSM
Routenpunkt (Way);T;;49.875735649999996;8.620124950000001;30.0;;;;;;Interpoliert (15m)
Routenpunkt (Way);T;Dornheimer Weg;49.8757295;8.620247;30.0;;;;;;Original OSM
Routenpunkt (Way);T;Dornheimer Weg;49.875717975;8.620447762500001;30.0;;;;;;Interpoliert
Routenpunkt (Way);T;Dornheimer Weg;49.87570645;8.620648525;30.0;;;;;;Interpoliert
Routenpunkt (Way);T;Dornheimer Weg;49.875694925;8.6208492875;30.0;;;;;;Interpoliert
Routenpunkt (Way);T;Dornheimer Weg;49.8756834;8.621050050000001;30.0;;;;;;Interpoliert
Routenpunkt (Way);T;Dornheimer Weg;49.875671875;8.6212508125;30.0;;;;;;Interpoliert
Routenpunkt (Way);T;Dornheimer Weg;49.87566035;8.621451575;30.0;;;;;;Interpoliert
Routenpunkt (Way);T;Dornheimer Weg;49.875648825;8.621652337499999;30.0;;;;;;Interpoliert
Routenpunkt (Way);T;Dornheimer Weg;49.8756373;8.6218531;30.0;;;;;;Original OSM
Routenpunkt (Way);T;Dornheimer Weg;49.87562578333333;8.62204745;30.0;;;;;;Interpoliert
Routenpunkt (Way);T;Dornheimer Weg;49.875614266666666;8.6222418;30.0;;;;;;Interpoliert
Routenpunkt (Way);T;Dornheimer Weg;49.87560275;8.622436149999999;30.0;;;;;;Interpoliert
Routenpunkt (Way);T;Dornheimer Weg;49.87559123333333;8.6226305;30.0;;;;;;Interpoliert
Routenpunkt (Way);T;Dornheimer Weg;49.87557971666666;8.62282485;30.0;;;;;;Interpoliert
Routenpunkt (Way);T;Dornheimer Weg;49.8755682;8.6230192;30.0;;;;;;Original OSM
Routenpunkt (Way);T;Dornheimer Weg;49.87555696;8.62320186;30.0;;;;;;Interpoliert
Routenpunkt (Way);T;Dornheimer Weg;49.87554572;8.62338452;30.0;;;;;;Interpoliert
Routenpunkt (Way);T;Dornheimer Weg;49.87553448;8.62356718;30.0;;;;;;Interpoliert
Routenpunkt (Way);T;;49.875512984;8.623712334;30.0;;;;;;Interpoliert (15m)
Routenpunkt (Way);T;Dornheimer Weg;49.875491488;8.623857488;30.0;;;;;;Interpoliert
Haltestelle;W;Da. Rodensteinw./A.Schalthaus;49.87546195;8.62400775;;20:00:00;20:00:00;Kein Umlauf;Mo,Di,Mi,Do,Fr;446.0;Original GTFS (Snap-Distanz 2m) | Auf Route gesnappt (3m)
Routenpunkt (Way);T;Rodensteinweg/Altes Schalthaus;49.8754704625;8.624101487499999;;;;;;;Interpoliert
Routenpunkt (Way);T;Dornheimer Weg;49.87549052;8.6243073;30.0;;;;;;Interpoliert
Routenpunkt (Way);T;Dornheimer Weg;49.87547864;8.6245144;30.0;;;;;;Interpoliert
Routenpunkt (Way);T;Dornheimer Weg;49.87546676;8.6247215;30.0;;;;;;Interpoliert
Routenpunkt (Way);T;Dornheimer Weg;49.87545488;8.6249286;30.0;;;;;;Interpoliert
Routenpunkt (Way);T;Dornheimer Weg;49.875443;8.6251357;30.0;;;;;;Original OSM
Routenpunkt (Way);T;Dornheimer Weg;49.87543106363636;8.625343845454545;30.0;;;;;;Interpoliert
Routenpunkt (Way);T;Dornheimer Weg;49.87541912727272;8.625551990909091;30.0;;;;;;Interpoliert
Routenpunkt (Way);T;Dornheimer Weg;49.87540719090909;8.625760136363636;30.0;;;;;;Interpoliert
Routenpunkt (Way);T;Dornheimer Weg;49.87539525454545;8.625968281818182;30.0;;;;;;Interpoliert
Routenpunkt (Way);T;Dornheimer Weg;49.87538331818182;8.626176427272727;30.0;;;;;;Interpoliert
Routenpunkt (Way);T;Dornheimer Weg;49.87537138181818;8.626384572727273;30.0;;;;;;Interpoliert
Routenpunkt (Way);T;Dornheimer Weg;49.87535944545454;8.626592718181818;30.0;;;;;;Interpoliert
Routenpunkt (Way);T;Dornheimer Weg;49.87534750909091;8.626800863636364;30.0;;;;;;Interpoliert
Routenpunkt (Way);T;Dornheimer Weg;49.87533557272727;8.627009009090909;30.0;;;;;;Interpoliert
Routenpunkt (Way);T;Dornheimer Weg;49.87532363636363;8.627217154545455;30.0;;;;;;Interpoliert
Routenpunkt (Way);T;;49.87531396924242;8.627389823030304;30.0;;;;;;Interpoliert (15m)
Routenpunkt (Way);T;;49.875304302121215;8.627562491515151;30.0;;;;;;Interpoliert (15m)
Routenpunkt (Way);T;Dornheimer Weg;49.875294635;8.62773516;30.0;;;;;;Original OSM
Routenpunkt (Way);T;;49.87528594151515;8.627895012727272;30.0;;;;;;Interpoliert (15m)
Routenpunkt (Way);T;;49.8752772480303;8.628054865454546;30.0;;;;;;Interpoliert (15m)
Routenpunkt (Way);T;Bismarckstraße;49.87526855454545;8.628214718181818;50.0;;;;;;Interpoliert
Routenpunkt (Way);T;Bismarckstraße;49.87525640909091;8.628420136363637;50.0;;;;;;Interpoliert
Routenpunkt (Way);T;Bismarckstraße;49.87524426363636;8.628625554545454;50.0;;;;;;Interpoliert
Routenpunkt (Way);T;Bismarckstraße;49.87523211818181;8.628830972727274;50.0;;;;;;Interpoliert
Routenpunkt (Way);T;Bismarckstraße;49.87521997272727;8.629036390909091;50.0;;;;;;Interpoliert
Routenpunkt (Way);T;Bismarckstraße;49.875207827272725;8.62924180909091;50.0;;;;;;Interpoliert
Routenpunkt (Way);T;Bismarckstraße;49.87519568181818;8.629447227272728;50.0;;;;;;Interpoliert
Routenpunkt (Way);T;Bismarckstraße;49.87518353636364;8.629652645454547;50.0;;;;;;Interpoliert
Routenpunkt (Way);T;Bismarckstraße;49.87517139090909;8.629858063636364;50.0;;;;;;Interpoliert
Routenpunkt (Way);T;Bismarckstraße;49.87515924545455;8.630063481818183;50.0;;;;;;Interpoliert
Routenpunkt (Way);T;;49.87514207272727;8.630245874242426;50.0;;;;;;Interpoliert (15m)
Routenpunkt (Way);T;Bismarckstraße;49.8751249;8.630428266666668;50.0;;;;;;Original OSM
Routenpunkt (Way);T;;49.875110775;8.630594245833333;50.0;;;;;;Interpoliert (15m)
Routenpunkt (Way);T;Bismarckstraße;49.87509665;8.630760225;50.0;;;;;;Interpoliert
Routenpunkt (Way);T;Bismarckstraße;49.8750859;8.63094935;50.0;;;;;;Interpoliert
Routenpunkt (Way);T;Bismarckstraße;49.87507515;8.631138475;50.0;;;;;;Interpoliert
Routenpunkt (Way);T;Bismarckstraße;49.8750644;8.6313276;50.0;;;;;;Original OSM
Routenpunkt (Way);T;;49.875031633823525;8.631513579411765;50.0;;;;;;Interpoliert (15m)
Routenpunkt (Way);T;;49.87499886764706;8.63169955882353;50.0;;;;;;Interpoliert (15m)
Routenpunkt (Way);T;;49.87496610147059;8.631885538235295;50.0;;;;;;Interpoliert (15m)
Routenpunkt (Way);T;Bismarckstraße;49.874933335294116;8.63207151764706;50.0;;;;;;Original OSM
Routenpunkt (Way);T;;49.87482907352941;8.632135561764706;50.0;;;;;;Interpoliert (15m)
Routenpunkt (Way);T;;49.87472481176471;8.632199605882354;50.0;;;;;;Interpoliert (15m)
Routenpunkt (Way);T;Goebelstraße;49.87462055;8.63226365;50.0;;;;;;Interpoliert
Routenpunkt (Way);T;;49.87451300833334;8.632254133333333;50.0;;;;;;Interpoliert (15m)
Routenpunkt (Way);T;Goebelstraße;49.874405466666666;8.632244616666668;50.0;;;;;;Original OSM
Routenpunkt (Way);T;;49.87432531184211;8.632114323026316;50.0;;;;;;Interpoliert (15m)
Routenpunkt (Way);T;;49.87424515701754;8.631984029385965;50.0;;;;;;Interpoliert (15m)
Routenpunkt (Way);T;;49.87416500219298;8.631853735745613;50.0;;;;;;Interpoliert (15m)
Routenpunkt (Way);T;Poststraße;49.87408484736842;8.631723442105262;;;;;;;Original OSM
Routenpunkt (Way);T;;49.87399615052632;8.631634316578946;;;;;;;Interpoliert (15m)
Routenpunkt (Way);T;;49.87390745368421;8.63154519105263;;;;;;;Interpoliert (15m)
Routenpunkt (Way);T;;49.873818756842105;8.631456065526315;;;;;;;Interpoliert (15m)
Routenpunkt (Way);T;Unbekannt;49.87373006;8.63136694;;;;;;;Interpoliert
Routenpunkt (Way);T;Unbekannt;49.87361092;8.63137908;;;;;;;Interpoliert
Routenpunkt (Way);T;Unbekannt;49.87349178;8.63139122;;;;;;;Interpoliert
Routenpunkt (Way);T;Unbekannt;49.87337264;8.63140336;;;;;;;Interpoliert
Routenpunkt (Way);T;Am Hauptbahnhof;49.8732535;8.6314155;;;;;;;Original OSM
Routenpunkt (Way);T;Am Hauptbahnhof;49.87315205;8.631431549999999;;;;;;;Interpoliert
Routenpunkt (Way);T;Am Hauptbahnhof;49.8730506;8.6314476;;;;;;;Interpoliert
Routenpunkt (Way);T;Am Hauptbahnhof;49.87294915;8.63146365;;;;;;;Interpoliert
Routenpunkt (Way);T;Am Hauptbahnhof;49.8728477;8.6314797;;;;;;;Original OSM
Routenpunkt (Way);T;Am Hauptbahnhof;49.8727146;8.6315007;;;;;;;Original OSM
Routenpunkt (Way);T;;49.872641875;8.6315208;;;;;;;Interpoliert (15m)
Routenpunkt (Way);T;Am Hauptbahnhof;49.872569150000004;8.631540900000001;;;;;;;Original OSM
Routenpunkt (Way);T;;49.872462810606066;8.631560466666667;;;;;;;Interpoliert (15m)
Routenpunkt (Way);T;;49.87235647121212;8.631580033333334;;;;;;;Interpoliert (15m)
Routenpunkt (Way);T;Am Hauptbahnhof;49.872250131818184;8.6315996;;;;;;;Original OSM
Routenpunkt (Way);T;;49.87214846590909;8.63162015;;;;;;;Interpoliert (15m)
Haltestelle;W;Darmstadt Hauptbahnhof Ost;49.8720468;8.6316407;;20:03:00;20:03:00;Kein Umlauf;Mo,Di,Mi,Do,Fr;446.0;Original GTFS (Snap-Distanz 37m) | Auf Route gesnappt (37m)
Routenpunkt (Way);T;;49.8719225;8.631685188461539;;;;;;;Interpoliert (15m)
Routenpunkt (Way);T;Am Hauptbahnhof;49.87179819999999;8.631729676923076;;;;;;;Original OSM
Routenpunkt (Way);T;;49.871718175;8.631834363461538;;;;;;;Interpoliert (15m)
Routenpunkt (Way);T;Am Hauptbahnhof;49.87163815;8.63193905;;;;;;;Interpoliert
Routenpunkt (Way);T;Am Hauptbahnhof;49.8715538;8.6320127;;;;;;;Original OSM
Routenpunkt (Way);T;Am Hauptbahnhof;49.87147145;8.63208315;;;;;;;Interpoliert
Routenpunkt (Way);T;;49.87138350357143;8.632158339285713;;;;;;;Interpoliert (15m)
Routenpunkt (Way);T;Am Hauptbahnhof;49.87129555714286;8.632233528571428;;;;;;;Original OSM
Routenpunkt (Way);T;;49.87118446857143;8.632328004285714;;;;;;;Interpoliert (15m)
Routenpunkt (Way);T;Am Hauptbahnhof;49.87107338;8.63242248;;;;;;;Interpoliert
Routenpunkt (Way);T;Am Hauptbahnhof;49.87097466;8.63250626;;;;;;;Interpoliert
Routenpunkt (Way);T;Am Hauptbahnhof;49.87087594;8.63259004;;;;;;;Interpoliert
Routenpunkt (Way);T;Am Hauptbahnhof;49.87077722;8.632673819999999;;;;;;;Interpoliert
Routenpunkt (Way);T;Am Hauptbahnhof;49.870668466666665;8.632766066666667;;;;;;;Original OSM
Routenpunkt (Way);T;Am Hauptbahnhof;49.8705607;8.632861250000001;;;;;;;Interpoliert
Routenpunkt (Way);T;;49.87047988214286;8.632993625000001;;;;;;;Interpoliert (15m)
Routenpunkt (Way);T;Am Hauptbahnhof;49.87039906428572;8.633126;;;;;;;Original OSM
Routenpunkt (Way);T;;49.870399098412705;8.633272077777779;;;;;;;Interpoliert (15m)
Routenpunkt (Way);T;;49.87039913253968;8.633418155555555;;;;;;;Interpoliert (15m)
Routenpunkt (Way);T;Rheinstraße;49.870399166666665;8.633564233333333;;;;;;;Interpoliert
Routenpunkt (Way);T;Rheinstraße;49.870424533333335;8.633748566666666;;;;;;;Interpoliert
Routenpunkt (Way);T;Rheinstraße;49.8704499;8.6339329;;;;;;;Original OSM
Routenpunkt (Way);T;Rheinstraße;49.8704774625;8.6341330375;;;;;;;Interpoliert
Routenpunkt (Way);T;Rheinstraße;49.870505025;8.634333175;;;;;;;Interpoliert
Routenpunkt (Way);T;Rheinstraße;49.8705325875;8.6345333125;;;;;;;Interpoliert
Routenpunkt (Way);T;Rheinstraße;49.87056015;8.634733449999999;;;;;;;Interpoliert
Routenpunkt (Way);T;Rheinstraße;49.8705877125;8.634933587499999;;;;;;;Interpoliert
Routenpunkt (Way);T;Rheinstraße;49.870615275;8.635133725;;;;;;;Interpoliert
Routenpunkt (Way);T;Rheinstraße;49.8706428375;8.6353338625;;;;;;;Interpoliert
Routenpunkt (Way);T;;49.87064874375;8.635468281249999;;;;;;;Interpoliert (15m)
Routenpunkt (Way);T;Rheinstraße;49.870654650000006;8.6356027;;;;;;;Original OSM
Haltestelle;W;Darmstadt Berliner Allee;49.8706918;8.6356895;;20:05:00;20:05:00;Kein Umlauf;Mo,Di,Mi,Do,Fr;446.0;Original GTFS (Snap-Distanz 8m) | Auf Route gesnappt (8m)
Routenpunkt (Way);T;Berliner Allee;49.870682970000004;8.63586796;;;;;;;Interpoliert
Routenpunkt (Way);T;;49.8707116475;8.636056505;;;;;;;Interpoliert (15m)
Routenpunkt (Way);T;Berliner Allee;49.87074032499999;8.636245050000001;;;;;;;Interpoliert
Routenpunkt (Way);T;;49.870757174999994;8.636381137499999;;;;;;;Interpoliert (15m)
Routenpunkt (Way);T;Berliner Allee;49.870774025;8.636517224999999;;;;;;;Original OSM
Routenpunkt (Way);T;;49.870805690625005;8.636631740624999;;;;;;;Interpoliert (15m)
Routenpunkt (Way);T;Rheinstraße;49.87083735625;8.63674625625;;;;;;;Interpoliert
Routenpunkt (Way);T;Rheinstraße;49.8708642125;8.6369413125;;;;;;;Interpoliert
Routenpunkt (Way);T;Rheinstraße;49.87089106875;8.63713636875;;;;;;;Interpoliert
Routenpunkt (Way);T;Rheinstraße;49.870917925;8.637331425;;;;;;;Interpoliert
Routenpunkt (Way);T;Rheinstraße;49.87094478125;8.63752648125;;;;;;;Interpoliert
Routenpunkt (Way);T;Rheinstraße;49.8709716375;8.6377215375;;;;;;;Interpoliert
Routenpunkt (Way);T;Rheinstraße;49.87099849375;8.637916593749999;;;;;;;Interpoliert
Routenpunkt (Way);T;Rheinstraße;49.87102535;8.638111649999999;;;;;;;Interpoliert
Routenpunkt (Way);T;Rheinstraße;49.87105220625;8.63830670625;;;;;;;Interpoliert
Routenpunkt (Way);T;Rheinstraße;49.8710790625;8.6385017625;;;;;;;Interpoliert
Routenpunkt (Way);T;Rheinstraße;49.87110591875;8.63869681875;;;;;;;Interpoliert
Routenpunkt (Way);T;Rheinstraße;49.871132775;8.638891875;;;;;;;Interpoliert
Routenpunkt (Way);T;Rheinstraße;49.87115963125;8.63908693125;;;;;;;Interpoliert
Routenpunkt (Way);T;Rheinstraße;49.871186487500005;8.6392819875;;;;;;;Interpoliert
Routenpunkt (Way);T;Rheinstraße;49.87121334375;8.63947704375;;;;;;;Interpoliert
Routenpunkt (Way);T;Rheinstraße;49.8712402;8.6396721;;;;;;;Original OSM
Routenpunkt (Way);T;Rheinstraße;49.871266633333335;8.639864000000001;;;;;;;Interpoliert
Routenpunkt (Way);T;Rheinstraße;49.87129306666667;8.6400559;;;;;;;Interpoliert
Routenpunkt (Way);T;Rheinstraße;49.8713195;8.640247800000001;;;;;;;Interpoliert
Routenpunkt (Way);T;Rheinstraße;49.87134593333333;8.6404397;;;;;;;Interpoliert
Routenpunkt (Way);T;Rheinstraße;49.87137236666667;8.6406316;;;;;;;Interpoliert
Routenpunkt (Way);T;Rheinstraße;49.8713988;8.6408235;;;;;;;Interpoliert
Routenpunkt (Way);T;Rheinstraße;49.87142523333333;8.6410154;;;;;;;Interpoliert
Routenpunkt (Way);T;Rheinstraße;49.871451666666665;8.6412073;;;;;;;Interpoliert
Routenpunkt (Way);T;Rheinstraße;49.8714781;8.6413992;;;;;;;Original OSM
Routenpunkt (Way);T;;49.871500975;8.641564025000001;;;;;;;Interpoliert (15m)
Routenpunkt (Way);T;Rheinstraße;49.871523849999996;8.64172885;;;;;;;Original OSM
Routenpunkt (Way);T;;49.871545825;8.641886974999998;;;;;;;Interpoliert (15m)
Routenpunkt (Way);T;Rheinstraße;49.8715678;8.642045099999999;;;;;;;Interpoliert
Routenpunkt (Way);T;Rheinstraße;49.8715936;8.6422325;;;;;;;Interpoliert
Routenpunkt (Way);T;Rheinstraße;49.8716194;8.6424199;;;;;;;Interpoliert
Routenpunkt (Way);T;Rheinstraße;49.8716452;8.6426073;;;;;;;Interpoliert
Routenpunkt (Way);T;Rheinstraße;49.871671;8.6427947;;;;;;;Interpoliert
Routenpunkt (Way);T;;49.871683265833326;8.642992544583333;;;;;;;Interpoliert (15m)
Routenpunkt (Way);T;Rheinstraße;49.87169553166666;8.643190389166667;;;;;;;Interpoliert
Routenpunkt (Way);T;;49.87172075854166;8.643360552916668;;;;;;;Interpoliert (15m)
Routenpunkt (Way);T;;49.871745985416666;8.643530716666668;;;;;;;Interpoliert (15m)
Routenpunkt (Way);T;;49.87177121229166;8.643700880416667;;;;;;;Interpoliert (15m)
Routenpunkt (Way);T;Rhein-/Neckarstraße;49.871796439166665;8.643871044166668;;;;;;;Interpoliert
Routenpunkt (Way);T;;49.87183220111111;8.644064071111112;;;;;;;Interpoliert (15m)
Routenpunkt (Way);T;;49.87186796305556;8.644257098055556;;;;;;;Interpoliert (15m)
Routenpunkt (Way);T;Rheinstraße;49.871903725;8.644450125;;;;;;;Original OSM
Haltestelle;W;Darmstadt Rhein-/Neckarstraße;49.871925;8.6445889;;20:06:00;20:06:00;Kein Umlauf;Mo,Di,Mi,Do,Fr;446.0;Original GTFS (Snap-Distanz 43m) | Auf Route gesnappt (43m)
Routenpunkt (Way);T;Rheinstraße;49.8719546125;8.6447786125;;;;;;;Original OSM
Routenpunkt (Way);T;;49.87197876125;8.64493867125;;;;;;;Interpoliert (15m)
Routenpunkt (Way);T;Rheinstraße;49.87200291;8.645098729999999;;;;;;;Interpoliert
Routenpunkt (Way);T;Rheinstraße;49.87203002;8.645283359999999;;;;;;;Interpoliert
Routenpunkt (Way);T;Rheinstraße;49.87205713;8.64546799;;;;;;;Interpoliert
Routenpunkt (Way);T;Rheinstraße;49.87208424;8.64565262;;;;;;;Interpoliert
Routenpunkt (Way);T;Rheinstraße;49.87211135;8.64583725;;;;;;;Interpoliert
Routenpunkt (Way);T;Rheinstraße;49.87213846;8.64602188;;;;;;;Interpoliert
Routenpunkt (Way);T;Rheinstraße;49.87216557;8.646206509999999;;;;;;;Interpoliert
Routenpunkt (Way);T;Rheinstraße;49.87219268;8.64639114;;;;;;;Interpoliert
Routenpunkt (Way);T;Rheinstraße;49.87221979;8.64657577;;;;;;;Interpoliert
Routenpunkt (Way);T;Rheinstraße;49.8722469;8.6467604;;;;;;;Original OSM
Routenpunkt (Way);T;Rheinstraße;49.87227441666667;8.646952066666666;;;;;;;Interpoliert
Routenpunkt (Way);T;Rheinstraße;49.87230193333333;8.647143733333333;;;;;;;Interpoliert
Routenpunkt (Way);T;Rheinstraße;49.87232945;8.6473354;;;;;;;Interpoliert
Routenpunkt (Way);T;Rheinstraße;49.872356966666665;8.647527066666667;;;;;;;Interpoliert
Routenpunkt (Way);T;Rheinstraße;49.872384483333335;8.647718733333333;;;;;;;Interpoliert
Routenpunkt (Way);T;Rheinstraße;49.872412;8.6479104;;;;;;;Interpoliert
Routenpunkt (Way);T;Rheinstraße;49.87243951666667;8.648102066666667;;;;;;;Interpoliert
Routenpunkt (Way);T;Rheinstraße;49.872467033333336;8.648293733333333;;;;;;;Interpoliert
Routenpunkt (Way);T;Rheinstraße;49.87249455;8.6484854;;;;;;;Interpoliert
Routenpunkt (Way);T;Rheinstraße;49.87252206666667;8.648677066666666;;;;;;;Interpoliert
Routenpunkt (Way);T;Rheinstraße;49.87254958333333;8.648868733333334;;;;;;;Interpoliert
Routenpunkt (Way);T;Rheinstraße;49.8725771;8.6490604;;;;;;;Original OSM
Routenpunkt (Way);T;Rheinstraße;49.8726026;8.649245616666667;;;;;;;Interpoliert
Routenpunkt (Way);T;Rheinstraße;49.8726281;8.649430833333334;;;;;;;Interpoliert
Routenpunkt (Way);T;Rheinstraße;49.8726536;8.649616049999999;;;;;;;Interpoliert
Routenpunkt (Way);T;Rheinstraße;49.8726791;8.649801266666666;;;;;;;Interpoliert
Routenpunkt (Way);T;Rheinstraße;49.8727046;8.649986483333333;;;;;;;Interpoliert
Routenpunkt (Way);T;;49.872721608333336;8.650125058333334;;;;;;;Interpoliert (15m)
Routenpunkt (Way);T;Luisenplatz;49.87273861666667;8.650263633333333;;;;;;;Original OSM
Routenpunkt (Way);T;;49.87273593333333;8.650429366666668;;;;;;;Interpoliert (15m)
Routenpunkt (Way);T;Luisenplatz;49.872733249999996;8.6505951;;;;;;;Original OSM
Routenpunkt (Way);T;Luisenplatz;49.87271285;8.6507684;;;;;;;Interpoliert
Routenpunkt (Way);T;Luisenplatz;49.8726951;8.6509135;;;;;;;Original OSM
Routenpunkt (Way);T;;49.87268986666666;8.651113791666667;;;;;;;Interpoliert (15m)
Routenpunkt (Way);T;Luisenplatz;49.87268463333333;8.651314083333332;;;;;;;Original OSM
Haltestelle;W;Darmstadt Luisenplatz;49.8727037;8.6513514;;20:08:00;20:09:00;Kein Umlauf;Mo,Di,Mi,Do,Fr;446.0;Original GTFS (Snap-Distanz 21m) | Auf Route gesnappt (21m)
Routenpunkt (Way);T;Luisenplatz;49.87273510384615;8.651548830769231;;;;;;;Original OSM
Routenpunkt (Way);T;;49.872803626373624;8.651714196703297;;;;;;;Interpoliert (15m)
Routenpunkt (Way);T;;49.8728721489011;8.651879562637362;;;;;;;Interpoliert (15m)
Routenpunkt (Way);T;Luisenplatz;49.87294067142857;8.652044928571428;;;;;;;Original OSM
Routenpunkt (Way);T;;49.87296299404761;8.652175622619048;;;;;;;Interpoliert (15m)
Routenpunkt (Way);T;Rheinstraße;49.87298531666666;8.652306316666667;30.0;;;;;;Interpoliert
Routenpunkt (Way);T;Rheinstraße;49.87301123333333;8.652494933333333;30.0;;;;;;Interpoliert
Routenpunkt (Way);T;Rheinstraße;49.87303715;8.652683549999999;30.0;;;;;;Interpoliert
Routenpunkt (Way);T;Rheinstraße;49.87306306666667;8.652872166666667;30.0;;;;;;Interpoliert
Routenpunkt (Way);T;Rheinstraße;49.87308898333333;8.653060783333334;30.0;;;;;;Interpoliert
Routenpunkt (Way);T;;49.873097324305554;8.65322613263889;30.0;;;;;;Interpoliert (15m)
Routenpunkt (Way);T;;49.87310566527778;8.653391481944444;30.0;;;;;;Interpoliert (15m)
Routenpunkt (Way);T;Rheinstraße;49.87311400625;8.65355683125;30.0;;;;;;Original OSM
Routenpunkt (Way);T;;49.873064326388885;8.653705631944444;30.0;;;;;;Interpoliert (15m)
Routenpunkt (Way);T;;49.87301464652778;8.653854432638889;30.0;;;;;;Interpoliert (15m)
Routenpunkt (Way);T;Rheinstraße;49.872964966666665;8.654003233333333;30.0;;;;;;Interpoliert
Routenpunkt (Way);T;Rheinstraße;49.87289833333333;8.654139466666667;30.0;;;;;;Interpoliert
Routenpunkt (Way);T;;49.87284530555556;8.654271411111111;30.0;;;;;;Interpoliert (15m)
Routenpunkt (Way);T;Rheinstraße;49.87279227777778;8.654403355555557;30.0;;;;;;Original OSM
Routenpunkt (Way);T;;49.87279633888889;8.65456152777778;30.0;;;;;;Interpoliert (15m)
Routenpunkt (Way);T;Marktplatz;49.8728004;8.654719700000001;30.0;;;;;;Interpoliert
Routenpunkt (Way);T;Marktplatz;49.8728169;8.6548902;30.0;;;;;;Original OSM
Routenpunkt (Way);T;Marktplatz;49.87283825;8.655085450000001;30.0;;;;;;Interpoliert
Routenpunkt (Way);T;Marktplatz;49.8728596;8.6552807;30.0;;;;;;Original OSM
Haltestelle;W;Darmstadt Schloss;49.8728596;8.6552807;30.0;20:11:00;20:11:00;Kein Umlauf;Mo,Di,Mi,Do,Fr;446.0;Original GTFS (Snap-Distanz 3m) | Auf Route gesnappt (3m)
Routenpunkt (Way);T;Marktplatz;49.8728596;8.6552807;30.0;;;;;;Original OSM
Routenpunkt (Way);T;Schloss;49.87284574;8.655444319999999;;;;;;;Original OSM
Routenpunkt (Way);T;Schloss;49.87286520000001;8.655614272222223;;;;;;;Interpoliert
Routenpunkt (Way);T;;49.87289221500001;8.655762559537036;;;;;;;Interpoliert (15m)
Routenpunkt (Way);T;;49.87291923;8.655910846851851;;;;;;;Interpoliert (15m)
Routenpunkt (Way);T;Schloss;49.872946245;8.656059134166664;;;;;;;Original OSM
Routenpunkt (Way);T;;49.87298164;8.656216588124998;;;;;;;Interpoliert (15m)
Routenpunkt (Way);T;;49.873017035000004;8.656374042083332;;;;;;;Interpoliert (15m)
Routenpunkt (Way);T;;49.87305243;8.656531496041666;;;;;;;Interpoliert (15m)
Routenpunkt (Way);T;Marktplatz;49.873087825;8.65668895;30.0;;;;;;Original OSM
Routenpunkt (Way);T;;49.8731089125;8.656808608333332;30.0;;;;;;Interpoliert (15m)
Routenpunkt (Way);T;Landgraf-Georg-Straße;49.87313;8.656928266666666;30.0;;;;;;Interpoliert
Routenpunkt (Way);T;Landgraf-Georg-Straße;49.8731576;8.657084533333334;30.0;;;;;;Interpoliert
Routenpunkt (Way);T;Landgraf-Georg-Straße;49.8731852;8.6572408;30.0;;;;;;Original OSM
Routenpunkt (Way);T;;49.873198425;8.657392275;30.0;;;;;;Interpoliert (15m)
Routenpunkt (Way);T;Landgraf-Georg-Straße;49.87321165;8.657543749999999;50.0;;;;;;Original OSM
Routenpunkt (Way);T;;49.873215925;8.657671675;50.0;;;;;;Interpoliert (15m)
Routenpunkt (Way);T;Landgraf-Georg-Straße;49.8732202;8.6577996;50.0;;;;;;Interpoliert
Routenpunkt (Way);T;;49.8732195;8.6579399;50.0;;;;;;Interpoliert (15m)
Routenpunkt (Way);T;Landgraf-Georg-Straße;49.8732188;8.6580802;50.0;;;;;;Original OSM
Routenpunkt (Way);T;;49.873212566666666;8.658241700000001;50.0;;;;;;Interpoliert (15m)
Routenpunkt (Way);T;Landgraf-Georg-Straße;49.873206333333336;8.6584032;50.0;;;;;;Interpoliert
Routenpunkt (Way);T;Landgraf-Georg-Straße;49.87319696666667;8.658588;50.0;;;;;;Interpoliert
Routenpunkt (Way);T;;49.87318933333334;8.658738974999999;50.0;;;;;;Interpoliert (15m)
Routenpunkt (Way);T;Landgraf-Georg-Straße;49.87318170000001;8.658889949999999;50.0;;;;;;Original OSM
Routenpunkt (Way);T;;49.87317196666667;8.659061191666666;50.0;;;;;;Interpoliert (15m)
Routenpunkt (Way);T;Landgraf-Georg-Straße;49.873162233333325;8.659232433333335;50.0;;;;;;Original OSM
Routenpunkt (Way);T;;49.87315506666666;8.659342016666667;50.0;;;;;;Interpoliert (15m)
Routenpunkt (Way);T;Landgraf-Georg-Straße;49.8731479;8.659451599999999;50.0;;;;;;Interpoliert
Routenpunkt (Way);T;Landgraf-Georg-Straße;49.8731375;8.6595993;50.0;;;;;;Interpoliert
Routenpunkt (Way);T;Landgraf-Georg-Straße;49.8731271;8.659747;50.0;;;;;;Original OSM
Routenpunkt (Way);T;Landgraf-Georg-Straße;49.873105075;8.659942225;50.0;;;;;;Interpoliert
Routenpunkt (Way);T;Landgraf-Georg-Straße;49.87308305;8.66013745;50.0;;;;;;Interpoliert
Routenpunkt (Way);T;Landgraf-Georg-Straße;49.873061025;8.660332675;50.0;;;;;;Interpoliert
Routenpunkt (Way);T;;49.8730356375;8.6604900875;50.0;;;;;;Interpoliert (15m)
Routenpunkt (Way);T;Landgraf-Georg-Straße;49.87301025000001;8.6606475;50.0;;;;;;Original OSM
Routenpunkt (Way);T;;49.872982875000005;8.6607776;50.0;;;;;;Interpoliert (15m)
Routenpunkt (Way);T;Landgraf-Georg-Straße;49.8729555;8.6609077;50.0;;;;;;Original OSM
Routenpunkt (Way);T;;49.8729339;8.66105105;50.0;;;;;;Interpoliert (15m)
Routenpunkt (Way);T;Landgraf-Georg-Straße;49.872912299999996;8.6611944;50.0;;;;;;Original OSM
Routenpunkt (Way);T;;49.8728964;8.6613209;50.0;;;;;;Interpoliert (15m)
Routenpunkt (Way);T;Landgraf-Georg-Straße;49.8728805;8.6614474;50.0;;;;;;Original OSM
Routenpunkt (Way);T;Landgraf-Georg-Straße;49.872862233333336;8.661599833333334;50.0;;;;;;Interpoliert
Routenpunkt (Way);T;Landgraf-Georg-Straße;49.872843966666665;8.661752266666666;50.0;;;;;;Interpoliert
Routenpunkt (Way);T;Landgraf-Georg-Straße;49.8728257;8.6619047;50.0;;;;;;Original OSM
Routenpunkt (Way);T;Landgraf-Georg-Straße;49.87281105;8.66205425;50.0;;;;;;Interpoliert
Routenpunkt (Way);T;Landgraf-Georg-Straße;49.87279363333334;8.6622267;50.0;;;;;;Original OSM
Routenpunkt (Way);T;;49.87278286666667;8.662346316666667;50.0;;;;;;Interpoliert (15m)
Routenpunkt (Way);T;Landgraf-Georg-Straße;49.8727721;8.662465933333333;50.0;;;;;;Original OSM
Routenpunkt (Way);T;Landgraf-Georg-Straße;49.8727598;8.662649;50.0;;;;;;Original OSM
Routenpunkt (Way);T;Teichhausstraße;49.8728504;8.6626552;50.0;;;;;;Original OSM
Routenpunkt (Way);T;;49.872927149999995;8.66265992;50.0;;;;;;Interpoliert (15m)
Routenpunkt (Way);T;Teichhausstraße;49.8730039;8.66266464;50.0;;;;;;Original OSM
Routenpunkt (Way);T;;49.873088124999995;8.66266662;50.0;;;;;;Interpoliert (15m)
Routenpunkt (Way);T;Pützerstraße;49.87317235;8.6626686;50.0;;;;;;Interpoliert
Routenpunkt (Way);T;Pützerstraße;49.8732662;8.6626678;50.0;;;;;;Original OSM
Routenpunkt (Way);T;Pützerstraße;49.87339295;8.66267735;50.0;;;;;;Interpoliert
Routenpunkt (Way);T;;49.873478775;8.662683075;50.0;;;;;;Interpoliert (15m)
Routenpunkt (Way);T;Pützerstraße;49.8735646;8.662688800000002;50.0;;;;;;Original OSM
Routenpunkt (Way);T;;49.87367165208333;8.662705756250002;50.0;;;;;;Interpoliert (15m)
Routenpunkt (Way);T;;49.87377870416667;8.6627227125;50.0;;;;;;Interpoliert (15m)
Routenpunkt (Way);T;;49.87388575625;8.66273966875;50.0;;;;;;Interpoliert (15m)
Routenpunkt (Way);T;Pützerstraße;49.87399280833333;8.662756625;50.0;;;;;;Original OSM
Routenpunkt (Way);T;;49.874113233333325;8.662763769444444;50.0;;;;;;Interpoliert (15m)
Routenpunkt (Way);T;;49.874233658333324;8.662770913888888;50.0;;;;;;Interpoliert (15m)
Routenpunkt (Way);T;;49.87435408333333;8.662778058333334;50.0;;;;;;Interpoliert (15m)
Routenpunkt (Way);T;;49.87447450833333;8.662785202777778;50.0;;;;;;Interpoliert (15m)
Routenpunkt (Way);T;;49.87459493333333;8.662792347222222;50.0;;;;;;Interpoliert (15m)
Routenpunkt (Way);T;Pützerstraße;49.874715358333326;8.662799491666666;50.0;;;;;;Original OSM
Routenpunkt (Way);T;;49.874846247222216;8.662773419444443;50.0;;;;;;Interpoliert (15m)
Routenpunkt (Way);T;;49.874977136111106;8.662747347222222;50.0;;;;;;Interpoliert (15m)
Routenpunkt (Way);T;Pützerstraße/Mathildenhöhe (Bussteig Richtung Nord);49.875108024999996;8.662721274999999;;;;;;;Original OSM
Routenpunkt (Way);T;;49.87517311249999;8.6626523875;;;;;;;Interpoliert (15m)
Routenpunkt (Way);T;Pützerstraße;49.8752382;8.6625835;50.0;;;;;;Original OSM
Haltestelle;W;Darmstadt Pützerstraße;49.8752774;8.6625616;50.0;20:13:00;20:13:00;Kein Umlauf;Mo,Di,Mi,Do,Fr;446.0;Original GTFS (Snap-Distanz 1m) | Auf Route gesnappt (1m)
Routenpunkt (Way);T;Pützerstraße;49.8753594;8.6625065;50.0;;;;;;Original OSM
Routenpunkt (Way);T;;49.87547850185185;8.662418353703703;50.0;;;;;;Interpoliert (15m)
Routenpunkt (Way);T;;49.87559760370371;8.662330207407406;50.0;;;;;;Interpoliert (15m)
Routenpunkt (Way);T;Pützerstraße;49.87571670555556;8.66224206111111;50.0;;;;;;Original OSM
Routenpunkt (Way);T;;49.875806492592595;8.66215955185185;50.0;;;;;;Interpoliert (15m)
Routenpunkt (Way);T;;49.875896279629636;8.662077042592593;50.0;;;;;;Interpoliert (15m)
Routenpunkt (Way);T;Pützerstraße;49.87598606666667;8.661994533333333;50.0;;;;;;Interpoliert
Routenpunkt (Way);T;Pützerstraße;49.87608243333333;8.661895866666667;50.0;;;;;;Interpoliert
Routenpunkt (Way);T;;49.87615255;8.661825400000001;50.0;;;;;;Interpoliert (15m)
Routenpunkt (Way);T;Pützerstraße;49.87622266666667;8.661754933333334;50.0;;;;;;Original OSM
Routenpunkt (Way);T;Dieburger Straße;49.8763327;8.661703533333334;30.0;;;;;;Original OSM
Routenpunkt (Way);T;Dieburger Straße;49.8763725;8.6618831;30.0;;;;;;Original OSM
Routenpunkt (Way);T;Dieburger Straße;49.87644815;8.662027283333334;30.0;;;;;;Interpoliert
Routenpunkt (Way);T;Dieburger Straße;49.8765238;8.662171466666667;30.0;;;;;;Interpoliert
Routenpunkt (Way);T;Dieburger Straße;49.87659945;8.66231565;30.0;;;;;;Interpoliert
Routenpunkt (Way);T;Dieburger Straße;49.8766751;8.662459833333333;30.0;;;;;;Interpoliert
Routenpunkt (Way);T;Dieburger Straße;49.87675075;8.662604016666666;30.0;;;;;;Interpoliert
Routenpunkt (Way);T;;49.876835850000006;8.662754568333334;30.0;;;;;;Interpoliert (15m)
Routenpunkt (Way);T;Dieburger Straße;49.876920950000006;8.662905120000001;30.0;;;;;;Original OSM
Routenpunkt (Way);T;;49.87701030000001;8.663057847500001;30.0;;;;;;Interpoliert (15m)
Routenpunkt (Way);T;Dieburger Straße;49.877099650000005;8.663210575;30.0;;;;;;Interpoliert
Routenpunkt (Way);T;Dieburger Straße;49.8771749;8.66335705;30.0;;;;;;Interpoliert
Haltestelle;W;Darmstadt Alice-Hospital;49.8771749;8.66335705;30.0;20:14:00;20:14:00;Kein Umlauf;Mo,Di,Mi,Do,Fr;446.0;Original GTFS (Snap-Distanz 4m) | Auf Route gesnappt (4m)
Routenpunkt (Way);T;Dieburger Straße;49.8772407875;8.66352385625;30.0;;;;;;Interpoliert
Routenpunkt (Way);T;;49.87730214375;8.663640478125;30.0;;;;;;Interpoliert (15m)
Routenpunkt (Way);T;Alice-Hospital (Bussteig Richtung Ost);49.8773635;8.6637571;;;;;;;Interpoliert
Routenpunkt (Way);T;;49.8774302;8.6638545;;;;;;;Interpoliert (15m)
Routenpunkt (Way);T;Dieburger Straße;49.8774969;8.6639519;30.0;;;;;;Original OSM
Routenpunkt (Way);T;Dieburger Straße;49.8775635;8.6641316;30.0;;;;;;Original OSM
Routenpunkt (Way);T;Dieburger Straße;49.87762095;8.6643075;30.0;;;;;;Interpoliert
Routenpunkt (Way);T;Dieburger Straße;49.8776784;8.6644834;30.0;;;;;;Original OSM
Routenpunkt (Way);T;Dieburger Straße;49.87773593333333;8.664661233333334;30.0;;;;;;Interpoliert
Routenpunkt (Way);T;Dieburger Straße;49.87779346666667;8.664839066666666;30.0;;;;;;Interpoliert
Routenpunkt (Way);T;Dieburger Straße;49.877851;8.6650169;30.0;;;;;;Original OSM
Routenpunkt (Way);T;Dieburger Straße;49.87790385;8.665143749999999;30.0;;;;;;Interpoliert
Routenpunkt (Way);T;Dieburger Straße;49.8779567;8.6652706;30.0;;;;;;Original OSM
Routenpunkt (Way);T;Dieburger Straße;49.8780454;8.6654181;30.0;;;;;;Interpoliert
Routenpunkt (Way);T;Dieburger Straße;49.8781341;8.6655656;30.0;;;;;;Original OSM
Routenpunkt (Way);T;Dieburger Straße;49.87820765;8.665695750000001;30.0;;;;;;Interpoliert
Routenpunkt (Way);T;Dieburger Straße;49.8782812;8.6658259;30.0;;;;;;Original OSM
Routenpunkt (Way);T;Dieburger Straße;49.87835583333334;8.6659579;30.0;;;;;;Interpoliert
Routenpunkt (Way);T;Dieburger Straße;49.87843046666666;8.6660899;30.0;;;;;;Interpoliert
Routenpunkt (Way);T;;49.87848340925925;8.666244666666666;30.0;;;;;;Interpoliert (15m)
Routenpunkt (Way);T;;49.87853635185184;8.666399433333334;30.0;;;;;;Interpoliert (15m)
Routenpunkt (Way);T;Dieburger Straße;49.87858929444444;8.6665542;30.0;;;;;;Original OSM
Routenpunkt (Way);T;;49.87861002962963;8.666705366666667;30.0;;;;;;Interpoliert (15m)
Routenpunkt (Way);T;;49.87863076481481;8.666856533333332;30.0;;;;;;Interpoliert (15m)
Haltestelle;W;Darmstadt Mathildenhöhe;49.8786515;8.6670077;30.0;20:15:00;20:15:00;Kein Umlauf;Mo,Di,Mi,Do,Fr;446.0;Original GTFS (Snap-Distanz 3m) | Auf Route gesnappt (3m)
Routenpunkt (Way);T;;49.87865231666667;8.667121022222222;30.0;;;;;;Interpoliert (15m)
Routenpunkt (Way);T;Dieburger Straße;49.87865313333334;8.667234344444445;30.0;;;;;;Original OSM
Routenpunkt (Way);T;;49.87867481666667;8.667364172222223;30.0;;;;;;Interpoliert (15m)
Routenpunkt (Way);T;Dieburger Straße;49.8786965;8.667494000000001;30.0;;;;;;Interpoliert
Routenpunkt (Way);T;Dieburger Straße;49.8787143;8.6676867;30.0;;;;;;Original OSM
Routenpunkt (Way);T;Dieburger Straße;49.87872995;8.6678559;30.0;;;;;;Interpoliert
Routenpunkt (Way);T;Dieburger Straße;49.8787456;8.6680251;30.0;;;;;;Original OSM
Routenpunkt (Way);T;Dieburger Straße;49.878761866666665;8.668222333333333;30.0;;;;;;Interpoliert
Routenpunkt (Way);T;Dieburger Straße;49.87877813333333;8.668419566666667;30.0;;;;;;Interpoliert
Routenpunkt (Way);T;Dieburger Straße;49.8787944;8.6686168;30.0;;;;;;Original OSM
Routenpunkt (Way);T;;49.87881894722222;8.668759066666667;30.0;;;;;;Interpoliert (15m)
Routenpunkt (Way);T;;49.87884349444444;8.668901333333334;30.0;;;;;;Interpoliert (15m)
Routenpunkt (Way);T;Dieburger Straße;49.878868041666664;8.6690436;30.0;;;;;;Original OSM
Routenpunkt (Way);T;;49.87892447083333;8.6692275;30.0;;;;;;Interpoliert (15m)
Routenpunkt (Way);T;Dieburger Straße;49.8789809;8.6694114;30.0;;;;;;Original OSM
Routenpunkt (Way);T;Dieburger Straße;49.87902675;8.66954535;30.0;;;;;;Interpoliert
Routenpunkt (Way);T;Dieburger Straße;49.87907885;8.6696976;30.0;;;;;;Original OSM
Routenpunkt (Way);T;;49.87911919166667;8.669818116666665;30.0;;;;;;Interpoliert (15m)
Routenpunkt (Way);T;Dieburger Straße;49.879159533333336;8.669938633333333;30.0;;;;;;Original OSM
Routenpunkt (Way);T;;49.879212020833336;8.6701172625;30.0;;;;;;Interpoliert (15m)
Routenpunkt (Way);T;Dieburger Straße;49.879264508333335;8.670295891666667;30.0;;;;;;Original OSM
Routenpunkt (Way);T;;49.87931640416667;8.670470295833333;30.0;;;;;;Interpoliert (15m)
Routenpunkt (Way);T;Dieburger Straße;49.8793683;8.6706447;30.0;;;;;;Original OSM
Haltestelle;W;Darmstadt Spessartring;49.8793945;8.6707349;30.0;20:16:00;20:16:00;Kein Umlauf;Mo,Di,Mi,Do,Fr;446.0;Original GTFS (Snap-Distanz 2m) | Auf Route gesnappt (2m)
Routenpunkt (Way);T;Dieburger Straße;49.8793945;8.6707349;30.0;;;;;;Original OSM
Routenpunkt (Way);T;;49.87940251666666;8.670840241666667;30.0;;;;;;Interpoliert (15m)
Routenpunkt (Way);T;Dieburger Straße;49.87941053333333;8.670945583333333;30.0;;;;;;Interpoliert
Routenpunkt (Way);T;;49.87944444305555;8.671054293055555;30.0;;;;;;Interpoliert (15m)
Routenpunkt (Way);T;Dieburger Straße;49.879478352777774;8.671163002777778;30.0;;;;;;Interpoliert
Routenpunkt (Way);T;;49.87952745138889;8.67125418888889;30.0;;;;;;Interpoliert (15m)
Routenpunkt (Way);T;Dieburger Straße;49.87957655;8.671345375000001;30.0;;;;;;Interpoliert
Routenpunkt (Way);T;Dieburger Straße;49.8796328;8.67152405;30.0;;;;;;Interpoliert
Routenpunkt (Way);T;Dieburger Straße;49.87968905;8.671702725;30.0;;;;;;Interpoliert
Routenpunkt (Way);T;Dieburger Straße;49.8797453;8.6718814;30.0;;;;;;Original OSM
Routenpunkt (Way);T;Dieburger Straße;49.8797941;8.6720365;30.0;;;;;;Original OSM
Routenpunkt (Way);T;Dieburger Straße;49.87984665;8.6722033;30.0;;;;;;Interpoliert
Routenpunkt (Way);T;Dieburger Straße;49.8798992;8.6723701;30.0;;;;;;Original OSM
Routenpunkt (Way);T;Dieburger Straße;49.87995062857143;8.672532957142858;30.0;;;;;;Interpoliert
Routenpunkt (Way);T;Dieburger Straße;49.88000205714285;8.672695814285714;30.0;;;;;;Interpoliert
Routenpunkt (Way);T;Dieburger Straße;49.880053485714285;8.672858671428571;30.0;;;;;;Interpoliert
Routenpunkt (Way);T;Dieburger Straße;49.88010491428571;8.673021528571429;30.0;;;;;;Interpoliert
Routenpunkt (Way);T;Dieburger Straße;49.88015634285714;8.673184385714286;30.0;;;;;;Interpoliert
Routenpunkt (Way);T;Dieburger Straße;49.880207771428566;8.673347242857142;30.0;;;;;;Interpoliert
Routenpunkt (Way);T;Dieburger Straße;49.8802592;8.6735101;30.0;;;;;;Original OSM
Routenpunkt (Way);T;Dieburger Straße;49.88031105;8.6736574;30.0;;;;;;Interpoliert
Routenpunkt (Way);T;;49.8803458;8.673756149999999;30.0;;;;;;Interpoliert (15m)
Routenpunkt (Way);T;Dieburger Straße;49.88038055;8.6738549;30.0;;;;;;Original OSM
Routenpunkt (Way);T;;49.880418532142855;8.6739592;30.0;;;;;;Interpoliert (15m)
Routenpunkt (Way);T;Dieburger Straße;49.88045651428572;8.6740635;30.0;;;;;;Interpoliert
Routenpunkt (Way);T;Dieburger Straße;49.88051482857143;8.674221900000001;30.0;;;;;;Interpoliert
Routenpunkt (Way);T;Dieburger Straße;49.880573142857145;8.674380300000001;30.0;;;;;;Interpoliert
Routenpunkt (Way);T;Dieburger Straße;49.88063145714285;8.6745387;30.0;;;;;;Interpoliert
Routenpunkt (Way);T;Dieburger Straße;49.88068977142857;8.6746971;30.0;;;;;;Interpoliert
Routenpunkt (Way);T;Dieburger Straße;49.88074808571428;8.6748555;30.0;;;;;;Interpoliert
Routenpunkt (Way);T;Dieburger Straße;49.8808064;8.6750139;30.0;;;;;;Original OSM
Routenpunkt (Way);T;Dieburger Straße;49.88086818;8.6751686;30.0;;;;;;Interpoliert
Routenpunkt (Way);T;Dieburger Straße;49.88092996;8.6753233;30.0;;;;;;Interpoliert
Routenpunkt (Way);T;Dieburger Straße;49.88099174;8.675478;30.0;;;;;;Interpoliert
Routenpunkt (Way);T;Dieburger Straße;49.88105352;8.675632700000001;30.0;;;;;;Interpoliert
Routenpunkt (Way);T;Dieburger Straße;49.8811153;8.6757874;30.0;;;;;;Original OSM
Routenpunkt (Way);T;Dieburger Straße;49.8811701;8.675931625;30.0;;;;;;Interpoliert
Routenpunkt (Way);T;Dieburger Straße;49.8812249;8.67607585;30.0;;;;;;Interpoliert
Routenpunkt (Way);T;Dieburger Straße;49.8812797;8.676220075;30.0;;;;;;Interpoliert
Routenpunkt (Way);T;Dieburger Straße;49.8813345;8.6763643;30.0;;;;;;Original OSM
Routenpunkt (Way);T;Dieburger Straße;49.88138714;8.67655004;30.0;;;;;;Interpoliert
Routenpunkt (Way);T;Dieburger Straße;49.88143978;8.67673578;30.0;;;;;;Interpoliert
Routenpunkt (Way);T;Dieburger Straße;49.88149242;8.67692152;30.0;;;;;;Interpoliert
Routenpunkt (Way);T;Dieburger Straße;49.88154506;8.67710726;30.0;;;;;;Interpoliert
Routenpunkt (Way);T;;49.88156847166667;8.677277463333333;30.0;;;;;;Interpoliert (15m)
Routenpunkt (Way);T;Dieburger Straße;49.88159188333333;8.677447666666668;30.0;;;;;;Original OSM
Haltestelle;W;Darmstadt Regerweg;49.8816116;8.6775917;;20:17:00;20:17:00;Kein Umlauf;Mo,Di,Mi,Do,Fr;446.0;Original GTFS (Snap-Distanz 2m) | Auf Route gesnappt (2m)
Routenpunkt (Way);T;Regerweg (Bussteig Richtung Ost);49.8815872;8.677607649999999;;;;;;;Interpoliert
Routenpunkt (Way);T;Dieburger Straße;49.881647433333335;8.677707466666666;30.0;;;;;;Original OSM
Routenpunkt (Way);T;Dieburger Straße;49.8817268;8.6778567;30.0;;;;;;Interpoliert
Routenpunkt (Way);T;;49.88175692666667;8.677991513333334;30.0;;;;;;Interpoliert (15m)
Routenpunkt (Way);T;;49.88178705333334;8.678126326666666;30.0;;;;;;Interpoliert (15m)
Routenpunkt (Way);T;Dieburger Straße;49.881817180000006;8.67826114;30.0;;;;;;Original OSM
Routenpunkt (Way);T;;49.88185579;8.678442503333333;30.0;;;;;;Interpoliert (15m)
Routenpunkt (Way);T;Dieburger Straße;49.8818944;8.678623866666667;30.0;;;;;;Interpoliert
Routenpunkt (Way);T;Dieburger Straße;49.8819242;8.678768333333334;30.0;;;;;;Interpoliert
Routenpunkt (Way);T;Dieburger Straße;49.881954;8.6789128;30.0;;;;;;Original OSM
Routenpunkt (Way);T;Dieburger Straße;49.88199165;8.679075000000001;30.0;;;;;;Interpoliert
Routenpunkt (Way);T;Dieburger Straße;49.88203375;8.6792564;30.0;;;;;;Original OSM
Routenpunkt (Way);T;;49.8820715;8.67941905;30.0;;;;;;Interpoliert (15m)
Routenpunkt (Way);T;Dieburger Straße;49.882109250000006;8.6795817;30.0;;;;;;Original OSM
Routenpunkt (Way);T;;49.8821436625;8.6797299625;30.0;;;;;;Interpoliert (15m)
Routenpunkt (Way);T;Dieburger Straße;49.882178075;8.679878225;30.0;;;;;;Interpoliert
Routenpunkt (Way);T;Dieburger Straße;49.88221695;8.68004575;30.0;;;;;;Interpoliert
Routenpunkt (Way);T;Dieburger Straße;49.882255825;8.680213275;30.0;;;;;;Interpoliert
Routenpunkt (Way);T;;49.88229041875;8.68035919375;30.0;;;;;;Interpoliert (15m)
Routenpunkt (Way);T;Dieburger Straße;49.882325012500004;8.680505112499999;30.0;;;;;;Original OSM
Routenpunkt (Way);T;;49.88235759375;8.680637393749999;30.0;;;;;;Interpoliert (15m)
Routenpunkt (Way);T;Dieburger Straße;49.882390175;8.680769674999999;30.0;;;;;;Interpoliert
Routenpunkt (Way);T;Dieburger Straße;49.88243715;8.680959649999998;30.0;;;;;;Interpoliert
Routenpunkt (Way);T;Dieburger Straße;49.882484125000005;8.681149625;30.0;;;;;;Interpoliert
Routenpunkt (Way);T;Dieburger Straße;49.8825311;8.6813396;30.0;;;;;;Interpoliert
Routenpunkt (Way);T;Dieburger Straße;49.882578075;8.681529574999999;30.0;;;;;;Interpoliert
Routenpunkt (Way);T;Dieburger Straße;49.88262505;8.68171955;30.0;;;;;;Interpoliert
Routenpunkt (Way);T;Dieburger Straße;49.882672025000005;8.681909525;30.0;;;;;;Interpoliert
Routenpunkt (Way);T;Dieburger Straße;49.882719;8.6820995;30.0;;;;;;Original OSM
Routenpunkt (Way);T;Dieburger Straße;49.8827711;8.6822709;30.0;;;;;;Original OSM
Routenpunkt (Way);T;Dieburger Straße;49.8828249;8.682447733333333;30.0;;;;;;Interpoliert
Routenpunkt (Way);T;Dieburger Straße;49.8828787;8.682624566666668;30.0;;;;;;Interpoliert
Routenpunkt (Way);T;Dieburger Straße;49.8829325;8.6828014;30.0;;;;;;Original OSM
Routenpunkt (Way);T;Dieburger Straße;49.882999733333335;8.682941966666668;30.0;;;;;;Interpoliert
Routenpunkt (Way);T;Dieburger Straße;49.88306696666667;8.683082533333334;30.0;;;;;;Interpoliert
Routenpunkt (Way);T;Dieburger Straße;49.8831342;8.6832231;30.0;;;;;;Interpoliert
Routenpunkt (Way);T;Dieburger Straße;49.88320143333333;8.683363666666667;30.0;;;;;;Interpoliert
Routenpunkt (Way);T;Dieburger Straße;49.883268666666666;8.683504233333334;30.0;;;;;;Interpoliert
Routenpunkt (Way);T;;49.88333443958334;8.683643510416667;30.0;;;;;;Interpoliert (15m)
Routenpunkt (Way);T;Dieburger Straße;49.8834002125;8.6837827875;30.0;;;;;;Original OSM
Routenpunkt (Way);T;;49.883460686250004;8.68391193375;30.0;;;;;;Interpoliert (15m)
Routenpunkt (Way);T;Dieburger Straße;49.88352116;8.68404108;30.0;;;;;;Interpoliert
Routenpunkt (Way);T;Dieburger Straße;49.88359062;8.684188859999999;30.0;;;;;;Interpoliert
Routenpunkt (Way);T;Dieburger Straße;49.883660080000006;8.68433664;30.0;;;;;;Interpoliert
Routenpunkt (Way);T;Dieburger Straße;49.88372954;8.684484419999999;30.0;;;;;;Interpoliert
Routenpunkt (Way);T;;49.88378556097222;8.684628579444443;30.0;;;;;;Interpoliert (15m)
Routenpunkt (Way);T;Dieburger Straße;49.883841581944445;8.684772738888888;30.0;;;;;;Original OSM
Routenpunkt (Way);T;;49.88392627430555;8.684932086111111;30.0;;;;;;Interpoliert (15m)
Routenpunkt (Way);T;Dieburger Straße;49.884010966666665;8.685091433333334;30.0;;;;;;Interpoliert
Routenpunkt (Way);T;;49.88406168333333;8.685202716666666;30.0;;;;;;Interpoliert (15m)
Routenpunkt (Way);T;Dieburger Straße;49.8841124;8.685314;50.0;;;;;;Original OSM
Haltestelle;W;Darmstadt Fasanerie;49.8841124;8.685314;50.0;20:18:00;20:18:00;Kein Umlauf;Mo,Di,Mi,Do,Fr;446.0;Original GTFS (Snap-Distanz 3m) | Auf Route gesnappt (3m)
Routenpunkt (Way);T;;49.88418495303031;8.68544495;50.0;;;;;;Interpoliert (15m)
Routenpunkt (Way);T;;49.88425750606061;8.6855759;50.0;;;;;;Interpoliert (15m)
Routenpunkt (Way);T;Dieburger Straße;49.884330059090914;8.68570685;30.0;;;;;;Original OSM
Routenpunkt (Way);T;;49.88439541931818;8.685829375;30.0;;;;;;Interpoliert (15m)
Routenpunkt (Way);T;;49.884460779545456;8.6859519;30.0;;;;;;Interpoliert (15m)
Routenpunkt (Way);T;;49.88452613977273;8.686074425;30.0;;;;;;Interpoliert (15m)
Routenpunkt (Way);T;Dieburger Straße;49.8845915;8.68619695;50.0;;;;;;Interpoliert
Routenpunkt (Way);T;Dieburger Straße;49.8846765;8.686357;50.0;;;;;;Original OSM
Routenpunkt (Way);T;Dieburger Straße;49.8847367;8.6864694;50.0;;;;;;Interpoliert
Routenpunkt (Way);T;Dieburger Straße;49.8847969;8.686581799999999;50.0;;;;;;Interpoliert
Routenpunkt (Way);T;Dieburger Straße;49.8848571;8.6866942;;;;;;;Original OSM
Routenpunkt (Way);T;Dieburger Straße;49.8849367;8.6868407;;;;;;;Original OSM
Routenpunkt (Way);T;Dieburger Straße;49.8850145;8.6869845;;;;;;;Original OSM
Routenpunkt (Way);T;Dieburger Straße;49.885099225;8.6871401625;;;;;;;Interpoliert
Routenpunkt (Way);T;Dieburger Straße;49.88518395;8.687295825;;;;;;;Interpoliert
Routenpunkt (Way);T;Dieburger Straße;49.885268675;8.687451487499999;;;;;;;Interpoliert
Routenpunkt (Way);T;Dieburger Straße;49.8853534;8.68760715;;;;;;;Interpoliert
Routenpunkt (Way);T;Dieburger Straße;49.885438125;8.6877628125;;;;;;;Interpoliert
Routenpunkt (Way);T;Dieburger Straße;49.88552285;8.687918475;;;;;;;Interpoliert
Routenpunkt (Way);T;Dieburger Straße;49.885607575;8.6880741375;;;;;;;Interpoliert
Routenpunkt (Way);T;Dieburger Straße;49.8856923;8.6882298;70.0;;;;;;Original OSM
Routenpunkt (Way);T;Dieburger Straße;49.88578285;8.688381475;70.0;;;;;;Interpoliert
Routenpunkt (Way);T;Dieburger Straße;49.8858734;8.688533150000001;70.0;;;;;;Interpoliert
Routenpunkt (Way);T;Dieburger Straße;49.88596395;8.688684825000001;70.0;;;;;;Interpoliert
Routenpunkt (Way);T;Dieburger Straße;49.8860545;8.6888365;70.0;;;;;;Original OSM
Routenpunkt (Way);T;Dieburger Straße;49.88615213333333;8.688977366666666;70.0;;;;;;Interpoliert
Routenpunkt (Way);T;Dieburger Straße;49.886249766666666;8.689118233333334;70.0;;;;;;Interpoliert
Routenpunkt (Way);T;Dieburger Straße;49.8863474;8.6892591;70.0;;;;;;Original OSM
Routenpunkt (Way);T;Dieburger Straße;49.8864439;8.689395033333334;70.0;;;;;;Interpoliert
Routenpunkt (Way);T;Dieburger Straße;49.8865404;8.689530966666666;70.0;;;;;;Interpoliert
Routenpunkt (Way);T;Dieburger Straße;49.8866369;8.6896669;70.0;;;;;;Original OSM
Routenpunkt (Way);T;Dieburger Straße;49.886731025;8.689799375;70.0;;;;;;Interpoliert
Routenpunkt (Way);T;Dieburger Straße;49.88682515;8.68993185;70.0;;;;;;Interpoliert
Routenpunkt (Way);T;Dieburger Straße;49.886919275;8.690064325000002;70.0;;;;;;Interpoliert
Routenpunkt (Way);T;Dieburger Straße;49.8870134;8.6901968;70.0;;;;;;Original OSM
Routenpunkt (Way);T;Dieburger Straße;49.887102475;8.690320700000001;70.0;;;;;;Interpoliert
Routenpunkt (Way);T;Dieburger Straße;49.88719155;8.6904446;70.0;;;;;;Interpoliert
Routenpunkt (Way);T;Dieburger Straße;49.887280625;8.6905685;70.0;;;;;;Interpoliert
Routenpunkt (Way);T;Dieburger Straße;49.8873697;8.6906924;70.0;;;;;;Original OSM
Routenpunkt (Way);T;Dieburger Straße;49.88746123333333;8.690821566666667;70.0;;;;;;Interpoliert
Routenpunkt (Way);T;Dieburger Straße;49.887552766666666;8.690950733333333;70.0;;;;;;Interpoliert
Routenpunkt (Way);T;Dieburger Straße;49.8876443;8.6910799;70.0;;;;;;Original OSM
Routenpunkt (Way);T;Dieburger Straße;49.8877301;8.6912001;70.0;;;;;;Interpoliert
Routenpunkt (Way);T;Dieburger Straße;49.8878159;8.691320300000001;70.0;;;;;;Interpoliert
Routenpunkt (Way);T;Dieburger Straße;49.8879017;8.6914405;70.0;;;;;;Original OSM
Routenpunkt (Way);T;Dieburger Straße;49.887986733333335;8.691562833333334;70.0;;;;;;Interpoliert
Routenpunkt (Way);T;Dieburger Straße;49.88807176666666;8.691685166666666;70.0;;;;;;Interpoliert
Routenpunkt (Way);T;Dieburger Straße;49.8881568;8.6918075;70.0;;;;;;Original OSM
Routenpunkt (Way);T;Dieburger Straße;49.88824455;8.6919344;70.0;;;;;;Interpoliert
Routenpunkt (Way);T;Dieburger Straße;49.8883323;8.692061299999999;70.0;;;;;;Interpoliert
Routenpunkt (Way);T;Dieburger Straße;49.88842004999999;8.6921882;70.0;;;;;;Interpoliert
Routenpunkt (Way);T;Dieburger Straße;49.8885078;8.6923151;70.0;;;;;;Interpoliert
Routenpunkt (Way);T;Dieburger Straße;49.88859555;8.692442;70.0;;;;;;Interpoliert
Routenpunkt (Way);T;Dieburger Straße;49.8886833;8.6925689;70.0;;;;;;Original OSM
Routenpunkt (Way);T;Dieburger Straße;49.88877716666666;8.692703433333334;70.0;;;;;;Interpoliert
Routenpunkt (Way);T;Dieburger Straße;49.88887103333333;8.692837966666666;70.0;;;;;;Interpoliert
Routenpunkt (Way);T;Dieburger Straße;49.8889649;8.6929725;70.0;;;;;;Original OSM
Routenpunkt (Way);T;Dieburger Straße;49.889027766666665;8.693074266666667;70.0;;;;;;Interpoliert
Routenpunkt (Way);T;Dieburger Straße;49.88909063333333;8.693176033333334;70.0;;;;;;Interpoliert
Routenpunkt (Way);T;;49.88914439166666;8.693266641666668;70.0;;;;;;Interpoliert (15m)
Routenpunkt (Way);T;Dieburger Straße;49.88919815;8.69335725;70.0;;;;;;Original OSM
Routenpunkt (Way);T;;49.889260675;8.693478225;70.0;;;;;;Interpoliert (15m)
Routenpunkt (Way);T;Dieburger Straße;49.8893232;8.6935992;70.0;;;;;;Original OSM
Routenpunkt (Way);T;Dieburger Straße;49.88939916666666;8.6937585;70.0;;;;;;Interpoliert
Routenpunkt (Way);T;Dieburger Straße;49.889475133333335;8.6939178;70.0;;;;;;Interpoliert
Routenpunkt (Way);T;Dieburger Straße;49.8895511;8.6940771;70.0;;;;;;Original OSM
Routenpunkt (Way);T;Dieburger Straße;49.889605333333336;8.694194399999999;70.0;;;;;;Interpoliert
Routenpunkt (Way);T;Dieburger Straße;49.889659566666666;8.6943117;70.0;;;;;;Interpoliert
Routenpunkt (Way);T;Dieburger Straße;49.8897138;8.694429;70.0;;;;;;Original OSM
Routenpunkt (Way);T;Dieburger Straße;49.88978915384616;8.694594161538461;70.0;;;;;;Interpoliert
Routenpunkt (Way);T;Dieburger Straße;49.88986450769231;8.694759323076923;70.0;;;;;;Interpoliert
Routenpunkt (Way);T;Dieburger Straße;49.88993986153847;8.694924484615385;70.0;;;;;;Interpoliert
Routenpunkt (Way);T;Dieburger Straße;49.890015215384615;8.695089646153846;70.0;;;;;;Interpoliert
Routenpunkt (Way);T;Dieburger Straße;49.89009056923077;8.695254807692308;70.0;;;;;;Interpoliert
Routenpunkt (Way);T;Dieburger Straße;49.89016592307693;8.69541996923077;70.0;;;;;;Interpoliert
Routenpunkt (Way);T;Dieburger Straße;49.89024127692308;8.69558513076923;70.0;;;;;;Interpoliert
Routenpunkt (Way);T;Dieburger Straße;49.89031663076924;8.695750292307691;70.0;;;;;;Interpoliert
Routenpunkt (Way);T;Dieburger Straße;49.89039198461539;8.695915453846153;70.0;;;;;;Interpoliert
Routenpunkt (Way);T;Dieburger Straße;49.89046733846154;8.696080615384615;70.0;;;;;;Interpoliert
Routenpunkt (Way);T;Dieburger Straße;49.8905426923077;8.696245776923076;70.0;;;;;;Interpoliert
Routenpunkt (Way);T;Dieburger Straße;49.89061804615385;8.696410938461538;70.0;;;;;;Interpoliert
Routenpunkt (Way);T;;49.890641123076925;8.696516769230769;70.0;;;;;;Interpoliert (15m)
Routenpunkt (Way);T;Unbekannt;49.8906642;8.6966226;;;;;;;Original OSM
Haltestelle;W;Darmstadt Oberwaldhaus;49.8906172;8.6967151;;20:20:00;20:20:00;Kein Umlauf;Mo,Di,Mi,Do,Fr;446.0;Original GTFS (Snap-Distanz 8m) | Auf Route gesnappt (8m)
Routenpunkt (Way);T;;49.89055895681818;8.69688113181818;;;;;;;Interpoliert (15m)
Routenpunkt (Way);T;Unbekannt;49.89050071363636;8.697047163636363;;;;;;;Original OSM
Routenpunkt (Way);T;;49.89054981396104;8.697206903246753;;;;;;;Interpoliert (15m)
Routenpunkt (Way);T;Unbekannt;49.89059891428572;8.697366642857144;;;;;;;Original OSM
Routenpunkt (Way);T;;49.890681557142855;8.697334021428572;;;;;;;Interpoliert (15m)
Routenpunkt (Way);T;Unbekannt;49.8907642;8.6973014;;;;;;;Original OSM
Routenpunkt (Way);T;Unbekannt;49.8908559;8.6972616;;;;;;;Original OSM
Routenpunkt (Way);T;Unbekannt;49.8909664;8.6971683;;;;;;;Original OSM
Routenpunkt (Way);T;;49.8910150375;8.697241612500001;;;;;;;Interpoliert (15m)
Routenpunkt (Way);T;Dieburger Straße;49.891063675;8.697314925;70.0;;;;;;Interpoliert
Routenpunkt (Way);T;Dieburger Straße;49.89114475;8.69747325;70.0;;;;;;Interpoliert
Routenpunkt (Way);T;Dieburger Straße;49.891225825;8.697631574999999;70.0;;;;;;Interpoliert
Routenpunkt (Way);T;Dieburger Straße;49.8913069;8.6977899;70.0;;;;;;Original OSM
Routenpunkt (Way);T;Dieburger Straße;49.89138855;8.6979448;70.0;;;;;;Interpoliert
Routenpunkt (Way);T;Dieburger Straße;49.8914702;8.6980997;70.0;;;;;;Interpoliert
Routenpunkt (Way);T;Dieburger Straße;49.89155185;8.6982546;70.0;;;;;;Interpoliert
Routenpunkt (Way);T;Dieburger Straße;49.8916335;8.6984095;70.0;;;;;;Original OSM
Routenpunkt (Way);T;Dieburger Straße;49.891699333333335;8.6985393;70.0;;;;;;Interpoliert
Routenpunkt (Way);T;Dieburger Straße;49.891765166666666;8.6986691;70.0;;;;;;Interpoliert
Routenpunkt (Way);T;Dieburger Straße;49.891831;8.6987989;70.0;;;;;;Original OSM
Routenpunkt (Way);T;Dieburger Straße;49.89188285;8.69891685;70.0;;;;;;Interpoliert
Routenpunkt (Way);T;Dieburger Straße;49.8919347;8.6990348;70.0;;;;;;Original OSM
Routenpunkt (Way);T;Dieburger Straße;49.89198495;8.69915465;70.0;;;;;;Interpoliert
Routenpunkt (Way);T;Dieburger Straße;49.8920352;8.6992745;70.0;;;;;;Original OSM
Routenpunkt (Way);T;Dieburger Straße;49.8920845;8.699393950000001;70.0;;;;;;Interpoliert
Routenpunkt (Way);T;Dieburger Straße;49.8921338;8.6995134;70.0;;;;;;Original OSM
Routenpunkt (Way);T;Dieburger Straße;49.8921786;8.69963645;70.0;;;;;;Interpoliert
Routenpunkt (Way);T;Dieburger Straße;49.8922234;8.6997595;70.0;;;;;;Original OSM
Routenpunkt (Way);T;Dieburger Straße;49.8922714;8.69990005;70.0;;;;;;Interpoliert
Routenpunkt (Way);T;Dieburger Straße;49.8923194;8.7000406;70.0;;;;;;Original OSM
Routenpunkt (Way);T;Dieburger Straße;49.89236416666667;8.700203799999999;70.0;;;;;;Interpoliert
Routenpunkt (Way);T;Dieburger Straße;49.89240893333333;8.700367;70.0;;;;;;Interpoliert
Routenpunkt (Way);T;Dieburger Straße;49.8924537;8.7005302;70.0;;;;;;Original OSM
Routenpunkt (Way);T;Dieburger Straße;49.8924954;8.700702199999998;70.0;;;;;;Interpoliert
Routenpunkt (Way);T;Dieburger Straße;49.8925371;8.7008742;70.0;;;;;;Original OSM
Routenpunkt (Way);T;Dieburger Straße;49.89257356666666;8.701050066666665;70.0;;;;;;Interpoliert
Routenpunkt (Way);T;Dieburger Straße;49.89261003333333;8.701225933333333;70.0;;;;;;Interpoliert
Routenpunkt (Way);T;Dieburger Straße;49.8926465;8.7014018;70.0;;;;;;Original OSM
Routenpunkt (Way);T;Dieburger Straße;49.89267893333333;8.7015801;70.0;;;;;;Interpoliert
Routenpunkt (Way);T;Dieburger Straße;49.89271136666667;8.7017584;70.0;;;;;;Interpoliert
Routenpunkt (Way);T;Dieburger Straße;49.8927438;8.7019367;70.0;;;;;;Original OSM
Routenpunkt (Way);T;Dieburger Straße;49.89277416;8.70211198;70.0;;;;;;Interpoliert
Routenpunkt (Way);T;Dieburger Straße;49.89280452;8.70228726;70.0;;;;;;Interpoliert
Routenpunkt (Way);T;Dieburger Straße;49.89283488;8.702462539999999;70.0;;;;;;Interpoliert
Routenpunkt (Way);T;Dieburger Straße;49.89286524;8.70263782;70.0;;;;;;Interpoliert
Routenpunkt (Way);T;Dieburger Straße;49.8928956;8.7028131;70.0;;;;;;Original OSM
Routenpunkt (Way);T;Dieburger Straße;49.892931075;8.70301255;70.0;;;;;;Interpoliert
Routenpunkt (Way);T;Dieburger Straße;49.89296655;8.703212;70.0;;;;;;Interpoliert
Routenpunkt (Way);T;Dieburger Straße;49.893002025;8.703411449999999;70.0;;;;;;Interpoliert
Routenpunkt (Way);T;Dieburger Straße;49.8930375;8.7036109;70.0;;;;;;Original OSM
Routenpunkt (Way);T;Dieburger Straße;49.89307396;8.703789259999999;;;;;;;Interpoliert
Routenpunkt (Way);T;Dieburger Straße;49.89311042;8.70396762;;;;;;;Interpoliert
Routenpunkt (Way);T;Dieburger Straße;49.89314688;8.70414598;;;;;;;Interpoliert
Routenpunkt (Way);T;Dieburger Straße;49.89318334;8.704324340000001;;;;;;;Interpoliert
Routenpunkt (Way);T;Dieburger Straße;49.8932198;8.7045027;;;;;;;Original OSM
Routenpunkt (Way);T;Dieburger Straße;49.8932593;8.704675660000001;;;;;;;Interpoliert
Routenpunkt (Way);T;Dieburger Straße;49.8932988;8.70484862;;;;;;;Interpoliert
Routenpunkt (Way);T;Dieburger Straße;49.8933383;8.70502158;;;;;;;Interpoliert
Routenpunkt (Way);T;Dieburger Straße;49.8933778;8.705194539999999;;;;;;;Interpoliert
Routenpunkt (Way);T;Dieburger Straße;49.8934173;8.7053675;;;;;;;Original OSM
Routenpunkt (Way);T;Dieburger Straße;49.8934569;8.705528333333334;;;;;;;Interpoliert
Routenpunkt (Way);T;Dieburger Straße;49.8934965;8.705689166666666;;;;;;;Interpoliert
Routenpunkt (Way);T;Dieburger Straße;49.8935361;8.70585;;;;;;;Original OSM
Routenpunkt (Way);T;Dieburger Straße;49.8935777;8.706007125;;;;;;;Interpoliert
Routenpunkt (Way);T;Dieburger Straße;49.8936193;8.70616425;;;;;;;Interpoliert
Routenpunkt (Way);T;Dieburger Straße;49.8936609;8.706321375;;;;;;;Interpoliert
Routenpunkt (Way);T;Dieburger Straße;49.8937025;8.7064785;;;;;;;Original OSM
Routenpunkt (Way);T;Dieburger Straße;49.89374083333333;8.706614966666667;;;;;;;Interpoliert
Routenpunkt (Way);T;Dieburger Straße;49.89377916666667;8.706751433333332;;;;;;;Interpoliert
Routenpunkt (Way);T;Dieburger Straße;49.8938175;8.7068879;100.0;;;;;;Original OSM
Routenpunkt (Way);T;Dieburger Straße;49.89386895;8.707064325;100.0;;;;;;Interpoliert
Routenpunkt (Way);T;Dieburger Straße;49.8939204;8.70724075;100.0;;;;;;Interpoliert
Routenpunkt (Way);T;Dieburger Straße;49.89397185;8.707417175;100.0;;;;;;Interpoliert
Routenpunkt (Way);T;Dieburger Straße;49.8940233;8.7075936;100.0;;;;;;Original OSM
Routenpunkt (Way);T;Dieburger Straße;49.89408186;8.707775;100.0;;;;;;Interpoliert
Routenpunkt (Way);T;Dieburger Straße;49.89414042;8.707956399999999;100.0;;;;;;Interpoliert
Routenpunkt (Way);T;Dieburger Straße;49.89419898;8.7081378;100.0;;;;;;Interpoliert
Routenpunkt (Way);T;Dieburger Straße;49.89425754;8.7083192;100.0;;;;;;Interpoliert
Routenpunkt (Way);T;Dieburger Straße;49.8943161;8.7085006;100.0;;;;;;Interpoliert
Routenpunkt (Way);T;Dieburger Straße;49.89437466;8.708682;100.0;;;;;;Interpoliert
Routenpunkt (Way);T;Dieburger Straße;49.89443322;8.7088634;100.0;;;;;;Interpoliert
Routenpunkt (Way);T;Dieburger Straße;49.89449178;8.709044800000001;100.0;;;;;;Interpoliert
Routenpunkt (Way);T;Dieburger Straße;49.89455034;8.7092262;100.0;;;;;;Interpoliert
Routenpunkt (Way);T;Dieburger Straße;49.8946089;8.7094076;100.0;;;;;;Original OSM
Routenpunkt (Way);T;Dieburger Straße;49.89466941538462;8.709594446153847;100.0;;;;;;Interpoliert
Routenpunkt (Way);T;Dieburger Straße;49.89472993076923;8.709781292307692;100.0;;;;;;Interpoliert
Routenpunkt (Way);T;Dieburger Straße;49.89479044615385;8.709968138461539;100.0;;;;;;Interpoliert
Routenpunkt (Way);T;Dieburger Straße;49.89485096153846;8.710154984615384;100.0;;;;;;Interpoliert
Routenpunkt (Way);T;Dieburger Straße;49.89491147692308;8.71034183076923;100.0;;;;;;Interpoliert
Routenpunkt (Way);T;Dieburger Straße;49.894971992307696;8.710528676923078;100.0;;;;;;Interpoliert
Routenpunkt (Way);T;Dieburger Straße;49.89503250769231;8.710715523076923;100.0;;;;;;Interpoliert
Routenpunkt (Way);T;Dieburger Straße;49.895093023076925;8.71090236923077;100.0;;;;;;Interpoliert
Routenpunkt (Way);T;Dieburger Straße;49.89515353846154;8.711089215384616;100.0;;;;;;Interpoliert
Routenpunkt (Way);T;Dieburger Straße;49.89521405384615;8.711276061538461;100.0;;;;;;Interpoliert
Routenpunkt (Way);T;Dieburger Straße;49.89527456923077;8.711462907692308;100.0;;;;;;Interpoliert
Routenpunkt (Way);T;Dieburger Straße;49.89533508461538;8.711649753846153;100.0;;;;;;Interpoliert
Routenpunkt (Way);T;Dieburger Straße;49.8953956;8.7118366;100.0;;;;;;Original OSM
Routenpunkt (Way);T;Dieburger Straße;49.895449725;8.712002;100.0;;;;;;Interpoliert
Routenpunkt (Way);T;Dieburger Straße;49.89550385;8.7121674;100.0;;;;;;Interpoliert
Routenpunkt (Way);T;Dieburger Straße;49.895557975;8.7123328;100.0;;;;;;Interpoliert
Routenpunkt (Way);T;Dieburger Straße;49.8956121;8.7124982;100.0;;;;;;Original OSM
Routenpunkt (Way);T;Dieburger Straße;49.895670555555554;8.712677411111112;100.0;;;;;;Interpoliert
Routenpunkt (Way);T;Dieburger Straße;49.89572901111112;8.712856622222223;100.0;;;;;;Interpoliert
Routenpunkt (Way);T;Dieburger Straße;49.89578746666667;8.713035833333334;100.0;;;;;;Interpoliert
Routenpunkt (Way);T;Dieburger Straße;49.89584592222222;8.713215044444445;100.0;;;;;;Interpoliert
Routenpunkt (Way);T;Dieburger Straße;49.89590437777778;8.713394255555556;100.0;;;;;;Interpoliert
Routenpunkt (Way);T;Dieburger Straße;49.895962833333336;8.713573466666666;100.0;;;;;;Interpoliert
Routenpunkt (Way);T;Dieburger Straße;49.89602128888889;8.713752677777778;100.0;;;;;;Interpoliert
Routenpunkt (Way);T;Dieburger Straße;49.89607974444445;8.713931888888888;100.0;;;;;;Interpoliert
Routenpunkt (Way);T;Dieburger Straße;49.8961382;8.7141111;100.0;;;;;;Original OSM
Routenpunkt (Way);T;Dieburger Straße;49.89619549166667;8.714288466666666;100.0;;;;;;Interpoliert
Routenpunkt (Way);T;Dieburger Straße;49.89625278333334;8.714465833333334;100.0;;;;;;Interpoliert
Routenpunkt (Way);T;Dieburger Straße;49.896310075;8.714643200000001;100.0;;;;;;Interpoliert
Routenpunkt (Way);T;Dieburger Straße;49.89636736666667;8.714820566666667;100.0;;;;;;Interpoliert
Routenpunkt (Way);T;Dieburger Straße;49.89642465833334;8.714997933333333;100.0;;;;;;Interpoliert
Routenpunkt (Way);T;Dieburger Straße;49.89648195;8.7151753;100.0;;;;;;Interpoliert
Routenpunkt (Way);T;Dieburger Straße;49.896539241666666;8.715352666666668;100.0;;;;;;Interpoliert
Routenpunkt (Way);T;Dieburger Straße;49.89659653333334;8.715530033333334;100.0;;;;;;Interpoliert
Routenpunkt (Way);T;Dieburger Straße;49.896653825;8.7157074;100.0;;;;;;Interpoliert
Routenpunkt (Way);T;Dieburger Straße;49.896711116666665;8.715884766666667;100.0;;;;;;Interpoliert
Routenpunkt (Way);T;Dieburger Straße;49.89676840833334;8.716062133333335;100.0;;;;;;Interpoliert
Routenpunkt (Way);T;Dieburger Straße;49.8968257;8.7162395;100.0;;;;;;Original OSM
Routenpunkt (Way);T;Dieburger Straße;49.89688551538462;8.716423492307692;100.0;;;;;;Interpoliert
Routenpunkt (Way);T;Dieburger Straße;49.89694533076924;8.716607484615384;100.0;;;;;;Interpoliert
Routenpunkt (Way);T;Dieburger Straße;49.897005146153845;8.716791476923078;100.0;;;;;;Interpoliert
Routenpunkt (Way);T;Dieburger Straße;49.89706496153846;8.71697546923077;100.0;;;;;;Interpoliert
Routenpunkt (Way);T;Dieburger Straße;49.89712477692308;8.717159461538461;100.0;;;;;;Interpoliert
Routenpunkt (Way);T;Dieburger Straße;49.897184592307696;8.717343453846153;100.0;;;;;;Interpoliert
Routenpunkt (Way);T;Dieburger Straße;49.89724440769231;8.717527446153847;100.0;;;;;;Interpoliert
Routenpunkt (Way);T;Dieburger Straße;49.89730422307692;8.717711438461539;100.0;;;;;;Interpoliert
Routenpunkt (Way);T;Dieburger Straße;49.89736403846154;8.71789543076923;100.0;;;;;;Interpoliert
Routenpunkt (Way);T;Dieburger Straße;49.89742385384616;8.718079423076922;100.0;;;;;;Interpoliert
Routenpunkt (Way);T;Dieburger Straße;49.897483669230766;8.718263415384616;100.0;;;;;;Interpoliert
Routenpunkt (Way);T;Dieburger Straße;49.89754348461538;8.718447407692308;100.0;;;;;;Interpoliert
Routenpunkt (Way);T;Dieburger Straße;49.8976033;8.7186314;100.0;;;;;;Original OSM
Routenpunkt (Way);T;Dieburger Straße;49.897652975;8.718786099999999;;;;;;;Interpoliert
Routenpunkt (Way);T;Dieburger Straße;49.89770265;8.718940799999999;;;;;;;Interpoliert
Routenpunkt (Way);T;Dieburger Straße;49.897752325;8.7190955;;;;;;;Interpoliert
Routenpunkt (Way);T;Dieburger Straße;49.897802;8.7192502;;;;;;;Original OSM
Routenpunkt (Way);T;Dieburger Straße;49.897861885714285;8.719434014285714;;;;;;;Interpoliert
Routenpunkt (Way);T;Dieburger Straße;49.89792177142857;8.719617828571428;;;;;;;Interpoliert
Routenpunkt (Way);T;Dieburger Straße;49.89798165714286;8.719801642857142;;;;;;;Interpoliert
Routenpunkt (Way);T;Dieburger Straße;49.89804154285714;8.719985457142856;;;;;;;Interpoliert
Routenpunkt (Way);T;Dieburger Straße;49.89810142857143;8.72016927142857;;;;;;;Interpoliert
Routenpunkt (Way);T;Dieburger Straße;49.89816131428572;8.720353085714285;;;;;;;Interpoliert
Routenpunkt (Way);T;Dieburger Straße;49.8982212;8.720536899999999;;;;;;;Interpoliert
Routenpunkt (Way);T;Dieburger Straße;49.89828108571428;8.720720714285715;;;;;;;Interpoliert
Routenpunkt (Way);T;Dieburger Straße;49.89834097142857;8.72090452857143;;;;;;;Interpoliert
Routenpunkt (Way);T;Dieburger Straße;49.89840085714285;8.721088342857144;;;;;;;Interpoliert
Routenpunkt (Way);T;Dieburger Straße;49.89846074285714;8.721272157142858;;;;;;;Interpoliert
Routenpunkt (Way);T;Dieburger Straße;49.89852062857143;8.721455971428572;;;;;;;Interpoliert
Routenpunkt (Way);T;Dieburger Straße;49.89858051428571;8.721639785714286;;;;;;;Interpoliert
Routenpunkt (Way);T;Dieburger Straße;49.8986404;8.7218236;;;;;;;Original OSM
Routenpunkt (Way);T;Dieburger Straße;49.89870162857142;8.722005428571428;;;;;;;Interpoliert
Routenpunkt (Way);T;Dieburger Straße;49.898762857142856;8.722187257142858;;;;;;;Interpoliert
Routenpunkt (Way);T;Dieburger Straße;49.89882408571428;8.722369085714286;;;;;;;Interpoliert
Routenpunkt (Way);T;Dieburger Straße;49.898885314285714;8.722550914285714;;;;;;;Interpoliert
Routenpunkt (Way);T;Dieburger Straße;49.89894654285714;8.722732742857144;;;;;;;Interpoliert
Routenpunkt (Way);T;Dieburger Straße;49.89900777142857;8.722914571428571;;;;;;;Interpoliert
Routenpunkt (Way);T;Dieburger Straße;49.899069;8.7230964;;;;;;;Interpoliert
Routenpunkt (Way);T;Dieburger Straße;49.89913022857142;8.723278228571429;;;;;;;Interpoliert
Routenpunkt (Way);T;Dieburger Straße;49.899191457142855;8.723460057142857;;;;;;;Interpoliert
Routenpunkt (Way);T;Dieburger Straße;49.89925268571428;8.723641885714287;;;;;;;Interpoliert
Routenpunkt (Way);T;Dieburger Straße;49.89931391428571;8.723823714285714;;;;;;;Interpoliert
Routenpunkt (Way);T;Dieburger Straße;49.89937514285714;8.724005542857142;;;;;;;Interpoliert
Routenpunkt (Way);T;Dieburger Straße;49.89943637142857;8.724187371428572;;;;;;;Interpoliert
Routenpunkt (Way);T;Dieburger Straße;49.8994976;8.7243692;70.0;;;;;;Original OSM
Routenpunkt (Way);T;Dieburger Straße;49.89955617272727;8.724549513636363;70.0;;;;;;Interpoliert
Routenpunkt (Way);T;Dieburger Straße;49.89961474545454;8.724729827272727;70.0;;;;;;Interpoliert
Routenpunkt (Way);T;Dieburger Straße;49.89967331818181;8.72491014090909;70.0;;;;;;Interpoliert
Routenpunkt (Way);T;Dieburger Straße;49.89973189090909;8.725090454545455;70.0;;;;;;Interpoliert
Routenpunkt (Way);T;Dieburger Straße;49.89979046363637;8.725270768181819;70.0;;;;;;Interpoliert
Routenpunkt (Way);T;Dieburger Straße;49.899849036363634;8.725451081818182;70.0;;;;;;Interpoliert
Routenpunkt (Way);T;Dieburger Straße;49.8999076090909;8.725631395454545;70.0;;;;;;Interpoliert
Routenpunkt (Way);T;Dieburger Straße;49.89996618181818;8.725811709090909;70.0;;;;;;Interpoliert
Routenpunkt (Way);T;Dieburger Straße;49.900024754545456;8.725992022727272;70.0;;;;;;Interpoliert
Routenpunkt (Way);T;Dieburger Straße;49.900083327272725;8.726172336363636;70.0;;;;;;Interpoliert
Routenpunkt (Way);T;Dieburger Straße;49.9001419;8.726352649999999;70.0;;;;;;Interpoliert
Routenpunkt (Way);T;Dieburger Straße;49.90020047272727;8.726532963636364;70.0;;;;;;Interpoliert
Routenpunkt (Way);T;Dieburger Straße;49.90025904545455;8.726713277272728;70.0;;;;;;Interpoliert
Routenpunkt (Way);T;Dieburger Straße;49.900317618181816;8.726893590909091;70.0;;;;;;Interpoliert
Routenpunkt (Way);T;Dieburger Straße;49.900376190909085;8.727073904545454;70.0;;;;;;Interpoliert
Routenpunkt (Way);T;Dieburger Straße;49.90043476363636;8.727254218181818;70.0;;;;;;Interpoliert
Routenpunkt (Way);T;Dieburger Straße;49.90049333636364;8.727434531818181;70.0;;;;;;Interpoliert
Routenpunkt (Way);T;Dieburger Straße;49.90055190909091;8.727614845454545;70.0;;;;;;Interpoliert
Routenpunkt (Way);T;Dieburger Straße;49.90061048181818;8.72779515909091;70.0;;;;;;Interpoliert
Routenpunkt (Way);T;Dieburger Straße;49.90066905454545;8.727975472727273;70.0;;;;;;Interpoliert
Routenpunkt (Way);T;Dieburger Straße;49.90072762727273;8.728155786363637;70.0;;;;;;Interpoliert
Routenpunkt (Way);T;Dieburger Straße;49.9007862;8.7283361;70.0;;;;;;Original OSM
Routenpunkt (Way);T;Dieburger Straße;49.90084495333333;8.72851886;70.0;;;;;;Interpoliert
Routenpunkt (Way);T;Dieburger Straße;49.90090370666667;8.72870162;70.0;;;;;;Interpoliert
Routenpunkt (Way);T;Dieburger Straße;49.90096246;8.72888438;70.0;;;;;;Interpoliert
Routenpunkt (Way);T;Dieburger Straße;49.90102121333333;8.72906714;70.0;;;;;;Interpoliert
Routenpunkt (Way);T;Dieburger Straße;49.90107996666666;8.7292499;70.0;;;;;;Interpoliert
Routenpunkt (Way);T;Dieburger Straße;49.90113872;8.72943266;70.0;;;;;;Interpoliert
Routenpunkt (Way);T;Dieburger Straße;49.90119747333333;8.72961542;70.0;;;;;;Interpoliert
Routenpunkt (Way);T;Dieburger Straße;49.90125622666667;8.72979818;70.0;;;;;;Interpoliert
Routenpunkt (Way);T;Dieburger Straße;49.90131498;8.729980939999999;70.0;;;;;;Interpoliert
Routenpunkt (Way);T;Dieburger Straße;49.90137373333334;8.7301637;70.0;;;;;;Interpoliert
Routenpunkt (Way);T;Dieburger Straße;49.90143248666667;8.73034646;70.0;;;;;;Interpoliert
Routenpunkt (Way);T;Dieburger Straße;49.90149124;8.73052922;70.0;;;;;;Interpoliert
Routenpunkt (Way);T;Dieburger Straße;49.90154999333333;8.730711979999999;70.0;;;;;;Interpoliert
Routenpunkt (Way);T;Dieburger Straße;49.90160874666667;8.73089474;70.0;;;;;;Interpoliert
Routenpunkt (Way);T;Dieburger Straße;49.9016675;8.7310775;70.0;;;;;;Original OSM
Routenpunkt (Way);T;Dieburger Straße;49.90172734761905;8.731260866666666;70.0;;;;;;Interpoliert
Routenpunkt (Way);T;Dieburger Straße;49.9017871952381;8.731444233333333;70.0;;;;;;Interpoliert
Routenpunkt (Way);T;Dieburger Straße;49.90184704285714;8.7316276;70.0;;;;;;Interpoliert
Routenpunkt (Way);T;Dieburger Straße;49.90190689047619;8.731810966666666;70.0;;;;;;Interpoliert
Routenpunkt (Way);T;Dieburger Straße;49.90196673809524;8.731994333333333;70.0;;;;;;Interpoliert
Routenpunkt (Way);T;Dieburger Straße;49.90202658571429;8.7321777;70.0;;;;;;Interpoliert
Routenpunkt (Way);T;Dieburger Straße;49.90208643333334;8.732361066666666;70.0;;;;;;Interpoliert
Routenpunkt (Way);T;Dieburger Straße;49.90214628095238;8.732544433333333;70.0;;;;;;Interpoliert
Routenpunkt (Way);T;Dieburger Straße;49.90220612857143;8.7327278;70.0;;;;;;Interpoliert
Routenpunkt (Way);T;Dieburger Straße;49.90226597619048;8.732911166666666;70.0;;;;;;Interpoliert
Routenpunkt (Way);T;Dieburger Straße;49.90232582380953;8.733094533333334;70.0;;;;;;Interpoliert
Routenpunkt (Way);T;Dieburger Straße;49.902385671428576;8.733277900000001;70.0;;;;;;Interpoliert
Routenpunkt (Way);T;Dieburger Straße;49.902445519047625;8.733461266666668;70.0;;;;;;Interpoliert
Routenpunkt (Way);T;Dieburger Straße;49.90250536666667;8.733644633333334;70.0;;;;;;Interpoliert
Routenpunkt (Way);T;Dieburger Straße;49.90256521428572;8.733828;70.0;;;;;;Interpoliert
Routenpunkt (Way);T;Dieburger Straße;49.90262506190477;8.734011366666667;70.0;;;;;;Interpoliert
Routenpunkt (Way);T;Dieburger Straße;49.90268490952381;8.734194733333334;70.0;;;;;;Interpoliert
Routenpunkt (Way);T;Dieburger Straße;49.90274475714286;8.7343781;70.0;;;;;;Interpoliert
Routenpunkt (Way);T;Dieburger Straße;49.902804604761904;8.734561466666667;70.0;;;;;;Interpoliert
Routenpunkt (Way);T;Dieburger Straße;49.90286445238095;8.734744833333334;70.0;;;;;;Interpoliert
Routenpunkt (Way);T;;49.90292334285714;8.734925575;70.0;;;;;;Interpoliert (15m)
Haltestelle;W;Darmstadt Grube Prinz v. Hessen;49.90298223333333;8.735106316666666;70.0;20:23:00;20:23:00;Kein Umlauf;Mo,Di,Mi,Do,Fr;446.0;Original GTFS (Snap-Distanz 79m) | Auf Route gesnappt (80m)
Routenpunkt (Way);T;Dieburger Straße;49.90298223333333;8.735106316666666;70.0;;;;;;Interpoliert
Routenpunkt (Way);T;Dieburger Straße;49.90304016666667;8.735284433333334;70.0;;;;;;Interpoliert
Routenpunkt (Way);T;Dieburger Straße;49.9030981;8.735462550000001;70.0;;;;;;Interpoliert
Routenpunkt (Way);T;Dieburger Straße;49.90315603333333;8.735640666666667;70.0;;;;;;Interpoliert
Routenpunkt (Way);T;Dieburger Straße;49.90321396666667;8.735818783333333;70.0;;;;;;Interpoliert
Routenpunkt (Way);T;Dieburger Straße;49.9032719;8.7359969;70.0;;;;;;Interpoliert
Routenpunkt (Way);T;Dieburger Straße;49.90332983333333;8.736175016666667;70.0;;;;;;Interpoliert
Routenpunkt (Way);T;Dieburger Straße;49.90338776666667;8.736353133333333;70.0;;;;;;Interpoliert
Routenpunkt (Way);T;Dieburger Straße;49.9034457;8.736531249999999;70.0;;;;;;Interpoliert
Routenpunkt (Way);T;Dieburger Straße;49.90350363333333;8.736709366666666;70.0;;;;;;Interpoliert
Routenpunkt (Way);T;Dieburger Straße;49.90356156666667;8.736887483333334;70.0;;;;;;Interpoliert
Routenpunkt (Way);T;Dieburger Straße;49.9036195;8.7370656;70.0;;;;;;Original OSM
Routenpunkt (Way);T;Dieburger Straße;49.903678388888885;8.737246233333332;70.0;;;;;;Interpoliert
Routenpunkt (Way);T;Dieburger Straße;49.90373727777778;8.737426866666667;70.0;;;;;;Interpoliert
Routenpunkt (Way);T;Dieburger Straße;49.903796166666666;8.7376075;70.0;;;;;;Interpoliert
Routenpunkt (Way);T;Dieburger Straße;49.90385505555555;8.737788133333332;70.0;;;;;;Interpoliert
Routenpunkt (Way);T;Dieburger Straße;49.90391394444445;8.737968766666667;70.0;;;;;;Interpoliert
Routenpunkt (Way);T;Dieburger Straße;49.90397283333333;8.7381494;70.0;;;;;;Interpoliert
Routenpunkt (Way);T;Dieburger Straße;49.90403172222222;8.738330033333332;70.0;;;;;;Interpoliert
Routenpunkt (Way);T;Dieburger Straße;49.90409061111112;8.738510666666667;70.0;;;;;;Interpoliert
Routenpunkt (Way);T;Dieburger Straße;49.9041495;8.7386913;70.0;;;;;;Original OSM
Routenpunkt (Way);T;Dieburger Straße;49.90420758095238;8.738871838095237;70.0;;;;;;Interpoliert
Routenpunkt (Way);T;Dieburger Straße;49.904265661904766;8.739052376190475;70.0;;;;;;Interpoliert
Routenpunkt (Way);T;Dieburger Straße;49.90432374285714;8.739232914285713;70.0;;;;;;Interpoliert
Routenpunkt (Way);T;Dieburger Straße;49.90438182380953;8.739413452380951;70.0;;;;;;Interpoliert
Routenpunkt (Way);T;Dieburger Straße;49.90443990476191;8.73959399047619;70.0;;;;;;Interpoliert
Routenpunkt (Way);T;Dieburger Straße;49.904497985714286;8.739774528571429;70.0;;;;;;Interpoliert
Routenpunkt (Way);T;Dieburger Straße;49.90455606666667;8.739955066666667;70.0;;;;;;Interpoliert
Routenpunkt (Way);T;Dieburger Straße;49.90461414761905;8.740135604761905;70.0;;;;;;Interpoliert
Routenpunkt (Way);T;Dieburger Straße;49.90467222857143;8.740316142857143;70.0;;;;;;Interpoliert
Routenpunkt (Way);T;Dieburger Straße;49.90473030952381;8.740496680952381;70.0;;;;;;Interpoliert
Routenpunkt (Way);T;Dieburger Straße;49.90478839047619;8.740677219047619;70.0;;;;;;Interpoliert
Routenpunkt (Way);T;Dieburger Straße;49.90484647142858;8.740857757142857;70.0;;;;;;Interpoliert
Routenpunkt (Way);T;Dieburger Straße;49.90490455238096;8.741038295238095;70.0;;;;;;Interpoliert
Routenpunkt (Way);T;Dieburger Straße;49.90496263333333;8.741218833333333;70.0;;;;;;Interpoliert
Routenpunkt (Way);T;Dieburger Straße;49.90502071428572;8.741399371428571;70.0;;;;;;Interpoliert
Routenpunkt (Way);T;Dieburger Straße;49.9050787952381;8.74157990952381;70.0;;;;;;Interpoliert
Routenpunkt (Way);T;Dieburger Straße;49.90513687619048;8.741760447619049;70.0;;;;;;Interpoliert
Routenpunkt (Way);T;Dieburger Straße;49.90519495714286;8.741940985714287;70.0;;;;;;Interpoliert
Routenpunkt (Way);T;Dieburger Straße;49.90525303809524;8.742121523809525;70.0;;;;;;Interpoliert
Routenpunkt (Way);T;Dieburger Straße;49.90531111904762;8.742302061904763;70.0;;;;;;Interpoliert
Routenpunkt (Way);T;Dieburger Straße;49.9053692;8.7424826;70.0;;;;;;Original OSM
Routenpunkt (Way);T;Dieburger Straße;49.90541255;8.742617150000001;70.0;;;;;;Interpoliert
Routenpunkt (Way);T;Dieburger Straße;49.9054559;8.7427517;70.0;;;;;;Original OSM
Routenpunkt (Way);T;Dieburger Straße;49.905509788888885;8.742920488888888;70.0;;;;;;Interpoliert
Routenpunkt (Way);T;Dieburger Straße;49.90556367777778;8.743089277777777;70.0;;;;;;Interpoliert
Routenpunkt (Way);T;Dieburger Straße;49.90561756666666;8.743258066666666;70.0;;;;;;Interpoliert
Routenpunkt (Way);T;Dieburger Straße;49.90567145555556;8.743426855555555;70.0;;;;;;Interpoliert
Routenpunkt (Way);T;Dieburger Straße;49.90572534444444;8.743595644444445;70.0;;;;;;Interpoliert
Routenpunkt (Way);T;Dieburger Straße;49.90577923333333;8.743764433333334;70.0;;;;;;Interpoliert
Routenpunkt (Way);T;Dieburger Straße;49.90583312222222;8.743933222222223;70.0;;;;;;Interpoliert
Routenpunkt (Way);T;Dieburger Straße;49.90588701111111;8.744102011111112;70.0;;;;;;Interpoliert
Routenpunkt (Way);T;;49.90592192222222;8.744207072222222;70.0;;;;;;Interpoliert (15m)
Routenpunkt (Way);T;Dieburger Straße;49.905956833333335;8.744312133333333;70.0;;;;;;Original OSM
Routenpunkt (Way);T;Dieburger Straße;49.90602268;8.74448952;;;;;;;Interpoliert
Haltestelle;W;Darmstadt Einsiedel;49.90602268;8.74448952;;20:24:00;20:24:00;Kein Umlauf;Mo,Di,Mi,Do,Fr;446.0;Original GTFS (Snap-Distanz 57m) | Auf Route gesnappt (57m)
Routenpunkt (Way);T;Dieburger Straße;49.90608056;8.74464624;;;;;;;Interpoliert
Routenpunkt (Way);T;Dieburger Straße;49.90613844;8.744802960000001;;;;;;;Interpoliert
Routenpunkt (Way);T;Dieburger Straße;49.90619632;8.744959680000001;;;;;;;Interpoliert
Routenpunkt (Way);T;Dieburger Straße;49.9062542;8.7451164;;;;;;;Original OSM
Routenpunkt (Way);T;Dieburger Straße;49.90630243333333;8.745238266666668;;;;;;;Interpoliert
Routenpunkt (Way);T;Dieburger Straße;49.90635066666667;8.745360133333334;;;;;;;Interpoliert
Routenpunkt (Way);T;Dieburger Straße;49.9063989;8.745482;;;;;;;Original OSM
Routenpunkt (Way);T;;49.90646315;8.745629000000001;;;;;;;Interpoliert (15m)
Routenpunkt (Way);T;Dieburger Straße;49.9065274;8.745776;;;;;;;Original OSM
Routenpunkt (Way);T;Dieburger Straße;49.90659144;8.745922519999999;;;;;;;Interpoliert
Routenpunkt (Way);T;Dieburger Straße;49.90665548;8.74606904;;;;;;;Interpoliert
Routenpunkt (Way);T;Dieburger Straße;49.90671952;8.74621556;;;;;;;Interpoliert
Routenpunkt (Way);T;Dieburger Straße;49.90678356;8.74636208;;;;;;;Interpoliert
Routenpunkt (Way);T;Dieburger Straße;49.9068476;8.7465086;;;;;;;Original OSM
Routenpunkt (Way);T;Dieburger Straße;49.906896933333336;8.746638266666666;;;;;;;Interpoliert
Routenpunkt (Way);T;Dieburger Straße;49.906946266666665;8.746767933333334;;;;;;;Interpoliert
Routenpunkt (Way);T;Dieburger Straße;49.9069956;8.7468976;;;;;;;Original OSM
Routenpunkt (Way);T;Dieburger Straße;49.90705525;8.7470789;;;;;;;Interpoliert
Routenpunkt (Way);T;Dieburger Straße;49.9071149;8.7472602;;;;;;;Original OSM
Routenpunkt (Way);T;Dieburger Straße;49.9071534;8.747410174999999;;;;;;;Interpoliert
Routenpunkt (Way);T;Dieburger Straße;49.9071919;8.74756015;;;;;;;Interpoliert
Routenpunkt (Way);T;Dieburger Straße;49.9072304;8.747710125000001;;;;;;;Interpoliert
Routenpunkt (Way);T;;49.907264575;8.7478465875;;;;;;;Interpoliert (15m)
Routenpunkt (Way);T;Dieburger Straße;49.907298749999995;8.74798305;;;;;;;Original OSM
Routenpunkt (Way);T;;49.90733229166666;8.748130249999999;;;;;;;Interpoliert (15m)
Routenpunkt (Way);T;Dieburger Straße;49.90736583333333;8.74827745;;;;;;;Interpoliert
Routenpunkt (Way);T;Dieburger Straße;49.90740306666667;8.7484489;;;;;;;Interpoliert
Routenpunkt (Way);T;Dieburger Straße;49.907440300000005;8.74862035;;;;;;;Interpoliert
Routenpunkt (Way);T;Dieburger Straße;49.907477533333335;8.748791800000001;;;;;;;Interpoliert
Routenpunkt (Way);T;Dieburger Straße;49.907514766666665;8.748963250000001;;;;;;;Interpoliert
Routenpunkt (Way);T;Dieburger Straße;49.907552;8.7491347;;;;;;;Original OSM
Routenpunkt (Way);T;Dieburger Straße;49.90758942;8.74931162;;;;;;;Interpoliert
Routenpunkt (Way);T;Dieburger Straße;49.90762684;8.74948854;;;;;;;Interpoliert
Routenpunkt (Way);T;Dieburger Straße;49.90766426;8.749665460000001;;;;;;;Interpoliert
Routenpunkt (Way);T;Dieburger Straße;49.90770168;8.74984238;;;;;;;Interpoliert
Routenpunkt (Way);T;Dieburger Straße;49.9077391;8.7500193;;;;;;;Original OSM
Routenpunkt (Way);T;Dieburger Straße;49.9077728;8.75018056;;;;;;;Interpoliert
Routenpunkt (Way);T;Dieburger Straße;49.9078065;8.750341820000001;;;;;;;Interpoliert
Routenpunkt (Way);T;Dieburger Straße;49.9078402;8.75050308;;;;;;;Interpoliert
Routenpunkt (Way);T;Dieburger Straße;49.9078739;8.75066434;;;;;;;Interpoliert
Routenpunkt (Way);T;Dieburger Straße;49.9079076;8.7508256;70.0;;;;;;Original OSM
Routenpunkt (Way);T;Dieburger Straße;49.9079415;8.7509873;70.0;;;;;;Interpoliert
Routenpunkt (Way);T;;49.907965716666666;8.751102516666666;70.0;;;;;;Interpoliert (15m)
Routenpunkt (Way);T;Dieburger Straße;49.90798993333333;8.751217733333334;70.0;;;;;;Original OSM
Routenpunkt (Way);T;Roßdörfer Straße;49.9081174;8.751205733333334;70.0;;;;;;Interpoliert
Routenpunkt (Way);T;Roßdörfer Straße;49.9082376;8.751159366666666;70.0;;;;;;Interpoliert
Routenpunkt (Way);T;Roßdörfer Straße;49.9083578;8.751113;70.0;;;;;;Original OSM
Routenpunkt (Way);T;Roßdörfer Straße;49.90848465384615;8.751070792307692;70.0;;;;;;Interpoliert
Routenpunkt (Way);T;Roßdörfer Straße;49.90861150769231;8.751028584615385;70.0;;;;;;Interpoliert
Routenpunkt (Way);T;Roßdörfer Straße;49.90873836153846;8.750986376923077;70.0;;;;;;Interpoliert
Routenpunkt (Way);T;Roßdörfer Straße;49.908865215384616;8.75094416923077;70.0;;;;;;Interpoliert
Routenpunkt (Way);T;Roßdörfer Straße;49.90899206923077;8.750901961538462;70.0;;;;;;Interpoliert
Routenpunkt (Way);T;Roßdörfer Straße;49.909118923076925;8.750859753846154;70.0;;;;;;Interpoliert
Routenpunkt (Way);T;Roßdörfer Straße;49.90924577692307;8.750817546153847;70.0;;;;;;Interpoliert
Routenpunkt (Way);T;Roßdörfer Straße;49.90937263076923;8.750775338461539;70.0;;;;;;Interpoliert
Routenpunkt (Way);T;Roßdörfer Straße;49.90949948461538;8.75073313076923;70.0;;;;;;Interpoliert
Routenpunkt (Way);T;Roßdörfer Straße;49.909626338461536;8.750690923076924;70.0;;;;;;Interpoliert
Routenpunkt (Way);T;Roßdörfer Straße;49.90975319230769;8.750648715384616;70.0;;;;;;Interpoliert
Routenpunkt (Way);T;Roßdörfer Straße;49.909880046153845;8.750606507692309;70.0;;;;;;Interpoliert
Routenpunkt (Way);T;;49.909961123076926;8.750580203846155;70.0;;;;;;Interpoliert (15m)
Haltestelle;W;Messel Grube Messel Besucherz.;49.9100422;8.7505539;70.0;20:25:00;20:25:00;Kein Umlauf;Mo,Di,Mi,Do,Fr;446.0;Original GTFS (Snap-Distanz 25m) | Auf Route gesnappt (25m)
Routenpunkt (Way);T;Roßdörfer Straße;49.910051700000004;8.7505498;70.0;;;;;;Original OSM
Routenpunkt (Way);T;Roßdörfer Straße;49.9101661;8.750506699999999;70.0;;;;;;Interpoliert
Routenpunkt (Way);T;Roßdörfer Straße;49.910271;8.7504677;70.0;;;;;;Original OSM
Routenpunkt (Way);T;Roßdörfer Straße;49.91039628181818;8.750420336363636;70.0;;;;;;Interpoliert
Routenpunkt (Way);T;Roßdörfer Straße;49.910521563636365;8.750372972727272;70.0;;;;;;Interpoliert
Routenpunkt (Way);T;Roßdörfer Straße;49.91064684545454;8.75032560909091;70.0;;;;;;Interpoliert
Routenpunkt (Way);T;Roßdörfer Straße;49.91077212727273;8.750278245454545;70.0;;;;;;Interpoliert
Routenpunkt (Way);T;Roßdörfer Straße;49.91089740909091;8.750230881818181;70.0;;;;;;Interpoliert
Routenpunkt (Way);T;Roßdörfer Straße;49.91102269090909;8.750183518181817;70.0;;;;;;Interpoliert
Routenpunkt (Way);T;Roßdörfer Straße;49.91114797272728;8.750136154545455;70.0;;;;;;Interpoliert
Routenpunkt (Way);T;Roßdörfer Straße;49.911273254545456;8.750088790909091;70.0;;;;;;Interpoliert
Routenpunkt (Way);T;Roßdörfer Straße;49.91139853636364;8.750041427272727;70.0;;;;;;Interpoliert
Routenpunkt (Way);T;Roßdörfer Straße;49.91152381818182;8.749994063636363;70.0;;;;;;Interpoliert
Routenpunkt (Way);T;Roßdörfer Straße;49.911649100000005;8.749946699999999;70.0;;;;;;Interpoliert
Routenpunkt (Way);T;Roßdörfer Straße;49.91177438181818;8.749899336363637;70.0;;;;;;Interpoliert
Routenpunkt (Way);T;Roßdörfer Straße;49.91189966363636;8.749851972727273;70.0;;;;;;Interpoliert
Routenpunkt (Way);T;Roßdörfer Straße;49.91202494545455;8.749804609090909;70.0;;;;;;Interpoliert
Routenpunkt (Way);T;Roßdörfer Straße;49.912150227272726;8.749757245454544;70.0;;;;;;Interpoliert
Routenpunkt (Way);T;Roßdörfer Straße;49.91227550909091;8.749709881818182;70.0;;;;;;Interpoliert
Routenpunkt (Way);T;Roßdörfer Straße;49.91240079090909;8.749662518181818;70.0;;;;;;Interpoliert
Routenpunkt (Way);T;Roßdörfer Straße;49.91252607272728;8.749615154545454;70.0;;;;;;Interpoliert
Routenpunkt (Way);T;Roßdörfer Straße;49.91265135454546;8.74956779090909;70.0;;;;;;Interpoliert
Routenpunkt (Way);T;Roßdörfer Straße;49.91277663636364;8.749520427272728;70.0;;;;;;Interpoliert
Routenpunkt (Way);T;Roßdörfer Straße;49.91290191818182;8.749473063636364;70.0;;;;;;Interpoliert
Routenpunkt (Way);T;Roßdörfer Straße;49.9130272;8.7494257;70.0;;;;;;Original OSM
Routenpunkt (Way);T;Roßdörfer Straße;49.91315195;8.749378525000001;70.0;;;;;;Interpoliert
Routenpunkt (Way);T;Roßdörfer Straße;49.9132767;8.74933135;70.0;;;;;;Interpoliert
Routenpunkt (Way);T;Roßdörfer Straße;49.91340145;8.749284175;70.0;;;;;;Interpoliert
Routenpunkt (Way);T;Roßdörfer Straße;49.9135262;8.749237;70.0;;;;;;Original OSM
Routenpunkt (Way);T;Roßdörfer Straße;49.9136536;8.749187541176472;70.0;;;;;;Interpoliert
Routenpunkt (Way);T;Roßdörfer Straße;49.913781;8.749138082352943;70.0;;;;;;Interpoliert
Routenpunkt (Way);T;Roßdörfer Straße;49.9139084;8.749088623529412;70.0;;;;;;Interpoliert
Routenpunkt (Way);T;Roßdörfer Straße;49.9140358;8.749039164705882;70.0;;;;;;Interpoliert
Routenpunkt (Way);T;Roßdörfer Straße;49.9141632;8.748989705882353;70.0;;;;;;Interpoliert
Routenpunkt (Way);T;Roßdörfer Straße;49.9142906;8.748940247058824;70.0;;;;;;Interpoliert
Routenpunkt (Way);T;Roßdörfer Straße;49.914418;8.748890788235295;70.0;;;;;;Interpoliert
Routenpunkt (Way);T;Roßdörfer Straße;49.9145454;8.748841329411766;70.0;;;;;;Interpoliert
Routenpunkt (Way);T;Roßdörfer Straße;49.9146728;8.748791870588235;70.0;;;;;;Interpoliert
Routenpunkt (Way);T;Roßdörfer Straße;49.9148002;8.748742411764706;70.0;;;;;;Interpoliert
Routenpunkt (Way);T;Roßdörfer Straße;49.9149276;8.748692952941177;70.0;;;;;;Interpoliert
Routenpunkt (Way);T;Roßdörfer Straße;49.915055;8.748643494117648;70.0;;;;;;Interpoliert
Routenpunkt (Way);T;Roßdörfer Straße;49.9151824;8.748594035294118;70.0;;;;;;Interpoliert
Routenpunkt (Way);T;Roßdörfer Straße;49.9153098;8.74854457647059;70.0;;;;;;Interpoliert
Routenpunkt (Way);T;Roßdörfer Straße;49.9154372;8.748495117647058;70.0;;;;;;Interpoliert
Routenpunkt (Way);T;Roßdörfer Straße;49.9155646;8.74844565882353;70.0;;;;;;Interpoliert
Routenpunkt (Way);T;Roßdörfer Straße;49.915692;8.7483962;70.0;;;;;;Original OSM
Routenpunkt (Way);T;Roßdörfer Straße;49.91581974210526;8.748345836842105;70.0;;;;;;Interpoliert
Routenpunkt (Way);T;Roßdörfer Straße;49.91594748421053;8.74829547368421;70.0;;;;;;Interpoliert
Routenpunkt (Way);T;Roßdörfer Straße;49.91607522631579;8.748245110526316;70.0;;;;;;Interpoliert
Routenpunkt (Way);T;Roßdörfer Straße;49.916202968421054;8.748194747368421;70.0;;;;;;Interpoliert
Routenpunkt (Way);T;Roßdörfer Straße;49.91633071052632;8.748144384210526;70.0;;;;;;Interpoliert
Routenpunkt (Way);T;Roßdörfer Straße;49.91645845263158;8.748094021052632;70.0;;;;;;Interpoliert
Routenpunkt (Way);T;Roßdörfer Straße;49.91658619473685;8.748043657894737;70.0;;;;;;Interpoliert
Routenpunkt (Way);T;Roßdörfer Straße;49.91671393684211;8.747993294736842;70.0;;;;;;Interpoliert
Routenpunkt (Way);T;Roßdörfer Straße;49.91684167894737;8.747942931578947;70.0;;;;;;Interpoliert
Routenpunkt (Way);T;Roßdörfer Straße;49.91696942105263;8.747892568421053;70.0;;;;;;Interpoliert
Routenpunkt (Way);T;Roßdörfer Straße;49.91709716315789;8.747842205263158;70.0;;;;;;Interpoliert
Routenpunkt (Way);T;Roßdörfer Straße;49.917224905263154;8.747791842105263;70.0;;;;;;Interpoliert
Routenpunkt (Way);T;Roßdörfer Straße;49.91735264736842;8.747741478947368;70.0;;;;;;Interpoliert
Routenpunkt (Way);T;Roßdörfer Straße;49.91748038947368;8.747691115789474;70.0;;;;;;Interpoliert
Routenpunkt (Way);T;Roßdörfer Straße;49.91760813157895;8.747640752631579;70.0;;;;;;Interpoliert
Routenpunkt (Way);T;Roßdörfer Straße;49.91773587368421;8.747590389473684;70.0;;;;;;Interpoliert
Routenpunkt (Way);T;Roßdörfer Straße;49.91786361578947;8.74754002631579;70.0;;;;;;Interpoliert
Routenpunkt (Way);T;Roßdörfer Straße;49.917991357894735;8.747489663157895;70.0;;;;;;Interpoliert
Routenpunkt (Way);T;Roßdörfer Straße;49.9181191;8.7474393;70.0;;;;;;Original OSM
Routenpunkt (Way);T;Roßdörfer Straße;49.9182057;8.747393933333333;70.0;;;;;;Interpoliert
Routenpunkt (Way);T;Roßdörfer Straße;49.9182923;8.747348566666666;70.0;;;;;;Interpoliert
Routenpunkt (Way);T;Roßdörfer Straße;49.9183789;8.7473032;70.0;;;;;;Original OSM
Routenpunkt (Way);T;Roßdörfer Straße;49.918502450000005;8.74723995;50.0;;;;;;Interpoliert
Routenpunkt (Way);T;Roßdörfer Straße;49.918626;8.7471767;50.0;;;;;;Original OSM
Routenpunkt (Way);T;Roßdörfer Straße;49.918742225;8.7471426;50.0;;;;;;Interpoliert
Routenpunkt (Way);T;Roßdörfer Straße;49.91885845;8.7471085;50.0;;;;;;Interpoliert
Routenpunkt (Way);T;Roßdörfer Straße;49.918974675;8.7470744;50.0;;;;;;Interpoliert
Routenpunkt (Way);T;;49.9190846375;8.7470432;50.0;;;;;;Interpoliert (15m)
Routenpunkt (Way);T;Roßdörfer Straße;49.9191946;8.747012;50.0;;;;;;Interpoliert
Routenpunkt (Way);T;Roßdörfer Straße;49.9192983;8.7469837;50.0;;;;;;Interpoliert
Routenpunkt (Way);T;Roßdörfer Straße;49.919402;8.7469554;50.0;;;;;;Original OSM
Haltestelle;W;Messel Gru. Messel Am Wildpark;49.919402;8.7469554;50.0;20:27:00;20:27:00;Kein Umlauf;Mo,Di,Mi,Do,Fr;446.0;Original GTFS (Snap-Distanz 7m) | Auf Route gesnappt (7m)
Routenpunkt (Way);T;Roßdörfer Straße;49.919402;8.7469554;50.0;;;;;;Original OSM
Routenpunkt (Way);T;Roßdörfer Straße;49.9195201;8.7469127;50.0;;;;;;Interpoliert
Routenpunkt (Way);T;Roßdörfer Straße;49.9196382;8.74687;50.0;;;;;;Interpoliert
Routenpunkt (Way);T;Roßdörfer Straße;49.9197563;8.7468273;50.0;;;;;;Interpoliert
Routenpunkt (Way);T;Roßdörfer Straße;49.9198744;8.7467846;50.0;;;;;;Interpoliert
Routenpunkt (Way);T;Roßdörfer Straße;49.9199925;8.7467419;50.0;;;;;;Interpoliert
Routenpunkt (Way);T;Roßdörfer Straße;49.9201106;8.7466992;50.0;;;;;;Interpoliert
Routenpunkt (Way);T;Roßdörfer Straße;49.9202287;8.7466565;50.0;;;;;;Original OSM
Routenpunkt (Way);T;Roßdörfer Straße;49.92033614;8.7466005;50.0;;;;;;Interpoliert
Routenpunkt (Way);T;Roßdörfer Straße;49.92044358;8.7465445;50.0;;;;;;Interpoliert
Routenpunkt (Way);T;Roßdörfer Straße;49.92055102;8.7464885;50.0;;;;;;Interpoliert
Routenpunkt (Way);T;Roßdörfer Straße;49.92065846;8.746432500000001;50.0;;;;;;Interpoliert
Routenpunkt (Way);T;;49.920744154999994;8.746365825000002;50.0;;;;;;Interpoliert (15m)
Routenpunkt (Way);T;Roßdörfer Straße;49.92082985;8.74629915;50.0;;;;;;Original OSM
Routenpunkt (Way);T;;49.920909012500005;8.746203425000001;50.0;;;;;;Interpoliert (15m)
Routenpunkt (Way);T;Roßdörfer Straße;49.920988175000005;8.7461077;50.0;;;;;;Interpoliert
Routenpunkt (Way);T;Roßdörfer Straße;49.92108255;8.7459936;50.0;;;;;;Interpoliert
Routenpunkt (Way);T;Roßdörfer Straße;49.921176925;8.745879500000001;50.0;;;;;;Interpoliert
Routenpunkt (Way);T;Roßdörfer Straße;49.9212713;8.7457654;50.0;;;;;;Original OSM
Routenpunkt (Way);T;Roßdörfer Straße;49.9213736;8.745647850000001;50.0;;;;;;Interpoliert
Routenpunkt (Way);T;;49.921444525;8.745566387500002;50.0;;;;;;Interpoliert (15m)
Routenpunkt (Way);T;Roßdörfer Straße;49.921515449999994;8.745484925000001;50.0;;;;;;Original OSM
Routenpunkt (Way);T;;49.921574975;8.7454081875;50.0;;;;;;Interpoliert (15m)
Routenpunkt (Way);T;Roßdörfer Straße;49.921634499999996;8.74533145;20.0;;;;;;Original OSM
Haltestelle;W;Messel Bahnhof;49.9216566;8.7453007;20.0;20:27:00;20:28:00;Kein Umlauf;Mo,Di,Mi,Do,Fr;446.0;Original GTFS (Snap-Distanz 43m) | Auf Route gesnappt (43m)
Routenpunkt (Way);T;;49.9217265;8.74521410625;20.0;;;;;;Interpoliert (15m)
Routenpunkt (Way);T;Roßdörfer Straße;49.9217964;8.7451275125;20.0;;;;;;Original OSM
Routenpunkt (Way);T;;49.921865425;8.745048306249998;20.0;;;;;;Interpoliert (15m)
Routenpunkt (Way);T;Roßdörfer Straße;49.92193445;8.744969099999999;50.0;;;;;;Interpoliert
Routenpunkt (Way);T;;49.922016475;8.744873183333333;50.0;;;;;;Interpoliert (15m)
Routenpunkt (Way);T;Roßdörfer Straße;49.9220985;8.744777266666667;50.0;;;;;;Interpoliert
Routenpunkt (Way);T;Roßdörfer Straße;49.9221767;8.744685533333334;50.0;;;;;;Interpoliert
Routenpunkt (Way);T;Roßdörfer Straße;49.9222549;8.7445938;50.0;;;;;;Original OSM
Routenpunkt (Way);T;Roßdörfer Straße;49.92235191666666;8.744475316666668;50.0;;;;;;Interpoliert
Routenpunkt (Way);T;Roßdörfer Straße;49.922448933333335;8.744356833333333;50.0;;;;;;Interpoliert
Routenpunkt (Way);T;Roßdörfer Straße;49.92254595;8.74423835;50.0;;;;;;Interpoliert
Routenpunkt (Way);T;Roßdörfer Straße;49.922642966666665;8.744119866666667;50.0;;;;;;Interpoliert
Routenpunkt (Way);T;Roßdörfer Straße;49.92273998333334;8.744001383333332;50.0;;;;;;Interpoliert
Routenpunkt (Way);T;Roßdörfer Straße;49.922837;8.7438829;50.0;;;;;;Original OSM
Routenpunkt (Way);T;Roßdörfer Straße;49.92293425;8.743778449999999;50.0;;;;;;Interpoliert
Routenpunkt (Way);T;Roßdörfer Straße;49.9230315;8.743673999999999;50.0;;;;;;Interpoliert
Routenpunkt (Way);T;Roßdörfer Straße;49.92312875;8.74356955;50.0;;;;;;Interpoliert
Routenpunkt (Way);T;Roßdörfer Straße;49.923226;8.7434651;50.0;;;;;;Original OSM
Routenpunkt (Way);T;Roßdörfer Straße;49.92334043333333;8.743364466666666;50.0;;;;;;Interpoliert
Routenpunkt (Way);T;Roßdörfer Straße;49.92345486666667;8.743263833333334;50.0;;;;;;Interpoliert
Routenpunkt (Way);T;Roßdörfer Straße;49.9235693;8.7431632;50.0;;;;;;Original OSM
Routenpunkt (Way);T;Roßdörfer Straße;49.923662575;8.743098325;50.0;;;;;;Interpoliert
Routenpunkt (Way);T;Roßdörfer Straße;49.92375585;8.743033449999999;50.0;;;;;;Interpoliert
Routenpunkt (Way);T;Roßdörfer Straße;49.923849125;8.742968574999999;50.0;;;;;;Interpoliert
Routenpunkt (Way);T;Roßdörfer Straße;49.9239424;8.7429037;50.0;;;;;;Original OSM
Routenpunkt (Way);T;Roßdörfer Straße;49.9240504;8.74284835;50.0;;;;;;Interpoliert
Routenpunkt (Way);T;Roßdörfer Straße;49.9241584;8.742792999999999;50.0;;;;;;Interpoliert
Routenpunkt (Way);T;Roßdörfer Straße;49.9242664;8.74273765;50.0;;;;;;Interpoliert
Routenpunkt (Way);T;Roßdörfer Straße;49.9243744;8.7426823;50.0;;;;;;Original OSM
Routenpunkt (Way);T;Roßdörfer Straße;49.92448465;8.74264765;50.0;;;;;;Interpoliert
Routenpunkt (Way);T;Roßdörfer Straße;49.9245949;8.742613;50.0;;;;;;Original OSM
Routenpunkt (Way);T;Roßdörfer Straße;49.924692750000006;8.74257965;50.0;;;;;;Interpoliert
Routenpunkt (Way);T;Roßdörfer Straße;49.9247906;8.7425463;50.0;;;;;;Original OSM
Routenpunkt (Way);T;Roßdörfer Straße;49.92492175;8.7425157;50.0;;;;;;Interpoliert
Routenpunkt (Way);T;Roßdörfer Straße;49.9250529;8.7424851;70.0;;;;;;Original OSM
Routenpunkt (Way);T;Roßdörfer Straße;49.92516122;8.7424707;70.0;;;;;;Interpoliert
Routenpunkt (Way);T;Roßdörfer Straße;49.92526954;8.7424563;70.0;;;;;;Interpoliert
Routenpunkt (Way);T;Roßdörfer Straße;49.92537786;8.7424419;70.0;;;;;;Interpoliert
Routenpunkt (Way);T;Roßdörfer Straße;49.92548618;8.7424275;70.0;;;;;;Interpoliert
Routenpunkt (Way);T;Roßdörfer Straße;49.9255945;8.7424131;70.0;;;;;;Original OSM
Routenpunkt (Way);T;Roßdörfer Straße;49.92571714;8.7424011;70.0;;;;;;Interpoliert
Routenpunkt (Way);T;Roßdörfer Straße;49.92583978;8.7423891;70.0;;;;;;Interpoliert
Routenpunkt (Way);T;Roßdörfer Straße;49.92596242;8.7423771;70.0;;;;;;Interpoliert
Routenpunkt (Way);T;Roßdörfer Straße;49.92608506;8.7423651;70.0;;;;;;Interpoliert
Routenpunkt (Way);T;Roßdörfer Straße;49.9262077;8.7423531;70.0;;;;;;Original OSM
Routenpunkt (Way);T;Roßdörfer Straße;49.92632706;8.742330780000001;70.0;;;;;;Interpoliert
Routenpunkt (Way);T;Roßdörfer Straße;49.92644642;8.74230846;70.0;;;;;;Interpoliert
Routenpunkt (Way);T;Roßdörfer Straße;49.92656578;8.742286140000001;70.0;;;;;;Interpoliert
Routenpunkt (Way);T;Roßdörfer Straße;49.92668514;8.74226382;70.0;;;;;;Interpoliert
Routenpunkt (Way);T;Roßdörfer Straße;49.9268045;8.7422415;70.0;;;;;;Original OSM
Routenpunkt (Way);T;Roßdörfer Straße;49.92691775;8.742205025;70.0;;;;;;Interpoliert
Routenpunkt (Way);T;Roßdörfer Straße;49.927031;8.74216855;70.0;;;;;;Interpoliert
Routenpunkt (Way);T;Roßdörfer Straße;49.927144250000005;8.742132075;70.0;;;;;;Interpoliert
Routenpunkt (Way);T;Roßdörfer Straße;49.9272575;8.7420956;70.0;;;;;;Original OSM
Routenpunkt (Way);T;Roßdörfer Straße;49.9273625;8.742044100000001;70.0;;;;;;Interpoliert
Routenpunkt (Way);T;Roßdörfer Straße;49.9274675;8.741992600000001;70.0;;;;;;Interpoliert
Routenpunkt (Way);T;Roßdörfer Straße;49.9275725;8.7419411;70.0;;;;;;Interpoliert
Routenpunkt (Way);T;Roßdörfer Straße;49.9276775;8.7418896;70.0;;;;;;Interpoliert
Routenpunkt (Way);T;Roßdörfer Straße;49.9277825;8.7418381;70.0;;;;;;Original OSM
Routenpunkt (Way);T;Roßdörfer Straße;49.92788496;8.741766120000001;70.0;;;;;;Interpoliert
Routenpunkt (Way);T;Roßdörfer Straße;49.92798742;8.74169414;70.0;;;;;;Interpoliert
Routenpunkt (Way);T;Roßdörfer Straße;49.92808988;8.74162216;70.0;;;;;;Interpoliert
Routenpunkt (Way);T;Roßdörfer Straße;49.92819234;8.741550179999999;70.0;;;;;;Interpoliert
Routenpunkt (Way);T;;49.928305138750005;8.741649211875;70.0;;;;;;Interpoliert (15m)
Routenpunkt (Way);T;Roßdörfer Straße;49.92841793750001;8.74174824375;100.0;;;;;;Original OSM
Routenpunkt (Way);T;;49.928512625;8.741848629166666;100.0;;;;;;Interpoliert (15m)
Routenpunkt (Way);T;;49.928607312500006;8.741949014583332;100.0;;;;;;Interpoliert (15m)
Routenpunkt (Way);T;Roßdörfer Straße;49.928702;8.742049399999999;100.0;;;;;;Interpoliert
Routenpunkt (Way);T;Roßdörfer Straße;49.9287954;8.7420805;100.0;;;;;;Original OSM
Routenpunkt (Way);T;Roßdörfer Straße;49.9289064;8.74210105;100.0;;;;;;Interpoliert
Routenpunkt (Way);T;Roßdörfer Straße;49.9290174;8.7421216;100.0;;;;;;Original OSM
Routenpunkt (Way);T;Roßdörfer Straße;49.929146;8.7421275;100.0;;;;;;Interpoliert
Routenpunkt (Way);T;;49.92926345625;8.7421295125;100.0;;;;;;Interpoliert (15m)
Routenpunkt (Way);T;Roßdörfer Straße;49.9293809125;8.742131525000001;100.0;;;;;;Original OSM
Routenpunkt (Way);T;;49.92946725625;8.7421148375;100.0;;;;;;Interpoliert (15m)
Routenpunkt (Way);T;Roßdörfer Straße;49.9295536;8.74209815;30.0;;;;;;Interpoliert
Routenpunkt (Way);T;Roßdörfer Straße;49.9296625;8.7420659;30.0;;;;;;Original OSM
Routenpunkt (Way);T;Roßdörfer Straße;49.92977153333333;8.742007766666667;30.0;;;;;;Interpoliert
Routenpunkt (Way);T;Roßdörfer Straße;49.92988056666667;8.741949633333332;30.0;;;;;;Interpoliert
Routenpunkt (Way);T;Roßdörfer Straße;49.9299896;8.7418915;30.0;;;;;;Original OSM
Routenpunkt (Way);T;Roßdörfer Straße;49.93009905;8.74181755;30.0;;;;;;Interpoliert
Routenpunkt (Way);T;Roßdörfer Straße;49.9302085;8.7417436;30.0;;;;;;Interpoliert
Routenpunkt (Way);T;Roßdörfer Straße;49.93031795;8.741669649999999;30.0;;;;;;Interpoliert
Routenpunkt (Way);T;Roßdörfer Straße;49.9304274;8.7415957;30.0;;;;;;Interpoliert
Routenpunkt (Way);T;Roßdörfer Straße;49.93053685;8.74152175;30.0;;;;;;Interpoliert
Routenpunkt (Way);T;Im Kleepfad;49.930668499999996;8.7415236;30.0;;;;;;Original OSM
Routenpunkt (Way);T;;49.93069465;8.741687375;30.0;;;;;;Interpoliert (15m)
Routenpunkt (Way);T;Im Kleepfad;49.9307208;8.741851149999999;30.0;;;;;;Original OSM
Routenpunkt (Way);T;Im Kleepfad;49.93074;8.7420552;30.0;;;;;;Interpoliert
Routenpunkt (Way);T;;49.930753075;8.742186725;30.0;;;;;;Interpoliert (15m)
Routenpunkt (Way);T;Im Kleepfad;49.930766150000004;8.742318249999999;30.0;;;;;;Original OSM
Routenpunkt (Way);T;;49.93077865;8.742450575;30.0;;;;;;Interpoliert (15m)
Routenpunkt (Way);T;Im Kleepfad;49.93079115;8.7425829;30.0;;;;;;Interpoliert
Routenpunkt (Way);T;Im Kleepfad;49.9308048;8.7427395;30.0;;;;;;Original OSM
Routenpunkt (Way);T;Im Kleepfad;49.930820266666665;8.7429168;30.0;;;;;;Interpoliert
Routenpunkt (Way);T;Im Kleepfad;49.93083573333333;8.7430941;30.0;;;;;;Interpoliert
Routenpunkt (Way);T;Im Kleepfad;49.9308512;8.7432714;30.0;;;;;;Original OSM
Routenpunkt (Way);T;Im Kleepfad;49.9308637;8.74341445;30.0;;;;;;Interpoliert
Routenpunkt (Way);T;;49.930897075000004;8.74352105;30.0;;;;;;Interpoliert (15m)
Routenpunkt (Way);T;Im Kleepfad;49.93093045;8.74362765;30.0;;;;;;Original OSM
Routenpunkt (Way);T;;49.931052275;8.743617125;30.0;;;;;;Interpoliert (15m)
Routenpunkt (Way);T;Sudetenstraße;49.9311741;8.743606600000001;30.0;;;;;;Original OSM
Routenpunkt (Way);T;;49.93127483333333;8.743580926666668;30.0;;;;;;Interpoliert (15m)
Routenpunkt (Way);T;;49.93137556666667;8.743555253333334;30.0;;;;;;Interpoliert (15m)
Routenpunkt (Way);T;Sudetenstraße;49.9314763;8.74352958;30.0;;;;;;Interpoliert
Haltestelle;W;Messel Sudetenstraße;49.9314763;8.74352958;30.0;20:30:00;20:30:00;Kein Umlauf;Mo,Di,Mi,Do,Fr;446.0;Original GTFS (Snap-Distanz 1m) | Auf Route gesnappt (1m)
Routenpunkt (Way);T;Sudetenstraße;49.9315932;8.74350152;30.0;;;;;;Interpoliert
Routenpunkt (Way);T;Sudetenstraße;49.9317101;8.74347346;30.0;;;;;;Interpoliert
Routenpunkt (Way);T;Sudetenstraße;49.93184143333334;8.743442266666667;30.0;;;;;;Original OSM
Routenpunkt (Way);T;;49.93194843333333;8.7434183;30.0;;;;;;Interpoliert (15m)
Routenpunkt (Way);T;Sudetenstraße;49.932055433333325;8.743394333333333;30.0;;;;;;Original OSM
Routenpunkt (Way);T;;49.93214663333333;8.743370416666668;30.0;;;;;;Interpoliert (15m)
Routenpunkt (Way);T;Sudetenstraße;49.93223783333333;8.743346500000001;30.0;;;;;;Interpoliert
Routenpunkt (Way);T;Sudetenstraße;49.93234536666667;8.7433169;30.0;;;;;;Interpoliert
Routenpunkt (Way);T;Sudetenstraße;49.9324529;8.7432873;30.0;;;;;;Original OSM
Routenpunkt (Way);T;Sudetenstraße;49.9325439;8.743266466666666;30.0;;;;;;Interpoliert
Routenpunkt (Way);T;Sudetenstraße;49.9326349;8.743245633333334;30.0;;;;;;Interpoliert
Routenpunkt (Way);T;Sudetenstraße;49.9327259;8.7432248;30.0;;;;;;Original OSM
Routenpunkt (Way);T;Sudetenstraße;49.93284796;8.7432064;30.0;;;;;;Interpoliert
Routenpunkt (Way);T;Sudetenstraße;49.93297002;8.743188;30.0;;;;;;Interpoliert
Routenpunkt (Way);T;Sudetenstraße;49.93309208;8.7431696;30.0;;;;;;Interpoliert
Routenpunkt (Way);T;Sudetenstraße;49.93321414;8.7431512;30.0;;;;;;Interpoliert
Routenpunkt (Way);T;Sudetenstraße;49.9333362;8.7431328;30.0;;;;;;Original OSM
Routenpunkt (Way);T;Sudetenstraße;49.93345868;8.74311876;30.0;;;;;;Interpoliert
Routenpunkt (Way);T;Sudetenstraße;49.93358116;8.74310472;30.0;;;;;;Interpoliert
Routenpunkt (Way);T;Sudetenstraße;49.93370364;8.74309068;30.0;;;;;;Interpoliert
Routenpunkt (Way);T;Sudetenstraße;49.93382612;8.74307664;30.0;;;;;;Interpoliert
Routenpunkt (Way);T;Sudetenstraße;49.9339486;8.7430626;30.0;;;;;;Original OSM
Routenpunkt (Way);T;Sudetenstraße;49.93406115;8.743062;30.0;;;;;;Interpoliert
Routenpunkt (Way);T;Sudetenstraße;49.9341737;8.7430614;30.0;;;;;;Interpoliert
Routenpunkt (Way);T;Sudetenstraße;49.93428625;8.7430608;30.0;;;;;;Interpoliert
Routenpunkt (Way);T;Sudetenstraße;49.9343988;8.7430602;30.0;;;;;;Original OSM
Routenpunkt (Way);T;Sudetenstraße;49.93450955;8.74305925;30.0;;;;;;Interpoliert
Routenpunkt (Way);T;Sudetenstraße;49.9346203;8.743058300000001;30.0;;;;;;Interpoliert
Routenpunkt (Way);T;Sudetenstraße;49.93473105;8.74305735;30.0;;;;;;Interpoliert
Routenpunkt (Way);T;Sudetenstraße;49.9348418;8.7430564;30.0;;;;;;Original OSM
Routenpunkt (Way);T;Sudetenstraße;49.9349595875;8.7430457;30.0;;;;;;Interpoliert
Routenpunkt (Way);T;Sudetenstraße;49.935077375;8.743035;30.0;;;;;;Interpoliert
Routenpunkt (Way);T;Sudetenstraße;49.9351951625;8.7430243;30.0;;;;;;Interpoliert
Routenpunkt (Way);T;Sudetenstraße;49.93531295;8.743013600000001;30.0;;;;;;Interpoliert
Routenpunkt (Way);T;Sudetenstraße;49.9354307375;8.7430029;30.0;;;;;;Interpoliert
Routenpunkt (Way);T;Sudetenstraße;49.935548525;8.7429922;30.0;;;;;;Interpoliert
Routenpunkt (Way);T;Sudetenstraße;49.9356663125;8.7429815;30.0;;;;;;Interpoliert
Routenpunkt (Way);T;Sudetenstraße;49.9357841;8.7429708;30.0;;;;;;Original OSM
Routenpunkt (Way);T;Sudetenstraße;49.93588735;8.742990475;30.0;;;;;;Interpoliert
Routenpunkt (Way);T;Sudetenstraße;49.9359906;8.74301015;30.0;;;;;;Interpoliert
Routenpunkt (Way);T;Sudetenstraße;49.93609385;8.743029825;30.0;;;;;;Interpoliert
Routenpunkt (Way);T;Sudetenstraße;49.9361971;8.7430495;30.0;;;;;;Original OSM
Routenpunkt (Way);T;Sudetenstraße;49.9362965;8.743068449999999;30.0;;;;;;Interpoliert
Routenpunkt (Way);T;Sudetenstraße;49.9363959;8.7430874;30.0;;;;;;Original OSM
Routenpunkt (Way);T;Sudetenstraße;49.936513133333335;8.743106766666667;30.0;;;;;;Interpoliert
Routenpunkt (Way);T;Sudetenstraße;49.93663036666666;8.743126133333334;30.0;;;;;;Interpoliert
Routenpunkt (Way);T;Kohlweg;49.9367476;8.7431455;30.0;;;;;;Original OSM
Routenpunkt (Way);T;Kohlweg;49.9367791;8.7433066;30.0;;;;;;Original OSM
Routenpunkt (Way);T;;49.936782875;8.743435825;30.0;;;;;;Interpoliert (15m)
Routenpunkt (Way);T;Kohlweg;49.936786649999995;8.74356505;30.0;;;;;;Original OSM
Routenpunkt (Way);T;;49.936791549999995;8.743734850000001;30.0;;;;;;Interpoliert (15m)
Routenpunkt (Way);T;Kohlweg;49.93679645;8.743904650000001;30.0;;;;;;Original OSM
Routenpunkt (Way);T;Kohlweg;49.9368034;8.7441021;30.0;;;;;;Original OSM
Haltestelle;W;Messel Rathaus;49.9368034;8.7441021;30.0;20:32:00;20:32:00;Kein Umlauf;Mo,Di,Mi,Do,Fr;446.0;Original GTFS (Snap-Distanz 1m) | Auf Route gesnappt (4m)
