Datum;Time_Global;Uhrzeit;Fahrt_Nr;Velocity_kmh;Road_Limit_kmh;Scenario_Limit_kmh;Velocity_ms;Acceleration;Distance_Global;Gradient_Percent;Latitude;Longitude;Type;Name;Surface;Highway_Type;Nearest_Stop;Soll_Ankunft;Soll_Abfahrt;Driving_State;Scenario;Limit_Factor
;0.0;07:28:00;7;0.0;50.0;45.0;0.0;0.0;0.0;0.86;49.85259;8.669733;W;Darmstadt Böllenfalltor;asphalt;service;Halt: Darmstadt Böllenfalltor;07:28:00;07:28:00;Stand;Umlauf_Li. R_MD_(Bau_Rheinstraßenbrücke)_220523_Bus_Kurs O-11.csv;0.9
;1.0;07:28:01;7;0.0;50.0;45.0;0.0;0.0;0.0;0.86;49.85259;8.669733;W;Darmstadt Böllenfalltor;asphalt;service;Halt: Darmstadt Böllenfalltor;07:28:00;07:28:00;Stand;Umlauf_Li. R_MD_(Bau_Rheinstraßenbrücke)_220523_Bus_Kurs O-11.csv;0.9
;2.0;07:28:02;7;0.0;50.0;45.0;0.0;0.0;0.0;0.86;49.85259;8.669733;W;Darmstadt Böllenfalltor;asphalt;service;Halt: Darmstadt Böllenfalltor;07:28:00;07:28:00;Stand;Umlauf_Li. R_MD_(Bau_Rheinstraßenbrücke)_220523_Bus_Kurs O-11.csv;0.9
;3.0;07:28:03;7;0.0;50.0;45.0;0.0;0.0;0.0;0.86;49.85259;8.669733;W;Darmstadt Böllenfalltor;asphalt;service;Halt: Darmstadt Böllenfalltor;07:28:00;07:28:00;Stand;Umlauf_Li. R_MD_(Bau_Rheinstraßenbrücke)_220523_Bus_Kurs O-11.csv;0.9
;4.0;07:28:04;7;0.0;50.0;45.0;0.0;0.0;0.0;0.86;49.85259;8.669733;W;Darmstadt Böllenfalltor;asphalt;service;Halt: Darmstadt Böllenfalltor;07:28:00;07:28:00;Stand;Umlauf_Li. R_MD_(Bau_Rheinstraßenbrücke)_220523_Bus_Kurs O-11.csv;0.9
;5.0;07:28:05;7;0.0;50.0;45.0;0.0;0.0;0.0;0.86;49.85259;8.669733;W;Darmstadt Böllenfalltor;asphalt;service;Halt: Darmstadt Böllenfalltor;07:28:00;07:28:00;Stand;Umlauf_Li. R_MD_(Bau_Rheinstraßenbrücke)_220523_Bus_Kurs O-11.csv;0.9
;6.0;07:28:06;7;0.0;50.0;45.0;0.0;0.0;0.0;0.86;49.85259;8.669733;W;Darmstadt Böllenfalltor;asphalt;service;Halt: Darmstadt Böllenfalltor;07:28:00;07:28:00;Stand;Umlauf_Li. R_MD_(Bau_Rheinstraßenbrücke)_220523_Bus_Kurs O-11.csv;0.9
;7.0;07:28:07;7;0.0;50.0;45.0;0.0;0.0;0.0;0.86;49.85259;8.669733;W;Darmstadt Böllenfalltor;asphalt;service;Halt: Darmstadt Böllenfalltor;07:28:00;07:28:00;Stand;Umlauf_Li. R_MD_(Bau_Rheinstraßenbrücke)_220523_Bus_Kurs O-11.csv;0.9
;8.0;07:28:08;7;0.0;50.0;45.0;0.0;0.0;0.0;0.86;49.85259;8.669733;W;Darmstadt Böllenfalltor;asphalt;service;Halt: Darmstadt Böllenfalltor;07:28:00;07:28:00;Stand;Umlauf_Li. R_MD_(Bau_Rheinstraßenbrücke)_220523_Bus_Kurs O-11.csv;0.9
;9.0;07:28:09;7;0.0;50.0;45.0;0.0;0.0;0.0;0.86;49.85259;8.669733;W;Darmstadt Böllenfalltor;asphalt;service;Halt: Darmstadt Böllenfalltor;07:28:00;07:28:00;Stand;Umlauf_Li. R_MD_(Bau_Rheinstraßenbrücke)_220523_Bus_Kurs O-11.csv;0.9
;10.0;07:28:10;7;0.0;50.0;45.0;0.0;0.0;0.0;0.86;49.85259;8.669733;W;Darmstadt Böllenfalltor;asphalt;service;Halt: Darmstadt Böllenfalltor;07:28:00;07:28:00;Stand;Umlauf_Li. R_MD_(Bau_Rheinstraßenbrücke)_220523_Bus_Kurs O-11.csv;0.9
;11.0;07:28:11;7;0.0;50.0;45.0;0.0;0.0;0.0;0.86;49.85259;8.669733;W;Darmstadt Böllenfalltor;asphalt;service;Halt: Darmstadt Böllenfalltor;07:28:00;07:28:00;Stand;Umlauf_Li. R_MD_(Bau_Rheinstraßenbrücke)_220523_Bus_Kurs O-11.csv;0.9
;12.0;07:28:12;7;0.0;50.0;45.0;0.0;0.0;0.0;0.86;49.85259;8.669733;W;Darmstadt Böllenfalltor;asphalt;service;Halt: Darmstadt Böllenfalltor;07:28:00;07:28:00;Stand;Umlauf_Li. R_MD_(Bau_Rheinstraßenbrücke)_220523_Bus_Kurs O-11.csv;0.9
;13.0;07:28:13;7;0.0;50.0;45.0;0.0;0.0;0.0;0.86;49.85259;8.669733;W;Darmstadt Böllenfalltor;asphalt;service;Halt: Darmstadt Böllenfalltor;07:28:00;07:28:00;Stand;Umlauf_Li. R_MD_(Bau_Rheinstraßenbrücke)_220523_Bus_Kurs O-11.csv;0.9
;14.0;07:28:14;7;0.0;50.0;45.0;0.0;0.0;0.0;0.86;49.85259;8.669733;W;Darmstadt Böllenfalltor;asphalt;service;Halt: Darmstadt Böllenfalltor;07:28:00;07:28:00;Stand;Umlauf_Li. R_MD_(Bau_Rheinstraßenbrücke)_220523_Bus_Kurs O-11.csv;0.9
;15.0;07:28:15;7;0.0;50.0;45.0;0.0;0.0;0.0;0.86;49.85259;8.669733;W;Darmstadt Böllenfalltor;asphalt;service;Halt: Darmstadt Böllenfalltor;07:28:00;07:28:00;Stand;Umlauf_Li. R_MD_(Bau_Rheinstraßenbrücke)_220523_Bus_Kurs O-11.csv;0.9
;16.0;07:28:16;7;0.0;50.0;45.0;0.0;0.0;0.0;0.86;49.85259;8.669733;W;Darmstadt Böllenfalltor;asphalt;service;Halt: Darmstadt Böllenfalltor;07:28:00;07:28:00;Stand;Umlauf_Li. R_MD_(Bau_Rheinstraßenbrücke)_220523_Bus_Kurs O-11.csv;0.9
;17.0;07:28:17;7;0.0;50.0;45.0;0.0;0.0;0.0;0.86;49.85259;8.669733;W;Darmstadt Böllenfalltor;asphalt;service;Halt: Darmstadt Böllenfalltor;07:28:00;07:28:00;Stand;Umlauf_Li. R_MD_(Bau_Rheinstraßenbrücke)_220523_Bus_Kurs O-11.csv;0.9
;18.0;07:28:18;7;0.0;50.0;45.0;0.0;0.0;0.0;0.86;49.85259;8.669733;W;Darmstadt Böllenfalltor;asphalt;service;Halt: Darmstadt Böllenfalltor;07:28:00;07:28:00;Stand;Umlauf_Li. R_MD_(Bau_Rheinstraßenbrücke)_220523_Bus_Kurs O-11.csv;0.9
;19.0;07:28:19;7;0.0;50.0;45.0;0.0;0.0;0.0;0.86;49.85259;8.669733;W;Darmstadt Böllenfalltor;asphalt;service;Halt: Darmstadt Böllenfalltor;07:28:00;07:28:00;Stand;Umlauf_Li. R_MD_(Bau_Rheinstraßenbrücke)_220523_Bus_Kurs O-11.csv;0.9
;20.0;07:28:20;7;0.0;50.0;45.0;0.0;0.0;0.0;0.86;49.85259;8.669733;W;Darmstadt Böllenfalltor;asphalt;service;Halt: Darmstadt Böllenfalltor;07:28:00;07:28:00;Stand;Umlauf_Li. R_MD_(Bau_Rheinstraßenbrücke)_220523_Bus_Kurs O-11.csv;0.9
;21.0;07:28:21;7;0.0;50.0;45.0;0.0;0.0;0.0;0.86;49.85259;8.669733;W;Darmstadt Böllenfalltor;asphalt;service;Halt: Darmstadt Böllenfalltor;07:28:00;07:28:00;Stand;Umlauf_Li. R_MD_(Bau_Rheinstraßenbrücke)_220523_Bus_Kurs O-11.csv;0.9
;22.0;07:28:22;7;0.0;50.0;45.0;0.0;0.6;0.0;0.86;49.85259;8.669733;W;Darmstadt Böllenfalltor;asphalt;service;Halt: Darmstadt Böllenfalltor;07:28:00;07:28:00;Stand;Umlauf_Li. R_MD_(Bau_Rheinstraßenbrücke)_220523_Bus_Kurs O-11.csv;0.9
;23.0;07:28:23;7;4.32;50.0;45.0;1.2;1.2;2.962;0.824;49.852587;8.669774;W;Darmstadt Böllenfalltor;asphalt;service;Halt: Darmstadt Böllenfalltor;07:28:00;07:28:00;Acc;Umlauf_Li. R_MD_(Bau_Rheinstraßenbrücke)_220523_Bus_Kurs O-11.csv;0.9
;24.0;07:28:24;7;8.64;50.0;45.0;2.4;1.2;5.925;0.787;49.852585;8.669815;W;Darmstadt Böllenfalltor;asphalt;service;Halt: Darmstadt Böllenfalltor;07:28:00;07:28:00;Acc;Umlauf_Li. R_MD_(Bau_Rheinstraßenbrücke)_220523_Bus_Kurs O-11.csv;0.9
;25.0;07:28:25;7;12.96;50.0;45.0;3.6;1.2;8.887;0.751;49.852582;8.669856;W;Darmstadt Böllenfalltor;asphalt;service;Halt: Darmstadt Böllenfalltor;07:28:00;07:28:00;Acc;Umlauf_Li. R_MD_(Bau_Rheinstraßenbrücke)_220523_Bus_Kurs O-11.csv;0.9
;26.0;07:28:26;7;17.28;50.0;45.0;4.8;1.2;11.849;0.714;49.852579;8.669897;W;Darmstadt Böllenfalltor;asphalt;service;Halt: Darmstadt Böllenfalltor;07:28:00;07:28:00;Acc;Umlauf_Li. R_MD_(Bau_Rheinstraßenbrücke)_220523_Bus_Kurs O-11.csv;0.9
;27.0;07:28:27;7;21.6;50.0;45.0;6.0;1.2;15.061;0.68;49.852573;8.669938;T;Böllenfalltor;asphalt;service;;;;Acc;Umlauf_Li. R_MD_(Bau_Rheinstraßenbrücke)_220523_Bus_Kurs O-11.csv;0.9
;28.0;07:28:28;7;25.92;50.0;45.0;7.2;1.2;21.989;0.68;49.852516;8.669976;T;Böllenfalltor;asphalt;service;;;;Acc;Umlauf_Li. R_MD_(Bau_Rheinstraßenbrücke)_220523_Bus_Kurs O-11.csv;0.9
;29.0;07:28:29;7;30.24;50.0;45.0;8.4;1.2;29.619;0.894;49.852453;8.670017;T;;asphalt;service;;;;Acc;Umlauf_Li. R_MD_(Bau_Rheinstraßenbrücke)_220523_Bus_Kurs O-11.csv;0.9
;30.0;07:28:30;7;34.56;50.0;45.0;9.6;1.2;38.44;1.413;49.85238;8.670065;A;Ampel;asphalt;service;;;;Acc;Umlauf_Li. R_MD_(Bau_Rheinstraßenbrücke)_220523_Bus_Kurs O-11.csv;0.9
;31.0;07:28:31;7;38.88;50.0;45.0;10.8;1.191;48.641;1.457;49.852295;8.670121;A;Ampel;asphalt;service;;;;Acc;Umlauf_Li. R_MD_(Bau_Rheinstraßenbrücke)_220523_Bus_Kurs O-11.csv;0.9
;32.0;07:28:32;7;43.133;50.0;45.0;11.981;0.85;60.051;1.87;49.852264;8.66998;T;;asphalt;secondary;;;;Acc;Umlauf_Li. R_MD_(Bau_Rheinstraßenbrücke)_220523_Bus_Kurs O-11.csv;0.9
;33.0;07:28:33;7;45.0;50.0;45.0;12.5;0.259;72.377;1.66;49.852235;8.669815;T;Klappacher Straße;asphalt;secondary;;;;Acc;Umlauf_Li. R_MD_(Bau_Rheinstraßenbrücke)_220523_Bus_Kurs O-11.csv;0.9
;34.0;07:28:34;7;45.0;50.0;45.0;12.5;0.0;84.877;0.998;49.852205;8.669647;T;Klappacher Straße;asphalt;secondary;;;;Cruise;Umlauf_Li. R_MD_(Bau_Rheinstraßenbrücke)_220523_Bus_Kurs O-11.csv;0.9
;35.0;07:28:35;7;45.0;50.0;45.0;12.5;0.0;97.377;-0.266;49.852174;8.669479;T;Klappacher Straße;asphalt;service;;;;Cruise;Umlauf_Li. R_MD_(Bau_Rheinstraßenbrücke)_220523_Bus_Kurs O-11.csv;0.9
;36.0;07:28:36;7;45.0;50.0;45.0;12.5;0.0;109.877;-1.635;49.852144;8.669311;T;Klappacher Straße;asphalt;secondary;;;;Cruise;Umlauf_Li. R_MD_(Bau_Rheinstraßenbrücke)_220523_Bus_Kurs O-11.csv;0.9
;37.0;07:28:37;7;45.0;50.0;45.0;12.5;0.0;122.377;-2.374;49.852113;8.669143;T;Klappacher Straße;asphalt;secondary;;;;Cruise;Umlauf_Li. R_MD_(Bau_Rheinstraßenbrücke)_220523_Bus_Kurs O-11.csv;0.9
;38.0;07:28:38;7;45.0;50.0;45.0;12.5;0.0;134.877;-2.74;49.852083;8.668975;T;Klappacher Straße;asphalt;secondary;;;;Cruise;Umlauf_Li. R_MD_(Bau_Rheinstraßenbrücke)_220523_Bus_Kurs O-11.csv;0.9
;39.0;07:28:39;7;45.0;50.0;45.0;12.5;0.0;147.377;-2.736;49.852053;8.668807;T;Klappacher Straße;asphalt;secondary;;;;Cruise;Umlauf_Li. R_MD_(Bau_Rheinstraßenbrücke)_220523_Bus_Kurs O-11.csv;0.9
;40.0;07:28:40;7;45.0;50.0;45.0;12.5;0.0;159.877;-2.712;49.852022;8.66864;T;Klappacher Straße;asphalt;secondary;;;;Cruise;Umlauf_Li. R_MD_(Bau_Rheinstraßenbrücke)_220523_Bus_Kurs O-11.csv;0.9
;41.0;07:28:41;7;45.0;50.0;45.0;12.5;0.0;172.377;-2.917;49.851992;8.668472;T;Klappacher Straße;asphalt;secondary;;;;Cruise;Umlauf_Li. R_MD_(Bau_Rheinstraßenbrücke)_220523_Bus_Kurs O-11.csv;0.9
;42.0;07:28:42;7;45.0;50.0;45.0;12.5;0.0;184.877;-3.495;49.851962;8.668304;T;Klappacher Straße;asphalt;secondary;;;;Cruise;Umlauf_Li. R_MD_(Bau_Rheinstraßenbrücke)_220523_Bus_Kurs O-11.csv;0.9
;43.0;07:28:43;7;45.0;50.0;45.0;12.5;0.0;197.377;-4.08;49.851931;8.668136;T;Klappacher Straße;asphalt;secondary;;;;Cruise;Umlauf_Li. R_MD_(Bau_Rheinstraßenbrücke)_220523_Bus_Kurs O-11.csv;0.9
;44.0;07:28:44;7;45.0;50.0;45.0;12.5;0.0;209.877;-4.66;49.851901;8.667968;T;Klappacher Straße;asphalt;secondary;;;;Cruise;Umlauf_Li. R_MD_(Bau_Rheinstraßenbrücke)_220523_Bus_Kurs O-11.csv;0.9
;45.0;07:28:45;7;45.0;50.0;45.0;12.5;0.0;222.377;-5.258;49.851871;8.6678;T;Klappacher Straße;asphalt;secondary;;;;Cruise;Umlauf_Li. R_MD_(Bau_Rheinstraßenbrücke)_220523_Bus_Kurs O-11.csv;0.9
;46.0;07:28:46;7;45.0;50.0;45.0;12.5;0.0;234.877;-5.438;49.851841;8.667632;T;Klappacher Straße;asphalt;secondary;;;;Cruise;Umlauf_Li. R_MD_(Bau_Rheinstraßenbrücke)_220523_Bus_Kurs O-11.csv;0.9
;47.0;07:28:47;7;45.0;50.0;45.0;12.5;0.0;247.377;-4.571;49.85181;8.667464;T;Klappacher Straße;asphalt;secondary;;;;Cruise;Umlauf_Li. R_MD_(Bau_Rheinstraßenbrücke)_220523_Bus_Kurs O-11.csv;0.9
;48.0;07:28:48;7;45.0;50.0;45.0;12.5;0.0;259.877;-2.516;49.85178;8.667296;T;Klappacher Straße;asphalt;secondary;;;;Cruise;Umlauf_Li. R_MD_(Bau_Rheinstraßenbrücke)_220523_Bus_Kurs O-11.csv;0.9
;49.0;07:28:49;7;45.0;50.0;45.0;12.5;0.0;272.377;-0.455;49.85175;8.667129;T;Klappacher Straße;asphalt;secondary;;;;Cruise;Umlauf_Li. R_MD_(Bau_Rheinstraßenbrücke)_220523_Bus_Kurs O-11.csv;0.9
;50.0;07:28:50;7;45.0;50.0;45.0;12.5;0.0;284.877;3.223;49.851718;8.666961;T;;asphalt;secondary;;;;Cruise;Umlauf_Li. R_MD_(Bau_Rheinstraßenbrücke)_220523_Bus_Kurs O-11.csv;0.9
;51.0;07:28:51;7;45.0;50.0;45.0;12.5;0.0;297.377;6.399;49.851685;8.666794;T;;asphalt;secondary;;;;Cruise;Umlauf_Li. R_MD_(Bau_Rheinstraßenbrücke)_220523_Bus_Kurs O-11.csv;0.9
;52.0;07:28:52;7;45.0;50.0;45.0;12.5;0.0;309.877;6.581;49.851652;8.666628;T;Klappacher Straße;asphalt;secondary;;;;Cruise;Umlauf_Li. R_MD_(Bau_Rheinstraßenbrücke)_220523_Bus_Kurs O-11.csv;0.9
;53.0;07:28:53;7;45.0;50.0;45.0;12.5;0.0;322.377;6.668;49.851619;8.666461;T;Klappacher Straße;asphalt;secondary;;;;Cruise;Umlauf_Li. R_MD_(Bau_Rheinstraßenbrücke)_220523_Bus_Kurs O-11.csv;0.9
;54.0;07:28:54;7;45.0;50.0;45.0;12.5;0.0;334.877;6.69;49.851586;8.666294;T;Klappacher Straße;asphalt;secondary;;;;Cruise;Umlauf_Li. R_MD_(Bau_Rheinstraßenbrücke)_220523_Bus_Kurs O-11.csv;0.9
;55.0;07:28:55;7;45.0;50.0;45.0;12.5;0.0;347.377;6.7;49.851555;8.666127;T;Klappacher Straße;asphalt;secondary;;;;Cruise;Umlauf_Li. R_MD_(Bau_Rheinstraßenbrücke)_220523_Bus_Kurs O-11.csv;0.9
;56.0;07:28:56;7;45.0;50.0;45.0;12.5;0.0;359.877;6.411;49.851524;8.665959;T;Klappacher Straße;asphalt;secondary;;;;Cruise;Umlauf_Li. R_MD_(Bau_Rheinstraßenbrücke)_220523_Bus_Kurs O-11.csv;0.9
;57.0;07:28:57;7;45.0;50.0;45.0;12.5;0.0;372.377;5.043;49.851493;8.665792;T;Klappacher Straße;asphalt;secondary;;;;Cruise;Umlauf_Li. R_MD_(Bau_Rheinstraßenbrücke)_220523_Bus_Kurs O-11.csv;0.9
;58.0;07:28:58;7;45.0;50.0;45.0;12.5;0.0;384.877;3.658;49.851463;8.665624;T;Klappacher Straße;asphalt;secondary;;;;Cruise;Umlauf_Li. R_MD_(Bau_Rheinstraßenbrücke)_220523_Bus_Kurs O-11.csv;0.9
;59.0;07:28:59;7;45.0;50.0;45.0;12.5;0.0;397.377;2.318;49.851433;8.665456;T;Klappacher Straße;asphalt;secondary;;;;Cruise;Umlauf_Li. R_MD_(Bau_Rheinstraßenbrücke)_220523_Bus_Kurs O-11.csv;0.9
;60.0;07:29:00;7;45.0;50.0;45.0;12.5;0.0;409.877;0.976;49.851403;8.665288;T;Klappacher Straße;asphalt;secondary;;;;Cruise;Umlauf_Li. R_MD_(Bau_Rheinstraßenbrücke)_220523_Bus_Kurs O-11.csv;0.9
;61.0;07:29:01;7;45.0;50.0;45.0;12.5;0.0;422.377;-0.588;49.851372;8.66512;T;Klappacher Straße;asphalt;secondary;;;;Cruise;Umlauf_Li. R_MD_(Bau_Rheinstraßenbrücke)_220523_Bus_Kurs O-11.csv;0.9
;62.0;07:29:02;7;45.0;50.0;45.0;12.5;0.0;434.877;-1.223;49.851342;8.664952;T;Klappacher Straße;asphalt;secondary;;;;Cruise;Umlauf_Li. R_MD_(Bau_Rheinstraßenbrücke)_220523_Bus_Kurs O-11.csv;0.9
;63.0;07:29:03;7;45.0;50.0;45.0;12.5;0.0;447.377;-1.489;49.851312;8.664784;T;Klappacher Straße;asphalt;secondary;;;;Cruise;Umlauf_Li. R_MD_(Bau_Rheinstraßenbrücke)_220523_Bus_Kurs O-11.csv;0.9
;64.0;07:29:04;7;45.0;50.0;45.0;12.5;0.0;459.877;-1.814;49.851282;8.664616;T;Klappacher Straße;asphalt;secondary;;;;Cruise;Umlauf_Li. R_MD_(Bau_Rheinstraßenbrücke)_220523_Bus_Kurs O-11.csv;0.9
;65.0;07:29:05;7;45.0;50.0;45.0;12.5;0.0;472.377;-2.189;49.851251;8.664448;T;Klappacher Straße;asphalt;secondary;;;;Cruise;Umlauf_Li. R_MD_(Bau_Rheinstraßenbrücke)_220523_Bus_Kurs O-11.csv;0.9
;66.0;07:29:06;7;45.0;50.0;45.0;12.5;0.0;484.877;-2.725;49.85122;8.664281;T;Klappacher Straße;asphalt;secondary;;;;Cruise;Umlauf_Li. R_MD_(Bau_Rheinstraßenbrücke)_220523_Bus_Kurs O-11.csv;0.9
;67.0;07:29:07;7;45.0;50.0;45.0;12.5;0.0;497.377;-3.542;49.85119;8.664113;T;;asphalt;secondary;;;;Cruise;Umlauf_Li. R_MD_(Bau_Rheinstraßenbrücke)_220523_Bus_Kurs O-11.csv;0.9
;68.0;07:29:08;7;45.0;50.0;45.0;12.5;0.0;509.877;-4.202;49.851164;8.663943;T;Klappacher Straße;asphalt;secondary;;;;Cruise;Umlauf_Li. R_MD_(Bau_Rheinstraßenbrücke)_220523_Bus_Kurs O-11.csv;0.9
;69.0;07:29:09;7;45.0;50.0;45.0;12.5;-0.115;522.377;-4.85;49.851141;8.663773;T;;asphalt;secondary;;;;B;Umlauf_Li. R_MD_(Bau_Rheinstraßenbrücke)_220523_Bus_Kurs O-11.csv;0.9
;70.0;07:29:10;7;44.17;50.0;45.0;12.27;-0.579;534.756;-5.38;49.851123;8.663602;T;Klappacher Straße;asphalt;secondary;;;;B;Umlauf_Li. R_MD_(Bau_Rheinstraßenbrücke)_220523_Bus_Kurs O-11.csv;0.9
;71.0;07:29:11;7;40.831;50.0;45.0;11.342;-0.964;546.598;-4.87;49.851114;8.663438;T;Klappacher Straße;asphalt;secondary;;;;B;Umlauf_Li. R_MD_(Bau_Rheinstraßenbrücke)_220523_Bus_Kurs O-11.csv;0.9
;72.0;07:29:12;7;37.231;50.0;45.0;10.342;-1.0;557.438;-5.154;49.851107;8.663287;T;Klappacher Straße;asphalt;secondary;;;;B;Umlauf_Li. R_MD_(Bau_Rheinstraßenbrücke)_220523_Bus_Kurs O-11.csv;0.9
;73.0;07:29:13;7;33.631;50.0;45.0;9.342;-1.0;567.246;-5.646;49.851108;8.66315;T;Klappacher Straße;asphalt;secondary;;;;B;Umlauf_Li. R_MD_(Bau_Rheinstraßenbrücke)_220523_Bus_Kurs O-11.csv;0.9
;74.0;07:29:14;7;30.031;50.0;45.0;8.342;-1.0;575.803;-6.539;49.851107;8.663031;T;Klappacher Straße;asphalt;secondary;;;;B;Umlauf_Li. R_MD_(Bau_Rheinstraßenbrücke)_220523_Bus_Kurs O-11.csv;0.9
;75.0;07:29:15;7;26.431;50.0;45.0;7.342;-1.0;583.719;-7.413;49.851106;8.66292;T;;asphalt;secondary;;;;B;Umlauf_Li. R_MD_(Bau_Rheinstraßenbrücke)_220523_Bus_Kurs O-11.csv;0.9
;76.0;07:29:16;7;22.831;50.0;45.0;6.342;-1.0;590.293;-8.139;49.851104;8.662829;T;;asphalt;secondary;;;;B;Umlauf_Li. R_MD_(Bau_Rheinstraßenbrücke)_220523_Bus_Kurs O-11.csv;0.9
;77.0;07:29:17;7;19.231;50.0;45.0;5.342;-1.0;596.523;-8.802;49.851104;8.662742;T;Klappacher Straße;asphalt;secondary;;;;B;Umlauf_Li. R_MD_(Bau_Rheinstraßenbrücke)_220523_Bus_Kurs O-11.csv;0.9
;78.0;07:29:18;7;15.631;50.0;45.0;4.342;-1.0;601.237;-9.189;49.85111;8.662677;T;Klappacher Straße;asphalt;secondary;;;;B;Umlauf_Li. R_MD_(Bau_Rheinstraßenbrücke)_220523_Bus_Kurs O-11.csv;0.9
;79.0;07:29:19;7;12.031;50.0;45.0;3.342;-1.0;604.406;-9.588;49.851113;8.662633;T;;asphalt;secondary;;;;B;Umlauf_Li. R_MD_(Bau_Rheinstraßenbrücke)_220523_Bus_Kurs O-11.csv;0.9
;80.0;07:29:20;7;8.431;50.0;45.0;2.342;-1.0;606.357;-9.996;49.851116;8.662606;T;;asphalt;secondary;;;;B;Umlauf_Li. R_MD_(Bau_Rheinstraßenbrücke)_220523_Bus_Kurs O-11.csv;0.9
;81.0;07:29:21;7;4.831;50.0;45.0;1.342;-1.0;608.307;-10.403;49.851119;8.662579;T;;asphalt;secondary;;;;B;Umlauf_Li. R_MD_(Bau_Rheinstraßenbrücke)_220523_Bus_Kurs O-11.csv;0.9
;82.0;07:29:22;7;1.231;50.0;45.0;0.342;-0.671;610.258;-10.811;49.851121;8.662552;T;;asphalt;secondary;;;;B;Umlauf_Li. R_MD_(Bau_Rheinstraßenbrücke)_220523_Bus_Kurs O-11.csv;0.9
;83.0;07:29:23;7;0.0;50.0;45.0;0.0;-0.171;610.925;-10.95;49.851122;8.662543;W;Darmstadt Marienhospital;asphalt;secondary;Halt: Darmstadt Marienhospital;07:29:00;07:29:00;Stand;Umlauf_Li. R_MD_(Bau_Rheinstraßenbrücke)_220523_Bus_Kurs O-11.csv;0.9
;84.0;07:29:24;7;0.0;50.0;45.0;0.0;0.0;610.925;-10.95;49.851122;8.662543;W;Darmstadt Marienhospital;asphalt;secondary;Halt: Darmstadt Marienhospital;07:29:00;07:29:00;Stand;Umlauf_Li. R_MD_(Bau_Rheinstraßenbrücke)_220523_Bus_Kurs O-11.csv;0.9
;85.0;07:29:25;7;0.0;50.0;45.0;0.0;0.0;610.925;-10.95;49.851122;8.662543;W;Darmstadt Marienhospital;asphalt;secondary;Halt: Darmstadt Marienhospital;07:29:00;07:29:00;Stand;Umlauf_Li. R_MD_(Bau_Rheinstraßenbrücke)_220523_Bus_Kurs O-11.csv;0.9
;86.0;07:29:26;7;0.0;50.0;45.0;0.0;0.0;610.925;-10.95;49.851122;8.662543;W;Darmstadt Marienhospital;asphalt;secondary;Halt: Darmstadt Marienhospital;07:29:00;07:29:00;Stand;Umlauf_Li. R_MD_(Bau_Rheinstraßenbrücke)_220523_Bus_Kurs O-11.csv;0.9
;87.0;07:29:27;7;0.0;50.0;45.0;0.0;0.0;610.925;-10.95;49.851122;8.662543;W;Darmstadt Marienhospital;asphalt;secondary;Halt: Darmstadt Marienhospital;07:29:00;07:29:00;Stand;Umlauf_Li. R_MD_(Bau_Rheinstraßenbrücke)_220523_Bus_Kurs O-11.csv;0.9
;88.0;07:29:28;7;0.0;50.0;45.0;0.0;0.0;610.925;-10.95;49.851122;8.662543;W;Darmstadt Marienhospital;asphalt;secondary;Halt: Darmstadt Marienhospital;07:29:00;07:29:00;Stand;Umlauf_Li. R_MD_(Bau_Rheinstraßenbrücke)_220523_Bus_Kurs O-11.csv;0.9
;89.0;07:29:29;7;0.0;50.0;45.0;0.0;0.0;610.925;-10.95;49.851122;8.662543;W;Darmstadt Marienhospital;asphalt;secondary;Halt: Darmstadt Marienhospital;07:29:00;07:29:00;Stand;Umlauf_Li. R_MD_(Bau_Rheinstraßenbrücke)_220523_Bus_Kurs O-11.csv;0.9
;90.0;07:29:30;7;0.0;50.0;45.0;0.0;0.0;610.925;-10.95;49.851122;8.662543;W;Darmstadt Marienhospital;asphalt;secondary;Halt: Darmstadt Marienhospital;07:29:00;07:29:00;Stand;Umlauf_Li. R_MD_(Bau_Rheinstraßenbrücke)_220523_Bus_Kurs O-11.csv;0.9
;91.0;07:29:31;7;0.0;50.0;45.0;0.0;0.0;610.925;-10.95;49.851122;8.662543;W;Darmstadt Marienhospital;asphalt;secondary;Halt: Darmstadt Marienhospital;07:29:00;07:29:00;Stand;Umlauf_Li. R_MD_(Bau_Rheinstraßenbrücke)_220523_Bus_Kurs O-11.csv;0.9
;92.0;07:29:32;7;0.0;50.0;45.0;0.0;0.0;610.925;-10.95;49.851122;8.662543;W;Darmstadt Marienhospital;asphalt;secondary;Halt: Darmstadt Marienhospital;07:29:00;07:29:00;Stand;Umlauf_Li. R_MD_(Bau_Rheinstraßenbrücke)_220523_Bus_Kurs O-11.csv;0.9
;93.0;07:29:33;7;0.0;50.0;45.0;0.0;0.0;610.925;-10.95;49.851122;8.662543;W;Darmstadt Marienhospital;asphalt;secondary;Halt: Darmstadt Marienhospital;07:29:00;07:29:00;Stand;Umlauf_Li. R_MD_(Bau_Rheinstraßenbrücke)_220523_Bus_Kurs O-11.csv;0.9
;94.0;07:29:34;7;0.0;50.0;45.0;0.0;0.0;610.925;-10.95;49.851122;8.662543;W;Darmstadt Marienhospital;asphalt;secondary;Halt: Darmstadt Marienhospital;07:29:00;07:29:00;Stand;Umlauf_Li. R_MD_(Bau_Rheinstraßenbrücke)_220523_Bus_Kurs O-11.csv;0.9
;95.0;07:29:35;7;0.0;50.0;45.0;0.0;0.0;610.925;-10.95;49.851122;8.662543;W;Darmstadt Marienhospital;asphalt;secondary;Halt: Darmstadt Marienhospital;07:29:00;07:29:00;Stand;Umlauf_Li. R_MD_(Bau_Rheinstraßenbrücke)_220523_Bus_Kurs O-11.csv;0.9
;96.0;07:29:36;7;0.0;50.0;45.0;0.0;0.0;610.925;-10.95;49.851122;8.662543;W;Darmstadt Marienhospital;asphalt;secondary;Halt: Darmstadt Marienhospital;07:29:00;07:29:00;Stand;Umlauf_Li. R_MD_(Bau_Rheinstraßenbrücke)_220523_Bus_Kurs O-11.csv;0.9
;97.0;07:29:37;7;0.0;50.0;45.0;0.0;0.0;610.925;-10.95;49.851122;8.662543;W;Darmstadt Marienhospital;asphalt;secondary;Halt: Darmstadt Marienhospital;07:29:00;07:29:00;Stand;Umlauf_Li. R_MD_(Bau_Rheinstraßenbrücke)_220523_Bus_Kurs O-11.csv;0.9
;98.0;07:29:38;7;0.0;50.0;45.0;0.0;0.0;610.925;-10.95;49.851122;8.662543;W;Darmstadt Marienhospital;asphalt;secondary;Halt: Darmstadt Marienhospital;07:29:00;07:29:00;Stand;Umlauf_Li. R_MD_(Bau_Rheinstraßenbrücke)_220523_Bus_Kurs O-11.csv;0.9
;99.0;07:29:39;7;0.0;50.0;45.0;0.0;0.0;610.925;-10.95;49.851122;8.662543;W;Darmstadt Marienhospital;asphalt;secondary;Halt: Darmstadt Marienhospital;07:29:00;07:29:00;Stand;Umlauf_Li. R_MD_(Bau_Rheinstraßenbrücke)_220523_Bus_Kurs O-11.csv;0.9
;100.0;07:29:40;7;0.0;50.0;45.0;0.0;0.0;610.925;-10.95;49.851122;8.662543;W;Darmstadt Marienhospital;asphalt;secondary;Halt: Darmstadt Marienhospital;07:29:00;07:29:00;Stand;Umlauf_Li. R_MD_(Bau_Rheinstraßenbrücke)_220523_Bus_Kurs O-11.csv;0.9
;101.0;07:29:41;7;0.0;50.0;45.0;0.0;0.0;610.925;-10.95;49.851122;8.662543;W;Darmstadt Marienhospital;asphalt;secondary;Halt: Darmstadt Marienhospital;07:29:00;07:29:00;Stand;Umlauf_Li. R_MD_(Bau_Rheinstraßenbrücke)_220523_Bus_Kurs O-11.csv;0.9
;102.0;07:29:42;7;0.0;50.0;45.0;0.0;0.0;610.925;-10.95;49.851122;8.662543;W;Darmstadt Marienhospital;asphalt;secondary;Halt: Darmstadt Marienhospital;07:29:00;07:29:00;Stand;Umlauf_Li. R_MD_(Bau_Rheinstraßenbrücke)_220523_Bus_Kurs O-11.csv;0.9
;103.0;07:29:43;7;0.0;50.0;45.0;0.0;0.0;610.925;-10.95;49.851122;8.662543;W;Darmstadt Marienhospital;asphalt;secondary;Halt: Darmstadt Marienhospital;07:29:00;07:29:00;Stand;Umlauf_Li. R_MD_(Bau_Rheinstraßenbrücke)_220523_Bus_Kurs O-11.csv;0.9
;104.0;07:29:44;7;0.0;50.0;45.0;0.0;0.395;610.925;-10.95;49.851122;8.662543;W;Darmstadt Marienhospital;asphalt;secondary;Halt: Darmstadt Marienhospital;07:29:00;07:29:00;Stand;Umlauf_Li. R_MD_(Bau_Rheinstraßenbrücke)_220523_Bus_Kurs O-11.csv;0.9
;105.0;07:29:45;7;2.843;50.0;45.0;0.79;0.995;612.664;-11.189;49.851121;8.662519;W;Darmstadt Marienhospital;asphalt;secondary;Halt: Darmstadt Marienhospital;07:29:00;07:29:00;Acc;Umlauf_Li. R_MD_(Bau_Rheinstraßenbrücke)_220523_Bus_Kurs O-11.csv;0.9
;106.0;07:29:46;7;7.163;50.0;45.0;1.99;1.2;615.307;-11.552;49.851119;8.662482;W;Darmstadt Marienhospital;asphalt;secondary;Halt: Darmstadt Marienhospital;07:29:00;07:29:00;Acc;Umlauf_Li. R_MD_(Bau_Rheinstraßenbrücke)_220523_Bus_Kurs O-11.csv;0.9
;107.0;07:29:47;7;11.483;50.0;45.0;3.19;1.2;617.95;-11.916;49.851118;8.662445;W;Darmstadt Marienhospital;asphalt;secondary;Halt: Darmstadt Marienhospital;07:29:00;07:29:00;Acc;Umlauf_Li. R_MD_(Bau_Rheinstraßenbrücke)_220523_Bus_Kurs O-11.csv;0.9
;108.0;07:29:48;7;15.803;50.0;45.0;4.39;1.2;620.592;-12.279;49.851116;8.662408;W;Darmstadt Marienhospital;asphalt;secondary;Halt: Darmstadt Marienhospital;07:29:00;07:29:00;Acc;Umlauf_Li. R_MD_(Bau_Rheinstraßenbrücke)_220523_Bus_Kurs O-11.csv;0.9
;109.0;07:29:49;7;20.123;50.0;45.0;5.59;1.2;624.102;-12.478;49.85112;8.662361;T;Marienhospital;asphalt;secondary;;;;Acc;Umlauf_Li. R_MD_(Bau_Rheinstraßenbrücke)_220523_Bus_Kurs O-11.csv;0.9
;110.0;07:29:50;7;24.443;50.0;45.0;6.79;1.2;630.168;-12.193;49.851142;8.662284;T;Marienhospital;asphalt;secondary;;;;Acc;Umlauf_Li. R_MD_(Bau_Rheinstraßenbrücke)_220523_Bus_Kurs O-11.csv;0.9
;111.0;07:29:51;7;28.763;50.0;45.0;7.99;1.2;637.58;-11.293;49.851168;8.662189;T;;asphalt;secondary;;;;Acc;Umlauf_Li. R_MD_(Bau_Rheinstraßenbrücke)_220523_Bus_Kurs O-11.csv;0.9
;112.0;07:29:52;7;33.083;50.0;45.0;9.19;1.2;646.277;-11.544;49.851188;8.662071;T;Klappacher Straße;asphalt;secondary;;;;Acc;Umlauf_Li. R_MD_(Bau_Rheinstraßenbrücke)_220523_Bus_Kurs O-11.csv;0.9
;113.0;07:29:53;7;37.403;50.0;45.0;10.39;1.176;656.195;-10.485;49.851211;8.661938;T;Klappacher Straße;asphalt;secondary;;;;Acc;Umlauf_Li. R_MD_(Bau_Rheinstraßenbrücke)_220523_Bus_Kurs O-11.csv;0.9
;114.0;07:29:54;7;41.55;50.0;45.0;11.542;1.055;667.028;-8.739;49.851237;8.661792;T;Klappacher Straße;asphalt;secondary;;;;Acc;Umlauf_Li. R_MD_(Bau_Rheinstraßenbrücke)_220523_Bus_Kurs O-11.csv;0.9
;115.0;07:29:55;7;45.0;50.0;45.0;12.5;0.479;678.943;-6.907;49.851265;8.661632;T;Klappacher Straße;asphalt;secondary;;;;Acc;Umlauf_Li. R_MD_(Bau_Rheinstraßenbrücke)_220523_Bus_Kurs O-11.csv;0.9
;116.0;07:29:56;7;45.0;50.0;45.0;12.5;0.0;691.443;-5.598;49.851296;8.661464;T;Klappacher Straße;asphalt;secondary;;;;Cruise;Umlauf_Li. R_MD_(Bau_Rheinstraßenbrücke)_220523_Bus_Kurs O-11.csv;0.9
;117.0;07:29:57;7;45.0;50.0;45.0;12.5;0.0;703.943;-4.846;49.851325;8.661295;T;Klappacher Straße;asphalt;secondary;;;;Cruise;Umlauf_Li. R_MD_(Bau_Rheinstraßenbrücke)_220523_Bus_Kurs O-11.csv;0.9
;118.0;07:29:58;7;45.0;50.0;45.0;12.5;0.0;716.443;-4.138;49.851354;8.661127;T;;asphalt;secondary;;;;Cruise;Umlauf_Li. R_MD_(Bau_Rheinstraßenbrücke)_220523_Bus_Kurs O-11.csv;0.9
;119.0;07:29:59;7;45.0;50.0;45.0;12.5;0.0;728.943;-3.38;49.851383;8.660959;T;Klappacher Straße;asphalt;secondary;;;;Cruise;Umlauf_Li. R_MD_(Bau_Rheinstraßenbrücke)_220523_Bus_Kurs O-11.csv;0.9
;120.0;07:30:00;7;45.0;50.0;45.0;12.5;0.0;741.443;-2.992;49.851411;8.66079;T;;asphalt;secondary;;;;Cruise;Umlauf_Li. R_MD_(Bau_Rheinstraßenbrücke)_220523_Bus_Kurs O-11.csv;0.9
;121.0;07:30:01;7;45.0;50.0;45.0;12.5;0.0;753.943;-2.566;49.851439;8.660621;T;Klappacher Straße;asphalt;secondary;;;;Cruise;Umlauf_Li. R_MD_(Bau_Rheinstraßenbrücke)_220523_Bus_Kurs O-11.csv;0.9
;122.0;07:30:02;7;45.0;50.0;45.0;12.5;0.0;766.443;-1.85;49.851467;8.660452;T;;asphalt;secondary;;;;Cruise;Umlauf_Li. R_MD_(Bau_Rheinstraßenbrücke)_220523_Bus_Kurs O-11.csv;0.9
;123.0;07:30:03;7;45.0;50.0;45.0;12.5;0.0;778.943;-1.935;49.851494;8.660283;T;Klappacher Straße;asphalt;secondary;;;;Cruise;Umlauf_Li. R_MD_(Bau_Rheinstraßenbrücke)_220523_Bus_Kurs O-11.csv;0.9
;124.0;07:30:04;7;45.0;50.0;45.0;12.5;0.0;791.443;-2.337;49.851521;8.660114;T;Klappacher Straße;asphalt;secondary;;;;Cruise;Umlauf_Li. R_MD_(Bau_Rheinstraßenbrücke)_220523_Bus_Kurs O-11.csv;0.9
;125.0;07:30:05;7;45.0;50.0;45.0;12.5;0.0;803.943;-2.668;49.851548;8.659945;T;Klappacher Straße;asphalt;secondary;;;;Cruise;Umlauf_Li. R_MD_(Bau_Rheinstraßenbrücke)_220523_Bus_Kurs O-11.csv;0.9
;126.0;07:30:06;7;45.0;50.0;45.0;12.5;0.0;816.443;-3.219;49.851575;8.659775;T;Klappacher Straße;asphalt;secondary;;;;Cruise;Umlauf_Li. R_MD_(Bau_Rheinstraßenbrücke)_220523_Bus_Kurs O-11.csv;0.9
;127.0;07:30:07;7;45.0;50.0;45.0;12.5;0.0;828.943;-3.782;49.851604;8.659607;T;Klappacher Straße;asphalt;secondary;;;;Cruise;Umlauf_Li. R_MD_(Bau_Rheinstraßenbrücke)_220523_Bus_Kurs O-11.csv;0.9
;128.0;07:30:08;7;45.0;50.0;45.0;12.5;0.0;841.443;-4.236;49.851635;8.659439;T;Klappacher Straße;asphalt;secondary;;;;Cruise;Umlauf_Li. R_MD_(Bau_Rheinstraßenbrücke)_220523_Bus_Kurs O-11.csv;0.9
;129.0;07:30:09;7;45.0;50.0;45.0;12.5;0.0;853.943;-3.937;49.851668;8.659272;T;Klappacher Straße;asphalt;secondary;;;;Cruise;Umlauf_Li. R_MD_(Bau_Rheinstraßenbrücke)_220523_Bus_Kurs O-11.csv;0.9
;130.0;07:30:10;7;45.0;50.0;45.0;12.5;0.0;866.443;-3.744;49.851704;8.659107;T;Klappacher Straße;asphalt;secondary;;;;Cruise;Umlauf_Li. R_MD_(Bau_Rheinstraßenbrücke)_220523_Bus_Kurs O-11.csv;0.9
;131.0;07:30:11;7;45.0;50.0;45.0;12.5;0.0;878.943;-3.521;49.851746;8.658947;T;Klappacher Straße;asphalt;secondary;;;;Cruise;Umlauf_Li. R_MD_(Bau_Rheinstraßenbrücke)_220523_Bus_Kurs O-11.csv;0.9
;132.0;07:30:12;7;45.0;50.0;45.0;12.5;0.0;891.443;-3.339;49.851801;8.658794;T;Klappacher Straße;asphalt;secondary;;;;Cruise;Umlauf_Li. R_MD_(Bau_Rheinstraßenbrücke)_220523_Bus_Kurs O-11.csv;0.9
;133.0;07:30:13;7;45.0;50.0;45.0;12.5;0.0;903.943;-3.044;49.851862;8.658648;T;Klappacher Straße;asphalt;secondary;;;;Cruise;Umlauf_Li. R_MD_(Bau_Rheinstraßenbrücke)_220523_Bus_Kurs O-11.csv;0.9
;134.0;07:30:14;7;45.0;50.0;45.0;12.5;0.0;916.443;-2.431;49.851926;8.658505;T;;asphalt;secondary;;;;Cruise;Umlauf_Li. R_MD_(Bau_Rheinstraßenbrücke)_220523_Bus_Kurs O-11.csv;0.9
;135.0;07:30:15;7;45.0;50.0;45.0;12.5;0.0;928.943;-1.66;49.852015;8.658399;T;Klappacher Straße;asphalt;secondary;;;;Cruise;Umlauf_Li. R_MD_(Bau_Rheinstraßenbrücke)_220523_Bus_Kurs O-11.csv;0.9
;136.0;07:30:16;7;45.0;50.0;45.0;12.5;0.0;941.443;-0.927;49.852105;8.658295;T;;asphalt;secondary;;;;Cruise;Umlauf_Li. R_MD_(Bau_Rheinstraßenbrücke)_220523_Bus_Kurs O-11.csv;0.9
;137.0;07:30:17;7;45.0;50.0;45.0;12.5;0.0;953.943;-0.202;49.852201;8.658202;T;Klappacher Straße;asphalt;secondary;;;;Cruise;Umlauf_Li. R_MD_(Bau_Rheinstraßenbrücke)_220523_Bus_Kurs O-11.csv;0.9
;138.0;07:30:18;7;45.0;50.0;45.0;12.5;0.0;966.443;-0.013;49.852299;8.658118;T;Klappacher Straße;asphalt;secondary;;;;Cruise;Umlauf_Li. R_MD_(Bau_Rheinstraßenbrücke)_220523_Bus_Kurs O-11.csv;0.9
;139.0;07:30:19;7;45.0;50.0;45.0;12.5;0.0;978.943;0.0;49.852397;8.658034;T;Klappacher Straße;asphalt;secondary;;;;Cruise;Umlauf_Li. R_MD_(Bau_Rheinstraßenbrücke)_220523_Bus_Kurs O-11.csv;0.9
;140.0;07:30:20;7;45.0;50.0;45.0;12.5;-0.224;991.443;0.0;49.852496;8.65795;T;Klappacher Straße;asphalt;secondary;;;;B;Umlauf_Li. R_MD_(Bau_Rheinstraßenbrücke)_220523_Bus_Kurs O-11.csv;0.9
;141.0;07:30:21;7;43.386;50.0;45.0;12.052;-0.683;1003.71;0.0;49.852592;8.657867;T;Klappacher Straße;asphalt;secondary;;;;B;Umlauf_Li. R_MD_(Bau_Rheinstraßenbrücke)_220523_Bus_Kurs O-11.csv;0.9
;142.0;07:30:22;7;40.084;50.0;45.0;11.135;-0.959;1015.254;0.0;49.852683;8.65779;T;Klappacher Straße;asphalt;secondary;;;;B;Umlauf_Li. R_MD_(Bau_Rheinstraßenbrücke)_220523_Bus_Kurs O-11.csv;0.9
;143.0;07:30:23;7;36.484;50.0;45.0;10.135;-1.0;1025.879;0.0;49.852767;8.657717;A;Klappacher Straße (Ampel);asphalt;secondary;;;;B;Umlauf_Li. R_MD_(Bau_Rheinstraßenbrücke)_220523_Bus_Kurs O-11.csv;0.9
;144.0;07:30:24;7;32.884;50.0;45.0;9.135;-1.0;1035.441;0.0;49.85284;8.657648;T;Klappacher Straße;asphalt;secondary;;;;B;Umlauf_Li. R_MD_(Bau_Rheinstraßenbrücke)_220523_Bus_Kurs O-11.csv;0.9
;145.0;07:30:25;7;29.284;50.0;45.0;8.135;-1.0;1044.077;0.0;49.852905;8.657583;T;;asphalt;secondary;;;;B;Umlauf_Li. R_MD_(Bau_Rheinstraßenbrücke)_220523_Bus_Kurs O-11.csv;0.9
;146.0;07:30:26;7;25.684;50.0;45.0;7.135;-1.0;1051.809;0.0;49.852964;8.657524;T;;asphalt;secondary;;;;B;Umlauf_Li. R_MD_(Bau_Rheinstraßenbrücke)_220523_Bus_Kurs O-11.csv;0.9
;147.0;07:30:27;7;22.084;50.0;45.0;6.135;-1.0;1058.095;0.0;49.853011;8.657476;T;;asphalt;secondary;;;;B;Umlauf_Li. R_MD_(Bau_Rheinstraßenbrücke)_220523_Bus_Kurs O-11.csv;0.9
;148.0;07:30:28;7;18.484;50.0;45.0;5.135;-1.0;1064.115;0.0;49.853057;8.65743;T;;asphalt;secondary;;;;B;Umlauf_Li. R_MD_(Bau_Rheinstraßenbrücke)_220523_Bus_Kurs O-11.csv;0.9
;149.0;07:30:29;7;14.884;50.0;45.0;4.135;-1.0;1066.903;0.0;49.85308;8.657416;T;Klappacher Straße;asphalt;secondary;;;;B;Umlauf_Li. R_MD_(Bau_Rheinstraßenbrücke)_220523_Bus_Kurs O-11.csv;0.9
;150.0;07:30:30;7;11.284;50.0;45.0;3.135;-1.0;1069.433;0.0;49.853101;8.657403;T;Klappacher Straße;asphalt;secondary;;;;B;Umlauf_Li. R_MD_(Bau_Rheinstraßenbrücke)_220523_Bus_Kurs O-11.csv;0.9
;151.0;07:30:31;7;7.684;50.0;45.0;2.135;-1.0;1071.964;0.0;49.853122;8.657391;T;Klappacher Straße;asphalt;secondary;;;;B;Umlauf_Li. R_MD_(Bau_Rheinstraßenbrücke)_220523_Bus_Kurs O-11.csv;0.9
;152.0;07:30:32;7;4.084;50.0;45.0;1.135;-1.0;1074.494;0.0;49.853144;8.657379;T;Klappacher Straße;asphalt;secondary;;;;B;Umlauf_Li. R_MD_(Bau_Rheinstraßenbrücke)_220523_Bus_Kurs O-11.csv;0.9
;153.0;07:30:33;7;0.484;50.0;45.0;0.135;-0.567;1077.024;0.0;49.853165;8.657367;T;Klappacher Straße;asphalt;secondary;;;;B;Umlauf_Li. R_MD_(Bau_Rheinstraßenbrücke)_220523_Bus_Kurs O-11.csv;0.9
;154.0;07:30:34;7;0.0;50.0;45.0;0.0;-0.067;1077.365;0.0;49.853168;8.657365;W;Darmstadt Klappacher Straße;asphalt;secondary;Halt: Darmstadt Klappacher Straße;;;Stand;Umlauf_Li. R_MD_(Bau_Rheinstraßenbrücke)_220523_Bus_Kurs O-11.csv;0.9
;155.0;07:30:35;7;0.0;50.0;45.0;0.0;0.0;1077.365;0.0;49.853168;8.657365;W;Darmstadt Klappacher Straße;asphalt;secondary;Halt: Darmstadt Klappacher Straße;;;Stand;Umlauf_Li. R_MD_(Bau_Rheinstraßenbrücke)_220523_Bus_Kurs O-11.csv;0.9
;156.0;07:30:36;7;0.0;50.0;45.0;0.0;0.0;1077.365;0.0;49.853168;8.657365;W;Darmstadt Klappacher Straße;asphalt;secondary;Halt: Darmstadt Klappacher Straße;;;Stand;Umlauf_Li. R_MD_(Bau_Rheinstraßenbrücke)_220523_Bus_Kurs O-11.csv;0.9
;157.0;07:30:37;7;0.0;50.0;45.0;0.0;0.0;1077.365;0.0;49.853168;8.657365;W;Darmstadt Klappacher Straße;asphalt;secondary;Halt: Darmstadt Klappacher Straße;;;Stand;Umlauf_Li. R_MD_(Bau_Rheinstraßenbrücke)_220523_Bus_Kurs O-11.csv;0.9
;158.0;07:30:38;7;0.0;50.0;45.0;0.0;0.0;1077.365;0.0;49.853168;8.657365;W;Darmstadt Klappacher Straße;asphalt;secondary;Halt: Darmstadt Klappacher Straße;;;Stand;Umlauf_Li. R_MD_(Bau_Rheinstraßenbrücke)_220523_Bus_Kurs O-11.csv;0.9
;159.0;07:30:39;7;0.0;50.0;45.0;0.0;0.0;1077.365;0.0;49.853168;8.657365;W;Darmstadt Klappacher Straße;asphalt;secondary;Halt: Darmstadt Klappacher Straße;;;Stand;Umlauf_Li. R_MD_(Bau_Rheinstraßenbrücke)_220523_Bus_Kurs O-11.csv;0.9
;160.0;07:30:40;7;0.0;50.0;45.0;0.0;0.0;1077.365;0.0;49.853168;8.657365;W;Darmstadt Klappacher Straße;asphalt;secondary;Halt: Darmstadt Klappacher Straße;;;Stand;Umlauf_Li. R_MD_(Bau_Rheinstraßenbrücke)_220523_Bus_Kurs O-11.csv;0.9
;161.0;07:30:41;7;0.0;50.0;45.0;0.0;0.0;1077.365;0.0;49.853168;8.657365;W;Darmstadt Klappacher Straße;asphalt;secondary;Halt: Darmstadt Klappacher Straße;;;Stand;Umlauf_Li. R_MD_(Bau_Rheinstraßenbrücke)_220523_Bus_Kurs O-11.csv;0.9
;162.0;07:30:42;7;0.0;50.0;45.0;0.0;0.0;1077.365;0.0;49.853168;8.657365;W;Darmstadt Klappacher Straße;asphalt;secondary;Halt: Darmstadt Klappacher Straße;;;Stand;Umlauf_Li. R_MD_(Bau_Rheinstraßenbrücke)_220523_Bus_Kurs O-11.csv;0.9
;163.0;07:30:43;7;0.0;50.0;45.0;0.0;0.0;1077.365;0.0;49.853168;8.657365;W;Darmstadt Klappacher Straße;asphalt;secondary;Halt: Darmstadt Klappacher Straße;;;Stand;Umlauf_Li. R_MD_(Bau_Rheinstraßenbrücke)_220523_Bus_Kurs O-11.csv;0.9
;164.0;07:30:44;7;0.0;50.0;45.0;0.0;0.0;1077.365;0.0;49.853168;8.657365;W;Darmstadt Klappacher Straße;asphalt;secondary;Halt: Darmstadt Klappacher Straße;;;Stand;Umlauf_Li. R_MD_(Bau_Rheinstraßenbrücke)_220523_Bus_Kurs O-11.csv;0.9
;165.0;07:30:45;7;0.0;50.0;45.0;0.0;0.0;1077.365;0.0;49.853168;8.657365;W;Darmstadt Klappacher Straße;asphalt;secondary;Halt: Darmstadt Klappacher Straße;;;Stand;Umlauf_Li. R_MD_(Bau_Rheinstraßenbrücke)_220523_Bus_Kurs O-11.csv;0.9
;166.0;07:30:46;7;0.0;50.0;45.0;0.0;0.0;1077.365;0.0;49.853168;8.657365;W;Darmstadt Klappacher Straße;asphalt;secondary;Halt: Darmstadt Klappacher Straße;;;Stand;Umlauf_Li. R_MD_(Bau_Rheinstraßenbrücke)_220523_Bus_Kurs O-11.csv;0.9
;167.0;07:30:47;7;0.0;50.0;45.0;0.0;0.0;1077.365;0.0;49.853168;8.657365;W;Darmstadt Klappacher Straße;asphalt;secondary;Halt: Darmstadt Klappacher Straße;;;Stand;Umlauf_Li. R_MD_(Bau_Rheinstraßenbrücke)_220523_Bus_Kurs O-11.csv;0.9
;168.0;07:30:48;7;0.0;50.0;45.0;0.0;0.0;1077.365;0.0;49.853168;8.657365;W;Darmstadt Klappacher Straße;asphalt;secondary;Halt: Darmstadt Klappacher Straße;;;Stand;Umlauf_Li. R_MD_(Bau_Rheinstraßenbrücke)_220523_Bus_Kurs O-11.csv;0.9
;169.0;07:30:49;7;0.0;50.0;45.0;0.0;0.0;1077.365;0.0;49.853168;8.657365;W;Darmstadt Klappacher Straße;asphalt;secondary;Halt: Darmstadt Klappacher Straße;;;Stand;Umlauf_Li. R_MD_(Bau_Rheinstraßenbrücke)_220523_Bus_Kurs O-11.csv;0.9
;170.0;07:30:50;7;0.0;50.0;45.0;0.0;0.0;1077.365;0.0;49.853168;8.657365;W;Darmstadt Klappacher Straße;asphalt;secondary;Halt: Darmstadt Klappacher Straße;;;Stand;Umlauf_Li. R_MD_(Bau_Rheinstraßenbrücke)_220523_Bus_Kurs O-11.csv;0.9
;171.0;07:30:51;7;0.0;50.0;45.0;0.0;0.0;1077.365;0.0;49.853168;8.657365;W;Darmstadt Klappacher Straße;asphalt;secondary;Halt: Darmstadt Klappacher Straße;;;Stand;Umlauf_Li. R_MD_(Bau_Rheinstraßenbrücke)_220523_Bus_Kurs O-11.csv;0.9
;172.0;07:30:52;7;0.0;50.0;45.0;0.0;0.0;1077.365;0.0;49.853168;8.657365;W;Darmstadt Klappacher Straße;asphalt;secondary;Halt: Darmstadt Klappacher Straße;;;Stand;Umlauf_Li. R_MD_(Bau_Rheinstraßenbrücke)_220523_Bus_Kurs O-11.csv;0.9
;173.0;07:30:53;7;0.0;50.0;45.0;0.0;0.0;1077.365;0.0;49.853168;8.657365;W;Darmstadt Klappacher Straße;asphalt;secondary;Halt: Darmstadt Klappacher Straße;;;Stand;Umlauf_Li. R_MD_(Bau_Rheinstraßenbrücke)_220523_Bus_Kurs O-11.csv;0.9
;174.0;07:30:54;7;0.0;50.0;45.0;0.0;0.0;1077.365;0.0;49.853168;8.657365;W;Darmstadt Klappacher Straße;asphalt;secondary;Halt: Darmstadt Klappacher Straße;;;Stand;Umlauf_Li. R_MD_(Bau_Rheinstraßenbrücke)_220523_Bus_Kurs O-11.csv;0.9
;175.0;07:30:55;7;0.0;50.0;45.0;0.0;0.519;1077.365;0.0;49.853168;8.657365;W;Darmstadt Klappacher Straße;asphalt;secondary;Halt: Darmstadt Klappacher Straße;;;Stand;Umlauf_Li. R_MD_(Bau_Rheinstraßenbrücke)_220523_Bus_Kurs O-11.csv;0.9
;176.0;07:30:56;7;3.739;50.0;45.0;1.039;1.119;1079.047;0.0;49.853181;8.657353;W;Darmstadt Klappacher Straße;asphalt;secondary;Halt: Darmstadt Klappacher Straße;;;Acc;Umlauf_Li. R_MD_(Bau_Rheinstraßenbrücke)_220523_Bus_Kurs O-11.csv;0.9
;177.0;07:30:57;7;8.059;50.0;45.0;2.239;1.2;1080.99;0.0;49.853196;8.65734;W;Darmstadt Klappacher Straße;asphalt;secondary;Halt: Darmstadt Klappacher Straße;;;Acc;Umlauf_Li. R_MD_(Bau_Rheinstraßenbrücke)_220523_Bus_Kurs O-11.csv;0.9
;178.0;07:30:58;7;12.379;50.0;45.0;3.439;1.2;1082.934;0.0;49.853211;8.657326;W;Darmstadt Klappacher Straße;asphalt;secondary;Halt: Darmstadt Klappacher Straße;;;Acc;Umlauf_Li. R_MD_(Bau_Rheinstraßenbrücke)_220523_Bus_Kurs O-11.csv;0.9
;179.0;07:30:59;7;16.699;50.0;45.0;4.639;1.2;1087.025;-0.076;49.853243;8.657298;T;Klappacher Straße;asphalt;secondary;;;;Acc;Umlauf_Li. R_MD_(Bau_Rheinstraßenbrücke)_220523_Bus_Kurs O-11.csv;0.9
;180.0;07:31:00;7;21.019;50.0;45.0;5.839;1.2;1092.399;-0.197;49.853285;8.657261;T;Klappacher Straße;asphalt;secondary;;;;Acc;Umlauf_Li. R_MD_(Bau_Rheinstraßenbrücke)_220523_Bus_Kurs O-11.csv;0.9
;181.0;07:31:01;7;25.339;50.0;45.0;7.039;1.2;1098.145;-0.316;49.85333;8.657221;T;Klappacher Straße;asphalt;secondary;;;;Acc;Umlauf_Li. R_MD_(Bau_Rheinstraßenbrücke)_220523_Bus_Kurs O-11.csv;0.9
;182.0;07:31:02;7;29.659;50.0;45.0;8.239;1.2;1106.019;-0.422;49.853392;8.657166;T;Klappacher Straße;asphalt;secondary;;;;Acc;Umlauf_Li. R_MD_(Bau_Rheinstraßenbrücke)_220523_Bus_Kurs O-11.csv;0.9
;183.0;07:31:03;7;33.979;50.0;45.0;9.439;1.129;1114.735;-0.54;49.85346;8.657106;T;Klappacher Straße;asphalt;secondary;;;;Acc;Umlauf_Li. R_MD_(Bau_Rheinstraßenbrücke)_220523_Bus_Kurs O-11.csv;0.9
;184.0;07:31:04;7;37.785;50.0;45.0;10.496;0.308;1124.498;-0.675;49.853536;8.657039;T;Klappacher Straße;asphalt;secondary;;;;Acc;Umlauf_Li. R_MD_(Bau_Rheinstraßenbrücke)_220523_Bus_Kurs O-11.csv;0.9
;185.0;07:31:05;7;36.194;50.0;45.0;10.054;-0.721;1134.789;-0.841;49.853617;8.656968;T;;asphalt;secondary;;;;B;Umlauf_Li. R_MD_(Bau_Rheinstraßenbrücke)_220523_Bus_Kurs O-11.csv;0.9
;186.0;07:31:06;7;32.594;50.0;45.0;9.054;-1.0;1144.266;-1.004;49.853691;8.656904;T;;asphalt;secondary;;;;B;Umlauf_Li. R_MD_(Bau_Rheinstraßenbrücke)_220523_Bus_Kurs O-11.csv;0.9
;187.0;07:31:07;7;28.994;37.961;34.165;8.054;-0.777;1152.67;-1.09;49.853701;8.656797;T;Klappacher Straße;asphalt;secondary;;;;B;Umlauf_Li. R_MD_(Bau_Rheinstraßenbrücke)_220523_Bus_Kurs O-11.csv;0.9
;188.0;07:31:08;7;27.0;30.0;27.0;7.5;-0.277;1160.555;-1.173;49.853685;8.656694;T;Landskronstraße;asphalt;secondary;;;;B;Umlauf_Li. R_MD_(Bau_Rheinstraßenbrücke)_220523_Bus_Kurs O-11.csv;0.9
;189.0;07:31:09;7;27.0;30.0;27.0;7.5;0.0;1168.055;-1.269;49.853651;8.656603;T;Landskronstraße;asphalt;secondary;;;;Cruise;Umlauf_Li. R_MD_(Bau_Rheinstraßenbrücke)_220523_Bus_Kurs O-11.csv;0.9
;190.0;07:31:10;7;27.0;30.0;27.0;7.5;0.0;1175.555;-1.365;49.853617;8.656513;T;Landskronstraße;asphalt;secondary;;;;Cruise;Umlauf_Li. R_MD_(Bau_Rheinstraßenbrücke)_220523_Bus_Kurs O-11.csv;0.9
;191.0;07:31:11;7;27.0;30.0;27.0;7.5;0.0;1183.055;-1.486;49.853585;8.656421;T;Landskronstraße;asphalt;secondary;;;;Cruise;Umlauf_Li. R_MD_(Bau_Rheinstraßenbrücke)_220523_Bus_Kurs O-11.csv;0.9
;192.0;07:31:12;7;27.0;30.0;27.0;7.5;0.0;1190.555;-1.615;49.853555;8.656327;T;Landskronstraße;asphalt;secondary;;;;Cruise;Umlauf_Li. R_MD_(Bau_Rheinstraßenbrücke)_220523_Bus_Kurs O-11.csv;0.9
;193.0;07:31:13;7;27.0;30.0;27.0;7.5;0.0;1198.055;-1.731;49.853524;8.656234;T;Landskronstraße;asphalt;secondary;;;;Cruise;Umlauf_Li. R_MD_(Bau_Rheinstraßenbrücke)_220523_Bus_Kurs O-11.csv;0.9
;194.0;07:31:14;7;27.0;30.0;27.0;7.5;0.0;1205.555;-1.713;49.853499;8.656138;T;Landskronstraße;asphalt;secondary;;;;Cruise;Umlauf_Li. R_MD_(Bau_Rheinstraßenbrücke)_220523_Bus_Kurs O-11.csv;0.9
;195.0;07:31:15;7;27.0;30.0;27.0;7.5;0.0;1213.055;-1.416;49.853483;8.656036;T;Landskronstraße;asphalt;secondary;;;;Cruise;Umlauf_Li. R_MD_(Bau_Rheinstraßenbrücke)_220523_Bus_Kurs O-11.csv;0.9
;196.0;07:31:16;7;27.0;30.0;27.0;7.5;0.0;1220.555;-1.186;49.853468;8.655934;T;Landskronstraße;asphalt;secondary;;;;Cruise;Umlauf_Li. R_MD_(Bau_Rheinstraßenbrücke)_220523_Bus_Kurs O-11.csv;0.9
;197.0;07:31:17;7;27.0;30.0;27.0;7.5;0.0;1228.055;-0.999;49.853461;8.655831;T;Landskronstraße;asphalt;secondary;;;;Cruise;Umlauf_Li. R_MD_(Bau_Rheinstraßenbrücke)_220523_Bus_Kurs O-11.csv;0.9
;198.0;07:31:18;7;27.0;30.0;27.0;7.5;0.0;1235.555;-0.838;49.853459;8.655726;T;Landskronstraße;asphalt;secondary;;;;Cruise;Umlauf_Li. R_MD_(Bau_Rheinstraßenbrücke)_220523_Bus_Kurs O-11.csv;0.9
;199.0;07:31:19;7;27.0;30.0;27.0;7.5;0.0;1243.055;-0.644;49.853458;8.655621;T;Landskronstraße;asphalt;secondary;;;;Cruise;Umlauf_Li. R_MD_(Bau_Rheinstraßenbrücke)_220523_Bus_Kurs O-11.csv;0.9
;200.0;07:31:20;7;27.0;30.0;27.0;7.5;0.0;1250.555;-0.435;49.853456;8.655517;T;Landskronstraße;asphalt;secondary;;;;Cruise;Umlauf_Li. R_MD_(Bau_Rheinstraßenbrücke)_220523_Bus_Kurs O-11.csv;0.9
;201.0;07:31:21;7;27.0;30.0;27.0;7.5;0.0;1258.055;-0.231;49.853455;8.655412;T;Landskronstraße;asphalt;secondary;;;;Cruise;Umlauf_Li. R_MD_(Bau_Rheinstraßenbrücke)_220523_Bus_Kurs O-11.csv;0.9
;202.0;07:31:22;7;27.0;30.0;27.0;7.5;0.0;1265.555;-0.028;49.853454;8.655308;T;Landskronstraße;asphalt;secondary;;;;Cruise;Umlauf_Li. R_MD_(Bau_Rheinstraßenbrücke)_220523_Bus_Kurs O-11.csv;0.9
;203.0;07:31:23;7;27.0;30.0;27.0;7.5;0.0;1273.055;0.0;49.853448;8.655203;T;Landskronstraße;asphalt;secondary;;;;Cruise;Umlauf_Li. R_MD_(Bau_Rheinstraßenbrücke)_220523_Bus_Kurs O-11.csv;0.9
;204.0;07:31:24;7;27.0;30.0;27.0;7.5;0.0;1280.555;0.0;49.853441;8.655099;T;;asphalt;secondary;;;;Cruise;Umlauf_Li. R_MD_(Bau_Rheinstraßenbrücke)_220523_Bus_Kurs O-11.csv;0.9
;205.0;07:31:25;7;27.0;30.0;27.0;7.5;0.0;1288.055;0.0;49.853435;8.654995;T;;asphalt;secondary;;;;Cruise;Umlauf_Li. R_MD_(Bau_Rheinstraßenbrücke)_220523_Bus_Kurs O-11.csv;0.9
;206.0;07:31:26;7;27.0;30.0;27.0;7.5;0.0;1295.555;-0.147;49.853429;8.654891;T;Landskronstraße;asphalt;secondary;;;;Cruise;Umlauf_Li. R_MD_(Bau_Rheinstraßenbrücke)_220523_Bus_Kurs O-11.csv;0.9
;207.0;07:31:27;7;27.0;30.0;27.0;7.5;0.0;1303.055;-0.496;49.853426;8.654787;T;;asphalt;secondary;;;;Cruise;Umlauf_Li. R_MD_(Bau_Rheinstraßenbrücke)_220523_Bus_Kurs O-11.csv;0.9
;208.0;07:31:28;7;27.0;30.0;27.0;7.5;0.0;1310.555;-0.851;49.853421;8.654682;T;;asphalt;secondary;;;;Cruise;Umlauf_Li. R_MD_(Bau_Rheinstraßenbrücke)_220523_Bus_Kurs O-11.csv;0.9
;209.0;07:31:29;7;27.0;30.0;27.0;7.5;0.0;1318.055;-1.23;49.853425;8.654578;T;Landskronstraße;asphalt;secondary;;;;Cruise;Umlauf_Li. R_MD_(Bau_Rheinstraßenbrücke)_220523_Bus_Kurs O-11.csv;0.9
;210.0;07:31:30;7;27.0;30.0;27.0;7.5;0.0;1325.555;-1.613;49.853431;8.654474;T;;asphalt;secondary;;;;Cruise;Umlauf_Li. R_MD_(Bau_Rheinstraßenbrücke)_220523_Bus_Kurs O-11.csv;0.9
;211.0;07:31:31;7;27.0;30.0;27.0;7.5;0.0;1333.055;-1.918;49.853434;8.654369;T;Landskronstraße;asphalt;secondary;;;;Cruise;Umlauf_Li. R_MD_(Bau_Rheinstraßenbrücke)_220523_Bus_Kurs O-11.csv;0.9
;212.0;07:31:32;7;27.0;30.0;27.0;7.5;0.0;1340.555;-2.034;49.853435;8.654265;T;;asphalt;secondary;;;;Cruise;Umlauf_Li. R_MD_(Bau_Rheinstraßenbrücke)_220523_Bus_Kurs O-11.csv;0.9
;213.0;07:31:33;7;27.0;30.0;27.0;7.5;0.0;1348.055;-1.874;49.853436;8.65416;T;Landskronstraße;asphalt;secondary;;;;Cruise;Umlauf_Li. R_MD_(Bau_Rheinstraßenbrücke)_220523_Bus_Kurs O-11.csv;0.9
;214.0;07:31:34;7;27.0;30.0;27.0;7.5;0.0;1355.555;-1.778;49.853434;8.654056;T;Landskronstraße;asphalt;secondary;;;;Cruise;Umlauf_Li. R_MD_(Bau_Rheinstraßenbrücke)_220523_Bus_Kurs O-11.csv;0.9
;215.0;07:31:35;7;27.0;30.0;27.0;7.5;0.0;1363.055;-1.683;49.853432;8.653951;T;Landskronstraße;asphalt;secondary;;;;Cruise;Umlauf_Li. R_MD_(Bau_Rheinstraßenbrücke)_220523_Bus_Kurs O-11.csv;0.9
;216.0;07:31:36;7;27.0;30.0;27.0;7.5;0.0;1370.555;-1.598;49.85343;8.653846;T;Landskronstraße;asphalt;secondary;;;;Cruise;Umlauf_Li. R_MD_(Bau_Rheinstraßenbrücke)_220523_Bus_Kurs O-11.csv;0.9
;217.0;07:31:37;7;27.0;30.0;27.0;7.5;0.0;1378.055;-1.513;49.853429;8.653742;T;Landskronstraße;asphalt;secondary;;;;Cruise;Umlauf_Li. R_MD_(Bau_Rheinstraßenbrücke)_220523_Bus_Kurs O-11.csv;0.9
;218.0;07:31:38;7;27.0;30.0;27.0;7.5;0.0;1385.555;-1.433;49.853427;8.653637;T;Landskronstraße;asphalt;secondary;;;;Cruise;Umlauf_Li. R_MD_(Bau_Rheinstraßenbrücke)_220523_Bus_Kurs O-11.csv;0.9
;219.0;07:31:39;7;27.0;30.0;27.0;7.5;0.0;1393.055;-1.369;49.853425;8.653533;T;Landskronstraße;asphalt;secondary;;;;Cruise;Umlauf_Li. R_MD_(Bau_Rheinstraßenbrücke)_220523_Bus_Kurs O-11.csv;0.9
;220.0;07:31:40;7;27.0;30.0;27.0;7.5;0.0;1400.555;-1.467;49.853424;8.653428;T;Landskronstraße;asphalt;secondary;;;;Cruise;Umlauf_Li. R_MD_(Bau_Rheinstraßenbrücke)_220523_Bus_Kurs O-11.csv;0.9
;221.0;07:31:41;7;27.0;30.0;27.0;7.5;0.0;1408.055;-1.547;49.853421;8.653324;T;Landskronstraße;asphalt;secondary;;;;Cruise;Umlauf_Li. R_MD_(Bau_Rheinstraßenbrücke)_220523_Bus_Kurs O-11.csv;0.9
;222.0;07:31:42;7;27.0;30.0;27.0;7.5;0.0;1415.555;-1.526;49.853399;8.653225;T;Landskronstraße;asphalt;secondary;;;;Cruise;Umlauf_Li. R_MD_(Bau_Rheinstraßenbrücke)_220523_Bus_Kurs O-11.csv;0.9
;223.0;07:31:43;7;27.0;30.0;27.0;7.5;-0.01;1423.055;-1.485;49.853383;8.653125;T;Ludwigshöhstraße (Bussteig Südseite);asphalt;secondary;;;;Cruise;Umlauf_Li. R_MD_(Bau_Rheinstraßenbrücke)_220523_Bus_Kurs O-11.csv;0.9
;224.0;07:31:44;7;26.927;30.0;27.0;7.48;-0.143;1430.543;-1.382;49.853382;8.65302;T;;asphalt;secondary;;;;B;Umlauf_Li. R_MD_(Bau_Rheinstraßenbrücke)_220523_Bus_Kurs O-11.csv;0.9
;225.0;07:31:45;7;25.974;30.0;27.0;7.215;-0.59;1437.885;-1.282;49.85338;8.652918;T;;asphalt;secondary;;;;B;Umlauf_Li. R_MD_(Bau_Rheinstraßenbrücke)_220523_Bus_Kurs O-11.csv;0.9
;226.0;07:31:46;7;22.679;30.0;27.0;6.3;-0.958;1444.151;-1.157;49.853397;8.652835;T;Ludwigshöhstraße (Bussteig Südseite);asphalt;secondary;;;;B;Umlauf_Li. R_MD_(Bau_Rheinstraßenbrücke)_220523_Bus_Kurs O-11.csv;0.9
;227.0;07:31:47;7;19.079;30.0;27.0;5.3;-1.0;1450.276;-1.03;49.853416;8.652755;T;Ludwigshöhstraße (Bussteig Südseite);asphalt;secondary;;;;B;Umlauf_Li. R_MD_(Bau_Rheinstraßenbrücke)_220523_Bus_Kurs O-11.csv;0.9
;228.0;07:31:48;7;15.479;30.0;27.0;4.3;-1.0;1453.648;-0.958;49.85342;8.652709;T;Landskronstraße;asphalt;secondary;;;;B;Umlauf_Li. R_MD_(Bau_Rheinstraßenbrücke)_220523_Bus_Kurs O-11.csv;0.9
;229.0;07:31:49;7;11.879;30.0;27.0;3.3;-1.0;1456.181;-0.902;49.85342;8.652674;T;Landskronstraße;asphalt;secondary;;;;B;Umlauf_Li. R_MD_(Bau_Rheinstraßenbrücke)_220523_Bus_Kurs O-11.csv;0.9
;230.0;07:31:50;7;8.279;30.0;27.0;2.3;-1.0;1458.714;-0.847;49.853419;8.652638;T;Landskronstraße;asphalt;secondary;;;;B;Umlauf_Li. R_MD_(Bau_Rheinstraßenbrücke)_220523_Bus_Kurs O-11.csv;0.9
;231.0;07:31:51;7;4.679;30.0;27.0;1.3;-1.0;1461.248;-0.792;49.853419;8.652603;T;Landskronstraße;asphalt;secondary;;;;B;Umlauf_Li. R_MD_(Bau_Rheinstraßenbrücke)_220523_Bus_Kurs O-11.csv;0.9
;232.0;07:31:52;7;1.079;30.0;27.0;0.3;-0.65;1463.781;-0.737;49.853419;8.652568;T;Landskronstraße;asphalt;secondary;;;;B;Umlauf_Li. R_MD_(Bau_Rheinstraßenbrücke)_220523_Bus_Kurs O-11.csv;0.9
;233.0;07:31:53;7;0.0;30.0;27.0;0.0;-0.15;1464.54;-0.72;49.853419;8.652557;W;Darmstadt Ludwigshöhstraße;asphalt;secondary;Halt: Darmstadt Ludwigshöhstraße;07:31:00;07:31:00;Stand;Umlauf_Li. R_MD_(Bau_Rheinstraßenbrücke)_220523_Bus_Kurs O-11.csv;0.9
;234.0;07:31:54;7;0.0;30.0;27.0;0.0;0.0;1464.54;-0.72;49.853419;8.652557;W;Darmstadt Ludwigshöhstraße;asphalt;secondary;Halt: Darmstadt Ludwigshöhstraße;07:31:00;07:31:00;Stand;Umlauf_Li. R_MD_(Bau_Rheinstraßenbrücke)_220523_Bus_Kurs O-11.csv;0.9
;235.0;07:31:55;7;0.0;30.0;27.0;0.0;0.0;1464.54;-0.72;49.853419;8.652557;W;Darmstadt Ludwigshöhstraße;asphalt;secondary;Halt: Darmstadt Ludwigshöhstraße;07:31:00;07:31:00;Stand;Umlauf_Li. R_MD_(Bau_Rheinstraßenbrücke)_220523_Bus_Kurs O-11.csv;0.9
;236.0;07:31:56;7;0.0;30.0;27.0;0.0;0.0;1464.54;-0.72;49.853419;8.652557;W;Darmstadt Ludwigshöhstraße;asphalt;secondary;Halt: Darmstadt Ludwigshöhstraße;07:31:00;07:31:00;Stand;Umlauf_Li. R_MD_(Bau_Rheinstraßenbrücke)_220523_Bus_Kurs O-11.csv;0.9
;237.0;07:31:57;7;0.0;30.0;27.0;0.0;0.0;1464.54;-0.72;49.853419;8.652557;W;Darmstadt Ludwigshöhstraße;asphalt;secondary;Halt: Darmstadt Ludwigshöhstraße;07:31:00;07:31:00;Stand;Umlauf_Li. R_MD_(Bau_Rheinstraßenbrücke)_220523_Bus_Kurs O-11.csv;0.9
;238.0;07:31:58;7;0.0;30.0;27.0;0.0;0.0;1464.54;-0.72;49.853419;8.652557;W;Darmstadt Ludwigshöhstraße;asphalt;secondary;Halt: Darmstadt Ludwigshöhstraße;07:31:00;07:31:00;Stand;Umlauf_Li. R_MD_(Bau_Rheinstraßenbrücke)_220523_Bus_Kurs O-11.csv;0.9
;239.0;07:31:59;7;0.0;30.0;27.0;0.0;0.0;1464.54;-0.72;49.853419;8.652557;W;Darmstadt Ludwigshöhstraße;asphalt;secondary;Halt: Darmstadt Ludwigshöhstraße;07:31:00;07:31:00;Stand;Umlauf_Li. R_MD_(Bau_Rheinstraßenbrücke)_220523_Bus_Kurs O-11.csv;0.9
;240.0;07:32:00;7;0.0;30.0;27.0;0.0;0.0;1464.54;-0.72;49.853419;8.652557;W;Darmstadt Ludwigshöhstraße;asphalt;secondary;Halt: Darmstadt Ludwigshöhstraße;07:31:00;07:31:00;Stand;Umlauf_Li. R_MD_(Bau_Rheinstraßenbrücke)_220523_Bus_Kurs O-11.csv;0.9
;241.0;07:32:01;7;0.0;30.0;27.0;0.0;0.0;1464.54;-0.72;49.853419;8.652557;W;Darmstadt Ludwigshöhstraße;asphalt;secondary;Halt: Darmstadt Ludwigshöhstraße;07:31:00;07:31:00;Stand;Umlauf_Li. R_MD_(Bau_Rheinstraßenbrücke)_220523_Bus_Kurs O-11.csv;0.9
;242.0;07:32:02;7;0.0;30.0;27.0;0.0;0.0;1464.54;-0.72;49.853419;8.652557;W;Darmstadt Ludwigshöhstraße;asphalt;secondary;Halt: Darmstadt Ludwigshöhstraße;07:31:00;07:31:00;Stand;Umlauf_Li. R_MD_(Bau_Rheinstraßenbrücke)_220523_Bus_Kurs O-11.csv;0.9
;243.0;07:32:03;7;0.0;30.0;27.0;0.0;0.0;1464.54;-0.72;49.853419;8.652557;W;Darmstadt Ludwigshöhstraße;asphalt;secondary;Halt: Darmstadt Ludwigshöhstraße;07:31:00;07:31:00;Stand;Umlauf_Li. R_MD_(Bau_Rheinstraßenbrücke)_220523_Bus_Kurs O-11.csv;0.9
;244.0;07:32:04;7;0.0;30.0;27.0;0.0;0.0;1464.54;-0.72;49.853419;8.652557;W;Darmstadt Ludwigshöhstraße;asphalt;secondary;Halt: Darmstadt Ludwigshöhstraße;07:31:00;07:31:00;Stand;Umlauf_Li. R_MD_(Bau_Rheinstraßenbrücke)_220523_Bus_Kurs O-11.csv;0.9
;245.0;07:32:05;7;0.0;30.0;27.0;0.0;0.0;1464.54;-0.72;49.853419;8.652557;W;Darmstadt Ludwigshöhstraße;asphalt;secondary;Halt: Darmstadt Ludwigshöhstraße;07:31:00;07:31:00;Stand;Umlauf_Li. R_MD_(Bau_Rheinstraßenbrücke)_220523_Bus_Kurs O-11.csv;0.9
;246.0;07:32:06;7;0.0;30.0;27.0;0.0;0.0;1464.54;-0.72;49.853419;8.652557;W;Darmstadt Ludwigshöhstraße;asphalt;secondary;Halt: Darmstadt Ludwigshöhstraße;07:31:00;07:31:00;Stand;Umlauf_Li. R_MD_(Bau_Rheinstraßenbrücke)_220523_Bus_Kurs O-11.csv;0.9
;247.0;07:32:07;7;0.0;30.0;27.0;0.0;0.0;1464.54;-0.72;49.853419;8.652557;W;Darmstadt Ludwigshöhstraße;asphalt;secondary;Halt: Darmstadt Ludwigshöhstraße;07:31:00;07:31:00;Stand;Umlauf_Li. R_MD_(Bau_Rheinstraßenbrücke)_220523_Bus_Kurs O-11.csv;0.9
;248.0;07:32:08;7;0.0;30.0;27.0;0.0;0.0;1464.54;-0.72;49.853419;8.652557;W;Darmstadt Ludwigshöhstraße;asphalt;secondary;Halt: Darmstadt Ludwigshöhstraße;07:31:00;07:31:00;Stand;Umlauf_Li. R_MD_(Bau_Rheinstraßenbrücke)_220523_Bus_Kurs O-11.csv;0.9
;249.0;07:32:09;7;0.0;30.0;27.0;0.0;0.0;1464.54;-0.72;49.853419;8.652557;W;Darmstadt Ludwigshöhstraße;asphalt;secondary;Halt: Darmstadt Ludwigshöhstraße;07:31:00;07:31:00;Stand;Umlauf_Li. R_MD_(Bau_Rheinstraßenbrücke)_220523_Bus_Kurs O-11.csv;0.9
;250.0;07:32:10;7;0.0;30.0;27.0;0.0;0.0;1464.54;-0.72;49.853419;8.652557;W;Darmstadt Ludwigshöhstraße;asphalt;secondary;Halt: Darmstadt Ludwigshöhstraße;07:31:00;07:31:00;Stand;Umlauf_Li. R_MD_(Bau_Rheinstraßenbrücke)_220523_Bus_Kurs O-11.csv;0.9
;251.0;07:32:11;7;0.0;30.0;27.0;0.0;0.0;1464.54;-0.72;49.853419;8.652557;W;Darmstadt Ludwigshöhstraße;asphalt;secondary;Halt: Darmstadt Ludwigshöhstraße;07:31:00;07:31:00;Stand;Umlauf_Li. R_MD_(Bau_Rheinstraßenbrücke)_220523_Bus_Kurs O-11.csv;0.9
;252.0;07:32:12;7;0.0;30.0;27.0;0.0;0.0;1464.54;-0.72;49.853419;8.652557;W;Darmstadt Ludwigshöhstraße;asphalt;secondary;Halt: Darmstadt Ludwigshöhstraße;07:31:00;07:31:00;Stand;Umlauf_Li. R_MD_(Bau_Rheinstraßenbrücke)_220523_Bus_Kurs O-11.csv;0.9
;253.0;07:32:13;7;0.0;30.0;27.0;0.0;0.0;1464.54;-0.72;49.853419;8.652557;W;Darmstadt Ludwigshöhstraße;asphalt;secondary;Halt: Darmstadt Ludwigshöhstraße;07:31:00;07:31:00;Stand;Umlauf_Li. R_MD_(Bau_Rheinstraßenbrücke)_220523_Bus_Kurs O-11.csv;0.9
;254.0;07:32:14;7;0.0;30.0;27.0;0.0;0.42;1464.54;-0.72;49.853419;8.652557;W;Darmstadt Ludwigshöhstraße;asphalt;secondary;Halt: Darmstadt Ludwigshöhstraße;07:31:00;07:31:00;Stand;Umlauf_Li. R_MD_(Bau_Rheinstraßenbrücke)_220523_Bus_Kurs O-11.csv;0.9
;255.0;07:32:15;7;3.025;30.0;27.0;0.84;1.02;1466.483;-0.735;49.853419;8.65253;W;Darmstadt Ludwigshöhstraße;asphalt;secondary;Halt: Darmstadt Ludwigshöhstraße;07:31:00;07:31:00;Acc;Umlauf_Li. R_MD_(Bau_Rheinstraßenbrücke)_220523_Bus_Kurs O-11.csv;0.9
;256.0;07:32:16;7;7.345;30.0;27.0;2.04;1.2;1469.258;-0.757;49.853418;8.652491;W;Darmstadt Ludwigshöhstraße;asphalt;secondary;Halt: Darmstadt Ludwigshöhstraße;07:31:00;07:31:00;Acc;Umlauf_Li. R_MD_(Bau_Rheinstraßenbrücke)_220523_Bus_Kurs O-11.csv;0.9
;257.0;07:32:17;7;11.665;30.0;27.0;3.24;1.2;1472.033;-0.778;49.853418;8.652452;W;Darmstadt Ludwigshöhstraße;asphalt;secondary;Halt: Darmstadt Ludwigshöhstraße;07:31:00;07:31:00;Acc;Umlauf_Li. R_MD_(Bau_Rheinstraßenbrücke)_220523_Bus_Kurs O-11.csv;0.9
;258.0;07:32:18;7;15.985;30.0;27.0;4.44;1.2;1474.808;-0.8;49.853417;8.652414;W;Darmstadt Ludwigshöhstraße;asphalt;secondary;Halt: Darmstadt Ludwigshöhstraße;07:31:00;07:31:00;Acc;Umlauf_Li. R_MD_(Bau_Rheinstraßenbrücke)_220523_Bus_Kurs O-11.csv;0.9
;259.0;07:32:19;7;20.305;30.0;27.0;5.64;1.2;1477.848;-0.855;49.853417;8.652371;T;Landskronstraße;asphalt;secondary;;;;Acc;Umlauf_Li. R_MD_(Bau_Rheinstraßenbrücke)_220523_Bus_Kurs O-11.csv;0.9
;260.0;07:32:20;7;24.625;30.0;27.0;6.84;0.878;1484.143;-1.314;49.853417;8.652284;T;Landskronstraße;asphalt;secondary;;;;Acc;Umlauf_Li. R_MD_(Bau_Rheinstraßenbrücke)_220523_Bus_Kurs O-11.csv;0.9
;261.0;07:32:21;7;26.628;30.0;27.0;7.397;0.33;1491.251;-1.956;49.853416;8.652184;T;;asphalt;secondary;;;;Acc;Umlauf_Li. R_MD_(Bau_Rheinstraßenbrücke)_220523_Bus_Kurs O-11.csv;0.9
;262.0;07:32:22;7;27.0;30.0;27.0;7.5;0.052;1498.695;-2.513;49.853413;8.652081;A;Landskronstraße (Ampel);asphalt;secondary;;;;Cruise;Umlauf_Li. R_MD_(Bau_Rheinstraßenbrücke)_220523_Bus_Kurs O-11.csv;0.9
;263.0;07:32:23;7;27.0;30.0;27.0;7.5;0.0;1506.195;-2.827;49.853408;8.651976;T;;asphalt;secondary;;;;Cruise;Umlauf_Li. R_MD_(Bau_Rheinstraßenbrücke)_220523_Bus_Kurs O-11.csv;0.9
;264.0;07:32:24;7;27.0;30.0;27.0;7.5;0.0;1513.695;-3.016;49.853404;8.651872;T;Landskronstraße;asphalt;secondary;;;;Cruise;Umlauf_Li. R_MD_(Bau_Rheinstraßenbrücke)_220523_Bus_Kurs O-11.csv;0.9
;265.0;07:32:25;7;27.0;30.0;27.0;7.5;0.0;1521.195;-3.176;49.853402;8.651767;T;;asphalt;secondary;;;;Cruise;Umlauf_Li. R_MD_(Bau_Rheinstraßenbrücke)_220523_Bus_Kurs O-11.csv;0.9
;266.0;07:32:26;7;27.0;30.0;27.0;7.5;0.0;1528.695;-3.217;49.8534;8.651663;T;Landskronstraße;asphalt;secondary;;;;Cruise;Umlauf_Li. R_MD_(Bau_Rheinstraßenbrücke)_220523_Bus_Kurs O-11.csv;0.9
;267.0;07:32:27;7;27.0;30.0;27.0;7.5;0.0;1536.195;-3.067;49.853399;8.651558;T;;asphalt;secondary;;;;Cruise;Umlauf_Li. R_MD_(Bau_Rheinstraßenbrücke)_220523_Bus_Kurs O-11.csv;0.9
;268.0;07:32:28;7;27.0;30.0;27.0;7.5;0.0;1543.695;-2.917;49.853398;8.651454;T;;asphalt;secondary;;;;Cruise;Umlauf_Li. R_MD_(Bau_Rheinstraßenbrücke)_220523_Bus_Kurs O-11.csv;0.9
;269.0;07:32:29;7;27.0;30.0;27.0;7.5;0.0;1551.195;-2.939;49.853397;8.651349;T;Landskronstraße;asphalt;secondary;;;;Cruise;Umlauf_Li. R_MD_(Bau_Rheinstraßenbrücke)_220523_Bus_Kurs O-11.csv;0.9
;270.0;07:32:30;7;27.0;30.0;27.0;7.5;0.0;1558.695;-2.97;49.853396;8.651244;T;Landskronstraße;asphalt;secondary;;;;Cruise;Umlauf_Li. R_MD_(Bau_Rheinstraßenbrücke)_220523_Bus_Kurs O-11.csv;0.9
;271.0;07:32:31;7;27.0;30.0;27.0;7.5;0.0;1566.195;-3.475;49.853395;8.65114;T;Landskronstraße;asphalt;secondary;;;;Cruise;Umlauf_Li. R_MD_(Bau_Rheinstraßenbrücke)_220523_Bus_Kurs O-11.csv;0.9
;272.0;07:32:32;7;27.0;30.0;27.0;7.5;0.0;1573.695;-3.963;49.853394;8.651035;T;Landskronstraße;asphalt;secondary;;;;Cruise;Umlauf_Li. R_MD_(Bau_Rheinstraßenbrücke)_220523_Bus_Kurs O-11.csv;0.9
;273.0;07:32:33;7;27.0;30.0;27.0;7.5;0.0;1581.195;-4.035;49.853393;8.650931;T;Landskronstraße;asphalt;secondary;;;;Cruise;Umlauf_Li. R_MD_(Bau_Rheinstraßenbrücke)_220523_Bus_Kurs O-11.csv;0.9
;274.0;07:32:34;7;27.0;30.0;27.0;7.5;0.0;1588.695;-4.128;49.853392;8.650826;T;Landskronstraße;asphalt;secondary;;;;Cruise;Umlauf_Li. R_MD_(Bau_Rheinstraßenbrücke)_220523_Bus_Kurs O-11.csv;0.9
;275.0;07:32:35;7;27.0;30.0;27.0;7.5;0.0;1596.195;-4.425;49.853391;8.650721;T;Landskronstraße;asphalt;secondary;;;;Cruise;Umlauf_Li. R_MD_(Bau_Rheinstraßenbrücke)_220523_Bus_Kurs O-11.csv;0.9
;276.0;07:32:36;7;27.0;30.0;27.0;7.5;0.0;1603.695;-4.712;49.85339;8.650617;T;Landskronstraße;asphalt;secondary;;;;Cruise;Umlauf_Li. R_MD_(Bau_Rheinstraßenbrücke)_220523_Bus_Kurs O-11.csv;0.9
;277.0;07:32:37;7;27.0;30.0;27.0;7.5;0.0;1611.195;-4.985;49.853388;8.650512;T;Landskronstraße;asphalt;secondary;;;;Cruise;Umlauf_Li. R_MD_(Bau_Rheinstraßenbrücke)_220523_Bus_Kurs O-11.csv;0.9
;278.0;07:32:38;7;27.0;30.0;27.0;7.5;0.0;1618.695;-5.309;49.853387;8.650408;T;Landskronstraße;asphalt;secondary;;;;Cruise;Umlauf_Li. R_MD_(Bau_Rheinstraßenbrücke)_220523_Bus_Kurs O-11.csv;0.9
;279.0;07:32:39;7;27.0;30.0;27.0;7.5;0.0;1626.195;-5.665;49.853385;8.650303;T;Landskronstraße;asphalt;secondary;;;;Cruise;Umlauf_Li. R_MD_(Bau_Rheinstraßenbrücke)_220523_Bus_Kurs O-11.csv;0.9
;280.0;07:32:40;7;27.0;30.0;27.0;7.5;0.0;1633.695;-5.621;49.853384;8.650199;T;Landskronstraße;asphalt;secondary;;;;Cruise;Umlauf_Li. R_MD_(Bau_Rheinstraßenbrücke)_220523_Bus_Kurs O-11.csv;0.9
;281.0;07:32:41;7;27.0;30.0;27.0;7.5;0.0;1641.195;-5.488;49.853383;8.650094;T;Landskronstraße;asphalt;secondary;;;;Cruise;Umlauf_Li. R_MD_(Bau_Rheinstraßenbrücke)_220523_Bus_Kurs O-11.csv;0.9
;282.0;07:32:42;7;27.0;30.0;27.0;7.5;0.0;1648.695;-5.399;49.853382;8.649989;T;Landskronstraße;asphalt;secondary;;;;Cruise;Umlauf_Li. R_MD_(Bau_Rheinstraßenbrücke)_220523_Bus_Kurs O-11.csv;0.9
;283.0;07:32:43;7;27.0;30.0;27.0;7.5;0.0;1656.195;-5.31;49.853381;8.649885;T;Landskronstraße;asphalt;secondary;;;;Cruise;Umlauf_Li. R_MD_(Bau_Rheinstraßenbrücke)_220523_Bus_Kurs O-11.csv;0.9
;284.0;07:32:44;7;27.0;30.0;27.0;7.5;0.0;1663.695;-5.221;49.853379;8.64978;T;Landskronstraße;asphalt;secondary;;;;Cruise;Umlauf_Li. R_MD_(Bau_Rheinstraßenbrücke)_220523_Bus_Kurs O-11.csv;0.9
;285.0;07:32:45;7;27.0;30.0;27.0;7.5;0.0;1671.195;-5.151;49.853378;8.649676;T;Landskronstraße;asphalt;secondary;;;;Cruise;Umlauf_Li. R_MD_(Bau_Rheinstraßenbrücke)_220523_Bus_Kurs O-11.csv;0.9
;286.0;07:32:46;7;27.0;30.0;27.0;7.5;0.0;1678.695;-5.108;49.853376;8.649571;T;Landskronstraße;asphalt;secondary;;;;Cruise;Umlauf_Li. R_MD_(Bau_Rheinstraßenbrücke)_220523_Bus_Kurs O-11.csv;0.9
;287.0;07:32:47;7;27.0;30.0;27.0;7.5;0.0;1686.195;-5.225;49.853375;8.649466;T;Landskronstraße;asphalt;secondary;;;;Cruise;Umlauf_Li. R_MD_(Bau_Rheinstraßenbrücke)_220523_Bus_Kurs O-11.csv;0.9
;288.0;07:32:48;7;27.0;30.0;27.0;7.5;0.0;1693.695;-5.451;49.853374;8.649362;T;Landskronstraße;asphalt;secondary;;;;Cruise;Umlauf_Li. R_MD_(Bau_Rheinstraßenbrücke)_220523_Bus_Kurs O-11.csv;0.9
;289.0;07:32:49;7;27.0;30.0;27.0;7.5;0.0;1701.195;-5.373;49.85337;8.649257;T;Landskronstraße;asphalt;secondary;;;;Cruise;Umlauf_Li. R_MD_(Bau_Rheinstraßenbrücke)_220523_Bus_Kurs O-11.csv;0.9
;290.0;07:32:50;7;27.0;30.0;27.0;7.5;0.0;1708.695;-5.232;49.853364;8.649153;T;Landskronstraße;asphalt;secondary;;;;Cruise;Umlauf_Li. R_MD_(Bau_Rheinstraßenbrücke)_220523_Bus_Kurs O-11.csv;0.9
;291.0;07:32:51;7;27.0;30.0;27.0;7.5;0.0;1716.195;-5.25;49.85336;8.649049;T;Landskronstraße;asphalt;secondary;;;;Cruise;Umlauf_Li. R_MD_(Bau_Rheinstraßenbrücke)_220523_Bus_Kurs O-11.csv;0.9
;292.0;07:32:52;7;27.0;30.0;27.0;7.5;0.0;1723.695;-5.379;49.853355;8.648944;T;Landskronstraße;asphalt;secondary;;;;Cruise;Umlauf_Li. R_MD_(Bau_Rheinstraßenbrücke)_220523_Bus_Kurs O-11.csv;0.9
;293.0;07:32:53;7;27.0;30.0;27.0;7.5;0.0;1731.195;-5.645;49.853352;8.64884;T;Landskronstraße;asphalt;secondary;;;;Cruise;Umlauf_Li. R_MD_(Bau_Rheinstraßenbrücke)_220523_Bus_Kurs O-11.csv;0.9
;294.0;07:32:54;7;27.0;30.0;27.0;7.5;0.0;1738.695;-5.663;49.853349;8.648735;T;;asphalt;secondary;;;;Cruise;Umlauf_Li. R_MD_(Bau_Rheinstraßenbrücke)_220523_Bus_Kurs O-11.csv;0.9
;295.0;07:32:55;7;27.0;30.0;27.0;7.5;0.0;1746.195;-5.447;49.853345;8.648631;T;;asphalt;secondary;;;;Cruise;Umlauf_Li. R_MD_(Bau_Rheinstraßenbrücke)_220523_Bus_Kurs O-11.csv;0.9
;296.0;07:32:56;7;27.0;30.0;27.0;7.5;0.0;1753.695;-5.041;49.853342;8.648526;T;Landskronstraße;asphalt;secondary;;;;Cruise;Umlauf_Li. R_MD_(Bau_Rheinstraßenbrücke)_220523_Bus_Kurs O-11.csv;0.9
;297.0;07:32:57;7;27.0;30.0;27.0;7.5;0.0;1761.195;-5.062;49.85334;8.648422;T;Landskronstraße;asphalt;secondary;;;;Cruise;Umlauf_Li. R_MD_(Bau_Rheinstraßenbrücke)_220523_Bus_Kurs O-11.csv;0.9
;298.0;07:32:58;7;27.0;30.0;27.0;7.5;0.0;1768.695;-5.083;49.853339;8.648317;T;;asphalt;secondary;;;;Cruise;Umlauf_Li. R_MD_(Bau_Rheinstraßenbrücke)_220523_Bus_Kurs O-11.csv;0.9
;299.0;07:32:59;7;27.0;30.0;27.0;7.5;0.0;1776.195;-5.11;49.853337;8.648213;T;;asphalt;secondary;;;;Cruise;Umlauf_Li. R_MD_(Bau_Rheinstraßenbrücke)_220523_Bus_Kurs O-11.csv;0.9
;300.0;07:33:00;7;27.0;30.0;27.0;7.5;0.0;1783.695;-5.094;49.853336;8.648108;T;Landskronstraße;asphalt;secondary;;;;Cruise;Umlauf_Li. R_MD_(Bau_Rheinstraßenbrücke)_220523_Bus_Kurs O-11.csv;0.9
;301.0;07:33:01;7;27.0;30.0;27.0;7.5;0.0;1791.195;-4.931;49.853335;8.648003;T;Landskronstraße;asphalt;secondary;;;;Cruise;Umlauf_Li. R_MD_(Bau_Rheinstraßenbrücke)_220523_Bus_Kurs O-11.csv;0.9
;302.0;07:33:02;7;27.0;30.0;27.0;7.5;0.0;1798.695;-4.86;49.853334;8.647899;T;Landskronstraße;asphalt;secondary;;;;Cruise;Umlauf_Li. R_MD_(Bau_Rheinstraßenbrücke)_220523_Bus_Kurs O-11.csv;0.9
;303.0;07:33:03;7;27.0;30.0;27.0;7.5;0.0;1806.195;-5.054;49.853332;8.647794;T;Landskronstraße;asphalt;secondary;;;;Cruise;Umlauf_Li. R_MD_(Bau_Rheinstraßenbrücke)_220523_Bus_Kurs O-11.csv;0.9
;304.0;07:33:04;7;27.0;30.0;27.0;7.5;0.0;1813.695;-5.144;49.853331;8.64769;T;Landskronstraße;asphalt;secondary;;;;Cruise;Umlauf_Li. R_MD_(Bau_Rheinstraßenbrücke)_220523_Bus_Kurs O-11.csv;0.9
;305.0;07:33:05;7;27.0;30.0;27.0;7.5;0.0;1821.195;-4.991;49.85333;8.647585;T;Landskronstraße;asphalt;secondary;;;;Cruise;Umlauf_Li. R_MD_(Bau_Rheinstraßenbrücke)_220523_Bus_Kurs O-11.csv;0.9
;306.0;07:33:06;7;27.0;30.0;27.0;7.5;0.0;1828.695;-4.832;49.853328;8.647481;T;Landskronstraße;asphalt;secondary;;;;Cruise;Umlauf_Li. R_MD_(Bau_Rheinstraßenbrücke)_220523_Bus_Kurs O-11.csv;0.9
;307.0;07:33:07;7;27.0;30.0;27.0;7.5;0.0;1836.195;-4.659;49.853326;8.647376;T;Landskronstraße;asphalt;secondary;;;;Cruise;Umlauf_Li. R_MD_(Bau_Rheinstraßenbrücke)_220523_Bus_Kurs O-11.csv;0.9
;308.0;07:33:08;7;27.0;30.0;27.0;7.5;-0.004;1843.695;-4.434;49.853323;8.647271;T;;asphalt;secondary;;;;Cruise;Umlauf_Li. R_MD_(Bau_Rheinstraßenbrücke)_220523_Bus_Kurs O-11.csv;0.9
;309.0;07:33:09;7;26.975;30.0;27.0;7.493;-0.022;1851.19;-4.159;49.85332;8.647167;T;;asphalt;secondary;;;;Cruise;Umlauf_Li. R_MD_(Bau_Rheinstraßenbrücke)_220523_Bus_Kurs O-11.csv;0.9
;310.0;07:33:10;7;26.842;30.0;27.0;7.456;-0.334;1858.661;-3.741;49.853317;8.647063;T;;asphalt;secondary;;;;B;Umlauf_Li. R_MD_(Bau_Rheinstraßenbrücke)_220523_Bus_Kurs O-11.csv;0.9
;311.0;07:33:11;7;24.571;30.0;27.0;6.825;-0.815;1865.442;-3.337;49.853317;8.646968;A;Landskronstraße (Bussteig Ost) (Ampel);asphalt;secondary;;;;B;Umlauf_Li. R_MD_(Bau_Rheinstraßenbrücke)_220523_Bus_Kurs O-11.csv;0.9
;312.0;07:33:12;7;20.971;30.0;27.0;5.825;-1.0;1871.793;-2.942;49.85332;8.64688;A;Landskronstraße (Bussteig Ost) (Ampel);asphalt;secondary;;;;B;Umlauf_Li. R_MD_(Bau_Rheinstraßenbrücke)_220523_Bus_Kurs O-11.csv;0.9
;313.0;07:33:13;7;17.371;31.659;28.493;4.825;-1.0;1876.521;-2.705;49.853321;8.646814;T;;asphalt;secondary;;;;B;Umlauf_Li. R_MD_(Bau_Rheinstraßenbrücke)_220523_Bus_Kurs O-11.csv;0.9
;314.0;07:33:14;7;13.771;35.46;31.914;3.825;-1.0;1879.152;-2.671;49.853322;8.646777;T;;asphalt;secondary;;;;B;Umlauf_Li. R_MD_(Bau_Rheinstraßenbrücke)_220523_Bus_Kurs O-11.csv;0.9
;315.0;07:33:15;7;10.171;39.261;35.335;2.825;-1.0;1881.783;-2.637;49.853323;8.646741;T;;asphalt;secondary;;;;B;Umlauf_Li. R_MD_(Bau_Rheinstraßenbrücke)_220523_Bus_Kurs O-11.csv;0.9
;316.0;07:33:16;7;6.571;43.062;38.756;1.825;-1.0;1884.414;-2.602;49.853324;8.646704;T;;asphalt;secondary;;;;B;Umlauf_Li. R_MD_(Bau_Rheinstraßenbrücke)_220523_Bus_Kurs O-11.csv;0.9
;317.0;07:33:17;7;2.971;46.863;42.177;0.825;-0.913;1887.045;-2.568;49.853324;8.646667;T;;asphalt;secondary;;;;B;Umlauf_Li. R_MD_(Bau_Rheinstraßenbrücke)_220523_Bus_Kurs O-11.csv;0.9
;318.0;07:33:18;7;0.0;50.0;45.0;0.0;-0.413;1889.216;-2.54;49.853325;8.646637;W;Darmstadt Landskronstraße;asphalt;secondary;Halt: Darmstadt Landskronstraße;07:33:00;07:33:00;Stand;Umlauf_Li. R_MD_(Bau_Rheinstraßenbrücke)_220523_Bus_Kurs O-11.csv;0.9
;319.0;07:33:19;7;0.0;50.0;45.0;0.0;0.0;1889.216;-2.54;49.853325;8.646637;W;Darmstadt Landskronstraße;asphalt;secondary;Halt: Darmstadt Landskronstraße;07:33:00;07:33:00;Stand;Umlauf_Li. R_MD_(Bau_Rheinstraßenbrücke)_220523_Bus_Kurs O-11.csv;0.9
;320.0;07:33:20;7;0.0;50.0;45.0;0.0;0.0;1889.216;-2.54;49.853325;8.646637;W;Darmstadt Landskronstraße;asphalt;secondary;Halt: Darmstadt Landskronstraße;07:33:00;07:33:00;Stand;Umlauf_Li. R_MD_(Bau_Rheinstraßenbrücke)_220523_Bus_Kurs O-11.csv;0.9
;321.0;07:33:21;7;0.0;50.0;45.0;0.0;0.0;1889.216;-2.54;49.853325;8.646637;W;Darmstadt Landskronstraße;asphalt;secondary;Halt: Darmstadt Landskronstraße;07:33:00;07:33:00;Stand;Umlauf_Li. R_MD_(Bau_Rheinstraßenbrücke)_220523_Bus_Kurs O-11.csv;0.9
;322.0;07:33:22;7;0.0;50.0;45.0;0.0;0.0;1889.216;-2.54;49.853325;8.646637;W;Darmstadt Landskronstraße;asphalt;secondary;Halt: Darmstadt Landskronstraße;07:33:00;07:33:00;Stand;Umlauf_Li. R_MD_(Bau_Rheinstraßenbrücke)_220523_Bus_Kurs O-11.csv;0.9
;323.0;07:33:23;7;0.0;50.0;45.0;0.0;0.0;1889.216;-2.54;49.853325;8.646637;W;Darmstadt Landskronstraße;asphalt;secondary;Halt: Darmstadt Landskronstraße;07:33:00;07:33:00;Stand;Umlauf_Li. R_MD_(Bau_Rheinstraßenbrücke)_220523_Bus_Kurs O-11.csv;0.9
;324.0;07:33:24;7;0.0;50.0;45.0;0.0;0.0;1889.216;-2.54;49.853325;8.646637;W;Darmstadt Landskronstraße;asphalt;secondary;Halt: Darmstadt Landskronstraße;07:33:00;07:33:00;Stand;Umlauf_Li. R_MD_(Bau_Rheinstraßenbrücke)_220523_Bus_Kurs O-11.csv;0.9
;325.0;07:33:25;7;0.0;50.0;45.0;0.0;0.0;1889.216;-2.54;49.853325;8.646637;W;Darmstadt Landskronstraße;asphalt;secondary;Halt: Darmstadt Landskronstraße;07:33:00;07:33:00;Stand;Umlauf_Li. R_MD_(Bau_Rheinstraßenbrücke)_220523_Bus_Kurs O-11.csv;0.9
;326.0;07:33:26;7;0.0;50.0;45.0;0.0;0.0;1889.216;-2.54;49.853325;8.646637;W;Darmstadt Landskronstraße;asphalt;secondary;Halt: Darmstadt Landskronstraße;07:33:00;07:33:00;Stand;Umlauf_Li. R_MD_(Bau_Rheinstraßenbrücke)_220523_Bus_Kurs O-11.csv;0.9
;327.0;07:33:27;7;0.0;50.0;45.0;0.0;0.0;1889.216;-2.54;49.853325;8.646637;W;Darmstadt Landskronstraße;asphalt;secondary;Halt: Darmstadt Landskronstraße;07:33:00;07:33:00;Stand;Umlauf_Li. R_MD_(Bau_Rheinstraßenbrücke)_220523_Bus_Kurs O-11.csv;0.9
;328.0;07:33:28;7;0.0;50.0;45.0;0.0;0.0;1889.216;-2.54;49.853325;8.646637;W;Darmstadt Landskronstraße;asphalt;secondary;Halt: Darmstadt Landskronstraße;07:33:00;07:33:00;Stand;Umlauf_Li. R_MD_(Bau_Rheinstraßenbrücke)_220523_Bus_Kurs O-11.csv;0.9
;329.0;07:33:29;7;0.0;50.0;45.0;0.0;0.0;1889.216;-2.54;49.853325;8.646637;W;Darmstadt Landskronstraße;asphalt;secondary;Halt: Darmstadt Landskronstraße;07:33:00;07:33:00;Stand;Umlauf_Li. R_MD_(Bau_Rheinstraßenbrücke)_220523_Bus_Kurs O-11.csv;0.9
;330.0;07:33:30;7;0.0;50.0;45.0;0.0;0.0;1889.216;-2.54;49.853325;8.646637;W;Darmstadt Landskronstraße;asphalt;secondary;Halt: Darmstadt Landskronstraße;07:33:00;07:33:00;Stand;Umlauf_Li. R_MD_(Bau_Rheinstraßenbrücke)_220523_Bus_Kurs O-11.csv;0.9
;331.0;07:33:31;7;0.0;50.0;45.0;0.0;0.0;1889.216;-2.54;49.853325;8.646637;W;Darmstadt Landskronstraße;asphalt;secondary;Halt: Darmstadt Landskronstraße;07:33:00;07:33:00;Stand;Umlauf_Li. R_MD_(Bau_Rheinstraßenbrücke)_220523_Bus_Kurs O-11.csv;0.9
;332.0;07:33:32;7;0.0;50.0;45.0;0.0;0.0;1889.216;-2.54;49.853325;8.646637;W;Darmstadt Landskronstraße;asphalt;secondary;Halt: Darmstadt Landskronstraße;07:33:00;07:33:00;Stand;Umlauf_Li. R_MD_(Bau_Rheinstraßenbrücke)_220523_Bus_Kurs O-11.csv;0.9
;333.0;07:33:33;7;0.0;50.0;45.0;0.0;0.0;1889.216;-2.54;49.853325;8.646637;W;Darmstadt Landskronstraße;asphalt;secondary;Halt: Darmstadt Landskronstraße;07:33:00;07:33:00;Stand;Umlauf_Li. R_MD_(Bau_Rheinstraßenbrücke)_220523_Bus_Kurs O-11.csv;0.9
;334.0;07:33:34;7;0.0;50.0;45.0;0.0;0.0;1889.216;-2.54;49.853325;8.646637;W;Darmstadt Landskronstraße;asphalt;secondary;Halt: Darmstadt Landskronstraße;07:33:00;07:33:00;Stand;Umlauf_Li. R_MD_(Bau_Rheinstraßenbrücke)_220523_Bus_Kurs O-11.csv;0.9
;335.0;07:33:35;7;0.0;50.0;45.0;0.0;0.0;1889.216;-2.54;49.853325;8.646637;W;Darmstadt Landskronstraße;asphalt;secondary;Halt: Darmstadt Landskronstraße;07:33:00;07:33:00;Stand;Umlauf_Li. R_MD_(Bau_Rheinstraßenbrücke)_220523_Bus_Kurs O-11.csv;0.9
;336.0;07:33:36;7;0.0;50.0;45.0;0.0;0.0;1889.216;-2.54;49.853325;8.646637;W;Darmstadt Landskronstraße;asphalt;secondary;Halt: Darmstadt Landskronstraße;07:33:00;07:33:00;Stand;Umlauf_Li. R_MD_(Bau_Rheinstraßenbrücke)_220523_Bus_Kurs O-11.csv;0.9
;337.0;07:33:37;7;0.0;50.0;45.0;0.0;0.0;1889.216;-2.54;49.853325;8.646637;W;Darmstadt Landskronstraße;asphalt;secondary;Halt: Darmstadt Landskronstraße;07:33:00;07:33:00;Stand;Umlauf_Li. R_MD_(Bau_Rheinstraßenbrücke)_220523_Bus_Kurs O-11.csv;0.9
;338.0;07:33:38;7;0.0;50.0;45.0;0.0;0.0;1889.216;-2.54;49.853325;8.646637;W;Darmstadt Landskronstraße;asphalt;secondary;Halt: Darmstadt Landskronstraße;07:33:00;07:33:00;Stand;Umlauf_Li. R_MD_(Bau_Rheinstraßenbrücke)_220523_Bus_Kurs O-11.csv;0.9
;339.0;07:33:39;7;0.0;50.0;45.0;0.0;0.105;1889.216;-2.54;49.853325;8.646637;W;Darmstadt Landskronstraße;asphalt;secondary;Halt: Darmstadt Landskronstraße;07:33:00;07:33:00;Stand;Umlauf_Li. R_MD_(Bau_Rheinstraßenbrücke)_220523_Bus_Kurs O-11.csv;0.9
;340.0;07:33:40;7;0.755;50.0;45.0;0.21;0.705;1889.599;-2.526;49.853325;8.646632;W;Darmstadt Landskronstraße;asphalt;secondary;Halt: Darmstadt Landskronstraße;07:33:00;07:33:00;Acc;Umlauf_Li. R_MD_(Bau_Rheinstraßenbrücke)_220523_Bus_Kurs O-11.csv;0.9
;341.0;07:33:41;7;5.075;50.0;45.0;1.41;1.2;1891.794;-2.447;49.853325;8.646601;W;Darmstadt Landskronstraße;asphalt;secondary;Halt: Darmstadt Landskronstraße;07:33:00;07:33:00;Acc;Umlauf_Li. R_MD_(Bau_Rheinstraßenbrücke)_220523_Bus_Kurs O-11.csv;0.9
;342.0;07:33:42;7;9.395;50.0;45.0;2.61;1.2;1893.989;-2.368;49.853325;8.64657;W;Darmstadt Landskronstraße;asphalt;secondary;Halt: Darmstadt Landskronstraße;07:33:00;07:33:00;Acc;Umlauf_Li. R_MD_(Bau_Rheinstraßenbrücke)_220523_Bus_Kurs O-11.csv;0.9
;343.0;07:33:43;7;13.715;50.0;45.0;3.81;1.2;1896.184;-2.288;49.853325;8.64654;W;Darmstadt Landskronstraße;asphalt;secondary;Halt: Darmstadt Landskronstraße;07:33:00;07:33:00;Acc;Umlauf_Li. R_MD_(Bau_Rheinstraßenbrücke)_220523_Bus_Kurs O-11.csv;0.9
;344.0;07:33:44;7;18.035;50.0;45.0;5.01;1.2;1899.982;-2.185;49.853325;8.646487;T;;asphalt;secondary;;;;Acc;Umlauf_Li. R_MD_(Bau_Rheinstraßenbrücke)_220523_Bus_Kurs O-11.csv;0.9
;345.0;07:33:45;7;22.355;50.0;45.0;6.21;1.2;1905.283;-2.06;49.853325;8.646413;T;Rüdesheimer Straße;asphalt;secondary;;;;Acc;Umlauf_Li. R_MD_(Bau_Rheinstraßenbrücke)_220523_Bus_Kurs O-11.csv;0.9
;346.0;07:33:46;7;26.675;50.0;45.0;7.41;1.2;1912.361;-2.095;49.853327;8.646314;T;Rüdesheimer Straße;asphalt;secondary;;;;Acc;Umlauf_Li. R_MD_(Bau_Rheinstraßenbrücke)_220523_Bus_Kurs O-11.csv;0.9
;347.0;07:33:47;7;30.995;50.0;45.0;8.61;1.2;1920.314;-1.957;49.853329;8.646203;T;;asphalt;secondary;;;;Acc;Umlauf_Li. R_MD_(Bau_Rheinstraßenbrücke)_220523_Bus_Kurs O-11.csv;0.9
;348.0;07:33:48;7;35.315;50.0;45.0;9.81;1.2;1929.487;-1.78;49.853332;8.646075;T;Rüdesheimer Straße;asphalt;secondary;;;;Acc;Umlauf_Li. R_MD_(Bau_Rheinstraßenbrücke)_220523_Bus_Kurs O-11.csv;0.9
;349.0;07:33:49;7;39.635;50.0;45.0;11.01;1.147;1939.816;-1.798;49.853336;8.645932;T;Rüdesheimer Straße;asphalt;secondary;;;;Acc;Umlauf_Li. R_MD_(Bau_Rheinstraßenbrücke)_220523_Bus_Kurs O-11.csv;0.9
;350.0;07:33:50;7;43.57;50.0;45.0;12.103;0.745;1951.352;-1.896;49.853341;8.645771;T;Rüdesheimer Straße;asphalt;secondary;;;;Acc;Umlauf_Li. R_MD_(Bau_Rheinstraßenbrücke)_220523_Bus_Kurs O-11.csv;0.9
;351.0;07:33:51;7;45.0;50.0;45.0;12.5;0.199;1963.657;-2.017;49.853348;8.6456;T;Rüdesheimer Straße;asphalt;secondary;;;;Acc;Umlauf_Li. R_MD_(Bau_Rheinstraßenbrücke)_220523_Bus_Kurs O-11.csv;0.9
;352.0;07:33:52;7;45.0;50.0;45.0;12.5;0.0;1976.157;-2.207;49.853355;8.645426;T;Rüdesheimer Straße;asphalt;secondary;;;;Cruise;Umlauf_Li. R_MD_(Bau_Rheinstraßenbrücke)_220523_Bus_Kurs O-11.csv;0.9
;353.0;07:33:53;7;45.0;50.0;45.0;12.5;0.0;1988.657;-2.57;49.853363;8.645252;T;Rüdesheimer Straße;asphalt;secondary;;;;Cruise;Umlauf_Li. R_MD_(Bau_Rheinstraßenbrücke)_220523_Bus_Kurs O-11.csv;0.9
;354.0;07:33:54;7;45.0;50.0;45.0;12.5;0.0;2001.157;-3.174;49.853371;8.645078;T;Rüdesheimer Straße;asphalt;secondary;;;;Cruise;Umlauf_Li. R_MD_(Bau_Rheinstraßenbrücke)_220523_Bus_Kurs O-11.csv;0.9
;355.0;07:33:55;7;45.0;50.0;45.0;12.5;0.0;2013.657;-3.835;49.853382;8.644904;T;Rüdesheimer Straße;asphalt;secondary;;;;Cruise;Umlauf_Li. R_MD_(Bau_Rheinstraßenbrücke)_220523_Bus_Kurs O-11.csv;0.9
;356.0;07:33:56;7;45.0;50.0;45.0;12.5;0.0;2026.157;-4.538;49.853393;8.644731;T;Rüdesheimer Straße;asphalt;secondary;;;;Cruise;Umlauf_Li. R_MD_(Bau_Rheinstraßenbrücke)_220523_Bus_Kurs O-11.csv;0.9
;357.0;07:33:57;7;45.0;50.0;45.0;12.5;0.0;2038.657;-5.423;49.853408;8.644558;T;;asphalt;secondary;;;;Cruise;Umlauf_Li. R_MD_(Bau_Rheinstraßenbrücke)_220523_Bus_Kurs O-11.csv;0.9
;358.0;07:33:58;7;45.0;50.0;45.0;12.5;0.0;2051.157;-6.018;49.853424;8.644385;T;Rüdesheimer Straße;asphalt;secondary;;;;Cruise;Umlauf_Li. R_MD_(Bau_Rheinstraßenbrücke)_220523_Bus_Kurs O-11.csv;0.9
;359.0;07:33:59;7;45.0;50.0;45.0;12.5;0.0;2063.657;-5.548;49.853441;8.644213;T;;asphalt;secondary;;;;Cruise;Umlauf_Li. R_MD_(Bau_Rheinstraßenbrücke)_220523_Bus_Kurs O-11.csv;0.9
;360.0;07:34:00;7;45.0;50.0;45.0;12.5;0.0;2076.157;-5.029;49.853459;8.644041;T;Rüdesheimer Straße;asphalt;secondary;;;;Cruise;Umlauf_Li. R_MD_(Bau_Rheinstraßenbrücke)_220523_Bus_Kurs O-11.csv;0.9
;361.0;07:34:01;7;45.0;50.0;45.0;12.5;0.0;2088.657;-4.574;49.853478;8.643869;T;Rüdesheimer Straße;asphalt;secondary;;;;Cruise;Umlauf_Li. R_MD_(Bau_Rheinstraßenbrücke)_220523_Bus_Kurs O-11.csv;0.9
;362.0;07:34:02;7;45.0;50.0;45.0;12.5;0.0;2101.157;-4.149;49.853499;8.643698;T;Rüdesheimer Straße;asphalt;secondary;;;;Cruise;Umlauf_Li. R_MD_(Bau_Rheinstraßenbrücke)_220523_Bus_Kurs O-11.csv;0.9
;363.0;07:34:03;7;45.0;50.0;45.0;12.5;0.0;2113.657;-3.078;49.85352;8.643527;T;;asphalt;secondary;;;;Cruise;Umlauf_Li. R_MD_(Bau_Rheinstraßenbrücke)_220523_Bus_Kurs O-11.csv;0.9
;364.0;07:34:04;7;45.0;50.0;45.0;12.5;0.0;2126.157;-1.694;49.853543;8.643356;T;;asphalt;secondary;;;;Cruise;Umlauf_Li. R_MD_(Bau_Rheinstraßenbrücke)_220523_Bus_Kurs O-11.csv;0.9
;365.0;07:34:05;7;45.0;50.0;45.0;12.5;0.0;2138.657;-0.436;49.853567;8.643185;T;Rüdesheimer Straße;asphalt;secondary;;;;Cruise;Umlauf_Li. R_MD_(Bau_Rheinstraßenbrücke)_220523_Bus_Kurs O-11.csv;0.9
;366.0;07:34:06;7;45.0;50.0;45.0;12.5;0.0;2151.157;0.898;49.853592;8.643015;T;;asphalt;secondary;;;;Cruise;Umlauf_Li. R_MD_(Bau_Rheinstraßenbrücke)_220523_Bus_Kurs O-11.csv;0.9
;367.0;07:34:07;7;45.0;50.0;45.0;12.5;0.0;2163.657;0.862;49.85362;8.642847;T;Rüdesheimer Straße;asphalt;secondary;;;;Cruise;Umlauf_Li. R_MD_(Bau_Rheinstraßenbrücke)_220523_Bus_Kurs O-11.csv;0.9
;368.0;07:34:08;7;45.0;50.0;45.0;12.5;0.0;2176.157;0.681;49.85365;8.642679;T;;asphalt;secondary;;;;Cruise;Umlauf_Li. R_MD_(Bau_Rheinstraßenbrücke)_220523_Bus_Kurs O-11.csv;0.9
;369.0;07:34:09;7;45.0;50.0;45.0;12.5;0.0;2188.657;0.173;49.853681;8.642511;T;Rüdesheimer Straße;asphalt;secondary;;;;Cruise;Umlauf_Li. R_MD_(Bau_Rheinstraßenbrücke)_220523_Bus_Kurs O-11.csv;0.9
;370.0;07:34:10;7;45.0;50.0;45.0;12.5;0.0;2201.157;-0.31;49.853713;8.642344;T;Rüdesheimer Straße;asphalt;secondary;;;;Cruise;Umlauf_Li. R_MD_(Bau_Rheinstraßenbrücke)_220523_Bus_Kurs O-11.csv;0.9
;371.0;07:34:11;7;45.0;50.0;45.0;12.5;0.0;2213.657;-0.814;49.853747;8.642178;T;;asphalt;secondary;;;;Cruise;Umlauf_Li. R_MD_(Bau_Rheinstraßenbrücke)_220523_Bus_Kurs O-11.csv;0.9
;372.0;07:34:12;7;45.0;50.0;45.0;12.5;-0.26;2226.157;-1.327;49.853782;8.642012;T;;asphalt;secondary;;;;B;Umlauf_Li. R_MD_(Bau_Rheinstraßenbrücke)_220523_Bus_Kurs O-11.csv;0.9
;373.0;07:34:13;7;43.125;50.0;45.0;11.979;-0.76;2238.396;-1.775;49.853819;8.641851;T;;asphalt;secondary;;;;B;Umlauf_Li. R_MD_(Bau_Rheinstraßenbrücke)_220523_Bus_Kurs O-11.csv;0.9
;374.0;07:34:14;7;39.525;50.0;45.0;10.979;-1.0;2249.836;-2.078;49.853853;8.641701;T;;asphalt;secondary;;;;B;Umlauf_Li. R_MD_(Bau_Rheinstraßenbrücke)_220523_Bus_Kurs O-11.csv;0.9
;375.0;07:34:15;7;35.925;50.0;45.0;9.979;-1.0;2260.253;-2.346;49.853884;8.641564;T;Rüdesheimer Straße;asphalt;secondary;;;;B;Umlauf_Li. R_MD_(Bau_Rheinstraßenbrücke)_220523_Bus_Kurs O-11.csv;0.9
;376.0;07:34:16;7;32.325;50.0;45.0;8.979;-1.0;2269.705;-2.467;49.853914;8.64144;T;Rüdesheimer Straße;asphalt;secondary;;;;B;Umlauf_Li. R_MD_(Bau_Rheinstraßenbrücke)_220523_Bus_Kurs O-11.csv;0.9
;377.0;07:34:17;7;28.725;50.0;45.0;7.979;-1.0;2277.995;-2.755;49.853941;8.641333;T;Rüdesheimer Straße;asphalt;secondary;;;;B;Umlauf_Li. R_MD_(Bau_Rheinstraßenbrücke)_220523_Bus_Kurs O-11.csv;0.9
;378.0;07:34:18;7;25.125;50.0;45.0;6.979;-1.0;2285.777;-3.114;49.853967;8.641232;T;Rüdesheimer Straße;asphalt;secondary;;;;B;Umlauf_Li. R_MD_(Bau_Rheinstraßenbrücke)_220523_Bus_Kurs O-11.csv;0.9
;379.0;07:34:19;7;21.525;50.0;45.0;5.979;-1.0;2291.548;-3.703;49.85398;8.641154;T;Rüdesheimer Straße;asphalt;secondary;;;;B;Umlauf_Li. R_MD_(Bau_Rheinstraßenbrücke)_220523_Bus_Kurs O-11.csv;0.9
;380.0;07:34:20;7;17.925;50.0;45.0;4.979;-1.0;2297.32;-4.292;49.853992;8.641076;T;Rüdesheimer Straße;asphalt;secondary;;;;B;Umlauf_Li. R_MD_(Bau_Rheinstraßenbrücke)_220523_Bus_Kurs O-11.csv;0.9
;381.0;07:34:21;7;14.325;50.0;45.0;3.979;-1.0;2301.178;-4.542;49.854001;8.641023;T;Rüdesheimer Straße;asphalt;secondary;;;;B;Umlauf_Li. R_MD_(Bau_Rheinstraßenbrücke)_220523_Bus_Kurs O-11.csv;0.9
;382.0;07:34:22;7;10.725;50.0;45.0;2.979;-1.0;2303.44;-4.509;49.854005;8.640993;T;Rüdesheimer Straße;asphalt;secondary;;;;B;Umlauf_Li. R_MD_(Bau_Rheinstraßenbrücke)_220523_Bus_Kurs O-11.csv;0.9
;383.0;07:34:23;7;7.125;50.0;45.0;1.979;-1.0;2305.702;-4.476;49.85401;8.640962;T;Rüdesheimer Straße;asphalt;secondary;;;;B;Umlauf_Li. R_MD_(Bau_Rheinstraßenbrücke)_220523_Bus_Kurs O-11.csv;0.9
;384.0;07:34:24;7;3.525;50.0;45.0;0.979;-0.99;2307.965;-4.442;49.854014;8.640931;T;Rüdesheimer Straße;asphalt;secondary;;;;B;Umlauf_Li. R_MD_(Bau_Rheinstraßenbrücke)_220523_Bus_Kurs O-11.csv;0.9
;385.0;07:34:25;7;0.0;50.0;45.0;0.0;-0.49;2310.179;-4.41;49.854019;8.640901;W;Darmstadt Schiebelhuthweg;asphalt;secondary;Halt: Darmstadt Schiebelhuthweg;;;Stand;Umlauf_Li. R_MD_(Bau_Rheinstraßenbrücke)_220523_Bus_Kurs O-11.csv;0.9
;386.0;07:34:26;7;0.0;50.0;45.0;0.0;0.0;2310.179;-4.41;49.854019;8.640901;W;Darmstadt Schiebelhuthweg;asphalt;secondary;Halt: Darmstadt Schiebelhuthweg;;;Stand;Umlauf_Li. R_MD_(Bau_Rheinstraßenbrücke)_220523_Bus_Kurs O-11.csv;0.9
;387.0;07:34:27;7;0.0;50.0;45.0;0.0;0.0;2310.179;-4.41;49.854019;8.640901;W;Darmstadt Schiebelhuthweg;asphalt;secondary;Halt: Darmstadt Schiebelhuthweg;;;Stand;Umlauf_Li. R_MD_(Bau_Rheinstraßenbrücke)_220523_Bus_Kurs O-11.csv;0.9
;388.0;07:34:28;7;0.0;50.0;45.0;0.0;0.0;2310.179;-4.41;49.854019;8.640901;W;Darmstadt Schiebelhuthweg;asphalt;secondary;Halt: Darmstadt Schiebelhuthweg;;;Stand;Umlauf_Li. R_MD_(Bau_Rheinstraßenbrücke)_220523_Bus_Kurs O-11.csv;0.9
;389.0;07:34:29;7;0.0;50.0;45.0;0.0;0.0;2310.179;-4.41;49.854019;8.640901;W;Darmstadt Schiebelhuthweg;asphalt;secondary;Halt: Darmstadt Schiebelhuthweg;;;Stand;Umlauf_Li. R_MD_(Bau_Rheinstraßenbrücke)_220523_Bus_Kurs O-11.csv;0.9
;390.0;07:34:30;7;0.0;50.0;45.0;0.0;0.0;2310.179;-4.41;49.854019;8.640901;W;Darmstadt Schiebelhuthweg;asphalt;secondary;Halt: Darmstadt Schiebelhuthweg;;;Stand;Umlauf_Li. R_MD_(Bau_Rheinstraßenbrücke)_220523_Bus_Kurs O-11.csv;0.9
;391.0;07:34:31;7;0.0;50.0;45.0;0.0;0.0;2310.179;-4.41;49.854019;8.640901;W;Darmstadt Schiebelhuthweg;asphalt;secondary;Halt: Darmstadt Schiebelhuthweg;;;Stand;Umlauf_Li. R_MD_(Bau_Rheinstraßenbrücke)_220523_Bus_Kurs O-11.csv;0.9
;392.0;07:34:32;7;0.0;50.0;45.0;0.0;0.0;2310.179;-4.41;49.854019;8.640901;W;Darmstadt Schiebelhuthweg;asphalt;secondary;Halt: Darmstadt Schiebelhuthweg;;;Stand;Umlauf_Li. R_MD_(Bau_Rheinstraßenbrücke)_220523_Bus_Kurs O-11.csv;0.9
;393.0;07:34:33;7;0.0;50.0;45.0;0.0;0.0;2310.179;-4.41;49.854019;8.640901;W;Darmstadt Schiebelhuthweg;asphalt;secondary;Halt: Darmstadt Schiebelhuthweg;;;Stand;Umlauf_Li. R_MD_(Bau_Rheinstraßenbrücke)_220523_Bus_Kurs O-11.csv;0.9
;394.0;07:34:34;7;0.0;50.0;45.0;0.0;0.0;2310.179;-4.41;49.854019;8.640901;W;Darmstadt Schiebelhuthweg;asphalt;secondary;Halt: Darmstadt Schiebelhuthweg;;;Stand;Umlauf_Li. R_MD_(Bau_Rheinstraßenbrücke)_220523_Bus_Kurs O-11.csv;0.9
;395.0;07:34:35;7;0.0;50.0;45.0;0.0;0.0;2310.179;-4.41;49.854019;8.640901;W;Darmstadt Schiebelhuthweg;asphalt;secondary;Halt: Darmstadt Schiebelhuthweg;;;Stand;Umlauf_Li. R_MD_(Bau_Rheinstraßenbrücke)_220523_Bus_Kurs O-11.csv;0.9
;396.0;07:34:36;7;0.0;50.0;45.0;0.0;0.0;2310.179;-4.41;49.854019;8.640901;W;Darmstadt Schiebelhuthweg;asphalt;secondary;Halt: Darmstadt Schiebelhuthweg;;;Stand;Umlauf_Li. R_MD_(Bau_Rheinstraßenbrücke)_220523_Bus_Kurs O-11.csv;0.9
;397.0;07:34:37;7;0.0;50.0;45.0;0.0;0.0;2310.179;-4.41;49.854019;8.640901;W;Darmstadt Schiebelhuthweg;asphalt;secondary;Halt: Darmstadt Schiebelhuthweg;;;Stand;Umlauf_Li. R_MD_(Bau_Rheinstraßenbrücke)_220523_Bus_Kurs O-11.csv;0.9
;398.0;07:34:38;7;0.0;50.0;45.0;0.0;0.0;2310.179;-4.41;49.854019;8.640901;W;Darmstadt Schiebelhuthweg;asphalt;secondary;Halt: Darmstadt Schiebelhuthweg;;;Stand;Umlauf_Li. R_MD_(Bau_Rheinstraßenbrücke)_220523_Bus_Kurs O-11.csv;0.9
;399.0;07:34:39;7;0.0;50.0;45.0;0.0;0.0;2310.179;-4.41;49.854019;8.640901;W;Darmstadt Schiebelhuthweg;asphalt;secondary;Halt: Darmstadt Schiebelhuthweg;;;Stand;Umlauf_Li. R_MD_(Bau_Rheinstraßenbrücke)_220523_Bus_Kurs O-11.csv;0.9
;400.0;07:34:40;7;0.0;50.0;45.0;0.0;0.0;2310.179;-4.41;49.854019;8.640901;W;Darmstadt Schiebelhuthweg;asphalt;secondary;Halt: Darmstadt Schiebelhuthweg;;;Stand;Umlauf_Li. R_MD_(Bau_Rheinstraßenbrücke)_220523_Bus_Kurs O-11.csv;0.9
;401.0;07:34:41;7;0.0;50.0;45.0;0.0;0.0;2310.179;-4.41;49.854019;8.640901;W;Darmstadt Schiebelhuthweg;asphalt;secondary;Halt: Darmstadt Schiebelhuthweg;;;Stand;Umlauf_Li. R_MD_(Bau_Rheinstraßenbrücke)_220523_Bus_Kurs O-11.csv;0.9
;402.0;07:34:42;7;0.0;50.0;45.0;0.0;0.0;2310.179;-4.41;49.854019;8.640901;W;Darmstadt Schiebelhuthweg;asphalt;secondary;Halt: Darmstadt Schiebelhuthweg;;;Stand;Umlauf_Li. R_MD_(Bau_Rheinstraßenbrücke)_220523_Bus_Kurs O-11.csv;0.9
;403.0;07:34:43;7;0.0;50.0;45.0;0.0;0.0;2310.179;-4.41;49.854019;8.640901;W;Darmstadt Schiebelhuthweg;asphalt;secondary;Halt: Darmstadt Schiebelhuthweg;;;Stand;Umlauf_Li. R_MD_(Bau_Rheinstraßenbrücke)_220523_Bus_Kurs O-11.csv;0.9
;404.0;07:34:44;7;0.0;50.0;45.0;0.0;0.0;2310.179;-4.41;49.854019;8.640901;W;Darmstadt Schiebelhuthweg;asphalt;secondary;Halt: Darmstadt Schiebelhuthweg;;;Stand;Umlauf_Li. R_MD_(Bau_Rheinstraßenbrücke)_220523_Bus_Kurs O-11.csv;0.9
;405.0;07:34:45;7;0.0;50.0;45.0;0.0;0.0;2310.179;-4.41;49.854019;8.640901;W;Darmstadt Schiebelhuthweg;asphalt;secondary;Halt: Darmstadt Schiebelhuthweg;;;Stand;Umlauf_Li. R_MD_(Bau_Rheinstraßenbrücke)_220523_Bus_Kurs O-11.csv;0.9
;406.0;07:34:46;7;0.0;50.0;45.0;0.0;0.013;2310.179;-4.41;49.854019;8.640901;W;Darmstadt Schiebelhuthweg;asphalt;secondary;Halt: Darmstadt Schiebelhuthweg;;;Stand;Umlauf_Li. R_MD_(Bau_Rheinstraßenbrücke)_220523_Bus_Kurs O-11.csv;0.9
;407.0;07:34:47;7;0.09;50.0;45.0;0.025;0.613;2310.217;-4.412;49.854019;8.640901;W;Darmstadt Schiebelhuthweg;asphalt;secondary;Halt: Darmstadt Schiebelhuthweg;;;Stand;Umlauf_Li. R_MD_(Bau_Rheinstraßenbrücke)_220523_Bus_Kurs O-11.csv;0.9
;408.0;07:34:48;7;4.41;50.0;45.0;1.225;1.2;2312.018;-4.502;49.854026;8.640878;W;Darmstadt Schiebelhuthweg;asphalt;secondary;Halt: Darmstadt Schiebelhuthweg;;;Acc;Umlauf_Li. R_MD_(Bau_Rheinstraßenbrücke)_220523_Bus_Kurs O-11.csv;0.9
;409.0;07:34:49;7;8.73;50.0;45.0;2.425;1.2;2313.819;-4.592;49.854033;8.640855;W;Darmstadt Schiebelhuthweg;asphalt;secondary;Halt: Darmstadt Schiebelhuthweg;;;Acc;Umlauf_Li. R_MD_(Bau_Rheinstraßenbrücke)_220523_Bus_Kurs O-11.csv;0.9
;410.0;07:34:50;7;13.05;50.0;45.0;3.625;1.2;2315.686;-4.682;49.854041;8.640832;T;Schiebelhuthweg (Bussteig Nord);asphalt;secondary;;;;Acc;Umlauf_Li. R_MD_(Bau_Rheinstraßenbrücke)_220523_Bus_Kurs O-11.csv;0.9
;411.0;07:34:51;7;17.37;50.0;45.0;4.825;1.2;2320.905;-4.778;49.854068;8.640773;T;Schiebelhuthweg (Bussteig Nord);asphalt;secondary;;;;Acc;Umlauf_Li. R_MD_(Bau_Rheinstraßenbrücke)_220523_Bus_Kurs O-11.csv;0.9
;412.0;07:34:52;7;21.69;50.0;45.0;6.025;1.2;2326.124;-4.875;49.854096;8.640715;T;Schiebelhuthweg (Bussteig Nord);asphalt;secondary;;;;Acc;Umlauf_Li. R_MD_(Bau_Rheinstraßenbrücke)_220523_Bus_Kurs O-11.csv;0.9
;413.0;07:34:53;7;26.01;50.0;45.0;7.225;1.2;2332.158;-4.903;49.854124;8.640643;T;Rüdesheimer Straße;asphalt;secondary;;;;Acc;Umlauf_Li. R_MD_(Bau_Rheinstraßenbrücke)_220523_Bus_Kurs O-11.csv;0.9
;414.0;07:34:54;7;30.33;50.0;45.0;8.425;1.2;2339.892;-4.79;49.85415;8.640543;T;Rüdesheimer Straße;asphalt;secondary;;;;Acc;Umlauf_Li. R_MD_(Bau_Rheinstraßenbrücke)_220523_Bus_Kurs O-11.csv;0.9
;415.0;07:34:55;7;34.65;50.0;45.0;9.625;1.2;2349.015;-4.114;49.854187;8.640429;T;Rüdesheimer Straße;asphalt;secondary;;;;Acc;Umlauf_Li. R_MD_(Bau_Rheinstraßenbrücke)_220523_Bus_Kurs O-11.csv;0.9
;416.0;07:34:56;7;38.97;50.0;45.0;10.825;1.147;2359.194;-3.768;49.854228;8.640302;T;Rüdesheimer Straße;asphalt;secondary;;;;Acc;Umlauf_Li. R_MD_(Bau_Rheinstraßenbrücke)_220523_Bus_Kurs O-11.csv;0.9
;417.0;07:34:57;7;42.911;50.0;45.0;11.92;0.837;2370.528;-3.589;49.854274;8.640161;T;Rüdesheimer Straße;asphalt;secondary;;;;Acc;Umlauf_Li. R_MD_(Bau_Rheinstraßenbrücke)_220523_Bus_Kurs O-11.csv;0.9
;418.0;07:34:58;7;45.0;50.0;45.0;12.5;0.29;2382.731;-3.078;49.854324;8.640009;T;Rüdesheimer Straße;asphalt;secondary;;;;Acc;Umlauf_Li. R_MD_(Bau_Rheinstraßenbrücke)_220523_Bus_Kurs O-11.csv;0.9
;419.0;07:34:59;7;45.0;50.0;45.0;12.5;0.0;2395.231;-2.508;49.854376;8.639855;T;Rüdesheimer Straße;asphalt;secondary;;;;Cruise;Umlauf_Li. R_MD_(Bau_Rheinstraßenbrücke)_220523_Bus_Kurs O-11.csv;0.9
;420.0;07:35:00;7;45.0;50.0;45.0;12.5;0.0;2407.731;-1.835;49.854431;8.639703;T;Rüdesheimer Straße;asphalt;secondary;;;;Cruise;Umlauf_Li. R_MD_(Bau_Rheinstraßenbrücke)_220523_Bus_Kurs O-11.csv;0.9
;421.0;07:35:01;7;45.0;50.0;45.0;12.5;0.0;2420.231;-1.31;49.854486;8.639551;T;Rüdesheimer Straße;asphalt;secondary;;;;Cruise;Umlauf_Li. R_MD_(Bau_Rheinstraßenbrücke)_220523_Bus_Kurs O-11.csv;0.9
;422.0;07:35:02;7;45.0;50.0;45.0;12.5;0.0;2432.731;-1.031;49.854541;8.639399;T;Rüdesheimer Straße;asphalt;secondary;;;;Cruise;Umlauf_Li. R_MD_(Bau_Rheinstraßenbrücke)_220523_Bus_Kurs O-11.csv;0.9
;423.0;07:35:03;7;45.0;50.0;45.0;12.5;0.0;2445.231;-0.851;49.854596;8.639247;T;Rüdesheimer Straße;asphalt;secondary;;;;Cruise;Umlauf_Li. R_MD_(Bau_Rheinstraßenbrücke)_220523_Bus_Kurs O-11.csv;0.9
;424.0;07:35:04;7;45.0;50.0;45.0;12.5;0.0;2457.731;-0.74;49.854652;8.639096;T;Rüdesheimer Straße;asphalt;secondary;;;;Cruise;Umlauf_Li. R_MD_(Bau_Rheinstraßenbrücke)_220523_Bus_Kurs O-11.csv;0.9
;425.0;07:35:05;7;45.0;50.0;45.0;12.5;-0.02;2470.231;-0.629;49.854708;8.638945;T;Rüdesheimer Straße;asphalt;secondary;;;;Cruise;Umlauf_Li. R_MD_(Bau_Rheinstraßenbrücke)_220523_Bus_Kurs O-11.csv;0.9
;426.0;07:35:06;7;44.855;50.0;45.0;12.46;-0.245;2482.707;-0.24;49.854764;8.638794;T;Rüdesheimer Straße;asphalt;secondary;;;;B;Umlauf_Li. R_MD_(Bau_Rheinstraßenbrücke)_220523_Bus_Kurs O-11.csv;0.9
;427.0;07:35:07;7;43.237;50.0;45.0;12.01;-0.7;2494.942;0.21;49.854819;8.638646;T;Rüdesheimer Straße;asphalt;secondary;;;;B;Umlauf_Li. R_MD_(Bau_Rheinstraßenbrücke)_220523_Bus_Kurs O-11.csv;0.9
;428.0;07:35:08;7;39.812;50.0;45.0;11.059;-0.976;2506.362;0.496;49.85487;8.638508;T;Rüdesheimer Straße;asphalt;secondary;;;;B;Umlauf_Li. R_MD_(Bau_Rheinstraßenbrücke)_220523_Bus_Kurs O-11.csv;0.9
;429.0;07:35:09;7;36.212;50.0;45.0;10.059;-1.0;2516.965;0.837;49.854913;8.638376;T;Rüdesheimer Straße;asphalt;secondary;;;;B;Umlauf_Li. R_MD_(Bau_Rheinstraßenbrücke)_220523_Bus_Kurs O-11.csv;0.9
;430.0;07:35:10;7;32.612;50.0;45.0;9.059;-1.0;2526.488;1.191;49.854948;8.638254;T;;asphalt;secondary;;;;B;Umlauf_Li. R_MD_(Bau_Rheinstraßenbrücke)_220523_Bus_Kurs O-11.csv;0.9
;431.0;07:35:11;7;29.012;50.0;45.0;8.059;-1.0;2535.063;1.103;49.854982;8.638147;T;Rüdesheimer Straße;asphalt;secondary;;;;B;Umlauf_Li. R_MD_(Bau_Rheinstraßenbrücke)_220523_Bus_Kurs O-11.csv;0.9
;432.0;07:35:12;7;25.412;50.0;45.0;7.059;-1.0;2542.583;0.626;49.855015;8.638056;T;;asphalt;secondary;;;;B;Umlauf_Li. R_MD_(Bau_Rheinstraßenbrücke)_220523_Bus_Kurs O-11.csv;0.9
;433.0;07:35:13;7;21.812;50.0;45.0;6.059;-1.0;2549.081;0.248;49.855045;8.637979;T;Südbahnhof;asphalt;secondary;;;;B;Umlauf_Li. R_MD_(Bau_Rheinstraßenbrücke)_220523_Bus_Kurs O-11.csv;0.9
;434.0;07:35:14;7;18.212;50.0;45.0;5.059;-1.0;2554.505;0.141;49.855074;8.637917;T;Südbahnhof;asphalt;secondary;;;;B;Umlauf_Li. R_MD_(Bau_Rheinstraßenbrücke)_220523_Bus_Kurs O-11.csv;0.9
;435.0;07:35:15;7;14.612;50.0;45.0;4.059;-1.0;2558.561;0.064;49.855095;8.637871;T;;asphalt;secondary;;;;B;Umlauf_Li. R_MD_(Bau_Rheinstraßenbrücke)_220523_Bus_Kurs O-11.csv;0.9
;436.0;07:35:16;7;11.012;50.0;45.0;3.059;-1.0;2560.806;0.026;49.855107;8.637846;T;;asphalt;secondary;;;;B;Umlauf_Li. R_MD_(Bau_Rheinstraßenbrücke)_220523_Bus_Kurs O-11.csv;0.9
;437.0;07:35:17;7;7.412;50.0;45.0;2.059;-1.0;2563.05;-0.012;49.855119;8.63782;T;;asphalt;secondary;;;;B;Umlauf_Li. R_MD_(Bau_Rheinstraßenbrücke)_220523_Bus_Kurs O-11.csv;0.9
;438.0;07:35:18;7;3.812;50.0;45.0;1.059;-1.0;2565.295;-0.05;49.85513;8.637795;T;;asphalt;secondary;;;;B;Umlauf_Li. R_MD_(Bau_Rheinstraßenbrücke)_220523_Bus_Kurs O-11.csv;0.9
;439.0;07:35:19;7;0.212;50.0;45.0;0.059;-0.53;2567.539;-0.088;49.855142;8.637769;T;;asphalt;secondary;;;;Stand;Umlauf_Li. R_MD_(Bau_Rheinstraßenbrücke)_220523_Bus_Kurs O-11.csv;0.9
;440.0;07:35:20;7;0.0;50.0;45.0;0.0;-0.03;2567.672;-0.09;49.855143;8.637768;W;Darmstadt Südbahnhof;asphalt;secondary;Halt: Darmstadt Südbahnhof;07:35:00;07:35:00;Stand;Umlauf_Li. R_MD_(Bau_Rheinstraßenbrücke)_220523_Bus_Kurs O-11.csv;0.9
;441.0;07:35:21;7;0.0;50.0;45.0;0.0;0.0;2567.672;-0.09;49.855143;8.637768;W;Darmstadt Südbahnhof;asphalt;secondary;Halt: Darmstadt Südbahnhof;07:35:00;07:35:00;Stand;Umlauf_Li. R_MD_(Bau_Rheinstraßenbrücke)_220523_Bus_Kurs O-11.csv;0.9
;442.0;07:35:22;7;0.0;50.0;45.0;0.0;0.0;2567.672;-0.09;49.855143;8.637768;W;Darmstadt Südbahnhof;asphalt;secondary;Halt: Darmstadt Südbahnhof;07:35:00;07:35:00;Stand;Umlauf_Li. R_MD_(Bau_Rheinstraßenbrücke)_220523_Bus_Kurs O-11.csv;0.9
;443.0;07:35:23;7;0.0;50.0;45.0;0.0;0.0;2567.672;-0.09;49.855143;8.637768;W;Darmstadt Südbahnhof;asphalt;secondary;Halt: Darmstadt Südbahnhof;07:35:00;07:35:00;Stand;Umlauf_Li. R_MD_(Bau_Rheinstraßenbrücke)_220523_Bus_Kurs O-11.csv;0.9
;444.0;07:35:24;7;0.0;50.0;45.0;0.0;0.0;2567.672;-0.09;49.855143;8.637768;W;Darmstadt Südbahnhof;asphalt;secondary;Halt: Darmstadt Südbahnhof;07:35:00;07:35:00;Stand;Umlauf_Li. R_MD_(Bau_Rheinstraßenbrücke)_220523_Bus_Kurs O-11.csv;0.9
;445.0;07:35:25;7;0.0;50.0;45.0;0.0;0.0;2567.672;-0.09;49.855143;8.637768;W;Darmstadt Südbahnhof;asphalt;secondary;Halt: Darmstadt Südbahnhof;07:35:00;07:35:00;Stand;Umlauf_Li. R_MD_(Bau_Rheinstraßenbrücke)_220523_Bus_Kurs O-11.csv;0.9
;446.0;07:35:26;7;0.0;50.0;45.0;0.0;0.0;2567.672;-0.09;49.855143;8.637768;W;Darmstadt Südbahnhof;asphalt;secondary;Halt: Darmstadt Südbahnhof;07:35:00;07:35:00;Stand;Umlauf_Li. R_MD_(Bau_Rheinstraßenbrücke)_220523_Bus_Kurs O-11.csv;0.9
;447.0;07:35:27;7;0.0;50.0;45.0;0.0;0.0;2567.672;-0.09;49.855143;8.637768;W;Darmstadt Südbahnhof;asphalt;secondary;Halt: Darmstadt Südbahnhof;07:35:00;07:35:00;Stand;Umlauf_Li. R_MD_(Bau_Rheinstraßenbrücke)_220523_Bus_Kurs O-11.csv;0.9
;448.0;07:35:28;7;0.0;50.0;45.0;0.0;0.0;2567.672;-0.09;49.855143;8.637768;W;Darmstadt Südbahnhof;asphalt;secondary;Halt: Darmstadt Südbahnhof;07:35:00;07:35:00;Stand;Umlauf_Li. R_MD_(Bau_Rheinstraßenbrücke)_220523_Bus_Kurs O-11.csv;0.9
;449.0;07:35:29;7;0.0;50.0;45.0;0.0;0.0;2567.672;-0.09;49.855143;8.637768;W;Darmstadt Südbahnhof;asphalt;secondary;Halt: Darmstadt Südbahnhof;07:35:00;07:35:00;Stand;Umlauf_Li. R_MD_(Bau_Rheinstraßenbrücke)_220523_Bus_Kurs O-11.csv;0.9
;450.0;07:35:30;7;0.0;50.0;45.0;0.0;0.0;2567.672;-0.09;49.855143;8.637768;W;Darmstadt Südbahnhof;asphalt;secondary;Halt: Darmstadt Südbahnhof;07:35:00;07:35:00;Stand;Umlauf_Li. R_MD_(Bau_Rheinstraßenbrücke)_220523_Bus_Kurs O-11.csv;0.9
;451.0;07:35:31;7;0.0;50.0;45.0;0.0;0.0;2567.672;-0.09;49.855143;8.637768;W;Darmstadt Südbahnhof;asphalt;secondary;Halt: Darmstadt Südbahnhof;07:35:00;07:35:00;Stand;Umlauf_Li. R_MD_(Bau_Rheinstraßenbrücke)_220523_Bus_Kurs O-11.csv;0.9
;452.0;07:35:32;7;0.0;50.0;45.0;0.0;0.0;2567.672;-0.09;49.855143;8.637768;W;Darmstadt Südbahnhof;asphalt;secondary;Halt: Darmstadt Südbahnhof;07:35:00;07:35:00;Stand;Umlauf_Li. R_MD_(Bau_Rheinstraßenbrücke)_220523_Bus_Kurs O-11.csv;0.9
;453.0;07:35:33;7;0.0;50.0;45.0;0.0;0.0;2567.672;-0.09;49.855143;8.637768;W;Darmstadt Südbahnhof;asphalt;secondary;Halt: Darmstadt Südbahnhof;07:35:00;07:35:00;Stand;Umlauf_Li. R_MD_(Bau_Rheinstraßenbrücke)_220523_Bus_Kurs O-11.csv;0.9
;454.0;07:35:34;7;0.0;50.0;45.0;0.0;0.0;2567.672;-0.09;49.855143;8.637768;W;Darmstadt Südbahnhof;asphalt;secondary;Halt: Darmstadt Südbahnhof;07:35:00;07:35:00;Stand;Umlauf_Li. R_MD_(Bau_Rheinstraßenbrücke)_220523_Bus_Kurs O-11.csv;0.9
;455.0;07:35:35;7;0.0;50.0;45.0;0.0;0.0;2567.672;-0.09;49.855143;8.637768;W;Darmstadt Südbahnhof;asphalt;secondary;Halt: Darmstadt Südbahnhof;07:35:00;07:35:00;Stand;Umlauf_Li. R_MD_(Bau_Rheinstraßenbrücke)_220523_Bus_Kurs O-11.csv;0.9
;456.0;07:35:36;7;0.0;50.0;45.0;0.0;0.0;2567.672;-0.09;49.855143;8.637768;W;Darmstadt Südbahnhof;asphalt;secondary;Halt: Darmstadt Südbahnhof;07:35:00;07:35:00;Stand;Umlauf_Li. R_MD_(Bau_Rheinstraßenbrücke)_220523_Bus_Kurs O-11.csv;0.9
;457.0;07:35:37;7;0.0;50.0;45.0;0.0;0.0;2567.672;-0.09;49.855143;8.637768;W;Darmstadt Südbahnhof;asphalt;secondary;Halt: Darmstadt Südbahnhof;07:35:00;07:35:00;Stand;Umlauf_Li. R_MD_(Bau_Rheinstraßenbrücke)_220523_Bus_Kurs O-11.csv;0.9
;458.0;07:35:38;7;0.0;50.0;45.0;0.0;0.0;2567.672;-0.09;49.855143;8.637768;W;Darmstadt Südbahnhof;asphalt;secondary;Halt: Darmstadt Südbahnhof;07:35:00;07:35:00;Stand;Umlauf_Li. R_MD_(Bau_Rheinstraßenbrücke)_220523_Bus_Kurs O-11.csv;0.9
;459.0;07:35:39;7;0.0;50.0;45.0;0.0;0.0;2567.672;-0.09;49.855143;8.637768;W;Darmstadt Südbahnhof;asphalt;secondary;Halt: Darmstadt Südbahnhof;07:35:00;07:35:00;Stand;Umlauf_Li. R_MD_(Bau_Rheinstraßenbrücke)_220523_Bus_Kurs O-11.csv;0.9
;460.0;07:35:40;7;0.0;50.0;45.0;0.0;0.0;2567.672;-0.09;49.855143;8.637768;W;Darmstadt Südbahnhof;asphalt;secondary;Halt: Darmstadt Südbahnhof;07:35:00;07:35:00;Stand;Umlauf_Li. R_MD_(Bau_Rheinstraßenbrücke)_220523_Bus_Kurs O-11.csv;0.9
;461.0;07:35:41;7;0.0;50.0;45.0;0.0;0.565;2567.672;-0.09;49.855143;8.637768;W;Darmstadt Südbahnhof;asphalt;secondary;Halt: Darmstadt Südbahnhof;07:35:00;07:35:00;Stand;Umlauf_Li. R_MD_(Bau_Rheinstraßenbrücke)_220523_Bus_Kurs O-11.csv;0.9
;462.0;07:35:42;7;4.065;50.0;45.0;1.129;1.165;2570.417;-0.115;49.855155;8.637735;W;Darmstadt Südbahnhof;asphalt;secondary;Halt: Darmstadt Südbahnhof;07:35:00;07:35:00;Acc;Umlauf_Li. R_MD_(Bau_Rheinstraßenbrücke)_220523_Bus_Kurs O-11.csv;0.9
;463.0;07:35:43;7;8.385;50.0;45.0;2.329;1.2;2573.334;-0.142;49.855168;8.637699;W;Darmstadt Südbahnhof;asphalt;secondary;Halt: Darmstadt Südbahnhof;07:35:00;07:35:00;Acc;Umlauf_Li. R_MD_(Bau_Rheinstraßenbrücke)_220523_Bus_Kurs O-11.csv;0.9
;464.0;07:35:44;7;12.705;50.0;45.0;3.529;1.2;2576.251;-0.169;49.855181;8.637664;W;Darmstadt Südbahnhof;asphalt;secondary;Halt: Darmstadt Südbahnhof;07:35:00;07:35:00;Acc;Umlauf_Li. R_MD_(Bau_Rheinstraßenbrücke)_220523_Bus_Kurs O-11.csv;0.9
;465.0;07:35:45;7;17.025;50.0;45.0;4.729;1.2;2579.168;-0.195;49.855194;8.637629;W;Darmstadt Südbahnhof;asphalt;secondary;Halt: Darmstadt Südbahnhof;07:35:00;07:35:00;Acc;Umlauf_Li. R_MD_(Bau_Rheinstraßenbrücke)_220523_Bus_Kurs O-11.csv;0.9
;466.0;07:35:46;7;21.345;50.0;45.0;5.929;1.2;2582.401;-0.226;49.855209;8.63759;A;Rüdesheimer Straße (Ampel);asphalt;secondary;;;;Acc;Umlauf_Li. R_MD_(Bau_Rheinstraßenbrücke)_220523_Bus_Kurs O-11.csv;0.9
;467.0;07:35:47;7;25.665;50.0;45.0;7.129;1.2;2589.304;-0.299;49.855248;8.637515;A;Rüdesheimer Straße (Ampel);asphalt;secondary;;;;Acc;Umlauf_Li. R_MD_(Bau_Rheinstraßenbrücke)_220523_Bus_Kurs O-11.csv;0.9
;468.0;07:35:48;7;29.985;50.0;45.0;8.329;1.2;2596.774;-0.452;49.855291;8.637435;T;;asphalt;tertiary_link;;;;Acc;Umlauf_Li. R_MD_(Bau_Rheinstraßenbrücke)_220523_Bus_Kurs O-11.csv;0.9
;469.0;07:35:49;7;34.305;50.0;45.0;9.529;1.2;2605.585;-0.795;49.855341;8.63734;T;;asphalt;tertiary_link;;;;Acc;Umlauf_Li. R_MD_(Bau_Rheinstraßenbrücke)_220523_Bus_Kurs O-11.csv;0.9
;470.0;07:35:50;7;38.625;50.0;45.0;10.729;1.2;2615.795;-1.666;49.855399;8.63723;T;;asphalt;secondary;;;;Acc;Umlauf_Li. R_MD_(Bau_Rheinstraßenbrücke)_220523_Bus_Kurs O-11.csv;0.9
;471.0;07:35:51;7;42.945;50.0;45.0;11.929;0.859;2627.114;-2.695;49.855478;8.637132;T;Danziger Platz;asphalt;secondary;;;;Acc;Umlauf_Li. R_MD_(Bau_Rheinstraßenbrücke)_220523_Bus_Kurs O-11.csv;0.9
;472.0;07:35:52;7;44.811;50.0;45.0;12.447;0.285;2639.29;-3.278;49.855569;8.637036;T;;asphalt;secondary;;;;Acc;Umlauf_Li. R_MD_(Bau_Rheinstraßenbrücke)_220523_Bus_Kurs O-11.csv;0.9
;473.0;07:35:53;7;45.0;50.0;45.0;12.5;0.026;2651.764;-3.607;49.855662;8.636938;T;;asphalt;secondary;;;;Cruise;Umlauf_Li. R_MD_(Bau_Rheinstraßenbrücke)_220523_Bus_Kurs O-11.csv;0.9
;474.0;07:35:54;7;45.0;50.0;45.0;12.5;0.0;2664.264;-3.834;49.855754;8.63684;T;;asphalt;secondary;;;;Cruise;Umlauf_Li. R_MD_(Bau_Rheinstraßenbrücke)_220523_Bus_Kurs O-11.csv;0.9
;475.0;07:35:55;7;45.0;50.0;45.0;12.5;0.0;2676.764;-3.624;49.855853;8.636758;T;Haardtring;asphalt;secondary;;;;Cruise;Umlauf_Li. R_MD_(Bau_Rheinstraßenbrücke)_220523_Bus_Kurs O-11.csv;0.9
;476.0;07:35:56;7;45.0;50.0;45.0;12.5;0.0;2689.264;-3.112;49.855955;8.636683;T;;asphalt;secondary;;;;Cruise;Umlauf_Li. R_MD_(Bau_Rheinstraßenbrücke)_220523_Bus_Kurs O-11.csv;0.9
;477.0;07:35:57;7;45.0;50.0;45.0;12.5;0.0;2701.764;-2.801;49.856057;8.636611;T;Haardtring;asphalt;secondary;;;;Cruise;Umlauf_Li. R_MD_(Bau_Rheinstraßenbrücke)_220523_Bus_Kurs O-11.csv;0.9
;478.0;07:35:58;7;45.0;50.0;45.0;12.5;0.0;2714.264;-2.588;49.856161;8.636545;T;Haardtring;asphalt;secondary;;;;Cruise;Umlauf_Li. R_MD_(Bau_Rheinstraßenbrücke)_220523_Bus_Kurs O-11.csv;0.9
;479.0;07:35:59;7;45.0;50.0;45.0;12.5;0.0;2726.764;-2.326;49.856266;8.636483;T;Haardtring;asphalt;secondary;;;;Cruise;Umlauf_Li. R_MD_(Bau_Rheinstraßenbrücke)_220523_Bus_Kurs O-11.csv;0.9
;480.0;07:36:00;7;45.0;50.0;45.0;12.5;0.0;2739.264;-1.92;49.856372;8.636422;T;Haardtring;asphalt;secondary;;;;Cruise;Umlauf_Li. R_MD_(Bau_Rheinstraßenbrücke)_220523_Bus_Kurs O-11.csv;0.9
;481.0;07:36:01;7;45.0;50.0;45.0;12.5;0.0;2751.764;-1.319;49.856477;8.63636;T;Haardtring;asphalt;secondary;;;;Cruise;Umlauf_Li. R_MD_(Bau_Rheinstraßenbrücke)_220523_Bus_Kurs O-11.csv;0.9
;482.0;07:36:02;7;45.0;50.0;45.0;12.5;0.0;2764.264;-0.848;49.856582;8.636299;T;Haardtring;asphalt;secondary;;;;Cruise;Umlauf_Li. R_MD_(Bau_Rheinstraßenbrücke)_220523_Bus_Kurs O-11.csv;0.9
;483.0;07:36:03;7;45.0;50.0;45.0;12.5;0.0;2776.764;-0.482;49.856687;8.636237;T;Haardtring;asphalt;secondary;;;;Cruise;Umlauf_Li. R_MD_(Bau_Rheinstraßenbrücke)_220523_Bus_Kurs O-11.csv;0.9
;484.0;07:36:04;7;45.0;50.0;45.0;12.5;0.0;2789.264;-0.32;49.856792;8.636176;T;Haardtring;asphalt;secondary;;;;Cruise;Umlauf_Li. R_MD_(Bau_Rheinstraßenbrücke)_220523_Bus_Kurs O-11.csv;0.9
;485.0;07:36:05;7;45.0;50.0;45.0;12.5;0.0;2801.764;-0.28;49.856897;8.636114;T;Haardtring;asphalt;secondary;;;;Cruise;Umlauf_Li. R_MD_(Bau_Rheinstraßenbrücke)_220523_Bus_Kurs O-11.csv;0.9
;486.0;07:36:06;7;45.0;50.0;45.0;12.5;0.0;2814.264;-0.449;49.857003;8.636053;T;Haardtring;asphalt;secondary;;;;Cruise;Umlauf_Li. R_MD_(Bau_Rheinstraßenbrücke)_220523_Bus_Kurs O-11.csv;0.9
;487.0;07:36:07;7;45.0;50.0;45.0;12.5;0.0;2826.764;-0.838;49.857108;8.635992;T;Haardtring;asphalt;secondary;;;;Cruise;Umlauf_Li. R_MD_(Bau_Rheinstraßenbrücke)_220523_Bus_Kurs O-11.csv;0.9
;488.0;07:36:08;7;45.0;50.0;45.0;12.5;0.0;2839.264;-1.294;49.857213;8.63593;T;Haardtring;asphalt;secondary;;;;Cruise;Umlauf_Li. R_MD_(Bau_Rheinstraßenbrücke)_220523_Bus_Kurs O-11.csv;0.9
;489.0;07:36:09;7;45.0;50.0;45.0;12.5;-0.301;2851.764;-1.647;49.857318;8.635868;T;Haardtring;asphalt;secondary;;;;B;Umlauf_Li. R_MD_(Bau_Rheinstraßenbrücke)_220523_Bus_Kurs O-11.csv;0.9
;490.0;07:36:10;7;42.835;50.0;45.0;11.899;-0.759;2863.902;-1.765;49.85742;8.635809;T;Haardtring;asphalt;secondary;;;;B;Umlauf_Li. R_MD_(Bau_Rheinstraßenbrücke)_220523_Bus_Kurs O-11.csv;0.9
;491.0;07:36:11;7;39.536;50.0;45.0;10.982;-0.958;2875.236;-1.875;49.857516;8.635753;T;Haardtring;asphalt;secondary;;;;B;Umlauf_Li. R_MD_(Bau_Rheinstraßenbrücke)_220523_Bus_Kurs O-11.csv;0.9
;492.0;07:36:12;7;35.936;50.0;45.0;9.982;-1.0;2885.678;-1.972;49.857604;8.635702;T;Haardtring;asphalt;secondary;;;;B;Umlauf_Li. R_MD_(Bau_Rheinstraßenbrücke)_220523_Bus_Kurs O-11.csv;0.9
;493.0;07:36:13;7;32.336;50.0;45.0;8.982;-1.0;2895.4;-2.06;49.857686;8.635654;T;Haardtring;asphalt;secondary;;;;B;Umlauf_Li. R_MD_(Bau_Rheinstraßenbrücke)_220523_Bus_Kurs O-11.csv;0.9
;494.0;07:36:14;7;28.736;50.0;45.0;7.982;-1.0;2903.487;-2.132;49.857754;8.635614;T;Haardtring;asphalt;secondary;;;;B;Umlauf_Li. R_MD_(Bau_Rheinstraßenbrücke)_220523_Bus_Kurs O-11.csv;0.9
;495.0;07:36:15;7;25.136;50.0;45.0;6.982;-1.0;2911.14;-2.158;49.857817;8.635574;T;Haardtring;asphalt;secondary;;;;B;Umlauf_Li. R_MD_(Bau_Rheinstraßenbrücke)_220523_Bus_Kurs O-11.csv;0.9
;496.0;07:36:16;7;21.536;50.0;45.0;5.982;-1.0;2917.067;-1.994;49.857864;8.635534;T;Haardtring;asphalt;secondary;;;;B;Umlauf_Li. R_MD_(Bau_Rheinstraßenbrücke)_220523_Bus_Kurs O-11.csv;0.9
;497.0;07:36:17;7;17.936;50.0;45.0;4.982;-1.0;2922.994;-1.83;49.857911;8.635494;T;Haardtring;asphalt;secondary;;;;B;Umlauf_Li. R_MD_(Bau_Rheinstraßenbrücke)_220523_Bus_Kurs O-11.csv;0.9
;498.0;07:36:18;7;14.336;50.0;45.0;3.982;-1.0;2926.438;-1.453;49.857937;8.63547;T;Haardtring;asphalt;secondary;;;;B;Umlauf_Li. R_MD_(Bau_Rheinstraßenbrücke)_220523_Bus_Kurs O-11.csv;0.9
;499.0;07:36:19;7;10.736;50.0;45.0;2.982;-1.0;2928.775;-0.98;49.857955;8.635453;T;Haardtring;asphalt;secondary;;;;B;Umlauf_Li. R_MD_(Bau_Rheinstraßenbrücke)_220523_Bus_Kurs O-11.csv;0.9
;500.0;07:36:20;7;7.136;50.0;45.0;1.982;-1.0;2931.112;-0.507;49.857973;8.635437;T;Haardtring;asphalt;secondary;;;;B;Umlauf_Li. R_MD_(Bau_Rheinstraßenbrücke)_220523_Bus_Kurs O-11.csv;0.9
;501.0;07:36:21;7;3.536;50.0;45.0;0.982;-0.991;2933.449;-0.034;49.857991;8.63542;T;Haardtring;asphalt;secondary;;;;B;Umlauf_Li. R_MD_(Bau_Rheinstraßenbrücke)_220523_Bus_Kurs O-11.csv;0.9
;502.0;07:36:22;7;0.0;50.0;45.0;0.0;-0.491;2935.744;0.43;49.858009;8.635403;W;Darmstadt Haardtring;asphalt;secondary;Halt: Darmstadt Haardtring;;;Stand;Umlauf_Li. R_MD_(Bau_Rheinstraßenbrücke)_220523_Bus_Kurs O-11.csv;0.9
;503.0;07:36:23;7;0.0;50.0;45.0;0.0;0.0;2935.744;0.43;49.858009;8.635403;W;Darmstadt Haardtring;asphalt;secondary;Halt: Darmstadt Haardtring;;;Stand;Umlauf_Li. R_MD_(Bau_Rheinstraßenbrücke)_220523_Bus_Kurs O-11.csv;0.9
;504.0;07:36:24;7;0.0;50.0;45.0;0.0;0.0;2935.744;0.43;49.858009;8.635403;W;Darmstadt Haardtring;asphalt;secondary;Halt: Darmstadt Haardtring;;;Stand;Umlauf_Li. R_MD_(Bau_Rheinstraßenbrücke)_220523_Bus_Kurs O-11.csv;0.9
;505.0;07:36:25;7;0.0;50.0;45.0;0.0;0.0;2935.744;0.43;49.858009;8.635403;W;Darmstadt Haardtring;asphalt;secondary;Halt: Darmstadt Haardtring;;;Stand;Umlauf_Li. R_MD_(Bau_Rheinstraßenbrücke)_220523_Bus_Kurs O-11.csv;0.9
;506.0;07:36:26;7;0.0;50.0;45.0;0.0;0.0;2935.744;0.43;49.858009;8.635403;W;Darmstadt Haardtring;asphalt;secondary;Halt: Darmstadt Haardtring;;;Stand;Umlauf_Li. R_MD_(Bau_Rheinstraßenbrücke)_220523_Bus_Kurs O-11.csv;0.9
;507.0;07:36:27;7;0.0;50.0;45.0;0.0;0.0;2935.744;0.43;49.858009;8.635403;W;Darmstadt Haardtring;asphalt;secondary;Halt: Darmstadt Haardtring;;;Stand;Umlauf_Li. R_MD_(Bau_Rheinstraßenbrücke)_220523_Bus_Kurs O-11.csv;0.9
;508.0;07:36:28;7;0.0;50.0;45.0;0.0;0.0;2935.744;0.43;49.858009;8.635403;W;Darmstadt Haardtring;asphalt;secondary;Halt: Darmstadt Haardtring;;;Stand;Umlauf_Li. R_MD_(Bau_Rheinstraßenbrücke)_220523_Bus_Kurs O-11.csv;0.9
;509.0;07:36:29;7;0.0;50.0;45.0;0.0;0.0;2935.744;0.43;49.858009;8.635403;W;Darmstadt Haardtring;asphalt;secondary;Halt: Darmstadt Haardtring;;;Stand;Umlauf_Li. R_MD_(Bau_Rheinstraßenbrücke)_220523_Bus_Kurs O-11.csv;0.9
;510.0;07:36:30;7;0.0;50.0;45.0;0.0;0.0;2935.744;0.43;49.858009;8.635403;W;Darmstadt Haardtring;asphalt;secondary;Halt: Darmstadt Haardtring;;;Stand;Umlauf_Li. R_MD_(Bau_Rheinstraßenbrücke)_220523_Bus_Kurs O-11.csv;0.9
;511.0;07:36:31;7;0.0;50.0;45.0;0.0;0.0;2935.744;0.43;49.858009;8.635403;W;Darmstadt Haardtring;asphalt;secondary;Halt: Darmstadt Haardtring;;;Stand;Umlauf_Li. R_MD_(Bau_Rheinstraßenbrücke)_220523_Bus_Kurs O-11.csv;0.9
;512.0;07:36:32;7;0.0;50.0;45.0;0.0;0.0;2935.744;0.43;49.858009;8.635403;W;Darmstadt Haardtring;asphalt;secondary;Halt: Darmstadt Haardtring;;;Stand;Umlauf_Li. R_MD_(Bau_Rheinstraßenbrücke)_220523_Bus_Kurs O-11.csv;0.9
;513.0;07:36:33;7;0.0;50.0;45.0;0.0;0.0;2935.744;0.43;49.858009;8.635403;W;Darmstadt Haardtring;asphalt;secondary;Halt: Darmstadt Haardtring;;;Stand;Umlauf_Li. R_MD_(Bau_Rheinstraßenbrücke)_220523_Bus_Kurs O-11.csv;0.9
;514.0;07:36:34;7;0.0;50.0;45.0;0.0;0.0;2935.744;0.43;49.858009;8.635403;W;Darmstadt Haardtring;asphalt;secondary;Halt: Darmstadt Haardtring;;;Stand;Umlauf_Li. R_MD_(Bau_Rheinstraßenbrücke)_220523_Bus_Kurs O-11.csv;0.9
;515.0;07:36:35;7;0.0;50.0;45.0;0.0;0.0;2935.744;0.43;49.858009;8.635403;W;Darmstadt Haardtring;asphalt;secondary;Halt: Darmstadt Haardtring;;;Stand;Umlauf_Li. R_MD_(Bau_Rheinstraßenbrücke)_220523_Bus_Kurs O-11.csv;0.9
;516.0;07:36:36;7;0.0;50.0;45.0;0.0;0.0;2935.744;0.43;49.858009;8.635403;W;Darmstadt Haardtring;asphalt;secondary;Halt: Darmstadt Haardtring;;;Stand;Umlauf_Li. R_MD_(Bau_Rheinstraßenbrücke)_220523_Bus_Kurs O-11.csv;0.9
;517.0;07:36:37;7;0.0;50.0;45.0;0.0;0.0;2935.744;0.43;49.858009;8.635403;W;Darmstadt Haardtring;asphalt;secondary;Halt: Darmstadt Haardtring;;;Stand;Umlauf_Li. R_MD_(Bau_Rheinstraßenbrücke)_220523_Bus_Kurs O-11.csv;0.9
;518.0;07:36:38;7;0.0;50.0;45.0;0.0;0.0;2935.744;0.43;49.858009;8.635403;W;Darmstadt Haardtring;asphalt;secondary;Halt: Darmstadt Haardtring;;;Stand;Umlauf_Li. R_MD_(Bau_Rheinstraßenbrücke)_220523_Bus_Kurs O-11.csv;0.9
;519.0;07:36:39;7;0.0;50.0;45.0;0.0;0.0;2935.744;0.43;49.858009;8.635403;W;Darmstadt Haardtring;asphalt;secondary;Halt: Darmstadt Haardtring;;;Stand;Umlauf_Li. R_MD_(Bau_Rheinstraßenbrücke)_220523_Bus_Kurs O-11.csv;0.9
;520.0;07:36:40;7;0.0;50.0;45.0;0.0;0.0;2935.744;0.43;49.858009;8.635403;W;Darmstadt Haardtring;asphalt;secondary;Halt: Darmstadt Haardtring;;;Stand;Umlauf_Li. R_MD_(Bau_Rheinstraßenbrücke)_220523_Bus_Kurs O-11.csv;0.9
;521.0;07:36:41;7;0.0;50.0;45.0;0.0;0.0;2935.744;0.43;49.858009;8.635403;W;Darmstadt Haardtring;asphalt;secondary;Halt: Darmstadt Haardtring;;;Stand;Umlauf_Li. R_MD_(Bau_Rheinstraßenbrücke)_220523_Bus_Kurs O-11.csv;0.9
;522.0;07:36:42;7;0.0;50.0;45.0;0.0;0.0;2935.744;0.43;49.858009;8.635403;W;Darmstadt Haardtring;asphalt;secondary;Halt: Darmstadt Haardtring;;;Stand;Umlauf_Li. R_MD_(Bau_Rheinstraßenbrücke)_220523_Bus_Kurs O-11.csv;0.9
;523.0;07:36:43;7;0.0;50.0;45.0;0.0;0.011;2935.744;0.43;49.858009;8.635403;W;Darmstadt Haardtring;asphalt;secondary;Halt: Darmstadt Haardtring;;;Stand;Umlauf_Li. R_MD_(Bau_Rheinstraßenbrücke)_220523_Bus_Kurs O-11.csv;0.9
;524.0;07:36:44;7;0.077;50.0;45.0;0.021;0.611;2935.762;0.437;49.858009;8.635403;W;Darmstadt Haardtring;asphalt;secondary;Halt: Darmstadt Haardtring;;;Stand;Umlauf_Li. R_MD_(Bau_Rheinstraßenbrücke)_220523_Bus_Kurs O-11.csv;0.9
;525.0;07:36:45;7;4.397;50.0;45.0;1.221;1.2;2936.776;0.804;49.858013;8.635416;W;Darmstadt Haardtring;asphalt;secondary;Halt: Darmstadt Haardtring;;;Acc;Umlauf_Li. R_MD_(Bau_Rheinstraßenbrücke)_220523_Bus_Kurs O-11.csv;0.9
;526.0;07:36:46;7;8.717;50.0;45.0;2.421;1.2;2938.634;1.141;49.858025;8.635419;T;Haardtring;asphalt;secondary;;;;Acc;Umlauf_Li. R_MD_(Bau_Rheinstraßenbrücke)_220523_Bus_Kurs O-11.csv;0.9
;527.0;07:36:47;7;13.037;50.0;45.0;3.621;1.2;2942.218;1.418;49.858055;8.635401;T;Haardtring;asphalt;secondary;;;;Acc;Umlauf_Li. R_MD_(Bau_Rheinstraßenbrücke)_220523_Bus_Kurs O-11.csv;0.9
;528.0;07:36:48;7;17.357;50.0;45.0;4.821;1.2;2945.803;1.696;49.858085;8.635383;T;Haardtring;asphalt;secondary;;;;Acc;Umlauf_Li. R_MD_(Bau_Rheinstraßenbrücke)_220523_Bus_Kurs O-11.csv;0.9
;529.0;07:36:49;7;21.677;50.0;45.0;6.021;1.2;2951.202;1.851;49.85813;8.635356;T;;asphalt;secondary;;;;Acc;Umlauf_Li. R_MD_(Bau_Rheinstraßenbrücke)_220523_Bus_Kurs O-11.csv;0.9
;530.0;07:36:50;7;25.997;50.0;45.0;7.221;1.2;2957.626;1.759;49.858185;8.635327;T;Haardtring;asphalt;secondary;;;;Acc;Umlauf_Li. R_MD_(Bau_Rheinstraßenbrücke)_220523_Bus_Kurs O-11.csv;0.9
;531.0;07:36:51;7;30.317;50.0;45.0;8.421;1.2;2965.49;0.864;49.858253;8.635299;T;Haardtring;asphalt;secondary;;;;Acc;Umlauf_Li. R_MD_(Bau_Rheinstraßenbrücke)_220523_Bus_Kurs O-11.csv;0.9
;532.0;07:36:52;7;34.637;50.0;45.0;9.621;1.2;2974.534;0.395;49.858332;8.635269;T;;asphalt;secondary;;;;Acc;Umlauf_Li. R_MD_(Bau_Rheinstraßenbrücke)_220523_Bus_Kurs O-11.csv;0.9
;533.0;07:36:53;7;38.957;50.0;45.0;10.821;1.139;2984.734;0.082;49.85842;8.635227;T;Haardtring;asphalt;secondary;;;;Acc;Umlauf_Li. R_MD_(Bau_Rheinstraßenbrücke)_220523_Bus_Kurs O-11.csv;0.9
;534.0;07:36:54;7;42.838;50.0;45.0;11.899;0.839;2996.037;-0.184;49.858515;8.635171;T;Haardtring;asphalt;secondary;;;;Acc;Umlauf_Li. R_MD_(Bau_Rheinstraßenbrücke)_220523_Bus_Kurs O-11.csv;0.9
;535.0;07:36:55;7;45.0;50.0;45.0;12.5;0.3;3008.221;-0.347;49.858617;8.635112;T;Haardtring;asphalt;secondary;;;;Acc;Umlauf_Li. R_MD_(Bau_Rheinstraßenbrücke)_220523_Bus_Kurs O-11.csv;0.9
;536.0;07:36:56;7;45.0;50.0;45.0;12.5;0.0;3020.721;-0.472;49.858723;8.63505;T;Haardtring;asphalt;secondary;;;;Cruise;Umlauf_Li. R_MD_(Bau_Rheinstraßenbrücke)_220523_Bus_Kurs O-11.csv;0.9
;537.0;07:36:57;7;45.0;50.0;45.0;12.5;0.0;3033.221;-0.48;49.858828;8.634989;A;Haardtring (Ampel);asphalt;secondary;;;;Cruise;Umlauf_Li. R_MD_(Bau_Rheinstraßenbrücke)_220523_Bus_Kurs O-11.csv;0.9
;538.0;07:36:58;7;45.0;50.0;45.0;12.5;0.0;3045.721;-0.478;49.858933;8.634929;T;;asphalt;secondary;;;;Cruise;Umlauf_Li. R_MD_(Bau_Rheinstraßenbrücke)_220523_Bus_Kurs O-11.csv;0.9
;539.0;07:36:59;7;45.0;50.0;45.0;12.5;0.0;3058.221;-0.512;49.859039;8.634868;T;Haardtring;asphalt;secondary;;;;Cruise;Umlauf_Li. R_MD_(Bau_Rheinstraßenbrücke)_220523_Bus_Kurs O-11.csv;0.9
;540.0;07:37:00;7;45.0;50.0;45.0;12.5;0.0;3070.721;-0.674;49.859144;8.634808;T;;asphalt;secondary;;;;Cruise;Umlauf_Li. R_MD_(Bau_Rheinstraßenbrücke)_220523_Bus_Kurs O-11.csv;0.9
;541.0;07:37:01;7;45.0;50.0;45.0;12.5;0.0;3083.221;-0.742;49.85925;8.634748;T;Haardtring;asphalt;secondary;;;;Cruise;Umlauf_Li. R_MD_(Bau_Rheinstraßenbrücke)_220523_Bus_Kurs O-11.csv;0.9
;542.0;07:37:02;7;45.0;50.0;45.0;12.5;0.0;3095.721;-0.437;49.859355;8.634687;T;Haardtring;asphalt;secondary;;;;Cruise;Umlauf_Li. R_MD_(Bau_Rheinstraßenbrücke)_220523_Bus_Kurs O-11.csv;0.9
;543.0;07:37:03;7;45.0;50.0;45.0;12.5;0.0;3108.221;-0.206;49.859461;8.634627;T;Haardtring;asphalt;secondary;;;;Cruise;Umlauf_Li. R_MD_(Bau_Rheinstraßenbrücke)_220523_Bus_Kurs O-11.csv;0.9
;544.0;07:37:04;7;45.0;50.0;45.0;12.5;0.0;3120.721;-0.197;49.859566;8.634566;T;Haardtring;asphalt;secondary;;;;Cruise;Umlauf_Li. R_MD_(Bau_Rheinstraßenbrücke)_220523_Bus_Kurs O-11.csv;0.9
;545.0;07:37:05;7;45.0;50.0;45.0;12.5;0.0;3133.221;-0.309;49.859671;8.634505;T;Haardtring;asphalt;secondary;;;;Cruise;Umlauf_Li. R_MD_(Bau_Rheinstraßenbrücke)_220523_Bus_Kurs O-11.csv;0.9
;546.0;07:37:06;7;45.0;50.0;45.0;12.5;0.0;3145.721;-0.412;49.859777;8.634444;T;Haardtring;asphalt;secondary;;;;Cruise;Umlauf_Li. R_MD_(Bau_Rheinstraßenbrücke)_220523_Bus_Kurs O-11.csv;0.9
;547.0;07:37:07;7;45.0;50.0;45.0;12.5;0.0;3158.221;-0.725;49.859882;8.634385;T;Haardtring;asphalt;secondary;;;;Cruise;Umlauf_Li. R_MD_(Bau_Rheinstraßenbrücke)_220523_Bus_Kurs O-11.csv;0.9
;548.0;07:37:08;7;45.0;50.0;45.0;12.5;0.0;3170.721;-1.113;49.859988;8.634326;T;Haardtring;asphalt;secondary;;;;Cruise;Umlauf_Li. R_MD_(Bau_Rheinstraßenbrücke)_220523_Bus_Kurs O-11.csv;0.9
;549.0;07:37:09;7;45.0;50.0;45.0;12.5;0.0;3183.221;-1.3;49.860094;8.634266;T;Haardtring;asphalt;secondary;;;;Cruise;Umlauf_Li. R_MD_(Bau_Rheinstraßenbrücke)_220523_Bus_Kurs O-11.csv;0.9
;550.0;07:37:10;7;45.0;50.0;45.0;12.5;0.0;3195.721;-1.247;49.8602;8.634207;T;Haardtring;asphalt;secondary;;;;Cruise;Umlauf_Li. R_MD_(Bau_Rheinstraßenbrücke)_220523_Bus_Kurs O-11.csv;0.9
;551.0;07:37:11;7;45.0;50.0;45.0;12.5;0.0;3208.221;-1.117;49.860305;8.634148;T;Haardtring;asphalt;secondary;;;;Cruise;Umlauf_Li. R_MD_(Bau_Rheinstraßenbrücke)_220523_Bus_Kurs O-11.csv;0.9
;552.0;07:37:12;7;45.0;50.0;45.0;12.5;0.0;3220.721;-0.984;49.860411;8.634089;T;Haardtring;asphalt;secondary;;;;Cruise;Umlauf_Li. R_MD_(Bau_Rheinstraßenbrücke)_220523_Bus_Kurs O-11.csv;0.9
;553.0;07:37:13;7;45.0;50.0;45.0;12.5;0.0;3233.221;-0.856;49.860517;8.63403;T;Haardtring;asphalt;secondary;;;;Cruise;Umlauf_Li. R_MD_(Bau_Rheinstraßenbrücke)_220523_Bus_Kurs O-11.csv;0.9
;554.0;07:37:14;7;45.0;50.0;45.0;12.5;0.0;3245.721;-0.72;49.860623;8.633971;T;Haardtring;asphalt;secondary;;;;Cruise;Umlauf_Li. R_MD_(Bau_Rheinstraßenbrücke)_220523_Bus_Kurs O-11.csv;0.9
;555.0;07:37:15;7;45.0;50.0;45.0;12.5;0.0;3258.221;-0.459;49.860728;8.633912;T;Haardtring;asphalt;secondary;;;;Cruise;Umlauf_Li. R_MD_(Bau_Rheinstraßenbrücke)_220523_Bus_Kurs O-11.csv;0.9
;556.0;07:37:16;7;45.0;50.0;45.0;12.5;0.0;3270.721;-0.196;49.860834;8.633853;T;Haardtring;asphalt;secondary;;;;Cruise;Umlauf_Li. R_MD_(Bau_Rheinstraßenbrücke)_220523_Bus_Kurs O-11.csv;0.9
;557.0;07:37:17;7;45.0;50.0;45.0;12.5;0.0;3283.221;0.167;49.86094;8.633793;T;Haardtring;asphalt;secondary;;;;Cruise;Umlauf_Li. R_MD_(Bau_Rheinstraßenbrücke)_220523_Bus_Kurs O-11.csv;0.9
;558.0;07:37:18;7;45.0;50.0;45.0;12.5;0.0;3295.721;0.644;49.861046;8.633734;T;Haardtring;asphalt;secondary;;;;Cruise;Umlauf_Li. R_MD_(Bau_Rheinstraßenbrücke)_220523_Bus_Kurs O-11.csv;0.9
;559.0;07:37:19;7;45.0;50.0;45.0;12.5;0.0;3308.221;1.159;49.861151;8.633675;T;Haardtring;asphalt;secondary;;;;Cruise;Umlauf_Li. R_MD_(Bau_Rheinstraßenbrücke)_220523_Bus_Kurs O-11.csv;0.9
;560.0;07:37:20;7;45.0;50.0;45.0;12.5;0.0;3320.721;1.489;49.861257;8.633615;T;Haardtring;asphalt;secondary;;;;Cruise;Umlauf_Li. R_MD_(Bau_Rheinstraßenbrücke)_220523_Bus_Kurs O-11.csv;0.9
;561.0;07:37:21;7;45.0;50.0;45.0;12.5;0.0;3333.221;1.614;49.861362;8.633554;T;Haardtring;asphalt;secondary;;;;Cruise;Umlauf_Li. R_MD_(Bau_Rheinstraßenbrücke)_220523_Bus_Kurs O-11.csv;0.9
;562.0;07:37:22;7;45.0;50.0;45.0;12.5;0.0;3345.721;1.708;49.861468;8.633493;T;Haardtring;asphalt;secondary;;;;Cruise;Umlauf_Li. R_MD_(Bau_Rheinstraßenbrücke)_220523_Bus_Kurs O-11.csv;0.9
;563.0;07:37:23;7;45.0;50.0;45.0;12.5;0.0;3358.221;1.686;49.861573;8.633432;T;Haardtring;asphalt;secondary;;;;Cruise;Umlauf_Li. R_MD_(Bau_Rheinstraßenbrücke)_220523_Bus_Kurs O-11.csv;0.9
;564.0;07:37:24;7;45.0;50.0;45.0;12.5;0.0;3370.721;1.552;49.861678;8.633371;T;Haardtring;asphalt;secondary;;;;Cruise;Umlauf_Li. R_MD_(Bau_Rheinstraßenbrücke)_220523_Bus_Kurs O-11.csv;0.9
;565.0;07:37:25;7;45.0;50.0;45.0;12.5;0.0;3383.221;1.422;49.861784;8.63331;T;Haardtring;asphalt;secondary;;;;Cruise;Umlauf_Li. R_MD_(Bau_Rheinstraßenbrücke)_220523_Bus_Kurs O-11.csv;0.9
;566.0;07:37:26;7;45.0;50.0;45.0;12.5;0.0;3395.721;1.4;49.861889;8.63325;T;Haardtring;asphalt;secondary;;;;Cruise;Umlauf_Li. R_MD_(Bau_Rheinstraßenbrücke)_220523_Bus_Kurs O-11.csv;0.9
;567.0;07:37:27;7;45.0;50.0;45.0;12.5;0.0;3408.221;1.394;49.861994;8.633189;T;Haardtring;asphalt;secondary;;;;Cruise;Umlauf_Li. R_MD_(Bau_Rheinstraßenbrücke)_220523_Bus_Kurs O-11.csv;0.9
;568.0;07:37:28;7;45.0;50.0;45.0;12.5;0.0;3420.721;1.326;49.8621;8.633128;T;Haardtring;asphalt;secondary;;;;Cruise;Umlauf_Li. R_MD_(Bau_Rheinstraßenbrücke)_220523_Bus_Kurs O-11.csv;0.9
;569.0;07:37:29;7;45.0;50.0;45.0;12.5;0.0;3433.221;1.158;49.862205;8.633067;T;Haardtring;asphalt;secondary;;;;Cruise;Umlauf_Li. R_MD_(Bau_Rheinstraßenbrücke)_220523_Bus_Kurs O-11.csv;0.9
;570.0;07:37:30;7;45.0;50.0;45.0;12.5;-0.011;3445.721;0.916;49.86231;8.633006;T;Haardtring;asphalt;secondary;;;;Cruise;Umlauf_Li. R_MD_(Bau_Rheinstraßenbrücke)_220523_Bus_Kurs O-11.csv;0.9
;571.0;07:37:31;7;44.923;50.0;45.0;12.479;-0.154;3458.208;0.663;49.862416;8.632946;T;Haardtring;asphalt;secondary;;;;B;Umlauf_Li. R_MD_(Bau_Rheinstraßenbrücke)_220523_Bus_Kurs O-11.csv;0.9
;572.0;07:37:32;7;43.892;50.0;45.0;12.192;-0.611;3470.542;0.303;49.86252;8.632885;T;Haardtring;asphalt;secondary;;;;B;Umlauf_Li. R_MD_(Bau_Rheinstraßenbrücke)_220523_Bus_Kurs O-11.csv;0.9
;573.0;07:37:33;7;40.523;50.0;45.0;11.256;-0.968;3482.153;-0.042;49.862618;8.632829;T;Haardtring;asphalt;secondary;;;;B;Umlauf_Li. R_MD_(Bau_Rheinstraßenbrücke)_220523_Bus_Kurs O-11.csv;0.9
;574.0;07:37:34;7;36.923;50.0;45.0;10.256;-1.0;3492.85;-0.33;49.862708;8.632778;T;Haardtring;asphalt;secondary;;;;B;Umlauf_Li. R_MD_(Bau_Rheinstraßenbrücke)_220523_Bus_Kurs O-11.csv;0.9
;575.0;07:37:35;7;33.323;50.0;45.0;9.256;-1.0;3502.617;-0.589;49.862791;8.632732;T;Haardtring;asphalt;secondary;;;;B;Umlauf_Li. R_MD_(Bau_Rheinstraßenbrücke)_220523_Bus_Kurs O-11.csv;0.9
;576.0;07:37:36;7;29.723;50.0;45.0;8.256;-1.0;3511.446;-0.849;49.862865;8.63269;T;Haardtring;asphalt;secondary;;;;B;Umlauf_Li. R_MD_(Bau_Rheinstraßenbrücke)_220523_Bus_Kurs O-11.csv;0.9
;577.0;07:37:37;7;26.123;50.0;45.0;7.256;-1.0;3519.117;-1.091;49.862927;8.632641;T;Haardtring;asphalt;secondary;;;;B;Umlauf_Li. R_MD_(Bau_Rheinstraßenbrücke)_220523_Bus_Kurs O-11.csv;0.9
;578.0;07:37:38;7;22.523;50.0;45.0;6.256;-1.0;3525.807;-1.807;49.862979;8.632596;T;;asphalt;secondary;;;;B;Umlauf_Li. R_MD_(Bau_Rheinstraßenbrücke)_220523_Bus_Kurs O-11.csv;0.9
;579.0;07:37:39;7;18.923;50.0;45.0;5.256;-1.0;3531.668;-3.092;49.863025;8.632555;T;;asphalt;secondary;;;;B;Umlauf_Li. R_MD_(Bau_Rheinstraßenbrücke)_220523_Bus_Kurs O-11.csv;0.9
;580.0;07:37:40;7;15.323;50.0;45.0;4.256;-1.0;3535.002;-3.448;49.863052;8.632536;T;Haardtring;asphalt;secondary;;;;B;Umlauf_Li. R_MD_(Bau_Rheinstraßenbrücke)_220523_Bus_Kurs O-11.csv;0.9
;581.0;07:37:41;7;11.723;50.0;45.0;3.256;-1.0;3537.507;-3.497;49.863073;8.632524;T;Haardtring;asphalt;secondary;;;;B;Umlauf_Li. R_MD_(Bau_Rheinstraßenbrücke)_220523_Bus_Kurs O-11.csv;0.9
;582.0;07:37:42;7;8.123;50.0;45.0;2.256;-1.0;3540.011;-3.547;49.863094;8.632512;T;Haardtring;asphalt;secondary;;;;B;Umlauf_Li. R_MD_(Bau_Rheinstraßenbrücke)_220523_Bus_Kurs O-11.csv;0.9
;583.0;07:37:43;7;4.523;50.0;45.0;1.256;-1.0;3542.516;-3.597;49.863115;8.6325;T;Haardtring;asphalt;secondary;;;;B;Umlauf_Li. R_MD_(Bau_Rheinstraßenbrücke)_220523_Bus_Kurs O-11.csv;0.9
;584.0;07:37:44;7;0.923;50.0;45.0;0.256;-0.628;3545.021;-3.647;49.863137;8.632488;T;Haardtring;asphalt;secondary;;;;B;Umlauf_Li. R_MD_(Bau_Rheinstraßenbrücke)_220523_Bus_Kurs O-11.csv;0.9
;585.0;07:37:45;7;0.0;50.0;45.0;0.0;-0.128;3545.663;-3.66;49.863142;8.632485;W;Darmstadt Philipp-Röth-Weg NSüdbf;asphalt;secondary;Halt: Darmstadt Philipp-Röth-Weg NSüdbf;07:37:00;07:37:00;Stand;Umlauf_Li. R_MD_(Bau_Rheinstraßenbrücke)_220523_Bus_Kurs O-11.csv;0.9
;586.0;07:37:46;7;0.0;50.0;45.0;0.0;0.0;3545.663;-3.66;49.863142;8.632485;W;Darmstadt Philipp-Röth-Weg NSüdbf;asphalt;secondary;Halt: Darmstadt Philipp-Röth-Weg NSüdbf;07:37:00;07:37:00;Stand;Umlauf_Li. R_MD_(Bau_Rheinstraßenbrücke)_220523_Bus_Kurs O-11.csv;0.9
;587.0;07:37:47;7;0.0;50.0;45.0;0.0;0.0;3545.663;-3.66;49.863142;8.632485;W;Darmstadt Philipp-Röth-Weg NSüdbf;asphalt;secondary;Halt: Darmstadt Philipp-Röth-Weg NSüdbf;07:37:00;07:37:00;Stand;Umlauf_Li. R_MD_(Bau_Rheinstraßenbrücke)_220523_Bus_Kurs O-11.csv;0.9
;588.0;07:37:48;7;0.0;50.0;45.0;0.0;0.0;3545.663;-3.66;49.863142;8.632485;W;Darmstadt Philipp-Röth-Weg NSüdbf;asphalt;secondary;Halt: Darmstadt Philipp-Röth-Weg NSüdbf;07:37:00;07:37:00;Stand;Umlauf_Li. R_MD_(Bau_Rheinstraßenbrücke)_220523_Bus_Kurs O-11.csv;0.9
;589.0;07:37:49;7;0.0;50.0;45.0;0.0;0.0;3545.663;-3.66;49.863142;8.632485;W;Darmstadt Philipp-Röth-Weg NSüdbf;asphalt;secondary;Halt: Darmstadt Philipp-Röth-Weg NSüdbf;07:37:00;07:37:00;Stand;Umlauf_Li. R_MD_(Bau_Rheinstraßenbrücke)_220523_Bus_Kurs O-11.csv;0.9
;590.0;07:37:50;7;0.0;50.0;45.0;0.0;0.0;3545.663;-3.66;49.863142;8.632485;W;Darmstadt Philipp-Röth-Weg NSüdbf;asphalt;secondary;Halt: Darmstadt Philipp-Röth-Weg NSüdbf;07:37:00;07:37:00;Stand;Umlauf_Li. R_MD_(Bau_Rheinstraßenbrücke)_220523_Bus_Kurs O-11.csv;0.9
;591.0;07:37:51;7;0.0;50.0;45.0;0.0;0.0;3545.663;-3.66;49.863142;8.632485;W;Darmstadt Philipp-Röth-Weg NSüdbf;asphalt;secondary;Halt: Darmstadt Philipp-Röth-Weg NSüdbf;07:37:00;07:37:00;Stand;Umlauf_Li. R_MD_(Bau_Rheinstraßenbrücke)_220523_Bus_Kurs O-11.csv;0.9
;592.0;07:37:52;7;0.0;50.0;45.0;0.0;0.0;3545.663;-3.66;49.863142;8.632485;W;Darmstadt Philipp-Röth-Weg NSüdbf;asphalt;secondary;Halt: Darmstadt Philipp-Röth-Weg NSüdbf;07:37:00;07:37:00;Stand;Umlauf_Li. R_MD_(Bau_Rheinstraßenbrücke)_220523_Bus_Kurs O-11.csv;0.9
;593.0;07:37:53;7;0.0;50.0;45.0;0.0;0.0;3545.663;-3.66;49.863142;8.632485;W;Darmstadt Philipp-Röth-Weg NSüdbf;asphalt;secondary;Halt: Darmstadt Philipp-Röth-Weg NSüdbf;07:37:00;07:37:00;Stand;Umlauf_Li. R_MD_(Bau_Rheinstraßenbrücke)_220523_Bus_Kurs O-11.csv;0.9
;594.0;07:37:54;7;0.0;50.0;45.0;0.0;0.0;3545.663;-3.66;49.863142;8.632485;W;Darmstadt Philipp-Röth-Weg NSüdbf;asphalt;secondary;Halt: Darmstadt Philipp-Röth-Weg NSüdbf;07:37:00;07:37:00;Stand;Umlauf_Li. R_MD_(Bau_Rheinstraßenbrücke)_220523_Bus_Kurs O-11.csv;0.9
;595.0;07:37:55;7;0.0;50.0;45.0;0.0;0.0;3545.663;-3.66;49.863142;8.632485;W;Darmstadt Philipp-Röth-Weg NSüdbf;asphalt;secondary;Halt: Darmstadt Philipp-Röth-Weg NSüdbf;07:37:00;07:37:00;Stand;Umlauf_Li. R_MD_(Bau_Rheinstraßenbrücke)_220523_Bus_Kurs O-11.csv;0.9
;596.0;07:37:56;7;0.0;50.0;45.0;0.0;0.0;3545.663;-3.66;49.863142;8.632485;W;Darmstadt Philipp-Röth-Weg NSüdbf;asphalt;secondary;Halt: Darmstadt Philipp-Röth-Weg NSüdbf;07:37:00;07:37:00;Stand;Umlauf_Li. R_MD_(Bau_Rheinstraßenbrücke)_220523_Bus_Kurs O-11.csv;0.9
;597.0;07:37:57;7;0.0;50.0;45.0;0.0;0.0;3545.663;-3.66;49.863142;8.632485;W;Darmstadt Philipp-Röth-Weg NSüdbf;asphalt;secondary;Halt: Darmstadt Philipp-Röth-Weg NSüdbf;07:37:00;07:37:00;Stand;Umlauf_Li. R_MD_(Bau_Rheinstraßenbrücke)_220523_Bus_Kurs O-11.csv;0.9
;598.0;07:37:58;7;0.0;50.0;45.0;0.0;0.0;3545.663;-3.66;49.863142;8.632485;W;Darmstadt Philipp-Röth-Weg NSüdbf;asphalt;secondary;Halt: Darmstadt Philipp-Röth-Weg NSüdbf;07:37:00;07:37:00;Stand;Umlauf_Li. R_MD_(Bau_Rheinstraßenbrücke)_220523_Bus_Kurs O-11.csv;0.9
;599.0;07:37:59;7;0.0;50.0;45.0;0.0;0.0;3545.663;-3.66;49.863142;8.632485;W;Darmstadt Philipp-Röth-Weg NSüdbf;asphalt;secondary;Halt: Darmstadt Philipp-Röth-Weg NSüdbf;07:37:00;07:37:00;Stand;Umlauf_Li. R_MD_(Bau_Rheinstraßenbrücke)_220523_Bus_Kurs O-11.csv;0.9
;600.0;07:38:00;7;0.0;50.0;45.0;0.0;0.0;3545.663;-3.66;49.863142;8.632485;W;Darmstadt Philipp-Röth-Weg NSüdbf;asphalt;secondary;Halt: Darmstadt Philipp-Röth-Weg NSüdbf;07:37:00;07:37:00;Stand;Umlauf_Li. R_MD_(Bau_Rheinstraßenbrücke)_220523_Bus_Kurs O-11.csv;0.9
;601.0;07:38:01;7;0.0;50.0;45.0;0.0;0.0;3545.663;-3.66;49.863142;8.632485;W;Darmstadt Philipp-Röth-Weg NSüdbf;asphalt;secondary;Halt: Darmstadt Philipp-Röth-Weg NSüdbf;07:37:00;07:37:00;Stand;Umlauf_Li. R_MD_(Bau_Rheinstraßenbrücke)_220523_Bus_Kurs O-11.csv;0.9
;602.0;07:38:02;7;0.0;50.0;45.0;0.0;0.0;3545.663;-3.66;49.863142;8.632485;W;Darmstadt Philipp-Röth-Weg NSüdbf;asphalt;secondary;Halt: Darmstadt Philipp-Röth-Weg NSüdbf;07:37:00;07:37:00;Stand;Umlauf_Li. R_MD_(Bau_Rheinstraßenbrücke)_220523_Bus_Kurs O-11.csv;0.9
;603.0;07:38:03;7;0.0;50.0;45.0;0.0;0.0;3545.663;-3.66;49.863142;8.632485;W;Darmstadt Philipp-Röth-Weg NSüdbf;asphalt;secondary;Halt: Darmstadt Philipp-Röth-Weg NSüdbf;07:37:00;07:37:00;Stand;Umlauf_Li. R_MD_(Bau_Rheinstraßenbrücke)_220523_Bus_Kurs O-11.csv;0.9
;604.0;07:38:04;7;0.0;50.0;45.0;0.0;0.0;3545.663;-3.66;49.863142;8.632485;W;Darmstadt Philipp-Röth-Weg NSüdbf;asphalt;secondary;Halt: Darmstadt Philipp-Röth-Weg NSüdbf;07:37:00;07:37:00;Stand;Umlauf_Li. R_MD_(Bau_Rheinstraßenbrücke)_220523_Bus_Kurs O-11.csv;0.9
;605.0;07:38:05;7;0.0;50.0;45.0;0.0;0.0;3545.663;-3.66;49.863142;8.632485;W;Darmstadt Philipp-Röth-Weg NSüdbf;asphalt;secondary;Halt: Darmstadt Philipp-Röth-Weg NSüdbf;07:37:00;07:37:00;Stand;Umlauf_Li. R_MD_(Bau_Rheinstraßenbrücke)_220523_Bus_Kurs O-11.csv;0.9
;606.0;07:38:06;7;0.0;50.0;45.0;0.0;0.446;3545.663;-3.66;49.863142;8.632485;W;Darmstadt Philipp-Röth-Weg NSüdbf;asphalt;secondary;Halt: Darmstadt Philipp-Röth-Weg NSüdbf;07:37:00;07:37:00;Stand;Umlauf_Li. R_MD_(Bau_Rheinstraßenbrücke)_220523_Bus_Kurs O-11.csv;0.9
;607.0;07:38:07;7;3.212;50.0;45.0;0.892;1.046;3546.436;-3.694;49.863149;8.632483;W;Darmstadt Philipp-Röth-Weg NSüdbf;asphalt;secondary;Halt: Darmstadt Philipp-Röth-Weg NSüdbf;07:37:00;07:37:00;Acc;Umlauf_Li. R_MD_(Bau_Rheinstraßenbrücke)_220523_Bus_Kurs O-11.csv;0.9
;608.0;07:38:08;7;7.532;50.0;45.0;2.092;1.2;3547.504;-3.74;49.863158;8.632481;T;Haardtring;asphalt;secondary;;;;Acc;Umlauf_Li. R_MD_(Bau_Rheinstraßenbrücke)_220523_Bus_Kurs O-11.csv;0.9
;609.0;07:38:09;7;11.852;50.0;45.0;3.292;1.2;3551.207;-3.733;49.863189;8.632459;T;Haardtring;asphalt;secondary;;;;Acc;Umlauf_Li. R_MD_(Bau_Rheinstraßenbrücke)_220523_Bus_Kurs O-11.csv;0.9
;610.0;07:38:10;7;16.172;50.0;45.0;4.492;1.2;3554.911;-3.725;49.863219;8.632438;T;Haardtring;asphalt;secondary;;;;Acc;Umlauf_Li. R_MD_(Bau_Rheinstraßenbrücke)_220523_Bus_Kurs O-11.csv;0.9
;611.0;07:38:11;7;20.492;50.0;45.0;5.692;1.2;3559.507;-3.675;49.863258;8.632421;T;Philipp-Röth-Weg (Bussteig Richtung Süd);asphalt;secondary;;;;Acc;Umlauf_Li. R_MD_(Bau_Rheinstraßenbrücke)_220523_Bus_Kurs O-11.csv;0.9
;612.0;07:38:12;7;24.812;50.0;45.0;6.892;1.2;3566.143;-3.529;49.863318;8.632416;T;Philipp-Röth-Weg (Bussteig Richtung Süd);asphalt;secondary;;;;Acc;Umlauf_Li. R_MD_(Bau_Rheinstraßenbrücke)_220523_Bus_Kurs O-11.csv;0.9
;613.0;07:38:13;7;29.132;50.0;45.0;8.092;1.2;3573.027;-3.143;49.863379;8.632407;T;Haardtring;asphalt;secondary;;;;Acc;Umlauf_Li. R_MD_(Bau_Rheinstraßenbrücke)_220523_Bus_Kurs O-11.csv;0.9
;614.0;07:38:14;7;33.452;50.0;45.0;9.292;1.2;3581.687;-1.055;49.863453;8.632369;T;Haardtring;asphalt;secondary;;;;Acc;Umlauf_Li. R_MD_(Bau_Rheinstraßenbrücke)_220523_Bus_Kurs O-11.csv;0.9
;615.0;07:38:15;7;37.772;50.0;45.0;10.492;1.2;3591.746;-0.52;49.863493;8.632246;A;Haardtring (Ampel);asphalt;secondary;;;;Acc;Umlauf_Li. R_MD_(Bau_Rheinstraßenbrücke)_220523_Bus_Kurs O-11.csv;0.9
;616.0;07:38:16;7;42.092;50.0;45.0;11.692;0.957;3602.823;-0.124;49.863533;8.632104;T;;asphalt;secondary;;;;Acc;Umlauf_Li. R_MD_(Bau_Rheinstraßenbrücke)_220523_Bus_Kurs O-11.csv;0.9
;617.0;07:38:17;7;44.661;50.0;45.0;12.406;0.404;3614.826;0.387;49.863577;8.631951;T;;asphalt;primary;;;;Acc;Umlauf_Li. R_MD_(Bau_Rheinstraßenbrücke)_220523_Bus_Kurs O-11.csv;0.9
;618.0;07:38:18;7;45.0;50.0;45.0;12.5;0.047;3627.275;0.922;49.863581;8.631798;T;Haardtring;asphalt;primary;;;;Cruise;Umlauf_Li. R_MD_(Bau_Rheinstraßenbrücke)_220523_Bus_Kurs O-11.csv;0.9
;619.0;07:38:19;7;45.0;50.0;45.0;12.5;0.0;3639.775;1.129;49.863521;8.631651;T;;asphalt;primary;;;;Cruise;Umlauf_Li. R_MD_(Bau_Rheinstraßenbrücke)_220523_Bus_Kurs O-11.csv;0.9
;620.0;07:38:20;7;45.0;50.0;45.0;12.5;0.0;3652.275;1.145;49.86346;8.631504;T;;asphalt;primary;;;;Cruise;Umlauf_Li. R_MD_(Bau_Rheinstraßenbrücke)_220523_Bus_Kurs O-11.csv;0.9
;621.0;07:38:21;7;45.0;50.0;45.0;12.5;0.0;3664.775;1.16;49.863399;8.631357;T;;asphalt;primary;;;;Cruise;Umlauf_Li. R_MD_(Bau_Rheinstraßenbrücke)_220523_Bus_Kurs O-11.csv;0.9
;622.0;07:38:22;7;45.0;50.0;45.0;12.5;0.0;3677.275;1.093;49.863339;8.63121;T;;asphalt;primary;;;;Cruise;Umlauf_Li. R_MD_(Bau_Rheinstraßenbrücke)_220523_Bus_Kurs O-11.csv;0.9
;623.0;07:38:23;7;45.0;50.0;45.0;12.5;0.0;3689.775;0.722;49.863273;8.63107;T;Hilpertstraße;asphalt;primary;;;;Cruise;Umlauf_Li. R_MD_(Bau_Rheinstraßenbrücke)_220523_Bus_Kurs O-11.csv;0.9
;624.0;07:38:24;7;45.0;50.0;45.0;12.5;0.0;3702.275;0.054;49.863202;8.630934;T;;asphalt;primary;;;;Cruise;Umlauf_Li. R_MD_(Bau_Rheinstraßenbrücke)_220523_Bus_Kurs O-11.csv;0.9
;625.0;07:38:25;7;45.0;50.0;45.0;12.5;0.0;3714.775;-0.672;49.863131;8.630798;T;;asphalt;primary;;;;Cruise;Umlauf_Li. R_MD_(Bau_Rheinstraßenbrücke)_220523_Bus_Kurs O-11.csv;0.9
;626.0;07:38:26;7;45.0;50.0;45.0;12.5;0.0;3727.275;-1.351;49.863082;8.630643;T;Hilpertstraße;asphalt;primary;;;;Cruise;Umlauf_Li. R_MD_(Bau_Rheinstraßenbrücke)_220523_Bus_Kurs O-11.csv;0.9
;627.0;07:38:27;7;45.0;50.0;45.0;12.5;0.0;3739.775;-2.024;49.863036;8.630484;T;;paving_stones;primary;;;;Cruise;Umlauf_Li. R_MD_(Bau_Rheinstraßenbrücke)_220523_Bus_Kurs O-11.csv;0.9
;628.0;07:38:28;7;45.0;50.0;45.0;12.5;0.0;3752.275;-2.38;49.86299;8.630324;T;;paving_stones;primary;;;;Cruise;Umlauf_Li. R_MD_(Bau_Rheinstraßenbrücke)_220523_Bus_Kurs O-11.csv;0.9
;629.0;07:38:29;7;45.0;50.0;45.0;12.5;0.0;3764.775;-2.122;49.862944;8.630165;T;;paving_stones;primary;;;;Cruise;Umlauf_Li. R_MD_(Bau_Rheinstraßenbrücke)_220523_Bus_Kurs O-11.csv;0.9
;630.0;07:38:30;7;45.0;50.0;45.0;12.5;0.0;3777.275;-1.779;49.862898;8.630006;T;;paving_stones;primary;;;;Cruise;Umlauf_Li. R_MD_(Bau_Rheinstraßenbrücke)_220523_Bus_Kurs O-11.csv;0.9
;631.0;07:38:31;7;45.0;50.0;45.0;12.5;0.0;3789.775;-1.468;49.862858;8.629843;T;Hilpertstraße;paving_stones;primary;;;;Cruise;Umlauf_Li. R_MD_(Bau_Rheinstraßenbrücke)_220523_Bus_Kurs O-11.csv;0.9
;632.0;07:38:32;7;45.0;50.0;45.0;12.5;0.0;3802.275;-1.175;49.862819;8.62968;T;;paving_stones;primary;;;;Cruise;Umlauf_Li. R_MD_(Bau_Rheinstraßenbrücke)_220523_Bus_Kurs O-11.csv;0.9
;633.0;07:38:33;7;45.0;50.0;45.0;12.5;0.0;3814.775;-0.904;49.86278;8.629516;T;;paving_stones;primary;;;;Cruise;Umlauf_Li. R_MD_(Bau_Rheinstraßenbrücke)_220523_Bus_Kurs O-11.csv;0.9
;634.0;07:38:34;7;45.0;50.0;45.0;12.5;0.0;3827.275;-0.595;49.862742;8.629352;T;Hilpertstraße;paving_stones;primary;;;;Cruise;Umlauf_Li. R_MD_(Bau_Rheinstraßenbrücke)_220523_Bus_Kurs O-11.csv;0.9
;635.0;07:38:35;7;45.0;50.0;45.0;12.5;0.0;3839.775;-0.212;49.862708;8.629186;T;Hilpertstraße;paving_stones;primary;;;;Cruise;Umlauf_Li. R_MD_(Bau_Rheinstraßenbrücke)_220523_Bus_Kurs O-11.csv;0.9
;636.0;07:38:36;7;45.0;50.0;45.0;12.5;0.0;3852.275;0.017;49.862675;8.629019;T;Hilpertstraße;paving_stones;primary;;;;Cruise;Umlauf_Li. R_MD_(Bau_Rheinstraßenbrücke)_220523_Bus_Kurs O-11.csv;0.9
;637.0;07:38:37;7;45.0;50.0;45.0;12.5;0.0;3864.775;0.162;49.862643;8.628852;T;Hilpertstraße;paving_stones;primary;;;;Cruise;Umlauf_Li. R_MD_(Bau_Rheinstraßenbrücke)_220523_Bus_Kurs O-11.csv;0.9
;638.0;07:38:38;7;45.0;50.0;45.0;12.5;0.0;3877.275;-0.332;49.862613;8.628684;T;;paving_stones;primary;;;;Cruise;Umlauf_Li. R_MD_(Bau_Rheinstraßenbrücke)_220523_Bus_Kurs O-11.csv;0.9
;639.0;07:38:39;7;45.0;50.0;45.0;12.5;0.0;3889.775;-1.389;49.862582;8.628516;T;Hilpertstraße;paving_stones;primary;;;;Cruise;Umlauf_Li. R_MD_(Bau_Rheinstraßenbrücke)_220523_Bus_Kurs O-11.csv;0.9
;640.0;07:38:40;7;45.0;50.0;45.0;12.5;0.0;3902.275;-2.264;49.862551;8.628348;T;;paving_stones;primary;;;;Cruise;Umlauf_Li. R_MD_(Bau_Rheinstraßenbrücke)_220523_Bus_Kurs O-11.csv;0.9
;641.0;07:38:41;7;45.0;50.0;45.0;12.5;0.0;3914.775;-2.734;49.862521;8.62818;T;Hilpertstraße;paving_stones;primary;;;;Cruise;Umlauf_Li. R_MD_(Bau_Rheinstraßenbrücke)_220523_Bus_Kurs O-11.csv;0.9
;642.0;07:38:42;7;45.0;50.0;45.0;12.5;0.0;3927.275;-2.635;49.862491;8.628012;T;Hilpertstraße;paving_stones;primary;;;;Cruise;Umlauf_Li. R_MD_(Bau_Rheinstraßenbrücke)_220523_Bus_Kurs O-11.csv;0.9
;643.0;07:38:43;7;45.0;50.0;45.0;12.5;0.0;3939.775;-2.34;49.862462;8.627844;T;Hilpertstraße;paving_stones;primary;;;;Cruise;Umlauf_Li. R_MD_(Bau_Rheinstraßenbrücke)_220523_Bus_Kurs O-11.csv;0.9
;644.0;07:38:44;7;45.0;50.0;45.0;12.5;0.0;3952.275;-2.066;49.862434;8.627675;T;Hilpertstraße;asphalt;primary;;;;Cruise;Umlauf_Li. R_MD_(Bau_Rheinstraßenbrücke)_220523_Bus_Kurs O-11.csv;0.9
;645.0;07:38:45;7;45.0;50.0;45.0;12.5;0.0;3964.775;-1.685;49.862409;8.627505;T;Hilpertstraße;asphalt;primary;;;;Cruise;Umlauf_Li. R_MD_(Bau_Rheinstraßenbrücke)_220523_Bus_Kurs O-11.csv;0.9
;646.0;07:38:46;7;45.0;50.0;45.0;12.5;0.0;3977.275;-1.252;49.862394;8.627332;T;;asphalt;primary;;;;Cruise;Umlauf_Li. R_MD_(Bau_Rheinstraßenbrücke)_220523_Bus_Kurs O-11.csv;0.9
;647.0;07:38:47;7;45.0;50.0;45.0;12.5;0.0;3989.775;-0.604;49.862427;8.627197;A;Hilpertstraße (Ampel);asphalt;primary;;;;Cruise;Umlauf_Li. R_MD_(Bau_Rheinstraßenbrücke)_220523_Bus_Kurs O-11.csv;0.9
;648.0;07:38:48;7;45.0;50.0;45.0;12.5;0.0;4002.275;-0.008;49.862525;8.627113;T;;asphalt;primary;;;;Cruise;Umlauf_Li. R_MD_(Bau_Rheinstraßenbrücke)_220523_Bus_Kurs O-11.csv;0.9
;649.0;07:38:49;7;45.0;50.0;45.0;12.5;0.0;4014.775;0.419;49.862632;8.627062;T;Deutsche-Telekom-Allee;asphalt;primary;;;;Cruise;Umlauf_Li. R_MD_(Bau_Rheinstraßenbrücke)_220523_Bus_Kurs O-11.csv;0.9
;650.0;07:38:50;7;45.0;50.0;45.0;12.5;0.0;4027.275;0.782;49.862742;8.627026;T;Deutsche-Telekom-Allee;asphalt;primary;;;;Cruise;Umlauf_Li. R_MD_(Bau_Rheinstraßenbrücke)_220523_Bus_Kurs O-11.csv;0.9
;651.0;07:38:51;7;45.0;50.0;45.0;12.5;0.0;4039.775;0.881;49.862852;8.626989;T;Deutsche-Telekom-Allee;asphalt;primary;;;;Cruise;Umlauf_Li. R_MD_(Bau_Rheinstraßenbrücke)_220523_Bus_Kurs O-11.csv;0.9
;652.0;07:38:52;7;45.0;50.0;45.0;12.5;0.0;4052.275;0.757;49.862961;8.626952;T;;asphalt;primary;;;;Cruise;Umlauf_Li. R_MD_(Bau_Rheinstraßenbrücke)_220523_Bus_Kurs O-11.csv;0.9
;653.0;07:38:53;7;45.0;50.0;45.0;12.5;0.0;4064.775;0.448;49.863071;8.626916;T;;asphalt;primary;;;;Cruise;Umlauf_Li. R_MD_(Bau_Rheinstraßenbrücke)_220523_Bus_Kurs O-11.csv;0.9
;654.0;07:38:54;7;45.0;50.0;45.0;12.5;0.0;4077.275;-0.295;49.863181;8.626879;T;Deutsche-Telekom-Allee;asphalt;primary;;;;Cruise;Umlauf_Li. R_MD_(Bau_Rheinstraßenbrücke)_220523_Bus_Kurs O-11.csv;0.9
;655.0;07:38:55;7;45.0;50.0;45.0;12.5;0.0;4089.775;-0.871;49.863291;8.626843;T;Deutsche-Telekom-Allee;asphalt;primary;;;;Cruise;Umlauf_Li. R_MD_(Bau_Rheinstraßenbrücke)_220523_Bus_Kurs O-11.csv;0.9
;656.0;07:38:56;7;45.0;50.0;45.0;12.5;0.0;4102.275;-1.442;49.863401;8.626807;T;Deutsche-Telekom-Allee;asphalt;primary;;;;Cruise;Umlauf_Li. R_MD_(Bau_Rheinstraßenbrücke)_220523_Bus_Kurs O-11.csv;0.9
;657.0;07:38:57;7;45.0;50.0;45.0;12.5;0.0;4114.775;-1.848;49.863511;8.62677;T;Deutsche-Telekom-Allee;asphalt;primary;;;;Cruise;Umlauf_Li. R_MD_(Bau_Rheinstraßenbrücke)_220523_Bus_Kurs O-11.csv;0.9
;658.0;07:38:58;7;45.0;50.0;45.0;12.5;0.0;4127.275;-2.192;49.863621;8.626733;T;Deutsche-Telekom-Allee;asphalt;primary;;;;Cruise;Umlauf_Li. R_MD_(Bau_Rheinstraßenbrücke)_220523_Bus_Kurs O-11.csv;0.9
;659.0;07:38:59;7;45.0;50.0;45.0;12.5;0.0;4139.775;-2.026;49.863731;8.626697;T;Deutsche-Telekom-Allee;asphalt;primary;;;;Cruise;Umlauf_Li. R_MD_(Bau_Rheinstraßenbrücke)_220523_Bus_Kurs O-11.csv;0.9
;660.0;07:39:00;7;45.0;50.0;45.0;12.5;0.0;4152.275;-1.861;49.863841;8.62666;T;Deutsche-Telekom-Allee;asphalt;primary;;;;Cruise;Umlauf_Li. R_MD_(Bau_Rheinstraßenbrücke)_220523_Bus_Kurs O-11.csv;0.9
;661.0;07:39:01;7;45.0;50.0;45.0;12.5;0.0;4164.775;-1.564;49.863951;8.626624;T;;asphalt;primary;;;;Cruise;Umlauf_Li. R_MD_(Bau_Rheinstraßenbrücke)_220523_Bus_Kurs O-11.csv;0.9
;662.0;07:39:02;7;45.0;50.0;45.0;12.5;0.0;4177.275;-1.088;49.864061;8.626588;T;;asphalt;primary;;;;Cruise;Umlauf_Li. R_MD_(Bau_Rheinstraßenbrücke)_220523_Bus_Kurs O-11.csv;0.9
;663.0;07:39:03;7;45.0;50.0;45.0;12.5;0.0;4189.775;-0.036;49.864171;8.626551;T;Deutsche-Telekom-Allee;asphalt;primary;;;;Cruise;Umlauf_Li. R_MD_(Bau_Rheinstraßenbrücke)_220523_Bus_Kurs O-11.csv;0.9
;664.0;07:39:04;7;45.0;50.0;45.0;12.5;0.0;4202.275;0.818;49.864281;8.626514;T;Deutsche-Telekom-Allee;asphalt;primary;;;;Cruise;Umlauf_Li. R_MD_(Bau_Rheinstraßenbrücke)_220523_Bus_Kurs O-11.csv;0.9
;665.0;07:39:05;7;45.0;50.0;45.0;12.5;0.0;4214.775;1.672;49.864391;8.626478;T;Deutsche-Telekom-Allee;asphalt;primary;;;;Cruise;Umlauf_Li. R_MD_(Bau_Rheinstraßenbrücke)_220523_Bus_Kurs O-11.csv;0.9
;666.0;07:39:06;7;45.0;50.0;45.0;12.5;0.0;4227.275;1.994;49.8645;8.626442;T;Deutsche-Telekom-Allee;asphalt;primary;;;;Cruise;Umlauf_Li. R_MD_(Bau_Rheinstraßenbrücke)_220523_Bus_Kurs O-11.csv;0.9
;667.0;07:39:07;7;45.0;50.0;45.0;12.5;0.0;4239.775;1.381;49.86461;8.626405;T;Deutsche-Telekom-Allee;asphalt;primary;;;;Cruise;Umlauf_Li. R_MD_(Bau_Rheinstraßenbrücke)_220523_Bus_Kurs O-11.csv;0.9
;668.0;07:39:08;7;45.0;50.0;45.0;12.5;0.0;4252.275;0.923;49.86472;8.626368;T;Deutsche-Telekom-Allee;asphalt;primary;;;;Cruise;Umlauf_Li. R_MD_(Bau_Rheinstraßenbrücke)_220523_Bus_Kurs O-11.csv;0.9
;669.0;07:39:09;7;45.0;50.0;45.0;12.5;0.0;4264.775;0.672;49.86483;8.626332;T;Deutsche-Telekom-Allee;asphalt;primary;;;;Cruise;Umlauf_Li. R_MD_(Bau_Rheinstraßenbrücke)_220523_Bus_Kurs O-11.csv;0.9
;670.0;07:39:10;7;45.0;50.0;45.0;12.5;0.0;4277.275;0.361;49.86494;8.626295;T;Deutsche-Telekom-Allee;asphalt;primary;;;;Cruise;Umlauf_Li. R_MD_(Bau_Rheinstraßenbrücke)_220523_Bus_Kurs O-11.csv;0.9
;671.0;07:39:11;7;45.0;50.0;45.0;12.5;0.0;4289.775;0.051;49.86505;8.626259;T;Deutsche-Telekom-Allee;asphalt;primary;;;;Cruise;Umlauf_Li. R_MD_(Bau_Rheinstraßenbrücke)_220523_Bus_Kurs O-11.csv;0.9
;672.0;07:39:12;7;45.0;50.0;45.0;12.5;0.0;4302.275;0.0;49.86516;8.626221;T;Deutsche-Telekom-Allee;asphalt;primary;;;;Cruise;Umlauf_Li. R_MD_(Bau_Rheinstraßenbrücke)_220523_Bus_Kurs O-11.csv;0.9
;673.0;07:39:13;7;45.0;50.0;45.0;12.5;0.0;4314.775;0.189;49.86527;8.626184;T;Deutsche-Telekom-Allee;asphalt;primary;;;;Cruise;Umlauf_Li. R_MD_(Bau_Rheinstraßenbrücke)_220523_Bus_Kurs O-11.csv;0.9
;674.0;07:39:14;7;45.0;50.0;45.0;12.5;0.0;4327.275;0.505;49.865379;8.626146;T;Deutsche-Telekom-Allee;asphalt;primary;;;;Cruise;Umlauf_Li. R_MD_(Bau_Rheinstraßenbrücke)_220523_Bus_Kurs O-11.csv;0.9
;675.0;07:39:15;7;45.0;50.0;45.0;12.5;0.0;4339.775;0.861;49.865489;8.626109;T;Deutsche-Telekom-Allee;asphalt;primary;;;;Cruise;Umlauf_Li. R_MD_(Bau_Rheinstraßenbrücke)_220523_Bus_Kurs O-11.csv;0.9
;676.0;07:39:16;7;45.0;50.0;45.0;12.5;0.0;4352.275;1.267;49.8656;8.626078;T;Deutsche-Telekom-Allee;asphalt;primary;;;;Cruise;Umlauf_Li. R_MD_(Bau_Rheinstraßenbrücke)_220523_Bus_Kurs O-11.csv;0.9
;677.0;07:39:17;7;45.0;50.0;45.0;12.5;0.0;4364.775;1.72;49.865711;8.626058;T;;asphalt;primary;;;;Cruise;Umlauf_Li. R_MD_(Bau_Rheinstraßenbrücke)_220523_Bus_Kurs O-11.csv;0.9
;678.0;07:39:18;7;45.0;50.0;45.0;12.5;0.0;4377.275;1.886;49.865823;8.626037;T;;asphalt;primary;;;;Cruise;Umlauf_Li. R_MD_(Bau_Rheinstraßenbrücke)_220523_Bus_Kurs O-11.csv;0.9
;679.0;07:39:19;7;45.0;50.0;45.0;12.5;0.0;4389.775;1.863;49.865934;8.626015;T;;asphalt;primary;;;;Cruise;Umlauf_Li. R_MD_(Bau_Rheinstraßenbrücke)_220523_Bus_Kurs O-11.csv;0.9
;680.0;07:39:20;7;45.0;50.0;45.0;12.5;0.0;4402.275;2.347;49.866046;8.625992;T;;asphalt;primary;;;;Cruise;Umlauf_Li. R_MD_(Bau_Rheinstraßenbrücke)_220523_Bus_Kurs O-11.csv;0.9
;681.0;07:39:21;7;45.0;50.0;45.0;12.5;0.0;4414.775;2.936;49.866157;8.625967;T;Deutsche-Telekom-Allee;asphalt;primary;;;;Cruise;Umlauf_Li. R_MD_(Bau_Rheinstraßenbrücke)_220523_Bus_Kurs O-11.csv;0.9
;682.0;07:39:22;7;45.0;50.0;45.0;12.5;0.0;4427.275;3.425;49.866267;8.62593;T;Deutsche-Telekom-Allee;asphalt;primary;;;;Cruise;Umlauf_Li. R_MD_(Bau_Rheinstraßenbrücke)_220523_Bus_Kurs O-11.csv;0.9
;683.0;07:39:23;7;45.0;50.0;45.0;12.5;0.0;4439.775;3.544;49.866377;8.625893;T;Deutsche-Telekom-Allee;asphalt;primary;;;;Cruise;Umlauf_Li. R_MD_(Bau_Rheinstraßenbrücke)_220523_Bus_Kurs O-11.csv;0.9
;684.0;07:39:24;7;45.0;50.0;45.0;12.5;-0.005;4452.275;3.657;49.866487;8.625856;T;Deutsche-Telekom-Allee;asphalt;primary;;;;Cruise;Umlauf_Li. R_MD_(Bau_Rheinstraßenbrücke)_220523_Bus_Kurs O-11.csv;0.9
;685.0;07:39:25;7;44.968;50.0;45.0;12.491;-0.342;4464.771;3.516;49.866596;8.625819;T;Deutsche-Telekom-Allee;asphalt;primary;;;;B;Umlauf_Li. R_MD_(Bau_Rheinstraßenbrücke)_220523_Bus_Kurs O-11.csv;0.9
;686.0;07:39:26;7;42.537;50.0;45.0;11.816;-0.833;4476.92;3.237;49.866703;8.625783;T;Deutsche-Telekom-Allee;asphalt;primary;;;;B;Umlauf_Li. R_MD_(Bau_Rheinstraßenbrücke)_220523_Bus_Kurs O-11.csv;0.9
;687.0;07:39:27;7;38.967;50.0;45.0;10.824;-0.996;4488.191;2.799;49.866804;8.625787;T;;asphalt;primary;;;;B;Umlauf_Li. R_MD_(Bau_Rheinstraßenbrücke)_220523_Bus_Kurs O-11.csv;0.9
;688.0;07:39:28;7;35.367;50.0;45.0;9.824;-1.0;4498.428;2.876;49.866876;8.625834;T;Deutsche-Telekom-Allee;asphalt;unclassified;;;;B;Umlauf_Li. R_MD_(Bau_Rheinstraßenbrücke)_220523_Bus_Kurs O-11.csv;0.9
;689.0;07:39:29;7;31.767;48.523;43.67;8.824;-1.0;4507.831;2.935;49.866899;8.62596;A;Ampel;asphalt;unclassified;;;;B;Umlauf_Li. R_MD_(Bau_Rheinstraßenbrücke)_220523_Bus_Kurs O-11.csv;0.9
;690.0;07:39:30;7;28.167;34.533;31.08;7.824;-0.662;4516.046;2.319;49.866919;8.62607;A;Ampel;asphalt;unclassified;;;;B;Umlauf_Li. R_MD_(Bau_Rheinstraßenbrücke)_220523_Bus_Kurs O-11.csv;0.9
;691.0;07:39:31;7;27.0;30.0;27.0;7.5;-0.162;4523.777;1.662;49.866941;8.626172;T;Mina-Rees-Straße;asphalt;unclassified;;;;B;Umlauf_Li. R_MD_(Bau_Rheinstraßenbrücke)_220523_Bus_Kurs O-11.csv;0.9
;692.0;07:39:32;7;27.0;30.0;27.0;7.5;0.0;4531.277;1.041;49.866965;8.62627;T;;asphalt;unclassified;;;;Cruise;Umlauf_Li. R_MD_(Bau_Rheinstraßenbrücke)_220523_Bus_Kurs O-11.csv;0.9
;693.0;07:39:33;7;27.0;30.0;27.0;7.5;0.0;4538.777;0.498;49.866985;8.626369;T;Mina-Rees-Straße;asphalt;unclassified;;;;Cruise;Umlauf_Li. R_MD_(Bau_Rheinstraßenbrücke)_220523_Bus_Kurs O-11.csv;0.9
;694.0;07:39:34;7;27.0;30.0;27.0;7.5;0.0;4546.277;-0.007;49.866992;8.626473;T;Mina-Rees-Straße;asphalt;unclassified;;;;Cruise;Umlauf_Li. R_MD_(Bau_Rheinstraßenbrücke)_220523_Bus_Kurs O-11.csv;0.9
;695.0;07:39:35;7;27.0;30.0;27.0;7.5;0.0;4553.777;-0.621;49.866998;8.626577;T;;asphalt;unclassified;;;;Cruise;Umlauf_Li. R_MD_(Bau_Rheinstraßenbrücke)_220523_Bus_Kurs O-11.csv;0.9
;696.0;07:39:36;7;27.0;30.0;27.0;7.5;0.0;4561.277;-1.238;49.867005;8.626681;T;Mina-Rees-Straße;asphalt;unclassified;;;;Cruise;Umlauf_Li. R_MD_(Bau_Rheinstraßenbrücke)_220523_Bus_Kurs O-11.csv;0.9
;697.0;07:39:37;7;27.0;30.0;27.0;7.5;0.0;4568.777;-1.331;49.867019;8.626784;T;Mina-Rees-Straße;asphalt;unclassified;;;;Cruise;Umlauf_Li. R_MD_(Bau_Rheinstraßenbrücke)_220523_Bus_Kurs O-11.csv;0.9
;698.0;07:39:38;7;27.0;30.0;27.0;7.5;0.0;4576.277;-1.423;49.867033;8.626886;T;Mina-Rees-Straße;asphalt;unclassified;;;;Cruise;Umlauf_Li. R_MD_(Bau_Rheinstraßenbrücke)_220523_Bus_Kurs O-11.csv;0.9
;699.0;07:39:39;7;27.0;30.0;27.0;7.5;0.0;4583.777;-1.52;49.867048;8.626988;T;Mina-Rees-Straße;asphalt;unclassified;;;;Cruise;Umlauf_Li. R_MD_(Bau_Rheinstraßenbrücke)_220523_Bus_Kurs O-11.csv;0.9
;700.0;07:39:40;7;27.0;30.0;27.0;7.5;0.0;4591.277;-1.611;49.867062;8.627091;T;Mina-Rees-Straße;asphalt;unclassified;;;;Cruise;Umlauf_Li. R_MD_(Bau_Rheinstraßenbrücke)_220523_Bus_Kurs O-11.csv;0.9
;701.0;07:39:41;7;27.0;30.0;27.0;7.5;0.0;4598.777;-1.668;49.867076;8.627193;T;Mina-Rees-Straße;asphalt;unclassified;;;;Cruise;Umlauf_Li. R_MD_(Bau_Rheinstraßenbrücke)_220523_Bus_Kurs O-11.csv;0.9
;702.0;07:39:42;7;27.0;30.0;27.0;7.5;0.0;4606.277;-1.684;49.86709;8.627295;T;Mina-Rees-Straße;asphalt;unclassified;;;;Cruise;Umlauf_Li. R_MD_(Bau_Rheinstraßenbrücke)_220523_Bus_Kurs O-11.csv;0.9
;703.0;07:39:43;7;27.0;30.0;27.0;7.5;0.0;4613.777;-1.653;49.867104;8.627398;T;Mina-Rees-Straße;asphalt;unclassified;;;;Cruise;Umlauf_Li. R_MD_(Bau_Rheinstraßenbrücke)_220523_Bus_Kurs O-11.csv;0.9
;704.0;07:39:44;7;27.0;30.0;27.0;7.5;0.0;4621.277;-1.597;49.867118;8.6275;T;Mina-Rees-Straße;asphalt;unclassified;;;;Cruise;Umlauf_Li. R_MD_(Bau_Rheinstraßenbrücke)_220523_Bus_Kurs O-11.csv;0.9
;705.0;07:39:45;7;27.0;30.0;27.0;7.5;0.0;4628.777;-1.556;49.867132;8.627602;T;Mina-Rees-Straße;asphalt;unclassified;;;;Cruise;Umlauf_Li. R_MD_(Bau_Rheinstraßenbrücke)_220523_Bus_Kurs O-11.csv;0.9
;706.0;07:39:46;7;27.0;30.0;27.0;7.5;0.0;4636.277;-1.521;49.867146;8.627705;T;;asphalt;unclassified;;;;Cruise;Umlauf_Li. R_MD_(Bau_Rheinstraßenbrücke)_220523_Bus_Kurs O-11.csv;0.9
;707.0;07:39:47;7;27.0;30.0;27.0;7.5;0.0;4643.777;-1.532;49.86716;8.627807;T;;asphalt;unclassified;;;;Cruise;Umlauf_Li. R_MD_(Bau_Rheinstraßenbrücke)_220523_Bus_Kurs O-11.csv;0.9
;708.0;07:39:48;7;27.0;30.0;27.0;7.5;0.0;4651.277;-1.536;49.867175;8.627909;T;Mina-Rees-Straße;asphalt;unclassified;;;;Cruise;Umlauf_Li. R_MD_(Bau_Rheinstraßenbrücke)_220523_Bus_Kurs O-11.csv;0.9
;709.0;07:39:49;7;27.0;30.0;27.0;7.5;0.0;4658.777;-1.524;49.867189;8.628012;T;Mina-Rees-Straße;asphalt;unclassified;;;;Cruise;Umlauf_Li. R_MD_(Bau_Rheinstraßenbrücke)_220523_Bus_Kurs O-11.csv;0.9
;710.0;07:39:50;7;27.0;30.0;27.0;7.5;0.0;4666.277;-1.402;49.867203;8.628114;T;;asphalt;unclassified;;;;Cruise;Umlauf_Li. R_MD_(Bau_Rheinstraßenbrücke)_220523_Bus_Kurs O-11.csv;0.9
;711.0;07:39:51;7;27.0;30.0;27.0;7.5;0.0;4673.777;-1.221;49.867217;8.628216;T;;asphalt;unclassified;;;;Cruise;Umlauf_Li. R_MD_(Bau_Rheinstraßenbrücke)_220523_Bus_Kurs O-11.csv;0.9
;712.0;07:39:52;7;27.0;30.0;27.0;7.5;0.0;4681.277;-1.063;49.867231;8.628319;T;Mina-Rees-Straße;asphalt;unclassified;;;;Cruise;Umlauf_Li. R_MD_(Bau_Rheinstraßenbrücke)_220523_Bus_Kurs O-11.csv;0.9
;713.0;07:39:53;7;27.0;30.0;27.0;7.5;0.0;4688.777;-0.903;49.867244;8.628421;T;;asphalt;unclassified;;;;Cruise;Umlauf_Li. R_MD_(Bau_Rheinstraßenbrücke)_220523_Bus_Kurs O-11.csv;0.9
;714.0;07:39:54;7;27.0;30.0;27.0;7.5;0.0;4696.277;-0.734;49.867259;8.628523;T;;asphalt;unclassified;;;;Cruise;Umlauf_Li. R_MD_(Bau_Rheinstraßenbrücke)_220523_Bus_Kurs O-11.csv;0.9
;715.0;07:39:55;7;27.0;30.0;27.0;7.5;0.0;4703.777;-0.566;49.867273;8.628626;T;;asphalt;unclassified;;;;Cruise;Umlauf_Li. R_MD_(Bau_Rheinstraßenbrücke)_220523_Bus_Kurs O-11.csv;0.9
;716.0;07:39:56;7;27.0;30.0;27.0;7.5;0.0;4711.277;-0.397;49.867287;8.628728;T;;asphalt;unclassified;;;;Cruise;Umlauf_Li. R_MD_(Bau_Rheinstraßenbrücke)_220523_Bus_Kurs O-11.csv;0.9
;717.0;07:39:57;7;27.0;30.0;27.0;7.5;0.0;4718.777;-0.217;49.8673;8.628831;T;Mina-Rees-Straße;asphalt;unclassified;;;;Cruise;Umlauf_Li. R_MD_(Bau_Rheinstraßenbrücke)_220523_Bus_Kurs O-11.csv;0.9
;718.0;07:39:58;7;27.0;30.0;27.0;7.5;0.0;4726.277;-0.015;49.867314;8.628933;T;Mina-Rees-Straße;asphalt;unclassified;;;;Cruise;Umlauf_Li. R_MD_(Bau_Rheinstraßenbrücke)_220523_Bus_Kurs O-11.csv;0.9
;719.0;07:39:59;7;27.0;30.0;27.0;7.5;0.0;4733.777;0.0;49.867328;8.629035;T;;asphalt;unclassified;;;;Cruise;Umlauf_Li. R_MD_(Bau_Rheinstraßenbrücke)_220523_Bus_Kurs O-11.csv;0.9
;720.0;07:40:00;7;27.0;30.0;27.0;7.5;0.0;4741.277;0.0;49.867342;8.629138;T;;asphalt;unclassified;;;;Cruise;Umlauf_Li. R_MD_(Bau_Rheinstraßenbrücke)_220523_Bus_Kurs O-11.csv;0.9
;721.0;07:40:01;7;27.0;30.0;27.0;7.5;0.0;4748.777;0.0;49.867356;8.62924;T;Mina-Rees-Straße;asphalt;unclassified;;;;Cruise;Umlauf_Li. R_MD_(Bau_Rheinstraßenbrücke)_220523_Bus_Kurs O-11.csv;0.9
;722.0;07:40:02;7;27.0;30.0;27.0;7.5;0.0;4756.277;0.0;49.867369;8.629343;A;Ampel;asphalt;unclassified;;;;Cruise;Umlauf_Li. R_MD_(Bau_Rheinstraßenbrücke)_220523_Bus_Kurs O-11.csv;0.9
;723.0;07:40:03;7;27.0;30.0;27.0;7.5;0.0;4763.777;0.0;49.867384;8.629445;A;Ampel;asphalt;unclassified;;;;Cruise;Umlauf_Li. R_MD_(Bau_Rheinstraßenbrücke)_220523_Bus_Kurs O-11.csv;0.9
;724.0;07:40:04;7;27.0;30.0;27.0;7.5;0.0;4771.277;0.0;49.867398;8.629547;T;Mina-Rees-Straße;asphalt;unclassified;;;;Cruise;Umlauf_Li. R_MD_(Bau_Rheinstraßenbrücke)_220523_Bus_Kurs O-11.csv;0.9
;725.0;07:40:05;7;27.0;30.0;27.0;7.5;0.466;4778.777;0.11;49.867411;8.62965;T;;asphalt;unclassified;;;;Acc;Umlauf_Li. R_MD_(Bau_Rheinstraßenbrücke)_220523_Bus_Kurs O-11.csv;0.9
;726.0;07:40:06;7;30.352;40.575;36.517;8.431;1.066;4786.96;0.219;49.867357;8.629693;T;Mina-Rees-Straße;asphalt;primary;;;;Acc;Umlauf_Li. R_MD_(Bau_Rheinstraßenbrücke)_220523_Bus_Kurs O-11.csv;0.9
;727.0;07:40:07;7;34.672;50.0;45.0;9.631;1.2;4795.866;0.326;49.867279;8.62972;T;Am Kavalleriesand;asphalt;primary;;;;Acc;Umlauf_Li. R_MD_(Bau_Rheinstraßenbrücke)_220523_Bus_Kurs O-11.csv;0.9
;728.0;07:40:08;7;38.992;50.0;45.0;10.831;1.2;4805.951;0.443;49.867191;8.629753;T;Am Kavalleriesand;asphalt;primary;;;;Acc;Umlauf_Li. R_MD_(Bau_Rheinstraßenbrücke)_220523_Bus_Kurs O-11.csv;0.9
;729.0;07:40:09;7;43.312;50.0;45.0;12.031;0.814;4817.475;0.576;49.86709;8.629791;T;Am Kavalleriesand;asphalt;primary;;;;Acc;Umlauf_Li. R_MD_(Bau_Rheinstraßenbrücke)_220523_Bus_Kurs O-11.csv;0.9
;730.0;07:40:10;7;44.852;50.0;45.0;12.459;0.234;4829.691;0.722;49.866983;8.629832;T;Am Kavalleriesand;asphalt;primary;;;;Acc;Umlauf_Li. R_MD_(Bau_Rheinstraßenbrücke)_220523_Bus_Kurs O-11.csv;0.9
;731.0;07:40:11;7;45.0;50.0;45.0;12.5;0.021;4842.17;0.775;49.866882;8.629906;T;Am Kavalleriesand;asphalt;primary;;;;Cruise;Umlauf_Li. R_MD_(Bau_Rheinstraßenbrücke)_220523_Bus_Kurs O-11.csv;0.9
;732.0;07:40:12;7;45.0;50.0;45.0;12.5;0.0;4854.67;0.543;49.866784;8.629989;T;;asphalt;primary;;;;Cruise;Umlauf_Li. R_MD_(Bau_Rheinstraßenbrücke)_220523_Bus_Kurs O-11.csv;0.9
;733.0;07:40:13;7;45.0;50.0;45.0;12.5;0.0;4867.17;0.213;49.866685;8.630072;T;;asphalt;primary;;;;Cruise;Umlauf_Li. R_MD_(Bau_Rheinstraßenbrücke)_220523_Bus_Kurs O-11.csv;0.9
;734.0;07:40:14;7;45.0;50.0;45.0;12.5;-0.363;4879.67;-0.157;49.866631;8.630213;T;Am Kavalleriesand;asphalt;primary;;;;B;Umlauf_Li. R_MD_(Bau_Rheinstraßenbrücke)_220523_Bus_Kurs O-11.csv;0.9
;735.0;07:40:15;7;42.385;50.0;45.0;11.774;-0.858;4891.841;-0.543;49.866598;8.630375;T;;asphalt;primary;;;;B;Umlauf_Li. R_MD_(Bau_Rheinstraßenbrücke)_220523_Bus_Kurs O-11.csv;0.9
;736.0;07:40:16;7;38.822;50.0;45.0;10.784;-0.995;4903.127;-0.729;49.866567;8.630525;T;;asphalt;primary;;;;B;Umlauf_Li. R_MD_(Bau_Rheinstraßenbrücke)_220523_Bus_Kurs O-11.csv;0.9
;737.0;07:40:17;7;35.222;50.0;45.0;9.784;-1.0;4913.403;-0.575;49.866578;8.630666;T;Stirnweg;asphalt;primary;;;;B;Umlauf_Li. R_MD_(Bau_Rheinstraßenbrücke)_220523_Bus_Kurs O-11.csv;0.9
;738.0;07:40:18;7;31.622;50.0;45.0;8.784;-1.0;4922.519;-0.226;49.866593;8.630791;T;Stirnweg;asphalt;primary;;;;B;Umlauf_Li. R_MD_(Bau_Rheinstraßenbrücke)_220523_Bus_Kurs O-11.csv;0.9
;739.0;07:40:19;7;28.022;50.0;45.0;7.784;-1.0;4930.702;0.136;49.866604;8.630904;T;Stirnweg;asphalt;primary;;;;B;Umlauf_Li. R_MD_(Bau_Rheinstraßenbrücke)_220523_Bus_Kurs O-11.csv;0.9
;740.0;07:40:20;7;24.422;50.0;45.0;6.784;-1.0;4938.194;0.494;49.866612;8.631008;T;Stirnweg;asphalt;primary;;;;B;Umlauf_Li. R_MD_(Bau_Rheinstraßenbrücke)_220523_Bus_Kurs O-11.csv;0.9
;741.0;07:40:21;7;20.822;50.0;45.0;5.784;-1.0;4943.973;0.748;49.866618;8.631088;T;;asphalt;primary;;;;B;Umlauf_Li. R_MD_(Bau_Rheinstraßenbrücke)_220523_Bus_Kurs O-11.csv;0.9
;742.0;07:40:22;7;17.222;50.0;45.0;4.784;-1.0;4949.498;0.987;49.866624;8.631164;T;;asphalt;primary;;;;B;Umlauf_Li. R_MD_(Bau_Rheinstraßenbrücke)_220523_Bus_Kurs O-11.csv;0.9
;743.0;07:40:23;7;13.622;50.0;45.0;3.784;-1.0;4952.989;1.129;49.866624;8.631212;T;Stirnweg;asphalt;primary;;;;B;Umlauf_Li. R_MD_(Bau_Rheinstraßenbrücke)_220523_Bus_Kurs O-11.csv;0.9
;744.0;07:40:24;7;10.022;50.0;45.0;2.784;-1.0;4955.187;1.208;49.866621;8.631243;T;Stirnweg;asphalt;primary;;;;B;Umlauf_Li. R_MD_(Bau_Rheinstraßenbrücke)_220523_Bus_Kurs O-11.csv;0.9
;745.0;07:40:25;7;6.422;50.0;45.0;1.784;-1.0;4957.384;1.288;49.866618;8.631273;T;Stirnweg;asphalt;primary;;;;B;Umlauf_Li. R_MD_(Bau_Rheinstraßenbrücke)_220523_Bus_Kurs O-11.csv;0.9
;746.0;07:40:26;7;2.822;50.0;45.0;0.784;-0.892;4959.582;1.368;49.866614;8.631303;T;Stirnweg;asphalt;primary;;;;B;Umlauf_Li. R_MD_(Bau_Rheinstraßenbrücke)_220523_Bus_Kurs O-11.csv;0.9
;747.0;07:40:27;7;0.0;50.0;45.0;0.0;-0.392;4961.304;1.43;49.866612;8.631327;W;Darmstadt Pfalzweg NHaardtring;asphalt;primary;Halt: Darmstadt Pfalzweg NHaardtring;;;Stand;Umlauf_Li. R_MD_(Bau_Rheinstraßenbrücke)_220523_Bus_Kurs O-11.csv;0.9
;748.0;07:40:28;7;0.0;50.0;45.0;0.0;0.0;4961.304;1.43;49.866612;8.631327;W;Darmstadt Pfalzweg NHaardtring;asphalt;primary;Halt: Darmstadt Pfalzweg NHaardtring;;;Stand;Umlauf_Li. R_MD_(Bau_Rheinstraßenbrücke)_220523_Bus_Kurs O-11.csv;0.9
;749.0;07:40:29;7;0.0;50.0;45.0;0.0;0.0;4961.304;1.43;49.866612;8.631327;W;Darmstadt Pfalzweg NHaardtring;asphalt;primary;Halt: Darmstadt Pfalzweg NHaardtring;;;Stand;Umlauf_Li. R_MD_(Bau_Rheinstraßenbrücke)_220523_Bus_Kurs O-11.csv;0.9
;750.0;07:40:30;7;0.0;50.0;45.0;0.0;0.0;4961.304;1.43;49.866612;8.631327;W;Darmstadt Pfalzweg NHaardtring;asphalt;primary;Halt: Darmstadt Pfalzweg NHaardtring;;;Stand;Umlauf_Li. R_MD_(Bau_Rheinstraßenbrücke)_220523_Bus_Kurs O-11.csv;0.9
;751.0;07:40:31;7;0.0;50.0;45.0;0.0;0.0;4961.304;1.43;49.866612;8.631327;W;Darmstadt Pfalzweg NHaardtring;asphalt;primary;Halt: Darmstadt Pfalzweg NHaardtring;;;Stand;Umlauf_Li. R_MD_(Bau_Rheinstraßenbrücke)_220523_Bus_Kurs O-11.csv;0.9
;752.0;07:40:32;7;0.0;50.0;45.0;0.0;0.0;4961.304;1.43;49.866612;8.631327;W;Darmstadt Pfalzweg NHaardtring;asphalt;primary;Halt: Darmstadt Pfalzweg NHaardtring;;;Stand;Umlauf_Li. R_MD_(Bau_Rheinstraßenbrücke)_220523_Bus_Kurs O-11.csv;0.9
;753.0;07:40:33;7;0.0;50.0;45.0;0.0;0.0;4961.304;1.43;49.866612;8.631327;W;Darmstadt Pfalzweg NHaardtring;asphalt;primary;Halt: Darmstadt Pfalzweg NHaardtring;;;Stand;Umlauf_Li. R_MD_(Bau_Rheinstraßenbrücke)_220523_Bus_Kurs O-11.csv;0.9
;754.0;07:40:34;7;0.0;50.0;45.0;0.0;0.0;4961.304;1.43;49.866612;8.631327;W;Darmstadt Pfalzweg NHaardtring;asphalt;primary;Halt: Darmstadt Pfalzweg NHaardtring;;;Stand;Umlauf_Li. R_MD_(Bau_Rheinstraßenbrücke)_220523_Bus_Kurs O-11.csv;0.9
;755.0;07:40:35;7;0.0;50.0;45.0;0.0;0.0;4961.304;1.43;49.866612;8.631327;W;Darmstadt Pfalzweg NHaardtring;asphalt;primary;Halt: Darmstadt Pfalzweg NHaardtring;;;Stand;Umlauf_Li. R_MD_(Bau_Rheinstraßenbrücke)_220523_Bus_Kurs O-11.csv;0.9
;756.0;07:40:36;7;0.0;50.0;45.0;0.0;0.0;4961.304;1.43;49.866612;8.631327;W;Darmstadt Pfalzweg NHaardtring;asphalt;primary;Halt: Darmstadt Pfalzweg NHaardtring;;;Stand;Umlauf_Li. R_MD_(Bau_Rheinstraßenbrücke)_220523_Bus_Kurs O-11.csv;0.9
;757.0;07:40:37;7;0.0;50.0;45.0;0.0;0.0;4961.304;1.43;49.866612;8.631327;W;Darmstadt Pfalzweg NHaardtring;asphalt;primary;Halt: Darmstadt Pfalzweg NHaardtring;;;Stand;Umlauf_Li. R_MD_(Bau_Rheinstraßenbrücke)_220523_Bus_Kurs O-11.csv;0.9
;758.0;07:40:38;7;0.0;50.0;45.0;0.0;0.0;4961.304;1.43;49.866612;8.631327;W;Darmstadt Pfalzweg NHaardtring;asphalt;primary;Halt: Darmstadt Pfalzweg NHaardtring;;;Stand;Umlauf_Li. R_MD_(Bau_Rheinstraßenbrücke)_220523_Bus_Kurs O-11.csv;0.9
;759.0;07:40:39;7;0.0;50.0;45.0;0.0;0.0;4961.304;1.43;49.866612;8.631327;W;Darmstadt Pfalzweg NHaardtring;asphalt;primary;Halt: Darmstadt Pfalzweg NHaardtring;;;Stand;Umlauf_Li. R_MD_(Bau_Rheinstraßenbrücke)_220523_Bus_Kurs O-11.csv;0.9
;760.0;07:40:40;7;0.0;50.0;45.0;0.0;0.0;4961.304;1.43;49.866612;8.631327;W;Darmstadt Pfalzweg NHaardtring;asphalt;primary;Halt: Darmstadt Pfalzweg NHaardtring;;;Stand;Umlauf_Li. R_MD_(Bau_Rheinstraßenbrücke)_220523_Bus_Kurs O-11.csv;0.9
;761.0;07:40:41;7;0.0;50.0;45.0;0.0;0.0;4961.304;1.43;49.866612;8.631327;W;Darmstadt Pfalzweg NHaardtring;asphalt;primary;Halt: Darmstadt Pfalzweg NHaardtring;;;Stand;Umlauf_Li. R_MD_(Bau_Rheinstraßenbrücke)_220523_Bus_Kurs O-11.csv;0.9
;762.0;07:40:42;7;0.0;50.0;45.0;0.0;0.0;4961.304;1.43;49.866612;8.631327;W;Darmstadt Pfalzweg NHaardtring;asphalt;primary;Halt: Darmstadt Pfalzweg NHaardtring;;;Stand;Umlauf_Li. R_MD_(Bau_Rheinstraßenbrücke)_220523_Bus_Kurs O-11.csv;0.9
;763.0;07:40:43;7;0.0;50.0;45.0;0.0;0.0;4961.304;1.43;49.866612;8.631327;W;Darmstadt Pfalzweg NHaardtring;asphalt;primary;Halt: Darmstadt Pfalzweg NHaardtring;;;Stand;Umlauf_Li. R_MD_(Bau_Rheinstraßenbrücke)_220523_Bus_Kurs O-11.csv;0.9
;764.0;07:40:44;7;0.0;50.0;45.0;0.0;0.0;4961.304;1.43;49.866612;8.631327;W;Darmstadt Pfalzweg NHaardtring;asphalt;primary;Halt: Darmstadt Pfalzweg NHaardtring;;;Stand;Umlauf_Li. R_MD_(Bau_Rheinstraßenbrücke)_220523_Bus_Kurs O-11.csv;0.9
;765.0;07:40:45;7;0.0;50.0;45.0;0.0;0.0;4961.304;1.43;49.866612;8.631327;W;Darmstadt Pfalzweg NHaardtring;asphalt;primary;Halt: Darmstadt Pfalzweg NHaardtring;;;Stand;Umlauf_Li. R_MD_(Bau_Rheinstraßenbrücke)_220523_Bus_Kurs O-11.csv;0.9
;766.0;07:40:46;7;0.0;50.0;45.0;0.0;0.0;4961.304;1.43;49.866612;8.631327;W;Darmstadt Pfalzweg NHaardtring;asphalt;primary;Halt: Darmstadt Pfalzweg NHaardtring;;;Stand;Umlauf_Li. R_MD_(Bau_Rheinstraßenbrücke)_220523_Bus_Kurs O-11.csv;0.9
;767.0;07:40:47;7;0.0;50.0;45.0;0.0;0.0;4961.304;1.43;49.866612;8.631327;W;Darmstadt Pfalzweg NHaardtring;asphalt;primary;Halt: Darmstadt Pfalzweg NHaardtring;;;Stand;Umlauf_Li. R_MD_(Bau_Rheinstraßenbrücke)_220523_Bus_Kurs O-11.csv;0.9
;768.0;07:40:48;7;0.0;50.0;45.0;0.0;0.13;4961.304;1.43;49.866612;8.631327;W;Darmstadt Pfalzweg NHaardtring;asphalt;primary;Halt: Darmstadt Pfalzweg NHaardtring;;;Stand;Umlauf_Li. R_MD_(Bau_Rheinstraßenbrücke)_220523_Bus_Kurs O-11.csv;0.9
;769.0;07:40:49;7;0.934;50.0;45.0;0.259;0.73;4961.871;1.466;49.866615;8.631333;W;Darmstadt Pfalzweg NHaardtring;asphalt;primary;Halt: Darmstadt Pfalzweg NHaardtring;;;Acc;Umlauf_Li. R_MD_(Bau_Rheinstraßenbrücke)_220523_Bus_Kurs O-11.csv;0.9
;770.0;07:40:50;7;5.254;50.0;45.0;1.459;1.2;4964.492;1.63;49.866631;8.63136;W;Darmstadt Pfalzweg NHaardtring;asphalt;primary;Halt: Darmstadt Pfalzweg NHaardtring;;;Acc;Umlauf_Li. R_MD_(Bau_Rheinstraßenbrücke)_220523_Bus_Kurs O-11.csv;0.9
;771.0;07:40:51;7;9.574;50.0;45.0;2.659;1.2;4967.113;1.795;49.866646;8.631388;W;Darmstadt Pfalzweg NHaardtring;asphalt;primary;Halt: Darmstadt Pfalzweg NHaardtring;;;Acc;Umlauf_Li. R_MD_(Bau_Rheinstraßenbrücke)_220523_Bus_Kurs O-11.csv;0.9
;772.0;07:40:52;7;13.894;50.0;45.0;3.859;1.2;4969.735;1.96;49.866662;8.631415;W;Darmstadt Pfalzweg NHaardtring;asphalt;primary;Halt: Darmstadt Pfalzweg NHaardtring;;;Acc;Umlauf_Li. R_MD_(Bau_Rheinstraßenbrücke)_220523_Bus_Kurs O-11.csv;0.9
;773.0;07:40:53;7;18.214;50.0;45.0;5.059;1.2;4972.356;2.125;49.866678;8.631443;W;Darmstadt Pfalzweg NHaardtring;asphalt;primary;Halt: Darmstadt Pfalzweg NHaardtring;;;Acc;Umlauf_Li. R_MD_(Bau_Rheinstraßenbrücke)_220523_Bus_Kurs O-11.csv;0.9
;774.0;07:40:54;7;22.534;50.0;45.0;6.259;1.2;4978.123;2.336;49.866712;8.631503;T;;asphalt;primary;;;;Acc;Umlauf_Li. R_MD_(Bau_Rheinstraßenbrücke)_220523_Bus_Kurs O-11.csv;0.9
;775.0;07:40:55;7;26.854;50.0;45.0;7.459;1.2;4984.511;2.556;49.86675;8.631569;T;Haardtring;asphalt;primary;;;;Acc;Umlauf_Li. R_MD_(Bau_Rheinstraßenbrücke)_220523_Bus_Kurs O-11.csv;0.9
;776.0;07:40:56;7;31.174;50.0;45.0;8.659;1.2;4992.748;2.778;49.866801;8.631654;T;Haardtring;asphalt;primary;;;;Acc;Umlauf_Li. R_MD_(Bau_Rheinstraßenbrücke)_220523_Bus_Kurs O-11.csv;0.9
;777.0;07:40:57;7;35.494;50.0;45.0;9.859;1.2;5001.997;3.14;49.866857;8.631748;T;;asphalt;primary;;;;Acc;Umlauf_Li. R_MD_(Bau_Rheinstraßenbrücke)_220523_Bus_Kurs O-11.csv;0.9
;778.0;07:40:58;7;39.814;50.0;45.0;11.059;1.077;5012.419;3.451;49.866921;8.631855;T;;asphalt;primary;;;;Acc;Umlauf_Li. R_MD_(Bau_Rheinstraßenbrücke)_220523_Bus_Kurs O-11.csv;0.9
;779.0;07:40:59;7;43.247;50.0;45.0;12.013;0.72;5023.989;3.541;49.866989;8.631977;T;Haardtring;asphalt;primary;;;;Acc;Umlauf_Li. R_MD_(Bau_Rheinstraßenbrücke)_220523_Bus_Kurs O-11.csv;0.9
;780.0;07:41:00;7;45.0;50.0;45.0;12.5;0.244;5036.199;3.273;49.867059;8.632109;T;Haardtring;asphalt;primary;;;;Acc;Umlauf_Li. R_MD_(Bau_Rheinstraßenbrücke)_220523_Bus_Kurs O-11.csv;0.9
;781.0;07:41:01;7;45.0;50.0;45.0;12.5;0.0;5048.699;2.468;49.86713;8.632244;T;Haardtring;asphalt;primary;;;;Cruise;Umlauf_Li. R_MD_(Bau_Rheinstraßenbrücke)_220523_Bus_Kurs O-11.csv;0.9
;782.0;07:41:02;7;45.0;50.0;45.0;12.5;0.0;5061.199;1.488;49.867201;8.632379;T;Haardtring;asphalt;primary;;;;Cruise;Umlauf_Li. R_MD_(Bau_Rheinstraßenbrücke)_220523_Bus_Kurs O-11.csv;0.9
;783.0;07:41:03;7;45.0;50.0;45.0;12.5;0.0;5073.699;0.758;49.867272;8.632515;T;Haardtring;asphalt;primary;;;;Cruise;Umlauf_Li. R_MD_(Bau_Rheinstraßenbrücke)_220523_Bus_Kurs O-11.csv;0.9
;784.0;07:41:04;7;45.0;50.0;45.0;12.5;0.0;5086.199;0.664;49.867342;8.632651;T;Haardtring;asphalt;primary;;;;Cruise;Umlauf_Li. R_MD_(Bau_Rheinstraßenbrücke)_220523_Bus_Kurs O-11.csv;0.9
;785.0;07:41:05;7;45.0;50.0;45.0;12.5;0.0;5098.699;0.72;49.867412;8.632786;T;Haardtring;asphalt;primary;;;;Cruise;Umlauf_Li. R_MD_(Bau_Rheinstraßenbrücke)_220523_Bus_Kurs O-11.csv;0.9
;786.0;07:41:06;7;45.0;50.0;45.0;12.5;0.0;5111.199;1.476;49.867483;8.632922;T;Haardtring;asphalt;primary;;;;Cruise;Umlauf_Li. R_MD_(Bau_Rheinstraßenbrücke)_220523_Bus_Kurs O-11.csv;0.9
;787.0;07:41:07;7;45.0;50.0;45.0;12.5;0.0;5123.699;2.177;49.867552;8.633059;T;;asphalt;primary;;;;Cruise;Umlauf_Li. R_MD_(Bau_Rheinstraßenbrücke)_220523_Bus_Kurs O-11.csv;0.9
;788.0;07:41:08;7;45.0;50.0;45.0;12.5;0.0;5136.199;2.242;49.867624;8.633194;T;Haardtring;asphalt;primary;;;;Cruise;Umlauf_Li. R_MD_(Bau_Rheinstraßenbrücke)_220523_Bus_Kurs O-11.csv;0.9
;789.0;07:41:09;7;45.0;50.0;45.0;12.5;0.0;5148.699;1.63;49.867698;8.633325;T;Haardtring;asphalt;primary;;;;Cruise;Umlauf_Li. R_MD_(Bau_Rheinstraßenbrücke)_220523_Bus_Kurs O-11.csv;0.9
;790.0;07:41:10;7;45.0;50.0;45.0;12.5;0.0;5161.199;0.878;49.867782;8.633439;T;Haardtring;asphalt;primary;;;;Cruise;Umlauf_Li. R_MD_(Bau_Rheinstraßenbrücke)_220523_Bus_Kurs O-11.csv;0.9
;791.0;07:41:11;7;45.0;50.0;45.0;12.5;0.0;5173.699;0.506;49.867874;8.63354;T;;asphalt;primary;;;;Cruise;Umlauf_Li. R_MD_(Bau_Rheinstraßenbrücke)_220523_Bus_Kurs O-11.csv;0.9
;792.0;07:41:12;7;45.0;50.0;45.0;12.5;0.0;5186.199;0.335;49.867965;8.633641;A;Ampel;asphalt;primary;;;;Cruise;Umlauf_Li. R_MD_(Bau_Rheinstraßenbrücke)_220523_Bus_Kurs O-11.csv;0.9
;793.0;07:41:13;7;45.0;50.0;45.0;12.5;0.0;5198.699;0.208;49.868061;8.633726;T;Haardtring;asphalt;primary;;;;Cruise;Umlauf_Li. R_MD_(Bau_Rheinstraßenbrücke)_220523_Bus_Kurs O-11.csv;0.9
;794.0;07:41:14;7;45.0;50.0;45.0;12.5;0.0;5211.199;-0.351;49.868173;8.633737;T;;asphalt;primary;;;;Cruise;Umlauf_Li. R_MD_(Bau_Rheinstraßenbrücke)_220523_Bus_Kurs O-11.csv;0.9
;795.0;07:41:15;7;45.0;50.0;45.0;12.5;0.0;5223.699;-0.728;49.868285;8.633748;T;;asphalt;primary;;;;Cruise;Umlauf_Li. R_MD_(Bau_Rheinstraßenbrücke)_220523_Bus_Kurs O-11.csv;0.9
;796.0;07:41:16;7;45.0;50.0;45.0;12.5;0.0;5236.199;-1.472;49.868397;8.63375;T;Berliner Allee;asphalt;primary;;;;Cruise;Umlauf_Li. R_MD_(Bau_Rheinstraßenbrücke)_220523_Bus_Kurs O-11.csv;0.9
;797.0;07:41:17;7;45.0;50.0;45.0;12.5;0.0;5248.699;-2.203;49.868505;8.633705;T;Berliner Allee;asphalt;primary;;;;Cruise;Umlauf_Li. R_MD_(Bau_Rheinstraßenbrücke)_220523_Bus_Kurs O-11.csv;0.9
;798.0;07:41:18;7;45.0;50.0;45.0;12.5;0.0;5261.199;-2.392;49.868614;8.633663;T;Berliner Allee;asphalt;primary;;;;Cruise;Umlauf_Li. R_MD_(Bau_Rheinstraßenbrücke)_220523_Bus_Kurs O-11.csv;0.9
;799.0;07:41:19;7;45.0;50.0;45.0;12.5;0.0;5273.699;-1.899;49.868723;8.633621;T;Berliner Allee;asphalt;primary;;;;Cruise;Umlauf_Li. R_MD_(Bau_Rheinstraßenbrücke)_220523_Bus_Kurs O-11.csv;0.9
;800.0;07:41:20;7;45.0;50.0;45.0;12.5;0.0;5286.199;-1.151;49.868833;8.633579;T;Berliner Allee;asphalt;primary;;;;Cruise;Umlauf_Li. R_MD_(Bau_Rheinstraßenbrücke)_220523_Bus_Kurs O-11.csv;0.9
;801.0;07:41:21;7;45.0;50.0;45.0;12.5;0.0;5298.699;-0.47;49.868942;8.633538;T;Berliner Allee;asphalt;primary;;;;Cruise;Umlauf_Li. R_MD_(Bau_Rheinstraßenbrücke)_220523_Bus_Kurs O-11.csv;0.9
;802.0;07:41:22;7;45.0;50.0;45.0;12.5;0.0;5311.199;0.031;49.869051;8.633496;T;Berliner Allee;asphalt;primary;;;;Cruise;Umlauf_Li. R_MD_(Bau_Rheinstraßenbrücke)_220523_Bus_Kurs O-11.csv;0.9
;803.0;07:41:23;7;45.0;50.0;45.0;12.5;0.0;5323.699;0.444;49.86916;8.633454;T;Berliner Allee;asphalt;primary;;;;Cruise;Umlauf_Li. R_MD_(Bau_Rheinstraßenbrücke)_220523_Bus_Kurs O-11.csv;0.9
;804.0;07:41:24;7;45.0;50.0;45.0;12.5;0.0;5336.199;0.755;49.869269;8.633412;T;Berliner Allee;asphalt;primary;;;;Cruise;Umlauf_Li. R_MD_(Bau_Rheinstraßenbrücke)_220523_Bus_Kurs O-11.csv;0.9
;805.0;07:41:25;7;45.0;50.0;45.0;12.5;0.0;5348.699;0.805;49.869378;8.63337;T;Berliner Allee;asphalt;primary;;;;Cruise;Umlauf_Li. R_MD_(Bau_Rheinstraßenbrücke)_220523_Bus_Kurs O-11.csv;0.9
;806.0;07:41:26;7;45.0;50.0;45.0;12.5;0.0;5361.199;1.056;49.869487;8.633329;T;;asphalt;primary;;;;Cruise;Umlauf_Li. R_MD_(Bau_Rheinstraßenbrücke)_220523_Bus_Kurs O-11.csv;0.9
;807.0;07:41:27;7;45.0;50.0;45.0;12.5;0.0;5373.699;1.257;49.869596;8.633286;T;Berliner Allee;asphalt;primary;;;;Cruise;Umlauf_Li. R_MD_(Bau_Rheinstraßenbrücke)_220523_Bus_Kurs O-11.csv;0.9
;808.0;07:41:28;7;45.0;50.0;45.0;12.5;0.0;5386.199;1.274;49.869706;8.633244;T;;asphalt;primary;;;;Cruise;Umlauf_Li. R_MD_(Bau_Rheinstraßenbrücke)_220523_Bus_Kurs O-11.csv;0.9
;809.0;07:41:29;7;45.0;50.0;45.0;12.5;0.0;5398.699;1.267;49.869815;8.633202;T;;asphalt;primary;;;;Cruise;Umlauf_Li. R_MD_(Bau_Rheinstraßenbrücke)_220523_Bus_Kurs O-11.csv;0.9
;810.0;07:41:30;7;45.0;50.0;45.0;12.5;0.0;5411.199;1.14;49.869924;8.63316;T;Berliner Allee;asphalt;primary;;;;Cruise;Umlauf_Li. R_MD_(Bau_Rheinstraßenbrücke)_220523_Bus_Kurs O-11.csv;0.9
;811.0;07:41:31;7;45.0;50.0;45.0;12.5;0.0;5423.699;0.938;49.870033;8.633117;T;Berliner Allee;asphalt;primary;;;;Cruise;Umlauf_Li. R_MD_(Bau_Rheinstraßenbrücke)_220523_Bus_Kurs O-11.csv;0.9
;812.0;07:41:32;7;45.0;50.0;45.0;12.5;0.0;5436.199;0.89;49.870144;8.633089;T;Berliner Allee;asphalt;primary;;;;Cruise;Umlauf_Li. R_MD_(Bau_Rheinstraßenbrücke)_220523_Bus_Kurs O-11.csv;0.9
;813.0;07:41:33;7;45.0;50.0;45.0;12.5;0.0;5448.699;0.42;49.870255;8.633065;T;;asphalt;primary;;;;Cruise;Umlauf_Li. R_MD_(Bau_Rheinstraßenbrücke)_220523_Bus_Kurs O-11.csv;0.9
;814.0;07:41:34;7;45.0;50.0;45.0;12.5;0.0;5461.199;-0.143;49.870364;8.633028;T;Berliner Allee;asphalt;primary;;;;Cruise;Umlauf_Li. R_MD_(Bau_Rheinstraßenbrücke)_220523_Bus_Kurs O-11.csv;0.9
;815.0;07:41:35;7;45.0;50.0;45.0;12.5;0.0;5473.699;-0.708;49.870462;8.632944;T;;asphalt;busway;;;;Cruise;Umlauf_Li. R_MD_(Bau_Rheinstraßenbrücke)_220523_Bus_Kurs O-11.csv;0.9
;816.0;07:41:36;7;45.0;50.0;45.0;12.5;0.0;5486.199;-1.27;49.870561;8.632861;T;;asphalt;busway;;;;Cruise;Umlauf_Li. R_MD_(Bau_Rheinstraßenbrücke)_220523_Bus_Kurs O-11.csv;0.9
;817.0;07:41:37;7;45.0;50.0;45.0;12.5;0.0;5498.699;-1.872;49.870659;8.632774;T;Am Hauptbahnhof;paving_stones;pedestrian;;;;Cruise;Umlauf_Li. R_MD_(Bau_Rheinstraßenbrücke)_220523_Bus_Kurs O-11.csv;0.9
;818.0;07:41:38;7;45.0;50.0;45.0;12.5;0.0;5511.199;-2.085;49.870757;8.632691;T;Am Hauptbahnhof;paving_stones;pedestrian;;;;Cruise;Umlauf_Li. R_MD_(Bau_Rheinstraßenbrücke)_220523_Bus_Kurs O-11.csv;0.9
;819.0;07:41:39;7;45.0;50.0;45.0;12.5;0.0;5523.699;-2.271;49.870856;8.632607;T;Am Hauptbahnhof;paving_stones;pedestrian;;;;Cruise;Umlauf_Li. R_MD_(Bau_Rheinstraßenbrücke)_220523_Bus_Kurs O-11.csv;0.9
;820.0;07:41:40;7;45.0;50.0;45.0;12.5;0.0;5536.199;-2.302;49.870954;8.632523;T;Am Hauptbahnhof;paving_stones;pedestrian;;;;Cruise;Umlauf_Li. R_MD_(Bau_Rheinstraßenbrücke)_220523_Bus_Kurs O-11.csv;0.9
;821.0;07:41:41;7;45.0;50.0;45.0;12.5;0.0;5548.699;-2.292;49.871053;8.632439;T;Am Hauptbahnhof;paving_stones;pedestrian;;;;Cruise;Umlauf_Li. R_MD_(Bau_Rheinstraßenbrücke)_220523_Bus_Kurs O-11.csv;0.9
;822.0;07:41:42;7;45.0;50.0;45.0;12.5;0.0;5561.199;-1.951;49.871152;8.632356;T;Am Hauptbahnhof;paving_stones;pedestrian;;;;Cruise;Umlauf_Li. R_MD_(Bau_Rheinstraßenbrücke)_220523_Bus_Kurs O-11.csv;0.9
;823.0;07:41:43;7;45.0;50.0;45.0;12.5;0.0;5573.699;-1.206;49.87125;8.632272;T;;paving_stones;pedestrian;;;;Cruise;Umlauf_Li. R_MD_(Bau_Rheinstraßenbrücke)_220523_Bus_Kurs O-11.csv;0.9
;824.0;07:41:44;7;45.0;50.0;45.0;12.5;-0.189;5586.199;-0.16;49.871349;8.632188;T;Am Hauptbahnhof;paving_stones;pedestrian;;;;B;Umlauf_Li. R_MD_(Bau_Rheinstraßenbrücke)_220523_Bus_Kurs O-11.csv;0.9
;825.0;07:41:45;7;43.641;50.0;45.0;12.122;-0.635;5598.528;0.693;49.871446;8.632105;T;;paving_stones;pedestrian;;;;B;Umlauf_Li. R_MD_(Bau_Rheinstraßenbrücke)_220523_Bus_Kurs O-11.csv;0.9
;826.0;07:41:46;7;40.43;50.0;45.0;11.231;-0.946;5610.23;1.379;49.871538;8.632026;T;Am Hauptbahnhof;paving_stones;pedestrian;;;;B;Umlauf_Li. R_MD_(Bau_Rheinstraßenbrücke)_220523_Bus_Kurs O-11.csv;0.9
;827.0;07:41:47;7;36.83;50.0;45.0;10.231;-1.0;5620.945;1.67;49.871622;8.631953;T;Am Hauptbahnhof;paving_stones;pedestrian;;;;B;Umlauf_Li. R_MD_(Bau_Rheinstraßenbrücke)_220523_Bus_Kurs O-11.csv;0.9
;828.0;07:41:48;7;33.23;50.0;45.0;9.231;-1.0;5630.623;1.518;49.871698;8.631886;T;Am Hauptbahnhof;paving_stones;pedestrian;;;;B;Umlauf_Li. R_MD_(Bau_Rheinstraßenbrücke)_220523_Bus_Kurs O-11.csv;0.9
;829.0;07:41:49;7;29.63;50.0;45.0;8.231;-1.0;5639.154;1.359;49.871766;8.631831;T;Am Hauptbahnhof;paving_stones;pedestrian;;;;B;Umlauf_Li. R_MD_(Bau_Rheinstraßenbrücke)_220523_Bus_Kurs O-11.csv;0.9
;830.0;07:41:50;7;26.03;50.0;45.0;7.231;-1.0;5647.204;1.24;49.871831;8.631782;T;;asphalt;pedestrian;;;;B;Umlauf_Li. R_MD_(Bau_Rheinstraßenbrücke)_220523_Bus_Kurs O-11.csv;0.9
;831.0;07:41:51;7;22.43;50.0;45.0;6.231;-1.0;5653.364;1.273;49.87188;8.631743;T;;asphalt;pedestrian;;;;B;Umlauf_Li. R_MD_(Bau_Rheinstraßenbrücke)_220523_Bus_Kurs O-11.csv;0.9
;832.0;07:41:52;7;18.83;50.0;45.0;5.231;-1.0;5659.525;1.305;49.871929;8.631704;T;;asphalt;pedestrian;;;;B;Umlauf_Li. R_MD_(Bau_Rheinstraßenbrücke)_220523_Bus_Kurs O-11.csv;0.9
;833.0;07:41:53;7;15.23;50.0;45.0;4.231;-1.0;5662.615;1.327;49.871955;8.631688;T;Am Hauptbahnhof;paving_stones;pedestrian;;;;B;Umlauf_Li. R_MD_(Bau_Rheinstraßenbrücke)_220523_Bus_Kurs O-11.csv;0.9
;834.0;07:41:54;7;11.63;50.0;45.0;3.231;-1.0;5665.155;1.346;49.871977;8.631677;T;Am Hauptbahnhof;paving_stones;pedestrian;;;;B;Umlauf_Li. R_MD_(Bau_Rheinstraßenbrücke)_220523_Bus_Kurs O-11.csv;0.9
;835.0;07:41:55;7;8.03;50.0;45.0;2.231;-1.0;5667.694;1.366;49.871999;8.631666;T;Am Hauptbahnhof;paving_stones;pedestrian;;;;B;Umlauf_Li. R_MD_(Bau_Rheinstraßenbrücke)_220523_Bus_Kurs O-11.csv;0.9
;836.0;07:41:56;7;4.43;50.0;45.0;1.231;-1.0;5670.233;1.386;49.87202;8.631655;T;Am Hauptbahnhof;paving_stones;pedestrian;;;;B;Umlauf_Li. R_MD_(Bau_Rheinstraßenbrücke)_220523_Bus_Kurs O-11.csv;0.9
;837.0;07:41:57;7;0.83;50.0;45.0;0.231;-0.615;5672.772;1.405;49.872042;8.631644;T;Am Hauptbahnhof;paving_stones;pedestrian;;;;B;Umlauf_Li. R_MD_(Bau_Rheinstraßenbrücke)_220523_Bus_Kurs O-11.csv;0.9
;838.0;07:41:58;7;0.0;50.0;45.0;0.0;-0.115;5673.358;1.41;49.872047;8.631641;W;Darmstadt Hauptbahnhof Ost;paving_stones;pedestrian;Halt: Darmstadt Hauptbahnhof Ost;07:41:00;07:41:00;Stand;Umlauf_Li. R_MD_(Bau_Rheinstraßenbrücke)_220523_Bus_Kurs O-11.csv;0.9
;839.0;07:41:59;7;0.0;50.0;45.0;0.0;0.0;5673.358;1.41;49.872047;8.631641;W;Darmstadt Hauptbahnhof Ost;paving_stones;pedestrian;Halt: Darmstadt Hauptbahnhof Ost;07:41:00;07:41:00;Stand;Umlauf_Li. R_MD_(Bau_Rheinstraßenbrücke)_220523_Bus_Kurs O-11.csv;0.9
;840.0;07:42:00;7;0.0;50.0;45.0;0.0;0.0;5673.358;1.41;49.872047;8.631641;W;Darmstadt Hauptbahnhof Ost;paving_stones;pedestrian;Halt: Darmstadt Hauptbahnhof Ost;07:41:00;07:41:00;Stand;Umlauf_Li. R_MD_(Bau_Rheinstraßenbrücke)_220523_Bus_Kurs O-11.csv;0.9
;841.0;07:42:01;7;0.0;50.0;45.0;0.0;0.0;5673.358;1.41;49.872047;8.631641;W;Darmstadt Hauptbahnhof Ost;paving_stones;pedestrian;Halt: Darmstadt Hauptbahnhof Ost;07:41:00;07:41:00;Stand;Umlauf_Li. R_MD_(Bau_Rheinstraßenbrücke)_220523_Bus_Kurs O-11.csv;0.9
;842.0;07:42:02;7;0.0;50.0;45.0;0.0;0.0;5673.358;1.41;49.872047;8.631641;W;Darmstadt Hauptbahnhof Ost;paving_stones;pedestrian;Halt: Darmstadt Hauptbahnhof Ost;07:41:00;07:41:00;Stand;Umlauf_Li. R_MD_(Bau_Rheinstraßenbrücke)_220523_Bus_Kurs O-11.csv;0.9
;843.0;07:42:03;7;0.0;50.0;45.0;0.0;0.0;5673.358;1.41;49.872047;8.631641;W;Darmstadt Hauptbahnhof Ost;paving_stones;pedestrian;Halt: Darmstadt Hauptbahnhof Ost;07:41:00;07:41:00;Stand;Umlauf_Li. R_MD_(Bau_Rheinstraßenbrücke)_220523_Bus_Kurs O-11.csv;0.9
;844.0;07:42:04;7;0.0;50.0;45.0;0.0;0.0;5673.358;1.41;49.872047;8.631641;W;Darmstadt Hauptbahnhof Ost;paving_stones;pedestrian;Halt: Darmstadt Hauptbahnhof Ost;07:41:00;07:41:00;Stand;Umlauf_Li. R_MD_(Bau_Rheinstraßenbrücke)_220523_Bus_Kurs O-11.csv;0.9
;845.0;07:42:05;7;0.0;50.0;45.0;0.0;0.0;5673.358;1.41;49.872047;8.631641;W;Darmstadt Hauptbahnhof Ost;paving_stones;pedestrian;Halt: Darmstadt Hauptbahnhof Ost;07:41:00;07:41:00;Stand;Umlauf_Li. R_MD_(Bau_Rheinstraßenbrücke)_220523_Bus_Kurs O-11.csv;0.9
;846.0;07:42:06;7;0.0;50.0;45.0;0.0;0.0;5673.358;1.41;49.872047;8.631641;W;Darmstadt Hauptbahnhof Ost;paving_stones;pedestrian;Halt: Darmstadt Hauptbahnhof Ost;07:41:00;07:41:00;Stand;Umlauf_Li. R_MD_(Bau_Rheinstraßenbrücke)_220523_Bus_Kurs O-11.csv;0.9
;847.0;07:42:07;7;0.0;50.0;45.0;0.0;0.0;5673.358;1.41;49.872047;8.631641;W;Darmstadt Hauptbahnhof Ost;paving_stones;pedestrian;Halt: Darmstadt Hauptbahnhof Ost;07:41:00;07:41:00;Stand;Umlauf_Li. R_MD_(Bau_Rheinstraßenbrücke)_220523_Bus_Kurs O-11.csv;0.9
;848.0;07:42:08;7;0.0;50.0;45.0;0.0;0.0;5673.358;1.41;49.872047;8.631641;W;Darmstadt Hauptbahnhof Ost;paving_stones;pedestrian;Halt: Darmstadt Hauptbahnhof Ost;07:41:00;07:41:00;Stand;Umlauf_Li. R_MD_(Bau_Rheinstraßenbrücke)_220523_Bus_Kurs O-11.csv;0.9
;849.0;07:42:09;7;0.0;50.0;45.0;0.0;0.0;5673.358;1.41;49.872047;8.631641;W;Darmstadt Hauptbahnhof Ost;paving_stones;pedestrian;Halt: Darmstadt Hauptbahnhof Ost;07:41:00;07:41:00;Stand;Umlauf_Li. R_MD_(Bau_Rheinstraßenbrücke)_220523_Bus_Kurs O-11.csv;0.9
;850.0;07:42:10;7;0.0;50.0;45.0;0.0;0.0;5673.358;1.41;49.872047;8.631641;W;Darmstadt Hauptbahnhof Ost;paving_stones;pedestrian;Halt: Darmstadt Hauptbahnhof Ost;07:41:00;07:41:00;Stand;Umlauf_Li. R_MD_(Bau_Rheinstraßenbrücke)_220523_Bus_Kurs O-11.csv;0.9
;851.0;07:42:11;7;0.0;50.0;45.0;0.0;0.0;5673.358;1.41;49.872047;8.631641;W;Darmstadt Hauptbahnhof Ost;paving_stones;pedestrian;Halt: Darmstadt Hauptbahnhof Ost;07:41:00;07:41:00;Stand;Umlauf_Li. R_MD_(Bau_Rheinstraßenbrücke)_220523_Bus_Kurs O-11.csv;0.9
;852.0;07:42:12;7;0.0;50.0;45.0;0.0;0.0;5673.358;1.41;49.872047;8.631641;W;Darmstadt Hauptbahnhof Ost;paving_stones;pedestrian;Halt: Darmstadt Hauptbahnhof Ost;07:41:00;07:41:00;Stand;Umlauf_Li. R_MD_(Bau_Rheinstraßenbrücke)_220523_Bus_Kurs O-11.csv;0.9
;853.0;07:42:13;7;0.0;50.0;45.0;0.0;0.0;5673.358;1.41;49.872047;8.631641;W;Darmstadt Hauptbahnhof Ost;paving_stones;pedestrian;Halt: Darmstadt Hauptbahnhof Ost;07:41:00;07:41:00;Stand;Umlauf_Li. R_MD_(Bau_Rheinstraßenbrücke)_220523_Bus_Kurs O-11.csv;0.9
;854.0;07:42:14;7;0.0;50.0;45.0;0.0;0.0;5673.358;1.41;49.872047;8.631641;W;Darmstadt Hauptbahnhof Ost;paving_stones;pedestrian;Halt: Darmstadt Hauptbahnhof Ost;07:41:00;07:41:00;Stand;Umlauf_Li. R_MD_(Bau_Rheinstraßenbrücke)_220523_Bus_Kurs O-11.csv;0.9
;855.0;07:42:15;7;0.0;50.0;45.0;0.0;0.0;5673.358;1.41;49.872047;8.631641;W;Darmstadt Hauptbahnhof Ost;paving_stones;pedestrian;Halt: Darmstadt Hauptbahnhof Ost;07:41:00;07:41:00;Stand;Umlauf_Li. R_MD_(Bau_Rheinstraßenbrücke)_220523_Bus_Kurs O-11.csv;0.9
;856.0;07:42:16;7;0.0;50.0;45.0;0.0;0.0;5673.358;1.41;49.872047;8.631641;W;Darmstadt Hauptbahnhof Ost;paving_stones;pedestrian;Halt: Darmstadt Hauptbahnhof Ost;07:41:00;07:41:00;Stand;Umlauf_Li. R_MD_(Bau_Rheinstraßenbrücke)_220523_Bus_Kurs O-11.csv;0.9
;857.0;07:42:17;7;0.0;50.0;45.0;0.0;0.0;5673.358;1.41;49.872047;8.631641;W;Darmstadt Hauptbahnhof Ost;paving_stones;pedestrian;Halt: Darmstadt Hauptbahnhof Ost;07:41:00;07:41:00;Stand;Umlauf_Li. R_MD_(Bau_Rheinstraßenbrücke)_220523_Bus_Kurs O-11.csv;0.9
;858.0;07:42:18;7;0.0;50.0;45.0;0.0;0.0;5673.358;1.41;49.872047;8.631641;W;Darmstadt Hauptbahnhof Ost;paving_stones;pedestrian;Halt: Darmstadt Hauptbahnhof Ost;07:41:00;07:41:00;Stand;Umlauf_Li. R_MD_(Bau_Rheinstraßenbrücke)_220523_Bus_Kurs O-11.csv;0.9
;859.0;07:42:19;7;0.0;50.0;45.0;0.0;0.0;5673.358;1.41;49.872047;8.631641;W;Darmstadt Hauptbahnhof Ost;paving_stones;pedestrian;Halt: Darmstadt Hauptbahnhof Ost;07:41:00;07:41:00;Stand;Umlauf_Li. R_MD_(Bau_Rheinstraßenbrücke)_220523_Bus_Kurs O-11.csv;0.9
;860.0;07:42:20;7;0.0;50.0;45.0;0.0;0.0;5673.358;1.41;49.872047;8.631641;W;Darmstadt Hauptbahnhof Ost;paving_stones;pedestrian;Halt: Darmstadt Hauptbahnhof Ost;07:41:00;07:41:00;Stand;Umlauf_Li. R_MD_(Bau_Rheinstraßenbrücke)_220523_Bus_Kurs O-11.csv;0.9
