Typ;Type;Name;Latitude;Longitude;Tempolimit;Ankunft;Abfahrt;Block_ID;Betriebstage;Service_ID;Details;Altitude (m);Roadgrade (%);Surface;Highway_Type;OSM_Name
Routenpunkt (Way);T;Am Mörsbach;49.940542;8.744024;30.0;;;;;;Interpoliert;172.0;0.0;asphalt;residential;Am Mörsbach
Haltestelle;W;Messel Am Mörsbach;49.940542;8.744024;30.0;07:02:00;07:02:00;Kein Umlauf;Mo,Di,Mi,Do,Fr;446.0;Original GTFS (Snap-Distanz 23m) | Auf Route gesnappt (3m);172.0;0.31;asphalt;residential;Am Mörsbach
Routenpunkt (Way);T;Am Mörsbach;49.9405;8.74415;30.0;;;;;;Interpoliert;172.0;0.38;asphalt;residential;Am Mörsbach
Routenpunkt (Way);T;Am Mörsbach;49.940459;8.744275;30.0;;;;;;Original OSM;172.12;0.49;asphalt;residential;Am Mörsbach
Routenpunkt (Way);T;Am Mörsbach;49.940439;8.744478;30.0;;;;;;Interpoliert;172.22;0.62;asphalt;residential;Am Mörsbach
Routenpunkt (Way);T;Am Mörsbach;49.940418;8.744682;30.0;;;;;;Interpoliert;172.3;0.49;asphalt;residential;Am Mörsbach
Routenpunkt (Way);T;Am Mörsbach;49.940398;8.744885;30.0;;;;;;Interpoliert;172.4;0.09;asphalt;residential;Am Mörsbach
Routenpunkt (Way);T;Am Mörsbach;49.940378;8.745089;30.0;;;;;;Original OSM;172.3;-0.18;asphalt;residential;Am Mörsbach
Routenpunkt (Way);T;Am Mörsbach;49.940357;8.74528;30.0;;;;;;Interpoliert;172.2;-0.43;asphalt;residential;Am Mörsbach
Routenpunkt (Way);T;Am Mörsbach;49.940336;8.745471;30.0;;;;;;Interpoliert;172.1;-0.71;asphalt;residential;Am Mörsbach
Routenpunkt (Way);T;Am Mörsbach;49.940315;8.745662;30.0;;;;;;Interpoliert;172.0;-0.58;asphalt;residential;Am Mörsbach
Routenpunkt (Way);T;Am Mörsbach;49.940294;8.745853;30.0;;;;;;Interpoliert;171.9;-0.67;asphalt;residential;Am Mörsbach
Routenpunkt (Way);T;Am Mörsbach;49.940272;8.746045;30.0;;;;;;Original OSM;171.9;-0.77;asphalt;residential;Am Mörsbach
Routenpunkt (Way);T;;49.94022;8.746127;30.0;;;;;;Interpoliert (15m);171.8;-0.82;asphalt;residential;Am Mörsbach
Routenpunkt (Way);T;Am Mörsbach;49.940168;8.74621;30.0;;;;;;Original OSM;171.7;-0.87;asphalt;residential;Am Mörsbach
Routenpunkt (Way);T;;49.940076;8.746196;30.0;;;;;;Interpoliert (15m);171.6;-0.7;asphalt;residential;Am Mörsbach
Routenpunkt (Way);T;Am Mörsbach;49.939983;8.746182;30.0;;;;;;Interpoliert;171.5;-0.29;asphalt;residential;Am Mörsbach
Routenpunkt (Way);T;Am Mörsbach;49.939876;8.746166;30.0;;;;;;Interpoliert;171.6;0.11;asphalt;residential;Am Mörsbach
Routenpunkt (Way);T;Am Mörsbach;49.939768;8.746151;30.0;;;;;;Interpoliert;171.7;0.47;asphalt;residential;Am Mörsbach
Routenpunkt (Way);T;Am Mörsbach;49.939661;8.746136;30.0;;;;;;Interpoliert;171.8;0.82;asphalt;residential;Am Mörsbach
Routenpunkt (Way);T;Am Mörsbach;49.939554;8.746121;30.0;;;;;;Original OSM;171.9;0.65;asphalt;residential;Am Mörsbach
Routenpunkt (Way);T;Am Mörsbach;49.939435;8.746103;30.0;;;;;;Interpoliert;172.0;0.49;asphalt;residential;Am Mörsbach
Routenpunkt (Way);T;Am Mörsbach;49.939317;8.746086;30.0;;;;;;Interpoliert;172.0;0.32;asphalt;residential;Am Mörsbach
Routenpunkt (Way);T;Am Mörsbach;49.939199;8.746069;30.0;;;;;;Interpoliert;172.0;0.15;asphalt;residential;Am Mörsbach
Routenpunkt (Way);T;Am Mörsbach;49.939081;8.746051;30.0;;;;;;Interpoliert;172.0;0.0;asphalt;residential;Am Mörsbach
Routenpunkt (Way);T;Berliner Straße;49.938962;8.746034;30.0;;;;;;Original OSM;172.0;0.46;asphalt;residential;Am Mörsbach
Routenpunkt (Way);T;Berliner Straße;49.938846;8.746006;30.0;;;;;;Interpoliert;172.0;0.92;asphalt;residential;Berliner Straße
Routenpunkt (Way);T;Berliner Straße;49.93873;8.745979;30.0;;;;;;Interpoliert;172.3;1.35;asphalt;residential;Berliner Straße
Routenpunkt (Way);T;Berliner Straße;49.938614;8.745951;30.0;;;;;;Original OSM;172.6;1.79;asphalt;residential;Berliner Straße
Routenpunkt (Way);T;Berliner Straße;49.93849;8.745958;30.0;;;;;;Interpoliert;172.9;2.22;asphalt;residential;Berliner Straße
Routenpunkt (Way);T;Berliner Straße;49.938366;8.745965;30.0;;;;;;Interpoliert;173.2;2.2;asphalt;residential;Berliner Straße
Routenpunkt (Way);T;Berliner Straße;49.938242;8.745972;30.0;;;;;;Interpoliert;173.5;2.17;asphalt;residential;Berliner Straße
Routenpunkt (Way);T;Berliner Straße;49.938117;8.745979;30.0;;;;;;Interpoliert;173.8;2.16;asphalt;residential;Berliner Straße
Routenpunkt (Way);T;Berliner Straße;49.937993;8.745986;30.0;;;;;;Original OSM;174.1;2.15;asphalt;residential;Berliner Straße
Routenpunkt (Way);T;Berliner Straße;49.937865;8.745991;30.0;;;;;;Interpoliert;174.4;2.13;asphalt;residential;Berliner Straße
Routenpunkt (Way);T;Berliner Straße;49.937737;8.745996;30.0;;;;;;Interpoliert;174.7;1.7;asphalt;residential;Berliner Straße
Routenpunkt (Way);T;Berliner Straße;49.93761;8.746001;30.0;;;;;;Interpoliert;175.0;1.27;asphalt;residential;Berliner Straße
Routenpunkt (Way);T;Berliner Straße;49.937482;8.746006;30.0;;;;;;Interpoliert;175.0;0.84;asphalt;residential;Berliner Straße
Routenpunkt (Way);T;Berliner Straße;49.937354;8.746011;30.0;;;;;;Interpoliert;175.0;0.28;asphalt;residential;Berliner Straße
Routenpunkt (Way);T;Berliner Straße;49.937226;8.746017;30.0;;;;;;Interpoliert;175.0;-0.28;asphalt;residential;Berliner Straße
Routenpunkt (Way);T;Berliner Straße;49.937098;8.746022;30.0;;;;;;Interpoliert;174.9;-0.54;asphalt;residential;Berliner Straße
Routenpunkt (Way);T;Berliner Straße;49.93697;8.746027;30.0;;;;;;Interpoliert;174.8;-0.8;asphalt;residential;Berliner Straße
Routenpunkt (Way);T;;49.936906;8.745988;30.0;;;;;;Interpoliert (15m);174.7;-1.0;asphalt;residential;Berliner Straße
Routenpunkt (Way);T;Berliner Straße;49.936841;8.745949;30.0;;;;;;Original OSM;174.6;-0.86;asphalt;residential;Kohlweg
Routenpunkt (Way);T;;49.936839;8.745809;30.0;;;;;;Interpoliert (15m);174.5;-0.72;asphalt;residential;Kohlweg
Routenpunkt (Way);T;Kohlweg;49.936836;8.745669;30.0;;;;;;Interpoliert;174.5;-0.46;asphalt;residential;Kohlweg
Routenpunkt (Way);T;Kohlweg;49.936834;8.745527;30.0;;;;;;Original OSM;174.5;-0.2;asphalt;residential;Kohlweg
Routenpunkt (Way);T;Kohlweg;49.936831;8.745343;30.0;;;;;;Interpoliert;174.5;0.0;asphalt;residential;Kohlweg
Routenpunkt (Way);T;Kohlweg;49.936829;8.745159;30.0;;;;;;Interpoliert;174.5;0.14;asphalt;residential;Kohlweg
Routenpunkt (Way);T;Kohlweg;49.936826;8.744975;30.0;;;;;;Interpoliert;174.5;0.39;asphalt;residential;Kohlweg
Routenpunkt (Way);T;Kohlweg;49.936824;8.744774;30.0;;;;;;Original OSM;174.6;0.89;asphalt;residential;Kohlweg
Routenpunkt (Way);T;;49.936822;8.744662;30.0;;;;;;Interpoliert (15m);174.7;1.39;asphalt;residential;Kohlweg
Routenpunkt (Way);T;Kohlweg;49.93682;8.74455;30.0;;;;;;Original OSM;174.9;1.9;asphalt;residential;Kohlweg
Routenpunkt (Way);T;;49.936816;8.74444;30.0;;;;;;Interpoliert (15m);175.1;2.0;asphalt;residential;Kohlweg
Routenpunkt (Way);T;Kohlweg;49.936812;8.744329;30.0;;;;;;Interpoliert;175.3;2.0;asphalt;residential;Kohlweg
Routenpunkt (Way);T;;49.936808;8.744216;30.0;;;;;;Interpoliert (15m);175.4;1.5;asphalt;residential;Kohlweg
Haltestelle;W;Messel Rathaus;49.936803;8.744102;30.0;07:04:00;07:04:00;Kein Umlauf;Mo,Di,Mi,Do,Fr;446.0;Original GTFS (Snap-Distanz 1m) | Auf Route gesnappt (4m);175.5;1.28;asphalt;residential;Kohlweg
Routenpunkt (Way);T;Kohlweg;49.936803;8.744102;30.0;;;;;;Original OSM;175.6;1.1;asphalt;residential;Kohlweg
Routenpunkt (Way);T;Kohlweg;49.936796;8.743905;30.0;;;;;;Original OSM;175.8;1.19;asphalt;residential;Kohlweg
Routenpunkt (Way);T;;49.936792;8.743735;30.0;;;;;;Interpoliert (15m);176.0;1.37;asphalt;residential;Kohlweg
Routenpunkt (Way);T;Kohlweg;49.936787;8.743565;30.0;;;;;;Original OSM;176.2;1.59;asphalt;residential;Kohlweg
Routenpunkt (Way);T;;49.936783;8.743436;30.0;;;;;;Interpoliert (15m);176.4;1.47;asphalt;residential;Kohlweg
Routenpunkt (Way);T;Kohlweg;49.936779;8.743307;30.0;;;;;;Original OSM;176.5;1.3;asphalt;residential;Kohlweg
Routenpunkt (Way);T;Sudetenstraße;49.936748;8.743146;30.0;;;;;;Original OSM;176.6;1.12;asphalt;residential;Sudetenstraße
Routenpunkt (Way);T;Sudetenstraße;49.93663;8.743126;30.0;;;;;;Interpoliert;176.7;0.84;asphalt;residential;Sudetenstraße
Routenpunkt (Way);T;Sudetenstraße;49.936513;8.743107;30.0;;;;;;Interpoliert;176.8;0.8;asphalt;residential;Sudetenstraße
Routenpunkt (Way);T;Sudetenstraße;49.936396;8.743087;30.0;;;;;;Original OSM;176.9;0.82;asphalt;residential;Sudetenstraße
Routenpunkt (Way);T;Sudetenstraße;49.936296;8.743068;30.0;;;;;;Interpoliert;177.0;0.84;asphalt;residential;Sudetenstraße
Routenpunkt (Way);T;Sudetenstraße;49.936197;8.74305;30.0;;;;;;Original OSM;177.1;0.86;asphalt;residential;Sudetenstraße
Routenpunkt (Way);T;Sudetenstraße;49.936094;8.74303;30.0;;;;;;Interpoliert;177.2;0.88;asphalt;residential;Sudetenstraße
Routenpunkt (Way);T;Sudetenstraße;49.935991;8.74301;30.0;;;;;;Interpoliert;177.3;0.87;asphalt;residential;Sudetenstraße
Routenpunkt (Way);T;Sudetenstraße;49.935887;8.74299;30.0;;;;;;Interpoliert;177.4;0.84;asphalt;residential;Sudetenstraße
Routenpunkt (Way);T;Sudetenstraße;49.935784;8.742971;30.0;;;;;;Original OSM;177.5;0.82;asphalt;residential;Sudetenstraße
Routenpunkt (Way);T;Sudetenstraße;49.935666;8.742982;30.0;;;;;;Interpoliert;177.6;1.11;asphalt;residential;Sudetenstraße
Routenpunkt (Way);T;Sudetenstraße;49.935549;8.742992;30.0;;;;;;Interpoliert;177.7;1.39;asphalt;residential;Sudetenstraße
Routenpunkt (Way);T;Sudetenstraße;49.935431;8.743003;30.0;;;;;;Interpoliert;178.0;1.68;asphalt;residential;Sudetenstraße
Routenpunkt (Way);T;Sudetenstraße;49.935313;8.743014;30.0;;;;;;Interpoliert;178.3;1.83;asphalt;residential;Sudetenstraße
Routenpunkt (Way);T;Sudetenstraße;49.935195;8.743024;30.0;;;;;;Interpoliert;178.6;1.98;asphalt;residential;Sudetenstraße
Routenpunkt (Way);T;Sudetenstraße;49.935077;8.743035;30.0;;;;;;Interpoliert;178.8;1.83;asphalt;residential;Sudetenstraße
Routenpunkt (Way);T;Sudetenstraße;49.93496;8.743046;30.0;;;;;;Interpoliert;179.0;1.7;asphalt;residential;Sudetenstraße
Routenpunkt (Way);T;Sudetenstraße;49.934842;8.743056;30.0;;;;;;Original OSM;179.2;1.56;asphalt;residential;Sudetenstraße
Routenpunkt (Way);T;Sudetenstraße;49.934731;8.743057;30.0;;;;;;Interpoliert;179.4;1.91;asphalt;residential;Sudetenstraße
Routenpunkt (Way);T;Sudetenstraße;49.93462;8.743058;30.0;;;;;;Interpoliert;179.6;2.25;asphalt;residential;Sudetenstraße
Routenpunkt (Way);T;Sudetenstraße;49.93451;8.743059;30.0;;;;;;Interpoliert;180.0;2.27;asphalt;residential;Sudetenstraße
Routenpunkt (Way);T;Sudetenstraße;49.934399;8.74306;30.0;;;;;;Original OSM;180.4;2.26;asphalt;residential;Sudetenstraße
Routenpunkt (Way);T;Sudetenstraße;49.934286;8.743061;30.0;;;;;;Interpoliert;180.6;2.26;asphalt;residential;Sudetenstraße
Routenpunkt (Way);T;Sudetenstraße;49.934174;8.743061;30.0;;;;;;Interpoliert;180.8;1.93;asphalt;residential;Sudetenstraße
Routenpunkt (Way);T;Sudetenstraße;49.934061;8.743062;30.0;;;;;;Interpoliert;181.0;1.57;asphalt;residential;Sudetenstraße
Routenpunkt (Way);T;Sudetenstraße;49.933949;8.743063;30.0;;;;;;Original OSM;181.2;1.54;asphalt;residential;Sudetenstraße
Routenpunkt (Way);T;Sudetenstraße;49.933826;8.743077;30.0;;;;;;Interpoliert;181.4;1.52;asphalt;residential;Sudetenstraße
Routenpunkt (Way);T;Sudetenstraße;49.933704;8.743091;30.0;;;;;;Interpoliert;181.6;1.49;asphalt;residential;Sudetenstraße
Routenpunkt (Way);T;Sudetenstraße;49.933581;8.743105;30.0;;;;;;Interpoliert;181.8;1.17;asphalt;residential;Sudetenstraße
Routenpunkt (Way);T;Sudetenstraße;49.933459;8.743119;30.0;;;;;;Interpoliert;182.0;0.88;asphalt;residential;Sudetenstraße
Routenpunkt (Way);T;Sudetenstraße;49.933336;8.743133;30.0;;;;;;Original OSM;182.0;0.59;asphalt;residential;Sudetenstraße
Routenpunkt (Way);T;Sudetenstraße;49.933214;8.743151;30.0;;;;;;Interpoliert;182.0;0.29;asphalt;residential;Sudetenstraße
Routenpunkt (Way);T;Sudetenstraße;49.933092;8.74317;30.0;;;;;;Interpoliert;182.0;0.0;asphalt;residential;Sudetenstraße
Routenpunkt (Way);T;Sudetenstraße;49.93297;8.743188;30.0;;;;;;Interpoliert;182.0;0.0;asphalt;residential;Sudetenstraße
Routenpunkt (Way);T;Sudetenstraße;49.932848;8.743206;30.0;;;;;;Interpoliert;182.0;0.2;asphalt;residential;Sudetenstraße
Routenpunkt (Way);T;Sudetenstraße;49.932726;8.743225;30.0;;;;;;Original OSM;182.0;0.39;asphalt;residential;Sudetenstraße
Routenpunkt (Way);T;Sudetenstraße;49.932635;8.743246;30.0;;;;;;Interpoliert;182.1;0.59;asphalt;residential;Sudetenstraße
Routenpunkt (Way);T;Sudetenstraße;49.932544;8.743266;30.0;;;;;;Interpoliert;182.2;0.75;asphalt;residential;Sudetenstraße
Routenpunkt (Way);T;Sudetenstraße;49.932453;8.743287;30.0;;;;;;Original OSM;182.3;0.92;asphalt;residential;Sudetenstraße
Routenpunkt (Way);T;Sudetenstraße;49.932345;8.743317;30.0;;;;;;Interpoliert;182.4;0.91;asphalt;residential;Sudetenstraße
Routenpunkt (Way);T;Sudetenstraße;49.932238;8.743347;30.0;;;;;;Interpoliert;182.5;0.91;asphalt;residential;Sudetenstraße
Routenpunkt (Way);T;;49.932147;8.74337;30.0;;;;;;Interpoliert (15m);182.6;0.88;asphalt;residential;Sudetenstraße
Routenpunkt (Way);T;Sudetenstraße;49.932055;8.743394;30.0;;;;;;Original OSM;182.7;0.89;asphalt;residential;Sudetenstraße
Routenpunkt (Way);T;;49.931948;8.743418;30.0;;;;;;Interpoliert (15m);182.8;0.86;asphalt;residential;Sudetenstraße
Routenpunkt (Way);T;Sudetenstraße;49.931841;8.743442;30.0;;;;;;Original OSM;182.9;0.66;asphalt;residential;Sudetenstraße
Routenpunkt (Way);T;Sudetenstraße;49.93171;8.743473;30.0;;;;;;Interpoliert;183.0;0.47;asphalt;residential;Sudetenstraße
Routenpunkt (Way);T;Sudetenstraße;49.931593;8.743502;30.0;;;;;;Interpoliert;183.0;0.3;asphalt;residential;Sudetenstraße
Routenpunkt (Way);T;Sudetenstraße;49.931476;8.74353;30.0;;;;;;Interpoliert;183.0;0.14;asphalt;residential;Sudetenstraße
Haltestelle;W;Messel Sudetenstraße;49.931476;8.74353;30.0;07:06:00;07:06:00;Kein Umlauf;Mo,Di,Mi,Do,Fr;446.0;Original GTFS (Snap-Distanz 1m) | Auf Route gesnappt (1m);183.0;0.0;asphalt;residential;Sudetenstraße
Routenpunkt (Way);T;;49.931376;8.743555;30.0;;;;;;Interpoliert (15m);183.0;0.0;asphalt;residential;Sudetenstraße
Routenpunkt (Way);T;;49.931275;8.743581;30.0;;;;;;Interpoliert (15m);183.0;-0.29;asphalt;residential;Sudetenstraße
Routenpunkt (Way);T;Sudetenstraße;49.931174;8.743607;30.0;;;;;;Original OSM;183.0;-0.59;asphalt;residential;Sudetenstraße
Routenpunkt (Way);T;;49.931052;8.743617;30.0;;;;;;Interpoliert (15m);182.8;-1.53;asphalt;residential;Sudetenstraße
Routenpunkt (Way);T;Sudetenstraße;49.93093;8.743628;30.0;;;;;;Original OSM;182.6;-2.48;asphalt;residential;Sudetenstraße
Routenpunkt (Way);T;;49.930897;8.743521;30.0;;;;;;Interpoliert (15m);182.2;-3.25;asphalt;residential;Im Kleepfad
Routenpunkt (Way);T;Im Kleepfad;49.930864;8.743414;30.0;;;;;;Interpoliert;181.8;-3.74;asphalt;residential;Im Kleepfad
Routenpunkt (Way);T;Im Kleepfad;49.930851;8.743271;30.0;;;;;;Original OSM;181.4;-4.22;asphalt;residential;Im Kleepfad
Routenpunkt (Way);T;Im Kleepfad;49.930836;8.743094;30.0;;;;;;Interpoliert;180.9;-4.06;asphalt;residential;Im Kleepfad
Routenpunkt (Way);T;Im Kleepfad;49.93082;8.742917;30.0;;;;;;Interpoliert;180.4;-4.0;asphalt;residential;Im Kleepfad
Routenpunkt (Way);T;Im Kleepfad;49.930805;8.74274;30.0;;;;;;Original OSM;179.9;-4.27;asphalt;residential;Im Kleepfad
Routenpunkt (Way);T;Im Kleepfad;49.930791;8.742583;30.0;;;;;;Interpoliert;179.4;-4.12;asphalt;residential;Im Kleepfad
Routenpunkt (Way);T;;49.930779;8.742451;30.0;;;;;;Interpoliert (15m);178.9;-3.97;asphalt;residential;Im Kleepfad
Routenpunkt (Way);T;Im Kleepfad;49.930766;8.742318;30.0;;;;;;Original OSM;178.6;-3.4;asphalt;residential;Im Kleepfad
Routenpunkt (Way);T;;49.930753;8.742187;30.0;;;;;;Interpoliert (15m);178.3;-2.65;asphalt;residential;Im Kleepfad
Routenpunkt (Way);T;Im Kleepfad;49.93074;8.742055;30.0;;;;;;Interpoliert;178.2;-1.77;asphalt;residential;Im Kleepfad
Routenpunkt (Way);T;Im Kleepfad;49.930721;8.741851;30.0;;;;;;Original OSM;178.1;-1.14;asphalt;residential;Im Kleepfad
Routenpunkt (Way);T;;49.930695;8.741687;30.0;;;;;;Interpoliert (15m);178.0;-0.51;asphalt;residential;Im Kleepfad
Routenpunkt (Way);T;Im Kleepfad;49.930668;8.741524;30.0;;;;;;Original OSM;178.0;-0.45;asphalt;residential;Im Kleepfad
Routenpunkt (Way);T;Roßdörfer Straße;49.930537;8.741522;30.0;;;;;;Interpoliert;178.0;-0.47;asphalt;residential;Roßdörfer Straße
Routenpunkt (Way);T;Roßdörfer Straße;49.930427;8.741596;30.0;;;;;;Interpoliert;177.9;-0.45;asphalt;residential;Roßdörfer Straße
Routenpunkt (Way);T;Roßdörfer Straße;49.930318;8.74167;30.0;;;;;;Interpoliert;177.8;-0.6;asphalt;residential;Roßdörfer Straße
Routenpunkt (Way);T;Roßdörfer Straße;49.930208;8.741744;30.0;;;;;;Interpoliert;177.7;-0.75;asphalt;residential;Roßdörfer Straße
Routenpunkt (Way);T;Roßdörfer Straße;49.930099;8.741818;30.0;;;;;;Interpoliert;177.6;-0.76;asphalt;residential;Roßdörfer Straße
Routenpunkt (Way);T;Roßdörfer Straße;49.92999;8.741892;30.0;;;;;;Original OSM;177.5;-0.76;asphalt;residential;Roßdörfer Straße
Routenpunkt (Way);T;Roßdörfer Straße;49.929881;8.74195;30.0;;;;;;Interpoliert;177.4;-0.77;asphalt;residential;Roßdörfer Straße
Routenpunkt (Way);T;Roßdörfer Straße;49.929772;8.742008;30.0;;;;;;Interpoliert;177.3;-0.94;asphalt;residential;Roßdörfer Straße
Routenpunkt (Way);T;Roßdörfer Straße;49.929662;8.742066;30.0;;;;;;Original OSM;177.2;-1.21;asphalt;residential;Roßdörfer Straße
Routenpunkt (Way);T;Roßdörfer Straße;49.929554;8.742098;30.0;;;;;;Interpoliert;177.0;-1.26;asphalt;residential;Roßdörfer Straße
Routenpunkt (Way);T;;49.929467;8.742115;30.0;;;;;;Interpoliert (15m);176.8;-1.25;asphalt;residential;Roßdörfer Straße
Routenpunkt (Way);T;Roßdörfer Straße;49.929381;8.742132;30.0;;;;;;Original OSM;176.7;-1.25;asphalt;unclassified;Roßdörfer Straße
Routenpunkt (Way);T;;49.929263;8.74213;30.0;;;;;;Interpoliert (15m);176.6;-1.07;asphalt;unclassified;Roßdörfer Straße
Routenpunkt (Way);T;Roßdörfer Straße;49.929146;8.742128;100.0;;;;;;Interpoliert;176.5;-0.81;asphalt;unclassified;Roßdörfer Straße
Routenpunkt (Way);T;Roßdörfer Straße;49.929017;8.742122;100.0;;;;;;Original OSM;176.4;-0.77;asphalt;unclassified;Roßdörfer Straße
Routenpunkt (Way);T;Roßdörfer Straße;49.928906;8.742101;100.0;;;;;;Interpoliert;176.3;-0.61;asphalt;unclassified;Roßdörfer Straße
Routenpunkt (Way);T;Roßdörfer Straße;49.928795;8.74208;100.0;;;;;;Original OSM;176.2;-0.46;asphalt;unclassified;Roßdörfer Straße
Routenpunkt (Way);T;Roßdörfer Straße;49.928702;8.742049;100.0;;;;;;Interpoliert;176.2;-0.16;asphalt;unclassified;Roßdörfer Straße
Routenpunkt (Way);T;;49.928607;8.741949;100.0;;;;;;Interpoliert (15m);176.2;0.15;asphalt;unclassified;Roßdörfer Straße
Routenpunkt (Way);T;;49.928513;8.741849;100.0;;;;;;Interpoliert (15m);176.3;0.47;asphalt;unclassified;Roßdörfer Straße
Routenpunkt (Way);T;Roßdörfer Straße;49.928418;8.741748;100.0;;;;;;Original OSM;176.4;0.62;asphalt;unclassified;Roßdörfer Straße
Routenpunkt (Way);T;;49.928396;8.741568;100.0;;;;;;Interpoliert (15m);176.5;0.8;asphalt;unclassified;Roßdörfer Straße
Routenpunkt (Way);T;Unbekannt;49.928374;8.741388;70.0;;;;;;Interpoliert;176.6;1.44;asphalt;secondary;
Routenpunkt (Way);T;Unbekannt;49.928453;8.741297;70.0;;;;;;Original OSM;176.7;2.09;asphalt;secondary;
Routenpunkt (Way);T;Unbekannt;49.928548;8.741205;70.0;;;;;;Interpoliert;177.2;2.73;asphalt;secondary;
Routenpunkt (Way);T;Unbekannt;49.928644;8.741114;70.0;;;;;;Interpoliert;177.7;2.58;asphalt;secondary;
Routenpunkt (Way);T;Unbekannt;49.92874;8.741022;70.0;;;;;;Original OSM;178.2;2.4;asphalt;secondary;
Routenpunkt (Way);T;Unbekannt;49.928825;8.740924;70.0;;;;;;Interpoliert;178.2;1.6;asphalt;secondary;
Routenpunkt (Way);T;Unbekannt;49.928911;8.740826;70.0;;;;;;Interpoliert;178.2;0.8;asphalt;secondary;
Routenpunkt (Way);T;Unbekannt;49.928997;8.740728;70.0;;;;;;Interpoliert;178.2;0.54;asphalt;secondary;
Routenpunkt (Way);T;Unbekannt;49.929082;8.74063;70.0;;;;;;Original OSM;178.2;1.07;asphalt;secondary;
Routenpunkt (Way);T;Unbekannt;49.929182;8.74049;70.0;;;;;;Interpoliert;178.6;1.61;asphalt;secondary;
Routenpunkt (Way);T;Unbekannt;49.929281;8.74035;70.0;;;;;;Interpoliert;179.0;1.61;asphalt;secondary;
Routenpunkt (Way);T;Unbekannt;49.929381;8.74021;70.0;;;;;;Original OSM;179.4;1.61;asphalt;secondary;
Routenpunkt (Way);T;Unbekannt;49.92946;8.740091;70.0;;;;;;Interpoliert;179.4;1.07;asphalt;secondary;
Routenpunkt (Way);T;Unbekannt;49.929538;8.739971;70.0;;;;;;Interpoliert;179.4;0.7;asphalt;secondary;
Routenpunkt (Way);T;Unbekannt;49.929617;8.739852;70.0;;;;;;Interpoliert;179.4;0.65;asphalt;secondary;
Routenpunkt (Way);T;Unbekannt;49.929695;8.739732;70.0;;;;;;Interpoliert;179.5;1.1;asphalt;secondary;
Routenpunkt (Way);T;Unbekannt;49.929774;8.739613;70.0;;;;;;Original OSM;179.8;1.55;asphalt;secondary;
Routenpunkt (Way);T;Unbekannt;49.929854;8.739473;70.0;;;;;;Interpoliert;180.1;1.4;asphalt;secondary;
Routenpunkt (Way);T;Unbekannt;49.929934;8.739334;70.0;;;;;;Interpoliert;180.4;1.09;asphalt;secondary;
Routenpunkt (Way);T;Unbekannt;49.930015;8.739195;70.0;;;;;;Interpoliert;180.3;0.45;asphalt;secondary;
Routenpunkt (Way);T;Unbekannt;49.930095;8.739056;70.0;;;;;;Interpoliert;180.2;0.3;asphalt;secondary;
Routenpunkt (Way);T;Unbekannt;49.930175;8.738917;70.0;;;;;;Interpoliert;180.1;0.16;asphalt;secondary;
Routenpunkt (Way);T;Unbekannt;49.930256;8.738778;70.0;;;;;;Original OSM;180.3;0.62;asphalt;secondary;
Routenpunkt (Way);T;Unbekannt;49.930331;8.73864;70.0;;;;;;Interpoliert;180.5;1.54;asphalt;secondary;
Routenpunkt (Way);T;Unbekannt;49.930406;8.738503;70.0;;;;;;Interpoliert;180.7;1.69;asphalt;secondary;
Routenpunkt (Way);T;Unbekannt;49.930482;8.738365;70.0;;;;;;Interpoliert;181.2;1.55;asphalt;secondary;
Routenpunkt (Way);T;Unbekannt;49.930557;8.738228;70.0;;;;;;Interpoliert;181.2;1.39;asphalt;secondary;
Routenpunkt (Way);T;Unbekannt;49.930632;8.73809;70.0;;;;;;Interpoliert;181.3;1.22;asphalt;secondary;
Routenpunkt (Way);T;Unbekannt;49.930708;8.737952;70.0;;;;;;Original OSM;181.4;0.59;asphalt;secondary;
Routenpunkt (Way);T;Unbekannt;49.930786;8.737797;70.0;;;;;;Interpoliert;181.5;0.73;asphalt;secondary;
Routenpunkt (Way);T;Unbekannt;49.930864;8.737641;70.0;;;;;;Interpoliert;181.6;0.3;asphalt;secondary;
Routenpunkt (Way);T;Unbekannt;49.930942;8.737486;70.0;;;;;;Interpoliert;181.7;0.42;asphalt;secondary;
Routenpunkt (Way);T;Unbekannt;49.93102;8.73733;70.0;;;;;;Interpoliert;181.5;0.57;asphalt;secondary;
Routenpunkt (Way);T;Unbekannt;49.931099;8.737174;70.0;;;;;;Interpoliert;181.7;0.72;asphalt;secondary;
Routenpunkt (Way);T;Unbekannt;49.931177;8.737018;70.0;;;;;;Original OSM;181.9;1.31;asphalt;secondary;
Routenpunkt (Way);T;Unbekannt;49.931249;8.736866;70.0;;;;;;Interpoliert;182.1;1.75;asphalt;secondary;
Routenpunkt (Way);T;Unbekannt;49.931321;8.736713;70.0;;;;;;Interpoliert;182.6;1.9;asphalt;secondary;
Routenpunkt (Way);T;Unbekannt;49.931393;8.73656;70.0;;;;;;Interpoliert;182.7;2.06;asphalt;secondary;
Routenpunkt (Way);T;Unbekannt;49.931465;8.736407;70.0;;;;;;Interpoliert;183.0;2.21;asphalt;secondary;
Routenpunkt (Way);T;Unbekannt;49.931538;8.736254;70.0;;;;;;Interpoliert;183.3;1.92;asphalt;secondary;
Routenpunkt (Way);T;Unbekannt;49.93161;8.736101;70.0;;;;;;Interpoliert;183.6;2.2;asphalt;secondary;
Routenpunkt (Way);T;Unbekannt;49.931682;8.735948;70.0;;;;;;Original OSM;183.9;1.76;asphalt;secondary;
Routenpunkt (Way);T;Unbekannt;49.931748;8.735783;70.0;;;;;;Interpoliert;184.2;1.31;asphalt;secondary;
Routenpunkt (Way);T;Unbekannt;49.931815;8.735618;70.0;;;;;;Interpoliert;184.2;0.87;asphalt;secondary;
Routenpunkt (Way);T;Unbekannt;49.931882;8.735452;70.0;;;;;;Interpoliert;184.2;0.43;asphalt;secondary;
Routenpunkt (Way);T;Unbekannt;49.931948;8.735287;70.0;;;;;;Interpoliert;184.2;0.43;asphalt;secondary;
Routenpunkt (Way);T;Unbekannt;49.932015;8.735121;70.0;;;;;;Interpoliert;184.2;1.0;asphalt;secondary;
Routenpunkt (Way);T;Unbekannt;49.932082;8.734956;70.0;;;;;;Interpoliert;184.5;1.57;asphalt;secondary;
Routenpunkt (Way);T;Unbekannt;49.932148;8.73479;70.0;;;;;;Interpoliert;184.9;1.15;asphalt;secondary;
Routenpunkt (Way);T;Unbekannt;49.932215;8.734625;70.0;;;;;;Interpoliert;185.3;0.72;asphalt;secondary;
Routenpunkt (Way);T;Unbekannt;49.932282;8.73446;70.0;;;;;;Interpoliert;185.0;-0.15;asphalt;secondary;
Routenpunkt (Way);T;Unbekannt;49.932348;8.734294;70.0;;;;;;Original OSM;184.7;-1.01;asphalt;secondary;
Routenpunkt (Way);T;Unbekannt;49.932413;8.734129;70.0;;;;;;Interpoliert;184.4;-1.87;asphalt;secondary;
Routenpunkt (Way);T;Unbekannt;49.932477;8.733963;70.0;;;;;;Interpoliert;184.2;-1.73;asphalt;secondary;
Routenpunkt (Way);T;Unbekannt;49.932541;8.733797;70.0;;;;;;Interpoliert;184.0;-1.59;asphalt;secondary;
Routenpunkt (Way);T;Unbekannt;49.932606;8.733632;70.0;;;;;;Interpoliert;183.8;-1.44;asphalt;secondary;
Routenpunkt (Way);T;Unbekannt;49.93267;8.733466;70.0;;;;;;Interpoliert;183.6;-1.88;asphalt;secondary;
Routenpunkt (Way);T;Unbekannt;49.932734;8.733301;70.0;;;;;;Interpoliert;183.4;-2.31;asphalt;secondary;
Routenpunkt (Way);T;Unbekannt;49.932798;8.733135;70.0;;;;;;Interpoliert;182.9;-1.73;asphalt;secondary;
Routenpunkt (Way);T;Unbekannt;49.932863;8.732969;70.0;;;;;;Original OSM;182.4;-1.14;asphalt;secondary;
Routenpunkt (Way);T;Unbekannt;49.932918;8.732802;70.0;;;;;;Interpoliert;182.6;-0.56;asphalt;secondary;
Routenpunkt (Way);T;Unbekannt;49.932974;8.732634;70.0;;;;;;Interpoliert;182.8;0.61;asphalt;secondary;
Routenpunkt (Way);T;Unbekannt;49.933029;8.732466;70.0;;;;;;Interpoliert;183.0;1.78;asphalt;secondary;
Routenpunkt (Way);T;Unbekannt;49.933084;8.732298;70.0;;;;;;Interpoliert;183.3;1.93;asphalt;secondary;
Routenpunkt (Way);T;Unbekannt;49.93314;8.73213;70.0;;;;;;Interpoliert;183.6;2.07;asphalt;secondary;
Routenpunkt (Way);T;Unbekannt;49.933195;8.731962;70.0;;;;;;Interpoliert;183.9;2.2;asphalt;secondary;
Routenpunkt (Way);T;Unbekannt;49.93325;8.731794;70.0;;;;;;Interpoliert;184.2;2.26;asphalt;secondary;
Routenpunkt (Way);T;Kranichsteiner Straße;49.933257;8.731594;70.0;;;;;;Original OSM;184.5;2.32;asphalt;secondary;Kranichsteiner Straße
Routenpunkt (Way);T;;49.933158;8.731529;70.0;;;;;;Interpoliert (15m);184.8;2.59;asphalt;secondary;Kranichsteiner Straße
Routenpunkt (Way);T;Kranichsteiner Straße;49.93306;8.731465;70.0;;;;;;Interpoliert;185.1;2.87;asphalt;secondary;Kranichsteiner Straße
Routenpunkt (Way);T;Kranichsteiner Straße;49.932944;8.731389;70.0;;;;;;Interpoliert;185.6;3.17;asphalt;secondary;Kranichsteiner Straße
Routenpunkt (Way);T;Kranichsteiner Straße;49.932829;8.731314;70.0;;;;;;Interpoliert;186.1;2.95;asphalt;secondary;Kranichsteiner Straße
Routenpunkt (Way);T;Kranichsteiner Straße;49.932714;8.731238;70.0;;;;;;Interpoliert;186.6;2.59;asphalt;secondary;Kranichsteiner Straße
Routenpunkt (Way);T;Kranichsteiner Straße;49.932599;8.731162;70.0;;;;;;Interpoliert;186.8;2.01;asphalt;secondary;Kranichsteiner Straße
Routenpunkt (Way);T;Kranichsteiner Straße;49.932484;8.731087;70.0;;;;;;Interpoliert;186.9;1.44;asphalt;secondary;Kranichsteiner Straße
Routenpunkt (Way);T;Kranichsteiner Straße;49.932369;8.731011;70.0;;;;;;Interpoliert;187.0;0.86;asphalt;secondary;Kranichsteiner Straße
Routenpunkt (Way);T;Kranichsteiner Straße;49.932254;8.730935;70.0;;;;;;Interpoliert;187.1;0.43;asphalt;secondary;Kranichsteiner Straße
Routenpunkt (Way);T;Kranichsteiner Straße;49.932138;8.73086;70.0;;;;;;Interpoliert;187.2;0.14;asphalt;secondary;Kranichsteiner Straße
Routenpunkt (Way);T;Kranichsteiner Straße;49.932023;8.730784;70.0;;;;;;Interpoliert;187.1;-0.43;asphalt;secondary;Kranichsteiner Straße
Routenpunkt (Way);T;Kranichsteiner Straße;49.931908;8.730709;70.0;;;;;;Interpoliert;187.0;-0.98;asphalt;secondary;Kranichsteiner Straße
Routenpunkt (Way);T;Kranichsteiner Straße;49.931793;8.730633;70.0;;;;;;Original OSM;186.7;-1.26;asphalt;secondary;Kranichsteiner Straße
Routenpunkt (Way);T;Kranichsteiner Straße;49.93168;8.730522;70.0;;;;;;Interpoliert;186.4;-1.25;asphalt;secondary;Kranichsteiner Straße
Routenpunkt (Way);T;Kranichsteiner Straße;49.931568;8.730411;70.0;;;;;;Interpoliert;186.3;-1.11;asphalt;secondary;
Routenpunkt (Way);T;Kranichsteiner Straße;49.931456;8.730301;70.0;;;;;;Interpoliert;186.2;-1.08;asphalt;secondary;
Routenpunkt (Way);T;Kranichsteiner Straße;49.931343;8.73019;70.0;;;;;;Interpoliert;186.2;-1.08;asphalt;secondary;
Routenpunkt (Way);T;Kranichsteiner Straße;49.931231;8.730079;70.0;;;;;;Interpoliert;185.9;-1.35;asphalt;secondary;
Routenpunkt (Way);T;Kranichsteiner Straße;49.931118;8.729968;70.0;;;;;;Interpoliert;185.6;-1.35;asphalt;secondary;
Routenpunkt (Way);T;Kranichsteiner Straße;49.931006;8.729857;70.0;;;;;;Interpoliert;185.3;-1.49;asphalt;secondary;
Routenpunkt (Way);T;Kranichsteiner Straße;49.930893;8.729747;70.0;;;;;;Interpoliert;185.2;-1.22;asphalt;secondary;
Routenpunkt (Way);T;Kranichsteiner Straße;49.930781;8.729636;70.0;;;;;;Interpoliert;185.1;-0.95;asphalt;secondary;
Routenpunkt (Way);T;Kranichsteiner Straße;49.930668;8.729525;70.0;;;;;;Interpoliert;185.0;-1.49;asphalt;secondary;
Routenpunkt (Way);T;Kranichsteiner Straße;49.930556;8.729414;70.0;;;;;;Interpoliert;184.9;-2.3;asphalt;secondary;
Routenpunkt (Way);T;Kranichsteiner Straße;49.930444;8.729304;70.0;;;;;;Interpoliert;184.2;-3.11;asphalt;secondary;Kranichsteiner Straße
Routenpunkt (Way);T;Kranichsteiner Straße;49.930331;8.729193;70.0;;;;;;Interpoliert;183.5;-3.51;asphalt;secondary;Kranichsteiner Straße
Routenpunkt (Way);T;Kranichsteiner Straße;49.930219;8.729082;70.0;;;;;;Interpoliert;182.8;-3.92;asphalt;secondary;Kranichsteiner Straße
Routenpunkt (Way);T;Kranichsteiner Straße;49.930106;8.728971;70.0;;;;;;Interpoliert;182.4;-3.51;asphalt;secondary;Kranichsteiner Straße
Routenpunkt (Way);T;Kranichsteiner Straße;49.929994;8.72886;70.0;;;;;;Interpoliert;182.0;-3.11;asphalt;secondary;Kranichsteiner Straße
Routenpunkt (Way);T;Kranichsteiner Straße;49.929881;8.72875;70.0;;;;;;Interpoliert;181.6;-2.7;asphalt;secondary;Kranichsteiner Straße
Routenpunkt (Way);T;Kranichsteiner Straße;49.929769;8.728639;70.0;;;;;;Interpoliert;181.2;-3.11;asphalt;secondary;Kranichsteiner Straße
Routenpunkt (Way);T;Kranichsteiner Straße;49.929656;8.728528;70.0;;;;;;Interpoliert;180.8;-3.51;asphalt;secondary;Kranichsteiner Straße
Routenpunkt (Way);T;Kranichsteiner Straße;49.929544;8.728417;70.0;;;;;;Interpoliert;180.1;-3.38;asphalt;secondary;Kranichsteiner Straße
Routenpunkt (Way);T;Kranichsteiner Straße;49.929431;8.728306;70.0;;;;;;Interpoliert;179.4;-3.24;asphalt;secondary;Kranichsteiner Straße
Routenpunkt (Way);T;Kranichsteiner Straße;49.929319;8.728196;70.0;;;;;;Interpoliert;179.1;-3.11;asphalt;secondary;Kranichsteiner Straße
Routenpunkt (Way);T;Kranichsteiner Straße;49.929207;8.728085;70.0;;;;;;Interpoliert;178.8;-2.43;asphalt;secondary;Kranichsteiner Straße
Routenpunkt (Way);T;Kranichsteiner Straße;49.929094;8.727974;70.0;;;;;;Interpoliert;178.5;-1.76;asphalt;secondary;Kranichsteiner Straße
Routenpunkt (Way);T;Kranichsteiner Straße;49.928982;8.727863;70.0;;;;;;Interpoliert;178.3;-1.76;asphalt;secondary;Kranichsteiner Straße
Routenpunkt (Way);T;Kranichsteiner Straße;49.928869;8.727752;70.0;;;;;;Interpoliert;178.1;-1.77;asphalt;secondary;Kranichsteiner Straße
Routenpunkt (Way);T;Kranichsteiner Straße;49.928757;8.727642;70.0;;;;;;Original OSM;177.8;-1.77;asphalt;secondary;Kranichsteiner Straße
Routenpunkt (Way);T;Kranichsteiner Straße;49.928649;8.727528;70.0;;;;;;Interpoliert;177.5;-1.5;asphalt;secondary;Kranichsteiner Straße
Routenpunkt (Way);T;Kranichsteiner Straße;49.928542;8.727413;70.0;;;;;;Interpoliert;177.2;-1.23;asphalt;secondary;
Routenpunkt (Way);T;Kranichsteiner Straße;49.928434;8.727299;70.0;;;;;;Interpoliert;177.2;-1.1;asphalt;secondary;
Routenpunkt (Way);T;Kranichsteiner Straße;49.928327;8.727185;70.0;;;;;;Interpoliert;177.2;-0.97;asphalt;secondary;
Routenpunkt (Way);T;Kranichsteiner Straße;49.928219;8.727071;70.0;;;;;;Interpoliert;177.0;-0.83;asphalt;secondary;
Routenpunkt (Way);T;Kranichsteiner Straße;49.928111;8.726957;70.0;;;;;;Interpoliert;176.8;-1.66;asphalt;secondary;
Routenpunkt (Way);T;Kranichsteiner Straße;49.928004;8.726843;70.0;;;;;;Interpoliert;176.6;-2.49;asphalt;secondary;
Routenpunkt (Way);T;Kranichsteiner Straße;49.927896;8.726729;70.0;;;;;;Interpoliert;176.0;-2.9;asphalt;secondary;
Routenpunkt (Way);T;Kranichsteiner Straße;49.927789;8.726615;70.0;;;;;;Interpoliert;175.4;-3.31;asphalt;secondary;
Routenpunkt (Way);T;Kranichsteiner Straße;49.927681;8.726501;70.0;;;;;;Interpoliert;174.9;-4.0;asphalt;secondary;
Routenpunkt (Way);T;Kranichsteiner Straße;49.927574;8.726386;70.0;;;;;;Interpoliert;174.4;-4.14;asphalt;secondary;
Routenpunkt (Way);T;Kranichsteiner Straße;49.927466;8.726272;70.0;;;;;;Interpoliert;173.7;-4.28;asphalt;secondary;
Routenpunkt (Way);T;Kranichsteiner Straße;49.927358;8.726158;70.0;;;;;;Interpoliert;173.0;-4.28;asphalt;secondary;
Routenpunkt (Way);T;Kranichsteiner Straße;49.927251;8.726044;70.0;;;;;;Interpoliert;172.3;-4.14;asphalt;secondary;
Routenpunkt (Way);T;Kranichsteiner Straße;49.927143;8.72593;70.0;;;;;;Interpoliert;171.8;-3.73;asphalt;secondary;
Routenpunkt (Way);T;Kranichsteiner Straße;49.927036;8.725816;70.0;;;;;;Interpoliert;171.4;-2.9;asphalt;secondary;
Routenpunkt (Way);T;Kranichsteiner Straße;49.926928;8.725702;70.0;;;;;;Interpoliert;171.0;-2.07;asphalt;secondary;
Routenpunkt (Way);T;Kranichsteiner Straße;49.92682;8.725588;70.0;;;;;;Interpoliert;170.9;-1.66;asphalt;secondary;
Routenpunkt (Way);T;Kranichsteiner Straße;49.926713;8.725474;70.0;;;;;;Interpoliert;170.8;-1.38;asphalt;secondary;Kranichsteiner Straße
Routenpunkt (Way);T;Kranichsteiner Straße;49.926605;8.725359;70.0;;;;;;Interpoliert;170.6;-0.83;asphalt;secondary;Kranichsteiner Straße
Routenpunkt (Way);T;Kranichsteiner Straße;49.926498;8.725245;70.0;;;;;;Interpoliert;170.4;-0.69;asphalt;secondary;Kranichsteiner Straße
Routenpunkt (Way);T;Kranichsteiner Straße;49.92639;8.725131;70.0;;;;;;Interpoliert;170.4;-0.14;asphalt;secondary;Kranichsteiner Straße
Routenpunkt (Way);T;Kranichsteiner Straße;49.926283;8.725017;70.0;;;;;;Interpoliert;170.4;0.55;asphalt;secondary;Kranichsteiner Straße
Routenpunkt (Way);T;Kranichsteiner Straße;49.926175;8.724903;70.0;;;;;;Interpoliert;170.7;1.1;asphalt;secondary;Kranichsteiner Straße
Routenpunkt (Way);T;Kranichsteiner Straße;49.926067;8.724789;70.0;;;;;;Interpoliert;171.0;1.24;asphalt;secondary;Kranichsteiner Straße
Routenpunkt (Way);T;Kranichsteiner Straße;49.92596;8.724675;70.0;;;;;;Interpoliert;171.2;1.38;asphalt;secondary;Kranichsteiner Straße
Routenpunkt (Way);T;Kranichsteiner Straße;49.925852;8.724561;70.0;;;;;;Interpoliert;171.3;1.1;asphalt;secondary;Kranichsteiner Straße
Routenpunkt (Way);T;Kranichsteiner Straße;49.925745;8.724447;70.0;;;;;;Interpoliert;171.4;0.96;asphalt;secondary;Kranichsteiner Straße
Routenpunkt (Way);T;Kranichsteiner Straße;49.925637;8.724332;70.0;;;;;;Original OSM;171.5;0.69;asphalt;secondary;Kranichsteiner Straße
Routenpunkt (Way);T;Kranichsteiner Straße;49.925527;8.72422;70.0;;;;;;Interpoliert;171.7;0.55;asphalt;secondary;Kranichsteiner Straße
Routenpunkt (Way);T;Kranichsteiner Straße;49.925416;8.724107;70.0;;;;;;Interpoliert;171.7;0.41;asphalt;secondary;
Routenpunkt (Way);T;Kranichsteiner Straße;49.925306;8.723994;70.0;;;;;;Interpoliert;171.7;0.0;asphalt;secondary;
Routenpunkt (Way);T;Kranichsteiner Straße;49.925196;8.723881;70.0;;;;;;Interpoliert;171.7;-0.54;asphalt;secondary;
Routenpunkt (Way);T;Kranichsteiner Straße;49.925085;8.723768;70.0;;;;;;Interpoliert;171.5;-0.82;asphalt;secondary;
Routenpunkt (Way);T;Kranichsteiner Straße;49.924975;8.723655;70.0;;;;;;Interpoliert;171.3;-0.95;asphalt;secondary;
Routenpunkt (Way);T;Kranichsteiner Straße;49.924864;8.723542;70.0;;;;;;Interpoliert;171.1;-1.09;asphalt;secondary;
Routenpunkt (Way);T;Kranichsteiner Straße;49.924754;8.72343;70.0;;;;;;Interpoliert;171.0;-1.5;asphalt;secondary;
Routenpunkt (Way);T;Kranichsteiner Straße;49.924644;8.723317;70.0;;;;;;Interpoliert;170.9;-1.91;asphalt;secondary;
Routenpunkt (Way);T;Kranichsteiner Straße;49.924533;8.723204;70.0;;;;;;Interpoliert;170.4;-2.04;asphalt;secondary;
Routenpunkt (Way);T;Kranichsteiner Straße;49.924423;8.723091;70.0;;;;;;Interpoliert;169.9;-2.31;asphalt;secondary;
Routenpunkt (Way);T;Kranichsteiner Straße;49.924312;8.722978;70.0;;;;;;Interpoliert;169.6;-2.59;asphalt;secondary;
Routenpunkt (Way);T;Kranichsteiner Straße;49.924202;8.722865;70.0;;;;;;Interpoliert;169.3;-2.45;asphalt;secondary;
Routenpunkt (Way);T;Kranichsteiner Straße;49.924092;8.722752;70.0;;;;;;Interpoliert;169.0;-2.31;asphalt;secondary;
Routenpunkt (Way);T;Kranichsteiner Straße;49.923981;8.722639;70.0;;;;;;Interpoliert;168.6;-2.72;asphalt;secondary;
Routenpunkt (Way);T;Kranichsteiner Straße;49.923871;8.722526;70.0;;;;;;Interpoliert;168.2;-3.13;asphalt;secondary;
Routenpunkt (Way);T;Kranichsteiner Straße;49.923761;8.722414;70.0;;;;;;Interpoliert;167.6;-3.54;asphalt;secondary;
Routenpunkt (Way);T;Kranichsteiner Straße;49.92365;8.722301;70.0;;;;;;Interpoliert;167.0;-3.27;asphalt;secondary;
Routenpunkt (Way);T;Kranichsteiner Straße;49.92354;8.722188;70.0;;;;;;Interpoliert;166.4;-2.99;asphalt;secondary;
Routenpunkt (Way);T;Kranichsteiner Straße;49.923429;8.722075;70.0;;;;;;Interpoliert;166.2;-2.45;asphalt;secondary;
Routenpunkt (Way);T;Kranichsteiner Straße;49.923319;8.721962;70.0;;;;;;Interpoliert;166.0;-1.91;asphalt;secondary;
Routenpunkt (Way);T;Kranichsteiner Straße;49.923209;8.721849;70.0;;;;;;Interpoliert;165.8;-1.36;asphalt;secondary;
Routenpunkt (Way);T;Kranichsteiner Straße;49.923098;8.721736;70.0;;;;;;Interpoliert;165.6;-1.77;asphalt;secondary;
Routenpunkt (Way);T;Kranichsteiner Straße;49.922988;8.721624;70.0;;;;;;Interpoliert;165.4;-2.18;asphalt;secondary;
Routenpunkt (Way);T;Kranichsteiner Straße;49.922877;8.721511;70.0;;;;;;Interpoliert;164.9;-2.31;asphalt;secondary;
Routenpunkt (Way);T;Kranichsteiner Straße;49.922767;8.721398;70.0;;;;;;Interpoliert;164.4;-2.45;asphalt;secondary;
Routenpunkt (Way);T;Kranichsteiner Straße;49.922657;8.721285;70.0;;;;;;Interpoliert;164.1;-2.59;asphalt;secondary;
Routenpunkt (Way);T;Kranichsteiner Straße;49.922546;8.721172;70.0;;;;;;Interpoliert;163.8;-2.31;asphalt;secondary;
Routenpunkt (Way);T;Kranichsteiner Straße;49.922436;8.721059;70.0;;;;;;Interpoliert;163.5;-2.04;asphalt;secondary;Kranichsteiner Straße
Routenpunkt (Way);T;Kranichsteiner Straße;49.922325;8.720946;70.0;;;;;;Interpoliert;163.2;-2.45;asphalt;secondary;Kranichsteiner Straße
Routenpunkt (Way);T;Kranichsteiner Straße;49.922215;8.720833;70.0;;;;;;Interpoliert;162.9;-2.86;asphalt;secondary;Kranichsteiner Straße
Routenpunkt (Way);T;Kranichsteiner Straße;49.922105;8.72072;70.0;;;;;;Interpoliert;162.3;-3.27;asphalt;secondary;Kranichsteiner Straße
Routenpunkt (Way);T;Kranichsteiner Straße;49.921994;8.720608;70.0;;;;;;Interpoliert;161.7;-3.54;asphalt;secondary;Kranichsteiner Straße
Routenpunkt (Way);T;Kranichsteiner Straße;49.921884;8.720495;70.0;;;;;;Interpoliert;161.1;-3.81;asphalt;secondary;Kranichsteiner Straße
Routenpunkt (Way);T;Kranichsteiner Straße;49.921773;8.720382;70.0;;;;;;Interpoliert;160.6;-3.67;asphalt;secondary;Kranichsteiner Straße
Routenpunkt (Way);T;Kranichsteiner Straße;49.921663;8.720269;70.0;;;;;;Interpoliert;160.1;-3.54;asphalt;secondary;Kranichsteiner Straße
Routenpunkt (Way);T;Kranichsteiner Straße;49.921553;8.720156;70.0;;;;;;Interpoliert;159.6;-3.4;asphalt;secondary;Kranichsteiner Straße
Routenpunkt (Way);T;Kranichsteiner Straße;49.921442;8.720043;70.0;;;;;;Interpoliert;159.1;-3.4;asphalt;secondary;Kranichsteiner Straße
Routenpunkt (Way);T;Kranichsteiner Straße;49.921332;8.71993;70.0;;;;;;Interpoliert;158.6;-3.91;asphalt;secondary;Kranichsteiner Straße
Routenpunkt (Way);T;Kranichsteiner Straße;49.921222;8.719818;70.0;;;;;;Original OSM;158.1;-3.83;asphalt;secondary;Kranichsteiner Straße
Routenpunkt (Way);T;Kranichsteiner Straße;49.921146;8.719739;70.0;;;;;;Interpoliert;157.5;-4.14;asphalt;secondary;Kranichsteiner Straße
Routenpunkt (Way);T;Kranichsteiner Straße;49.921071;8.719661;70.0;;;;;;Interpoliert;157.2;-4.16;asphalt;secondary;Kranichsteiner Straße
Routenpunkt (Way);T;Kranichsteiner Straße;49.920996;8.719583;70.0;;;;;;Original OSM;156.7;-3.89;asphalt;secondary;Kranichsteiner Straße
Routenpunkt (Way);T;Kranichsteiner Straße;49.920888;8.719471;70.0;;;;;;Interpoliert;156.2;-3.12;asphalt;secondary;Kranichsteiner Straße
Routenpunkt (Way);T;Kranichsteiner Straße;49.920781;8.71936;70.0;;;;;;Interpoliert;155.9;-2.94;asphalt;secondary;
Routenpunkt (Way);T;Kranichsteiner Straße;49.920673;8.719249;70.0;;;;;;Interpoliert;155.6;-2.37;asphalt;secondary;
Routenpunkt (Way);T;Kranichsteiner Straße;49.920566;8.719137;70.0;;;;;;Interpoliert;155.3;-2.09;asphalt;secondary;
Routenpunkt (Way);T;Kranichsteiner Straße;49.920458;8.719026;70.0;;;;;;Interpoliert;155.0;-2.09;asphalt;secondary;Kranichsteiner Straße
Routenpunkt (Way);T;Kranichsteiner Straße;49.920351;8.718915;70.0;;;;;;Interpoliert;154.7;-1.53;asphalt;secondary;Kranichsteiner Straße
Routenpunkt (Way);T;Kranichsteiner Straße;49.920243;8.718804;70.0;;;;;;Interpoliert;154.4;-0.97;asphalt;secondary;Kranichsteiner Straße
Routenpunkt (Way);T;Kranichsteiner Straße;49.920135;8.718692;70.0;;;;;;Interpoliert;154.5;-0.14;asphalt;secondary;Kranichsteiner Straße
Routenpunkt (Way);T;Kranichsteiner Straße;49.920028;8.718581;70.0;;;;;;Interpoliert;154.6;0.7;asphalt;secondary;Kranichsteiner Straße
Routenpunkt (Way);T;Kranichsteiner Straße;49.91992;8.71847;70.0;;;;;;Interpoliert;154.9;1.53;asphalt;secondary;Kranichsteiner Straße
Routenpunkt (Way);T;Kranichsteiner Straße;49.919813;8.718358;70.0;;;;;;Interpoliert;155.2;1.81;asphalt;secondary;Kranichsteiner Straße
Routenpunkt (Way);T;Kranichsteiner Straße;49.919705;8.718247;70.0;;;;;;Interpoliert;155.5;2.09;asphalt;secondary;Kranichsteiner Straße
Routenpunkt (Way);T;Kranichsteiner Straße;49.919598;8.718136;70.0;;;;;;Interpoliert;155.8;2.18;asphalt;secondary;Kranichsteiner Straße
Routenpunkt (Way);T;Kranichsteiner Straße;49.91949;8.718024;70.0;;;;;;Original OSM;156.1;2.26;asphalt;secondary;Kranichsteiner Straße
Routenpunkt (Way);T;Kranichsteiner Straße;49.919401;8.717933;70.0;;;;;;Interpoliert;156.4;2.35;asphalt;secondary;Kranichsteiner Straße
Routenpunkt (Way);T;Kranichsteiner Straße;49.919312;8.717841;70.0;;;;;;Interpoliert;156.7;1.93;asphalt;secondary;Kranichsteiner Straße
Routenpunkt (Way);T;Kranichsteiner Straße;49.919223;8.71775;70.0;;;;;;Interpoliert;157.0;1.52;asphalt;secondary;Kranichsteiner Straße
Routenpunkt (Way);T;Kranichsteiner Straße;49.919134;8.717658;70.0;;;;;;Original OSM;157.0;1.01;asphalt;secondary;Kranichsteiner Straße
Routenpunkt (Way);T;Kranichsteiner Straße;49.919031;8.717551;70.0;;;;;;Interpoliert;157.0;0.51;asphalt;secondary;Kranichsteiner Straße
Routenpunkt (Way);T;Kranichsteiner Straße;49.918927;8.717443;70.0;;;;;;Interpoliert;157.0;-0.14;asphalt;secondary;Kranichsteiner Straße
Routenpunkt (Way);T;Kranichsteiner Straße;49.918823;8.717336;70.0;;;;;;Interpoliert;157.0;-0.29;asphalt;secondary;Kranichsteiner Straße
Routenpunkt (Way);T;Kranichsteiner Straße;49.91872;8.717228;70.0;;;;;;Interpoliert;156.9;-0.0;asphalt;secondary;Kranichsteiner Straße
Routenpunkt (Way);T;Kranichsteiner Straße;49.918616;8.717121;70.0;;;;;;Interpoliert;156.8;0.29;asphalt;secondary;Kranichsteiner Straße
Routenpunkt (Way);T;Kranichsteiner Straße;49.918513;8.717013;70.0;;;;;;Interpoliert;157.0;0.58;asphalt;secondary;Kranichsteiner Straße
Routenpunkt (Way);T;Kranichsteiner Straße;49.918409;8.716905;70.0;;;;;;Interpoliert;157.2;1.01;asphalt;secondary;Kranichsteiner Straße
Routenpunkt (Way);T;Kranichsteiner Straße;49.918305;8.716798;70.0;;;;;;Interpoliert;157.4;1.44;asphalt;secondary;Kranichsteiner Straße
Routenpunkt (Way);T;Kranichsteiner Straße;49.918202;8.71669;70.0;;;;;;Interpoliert;157.6;1.63;asphalt;secondary;Kranichsteiner Straße
Routenpunkt (Way);T;Kranichsteiner Straße;49.918098;8.716583;70.0;;;;;;Interpoliert;157.8;1.82;asphalt;secondary;Kranichsteiner Straße
Routenpunkt (Way);T;;49.918036;8.716518;70.0;;;;;;Interpoliert (15m);158.0;2.0;asphalt;secondary;Kranichsteiner Straße
Routenpunkt (Way);T;Kranichsteiner Straße;49.917973;8.716453;70.0;;;;;;Original OSM;158.2;1.94;asphalt;secondary;Kranichsteiner Straße
Routenpunkt (Way);T;;49.917909;8.716386;70.0;;;;;;Interpoliert (15m);158.4;1.51;asphalt;secondary;Kranichsteiner Straße
Routenpunkt (Way);T;Kranichsteiner Straße;49.917844;8.716319;70.0;;;;;;Interpoliert;158.5;0.48;asphalt;secondary;Kranichsteiner Straße
Routenpunkt (Way);T;Kranichsteiner Straße;49.917736;8.716206;70.0;;;;;;Interpoliert;158.4;-0.55;asphalt;secondary;Kranichsteiner Straße
Routenpunkt (Way);T;Kranichsteiner Straße;49.917628;8.716094;70.0;;;;;;Interpoliert;158.0;-1.57;asphalt;secondary;Kranichsteiner Straße
Routenpunkt (Way);T;Kranichsteiner Straße;49.91752;8.715981;70.0;;;;;;Interpoliert;157.6;-2.35;asphalt;secondary;Kranichsteiner Straße
Routenpunkt (Way);T;Kranichsteiner Straße;49.917412;8.715869;70.0;;;;;;Interpoliert;157.2;-2.77;asphalt;secondary;Kranichsteiner Straße
Routenpunkt (Way);T;Kranichsteiner Straße;49.917304;8.715756;70.0;;;;;;Interpoliert;156.8;-1.94;asphalt;secondary;Kranichsteiner Straße
Routenpunkt (Way);T;Kranichsteiner Straße;49.917196;8.715644;70.0;;;;;;Interpoliert;156.4;-1.52;asphalt;secondary;Kranichsteiner Straße
Routenpunkt (Way);T;Kranichsteiner Straße;49.917088;8.715531;70.0;;;;;;Interpoliert;156.6;-1.11;asphalt;secondary;Kranichsteiner Straße
Routenpunkt (Way);T;Kranichsteiner Straße;49.91698;8.715419;70.0;;;;;;Interpoliert;156.5;-0.42;asphalt;secondary;Kranichsteiner Straße
Routenpunkt (Way);T;Kranichsteiner Straße;49.916872;8.715306;70.0;;;;;;Interpoliert;156.4;0.55;asphalt;secondary;Kranichsteiner Straße
Routenpunkt (Way);T;Kranichsteiner Straße;49.916764;8.715193;70.0;;;;;;Interpoliert;156.5;0.69;asphalt;secondary;Kranichsteiner Straße
Routenpunkt (Way);T;Kranichsteiner Straße;49.916657;8.715081;70.0;;;;;;Interpoliert;156.8;1.25;asphalt;secondary;Kranichsteiner Straße
Routenpunkt (Way);T;Kranichsteiner Straße;49.916549;8.714968;70.0;;;;;;Original OSM;157.1;1.81;asphalt;secondary;Kranichsteiner Straße
Routenpunkt (Way);T;Kranichsteiner Straße;49.916442;8.714859;70.0;;;;;;Interpoliert;157.4;2.8;asphalt;secondary;Kranichsteiner Straße
Routenpunkt (Way);T;Kranichsteiner Straße;49.916335;8.71475;70.0;;;;;;Interpoliert;157.7;3.37;asphalt;secondary;
Routenpunkt (Way);T;Kranichsteiner Straße;49.916228;8.71464;70.0;;;;;;Interpoliert;158.5;3.09;asphalt;secondary;
Routenpunkt (Way);T;Kranichsteiner Straße;49.916122;8.714531;70.0;;;;;;Interpoliert;159.2;3.24;asphalt;secondary;
Routenpunkt (Way);T;Kranichsteiner Straße;49.916015;8.714422;70.0;;;;;;Interpoliert;159.3;3.38;asphalt;secondary;Kranichsteiner Straße
Routenpunkt (Way);T;Kranichsteiner Straße;49.915908;8.714312;70.0;;;;;;Interpoliert;159.7;2.81;asphalt;secondary;Kranichsteiner Straße
Routenpunkt (Way);T;Kranichsteiner Straße;49.915801;8.714203;70.0;;;;;;Interpoliert;160.1;2.39;asphalt;secondary;Kranichsteiner Straße
Routenpunkt (Way);T;Kranichsteiner Straße;49.915695;8.714094;70.0;;;;;;Interpoliert;160.5;2.81;asphalt;secondary;Kranichsteiner Straße
Routenpunkt (Way);T;Kranichsteiner Straße;49.915588;8.713984;70.0;;;;;;Interpoliert;160.9;2.81;asphalt;secondary;Kranichsteiner Straße
Routenpunkt (Way);T;Kranichsteiner Straße;49.915481;8.713875;70.0;;;;;;Interpoliert;161.3;2.81;asphalt;secondary;Kranichsteiner Straße
Routenpunkt (Way);T;Kranichsteiner Straße;49.915374;8.713766;70.0;;;;;;Interpoliert;161.7;2.11;asphalt;secondary;Kranichsteiner Straße
Routenpunkt (Way);T;Kranichsteiner Straße;49.915268;8.713656;70.0;;;;;;Interpoliert;162.1;1.55;asphalt;secondary;Kranichsteiner Straße
Routenpunkt (Way);T;Kranichsteiner Straße;49.915161;8.713547;70.0;;;;;;Interpoliert;162.0;0.98;asphalt;secondary;Kranichsteiner Straße
Routenpunkt (Way);T;Kranichsteiner Straße;49.915054;8.713438;70.0;;;;;;Interpoliert;162.0;0.42;asphalt;secondary;Kranichsteiner Straße
Routenpunkt (Way);T;Kranichsteiner Straße;49.914947;8.713328;70.0;;;;;;Interpoliert;162.0;-0.14;asphalt;secondary;Kranichsteiner Straße
Routenpunkt (Way);T;Kranichsteiner Straße;49.914841;8.713219;70.0;;;;;;Interpoliert;162.0;0.0;asphalt;secondary;Kranichsteiner Straße
Routenpunkt (Way);T;Kranichsteiner Straße;49.914734;8.71311;70.0;;;;;;Interpoliert;162.0;0.79;asphalt;secondary;Kranichsteiner Straße
Routenpunkt (Way);T;Kranichsteiner Straße;49.914627;8.713;70.0;;;;;;Original OSM;162.0;1.58;asphalt;secondary;Kranichsteiner Straße
Routenpunkt (Way);T;Kranichsteiner Straße;49.914532;8.712903;70.0;;;;;;Interpoliert;162.5;2.37;asphalt;secondary;Kranichsteiner Straße
Routenpunkt (Way);T;Kranichsteiner Straße;49.914437;8.712805;70.0;;;;;;Interpoliert;163.0;3.16;asphalt;secondary;Kranichsteiner Straße
Routenpunkt (Way);T;Kranichsteiner Straße;49.914343;8.712707;70.0;;;;;;Interpoliert;163.5;3.95;asphalt;secondary;Kranichsteiner Straße
Routenpunkt (Way);T;Kranichsteiner Straße;49.914248;8.71261;70.0;;;;;;Interpoliert;164.0;3.85;asphalt;secondary;Kranichsteiner Straße
Routenpunkt (Way);T;Kranichsteiner Straße;49.914153;8.712512;70.0;;;;;;Original OSM;164.5;3.75;asphalt;secondary;Kranichsteiner Straße
Routenpunkt (Way);T;Kranichsteiner Straße;49.914045;8.7124;70.0;;;;;;Interpoliert;165.0;3.66;asphalt;secondary;Kranichsteiner Straße
Routenpunkt (Way);T;Kranichsteiner Straße;49.913937;8.712287;70.0;;;;;;Interpoliert;165.5;3.97;asphalt;secondary;
Routenpunkt (Way);T;Kranichsteiner Straße;49.913829;8.712175;70.0;;;;;;Interpoliert;166.0;4.29;asphalt;secondary;
Routenpunkt (Way);T;Kranichsteiner Straße;49.913721;8.712062;70.0;;;;;;Interpoliert;166.8;4.01;asphalt;secondary;
Routenpunkt (Way);T;Kranichsteiner Straße;49.913614;8.711949;70.0;;;;;;Interpoliert;167.6;3.74;asphalt;secondary;
Routenpunkt (Way);T;Kranichsteiner Straße;49.913506;8.711837;70.0;;;;;;Interpoliert;167.9;3.46;asphalt;secondary;
Routenpunkt (Way);T;Kranichsteiner Straße;49.913398;8.711724;70.0;;;;;;Interpoliert;168.2;2.77;asphalt;secondary;Kranichsteiner Straße
Routenpunkt (Way);T;Kranichsteiner Straße;49.91329;8.711612;70.0;;;;;;Interpoliert;168.5;2.08;asphalt;secondary;Kranichsteiner Straße
Routenpunkt (Way);T;Kranichsteiner Straße;49.913182;8.711499;70.0;;;;;;Interpoliert;168.8;2.08;asphalt;secondary;Kranichsteiner Straße
Routenpunkt (Way);T;Kranichsteiner Straße;49.913074;8.711387;70.0;;;;;;Interpoliert;169.1;1.8;asphalt;secondary;Kranichsteiner Straße
Routenpunkt (Way);T;Kranichsteiner Straße;49.912966;8.711274;70.0;;;;;;Interpoliert;169.4;1.52;asphalt;secondary;Kranichsteiner Straße
Routenpunkt (Way);T;Kranichsteiner Straße;49.912858;8.711162;70.0;;;;;;Interpoliert;169.5;0.83;asphalt;secondary;Kranichsteiner Straße
Routenpunkt (Way);T;Kranichsteiner Straße;49.912751;8.711049;70.0;;;;;;Interpoliert;169.6;0.14;asphalt;secondary;Kranichsteiner Straße
Routenpunkt (Way);T;Kranichsteiner Straße;49.912643;8.710937;70.0;;;;;;Interpoliert;169.4;-0.55;asphalt;secondary;Kranichsteiner Straße
Routenpunkt (Way);T;Kranichsteiner Straße;49.912535;8.710824;70.0;;;;;;Interpoliert;169.2;-0.97;asphalt;secondary;Kranichsteiner Straße
Routenpunkt (Way);T;Kranichsteiner Straße;49.912427;8.710712;70.0;;;;;;Interpoliert;169.0;-1.39;asphalt;secondary;Kranichsteiner Straße
Routenpunkt (Way);T;Kranichsteiner Straße;49.912319;8.710599;70.0;;;;;;Original OSM;168.8;-1.25;asphalt;secondary;Kranichsteiner Straße
Routenpunkt (Way);T;Kranichsteiner Straße;49.912211;8.710489;70.0;;;;;;Interpoliert;168.6;-0.97;asphalt;secondary;Kranichsteiner Straße
Routenpunkt (Way);T;Kranichsteiner Straße;49.912103;8.710378;70.0;;;;;;Interpoliert;168.5;-0.69;asphalt;secondary;
Routenpunkt (Way);T;Kranichsteiner Straße;49.911995;8.710267;70.0;;;;;;Interpoliert;168.5;-0.14;asphalt;secondary;
Routenpunkt (Way);T;Kranichsteiner Straße;49.911887;8.710157;70.0;;;;;;Interpoliert;168.5;0.42;asphalt;secondary;
Routenpunkt (Way);T;Kranichsteiner Straße;49.911779;8.710046;70.0;;;;;;Interpoliert;168.7;0.83;asphalt;secondary;
Routenpunkt (Way);T;Kranichsteiner Straße;49.911671;8.709936;70.0;;;;;;Interpoliert;168.9;1.11;asphalt;secondary;
Routenpunkt (Way);T;Kranichsteiner Straße;49.911563;8.709825;70.0;;;;;;Interpoliert;169.1;1.25;asphalt;secondary;
Routenpunkt (Way);T;Kranichsteiner Straße;49.911455;8.709714;70.0;;;;;;Interpoliert;169.3;1.53;asphalt;secondary;
Routenpunkt (Way);T;Kranichsteiner Straße;49.911347;8.709604;70.0;;;;;;Interpoliert;169.4;1.81;asphalt;secondary;
Routenpunkt (Way);T;Kranichsteiner Straße;49.911239;8.709493;70.0;;;;;;Interpoliert;169.8;1.95;asphalt;secondary;Kranichsteiner Straße
Routenpunkt (Way);T;Kranichsteiner Straße;49.911131;8.709383;70.0;;;;;;Interpoliert;170.2;1.95;asphalt;secondary;Kranichsteiner Straße
Routenpunkt (Way);T;Kranichsteiner Straße;49.911023;8.709272;70.0;;;;;;Interpoliert;170.5;2.09;asphalt;secondary;Kranichsteiner Straße
Routenpunkt (Way);T;Kranichsteiner Straße;49.910914;8.709162;70.0;;;;;;Interpoliert;170.7;1.81;asphalt;secondary;Kranichsteiner Straße
Routenpunkt (Way);T;Kranichsteiner Straße;49.910806;8.709051;70.0;;;;;;Interpoliert;170.9;1.53;asphalt;secondary;Kranichsteiner Straße
Routenpunkt (Way);T;Kranichsteiner Straße;49.910698;8.70894;70.0;;;;;;Interpoliert;171.1;1.67;asphalt;secondary;Kranichsteiner Straße
Routenpunkt (Way);T;Kranichsteiner Straße;49.91059;8.70883;70.0;;;;;;Interpoliert;171.3;1.67;asphalt;secondary;Kranichsteiner Straße
Routenpunkt (Way);T;Kranichsteiner Straße;49.910482;8.708719;70.0;;;;;;Interpoliert;171.7;1.81;asphalt;secondary;Kranichsteiner Straße
Routenpunkt (Way);T;Kranichsteiner Straße;49.910374;8.708609;70.0;;;;;;Interpoliert;171.9;1.53;asphalt;secondary;Kranichsteiner Straße
Routenpunkt (Way);T;Kranichsteiner Straße;49.910266;8.708498;70.0;;;;;;Interpoliert;172.2;1.25;asphalt;secondary;Kranichsteiner Straße
Routenpunkt (Way);T;Kranichsteiner Straße;49.910158;8.708388;70.0;;;;;;Original OSM;172.2;0.7;asphalt;secondary;Kranichsteiner Straße
Routenpunkt (Way);T;Kranichsteiner Straße;49.910048;8.708275;70.0;;;;;;Interpoliert;172.2;0.42;asphalt;secondary;Kranichsteiner Straße
Routenpunkt (Way);T;Kranichsteiner Straße;49.909938;8.708162;70.0;;;;;;Interpoliert;172.2;0.14;asphalt;secondary;Kranichsteiner Straße
Routenpunkt (Way);T;Kranichsteiner Straße;49.909828;8.708049;70.0;;;;;;Interpoliert;172.2;0.27;asphalt;secondary;Kranichsteiner Straße
Routenpunkt (Way);T;Kranichsteiner Straße;49.909718;8.707936;70.0;;;;;;Interpoliert;172.3;0.82;asphalt;secondary;Kranichsteiner Straße
Routenpunkt (Way);T;Kranichsteiner Straße;49.909608;8.707823;70.0;;;;;;Interpoliert;172.4;1.09;asphalt;secondary;Kranichsteiner Straße
Routenpunkt (Way);T;Kranichsteiner Straße;49.909497;8.70771;70.0;;;;;;Interpoliert;172.8;1.64;asphalt;secondary;Kranichsteiner Straße
Routenpunkt (Way);T;Kranichsteiner Straße;49.909387;8.707597;70.0;;;;;;Interpoliert;173.0;2.04;asphalt;secondary;Kranichsteiner Straße
Routenpunkt (Way);T;Kranichsteiner Straße;49.909277;8.707484;70.0;;;;;;Original OSM;173.4;2.45;asphalt;secondary;Kranichsteiner Straße
Routenpunkt (Way);T;Kranichsteiner Straße;49.909167;8.70737;70.0;;;;;;Interpoliert;173.8;2.45;asphalt;secondary;Kranichsteiner Straße
Routenpunkt (Way);T;Kranichsteiner Straße;49.909058;8.707256;70.0;;;;;;Interpoliert;174.2;2.86;asphalt;secondary;
Routenpunkt (Way);T;Kranichsteiner Straße;49.908948;8.707142;70.0;;;;;;Interpoliert;174.6;3.27;asphalt;secondary;
Routenpunkt (Way);T;Kranichsteiner Straße;49.908838;8.707029;70.0;;;;;;Interpoliert;175.1;3.54;asphalt;secondary;
Routenpunkt (Way);T;Kranichsteiner Straße;49.908728;8.706915;70.0;;;;;;Interpoliert;175.8;3.82;asphalt;secondary;
Routenpunkt (Way);T;Kranichsteiner Straße;49.908619;8.706801;70.0;;;;;;Interpoliert;176.4;3.68;asphalt;secondary;
Routenpunkt (Way);T;Kranichsteiner Straße;49.908509;8.706687;70.0;;;;;;Interpoliert;177.0;3.41;asphalt;secondary;
Routenpunkt (Way);T;Kranichsteiner Straße;49.908399;8.706573;70.0;;;;;;Interpoliert;177.3;2.86;asphalt;secondary;
Routenpunkt (Way);T;Kranichsteiner Straße;49.908289;8.70646;70.0;;;;;;Interpoliert;177.6;2.73;asphalt;secondary;
Routenpunkt (Way);T;Kranichsteiner Straße;49.90818;8.706346;70.0;;;;;;Interpoliert;177.9;2.59;asphalt;secondary;
Routenpunkt (Way);T;Kranichsteiner Straße;49.90807;8.706232;70.0;;;;;;Interpoliert;178.4;2.86;asphalt;secondary;
Routenpunkt (Way);T;Kranichsteiner Straße;49.90796;8.706118;70.0;;;;;;Interpoliert;178.9;3.0;asphalt;secondary;
Routenpunkt (Way);T;Kranichsteiner Straße;49.90785;8.706004;70.0;;;;;;Interpoliert;179.4;2.86;asphalt;secondary;
Routenpunkt (Way);T;Kranichsteiner Straße;49.907741;8.705891;70.0;;;;;;Interpoliert;179.8;2.45;asphalt;secondary;
Routenpunkt (Way);T;Kranichsteiner Straße;49.907631;8.705777;70.0;;;;;;Interpoliert;180.0;2.04;asphalt;secondary;
Routenpunkt (Way);T;Kranichsteiner Straße;49.907521;8.705663;70.0;;;;;;Interpoliert;180.2;1.5;asphalt;secondary;
Routenpunkt (Way);T;Kranichsteiner Straße;49.907411;8.705549;70.0;;;;;;Interpoliert;180.4;1.09;asphalt;secondary;
Routenpunkt (Way);T;Kranichsteiner Straße;49.907302;8.705435;70.0;;;;;;Interpoliert;180.5;1.5;asphalt;secondary;
Routenpunkt (Way);T;Kranichsteiner Straße;49.907192;8.705322;70.0;;;;;;Interpoliert;180.6;1.64;asphalt;secondary;
Routenpunkt (Way);T;Kranichsteiner Straße;49.907082;8.705208;70.0;;;;;;Interpoliert;181.1;1.77;asphalt;secondary;
Routenpunkt (Way);T;Kranichsteiner Straße;49.906972;8.705094;70.0;;;;;;Interpoliert;181.4;2.04;asphalt;secondary;
Routenpunkt (Way);T;Kranichsteiner Straße;49.906863;8.70498;70.0;;;;;;Interpoliert;181.7;2.32;asphalt;secondary;
Routenpunkt (Way);T;Kranichsteiner Straße;49.906753;8.704866;70.0;;;;;;Interpoliert;182.0;2.04;asphalt;secondary;
Routenpunkt (Way);T;Kranichsteiner Straße;49.906643;8.704752;70.0;;;;;;Interpoliert;182.3;1.5;asphalt;secondary;
Routenpunkt (Way);T;Kranichsteiner Straße;49.906534;8.704639;70.0;;;;;;Interpoliert;182.6;0.95;asphalt;secondary;
Routenpunkt (Way);T;Kranichsteiner Straße;49.906424;8.704525;70.0;;;;;;Interpoliert;182.5;0.68;asphalt;secondary;Kranichsteiner Straße
Routenpunkt (Way);T;Kranichsteiner Straße;49.906314;8.704411;70.0;;;;;;Interpoliert;182.4;0.41;asphalt;secondary;Kranichsteiner Straße
Routenpunkt (Way);T;Kranichsteiner Straße;49.906204;8.704297;70.0;;;;;;Interpoliert;182.5;-0.41;asphalt;secondary;Kranichsteiner Straße
Routenpunkt (Way);T;Kranichsteiner Straße;49.906095;8.704183;70.0;;;;;;Interpoliert;182.6;-0.68;asphalt;secondary;Kranichsteiner Straße
Routenpunkt (Way);T;Kranichsteiner Straße;49.905985;8.70407;70.0;;;;;;Interpoliert;182.3;-0.95;asphalt;secondary;Kranichsteiner Straße
Routenpunkt (Way);T;Kranichsteiner Straße;49.905875;8.703956;70.0;;;;;;Interpoliert;182.0;-2.04;asphalt;secondary;Kranichsteiner Straße
Routenpunkt (Way);T;Kranichsteiner Straße;49.905765;8.703842;70.0;;;;;;Interpoliert;181.7;-3.13;asphalt;secondary;Kranichsteiner Straße
Routenpunkt (Way);T;Kranichsteiner Straße;49.905656;8.703728;70.0;;;;;;Interpoliert;181.0;-3.68;asphalt;secondary;Kranichsteiner Straße
Routenpunkt (Way);T;Kranichsteiner Straße;49.905546;8.703614;70.0;;;;;;Interpoliert;180.3;-3.69;asphalt;secondary;Kranichsteiner Straße
Routenpunkt (Way);T;Kranichsteiner Straße;49.905436;8.703501;70.0;;;;;;Original OSM;179.6;-3.69;asphalt;secondary;Kranichsteiner Straße
Routenpunkt (Way);T;Kranichsteiner Straße;49.905328;8.703388;70.0;;;;;;Interpoliert;179.3;-3.29;asphalt;secondary;Kranichsteiner Straße
Routenpunkt (Way);T;Kranichsteiner Straße;49.90522;8.703276;70.0;;;;;;Interpoliert;179.0;-2.89;asphalt;secondary;Kranichsteiner Straße
Routenpunkt (Way);T;Kranichsteiner Straße;49.905112;8.703164;70.0;;;;;;Interpoliert;178.6;-2.91;asphalt;secondary;Kranichsteiner Straße
Routenpunkt (Way);T;Kranichsteiner Straße;49.905004;8.703051;70.0;;;;;;Interpoliert;178.2;-3.46;asphalt;secondary;Kranichsteiner Straße
Routenpunkt (Way);T;Kranichsteiner Straße;49.904896;8.702939;70.0;;;;;;Interpoliert;177.5;-4.01;asphalt;secondary;Kranichsteiner Straße
Routenpunkt (Way);T;Kranichsteiner Straße;49.904788;8.702826;70.0;;;;;;Interpoliert;176.8;-4.01;asphalt;secondary;Kranichsteiner Straße
Routenpunkt (Way);T;Kranichsteiner Straße;49.90468;8.702714;70.0;;;;;;Interpoliert;176.1;-4.01;asphalt;secondary;Kranichsteiner Straße
Routenpunkt (Way);T;Kranichsteiner Straße;49.904572;8.702602;70.0;;;;;;Interpoliert;175.7;-3.6;asphalt;secondary;Kranichsteiner Straße
Routenpunkt (Way);T;Kranichsteiner Straße;49.904464;8.702489;70.0;;;;;;Interpoliert;175.3;-3.18;asphalt;secondary;Kranichsteiner Straße
Routenpunkt (Way);T;Kranichsteiner Straße;49.904356;8.702377;70.0;;;;;;Interpoliert;174.9;-2.77;asphalt;secondary;Kranichsteiner Straße
Routenpunkt (Way);T;Kranichsteiner Straße;49.904248;8.702265;70.0;;;;;;Interpoliert;174.5;-3.06;asphalt;secondary;Kranichsteiner Straße
Routenpunkt (Way);T;Kranichsteiner Straße;49.90414;8.702152;70.0;;;;;;Original OSM;174.1;-3.35;asphalt;secondary;Kranichsteiner Straße
Routenpunkt (Way);T;Kranichsteiner Straße;49.904034;8.702043;70.0;;;;;;Interpoliert;173.5;-3.22;asphalt;secondary;Kranichsteiner Straße
Routenpunkt (Way);T;Kranichsteiner Straße;49.903927;8.701934;70.0;;;;;;Interpoliert;172.9;-3.23;asphalt;secondary;Kranichsteiner Straße
Routenpunkt (Way);T;Kranichsteiner Straße;49.903821;8.701826;70.0;;;;;;Interpoliert;172.6;-3.24;asphalt;secondary;Kranichsteiner Straße
Routenpunkt (Way);T;Kranichsteiner Straße;49.903714;8.701717;70.0;;;;;;Interpoliert;172.2;-2.82;asphalt;secondary;Kranichsteiner Straße
Routenpunkt (Way);T;Kranichsteiner Straße;49.903607;8.701608;70.0;;;;;;Interpoliert;171.8;-2.4;asphalt;secondary;Kranichsteiner Straße
Routenpunkt (Way);T;Kranichsteiner Straße;49.903501;8.701499;70.0;;;;;;Interpoliert;171.5;-2.4;asphalt;secondary;Kranichsteiner Straße
Routenpunkt (Way);T;Kranichsteiner Straße;49.903394;8.70139;70.0;;;;;;Interpoliert;171.2;-2.4;asphalt;secondary;Kranichsteiner Straße
Routenpunkt (Way);T;Kranichsteiner Straße;49.903288;8.701281;70.0;;;;;;Interpoliert;170.9;-2.4;asphalt;secondary;Kranichsteiner Straße
Routenpunkt (Way);T;Kranichsteiner Straße;49.903181;8.701172;70.0;;;;;;Interpoliert;170.5;-2.26;asphalt;secondary;Kranichsteiner Straße
Routenpunkt (Way);T;Kranichsteiner Straße;49.903075;8.701064;70.0;;;;;;Interpoliert;170.1;-1.97;asphalt;secondary;Kranichsteiner Straße
Routenpunkt (Way);T;Kranichsteiner Straße;49.902968;8.700955;70.0;;;;;;Interpoliert;169.9;-1.71;asphalt;secondary;Kranichsteiner Straße
Routenpunkt (Way);T;Kranichsteiner Straße;49.902862;8.700846;70.0;;;;;;Original OSM;169.8;-1.15;asphalt;secondary;Kranichsteiner Straße
Routenpunkt (Way);T;Kranichsteiner Straße;49.902768;8.700746;70.0;;;;;;Original OSM;169.7;-0.58;asphalt;secondary;Kranichsteiner Straße
Routenpunkt (Way);T;Kranichsteiner Straße;49.902668;8.700629;70.0;;;;;;Interpoliert;169.7;-0.74;asphalt;secondary;Kranichsteiner Straße
Routenpunkt (Way);T;Kranichsteiner Straße;49.902568;8.700512;70.0;;;;;;Original OSM;169.7;-1.1;asphalt;secondary;Kranichsteiner Straße
Routenpunkt (Way);T;Kranichsteiner Straße;49.902471;8.700393;70.0;;;;;;Original OSM;169.4;-1.45;asphalt;secondary;Kranichsteiner Straße
Routenpunkt (Way);T;;49.9024;8.700271;70.0;;;;;;Interpoliert (15m);169.1;-1.79;asphalt;secondary;Kranichsteiner Straße
Routenpunkt (Way);T;;49.902328;8.700149;70.0;;;;;;Interpoliert (15m);168.8;-2.13;asphalt;secondary;Kranichsteiner Straße
Routenpunkt (Way);T;;49.902256;8.700028;70.0;;;;;;Interpoliert (15m);168.6;-2.02;asphalt;secondary;Kranichsteiner Straße
Routenpunkt (Way);T;Kranichsteiner Straße;49.902184;8.699906;70.0;;;;;;Original OSM;168.4;-2.02;asphalt;secondary;Kranichsteiner Straße
Routenpunkt (Way);T;;49.90212;8.699771;70.0;;;;;;Interpoliert (15m);168.2;-2.01;asphalt;secondary;Kranichsteiner Straße
Routenpunkt (Way);T;;49.902057;8.699635;70.0;;;;;;Interpoliert (15m);167.9;-2.17;asphalt;secondary;Kranichsteiner Straße
Routenpunkt (Way);T;;49.901993;8.699499;70.0;;;;;;Interpoliert (15m);167.6;-2.36;asphalt;secondary;Kranichsteiner Straße
Routenpunkt (Way);T;Kranichsteiner Straße;49.901929;8.699363;70.0;;;;;;Interpoliert;167.3;-1.58;asphalt;secondary;Kranichsteiner Straße
Routenpunkt (Way);T;Kranichsteiner Straße;49.901876;8.699229;70.0;;;;;;Original OSM;167.0;-0.63;asphalt;secondary;Kranichsteiner Straße
Routenpunkt (Way);T;Kranichsteiner Straße;49.90182;8.699063;70.0;;;;;;Interpoliert;167.3;0.44;asphalt;secondary;Kranichsteiner Straße
Routenpunkt (Way);T;Kranichsteiner Straße;49.901765;8.698898;70.0;;;;;;Original OSM;167.6;1.51;asphalt;secondary;Kranichsteiner Straße
Routenpunkt (Way);T;Kranichsteiner Straße;49.90173;8.698762;70.0;;;;;;Interpoliert;167.9;2.62;asphalt;secondary;Kranichsteiner Straße
Routenpunkt (Way);T;Kranichsteiner Straße;49.901696;8.698625;70.0;;;;;;Interpoliert;168.2;2.75;asphalt;secondary;Kranichsteiner Straße
Routenpunkt (Way);T;Kranichsteiner Straße;49.901662;8.698489;70.0;;;;;;Original OSM;168.5;2.89;asphalt;secondary;Kranichsteiner Straße
Routenpunkt (Way);T;;49.901619;8.698363;70.0;;;;;;Interpoliert (15m);168.8;2.91;asphalt;secondary;Kranichsteiner Straße
Routenpunkt (Way);T;;49.901576;8.698236;70.0;;;;;;Interpoliert (15m);169.1;2.33;asphalt;secondary;Kranichsteiner Straße
Routenpunkt (Way);T;Kranichsteiner Straße;49.901533;8.69811;70.0;;;;;;Original OSM;169.4;1.76;asphalt;secondary;Kranichsteiner Straße
Routenpunkt (Way);T;;49.901474;8.697948;70.0;;;;;;Interpoliert (15m);169.4;0.72;asphalt;secondary;Kranichsteiner Straße
Routenpunkt (Way);T;;49.901414;8.697787;70.0;;;;;;Interpoliert (15m);169.4;-0.44;asphalt;secondary;Kranichsteiner Straße
Routenpunkt (Way);T;Kranichsteiner Straße;49.901355;8.697625;70.0;;;;;;Original OSM;169.1;-1.61;asphalt;secondary;Kranichsteiner Straße
Routenpunkt (Way);T;;49.901302;8.697506;70.0;;;;;;Interpoliert (15m);168.8;-2.18;asphalt;secondary;Kranichsteiner Straße
Routenpunkt (Way);T;Kranichsteiner Straße;49.90125;8.697387;70.0;;;;;;Original OSM;168.5;-2.75;asphalt;secondary;Kranichsteiner Straße
Routenpunkt (Way);T;;49.901191;8.697272;70.0;;;;;;Interpoliert (15m);168.2;-4.97;asphalt;secondary;Kranichsteiner Straße
Routenpunkt (Way);T;Kranichsteiner Straße;49.901132;8.697158;70.0;;;;;;Original OSM;167.9;-7.06;asphalt;secondary;Kranichsteiner Straße
Routenpunkt (Way);T;;49.901078;8.697064;70.0;;;;;;Interpoliert (15m);166.7;-8.86;asphalt;secondary;Kranichsteiner Straße
Routenpunkt (Way);T;Kranichsteiner Straße;49.901024;8.696971;70.0;;;;;;Interpoliert;165.5;-10.07;asphalt;secondary;Kranichsteiner Straße
Routenpunkt (Way);T;Kranichsteiner Straße;49.900961;8.696869;70.0;;;;;;Interpoliert;164.3;-10.8;asphalt;secondary;Kranichsteiner Straße
Routenpunkt (Way);T;Kranichsteiner Straße;49.900899;8.696766;70.0;;;;;;Original OSM;163.4;-9.44;asphalt;secondary;Kranichsteiner Straße
Routenpunkt (Way);T;Kranichsteiner Straße;49.900812;8.69663;70.0;;;;;;Interpoliert;162.5;-8.08;asphalt;secondary;Kranichsteiner Straße
Routenpunkt (Way);T;Kranichsteiner Straße;49.900724;8.696493;70.0;;;;;;Interpoliert;161.6;-6.28;asphalt;secondary;Kranichsteiner Straße
Routenpunkt (Way);T;Kranichsteiner Straße;49.900637;8.696356;70.0;;;;;;Interpoliert;160.7;-5.08;asphalt;secondary;Kranichsteiner Straße
Routenpunkt (Way);T;Kranichsteiner Straße;49.90055;8.69622;70.0;;;;;;Interpoliert;160.3;-4.35;asphalt;secondary;Kranichsteiner Straße
Routenpunkt (Way);T;Kranichsteiner Straße;49.900462;8.696083;70.0;;;;;;Interpoliert;159.9;-2.09;asphalt;secondary;Kranichsteiner Straße
Routenpunkt (Way);T;Kranichsteiner Straße;49.900375;8.695947;70.0;;;;;;Interpoliert;159.5;-1.93;asphalt;secondary;Kranichsteiner Straße
Routenpunkt (Way);T;;49.900309;8.695842;70.0;;;;;;Interpoliert (15m);160.0;-2.25;asphalt;secondary;Kranichsteiner Straße
Routenpunkt (Way);T;Kranichsteiner Straße;49.900243;8.695738;50.0;;;;;;Original OSM;159.4;-2.56;asphalt;secondary;Kranichsteiner Straße
Routenpunkt (Way);T;;49.90016;8.695602;50.0;;;;;;Interpoliert (15m);158.8;-2.81;asphalt;secondary;Kranichsteiner Straße
Routenpunkt (Way);T;Kranichsteiner Straße;49.900077;8.695467;50.0;;;;;;Interpoliert;158.2;-4.73;asphalt;secondary;Kranichsteiner Straße
Routenpunkt (Way);T;Kranichsteiner Straße;49.900003;8.695343;50.0;;;;;;Original OSM;157.7;-4.55;asphalt;secondary;Kranichsteiner Straße
Routenpunkt (Way);T;Kranichsteiner Straße;49.899938;8.69524;50.0;;;;;;Interpoliert;157.2;-5.59;asphalt;secondary;Kranichsteiner Straße
Routenpunkt (Way);T;Kranichsteiner Straße;49.899873;8.695137;50.0;;;;;;Interpoliert;156.7;-6.19;asphalt;secondary;Kranichsteiner Straße
Routenpunkt (Way);T;Kranichsteiner Straße;49.899808;8.695033;50.0;;;;;;Original OSM;155.7;-6.89;asphalt;secondary;Kranichsteiner Straße
Routenpunkt (Way);T;Kranichsteiner Straße;49.899724;8.6949;50.0;;;;;;Original OSM;154.7;-7.45;asphalt;secondary;Kranichsteiner Straße
Routenpunkt (Way);T;Kranichsteiner Straße;49.899637;8.694777;50.0;;;;;;Interpoliert;153.7;-6.18;asphalt;secondary;Kranichsteiner Straße
Routenpunkt (Way);T;Kranichsteiner Straße;49.899549;8.694654;50.0;;;;;;Interpoliert;152.7;-3.94;asphalt;secondary;Kranichsteiner Straße
Routenpunkt (Way);T;Kranichsteiner Straße;49.899462;8.694531;50.0;;;;;;Interpoliert;152.9;-2.14;asphalt;secondary;Kranichsteiner Straße
Routenpunkt (Way);T;Kranichsteiner Straße;49.899375;8.694408;50.0;;;;;;Interpoliert;153.1;-0.45;asphalt;secondary;Kranichsteiner Straße
Routenpunkt (Way);T;Kranichsteiner Straße;49.899288;8.694285;50.0;;;;;;Original OSM;153.3;1.24;asphalt;secondary;Kranichsteiner Straße
Routenpunkt (Way);T;Kranichsteiner Straße;49.899204;8.694175;50.0;;;;;;Original OSM;153.4;1.1;asphalt;secondary;Kranichsteiner Straße
Routenpunkt (Way);T;Kranichsteiner Straße;49.899117;8.694068;50.0;;;;;;Original OSM;153.5;0.99;asphalt;secondary;Kranichsteiner Straße
Routenpunkt (Way);T;Kranichsteiner Straße;49.899031;8.693964;50.0;;;;;;Original OSM;153.6;0.87;asphalt;secondary;Kranichsteiner Straße
Routenpunkt (Way);T;;49.898955;8.693878;50.0;;;;;;Interpoliert (15m);153.7;0.92;asphalt;secondary;Kranichsteiner Straße
Haltestelle;W;Kranichstein Jagdschloß;49.898878;8.693791;50.0;07:14:00;07:14:00;Kein Umlauf;Mo,Di,Mi,Do,Fr;446.0;Original GTFS (Snap-Distanz 0m) | Auf Route gesnappt (9m);153.8;0.75;asphalt;secondary;Kranichsteiner Straße
Routenpunkt (Way);T;Kranichsteiner Straße;49.898808;8.693712;50.0;;;;;;Original OSM;153.9;0.39;asphalt;secondary;Kranichsteiner Straße
Routenpunkt (Way);T;;49.898736;8.693632;50.0;;;;;;Interpoliert (15m);153.9;-0.78;asphalt;secondary;Kranichsteiner Straße
Routenpunkt (Way);T;Kranichsteiner Straße;49.898663;8.693551;50.0;;;;;;Interpoliert;153.8;-1.95;asphalt;secondary;Kranichsteiner Straße
Routenpunkt (Way);T;Kranichsteiner Straße;49.898588;8.693469;50.0;;;;;;Interpoliert;153.3;-3.1;asphalt;secondary;Kranichsteiner Straße
Routenpunkt (Way);T;Kranichsteiner Straße;49.898512;8.693387;50.0;;;;;;Original OSM;152.8;-4.05;asphalt;secondary;Kranichsteiner Straße
Routenpunkt (Way);T;Kranichsteiner Straße;49.898438;8.693297;50.0;;;;;;Interpoliert;152.3;-4.8;asphalt;secondary;Kranichsteiner Straße
Routenpunkt (Way);T;Kranichsteiner Straße;49.898363;8.693206;50.0;;;;;;Interpoliert;151.8;-4.58;asphalt;secondary;Kranichsteiner Straße
Routenpunkt (Way);T;Kranichsteiner Straße;49.898288;8.693115;50.0;;;;;;Original OSM;151.3;-4.06;asphalt;secondary;Kranichsteiner Straße
Routenpunkt (Way);T;Kranichsteiner Straße;49.898199;8.692993;50.0;;;;;;Interpoliert;150.8;-3.56;asphalt;secondary;Kranichsteiner Straße
Routenpunkt (Way);T;Kranichsteiner Straße;49.89811;8.692871;50.0;;;;;;Interpoliert;150.5;-2.92;asphalt;secondary;Kranichsteiner Straße
Routenpunkt (Way);T;Kranichsteiner Straße;49.898022;8.692749;50.0;;;;;;Interpoliert;150.2;-2.58;asphalt;secondary;Kranichsteiner Straße
Routenpunkt (Way);T;Kranichsteiner Straße;49.897933;8.692628;50.0;;;;;;Interpoliert;150.0;-1.82;asphalt;secondary;Kranichsteiner Straße
Routenpunkt (Way);T;Kranichsteiner Straße;49.897844;8.692506;50.0;;;;;;Original OSM;149.6;-1.5;asphalt;secondary;Kranichsteiner Straße
Routenpunkt (Way);T;Kranichsteiner Straße;49.897752;8.692357;50.0;;;;;;Interpoliert;149.6;-1.18;asphalt;secondary;Kranichsteiner Straße
Routenpunkt (Way);T;Kranichsteiner Straße;49.89766;8.692209;50.0;;;;;;Interpoliert;149.5;-1.01;asphalt;secondary;Kranichsteiner Straße
Routenpunkt (Way);T;Kranichsteiner Straße;49.897569;8.69206;50.0;;;;;;Interpoliert;149.4;-0.54;asphalt;secondary;Kranichsteiner Straße
Routenpunkt (Way);T;Kranichsteiner Straße;49.897477;8.691912;50.0;;;;;;Original OSM;149.3;-0.68;asphalt;secondary;Kranichsteiner Straße
Routenpunkt (Way);T;Kranichsteiner Straße;49.897384;8.691765;50.0;;;;;;Interpoliert;149.2;-0.95;asphalt;secondary;Kranichsteiner Straße
Routenpunkt (Way);T;Kranichsteiner Straße;49.897291;8.691619;50.0;;;;;;Interpoliert;149.1;-0.95;asphalt;secondary;Kranichsteiner Straße
Routenpunkt (Way);T;Kranichsteiner Straße;49.897198;8.691472;50.0;;;;;;Interpoliert;148.8;-0.95;asphalt;secondary;Kranichsteiner Straße
Routenpunkt (Way);T;Kranichsteiner Straße;49.897105;8.691325;50.0;;;;;;Interpoliert;148.7;-0.68;asphalt;secondary;Kranichsteiner Straße
Routenpunkt (Way);T;Kranichsteiner Straße;49.897012;8.691179;50.0;;;;;;Interpoliert;148.6;-0.16;asphalt;secondary;Kranichsteiner Straße
Routenpunkt (Way);T;Kranichsteiner Straße;49.896919;8.691032;50.0;;;;;;Original OSM;148.7;0.81;asphalt;secondary;Kranichsteiner Straße
Routenpunkt (Way);T;Kranichsteiner Straße;49.896858;8.69092;50.0;;;;;;Interpoliert;148.9;1.52;asphalt;secondary;Kranichsteiner Straße
Routenpunkt (Way);T;Kranichsteiner Straße;49.896796;8.690808;50.0;;;;;;Interpoliert;149.2;2.21;asphalt;secondary;Kranichsteiner Straße
Routenpunkt (Way);T;Kranichsteiner Straße;49.896735;8.690695;50.0;;;;;;Original OSM;149.5;2.64;asphalt;secondary;Kranichsteiner Straße
Routenpunkt (Way);T;Kranichsteiner Straße;49.896679;8.690574;50.0;;;;;;Interpoliert;149.8;2.82;asphalt;secondary;Kranichsteiner Straße
Routenpunkt (Way);T;Kranichsteiner Straße;49.896622;8.690453;50.0;;;;;;Interpoliert;150.1;2.66;asphalt;secondary;Kranichsteiner Straße
Routenpunkt (Way);T;Kranichsteiner Straße;49.896566;8.690331;50.0;;;;;;Original OSM;150.4;2.22;asphalt;secondary;Kranichsteiner Straße
Routenpunkt (Way);T;Kranichsteiner Straße;49.8965;8.690152;50.0;;;;;;Interpoliert;150.7;1.81;asphalt;secondary;Kranichsteiner Straße
Routenpunkt (Way);T;Kranichsteiner Straße;49.896435;8.689973;50.0;;;;;;Original OSM;150.8;1.39;asphalt;secondary;Kranichsteiner Straße
Routenpunkt (Way);T;Kranichsteiner Straße;49.896384;8.689793;50.0;;;;;;Interpoliert;150.9;0.83;asphalt;secondary;Kranichsteiner Straße
Routenpunkt (Way);A;Kranichsteiner Straße (Ampel);49.896333;8.689612;50.0;;;;;;Original OSM;151.0;0.42;asphalt;secondary;Kranichsteiner Straße
Routenpunkt (Way);T;Kranichsteiner Straße;49.896302;8.689461;50.0;;;;;;Interpoliert;151.0;0.28;asphalt;secondary;Kranichsteiner Straße
Routenpunkt (Way);T;Kranichsteiner Straße;49.896272;8.68931;50.0;;;;;;Interpoliert;151.0;0.32;asphalt;secondary;Kranichsteiner Straße
Routenpunkt (Way);T;Kranichsteiner Straße;49.896241;8.689159;50.0;;;;;;Interpoliert;151.0;0.33;asphalt;secondary;Kranichsteiner Straße
Routenpunkt (Way);T;Kranichsteiner Straße;49.896211;8.689008;50.0;;;;;;Original OSM;151.1;0.48;asphalt;secondary;Kranichsteiner Straße
Routenpunkt (Way);T;Kranichsteiner Straße;49.896188;8.688826;50.0;;;;;;Interpoliert;151.2;0.63;asphalt;secondary;Kranichsteiner Straße
Routenpunkt (Way);T;Kranichsteiner Straße;49.896165;8.688645;50.0;;;;;;Interpoliert;151.3;0.78;asphalt;secondary;Kranichsteiner Straße
Routenpunkt (Way);T;Kranichsteiner Straße;49.896142;8.688463;50.0;;;;;;Interpoliert;151.4;0.6;asphalt;secondary;Kranichsteiner Straße
Routenpunkt (Way);T;Kranichsteiner Straße;49.896119;8.688281;50.0;;;;;;Interpoliert;151.5;0.45;asphalt;secondary;Kranichsteiner Straße
Routenpunkt (Way);T;Kranichsteiner Straße;49.896096;8.6881;50.0;;;;;;Interpoliert;151.5;0.3;asphalt;secondary;Kranichsteiner Straße
Routenpunkt (Way);T;Kranichsteiner Straße;49.896073;8.687918;50.0;;;;;;Original OSM;151.5;0.15;asphalt;secondary;Kranichsteiner Straße
Routenpunkt (Way);T;Kranichsteiner Straße;49.896046;8.687725;50.0;;;;;;Interpoliert;151.5;0.0;asphalt;secondary;Kranichsteiner Straße
Routenpunkt (Way);T;Kranichsteiner Straße;49.896019;8.687532;50.0;;;;;;Interpoliert;151.5;-0.14;asphalt;secondary;Kranichsteiner Straße
Routenpunkt (Way);T;Kranichsteiner Straße;49.895993;8.687339;50.0;;;;;;Interpoliert;151.5;-0.35;asphalt;secondary;Kranichsteiner Straße
Routenpunkt (Way);T;Kranichsteiner Straße;49.895966;8.687146;50.0;;;;;;Original OSM;151.4;-0.55;asphalt;secondary;Kranichsteiner Straße
Routenpunkt (Way);T;;49.89594;8.687017;50.0;;;;;;Interpoliert (15m);151.3;-0.71;asphalt;secondary;Kranichsteiner Straße
Routenpunkt (Way);T;Kranichsteiner Straße;49.895914;8.686888;50.0;;;;;;Interpoliert;151.2;-1.03;asphalt;secondary;Kranichsteiner Straße
Routenpunkt (Way);T;;49.89589;8.686716;50.0;;;;;;Interpoliert (15m);151.1;-1.05;asphalt;secondary;Kranichsteiner Straße
Routenpunkt (Way);T;Kesselhutweg;49.895866;8.686545;50;;;;;;Interpoliert;150.9;-1.17;asphalt;secondary;Kranichsteiner Straße
Routenpunkt (Way);A;Ampel;49.895854;8.686372;50;;;;;;Interpoliert (15m);150.8;-0.96;asphalt;secondary;Kranichsteiner Straße
Routenpunkt (Way);T;Kranichsteiner Straße;49.895842;8.6862;50.0;;;;;;Original OSM;150.6;-1.15;asphalt;secondary;Kranichsteiner Straße
Haltestelle;W;Kranichstein Kesselhutweg;49.895842;8.6862;50.0;07:15:00;07:15:00;Kein Umlauf;Mo,Di,Mi,Do,Fr;446.0;Original GTFS (Snap-Distanz 6m) | Auf Route gesnappt (6m);150.4;-1.19;asphalt;secondary;Kranichsteiner Straße
Routenpunkt (Way);T;Kranichsteiner Straße;49.895823;8.686044;50.0;;;;;;Interpoliert;150.2;-1.16;asphalt;secondary;Kranichsteiner Straße
Routenpunkt (Way);T;Kranichsteiner Straße;49.895804;8.685888;50.0;;;;;;Original OSM;150.0;-0.98;asphalt;secondary;Kranichsteiner Straße
Routenpunkt (Way);T;Kranichsteiner Straße;49.895779;8.68569;50.0;;;;;;Interpoliert;149.9;-1.12;asphalt;secondary;Kranichsteiner Straße
Routenpunkt (Way);T;Kranichsteiner Straße;49.895753;8.685492;50.0;;;;;;Interpoliert;149.8;-0.9;asphalt;secondary;Kranichsteiner Straße
Routenpunkt (Way);T;Kranichsteiner Straße;49.895728;8.685294;50.0;;;;;;Interpoliert;149.7;-0.69;asphalt;secondary;Kranichsteiner Straße
Routenpunkt (Way);T;Kranichsteiner Straße;49.895702;8.685096;50.0;;;;;;Interpoliert;149.6;-0.69;asphalt;secondary;Kranichsteiner Straße
Routenpunkt (Way);T;Kranichsteiner Straße;49.895677;8.684898;50.0;;;;;;Interpoliert;149.5;-0.55;asphalt;secondary;Kranichsteiner Straße
Routenpunkt (Way);T;Kranichsteiner Straße;49.895651;8.6847;50.0;;;;;;Interpoliert;149.4;-0.41;asphalt;secondary;Kranichsteiner Straße
Routenpunkt (Way);T;Kranichsteiner Straße;49.895625;8.684502;50.0;;;;;;Interpoliert;149.4;-0.14;asphalt;secondary;Kranichsteiner Straße
Routenpunkt (Way);T;Kranichsteiner Straße;49.8956;8.684304;50.0;;;;;;Interpoliert;149.4;0.14;asphalt;secondary;Kranichsteiner Straße
Routenpunkt (Way);T;Kranichsteiner Straße;49.895574;8.684106;50.0;;;;;;Interpoliert;149.5;0.28;asphalt;secondary;Kranichsteiner Straße
Routenpunkt (Way);T;Kranichsteiner Straße;49.895549;8.683907;50.0;;;;;;Interpoliert;149.6;0.28;asphalt;secondary;Kranichsteiner Straße
Routenpunkt (Way);T;Kranichsteiner Straße;49.895523;8.683709;50.0;;;;;;Interpoliert;149.6;0.28;asphalt;secondary;Kranichsteiner Straße
Routenpunkt (Way);T;Kranichsteiner Straße;49.895498;8.683511;50.0;;;;;;Interpoliert;149.6;0.28;asphalt;secondary;Kranichsteiner Straße
Routenpunkt (Way);T;Kranichsteiner Straße;49.895472;8.683313;50.0;;;;;;Interpoliert;149.6;0.41;asphalt;secondary;Kranichsteiner Straße
Routenpunkt (Way);T;Kranichsteiner Straße;49.895447;8.683115;50.0;;;;;;Interpoliert;149.7;0.69;asphalt;secondary;Kranichsteiner Straße
Routenpunkt (Way);T;Kranichsteiner Straße;49.895421;8.682917;50.0;;;;;;Interpoliert;149.9;0.97;asphalt;secondary;Kranichsteiner Straße
Routenpunkt (Way);T;Kranichsteiner Straße;49.895395;8.682719;50.0;;;;;;Interpoliert;150.1;1.52;asphalt;secondary;Kranichsteiner Straße
Routenpunkt (Way);T;Kranichsteiner Straße;49.89537;8.682521;50.0;;;;;;Interpoliert;150.3;1.8;asphalt;secondary;Kranichsteiner Straße
Routenpunkt (Way);T;Kranichsteiner Straße;49.895344;8.682323;50.0;;;;;;Interpoliert;150.7;1.94;asphalt;secondary;Kranichsteiner Straße
Routenpunkt (Way);T;Kranichsteiner Straße;49.895319;8.682125;50.0;;;;;;Interpoliert;151.0;2.07;asphalt;secondary;Kranichsteiner Straße
Routenpunkt (Way);T;Kranichsteiner Straße;49.895293;8.681927;50.0;;;;;;Interpoliert;151.3;2.51;asphalt;secondary;Kranichsteiner Straße
Routenpunkt (Way);T;Kranichsteiner Straße;49.895268;8.681729;50.0;;;;;;Interpoliert;151.6;2.67;asphalt;secondary;Kranichsteiner Straße
Routenpunkt (Way);A;Ampel;49.895252;8.681614;50.0;;;;;;Interpoliert (15m);151.9;2.75;asphalt;secondary;Kranichsteiner Straße
Routenpunkt (Way);T;Kranichsteiner Straße;49.895237;8.681499;50.0;;;;;;Original OSM;152.2;2.82;asphalt;secondary;Kranichsteiner Straße
Routenpunkt (Way);T;;49.895257;8.68139;50.0;;;;;;Interpoliert (15m);152.4;2.83;asphalt;secondary;Kranichsteiner Straße
Routenpunkt (Way);T;Bartningstraße;49.895277;8.68128;50.0;;;;;;Original OSM;152.6;2.55;asphalt;unclassified;Bartningstraße
Routenpunkt (Way);T;;49.89536;8.681259;50;;;;;;Interpoliert (15m);152.8;0.69;asphalt;unclassified;Bartningstraße
Routenpunkt (Way);T;Bartningstraße;49.895444;8.681237;50.0;;;;;;Original OSM;153.0;-1.15;asphalt;unclassified;Bartningstraße
Routenpunkt (Way);T;Bartningstraße;49.895553;8.681221;50.0;;;;;;Original OSM;152.3;-2.99;asphalt;unclassified;Bartningstraße
Routenpunkt (Way);T;Bartningstraße;49.895646;8.68121;50.0;;;;;;Interpoliert;151.6;-4.76;asphalt;unclassified;Bartningstraße
Routenpunkt (Way);T;Bartningstraße;49.895739;8.681199;50.0;;;;;;Interpoliert;150.9;-6.39;asphalt;unclassified;Bartningstraße
Routenpunkt (Way);T;Bartningstraße;49.895832;8.681188;50.0;;;;;;Original OSM;150.2;-6.43;asphalt;unclassified;Bartningstraße
Routenpunkt (Way);T;Bartningstraße;49.895937;8.68118;50.0;;;;;;Interpoliert;149.5;-6.13;asphalt;unclassified;Bartningstraße
Routenpunkt (Way);T;Bartningstraße;49.896042;8.681171;50.0;;;;;;Interpoliert;148.8;-5.83;asphalt;unclassified;Bartningstraße
Routenpunkt (Way);T;;49.896157;8.681111;50.0;;;;;;Interpoliert (15m);148.1;-5.63;asphalt;unclassified;Bartningstraße
Routenpunkt (Way);T;Bartningstraße;49.896271;8.68105;50.0;;;;;;Original OSM;147.4;-5.58;asphalt;unclassified;Siemensstraße
Routenpunkt (Way);T;;49.896273;8.68088;50.0;;;;;;Interpoliert (15m);146.7;-4.38;paving_stones;unclassified;Siemensstraße
Routenpunkt (Way);T;Siemensstraße;49.896276;8.68071;30;;;;;;Original OSM;146.0;-3.34;paving_stones;unclassified;Siemensstraße
Routenpunkt (Way);T;;49.896274;8.680546;30;;;;;;Interpoliert (15m);146.0;-2.79;paving_stones;unclassified;Siemensstraße
Routenpunkt (Way);T;Siemensstraße;49.896271;8.680382;30;;;;;;Interpoliert;146.0;-2.66;paving_stones;unclassified;Siemensstraße
Haltestelle;W;Kranichstein Siemensstraße;49.896375;8.680324;30.0;07:17:00;07:17:00;Kein Umlauf;Mo,Di,Mi,Do,Fr;446.0;Original GTFS (Snap-Distanz 7m) | Auf Route gesnappt (5m);145.7;-2.2;paving_stones;unclassified;Siemensstraße
Routenpunkt (Way);T;Siemensstraße;49.89639;8.680246;30.0;;;;;;Interpoliert;145.4;-2.89;paving_stones;unclassified;Siemensstraße
Routenpunkt (Way);T;;49.896387;8.680124;30.0;;;;;;Interpoliert (15m);145.1;-3.58;paving_stones;unclassified;Siemensstraße
Routenpunkt (Way);T;Siemensstraße;49.896384;8.680003;30;;;;;;Original OSM;144.8;-3.32;paving_stones;unclassified;Siemensstraße
Routenpunkt (Way);T;;49.896371;8.679884;30;;;;;;Interpoliert (15m);144.5;-2.47;paving_stones;unclassified;Siemensstraße
Routenpunkt (Way);T;Siemensstraße;49.896357;8.679764;30.0;;;;;;Interpoliert;144.4;-1.94;paving_stones;unclassified;Siemensstraße
Routenpunkt (Way);T;Siemensstraße;49.896355;8.679605;30.0;;;;;;Original OSM;144.3;-1.41;asphalt;unclassified;Siemensstraße
Routenpunkt (Way);T;Siemensstraße;49.896372;8.67943;30.0;;;;;;Original OSM;144.2;-0.86;asphalt;unclassified;Siemensstraße
Routenpunkt (Way);T;Siemensstraße;49.896401;8.679257;30.0;;;;;;Original OSM;144.1;-0.44;asphalt;unclassified;Siemensstraße
Routenpunkt (Way);T;Siemensstraße;49.896449;8.679067;30.0;;;;;;Original OSM;144.0;-0.12;asphalt;unclassified;Siemensstraße
Routenpunkt (Way);T;Siemensstraße;49.896486;8.678928;30.0;;;;;;Interpoliert;144.1;0.18;asphalt;unclassified;Siemensstraße
Routenpunkt (Way);T;;49.896533;8.678745;30.0;;;;;;Interpoliert (15m);144.2;0.53;asphalt;unclassified;Siemensstraße
Routenpunkt (Way);T;Siemensstraße;49.89658;8.678563;30.0;;;;;;Original OSM;144.3;0.86;asphalt;unclassified;Siemensstraße
Routenpunkt (Way);T;;49.896603;8.678423;30.0;;;;;;Interpoliert (15m);144.4;-0.1;asphalt;unclassified;Siemensstraße
Routenpunkt (Way);T;;49.896626;8.678283;30.0;;;;;;Interpoliert (15m);144.5;-0.78;asphalt;unclassified;Siemensstraße
Routenpunkt (Way);T;Siemensstraße;49.896649;8.678144;30.0;;;;;;Original OSM;144.1;-0.76;asphalt;unclassified;Siemensstraße
Routenpunkt (Way);T;Siemensstraße;49.896657;8.677936;30.0;;;;;;Original OSM;143.7;-0.78;asphalt;unclassified;Siemensstraße
Routenpunkt (Way);T;Siemensstraße;49.896653;8.67777;30.0;;;;;;Interpoliert;143.8;-0.79;asphalt;unclassified;Siemensstraße
Routenpunkt (Way);T;Siemensstraße;49.896649;8.677603;30.0;;;;;;Interpoliert;143.9;0.37;asphalt;unclassified;Siemensstraße
Routenpunkt (Way);A;Ampel;49.896655;8.677456;30.0;;;;;;Interpoliert (15m);144.0;1.38;asphalt;unclassified;Siemensstraße
Routenpunkt (Way);T;Siemensstraße;49.89666;8.67731;30.0;;;;;;Original OSM;144.2;1.69;asphalt;tertiary;Jägertorstraße
Routenpunkt (Way);T;;49.896735;8.677295;30.0;;;;;;Interpoliert (15m);144.4;1.8;asphalt;tertiary;Jägertorstraße
Routenpunkt (Way);T;Jägertorstraße;49.89681;8.677281;50.0;;;;;;Original OSM;144.6;1.95;asphalt;tertiary;Jägertorstraße
Routenpunkt (Way);T;Jägertorstraße;49.896941;8.677283;50.0;;;;;;Original OSM;144.8;2.31;asphalt;tertiary;Jägertorstraße
Routenpunkt (Way);T;Jägertorstraße;49.897048;8.677286;50.0;;;;;;Original OSM;145.0;3.15;asphalt;tertiary;Jägertorstraße
Routenpunkt (Way);T;Jägertorstraße;49.897169;8.677291;50.0;;;;;;Original OSM;145.5;3.43;asphalt;tertiary;Jägertorstraße
Routenpunkt (Way);T;Jägertorstraße;49.897278;8.677296;50.0;;;;;;Interpoliert;146.3;3.92;asphalt;tertiary;Jägertorstraße
Routenpunkt (Way);T;;49.897349;8.677298;50.0;;;;;;Interpoliert (15m);146.6;4.32;asphalt;tertiary;Jägertorstraße
Routenpunkt (Way);T;Jägertorstraße;49.89742;8.677301;50.0;;;;;;Original OSM;146.9;4.31;asphalt;tertiary;Jägertorstraße
Routenpunkt (Way);T;;49.897493;8.677304;50.0;;;;;;Interpoliert (15m);147.2;3.41;asphalt;tertiary;Jägertorstraße
Routenpunkt (Way);T;Jägertorstraße;49.897567;8.677306;50.0;;;;;;Interpoliert;147.5;2.23;asphalt;tertiary;Jägertorstraße
Routenpunkt (Way);T;Jägertorstraße;49.897698;8.677312;50.0;;;;;;Interpoliert;147.8;1.06;asphalt;tertiary;Jägertorstraße
Routenpunkt (Way);T;Jägertorstraße;49.897828;8.677317;50.0;;;;;;Interpoliert;147.5;-0.09;asphalt;tertiary;Jägertorstraße
Routenpunkt (Way);T;Jägertorstraße;49.897959;8.677323;50.0;;;;;;Interpoliert;147.2;-1.24;asphalt;tertiary;Jägertorstraße
Routenpunkt (Way);T;Jägertorstraße;49.89809;8.677328;50.0;;;;;;Interpoliert;146.9;-2.48;asphalt;tertiary;Jägertorstraße
Routenpunkt (Way);T;Jägertorstraße;49.898221;8.677333;50.0;;;;;;Interpoliert;146.6;-2.89;asphalt;tertiary;Jägertorstraße
Routenpunkt (Way);T;Jägertorstraße;49.898351;8.677339;50.0;;;;;;Interpoliert;146.0;-3.3;asphalt;tertiary;Jägertorstraße
Routenpunkt (Way);T;Jägertorstraße;49.898482;8.677344;50.0;;;;;;Interpoliert;145.4;-3.71;asphalt;tertiary;Jägertorstraße
Routenpunkt (Way);T;Jägertorstraße;49.898613;8.67735;50.0;;;;;;Interpoliert;144.8;-4.17;asphalt;tertiary;Jägertorstraße
Routenpunkt (Way);T;Jägertorstraße;49.898744;8.677355;50.0;;;;;;Original OSM;144.2;-4.22;asphalt;tertiary;Jägertorstraße
Routenpunkt (Way);T;Jägertorstraße;49.898867;8.677358;50.0;;;;;;Interpoliert;143.6;-3.4;asphalt;tertiary;Jägertorstraße
Routenpunkt (Way);T;Jägertorstraße;49.898991;8.677362;50.0;;;;;;Original OSM;143.0;-2.8;asphalt;tertiary;Jägertorstraße
Routenpunkt (Way);T;Jägertorstraße;49.899086;8.677349;50.0;;;;;;Original OSM;143.0;-2.2;asphalt;unclassified;Hammelstrift
Routenpunkt (Way);T;;49.899082;8.677225;50.0;;;;;;Interpoliert (15m);142.9;-1.46;asphalt;unclassified;Hammelstrift
Routenpunkt (Way);T;Hammelstrift;49.899078;8.677101;30.0;;;;;;Interpoliert;142.8;-0.73;asphalt;unclassified;Hammelstrift
Routenpunkt (Way);T;Hammelstrift;49.899067;8.676903;30.0;;;;;;Interpoliert;142.7;-0.95;asphalt;unclassified;Hammelstrift
Routenpunkt (Way);T;Hammelstrift;49.899055;8.676705;30.0;;;;;;Interpoliert;142.6;-0.95;asphalt;unclassified;Hammelstrift
Routenpunkt (Way);T;;49.899047;8.67658;30.0;;;;;;Interpoliert (15m);142.5;-0.95;asphalt;unclassified;Hammelstrift
Routenpunkt (Way);T;Hammelstrift;49.899039;8.676455;30.0;;;;;;Original OSM;142.4;-1.03;asphalt;unclassified;Hammelstrift
Routenpunkt (Way);T;;49.899031;8.676329;30.0;;;;;;Interpoliert (15m);142.3;-1.03;asphalt;unclassified;Hammelstrift
Routenpunkt (Way);T;Hammelstrift;49.899023;8.676204;30.0;;;;;;Interpoliert;142.2;-0.94;asphalt;unclassified;Hammelstrift
Routenpunkt (Way);T;Hammelstrift;49.899009;8.676004;30.0;;;;;;Interpoliert;142.1;-1.0;asphalt;unclassified;Hammelstrift
Routenpunkt (Way);T;Hammelstrift;49.898996;8.675804;30.0;;;;;;Interpoliert;142.0;-1.12;asphalt;unclassified;Hammelstrift
Routenpunkt (Way);T;Hammelstrift;49.898982;8.675604;30.0;;;;;;Original OSM;141.8;-1.25;asphalt;unclassified;Hammelstrift
Routenpunkt (Way);T;Hammelstrift;49.898971;8.675444;30.0;;;;;;Interpoliert;141.6;-1.46;asphalt;unclassified;Hammelstrift
Routenpunkt (Way);T;Hammelstrift;49.89896;8.675284;30.0;;;;;;Interpoliert;141.4;-1.67;asphalt;unclassified;Hammelstrift
Routenpunkt (Way);T;Hammelstrift;49.898949;8.675124;30.0;;;;;;Interpoliert;141.2;-1.39;asphalt;unclassified;Hammelstrift
Routenpunkt (Way);T;Hammelstrift;49.898938;8.674965;30.0;;;;;;Original OSM;141.0;-1.04;asphalt;unclassified;Hammelstrift
Routenpunkt (Way);T;Hammelstrift;49.898923;8.674769;30.0;;;;;;Interpoliert;141.0;-0.7;asphalt;unclassified;Hammelstrift
Routenpunkt (Way);T;Hammelstrift;49.898908;8.674574;30.0;;;;;;Original OSM;141.0;-0.35;asphalt;unclassified;Hammelstrift
Routenpunkt (Way);T;Hammelstrift;49.898894;8.674384;30.0;;;;;;Interpoliert;141.0;0.0;asphalt;unclassified;Hammelstrift
Routenpunkt (Way);T;Hammelstrift;49.898881;8.674193;30.0;;;;;;Interpoliert;141.0;0.58;asphalt;unclassified;Hammelstrift
Routenpunkt (Way);T;Hammelstrift;49.898868;8.674003;30.0;;;;;;Original OSM;141.0;1.15;asphalt;unclassified;Hammelstrift
Routenpunkt (Way);T;Hammelstrift;49.898856;8.673859;30.0;;;;;;Interpoliert;141.3;1.73;asphalt;unclassified;Hammelstrift
Routenpunkt (Way);T;Hammelstrift;49.898844;8.673715;30.0;;;;;;Interpoliert;141.6;2.29;asphalt;unclassified;Hammelstrift
Routenpunkt (Way);T;Hammelstrift;49.898832;8.67357;30.0;;;;;;Original OSM;141.9;2.86;asphalt;unclassified;Hammelstrift
Routenpunkt (Way);T;Hammelstrift;49.898824;8.673422;30.0;;;;;;Original OSM;142.2;2.28;asphalt;unclassified;Hammelstrift
Routenpunkt (Way);T;Hammelstrift;49.898817;8.673275;30.0;;;;;;Original OSM;142.5;1.71;asphalt;unclassified;Hammelstrift
Routenpunkt (Way);T;Hammelstrift;49.898807;8.673094;30.0;;;;;;Interpoliert;142.5;1.13;asphalt;unclassified;Hammelstrift
Routenpunkt (Way);T;Hammelstrift;49.898797;8.672912;30.0;;;;;;Interpoliert;142.5;0.57;asphalt;unclassified;Hammelstrift
Routenpunkt (Way);T;Hammelstrift;49.898786;8.67273;30.0;;;;;;Original OSM;142.5;-0.28;asphalt;unclassified;Hammelstrift
Routenpunkt (Way);T;Hammelstrift;49.898772;8.672528;30.0;;;;;;Interpoliert;142.5;-0.69;asphalt;unclassified;Hammelstrift
Routenpunkt (Way);T;Hammelstrift;49.898758;8.672327;30.0;;;;;;Interpoliert;142.3;-1.14;asphalt;unclassified;Hammelstrift
Routenpunkt (Way);T;Hammelstrift;49.898744;8.672125;30.0;;;;;;Original OSM;142.0;-1.7;asphalt;unclassified;Hammelstrift
Routenpunkt (Way);T;Hammelstrift;49.898731;8.671942;30.0;;;;;;Interpoliert;141.7;-2.25;asphalt;unclassified;Hammelstrift
Routenpunkt (Way);T;;49.898721;8.671791;30.0;;;;;;Interpoliert (15m);141.4;-2.51;asphalt;unclassified;Hammelstrift
Routenpunkt (Way);T;Hammelstrift;49.898711;8.67164;30.0;;;;;;Original OSM;141.1;-2.45;asphalt;unclassified;Hammelstrift
Routenpunkt (Way);T;;49.898701;8.671484;30.0;;;;;;Interpoliert (15m);140.8;-2.28;asphalt;unclassified;Hammelstrift
Routenpunkt (Way);T;Hammelstrift;49.898692;8.671327;30.0;;;;;;Interpoliert;140.6;-2.01;asphalt;unclassified;Hammelstrift
Routenpunkt (Way);T;Hammelstrift;49.898678;8.671132;30.0;;;;;;Interpoliert;140.4;-1.91;asphalt;unclassified;Hammelstrift
Routenpunkt (Way);T;Hammelstrift;49.898665;8.670937;30.0;;;;;;Original OSM;140.2;-1.38;asphalt;unclassified;Hammelstrift
Routenpunkt (Way);T;;49.898658;8.670814;30.0;;;;;;Interpoliert (15m);140.0;-1.24;asphalt;unclassified;Hammelstrift
Routenpunkt (Way);T;Hammelstrift;49.898651;8.67069;30.0;;;;;;Original OSM;140.0;-1.18;asphalt;unclassified;Hammelstrift
Routenpunkt (Way);T;;49.898639;8.670565;30.0;;;;;;Interpoliert (15m);139.9;-1.05;asphalt;unclassified;Hammelstrift
Routenpunkt (Way);T;Hammelstrift;49.898628;8.670439;30.0;;;;;;Interpoliert;139.8;-0.77;asphalt;unclassified;Hammelstrift
Routenpunkt (Way);T;Hammelstrift;49.898607;8.67027;30.0;;;;;;Interpoliert;139.7;-0.93;asphalt;unclassified;Hammelstrift
Routenpunkt (Way);T;Hammelstrift;49.898587;8.670102;30.0;;;;;;Interpoliert;139.6;-1.02;asphalt;unclassified;Hammelstrift
Routenpunkt (Way);T;Hammelstrift;49.898566;8.669934;30.0;;;;;;Original OSM;139.5;-1.11;asphalt;unclassified;Hammelstrift
Routenpunkt (Way);T;Hammelstrift;49.898543;8.669757;30.0;;;;;;Interpoliert;139.3;-1.26;asphalt;unclassified;Hammelstrift
Routenpunkt (Way);T;Hammelstrift;49.898521;8.66958;30.0;;;;;;Interpoliert;139.1;-1.41;asphalt;unclassified;Hammelstrift
Routenpunkt (Way);T;Hammelstrift;49.898498;8.669403;30.0;;;;;;Interpoliert;138.9;-1.56;asphalt;unclassified;Hammelstrift
Routenpunkt (Way);T;;49.898494;8.669228;30.0;;;;;;Interpoliert (15m);138.7;-1.41;asphalt;unclassified;Hammelstrift
Routenpunkt (Way);T;;49.898489;8.669052;30.0;;;;;;Interpoliert (15m);138.5;-1.26;asphalt;unclassified;Hammelstrift
Routenpunkt (Way);T;;49.898485;8.668877;30.0;;;;;;Interpoliert (15m);138.4;-1.11;asphalt;unclassified;Hammelstrift
Routenpunkt (Way);T;;49.898481;8.668701;30.0;;;;;;Interpoliert (15m);138.3;-0.95;asphalt;unclassified;Hammelstrift
Routenpunkt (Way);T;Hammelstrift;49.898476;8.668526;30.0;;;;;;Original OSM;138.2;-0.78;asphalt;unclassified;Hammelstrift
Routenpunkt (Way);T;;49.898407;8.668377;30.0;;;;;;Interpoliert (15m);138.1;-0.62;asphalt;unclassified;Hammelstrift
Routenpunkt (Way);T;;49.898338;8.668228;30.0;;;;;;Interpoliert (15m);138.0;-0.62;asphalt;unclassified;Hammelstrift
Routenpunkt (Way);T;;49.898269;8.668079;30.0;;;;;;Interpoliert (15m);138.0;-0.61;asphalt;unclassified;Hammelstrift
Routenpunkt (Way);T;;49.898201;8.667931;30.0;;;;;;Interpoliert (15m);137.9;-0.61;asphalt;unclassified;Hammelstrift
Routenpunkt (Way);T;;49.898132;8.667782;30.0;;;;;;Interpoliert (15m);137.8;-0.62;asphalt;unclassified;Hammelstrift
Routenpunkt (Way);T;Hammelstrift;49.898063;8.667633;30.0;;;;;;Original OSM;137.7;-0.79;asphalt;unclassified;Hammelstrift
Routenpunkt (Way);T;;49.897979;8.667525;30.0;;;;;;Interpoliert (15m);137.6;-0.8;asphalt;unclassified;Hammelstrift
Routenpunkt (Way);T;;49.897895;8.667416;30.0;;;;;;Interpoliert (15m);137.5;-0.81;asphalt;unclassified;Hammelstrift
Routenpunkt (Way);T;;49.897811;8.667308;30.0;;;;;;Interpoliert (15m);137.4;-0.86;asphalt;unclassified;Hammelstrift
Routenpunkt (Way);T;Hammelstrift;49.897727;8.667199;30.0;;;;;;Original OSM;137.3;-0.89;asphalt;unclassified;Hammelstrift
Routenpunkt (Way);T;Hammelstrift;49.897651;8.667125;30.0;;;;;;Interpoliert;137.2;-0.88;asphalt;unclassified;Hammelstrift
Routenpunkt (Way);T;Hammelstrift;49.897574;8.66705;30.0;;;;;;Original OSM;137.1;-0.71;asphalt;unclassified;Hammelstrift
Routenpunkt (Way);T;;49.897527;8.666877;30.0;;;;;;Interpoliert (15m);137.0;-0.55;asphalt;unclassified;Hammelstrift
Routenpunkt (Way);T;Hammelstrift;49.897479;8.666705;30.0;;;;;;Original OSM;137.0;-0.5;asphalt;unclassified;Maulbeerallee
Routenpunkt (Way);T;;49.897549;8.666553;30.0;;;;;;Interpoliert (15m);137.0;-0.48;asphalt;unclassified;Maulbeerallee
Routenpunkt (Way);T;Maulbeerallee;49.897619;8.666402;30.0;;;;;;Original OSM;136.9;-0.51;asphalt;unclassified;Maulbeerallee
Routenpunkt (Way);T;;49.897657;8.666259;30.0;;;;;;Interpoliert (15m);136.8;-0.67;asphalt;unclassified;Maulbeerallee
Routenpunkt (Way);T;Maulbeerallee;49.897695;8.666117;30.0;;;;;;Original OSM;136.7;-0.83;asphalt;unclassified;Maulbeerallee
Routenpunkt (Way);T;;49.897715;8.665943;30.0;;;;;;Interpoliert (15m);136.6;-0.99;asphalt;unclassified;Maulbeerallee
Routenpunkt (Way);T;;49.897734;8.665768;30.0;;;;;;Interpoliert (15m);136.5;-1.11;asphalt;unclassified;Maulbeerallee
Routenpunkt (Way);T;Maulbeerallee;49.897753;8.665594;30.0;;;;;;Original OSM;136.3;-1.22;asphalt;unclassified;Maulbeerallee
Routenpunkt (Way);T;;49.897757;8.665405;30.0;;;;;;Interpoliert (15m);136.1;-1.41;asphalt;unclassified;Maulbeerallee
Routenpunkt (Way);T;Maulbeerallee;49.897761;8.665217;30.0;;;;;;Interpoliert;135.9;-1.59;asphalt;unclassified;Maulbeerallee
Routenpunkt (Way);T;Maulbeerallee;49.897749;8.665055;30.0;;;;;;Interpoliert;135.7;-1.28;asphalt;unclassified;Maulbeerallee
Routenpunkt (Way);T;Maulbeerallee;49.897738;8.664893;30.0;;;;;;Original OSM;135.5;-0.98;asphalt;unclassified;Maulbeerallee
Routenpunkt (Way);T;Maulbeerallee;49.89776;8.664756;30.0;;;;;;Interpoliert;135.5;-0.68;asphalt;unclassified;Maulbeerallee
Routenpunkt (Way);T;Maulbeerallee;49.897783;8.66462;30.0;;;;;;Original OSM;135.5;-0.34;asphalt;unclassified;Maulbeerallee
Routenpunkt (Way);T;Maulbeerallee;49.897771;8.664451;30.0;;;;;;Interpoliert;135.5;-0.14;asphalt;unclassified;Maulbeerallee
Routenpunkt (Way);T;Maulbeerallee;49.897758;8.664282;30.0;;;;;;Original OSM;135.5;-0.14;asphalt;unclassified;Maulbeerallee
Routenpunkt (Way);T;Maulbeerallee;49.89775;8.664076;30.0;;;;;;Interpoliert;135.4;-0.14;asphalt;unclassified;Maulbeerallee
Routenpunkt (Way);T;Maulbeerallee;49.897742;8.663869;30.0;;;;;;Original OSM;135.4;-0.14;asphalt;unclassified;Maulbeerallee
Routenpunkt (Way);T;Maulbeerallee;49.897736;8.663686;30.0;;;;;;Interpoliert;135.4;-0.14;asphalt;unclassified;Maulbeerallee
Routenpunkt (Way);T;Maulbeerallee;49.897731;8.663503;30.0;;;;;;Interpoliert;135.4;-0.15;asphalt;unclassified;Maulbeerallee
Routenpunkt (Way);T;Maulbeerallee;49.897725;8.66332;30.0;;;;;;Interpoliert;135.4;-0.44;asphalt;unclassified;Maulbeerallee
Routenpunkt (Way);T;Maulbeerallee;49.89772;8.663137;30.0;;;;;;Original OSM;135.3;-0.73;asphalt;unclassified;Maulbeerallee
Routenpunkt (Way);T;Maulbeerallee;49.897718;8.662944;30.0;;;;;;Interpoliert;135.1;-1.02;asphalt;unclassified;Maulbeerallee
Routenpunkt (Way);T;Maulbeerallee;49.897716;8.662751;30.0;;;;;;Interpoliert;134.9;-1.31;asphalt;unclassified;Maulbeerallee
Routenpunkt (Way);T;Maulbeerallee;49.897714;8.662557;30.0;;;;;;Interpoliert;134.7;-1.01;asphalt;unclassified;Maulbeerallee
Routenpunkt (Way);T;Maulbeerallee;49.897713;8.662364;30.0;;;;;;Interpoliert;134.5;-0.56;asphalt;unclassified;Maulbeerallee
Routenpunkt (Way);T;Maulbeerallee;49.897711;8.662171;30.0;;;;;;Original OSM;134.6;-0.11;asphalt;unclassified;Maulbeerallee
Routenpunkt (Way);T;Maulbeerallee;49.897721;8.661999;30.0;;;;;;Interpoliert;134.7;0.37;asphalt;unclassified;Maulbeerallee
Routenpunkt (Way);T;Maulbeerallee;49.89773;8.661828;30.0;;;;;;Interpoliert;134.8;0.84;asphalt;unclassified;Maulbeerallee
Routenpunkt (Way);T;;49.897741;8.66168;30.0;;;;;;Interpoliert (15m);134.9;1.1;asphalt;unclassified;Maulbeerallee
Routenpunkt (Way);T;Maulbeerallee;49.897751;8.661532;30.0;;;;;;Original OSM;135.0;1.34;asphalt;unclassified;Maulbeerallee
Routenpunkt (Way);T;;49.897765;8.661396;30.0;;;;;;Interpoliert (15m);135.2;1.55;asphalt;unclassified;Maulbeerallee
Routenpunkt (Way);T;Maulbeerallee;49.897779;8.661259;30.0;;;;;;Interpoliert;135.4;1.73;asphalt;unclassified;Maulbeerallee
Routenpunkt (Way);T;Maulbeerallee;49.897796;8.661109;30.0;;;;;;Interpoliert;135.6;1.84;asphalt;unclassified;Maulbeerallee
Routenpunkt (Way);T;Maulbeerallee;49.897812;8.660959;30.0;;;;;;Original OSM;135.8;1.44;asphalt;unclassified;Maulbeerallee
Routenpunkt (Way);T;Maulbeerallee;49.897827;8.660775;30.0;;;;;;Interpoliert;136.0;1.04;asphalt;unclassified;Maulbeerallee
Routenpunkt (Way);T;Maulbeerallee;49.897842;8.660591;30.0;;;;;;Original OSM;136.0;0.67;asphalt;unclassified;Maulbeerallee
Routenpunkt (Way);T;Maulbeerallee;49.897845;8.660445;30.0;;;;;;Interpoliert;136.0;0.3;asphalt;unclassified;Maulbeerallee
Routenpunkt (Way);T;Maulbeerallee;49.897848;8.660299;30.0;;;;;;Interpoliert;136.0;0.0;asphalt;unclassified;Maulbeerallee
Routenpunkt (Way);T;Maulbeerallee;49.89785;8.660153;30.0;;;;;;Original OSM;136.0;0.19;asphalt;unclassified;Maulbeerallee
Routenpunkt (Way);T;Maulbeerallee;49.897849;8.660005;30.0;;;;;;Interpoliert;136.0;0.38;asphalt;unclassified;Maulbeerallee
Routenpunkt (Way);T;Maulbeerallee;49.897847;8.659857;30.0;;;;;;Interpoliert;136.1;0.52;asphalt;unclassified;Maulbeerallee
Routenpunkt (Way);T;Maulbeerallee;49.897846;8.65971;30.0;;;;;;Original OSM;136.2;0.66;asphalt;unclassified;Maulbeerallee
Routenpunkt (Way);T;Maulbeerallee;49.89784;8.659515;30.0;;;;;;Interpoliert;136.3;0.81;asphalt;unclassified;Maulbeerallee
Routenpunkt (Way);T;Maulbeerallee;49.897834;8.659319;30.0;;;;;;Interpoliert;136.4;0.62;asphalt;unclassified;Maulbeerallee
Routenpunkt (Way);T;Maulbeerallee;49.897829;8.659124;30.0;;;;;;Original OSM;136.5;0.43;asphalt;unclassified;Maulbeerallee
Routenpunkt (Way);T;Maulbeerallee;49.897822;8.658948;30.0;;;;;;Interpoliert;136.5;0.29;asphalt;unclassified;Maulbeerallee
Routenpunkt (Way);T;Maulbeerallee;49.897815;8.658772;30.0;;;;;;Interpoliert;136.5;0.14;asphalt;unclassified;Maulbeerallee
Routenpunkt (Way);T;Maulbeerallee;49.897808;8.658596;30.0;;;;;;Interpoliert;136.5;0.0;asphalt;unclassified;Maulbeerallee
Routenpunkt (Way);T;Maulbeerallee;49.897801;8.65842;30.0;;;;;;Interpoliert;136.5;0.0;asphalt;unclassified;Maulbeerallee
Routenpunkt (Way);T;Maulbeerallee;49.897794;8.658244;30.0;;;;;;Interpoliert;136.5;0.0;asphalt;unclassified;Maulbeerallee
Routenpunkt (Way);T;Maulbeerallee;49.897787;8.658067;30.0;;;;;;Original OSM;136.5;0.0;asphalt;unclassified;Maulbeerallee
Routenpunkt (Way);T;Maulbeerallee;49.897781;8.657888;30.0;;;;;;Interpoliert;136.5;0.0;asphalt;unclassified;Maulbeerallee
Routenpunkt (Way);T;Maulbeerallee;49.897775;8.657709;30.0;;;;;;Interpoliert;136.5;-0.16;asphalt;unclassified;Maulbeerallee
Routenpunkt (Way);T;Maulbeerallee;49.897769;8.657529;30.0;;;;;;Interpoliert;136.5;-0.16;asphalt;unclassified;Maulbeerallee
Routenpunkt (Way);T;Maulbeerallee;49.897763;8.65735;30.0;;;;;;Interpoliert;136.4;-0.16;asphalt;unclassified;Maulbeerallee
Routenpunkt (Way);T;Maulbeerallee;49.897757;8.65717;30.0;;;;;;Original OSM;136.4;-0.16;asphalt;unclassified;Maulbeerallee
Routenpunkt (Way);T;Maulbeerallee;49.897751;8.656987;30.0;;;;;;Interpoliert;136.4;-0.16;asphalt;unclassified;Maulbeerallee
Routenpunkt (Way);T;Maulbeerallee;49.897746;8.656804;30.0;;;;;;Interpoliert;136.4;-0.15;asphalt;unclassified;Maulbeerallee
Routenpunkt (Way);T;Maulbeerallee;49.89774;8.656621;30.0;;;;;;Interpoliert;136.4;-0.46;asphalt;unclassified;Maulbeerallee
Routenpunkt (Way);T;Maulbeerallee;49.897735;8.656438;30.0;;;;;;Interpoliert;136.3;-0.76;asphalt;unclassified;Maulbeerallee
Routenpunkt (Way);T;Maulbeerallee;49.897729;8.656255;30.0;;;;;;Interpoliert;136.1;-1.15;asphalt;unclassified;Maulbeerallee
Routenpunkt (Way);T;Maulbeerallee;49.897723;8.656072;30.0;;;;;;Original OSM;135.9;-1.55;asphalt;unclassified;Maulbeerallee
Routenpunkt (Way);T;Maulbeerallee;49.89772;8.65593;30.0;;;;;;Interpoliert;135.7;-1.68;asphalt;unclassified;Maulbeerallee
Routenpunkt (Way);T;Maulbeerallee;49.897716;8.655787;30.0;;;;;;Interpoliert;135.5;-1.66;asphalt;unclassified;Maulbeerallee
Routenpunkt (Way);T;;49.897721;8.655591;30.0;;;;;;Interpoliert (15m);135.3;-1.7;asphalt;unclassified;Maulbeerallee
Routenpunkt (Way);T;Maulbeerallee;49.897726;8.655395;30.0;;;;;;Original OSM;135.1;-1.65;asphalt;unclassified;Maulbeerallee
Routenpunkt (Way);T;;49.89776;8.655242;30.0;;;;;;Interpoliert (15m);134.9;-1.6;asphalt;unclassified;Maulbeerallee
Routenpunkt (Way);T;;49.897795;8.65509;30.0;;;;;;Interpoliert (15m);134.7;-1.49;asphalt;unclassified;Maulbeerallee
Routenpunkt (Way);A;Ampel;49.897829;8.654937;30.0;;;;;;Interpoliert (15m);134.5;-1.37;asphalt;unclassified;Maulbeerallee
Routenpunkt (Way);T;Maulbeerallee;49.897864;8.654785;30.0;;;;;;Original OSM;134.4;-1.18;asphalt;unclassified;Maulbeerallee
Routenpunkt (Way);T;;49.897967;8.654714;30.0;;;;;;Interpoliert (15m);134.3;-1.08;asphalt;secondary;Frankfurter Straße
Routenpunkt (Way);T;Frankfurter Straße;49.89807;8.654644;50.0;;;;;;Original OSM;134.2;-0.98;asphalt;secondary;Frankfurter Straße
Routenpunkt (Way);T;;49.898144;8.654659;50.0;;;;;;Interpoliert (15m);134.1;-0.81;asphalt;secondary;Frankfurter Straße
Routenpunkt (Way);T;Frankfurter Straße;49.898217;8.654674;50.0;;;;;;Interpoliert;134.0;-0.65;asphalt;secondary;Frankfurter Straße
Routenpunkt (Way);T;Frankfurter Straße;49.898348;8.6547;50.0;;;;;;Interpoliert;134.0;-0.49;asphalt;secondary;Frankfurter Straße
Routenpunkt (Way);T;Frankfurter Straße;49.898478;8.654726;50.0;;;;;;Interpoliert;134.0;-0.52;asphalt;secondary;Frankfurter Straße
Routenpunkt (Way);T;Frankfurter Straße;49.898609;8.654752;50.0;;;;;;Interpoliert;134.0;-0.55;asphalt;secondary;Frankfurter Straße
Routenpunkt (Way);T;Frankfurter Straße;49.89874;8.654778;50.0;;;;;;Interpoliert;133.8;-0.82;asphalt;secondary;Frankfurter Straße
Routenpunkt (Way);T;Frankfurter Straße;49.89887;8.654804;50.0;;;;;;Interpoliert;133.6;-1.14;asphalt;secondary;Frankfurter Straße
Routenpunkt (Way);T;Frankfurter Straße;49.899001;8.65483;50.0;;;;;;Original OSM;133.4;-1.47;asphalt;secondary;Frankfurter Straße
Routenpunkt (Way);T;Frankfurter Straße;49.899111;8.654843;50.0;;;;;;Interpoliert;133.2;-1.58;asphalt;secondary;Frankfurter Straße
Routenpunkt (Way);T;Frankfurter Straße;49.899222;8.654855;50.0;;;;;;Interpoliert;133.0;-1.68;asphalt;secondary;Frankfurter Straße
Routenpunkt (Way);T;;49.899316;8.65487;50.0;;;;;;Interpoliert (15m);132.8;-1.79;asphalt;secondary;Frankfurter Straße
Routenpunkt (Way);T;Frankfurter Straße;49.89941;8.654885;50.0;;;;;;Original OSM;132.6;-1.65;asphalt;secondary;Frankfurter Straße
Routenpunkt (Way);T;;49.899504;8.654907;50.0;;;;;;Interpoliert (15m);132.4;-1.59;asphalt;secondary;Frankfurter Straße
Routenpunkt (Way);T;Frankfurter Straße;49.899598;8.654928;50.0;;;;;;Original OSM;132.3;-0.95;asphalt;secondary;Frankfurter Straße
Routenpunkt (Way);T;;49.899667;8.654947;50.0;;;;;;Interpoliert (15m);132.2;-0.91;asphalt;secondary;Frankfurter Straße
Routenpunkt (Way);T;Frankfurter Straße;49.899736;8.654966;50.0;;;;;;Interpoliert;132.3;-0.36;asphalt;secondary;Frankfurter Straße
Routenpunkt (Way);T;;49.899841;8.654984;50.0;;;;;;Interpoliert (15m);132.1;0.04;asphalt;secondary;Frankfurter Straße
Routenpunkt (Way);T;Frankfurter Straße;49.899946;8.655002;50.0;;;;;;Original OSM;132.2;0.51;asphalt;secondary;Frankfurter Straße
Routenpunkt (Way);T;;49.900032;8.655012;50.0;;;;;;Interpoliert (15m);132.3;0.44;asphalt;secondary;Frankfurter Straße
Routenpunkt (Way);A;Frankfurter Straße (Ampel);49.900118;8.655021;50.0;;;;;;Original OSM;132.4;0.95;asphalt;secondary;Frankfurter Straße
Routenpunkt (Way);T;Frankfurter Landstraße;49.900209;8.654986;40.0;;;;;;Original OSM;132.5;1.0;asphalt;tertiary;Frankfurter Landstraße
Routenpunkt (Way);T;Frankfurter Landstraße;49.900278;8.655116;40.0;;;;;;Original OSM;132.6;1.24;asphalt;tertiary;Frankfurter Landstraße
Routenpunkt (Way);T;;49.900346;8.65518;40.0;;;;;;Interpoliert (15m);132.7;1.32;asphalt;tertiary;Frankfurter Landstraße
Routenpunkt (Way);T;Frankfurter Landstraße;49.900415;8.655245;40.0;;;;;;Original OSM;132.9;1.42;asphalt;tertiary;Frankfurter Landstraße
Routenpunkt (Way);T;;49.900537;8.655269;40.0;;;;;;Interpoliert (15m);133.1;2.18;asphalt;tertiary;Frankfurter Landstraße
Routenpunkt (Way);T;Frankfurter Landstraße;49.90066;8.655294;40.0;;;;;;Original OSM;133.3;2.33;asphalt;tertiary;Frankfurter Landstraße
Routenpunkt (Way);T;;49.900756;8.655313;40.0;;;;;;Interpoliert (15m);133.8;2.16;asphalt;tertiary;Frankfurter Landstraße
Routenpunkt (Way);T;Frankfurter Landstraße;49.900853;8.655333;40.0;;;;;;Interpoliert;134.0;2.15;asphalt;tertiary;Frankfurter Landstraße
Routenpunkt (Way);T;Frankfurter Landstraße;49.900978;8.655361;40.0;;;;;;Interpoliert;134.2;2.15;asphalt;tertiary;Frankfurter Landstraße
Routenpunkt (Way);T;Frankfurter Landstraße;49.901103;8.655388;40.0;;;;;;Interpoliert;134.4;1.6;asphalt;tertiary;Frankfurter Landstraße
Routenpunkt (Way);T;Frankfurter Landstraße;49.901228;8.655416;40.0;;;;;;Original OSM;134.6;1.5;asphalt;tertiary;Frankfurter Landstraße
Routenpunkt (Way);T;Frankfurter Landstraße;49.901323;8.655436;40.0;;;;;;Original OSM;134.8;0.95;asphalt;tertiary;Frankfurter Landstraße
Routenpunkt (Way);T;;49.90139;8.655449;40.0;;;;;;Interpoliert (15m);134.9;0.43;asphalt;tertiary;Frankfurter Landstraße
Routenpunkt (Way);T;Frankfurter Landstraße;49.901457;8.655461;40.0;;;;;;Original OSM;134.8;-0.08;asphalt;tertiary;Frankfurter Landstraße
Routenpunkt (Way);T;;49.901536;8.655476;40.0;;;;;;Interpoliert (15m);134.7;-0.59;asphalt;tertiary;Frankfurter Landstraße
Routenpunkt (Way);T;Frankfurter Landstraße;49.901614;8.65549;40.0;;;;;;Original OSM;134.6;-1.0;asphalt;tertiary;Frankfurter Landstraße
Routenpunkt (Way);T;Frankfurter Landstraße;49.901742;8.655514;40.0;;;;;;Interpoliert;134.5;-0.87;asphalt;tertiary;Frankfurter Landstraße
Routenpunkt (Way);T;Frankfurter Landstraße;49.90187;8.655539;40.0;;;;;;Interpoliert;134.4;-0.93;asphalt;tertiary;Frankfurter Landstraße
Routenpunkt (Way);T;Frankfurter Landstraße;49.901998;8.655563;40.0;;;;;;Interpoliert;134.3;-0.98;asphalt;tertiary;Frankfurter Landstraße
Routenpunkt (Way);T;Frankfurter Landstraße;49.902126;8.655588;40.0;;;;;;Original OSM;134.1;-1.13;asphalt;tertiary;Frankfurter Landstraße
Routenpunkt (Way);T;Frankfurter Landstraße;49.90225;8.655616;40.0;;;;;;Interpoliert;133.9;-1.14;asphalt;tertiary;Frankfurter Landstraße
Routenpunkt (Way);T;Frankfurter Landstraße;49.902374;8.655645;40.0;;;;;;Interpoliert;133.7;-1.14;asphalt;tertiary;Frankfurter Landstraße
Routenpunkt (Way);T;Frankfurter Landstraße;49.902498;8.655673;40.0;;;;;;Interpoliert;133.6;-1.15;asphalt;tertiary;Frankfurter Landstraße
Routenpunkt (Way);T;Frankfurter Landstraße;49.902622;8.655702;40.0;;;;;;Interpoliert;133.5;-0.86;asphalt;tertiary;Frankfurter Landstraße
Routenpunkt (Way);T;Frankfurter Landstraße;49.902746;8.65573;40.0;;;;;;Interpoliert;133.3;-0.57;asphalt;tertiary;Frankfurter Landstraße
Routenpunkt (Way);T;Frankfurter Landstraße;49.90287;8.655758;40.0;;;;;;Interpoliert;133.3;-0.43;asphalt;tertiary;Frankfurter Landstraße
Routenpunkt (Way);T;Frankfurter Landstraße;49.902994;8.655787;40.0;;;;;;Interpoliert;133.3;-0.29;asphalt;tertiary;Frankfurter Landstraße
Routenpunkt (Way);T;Frankfurter Landstraße;49.903118;8.655815;40.0;;;;;;Interpoliert;133.3;0.14;asphalt;tertiary;Frankfurter Landstraße
Routenpunkt (Way);T;Frankfurter Landstraße;49.903242;8.655844;40.0;;;;;;Interpoliert;133.3;0.31;asphalt;tertiary;Frankfurter Landstraße
Routenpunkt (Way);A;Frankfurter Landstraße (Ampel);49.903366;8.655872;40.0;;;;;;Original OSM;133.4;0.47;asphalt;tertiary;Frankfurter Landstraße
Routenpunkt (Way);T;Frankfurter Landstraße;49.903476;8.655897;40.0;;;;;;Interpoliert;133.5;0.63;asphalt;tertiary;Frankfurter Landstraße
Routenpunkt (Way);T;Frankfurter Landstraße;49.903585;8.655922;40.0;;;;;;Interpoliert;133.6;0.63;asphalt;tertiary;Frankfurter Landstraße
Routenpunkt (Way);T;Frankfurter Landstraße;49.903694;8.655947;40.0;;;;;;Original OSM;133.7;0.66;asphalt;tertiary;Frankfurter Landstraße
Routenpunkt (Way);T;Frankfurter Landstraße;49.903801;8.655969;40.0;;;;;;Interpoliert;133.7;0.35;asphalt;tertiary;Frankfurter Landstraße
Routenpunkt (Way);T;Frankfurter Landstraße;49.903907;8.65599;40.0;;;;;;Original OSM;133.8;0.04;asphalt;tertiary;Frankfurter Landstraße
Routenpunkt (Way);T;Frankfurter Landstraße;49.90403;8.656016;40.0;;;;;;Interpoliert;133.7;-0.27;asphalt;tertiary;Frankfurter Landstraße
Routenpunkt (Way);T;Frankfurter Landstraße;49.904152;8.656042;40.0;;;;;;Interpoliert;133.6;-0.41;asphalt;tertiary;Frankfurter Landstraße
Routenpunkt (Way);T;Frankfurter Landstraße;49.904275;8.656068;40.0;;;;;;Interpoliert;133.5;-0.73;asphalt;tertiary;Frankfurter Landstraße
Routenpunkt (Way);T;Frankfurter Landstraße;49.904397;8.656094;40.0;;;;;;Interpoliert;133.4;-0.73;asphalt;tertiary;Frankfurter Landstraße
Routenpunkt (Way);T;Frankfurter Landstraße;49.90452;8.65612;40.0;;;;;;Interpoliert;133.3;-1.02;asphalt;tertiary;Frankfurter Landstraße
Routenpunkt (Way);T;Frankfurter Landstraße;49.904642;8.656146;40.0;;;;;;Interpoliert;133.2;-1.57;asphalt;tertiary;Frankfurter Landstraße
Routenpunkt (Way);T;Frankfurter Landstraße;49.904765;8.656172;40.0;;;;;;Interpoliert;132.9;-1.88;asphalt;tertiary;Frankfurter Landstraße
Routenpunkt (Way);T;;49.904842;8.656183;40.0;;;;;;Interpoliert (15m);132.6;-2.2;asphalt;tertiary;Frankfurter Landstraße
Routenpunkt (Way);T;Frankfurter Landstraße;49.90492;8.656193;40.0;;;;;;Original OSM;132.4;-2.52;asphalt;tertiary;Frankfurter Landstraße
Routenpunkt (Way);T;;49.904997;8.656204;40.0;;;;;;Interpoliert (15m);132.2;-2.38;asphalt;tertiary;Frankfurter Landstraße
Routenpunkt (Way);T;Frankfurter Landstraße;49.905074;8.656215;40.0;;;;;;Interpoliert;132.0;-1.97;asphalt;tertiary;Frankfurter Landstraße
Routenpunkt (Way);T;Frankfurter Landstraße;49.905196;8.656243;40.0;;;;;;Interpoliert;131.8;-1.83;asphalt;tertiary;Frankfurter Landstraße
Routenpunkt (Way);T;Frankfurter Landstraße;49.905319;8.65627;40.0;;;;;;Original OSM;131.6;-1.79;asphalt;tertiary;Frankfurter Landstraße
Routenpunkt (Way);T;Frankfurter Landstraße;49.905432;8.656294;40.0;;;;;;Interpoliert;131.4;-1.76;asphalt;tertiary;Frankfurter Landstraße
Routenpunkt (Way);T;;49.905515;8.656312;40.0;;;;;;Interpoliert (15m);131.2;-1.47;asphalt;tertiary;Frankfurter Landstraße
Routenpunkt (Way);T;Frankfurter Landstraße;49.905597;8.65633;40.0;;;;;;Original OSM;131.0;-1.18;asphalt;tertiary;Frankfurter Landstraße
Routenpunkt (Way);T;;49.905672;8.656346;40.0;;;;;;Interpoliert (15m);131.0;-0.86;asphalt;tertiary;Frankfurter Landstraße
Routenpunkt (Way);T;Frankfurter Landstraße;49.905747;8.656361;40.0;;;;;;Interpoliert;131.0;-0.43;asphalt;tertiary;Frankfurter Landstraße
Routenpunkt (Way);T;Frankfurter Landstraße;49.905858;8.656383;40.0;;;;;;Interpoliert;131.0;0.0;asphalt;tertiary;Frankfurter Landstraße
Routenpunkt (Way);T;Frankfurter Landstraße;49.905969;8.656406;40.0;;;;;;Interpoliert;131.0;0.48;asphalt;tertiary;Frankfurter Landstraße
Routenpunkt (Way);T;Frankfurter Landstraße;49.90608;8.656428;40.0;;;;;;Interpoliert;131.0;0.48;asphalt;tertiary;Frankfurter Landstraße
Routenpunkt (Way);A;Frankfurter Landstraße (Ampel);49.906191;8.65645;40.0;;;;;;Original OSM;131.3;2.12;asphalt;tertiary;Frankfurter Landstraße
Haltestelle;W;Arheilgen Fuchsstraße;49.906191;8.65645;40.0;07:26:00;07:26:00;Kein Umlauf;Mo,Di,Mi,Do,Fr;446.0;Original GTFS (Snap-Distanz 24m) | Auf Route gesnappt (4m);131.6;2.91;asphalt;tertiary;Frankfurter Landstraße
Routenpunkt (Way);T;Jakob-Jung-Straße;49.906192;8.656501;40.0;;;;;;Original OSM;131.9;3.71;asphalt;residential;Jakob-Jung-Straße
Routenpunkt (Way);T;;49.906189;8.656607;30;;;;;;Interpoliert (15m);132.2;3.52;asphalt;residential;Jakob-Jung-Straße
Routenpunkt (Way);T;Jakob-Jung-Straße;49.906186;8.656712;30.0;;;;;;Interpoliert;132.5;3.81;asphalt;residential;Jakob-Jung-Straße
Routenpunkt (Way);T;;49.906179;8.656902;30.0;;;;;;Interpoliert (15m);132.7;2.45;asphalt;residential;Jakob-Jung-Straße
Routenpunkt (Way);T;Jakob-Jung-Straße;49.906171;8.657092;30.0;;;;;;Original OSM;132.9;1.93;asphalt;residential;Jakob-Jung-Straße
Routenpunkt (Way);T;Jakob-Jung-Straße;49.906164;8.657294;30.0;;;;;;Interpoliert;133.1;1.48;asphalt;residential;Jakob-Jung-Straße
Routenpunkt (Way);T;Jakob-Jung-Straße;49.906156;8.657496;30.0;;;;;;Original OSM;133.3;1.19;asphalt;residential;Jakob-Jung-Straße
Routenpunkt (Way);T;Jakob-Jung-Straße;49.906148;8.657658;30.0;;;;;;Interpoliert;133.5;0.9;asphalt;residential;Jakob-Jung-Straße
Routenpunkt (Way);T;Jakob-Jung-Straße;49.90614;8.657819;30.0;;;;;;Interpoliert;133.5;0.62;asphalt;residential;Jakob-Jung-Straße
Routenpunkt (Way);T;Jakob-Jung-Straße;49.906132;8.657981;30.0;;;;;;Interpoliert;133.5;0.34;asphalt;residential;Jakob-Jung-Straße
Routenpunkt (Way);T;Jakob-Jung-Straße;49.906125;8.658143;30.0;;;;;;Original OSM;133.5;0.0;asphalt;residential;Jakob-Jung-Straße
Routenpunkt (Way);T;Jakob-Jung-Straße;49.906106;8.658311;30.0;;;;;;Interpoliert;133.5;0.16;asphalt;residential;Jakob-Jung-Straße
Routenpunkt (Way);T;Jakob-Jung-Straße;49.906087;8.658479;30.0;;;;;;Interpoliert;133.5;0.33;asphalt;residential;Jakob-Jung-Straße
Routenpunkt (Way);T;Jakob-Jung-Straße;49.906068;8.658647;30.0;;;;;;Interpoliert;133.6;0.47;asphalt;residential;Jakob-Jung-Straße
Routenpunkt (Way);T;Jakob-Jung-Straße;49.906049;8.658816;30.0;;;;;;Original OSM;133.7;0.62;asphalt;residential;Jakob-Jung-Straße
Routenpunkt (Way);T;Jakob-Jung-Straße;49.906032;8.659007;30.0;;;;;;Interpoliert;133.8;0.79;asphalt;residential;Jakob-Jung-Straße
Routenpunkt (Way);T;Jakob-Jung-Straße;49.906016;8.659197;30.0;;;;;;Original OSM;133.9;0.44;asphalt;residential;Jakob-Jung-Straße
Routenpunkt (Way);T;Jakob-Jung-Straße;49.906011;8.659362;30.0;;;;;;Interpoliert;134.0;0.09;asphalt;residential;Jakob-Jung-Straße
Routenpunkt (Way);T;;49.906011;8.659514;30.0;;;;;;Interpoliert (15m);133.9;-0.22;asphalt;residential;Jakob-Jung-Straße
Routenpunkt (Way);T;Jakob-Jung-Straße;49.90601;8.659665;30.0;;;;;;Original OSM;133.8;-0.54;asphalt;residential;Jakob-Jung-Straße
Routenpunkt (Way);T;;49.90602;8.65983;30.0;;;;;;Interpoliert (15m);133.7;-0.85;asphalt;residential;Jakob-Jung-Straße
Routenpunkt (Way);T;Jakob-Jung-Straße;49.906029;8.659995;30.0;;;;;;Interpoliert;133.6;-0.81;asphalt;residential;Jakob-Jung-Straße
Routenpunkt (Way);T;Jakob-Jung-Straße;49.906044;8.660187;30.0;;;;;;Interpoliert;133.5;-0.77;asphalt;residential;Jakob-Jung-Straße
Routenpunkt (Way);T;Jakob-Jung-Straße;49.90606;8.660378;30.0;;;;;;Interpoliert;133.4;-0.6;asphalt;residential;Jakob-Jung-Straße
Routenpunkt (Way);T;Jakob-Jung-Straße;49.906075;8.66057;30.0;;;;;;Interpoliert;133.3;-0.43;asphalt;residential;Jakob-Jung-Straße
Routenpunkt (Way);T;Jakob-Jung-Straße;49.90609;8.660761;30.0;;;;;;Original OSM;133.3;-0.29;asphalt;residential;Jakob-Jung-Straße
Routenpunkt (Way);T;Brüder-Grimm-Straße;49.906102;8.660907;30.0;;;;;;Original OSM;133.3;0.0;paving_stones;residential;Brüder-Grimm-Straße
Routenpunkt (Way);T;Brüder-Grimm-Straße;49.905977;8.660922;30.0;;;;;;Interpoliert;133.3;0.29;paving_stones;residential;Brüder-Grimm-Straße
Routenpunkt (Way);T;;49.905855;8.660935;30.0;;;;;;Interpoliert (15m);133.4;0.45;paving_stones;residential;Brüder-Grimm-Straße
Routenpunkt (Way);T;Brüder-Grimm-Straße;49.905733;8.660947;30.0;;;;;;Original OSM;133.5;0.6;paving_stones;residential;Brüder-Grimm-Straße
Routenpunkt (Way);T;;49.905615;8.66095;30.0;;;;;;Interpoliert (15m);133.6;0.77;paving_stones;residential;Brüder-Grimm-Straße
Routenpunkt (Way);T;Brüder-Grimm-Straße;49.905498;8.660953;30.0;;;;;;Interpoliert;133.7;0.96;paving_stones;residential;Brüder-Grimm-Straße
Routenpunkt (Way);T;Brüder-Grimm-Straße;49.905392;8.66095;30.0;;;;;;Interpoliert;133.8;1.21;paving_stones;residential;Brüder-Grimm-Straße
Routenpunkt (Way);T;Brüder-Grimm-Straße;49.905286;8.660947;30.0;;;;;;Interpoliert;134.0;1.26;paving_stones;residential;Brüder-Grimm-Straße
Routenpunkt (Way);T;;49.905195;8.660944;30.0;;;;;;Interpoliert (15m);134.2;1.3;paving_stones;residential;Brüder-Grimm-Straße
Routenpunkt (Way);T;Brüder-Grimm-Straße;49.905105;8.66094;30.0;;;;;;Original OSM;134.3;1.33;paving_stones;residential;Brüder-Grimm-Straße
Routenpunkt (Way);T;;49.905014;8.660933;30.0;;;;;;Interpoliert (15m);134.4;1.16;paving_stones;residential;Brüder-Grimm-Straße
Routenpunkt (Way);T;Brüder-Grimm-Straße;49.904923;8.660926;30.0;;;;;;Interpoliert;134.5;0.93;paving_stones;residential;Brüder-Grimm-Straße
Routenpunkt (Way);T;Brüder-Grimm-Straße;49.904817;8.660916;30.0;;;;;;Interpoliert;134.6;0.87;paving_stones;residential;Brüder-Grimm-Straße
Routenpunkt (Way);T;Brüder-Grimm-Straße;49.904711;8.660907;30.0;;;;;;Original OSM;134.7;0.81;paving_stones;residential;Brüder-Grimm-Straße
Routenpunkt (Way);T;Brüder-Grimm-Straße;49.904582;8.660863;30.0;;;;;;Interpoliert;134.8;0.75;paving_stones;residential;Brüder-Grimm-Straße
Routenpunkt (Way);T;Brüder-Grimm-Straße;49.904452;8.660819;30.0;;;;;;Interpoliert;134.9;0.58;paving_stones;residential;Brüder-Grimm-Straße
Routenpunkt (Way);T;Brüder-Grimm-Straße;49.904322;8.660776;30.0;;;;;;Original OSM;135.0;0.41;paving_stones;residential;Brüder-Grimm-Straße
Routenpunkt (Way);T;Brüder-Grimm-Straße;49.904208;8.660737;30.0;;;;;;Interpoliert;135.0;0.27;paving_stones;residential;Brüder-Grimm-Straße
Routenpunkt (Way);T;Brüder-Grimm-Straße;49.904094;8.660698;30.0;;;;;;Interpoliert;135.0;0.14;paving_stones;residential;Brüder-Grimm-Straße
Routenpunkt (Way);T;Brüder-Grimm-Straße;49.90398;8.660659;30.0;;;;;;Original OSM;135.0;0.31;paving_stones;residential;Brüder-Grimm-Straße
Routenpunkt (Way);T;Brüder-Grimm-Straße;49.903865;8.660621;30.0;;;;;;Interpoliert;135.0;0.6;paving_stones;residential;Brüder-Grimm-Straße
Routenpunkt (Way);T;Brüder-Grimm-Straße;49.90375;8.660582;30.0;;;;;;Interpoliert;135.2;0.9;paving_stones;residential;Brüder-Grimm-Straße
Routenpunkt (Way);T;;49.903632;8.660543;30.0;;;;;;Interpoliert (15m);135.4;1.21;paving_stones;residential;Brüder-Grimm-Straße
Routenpunkt (Way);T;Brüder-Grimm-Straße;49.903513;8.660503;30.0;;;;;;Original OSM;135.6;1.53;paving_stones;residential;Brüder-Grimm-Straße
Routenpunkt (Way);T;;49.9034;8.660475;30.0;;;;;;Interpoliert (15m);135.8;1.38;paving_stones;residential;Brüder-Grimm-Straße
Routenpunkt (Way);T;;49.903286;8.660447;30.0;;;;;;Interpoliert (15m);136.0;1.3;paving_stones;residential;Brüder-Grimm-Straße
Routenpunkt (Way);T;Brüder-Grimm-Straße;49.903173;8.660419;30.0;;;;;;Interpoliert;136.1;1.23;paving_stones;residential;Brüder-Grimm-Straße
Routenpunkt (Way);T;;49.903162;8.660542;30.0;;;;;;Interpoliert (15m);136.2;1.1;asphalt;residential;Grillparzerstraße
Routenpunkt (Way);T;Grillparzerstraße;49.903151;8.660666;30.0;;;;;;Original OSM;136.3;0.97;asphalt;residential;Grillparzerstraße
Routenpunkt (Way);T;Grillparzerstraße;49.903151;8.660819;30.0;;;;;;Interpoliert;136.4;0.54;asphalt;residential;Grillparzerstraße
Routenpunkt (Way);T;Grillparzerstraße;49.90315;8.660973;30.0;;;;;;Interpoliert;136.5;-0.14;asphalt;residential;Grillparzerstraße
Routenpunkt (Way);T;Grillparzerstraße;49.903148;8.661182;30.0;;;;;;Original OSM;136.3;-0.83;asphalt;residential;Grillparzerstraße
Routenpunkt (Way);T;;49.903147;8.661302;30.0;;;;;;Interpoliert (15m);136.1;-1.32;asphalt;residential;Grillparzerstraße
Routenpunkt (Way);T;Grillparzerstraße;49.903146;8.661422;30.0;;;;;;Interpoliert;135.9;-1.87;asphalt;residential;Grillparzerstraße
Routenpunkt (Way);T;Grillparzerstraße;49.903144;8.661606;30.0;;;;;;Original OSM;135.7;-1.79;asphalt;residential;Grillparzerstraße
Routenpunkt (Way);T;Grillparzerstraße;49.903143;8.661756;30.0;;;;;;Interpoliert;135.5;-1.51;asphalt;residential;Grillparzerstraße
Routenpunkt (Way);T;Grillparzerstraße;49.903141;8.661906;30.0;;;;;;Interpoliert;135.4;-1.19;asphalt;residential;Grillparzerstraße
Routenpunkt (Way);T;Grillparzerstraße;49.90314;8.662056;30.0;;;;;;Original OSM;135.3;-1.04;asphalt;residential;Grillparzerstraße
Routenpunkt (Way);T;Grillparzerstraße;49.903137;8.662256;30.0;;;;;;Interpoliert;135.2;-0.83;asphalt;residential;Grillparzerstraße
Routenpunkt (Way);T;;49.90313;8.662431;30.0;;;;;;Interpoliert (15m);135.1;-0.64;asphalt;residential;Grillparzerstraße
Routenpunkt (Way);T;;49.903123;8.662606;30.0;;;;;;Interpoliert (15m);135.0;-0.46;asphalt;residential;Grillparzerstraße
Routenpunkt (Way);T;Grillparzerstraße;49.903116;8.662782;30.0;;;;;;Original OSM;135.0;-0.32;asphalt;residential;Grillparzerstraße
Routenpunkt (Way);T;;49.903098;8.662964;30.0;;;;;;Interpoliert (15m);135.0;-0.16;asphalt;residential;Grillparzerstraße
Routenpunkt (Way);T;Stadtteilschule Arheilgen;49.903081;8.663146;30;;;;;;Original OSM;135.0;0.0;asphalt;residential;Grillparzerstraße
Haltestelle;W;Arheilgen Stadtteilschule;49.90309;8.663165;30;07:31:00;07:31:00;Kein Umlauf;Mo,Di,Mi,Do,Fr;446.0;Original GTFS (Snap-Distanz 13m) | Auf Route gesnappt (13m);135.0;0.0;asphalt;residential;Grillparzerstraße
